delta_x,delta_y,delta_theta
-6.284993539384942e-05,-3.281252514586441e-05,0.0
1.4966585454079251e-05,-1.4509974330501052e-05,-0.0001266665607018158
2.3327499949377106e-05,2.623055375927663e-05,-0.00016745009638130526
-1.6067540322017848e-05,2.6362800661594576e-05,0.00039411665708311006
3.7734004240119745e-06,6.738039357578884e-06,-0.00039999999999995595
-1.245885226230925e-05,-3.8618485841190875e-05,0.00039999999999995595
3.0578861571650684e-05,6.8537432591497804e-06,-0.00029999999999996696
-1.6944984030708987e-05,3.081834958340579e-05,0.00019999999999997797
8.196395021142777e-06,-2.298215434493045e-05,-0.00012857118528608602
-7.5140565394260506e-06,-2.3285349113777443e-05,0.000228571185286075
8.954409336681124e-06,4.375430715697348e-05,-0.00019999999999997797
1.7148126540522668e-05,-2.1618614300500383e-05,0.00012666772629743583
1.9108870146222756e-05,-5.063692533457953e-05,-2.6667726297446848e-05
-7.666879703172036e-05,7.572373928965703e-05,0.00011999999999989797
6.255997425075321e-05,-0.00013692002574927642,-0.00021999999999988695
-5.8848172668768406e-05,0.00016402825782613206,0.0003058818579602107
7.8821601158241e-05,-0.00011088831472960692,-0.0003058818579602107
-4.2000080003101736e-05,5.452003179051701e-05,0.00018666613685125455
6.556682826031057e-05,-0.00012715320829670418,-0.00015333545259466064
-0.00011776157490528405,0.00018376400962605288,0.00040512986667318174
0.00010623789334118783,-0.00013573075607720142,-0.00043846055092977565
-6.041214321272914e-05,5.8292846331298165e-05,0.0001928560480917163
8.55356737794466e-05,-0.0001550928407212382,-0.0002928560480917053
-8.202931012712966e-05,0.0001536352663986662,0.0005999999999999339
3.404927992767259e-05,1.0718137399834404e-05,-0.0004999999999999449
-3.7739955813242965e-05,1.72666012883127e-05,5.999936421141605e-05
3.5869974836844065e-05,-0.00015308256003443432,4.0000635788572936e-05
-1.8249213999954605e-05,0.00014621176224238752,9.998807962796619e-05
4.3134583641024626e-05,-0.00010266095137634323,-9.998807962796619e-05
-7.676869126871377e-05,0.00011181181719699396,0.0002333328035095672
4.8893429759666596e-05,-7.392676786199814e-05,-0.0002866666666583306
9.20240136748074e-06,-2.9923191259939586e-05,0.0002533338631487414
1.1337501676367268e-05,1.2549886006851807e-05,-0.00019999999999997797
-1.8088227704327053e-05,3.110002804884715e-05,-9.999999999998899e-05
1.6541642629208653e-05,-2.8573487478311677e-05,0.0002733322737025201
-3.060341492489016e-05,7.312345942889209e-05,-2.3332273702436623e-05
-1.6400002235128497e-05,-0.00014060005289895372,7.499962747159472e-05
4.899987706530329e-05,8.551012728563734e-05,-0.000534998912215201
-1.7020570312831218e-05,-4.347767112111711e-05,0.0004982354038409742
-3.902930292787321e-05,0.00017100426583827044,-6.15695583956466e-05
-7.353414751110066e-06,-0.00012564939742176762,0.00036153221423140813
-4.322985474147778e-06,-6.658391419556153e-06,-2.484474410469062e-05
-4.322976885240415e-06,-6.65837819102677e-06,-2.4844694742842677e-05
-4.3229854742588e-06,-6.658391420444332e-06,-2.484474410469062e-05
6.546236099524982e-05,-4.1082110650236814e-05,-0.00023366459198093104
-6.072571720505682e-05,0.00012110575296730985,5.571465063591852e-05
5.475234148588637e-05,-6.609248914735133e-05,-0.0002357146506359875
1.1590684983464605e-05,-3.825038234950284e-05,-8.571525885558984e-05
6.609427868897733e-06,6.717071798334473e-06,0.00027238118376904374
-3.921049132415977e-05,7.189005343644084e-05,-0.00016791583178132896
-2.5002901561266277e-05,-9.490018467950279e-06,0.000281249906867842
5.7766655752300444e-05,-5.9679988237526516e-05,-0.0004999999999999449
2.077999999994251e-05,-2.4380000000157054e-05,0.00039999999999995595
-5.714284741142883e-05,0.0001070642608986816,7.142370572310597e-06
-1.3932168980046455e-05,-6.089256428865042e-06,-0.00010714237057229958
4.428832800240645e-05,-0.00010732172623750813,-5.333386314876343e-05
-2.98133116108934e-05,7.548672176760363e-05,-6.666136851185556e-06
1.1111848028821925e-05,-4.682823611990017e-05,0.00015999999999993797
-3.121184802878929e-05,9.268823612007537e-05,0.0
3.847059450512447e-05,-0.00011874708357328956,-0.00013529444763893395
-1.5623488492821913e-05,2.9594220439577157e-05,0.00018823471663176328
2.37529416717841e-05,-1.0247074877511864e-05,-0.00015294026899281832
-6.632677104101425e-05,4.360000953607113e-05,0.00029999999999996696
8.302692998485295e-05,-4.5867003099608894e-05,-0.00039999999999995595
-1.906020662800767e-05,1.254693157370923e-05,9.999999999998899e-05
2.0277595332629517e-05,-5.067418116944111e-05,-4.7059731007159655e-05
-6.63575953325779e-05,0.00010557418117063122,0.0003070597310070866
3.6204666283401465e-05,-5.669756588133623e-05,-0.00015999999999993797
-5.564666283430775e-06,1.6867565880929192e-05,0.00019999999999997797
7.939270278090049e-05,-4.741415762676837e-05,-0.0004999999999999449
-8.749270698826805e-05,-8.182899299491453e-06,0.0005588236119096202
1.923338893283777e-05,4.218025886526533e-05,-0.0002921574750582856
5.733292007814583e-06,-8.37986881752073e-06,0.0003600004238504262
2.4433323266737084e-05,-1.5533331216843749e-06,-0.0005266665607017718
-2.266667196493266e-06,-3.09333057826322e-05,9.999999999998899e-05
-6.371550606409926e-05,-5.872607011347952e-06,9.999999999998899e-05
3.0382173260568024e-05,3.637257045419062e-05,9.999999999998899e-05
3.819999999998824e-05,-1.9666576598353913e-06,-0.00019999999999997797
-3.925291923201346e-05,2.5135277617494012e-05,9.999999999998899e-05
3.257795499467253e-05,-4.335204230088152e-05,0.0
-1.9285035762650615e-05,-2.448323531645258e-05,0.0
-6.040034272514205e-06,-3.425004842938506e-05,0.0
2.749998658868602e-05,2.792848157184835e-06,-0.00010714237057229958
-1.7511648878754116e-05,-7.285447665594802e-05,0.00020714237057228857
-5.526830343738354e-05,0.00016871167692755762,0.00021999999999988695
8.519434945497562e-05,-6.477150544981214e-05,-0.0006199999999998429
-2.011437329718646e-05,3.416526625343863e-05,0.00033124962746611253
-8.039993641739684e-06,-3.9247080361626274e-05,-0.00013124962746613456
2.998843900758885e-06,-4.0584934088983005e-06,0.00029999999999996696
-1.6088502587940923e-06,1.0819077953527767e-05,-9.999999999998899e-05
1.3963367241798252e-05,-3.05206640165423e-05,-0.00039999999999995595
-2.3075864075128294e-05,1.5325942801958092e-05,0.0004999999999999449
4.647681198510778e-05,6.585891107402375e-05,-0.00029999999999996696
-4.721429130982724e-05,-2.6771454845864184e-05,0.00039999999999995595
2.3624893829010674e-06,6.062486402669265e-06,-0.00039999999999995595
2.5804192118838998e-05,-1.1062427592634094e-05,9.999999999998899e-05
1.5580383839197687e-05,-5.658240737904663e-05,-0.00019999999999997797
-6.970000280492883e-05,0.00011022943214200609,0.00039999999999995595
6.547294382175384e-05,-0.00010906712966640697,-0.00039333386314854835
-3.454502274924387e-05,3.422003417163921e-05,0.00020583311808097804
3.9532228584882034e-05,1.3107213897356473e-05,8.750074506758132e-05
-3.660711682584861e-05,9.992902929134573e-06,9.999999999998899e-05
2.2523376295602304e-05,-4.104716744013359e-05,-0.0004941180595485761
-3.6923471663175e-05,1.4047062535382793e-05,0.0004941180595485761
5.815885025883816e-05,-6.41646718930744e-05,-0.00029999999999996696
-3.481595589394093e-05,9.769324599773199e-05,0.00035714310042389563
3.540712113236921e-05,-9.697851092393961e-05,-0.00035714310042389563
-9.33233321176452e-06,3.214998590550522e-05,0.00011176528336820368
-1.4217707717034678e-05,-3.4600643443738477e-06,-1.1765283368214696e-05
1.5100013510682686e-05,-2.856499032954929e-05,0.00019999999999997797
-1.5899957425125066e-05,-6.582162328072627e-06,7.857118528620255e-05
3.33799693459369e-05,9.747167915463706e-06,-0.00023857118528614052
-1.2527071692969294e-05,-1.1745856613565309e-05,8.941209469304212e-05
1.96470716929964e-05,6.260585661355123e-05,-0.00012941209469308212
-1.915883260394935e-05,-4.3417693256664336e-05,0.0002764697632671176
-1.7561178840219682e-05,7.09710200208491e-05,-0.0002298028846710043
4.287390133161928e-05,-9.663794694514394e-05,-4.666687859611329e-05
-5.15138924305214e-05,6.831796093198506e-05,0.00017333343929815115
4.7560002543134416e-05,-2.6833340750265222e-05,0.0001266665607018158
-2.5413332485624274e-05,2.331342785311108e-05,-9.333375719244863e-05
2.103100775874278e-05,-3.1831145200555966e-05,-0.00035372457134896784
-6.94576918036649e-05,3.145769890888772e-05,0.0004937252071375298
3.4554415127341365e-05,4.9517047439273654e-05,-0.00034666687859608025
4.38856766930007e-05,-0.00010229923399052154,4.210460272036087e-05
-3.3000752898137975e-06,0.00013604220498919517,-0.00014210460272034986
-2.5405845394343984e-05,-0.0001098528553793443,9.999999999998899e-05
-6.831400392370846e-05,8.803295360859664e-05,0.00029999999999996696
8.674834046251689e-05,-8.135871709846754e-05,-0.00039999999999995595
-4.872849114445632e-05,3.2778618869855336e-05,9.999999999998899e-05
1.709999999999212e-05,1.7239999999141276e-05,-0.00019999999999997797
-6.897060291988222e-05,-1.2781183400534246e-05,0.0004411763880902697
8.781060291984666e-05,8.741183401106412e-06,-0.00024117638809029174
-4.58600104903395e-05,1.98599599459115e-05,-2.0000953675269884e-05
3.227001049044276e-05,-6.1309959946243e-05,-0.0001799990463247081
-4.971000254327951e-05,0.00010587010681284426,0.00029999999999996696
5.115993953330733e-05,-9.902011532680888e-05,-0.0002500008514840779
-6.218742749064532e-05,2.1637520621453632e-05,0.0002500008514840779
3.917984093881888e-05,-1.3752860748006412e-05,-0.00029999999999996696
-1.6592350438271453e-05,5.8815348641161336e-05,0.00029999999999996696
1.6700031789440573e-05,-7.644665734218847e-05,-0.0003066662428075073
-2.514003178943902e-05,7.558665734208603e-05,0.0003466662428075473
6.469628604210964e-05,-9.055244691502651e-05,-0.00048374972060383215
-0.00010274198597393092,0.00012296958587931783,0.000686607350031565
7.125631827897827e-05,-8.124536807141425e-05,-0.0008487395698790756
-4.354201991385587e-05,2.4659502948942702e-05,0.0007058819404512917
6.111427622612631e-05,-4.178571866475522e-05,-0.0005999999999999339
-8.521340646694409e-05,0.00011318507760638141,0.0007411772130594407
8.954546375805617e-05,-0.00013764562433937755,-0.0006411772130594517
-0.00010922821177250519,0.000139695051954547,0.0005866661368512105
0.00011680277320613719,-0.00014632000079739527,-0.0005866661368512105
-8.474944570080467e-05,0.00010063327585108084,0.0006333338631485663
5.1517578503523787e-05,-1.829184771739989e-05,-0.0007333338631485553
-7.325762618692888e-05,5.725851226490164e-05,0.0007599999999998719
7.897993387806501e-05,-1.2439927520091487e-05,-0.0007599999999998719
-1.5150281276188338e-06,-4.306004118781459e-05,0.0003249996274716782
1.6484213309908569e-06,-2.3406708661077857e-05,-0.0002983330667698514
-5.169332708143681e-05,3.3866677369154274e-05,0.0007733334392980851
2.9243521822097662e-05,4.833411673921262e-05,-0.0002823530236732985
1.4376478177924312e-05,-3.45941167392283e-05,-1.764697632666845e-05
-5.14411112981783e-05,-5.200014024708821e-06,-0.0001764697632671286
-2.06388422892001e-05,-1.6960026665735484e-05,9.647008116142608e-05
6.731320479935743e-05,6.586003274300367e-05,-2.0000317894286468e-05
1.0284348327949111e-05,-3.950581929768049e-05,0.00019999999999997797
-2.8117599539911886e-05,-3.439417275519219e-05,-0.00039999999999995595
1.9623530566725833e-05,7.152952891331665e-06,-9.999999999998899e-05
-2.6150222134702084e-05,-5.406248607009445e-06,0.0003866661368512325
2.3653362897113617e-05,2.1653263925891508e-05,-8.666613685126556e-05
6.802741178035809e-06,-3.8235318756463244e-05,-0.00022941250718755413
-4.870987282079575e-06,-3.181356850845418e-06,0.00012941250718756514
1.1356858220512578e-06,-3.5067642665254084e-06,0.0
9.239191027132776e-06,3.8323428748654464e-05,0.00019999999999997797
-1.5913271556478037e-05,9.419963759249583e-06,-0.0002600009536828374
-2.538431696186283e-05,1.0608754224428196e-05,-3.999904631712958e-05
-3.810748201105163e-06,1.195886460525486e-05,0.00019999999999997797
2.5525034645146327e-05,-3.7487539674252446e-05,-0.0001500000000000945
1.10029669159184e-05,-5.976461018519785e-06,1.4705552361160557e-05
-2.3773027314932804e-05,3.0336515060014335e-05,-0.00023803782606357515
9.040018437267427e-06,6.905996836970019e-05,0.00033333275054014955
5.5040844215703544e-08,4.298718740969321e-06,-0.0002600004768376074
4.667855341033977e-06,-3.404735150613902e-05,0.0001428576294277839
-1.0954632128967745e-05,-4.8177244939218156e-05,-0.0002428576294277729
-2.244527931527518e-05,6.0420123004334414e-05,0.0
1.2570572207604158e-06,4.9152398955421006e-05,0.00019999999999997797
5.1295289118513665e-06,-4.2978444571240004e-05,8.823611909747342e-05
-3.432992228413756e-05,3.521209975509976e-05,-3.824207928349033e-05
-4.87869393661633e-07,-6.364741383801942e-05,-0.0003264648755432198
1.6559802275550872e-05,6.40971481864483e-05,0.0003764708357292257
4.101414363610889e-05,-6.150059604692615e-06,0.0
-4.690334439416688e-05,-1.3976449197983243e-05,-1.7647223819583502e-05
3.9217661248480695e-05,-1.8823547395463436e-05,-0.00038235277618037244
-7.954666369969221e-05,8.323336300275486e-05,0.0004999999999999449
9.011146090598388e-05,-9.248635021297247e-05,5.882278694047116e-05
-1.1344847751559861e-05,1.4693005329746711e-05,-5.882278694047116e-05
-1.5199974727098109e-05,-5.788001049022995e-05,-0.00029999999999996696
2.187889283700173e-05,3.2039265227545854e-05,0.0
-2.8238867564644998e-05,5.466072714277459e-05,0.00038000000000004697
2.4716616692121995e-05,-5.300121004747638e-05,-0.000180000000000069
-5.21661669206086e-06,-0.00010133878995244316,-0.00039999999999995595
-4.377334520144771e-05,0.00012356668658863867,0.00019999999999997797
5.711334520142053e-05,1.501331341113854e-05,9.999999999998899e-05
-1.2793333757254999e-05,-3.1120003496809545e-05,9.999999999998899e-05
-3.0948911421413428e-06,-4.9315262901750145e-05,-0.00019999999999997797
3.966065371896477e-06,2.9635411014083957e-07,0.0
-7.057849691460838e-06,0.00012250558902149322,2.6666560701826825e-05
-4.302426302782436e-06,-5.233721934683189e-05,0.00027333343929814014
1.158244664800634e-05,-4.080946978390898e-05,-0.0002799996821056805
-1.845877723705147e-05,-8.314079014581921e-06,-7.294198935281493e-05
1.3998655483571376e-05,5.393410953224986e-05,9.294071777565804e-05
6.540110627173412e-06,-4.420018119510871e-06,0.00018000095368275737
-1.79329725257249e-05,6.785867915581889e-06,-0.00011999999999989797
-1.2766984559209327e-05,-8.633255153700503e-05,-0.00018666613685125455
3.2533725409233938e-06,6.319339691263082e-05,-1.3333863148723424e-05
4.5819540240077394e-05,-3.783729938167113e-05,0.00029999999999996696
-2.1752999974089526e-05,5.372058779240518e-05,7.857118528620255e-05
7.80004427802794e-06,-6.0350001702680345e-05,-0.0003785711852861695
-3.543329889532654e-05,2.9380096957076773e-05,0.0004999999999999449
7.053996990658007e-05,-6.469344056903026e-05,-0.0005999999999999339
-9.810682528244019e-05,6.716041877030676e-05,0.0008999999999999009
6.194689352256866e-05,-1.899371109548298e-05,-0.0009266661368512175
6.488934528037227e-06,-4.5110316430729824e-05,0.0004338100887595342
-7.135673779412599e-06,6.465695236812508e-05,-0.00010714395190825066
4.199634426882426e-07,-5.273337041700188e-06,0.00029999999999996696
-7.369982069072023e-06,-4.487660260821258e-05,-0.00029999999999996696
-7.44269948127485e-06,-1.3200083340159097e-05,9.999999999998899e-05
2.949863510970374e-05,-1.522054907532322e-05,0.0
-3.6729448641192874e-05,0.0001276823315743414,0.00021764697632664642
1.4283531639125435e-05,-5.363175950900967e-05,-0.00011764697632665744
2.472826136346029e-05,-4.0480016829214094e-05,-0.00019999999999997797
1.041162538628626e-05,-7.813755246122156e-05,9.999999999998899e-05
-3.784997615252639e-05,0.0001079869911526643,0.00034999403981395005
-7.955844428919612e-06,2.5121123557347858e-05,-0.00024999403981396107
5.305954494883025e-06,-5.1170596282901215e-05,0.0
4.618566759151399e-05,-1.4857112672572725e-05,0.0
-6.37391034907786e-06,3.4512661679642065e-06,-9.999999999998899e-05
-4.0111777905638135e-05,4.6805897367718785e-05,0.00029999999999996696
1.8574998882470162e-05,-1.983748826450693e-05,-0.00029999999999996696
-3.88750561030049e-05,4.529783444873203e-05,0.0004999999999999449
8.148670248242507e-05,-5.757369138503776e-05,-0.0005999999999999339
-5.00513592289753e-05,2.6136885585614777e-05,0.00039999999999995595
1.9164713967123603e-05,-1.1072747679641282e-05,-0.00029999999999996696
-3.2099964237253253e-05,1.1024116770563808e-05,0.0004749988824150897
3.70000104307211e-05,3.195000968592154e-05,-0.0004749988824150897
-5.243984274438951e-05,-3.687845806332746e-05,0.0004533322737025891
3.7392729065222063e-05,-2.7705275470246704e-05,-0.0007709792500292245
-4.4252932514310395e-05,1.375881437226667e-05,0.0006176469763266024
3.3924998137369045e-05,6.047500782280224e-05,-0.000281249906867842
1.2763223957046321e-05,-9.927500641992992e-05,0.00014007351877753926
-9.514932735710246e-06,4.226004787000193e-05,-0.00010548974876090078
3.901749756729522e-06,-1.665998668798352e-05,-2.2083211224321886e-05
1.843094520492805e-05,2.9211603123968644e-05,-3.125065192444154e-05
-2.7610766336727544e-05,-3.260684963279914e-05,0.00039523841961841555
3.136952403282045e-05,-2.4822499764098893e-05,-0.000448180091076944
-3.827103476405913e-05,3.1311511639486866e-05,0.0003091919508546592
3.264629274757347e-05,2.2446172048162794e-05,-0.00045625027939610874
-1.9777273689070007e-05,-7.61901452852598e-05,0.0004999999999999449
-1.7627263109165625e-06,9.535014528605501e-05,-0.00029999999999996696
-7.164725681518824e-06,-2.394127959171044e-05,0.0001764697632671286
3.000491069593547e-05,-4.258815777369307e-06,-0.0001764697632671286
-7.640081700399648e-06,-9.387996503029683e-05,0.00024666613685120353
-8.025095490915568e-06,9.611754568439324e-05,-0.0002841663231152314
2.222499217696683e-05,-0.00011143748528574804,0.00023750018626400582
-5.7523550201277196e-05,0.00017941763319928583,0.0
7.132355020122993e-05,-0.00010365763319875043,-0.00015999999999993797
-6.937997742950675e-05,1.5779967256435157e-05,0.00011999936421136503
3.532014273199824e-05,-4.634657140467624e-05,-0.000259999364211394
2.7199008194589425e-06,3.539878141722852e-06,0.00019999999999997797
-1.286000413358579e-05,3.3066656070168676e-05,0.00019999999999997797
2.423523105676839e-05,-3.529403830615507e-05,-0.00039999999999995595
-3.704243359103909e-05,1.531552647460188e-05,0.00039999999999995595
4.793647030765236e-05,7.108078422746189e-06,-0.00039999999999995595
-4.4922582563056146e-05,-5.856374188262237e-06,0.0006933322737026071
7.769322895967434e-05,-6.492647858191702e-05,-0.0007666661368512795
-0.00010788744877754386,8.78408287343646e-05,0.00047333386314862835
0.00010007319128402248,-6.99588656702943e-05,-0.00039999999999995595
-5.513899212905571e-05,4.244469671466078e-05,0.0004999999999999449
9.245327346418808e-05,-8.287330366396617e-05,-0.0005999999999999339
-0.00012947496423743043,5.444986489777648e-05,0.00019999999999997797
3.959992325996975e-05,1.9775210351902217e-05,-9.999999999998899e-05
-2.3924932001428978e-05,4.550826232296856e-05,0.00019999999999997797
5.133993483219523e-05,-7.596003708698618e-05,-0.0002133338631487014
-5.2089419476319954e-05,7.517695580272488e-05,0.0002133338631487014
3.689219872082816e-05,-7.38645135376359e-05,-0.00010714395190825066
1.9572425109526392e-06,7.576421478194817e-05,0.0002446441381722675
8.566669812526406e-06,-3.454322622786776e-05,-0.0003375001862639948
-5.293998527111654e-05,1.557326360934752e-05,0.0003733334392981291
6.80866800180091e-05,-4.737996312531578e-05,-0.00027333343929814014
-7.401334816814487e-05,0.00011479996821162075,0.00039999999999995595
0.00011105989509652137,-0.00014847984423393967,-0.0005999999999999339
-8.325364109185163e-05,0.00011589234926301373,0.000581249906867809
4.083367987328668e-05,-3.897909116279408e-05,-0.00048124990686782
-3.519937056828404e-06,-4.313996556337685e-05,0.00039999999999995595
-1.0386691038699603e-05,8.320644202353122e-05,-0.0003666671964903667
-3.141992264643623e-05,-3.6713297303592185e-05,0.0003133333333416033
5.24865874121927e-05,-1.3336092772320285e-06,-0.0004466661368511815
-4.329997054819401e-05,-6.585298374606197e-05,0.00045000000000006146
-3.399999999986747e-06,3.897500782379382e-05,-0.0001374994412077779
8.924972805357534e-06,-2.7975024214477173e-05,-3.7500186264027846e-05
-2.4378309105732576e-05,9.868003991542196e-05,2.499962747171125e-05
5.129710365925355e-06,-3.4779935169204634e-05,0.00015882501437536334
3.832362593447769e-05,-4.050008835498886e-05,-0.0003588250143753413
-2.6666635760452806e-05,-3.255677708757787e-06,0.00011111037524669243
3.2086635760375515e-05,-5.518432229134618e-05,-1.1110375246703441e-05
-9.771993869212015e-05,0.00017789001532708681,0.00019999999999997797
5.5279842370969945e-05,-8.019003869197405e-05,-9.999999999998899e-05
-3.1832855167612806e-05,2.7934120387484995e-05,9.411805954862018e-05
7.795295148882442e-05,-0.00010199409702238427,-0.00039411805954858714
-4.819997896299277e-05,2.9123541786191254e-05,0.0005999999999999339
3.7033257990204405e-05,2.5176434371942946e-05,-0.00039999999999995595
-2.32799522636995e-05,3.1326653844310215e-05,9.999999999998899e-05
-5.78857352739881e-06,-1.5854956885164029e-06,0.0
-2.9671943290621172e-05,-4.16411547501383e-05,0.00019999999999997797
1.0489531610979874e-05,-5.9541176988808786e-05,-0.00019999999999997797
-1.2502341556586138e-05,0.00011380119742465666,1.999999999990898e-05
2.3119980926411543e-05,-2.1499846456940475e-05,4.0000953682950424e-05
2.9000190736594433e-06,-5.196015354336225e-05,-0.0002600009536828374
-2.559999999995899e-05,4.255341492598319e-05,0.0003866661368512325
4.337660580044922e-05,-3.588859107228615e-05,-0.0005807828764450296
-9.789661088677182e-05,5.9215202849571824e-05,0.000494116739593764
2.6386645792020325e-05,3.382002415897034e-05,-0.00019999999999997797
4.429585463761043e-05,-5.80187696623824e-05,9.999999999998899e-05
4.5837504656698336e-05,-5.188128119915092e-05,0.0
-2.4471549727511643e-05,6.362858821518103e-05,0.0
2.8215936858089208e-06,-8.428397481274885e-06,9.999999999998899e-05
-1.2431919676370029e-05,3.6663369964884396e-05,-0.00024545375728801666
3.698187571798961e-05,-4.446356069909285e-05,4.545375728803869e-05
-5.1502562880001435e-06,4.701335082124558e-06,-4.999403981398309e-05
-2.2335491570490973e-05,-7.558479885538816e-06,0.00013570783896588168
4.182960933762914e-05,-1.306793231048431e-05,-0.00018571379915188757
-5.5158149626199915e-05,8.696568938759697e-06,0.00029999999999996696
1.0420903526764391e-05,-1.354477599058157e-05,-0.00029999999999996696
-6.250661537965385e-05,6.637328416569943e-05,0.00029999999999996696
0.00011763566927791569,-9.136400715270554e-05,-0.0004999999999999449
-7.728274163110171e-05,0.00010382871410730132,0.0007411763880902367
0.00010624056675034854,-0.00017409141282698215,-0.0007945086617928698
-0.0001399402153178242,0.00012030658634376579,0.0007533322737025561
7.908205603979201e-05,-2.2585856377155267e-05,-0.0007117652833681376
-5.108404175879766e-05,1.300428321293623e-05,0.0009117652833681156
9.292519009762579e-05,-5.882797646616922e-05,-0.0010999999999998789
-9.350505294025702e-05,1.0436665071722473e-05,0.0009642847411444055
3.834856948226051e-05,0.00010629300408737663,-0.0006842847411443476
-1.862000635777239e-05,-6.757988047212393e-05,0.0004199999999998649
2.6700006357849304e-05,-3.0820119527597e-05,-0.00029999999999996696
-4.2800203452486585e-06,6.527319515470253e-05,9.999999999998899e-05
1.6962345072091267e-05,-8.696130645446942e-05,0.00029999999999996696
-4.664218803451803e-05,0.00016164133549079196,-0.0002533354525946496
7.341604951216496e-05,-0.0002450031832132993,-5.291408174490364e-05
-8.151618620455547e-05,0.00020634995902124587,0.0001462495343396153
7.495988555805688e-05,-0.00016505996757398833,-0.0002199980926345102
-4.83586965477345e-05,0.00015100112292554257,0.0002447036449955142
5.1321318254027304e-05,-0.0001237536603797551,-0.0003522049935686944
-7.251566211063931e-05,9.968899129120246e-05,0.0003757355603051238
5.757970537556556e-05,-8.343637436336593e-05,-0.00030156860471275415
-4.872658231813709e-05,4.699331733082346e-05,0.00024666634876391313
3.845299870475216e-05,-6.955108066097893e-05,-0.0001333338631486214
-1.039969504113003e-05,9.383764030523878e-05,8.666613685126556e-05
1.0946728125293959e-05,-4.0119988874209866e-05,0.00011333386314871241
2.0699888738762162e-05,-1.931335134663925e-05,-0.00019999999999997797
-3.350658507517146e-05,-8.580015894210646e-06,0.00019999999999997797
-3.0928561647103336e-05,0.00010742871778735008,5.294167145852846e-05
0.00010858538017455288,-0.0001608479213270897,-0.00022794316159391315
-6.336443418020199e-05,9.56268691458817e-05,0.0001678591195630741
7.225991722092928e-06,-9.591424226673695e-05,-0.00019285762942766738
-6.313171184035848e-05,0.00014062000303027844,0.00012000031789427545
6.49600321073196e-05,-9.540005912889171e-05,-6.000031789432647e-05
-2.768998733393424e-05,5.837373109507382e-05,0.00012124990686790404
3.760998733404186e-05,-0.0001564537310949632,-6.124990686795506e-05
-0.00010876000000004105,0.00017525999999978836,-1.999999999990898e-05
0.000131126607327392,-0.00013964646745634468,-0.0002066677262972938
-8.482652785501976e-05,0.00018518654216048702,0.0006066677262972497
9.729990413642753e-05,-0.00019566506837076503,-0.0007500007450564894
-0.00010257999600660206,6.943165673067853e-05,0.0005233341843546846
1.1320025113392695e-05,4.700674073543354e-05,-0.00027333343929814014
2.32099872844449e-05,-6.863403799073353e-06,0.00034999999999985043
4.720003427272079e-05,-3.0316666004281956e-05,-0.0004166669978042936
-4.6337543958663296e-05,-7.608347407206395e-06,9.791662527058875e-05
4.261246311987321e-05,-3.052506109391118e-05,-0.00012500009312654825
-2.5654381368256374e-05,2.9441260711138284e-05,9.375046566040268e-05
-8.623516542072274e-06,1.1694102632020531e-05,9.999999999998899e-05
-4.728875281800882e-06,4.4010163933627666e-05,0.0
-2.3389576699672787e-05,3.41545438224955e-05,-9.999999999998899e-05
3.555962977197513e-05,-7.895281204284288e-05,0.00019999999999997797
1.6011766685863904e-05,-6.047184551327689e-06,-9.999999999998899e-05
-7.570014752122933e-05,4.57187709548279e-05,3.1249161811297554e-05
4.552022890214058e-05,-8.845872708551639e-05,-3.1249161811297554e-05
-5.260081380908943e-06,2.8419956130676383e-05,-0.00011999999999989797
2.384593102666699e-05,-2.4991819978836816e-05,3.1763880902424546e-05
-1.4905931026709673e-05,5.861181997879328e-05,-1.1763880902515567e-05
-3.4706758481606315e-06,-4.804697417970516e-05,-9.999999999998899e-05
-2.770932415174787e-05,1.9366974179924057e-05,0.00043999999999999595
7.656667408406648e-05,-6.730675355637317e-05,-0.0005399999999999849
-2.9021944689788803e-05,-1.4838465585143013e-06,0.0004999999999999449
1.9001947868635405e-05,9.765718519005873e-05,-0.0003933322737026401
-4.1231385620288385e-05,-4.256892663168088e-05,0.00019333227370266215
2.130471153616309e-05,3.14956388622889e-05,-7.333386314867241e-05
1.826002384219816e-05,-5.181329253733935e-05,-9.333333334171634e-05
-5.0000006358241755e-05,6.413342923039522e-05,0.00010000105963903216
-2.1911162679799645e-05,-1.3011189700762316e-05,0.00016666613685134557
1.221114201699347e-05,-7.64222442981577e-05,-9.999999999998899e-05
2.8888174410712786e-05,8.325886288051976e-05,-7.058749281241283e-05
2.235182558929516e-05,-1.8978862880381087e-05,7.058749281241283e-05
-4.765250055882575e-05,9.17450324102731e-05,-9.999999999998899e-05
6.773247194880039e-05,-9.185835514724516e-05,-9.999999999998899e-05
-4.837325598028297e-05,-1.5079982516041923e-05,0.00032666613685128354
2.8482667645768345e-05,-5.833694171286652e-06,-0.00032666613685128354
-4.5322691487492683e-05,5.6833536816291996e-05,0.0003533338631487304
1.1507559113277388e-05,-1.6557959394702948e-05,-0.0003533338631487304
-1.081425068127917e-05,-6.992857799748009e-05,0.00019999999999997797
4.4199974568504e-05,6.698002034521977e-05,2.0000317894286468e-05
-1.2258774338413936e-05,4.20964210388064e-05,-2.0000317894286468e-05
2.538765437654078e-06,-5.095653102937803e-05,-2.0000953675269884e-05
-2.4926057440421978e-05,-2.4166038806505696e-05,2.0000953675269884e-05
2.4046663950505476e-05,-7.903364932282386e-06,0.0
-2.272723990404124e-05,5.730941232329201e-05,0.0
-9.70271211220286e-06,6.751827947404365e-06,-9.999999999998899e-05
2.7129398912140168e-05,-2.7498408043058475e-05,4.666687859611329e-05
3.5785732190762864e-05,-7.174183631430964e-05,2.476071970769489e-05
-7.299250015979641e-05,0.00012481516498574763,0.00011523991608086703
4.3906748895317094e-05,-3.0286667514367593e-05,-0.0002866675143846642
-2.3030724791817114e-05,2.6184614679181095e-05,0.000284614679235462
4.672479937495311e-05,-6.274936511108109e-05,-3.755635069402352e-05
-4.50140621851558e-05,5.2724679859394996e-05,0.00011294262514138786
5.239987602045915e-06,-7.57999294282996e-05,-0.0001400009536829394
-0.00034822321850047633,0.00020764295625319562,0.0014800119203721707
-0.00036509660439076885,0.00019569693475673944,0.0007857018787797987
0.0005189643424133861,-0.00032086439791001453,-0.0017445365860924156
-0.00016376437329068683,3.8684392777099674e-05,0.0006388224690463407
-1.9800416437232293e-05,-0.0003182599589912627,0.0006200003178942204
0.00015884681077638074,-0.0002790197647621895,-0.0006266661368512505
-0.0002929932742070651,-0.0003877201347846082,-0.002773333863148819
-0.00028704739143547986,0.0010900975806160673,0.0016529416714585743
0.0004881741250719607,-0.0004987376079546024,-0.0018129416714585123
0.0002646199999999377,-0.0004368799999996398,-0.0009399999999999409
-0.0001558999999999866,0.000994749999999378,0.0029999999999998916
0.00027806140556807524,-0.00038111137805785233,-0.0013999999999998458
1.707878357604109e-05,2.784785981901905e-05,0.0007933322737025961
-0.00021221790246095384,0.000257080147819444,0.0010066677262974277
0.00012637771331691638,-0.00019486662958012602,-0.000700000000000145
-7.000049173755407e-06,-4.624971315259074e-06,-0.00040625102445268624
-2.739988089062173e-05,6.28582654416121e-05,0.00020625102445270826
8.203326763622787e-05,-6.109330302717098e-05,0.00035333312140384265
-4.652779695435427e-05,0.00012147120139793799,0.00014666687859610228
-5.900554061755159e-05,1.1988807502305576e-05,-0.0004999999999999449
6.752352215200208e-05,-8.97941362909549e-05,-0.00038235277618037244
-7.19435192908513e-05,-3.213920445954699e-05,0.0006823527761803394
4.586011157903247e-05,7.115983999561593e-05,5.333227370263316e-05
5.1165787052109835e-05,-3.403239232291355e-05,-0.00028274436839570427
-6.160595156023962e-05,2.7905878773104575e-05,2.9412094693093138e-05
9.547008162802406e-06,-6.788215079112092e-05,-0.00019411673959379705
-1.5153579832394293e-05,1.9848903818342478e-05,0.000494116739593764
3.773995719014156e-05,-4.433396911807108e-06,-0.00023333386314861038
-2.323337396670233e-05,8.489791402332969e-06,-6.666613685135658e-05
-5.487463907272172e-06,1.110810700843956e-05,-0.00029999999999996696
5.10749002347044e-06,-3.087129172030245e-05,0.0005799996821056475
5.084470392568985e-05,5.668124331492663e-05,-0.000362352458286086
-3.9464729675087185e-05,-4.856128432262352e-05,-1.7647223819583502e-05
-1.7999961852699364e-05,8.91800925071351e-05,-0.00011999999999989797
2.554943378241248e-05,-0.00011671057813877894,6.999403981389207e-05
2.3510596417031238e-05,2.500394537996442e-05,0.00046333982333468526
2.0551842907279294e-05,-0.0001286062787189124,-0.00041333386314867937
-5.644038128105322e-05,0.0001904528399512273,9.999999999998899e-05
4.201674148851531e-05,-0.00016365298514742221,-0.00014117779055577984
-7.828823331412771e-05,0.00013925305667328303,0.00014117779055577984
5.288529972746758e-05,-0.00011372880790183615,5.714577656679154e-05
-8.372830461067515e-06,0.00014119133155787722,-1.9645590302763694e-05
3.662750212352073e-05,-8.316094346483283e-06,-0.00019083245996665
-7.61066322285675e-05,5.406892685577702e-06,0.0005266657130007513
9.060777692071476e-05,-0.00010593572245554128,-0.0004733334392981181
-5.34411160820758e-05,7.378240046040929e-05,0.00029999999999996696
2.44500067054787e-05,3.2374976530746835e-05,-3.1249161811297554e-05
-8.60004172320572e-06,2.2725011548985208e-05,-0.00016875083818868042
0.0005529700350176414,0.0029843800119211394,0.00029999999999996696
0.0008140544158693475,0.017872834747114652,-0.007886667514384715
0.0031406255841307518,0.013081185252884708,0.004386667514384879
0.0018659777009536471,0.02248743399182551,0.00015714577656678053
0.0015591691624321502,0.015909806028931328,0.0045193236566967165
0.0030591001402414664,0.01795409804058412,-0.0023764711362317392
0.0036020875867825985,0.018199168569515756,-0.0052294079992885045
0.0009249343215725903,0.010529379730357391,-0.005158808350026689
-0.0009654992525819361,-0.0017241499000428817,0.014045363828850022
-0.00026149945015563336,0.002623593287510495,-0.006463027634526997
0.0011226096537426677,-0.00447628973215064,-0.001594118142039802
0.0005890201370124526,0.0006140599834694171,-0.0032999999999998586
-0.0007825934036940208,0.0018132518676283738,0.0035000000000000586
-0.0003813207141534214,0.0006813179808045078,0.003957144073569507
0.00030945531667492254,-0.0005687640983245146,-0.0022983204616600084
0.0005267655364836754,-0.0013190631760879867,-0.0033338269646641105
-5.361975287465626e-05,-3.4477025264045835e-05,0.0007816710790518044
-0.00039752087737410235,0.0011159558690287952,0.0030066677262976516
-0.00015528610506243545,0.00047345858221437,0.00022666454740516429
0.00033454672219213055,-0.0009047468976692841,-0.0024333337571924574
0.0001538261612366032,-0.0005758507226598653,-0.0005772541481146032
-0.00011504647785931521,0.0004660985307785026,0.0012439229340763802
-0.00028257114527541205,0.0007771131754363836,0.001338430089597109
0.00015953131153412237,-0.00033889372189666034,-0.0011450979218761148
0.0001350734281718724,-0.0005799803639892076,-0.0009066671964903517
5.995993688912016e-05,-6.319046968528141e-05,0.00011647083572929873
-0.0002515532485000138,0.0006403369164784678,0.0013968614379731292
5.533116108624725e-07,7.363355320677556e-05,-0.00017333227370253113
8.836677262979986e-05,-0.00037808047365395225,-0.0006066677262972497
0.00016137322959552947,-0.0002671062049861561,-0.0005933322737026181
-0.00013954011802908006,0.0003241440628363179,0.0007999999999999119
-7.712291541062122e-05,0.00018861950756221546,0.0004692311924585635
1.2280129306985188e-05,-0.00011195564175814354,-0.0005692311924585525
0.00014184290190744075,-0.0002877212500003168,-0.0004999999999999449
-7.070006834730691e-05,0.00011720007947335631,0.0004999999999999449
-3.189993165264582e-05,0.00017449992052664953,0.00019999999999997797
-6.560000000011001e-05,5.5800000000161276e-05,0.00019999999999997797
0.00012199335293650027,-0.0002658732289591015,-0.0005866661368512105
-3.3087534107023586e-05,5.784388797813733e-05,0.00013372586785842522
1.8644311447602036e-05,4.74792328422069e-05,5.294026899282933e-05
-8.253762524790265e-05,9.762511447153344e-05,0.00039999999999995595
0.0001004285605641364,-0.00017010430523978215,-0.00039999999999995595
-3.564106559328373e-05,1.4292989067854478e-06,9.999999999998899e-05
1.8070581882967396e-05,6.676463823573897e-06,-0.00019999999999997797
-2.9284791692285594e-05,9.469494285241353e-05,0.00019999999999997797
9.247607250295609e-06,-1.6404689676896567e-05,3.33338631486324e-05
3.31959771996404e-05,-5.5348951967459925e-05,-0.0001333338631486214
1.1219856495436886e-05,-5.171788423474766e-05,-9.999999999998899e-05
-5.856166333484403e-05,9.351255736333997e-05,0.00043749925493230535
3.1898079337788765e-05,-4.9483763091551225e-05,-0.000373212810790724
-2.3842797051254472e-05,5.969991606580294e-05,0.0002357135558583856
4.235132547292242e-05,-8.651683707050495e-05,-0.0001764708357292477
-4.889417556064313e-05,6.268824593647082e-05,0.0001764708357292477
4.453740332888145e-05,-1.2387588848028486e-05,-0.00021250055879229457
-7.316093389564404e-05,0.00010234053753155337,0.00031250055879228356
8.568723431856551e-05,-0.00010910746458225873,-0.0003272731213559421
-7.283048114992141e-05,1.4887751215830747e-05,0.0002939392582073097
3.7149152613769054e-05,-5.908618680638966e-05,-0.00037254807730269235
-4.108237521571745e-05,0.0001017529514895088,0.00030588194045133577
7.611167412313602e-05,-4.8858711415356026e-05,-0.00019999999999997797
-6.731167412310501e-05,2.6878711414823897e-05,0.0004999999999999449
5.410000000005688e-05,-0.00011866000000004817,-0.0005399999999999849
-7.680587773306602e-05,0.00018913411946197556,0.00032235277618042346
0.0001363555141615791,-0.00011624369628826514,-0.00043235873636637834
-0.00013460254444086495,7.785556114647818e-05,0.0005029476316444903
6.846059975573748e-05,-0.00014148291092297427,-0.0005298646073055302
-0.00011560783161690402,0.0001583968553946491,0.00036359045023171
0.00017000013987344964,-0.00013546992879209796,-0.0005366675143845256
-0.00010199999999993548,8.52500000005918e-05,0.0005499999999998284
1.3057991948839387e-06,-3.803534213187021e-05,-9.999999999998899e-05
-1.705913636906864e-06,3.8335318289561826e-05,-3.999904631712958e-05
3.2636493053517235e-05,-4.1563545527090184e-05,-3.2727832326884254e-05
0.0005561761377789187,0.002344474726837298,0.0042228282018053065
0.000554987197509349,0.01634433172260863,0.002163208698296115
0.004444064690455329,0.017730241133274482,-0.0053466391162677596
0.001686100379735267,0.01926214756456268,0.0006098041379363206
-0.0004279575310250916,0.019970322958871023,-0.039190735942308486
0.0031594991646171078,0.013385755408098277,-0.07482105458543953
0.002790053582317542,0.013460090055116503,-0.05940468451537795
0.005206061901325665,0.013914404061099894,-0.06936002384207018
0.009227778098674477,0.014982645938900419,-0.08014997615792963
0.005995567678613867,0.013403856540570303,-0.06539001907335318
0.007158428395454219,0.019381554764365205,-0.06535975840419617
0.009420103925931844,0.010663738695064318,-0.07990022252245088
0.012204648004972674,0.01402843157984357,-0.09352859964918858
0.009867487395644137,0.008555865997232459,-0.05007763945435939
0.011491224599383232,0.011581842422923927,-0.07059376089645197
0.013380531922750905,0.01029755365794216,-0.0708999496662076
0.01568732179416865,0.009583582333474894,-0.03213334128189704
0.013568326283080356,0.011468604008583405,0.004713290948104687
0.014849947665898311,0.010133323141804595,-0.005668887122837751
0.01462194849746612,0.010243068705702463,-0.004671108585623807
0.01564454870968346,0.010704582807398388,0.001809989748275509
0.014858139787905955,0.00961827910664681,0.00046176984108858843
0.015416222757302256,0.010254003891716934,9.658121822186949e-06
0.015482552581743914,0.01034944234673052,0.003938577997275261
0.014484997980449776,0.009654977576820656,0.0003929388665273592
0.014808902019550318,0.010066542423179392,-0.0008529388665273752
0.015275583474748666,0.010654020114160723,-0.00031765002875061565
0.01586341563459892,0.010533187855730652,-0.0037966327661609345
0.015497558210167739,0.010527523434883612,0.003707616552103832
0.013787621888936563,0.009107971545648574,-0.0021933367374185053
0.014935318153025623,0.010034597841133142,-0.0015599995629279606
0.01482707265893679,0.009337845406419909,0.012160007013493512
0.01570410614522655,0.010906042022679863,-0.004768753818414906
0.014605543198580762,0.01032010844786413,0.0010154170743729152
0.013836547055614545,0.00939090088000416,0.0022356838949300073
0.015544271358718609,0.010351149277300742,0.003984323522619793
0.01559638219641113,0.009805166433200618,0.0008520749492848534
0.015160762737943756,0.010050535197597021,-0.0010787462784007662
0.014777789921597062,0.010884256241779688,-0.004506671541028684
0.014288810701397647,0.009193795924291592,0.002025491338207175
0.015412863064794946,0.010037163617948153,0.001614510251238932
0.016404153599300697,0.011195535759357611,-0.0014733338631487403
0.014009296318527875,0.009959525053644391,-0.0015529416714583633
0.015771847380382065,0.010851571216790923,0.002195806112875287
0.014547122078726327,0.00982640649043276,0.0006171323796909656
0.01457980411030757,0.009732937833584643,-5.9965032186304335e-05
0.016069430112056082,0.011022759405546978,-0.001100031788921485
0.014670127213059603,0.00927285351312701,0.003117645573880834
0.015509135787226569,0.010023721481310588,0.0004090225762923838
0.015204711212540634,0.010783549411507387,-0.00297333269757849
0.014321230878123092,0.008997761222990341,0.004746664547405244
0.01565449490905002,0.010885514371064886,-0.0040000000000000036
0.015149686332973422,0.010321732569457787,0.0008235277618052761
0.015759487019963103,0.010557183626997535,-0.00041020025644089575
0.01488290107485657,0.010777443253476626,-0.001399042764219982
0.013294606364649075,0.010402307126831545,-0.007901773751560315
0.015758119207557986,0.010880933423236705,-0.0004125109895840584
0.015454189552816855,0.010484499117852764,0.0009375016763771837
0.015438684134493563,0.00992893195333533,0.0017448527497418986
0.014760619543238596,0.010889598200050088,-0.003615689878713857
0.015814289926110225,0.010401357417680224,-0.0013897471135205786
0.014250345630348216,0.009470393107163133,0.0018936728638587752
0.01632153086649324,0.010873804339657234,0.0014294097022565788
0.014144992704603121,0.009378029832581625,-0.0016874994412076072
0.01574550730640567,0.010819566012946424,0.000973228324041342
0.015562548783396357,0.010512692777614241,0.00018093645929451174
0.01536186454740518,0.01023567869784614,0.0015533314789796249
0.014648927004688783,0.010457548543272743,-0.003219996821107962
0.014245046688389218,0.009402802198203553,0.001753332273702668
0.015234775977472248,0.010267306171952484,0.0004400014834897714
0.015215003666491755,0.01046802011589687,-0.001459999894043662
0.015752555140768898,0.010481114477357778,0.0008599998940436171
0.015384629725788024,0.010062726726643767,-0.0013933337571923055
0.015008448328128088,0.009624682717222832,-0.003531249161811467
0.014981353550924226,0.010159458270621258,0.002724584614406167
0.015558885850734061,0.010254680071377642,-0.002406667938210094
0.015232401071303636,0.010274009250723637,0.0016133324856153486
0.015097152947888492,0.010408437501703283,0.0006642864441417373
0.01501732433072167,0.010127409705381396,-0.00047857459128075597
0.014308042013435163,0.009628967810305866,0.000296639768366469
0.015626642117180012,0.010212912585368716,0.0011709815001763602
0.01513649520137772,0.010481014631407604,-0.0013260562563468525
0.016114966997814673,0.010866520232057031,-0.0009072765471627164
0.015062166579078884,0.009627376523234865,0.0013085703808336513
0.014445887629706,0.009750005255523941,-0.0014638651463668717
0.015564142182797447,0.010241915755017317,0.0005752944476390409
0.015570730538830624,0.010437153793432241,-0.0016400000000000858
0.014020927243866943,0.009825560811472567,0.0013714305177111585
0.01687421550019641,0.011099754398178785,-0.0007714321071824459
0.014065631239216003,0.009637283497091698,0.0007235307537420965
0.01524326844777013,0.010475471800865943,-0.00027686461686560193
0.014875864293676155,0.009443810140837172,0.0058033361976513875
0.015253708641235875,0.007650261659210678,0.009056665391794727
0.014862850696971908,0.010821397145354794,-0.0031066621632360736
0.015052123951929008,0.010114430939354602,-0.0011058873165320504
0.01531255147351862,0.01015851006349422,0.003865879528185623
0.016333987933052185,0.011611315157049162,-0.0021266655010122593
0.014288236210163507,0.010026981861907647,0.001325491525187683
0.015081417236550099,0.010022126110754037,0.00018117938000183909
0.014898929959972662,0.010242693919663814,0.0011099924500838076
0.014150237038360824,0.010006631349859685,-0.0018812491617936633
0.014383899594688998,0.00966125735147294,0.002931255122263776
0.015886720659719522,0.010628746829726587,0.0016411777905558367
0.014389239340280469,0.010079733170273553,-0.0013811777905557987
0.015840321614441155,0.010836004080381212,-0.0019171389645776804
0.014163626909132532,0.008978922744438567,0.0005071359843070722
0.015156405239439508,0.00961686408036977,0.0015166722960140433
0.014982865473484708,0.010671973952670388,-0.0023137276442850574
0.015350080591203241,0.010222483855939934,0.0010470599180129048
0.015160491307145474,0.010260279792780658,-0.0011000015894713222
0.0144834415084647,0.0098867594634382,0.0011999999999999789
0.014449821114933759,0.009815934949793714,0.0010466645474053182
0.015375688339843041,0.010282292790045222,-0.0004349006665026467
0.015637418808465586,0.010557939454160614,0.001800002804931089
0.015292129093446238,0.011071714835981794,-0.001761766685833721
0.0152827580406103,0.010694422725105124,-0.00395000596042272
0.013968460413732675,0.008785367277419187,0.002723533722228
0.015565404522174031,0.01091470312538112,0.0007264781983807866
0.014774990973176472,0.009968466206162763,-0.0019500059601860187
0.015617661050306708,0.010103990665931484,0.0022250000000000325
0.015220486506182684,0.010379368278920609,0.0014949923705375179
0.015809588493817195,0.010543131721079568,0.00038000762946244215
0.013866699999999899,0.00947180000000003,-0.00040000000000006697
0.015592379122898237,0.01086733311221133,0.0007588250143752973
0.014776927656089622,0.00992673762449714,0.0005078427119221685
0.015803551821970796,0.010567862150781426,-0.0005866662957846325
0.014738941399041305,0.010112317112509928,-0.0013300014305127617
0.016107565081743935,0.011055888535422387,-0.0012500000000000844
0.01437426916105533,0.009649340154470387,0.0024562502793962215
0.014854896640629,0.009948808251010632,-0.0019362483720305468
0.015264695324948008,0.010272775576779303,-0.0014866712231090817
0.014724373791623613,0.009922037482317236,0.001566669315743452
0.016381926251291645,0.011219764178654223,0.0002266677262973138
0.01474890054401623,0.010392831281815784,-0.0018600021192781702
0.014252844853851698,0.009517146363857254,0.00039215800489067476
0.015573140745340996,0.010220076451123994,0.0015278345777111069
0.01534399334667036,0.010395185710943,-0.0008866581896209702
0.0152925412301399,0.010386691579051366,0.00040000000000006697
0.015418037089470538,0.010803006944329674,-0.0022399990463172204
0.01448439879688257,0.009561089406413537,0.0006811782393385535
0.015726823738642093,0.010279045798787578,0.0008254880034690437
0.015083215237450265,0.010350744964133796,-0.002038091388857688
0.016199578166244066,0.010417417320890188,0.0017714241923673102
0.015305279999999755,0.011013899999999577,-0.0009400000000000519
0.013925261219864815,0.009417631374556645,9.294026899286933e-05
0.01444898573714104,0.009819033212584927,0.0020470597310071614
0.01575391158101036,0.01083426877241811,-0.0007199985694872346
0.014358761461983782,0.009413066640440615,0.0026199985694872474
0.015923366596201305,0.010809909477866864,-0.0018666693157434189
0.014004266988640879,0.009789381537938624,-0.0007392140271734737
0.015146039640938636,0.009875524226982346,0.0024058833429169146
0.015669595006507997,0.01062694671395592,-0.0026785711852861382
0.015497865201709704,0.010514095088475894,0.00048523891158358534
0.015080766566001547,0.009578442954780275,0.00139333227370253
0.015352088952844678,0.01089193080839923,-0.001971427598303821
0.014514442028096486,0.010036673907808602,0.0005026752700020287
0.014782481607471532,0.010208272936180318,-0.001444583124292964
0.015158852903922604,0.010270627403500043,0.0008427437523857995
0.015127614507664866,0.010348654944111857,-9.408299791013874e-06
0.015706931934604818,0.010372676798365177,0.03916579019073563
0.011725194955678031,0.009397481492773085,0.06506417628171957
0.011674927823770886,0.013303342477529956,0.05509674173239587
0.009003518621710338,0.016334982275803878,0.008794472390635799
0.012713867316483718,0.0134008665859775,0.00698738718380465
0.012612486752384022,0.013290868526907307,-0.0020999948910082056
0.012164858081174845,0.011794081633117681,-0.001352103125016213
0.0122674113937431,0.013681397115778093,-0.000696470081161471
0.013097423120449925,0.012790543093747164,0.0023200003178943662
0.01265939589175824,0.013584596386475578,0.001199997019773802
0.012831912311372928,0.013269739835411354,-3.3310220123539125e-05
0.012942008166078711,0.013403995355088849,0.0025047386090690793
0.01152127451897167,0.011742194468211675,0.0018344579341974532
0.012883165824500331,0.013226330724714686,0.03400417316234039
0.00950747410088848,0.012127009624218754,0.08507230749064754
0.009949094983549678,0.012333945916334521,0.0687576286925271
0.010032602668269774,0.011867221241161907,0.0794400772471956
0.006092380874899828,0.012682385762867288,0.060837556004011306
0.008948433351321228,0.01689701154192269,0.06986899548007708
0.004684594980890022,0.012879787703561352,0.08008399032717084
0.004762257037739026,0.014636344821790992,0.07784931068691181
0.004061617002388385,0.016351236915467027,0.07452671032468516
0.0013746230040037055,0.01645511357315721,0.031023922477621424
0.0028419652833679976,0.020386786129616308,-0.0030705552361049993
0.002256800802210357,0.016950705048875747,-0.0016352944476389908
0.0021992913827353355,0.018340134615633996,-0.000643273331652594
0.002314864432901853,0.01833295695674364,0.0016214254087192348
0.0019156538908267073,0.016778635383010165,-0.0008663881961641362
0.0025822287331900284,0.0192432799399489,0.002723530566736354
0.002328595637453912,0.0180078549576006,0.0008705874928125468
0.0020684297476960545,0.0179691318836519,-0.0017764694332638165
0.0020400230372947803,0.01879430261642634,-0.0011207841964000487
0.0023832616766310544,0.017512473337550016,-0.00025904912200425123
0.002679050659060156,0.017166625260558455,0.0004857152588555458
0.0027810722387346942,0.020398599283160124,0.002446662957959367
0.001985622635253481,0.016376276377050747,-0.0008054851674035302
0.002216091423695943,0.018542356643944657,-0.00026974897584186586
0.0023159686852598504,0.018156974699842898,-9.450404487920672e-05
0.001957192779650896,0.01708222098479606,-7.067374538194393e-05
0.002304852237405175,0.01941397201120587,0.0017937489755472935
0.0020792570494929663,0.016972706469573495,-0.0021999999999999797
0.002282272708681532,0.018988761926202802,-0.0004214322207085619
0.002002518294992317,0.01838412035983028,-0.0004285700144612825
0.0020990003066496676,0.016460323824508905,0.0008500022351698444
0.002361149685164765,0.018448352269284207,0.0004666852102042096
0.0020208291689538527,0.018331504035548285,-0.0014916863277891768
0.0024951996934214904,0.019215961539098103,0.0014821468941517146
0.0021472745756203615,0.017825264174930133,0.002362851362384788
0.0018979041787763329,0.01619787940211781,-0.00041999713895157775
0.002456461857915926,0.019648781151095474,0.000406662957959103
0.002147232480330885,0.01803214484781046,-0.002406662957959105
0.002064584441728634,0.017003261659390034,-0.002568746367849206
0.002357115558271339,0.018802438340610017,0.0006687463678491934
0.002132299999999976,0.018131499999999967,-0.0015000000000000568
0.002263212703054851,0.018055746825825558,-0.0016266649712306513
0.002381489279200011,0.018537096773568074,0.0011266649712307064
0.002244349539895385,0.016862668834109584,-0.0006499992549433564
0.0021768765029630543,0.0184934753611401,-0.0006033330187593666
0.002007571974886435,0.019233212205356676,-0.0020466677262973576
0.00230409999999992,0.01760549999999972,-0.0012999999999998568
0.0020256576634878343,0.01865445333276572,0.0
0.002236135207779988,0.016991855944543666,-0.0020000000000000018
0.002303327128732491,0.018655710722690788,-0.001100000000000101
0.002202818655942629,0.0187035221209908,8.666592491346492e-05
0.0019129613440571624,0.01732660787900908,-0.0012866659249133328
0.0026534693801090192,0.019041077615803648,0.00024286103542237036
0.0021224767049088378,0.01763373146866698,-0.005013449930700409
0.002377094004984759,0.018599546326130145,0.0014643304202597296
0.002507759909997631,0.01816464458939926,0.001906258475018241
0.002263228757555691,0.018449660745690988,-0.0006705902977433009
0.002750626127606459,0.017576951037667765,0.0016972580240406376
0.002128577946957755,0.01910914144008924,-0.0002733346048935381
0.0020562378254962432,0.016992268633276186,-0.0019886275690428334
0.002452671712956267,0.017637203567322235,0.004542435115213905
0.003001933262991141,0.01696800359366679,0.01443403011065314
0.002686369869098648,0.016605225930232503,0.009665495358623488
0.0017925815151715874,0.020132958624550223,-0.007713335558601875
0.0018711077740429793,0.01845847825404956,-0.017916858010090797
0.002129665208122855,0.018680658173454656,-0.0010764725681589038
0.0030791409079435894,0.01684706359671262,0.014870586502860883
0.0024419722433424162,0.017696414737203403,0.006416081011523911
0.0018306868487139027,0.019152081666083953,-0.01278666751438462
0.002160525904126409,0.017174295381543248,-0.000299998509887045
0.002838918161090387,0.017152565969738687,0.014046143468255279
0.0019661216893802624,0.018823587111195028,-0.006628501941945419
0.002413394245403211,0.018820191537523012,-0.004537643016422788
0.002586571626631784,0.017171718942599945,0.008169997019729314
0.002103198142847873,0.017928333628590254,-0.002724994412031556
0.0024680595195873956,0.0182489347092043,-0.0031124960884529873
0.00178643255257116,0.017476406310164228,0.005309716586002988
0.0028007097835160977,0.017284512465202573,0.007842488551882187
0.0025679082626290928,0.016932365688206552,0.010355288660764295
0.0022210115583716217,0.019793640145644442,-0.006970007023403335
0.0016950307439351775,0.017702568067752722,-0.0057617571753936225
0.0022986178099100307,0.018312720042634956,-0.0007882361190973963
0.002922023959720743,0.0173029143163681,0.009794119462014361
0.0024424242087364156,0.018235572408994205,0.004055884795406417
0.0018010590684571781,0.018652160345759672,-0.008603848295127614
0.002004378996160572,0.017947057795174137,-0.001409312404049512
0.0016759073931447155,0.01790402141402292,-0.0029368435582437513
0.003002468375379319,0.017536690766649654,0.007894111047221042
0.0020739668812348455,0.019166148201668953,-0.005165541564932097
0.002292675872926697,0.01808441602564259,0.00017143051771117968
0.0020551433018769494,0.018258608245754315,-0.0038000059604523795
0.0025236726356898664,0.01845799541654558,0.005700005960452392
0.0026487793066727328,0.017809715063419773,0.0022800000000000598
0.0017159999999996067,0.016657300000000097,-0.0041800000000000725
0.0021589424034411664,0.02025006309206856,-0.0023916663355321166
0.0018925928414965654,0.01758138305028445,-0.0021749960925443457
0.0024673647550623734,0.016740403857646857,0.003116662428076289
0.002508898542234128,0.019091350592643108,0.00023571525885568434
0.0024251660651457563,0.01671865117796978,0.00034957918878331107
0.0021254017383700585,0.01841094297740331,-0.000435293312320173
0.002259408836789767,0.01844736474156794,0.00018333236358358818
0.002035224817460435,0.017161940510415974,0.0008166665010977958
0.0024612499999996373,0.017923649999999958,0.0016499999999999293
0.0024815152497095205,0.017978943192432206,0.0012264722381947202
0.0021522347502909156,0.01922320680756795,-0.0017764722381947706
0.0024410776190095795,0.017341410646109834,-0.0005600063577841929
0.002146187797592347,0.016721954666709893,0.00138353411958958
0.0025932469620038034,0.01968612066190789,0.002903136785599836
0.0020221156075934665,0.017007392048637326,-0.0029501866993482118
0.002822700197748329,0.017838954380601013,0.003752940268992866
0.0016591725684000913,0.01895038324566234,-0.004940529816852557
0.0025866950753976603,0.018318853550192804,0.001986107974575546
0.0015868041722546522,0.020160730800178772,-0.012174996274772809
0.002599800000000041,0.01812678000000001,0.0027600000000000957
0.0021186371453545405,0.016362696213939376,0.002139976158308743
0.0022162028546452994,0.018411703786060607,-0.000999976158308824
0.0023522828979238852,0.018752901434974767,0.0001799949136915835
0.002322941368656739,0.018246900742493244,-0.0014035226754969266
0.0022773012353818345,0.01762762703868581,0.003023518958665594
0.0021323651958575773,0.017782349238002815,-0.0031874846776154264
0.0026931312502358473,0.018201334307390904,-0.002225839004860175
0.0022680605278568855,0.01927237123716219,0.0013192144260667504
0.0028411385794790966,0.016714370314252158,0.002760787375291951
0.001795645437598914,0.019507470865535725,-0.0015133361943395762
0.0022907695724558863,0.015818379452246845,0.0012466668785962032
0.0017297439345531629,0.01781553536925562,0.0021800000000000708
0.002396180000000303,0.016933379999999998,0.008819999999999828
0.002197345601932632,0.018816480360491994,-0.005080001271577039
0.0024072255940619236,0.018552553564338936,0.0003157159222131334
0.002117227909923969,0.018674350496301062,-0.0029940484806809664
0.0023281130268109074,0.016545354636130605,0.003146567144211243
0.002613995531701274,0.018112167497717158,-0.0013015657997816898
0.0020522993913729692,0.018847820473335997,-0.00381019808112093
0.002517493649237146,0.01829571259532181,0.00212353056673642
0.0020529249250680337,0.018232655497275152,-0.00010000851498648267
0.0020315048917485257,0.016382785229142605,-0.00037058038029158524
0.0025971445707586582,0.018469777719489433,0.000639818253749258
0.002481548648219256,0.01889899296162889,0.00016201877885957394
0.0022117753804180573,0.017168734009698206,-0.0014026718430528717
0.0022554665769107807,0.01948320708819118,-0.0008619085679804073
0.0020222807907632756,0.01619519122367097,-0.00036078438338082996
0.0025322535110725575,0.019260316647265907,0.001194116657083244
0.0027951538467272385,0.017597215145509604,-0.0004499888241515926
0.0022247037340359377,0.018473026367748058,-0.0007857258264845068
0.0019147475976519779,0.0187360772215433,6.238078748732612e-05
0.002676428424598587,0.018869716204958087,0.0003400010596392722
0.0023787663969860873,0.01629856506024102,0.0007333328035095121
0.0020255850136239317,0.020567742523841914,7.143051771119069e-05
0.0021604722097752216,0.016541141359024125,0.00045798339194202953
0.002431596751868881,0.017965639441036407,0.0005705860903468807
0.003484177004625888,0.02013413458756541,0.031133294126996613
0.0019067184501375678,0.010216291520053988,0.07652297403375674
0.0009876525249872259,0.01787667973481366,0.07060372707090834
-0.0016856065684467403,0.01508485187132158,0.06645108600335425
-0.0017931769238201944,0.016228675296935557,0.07431963071891423
-0.004363020045865085,0.017570451671574505,0.03370260813380854
-0.0037814632278658777,0.017319038899612976,-0.005689579307813553
-0.003948335189020824,0.01888965309421986,0.0060562592200748
-0.003707534765718279,0.016614261380306555,-0.0025000000000001688
-0.004230488106774288,0.017348827407562606,0.00023999745684588625
-0.004505937127507131,0.01818795121213085,0.00010000254315434276
-0.004273931494434446,0.017146674111371052,0.005197504656603291
-0.003549458505565539,0.017360285888628924,-0.0076875046566033944
-0.004042849642376556,0.017515269297655123,0.0040029409289801254
-0.004438831326883275,0.019242288180807546,0.001747062249962461
-0.004462971592465337,0.017312720583951238,0.0010666652538220411
-0.004062840943616752,0.017403739304854282,-0.0024854185258966766
-0.0037814564946581086,0.01714128263273182,0.0029187500931320276
-0.004490038318975209,0.019906480430428836,0.002066668785961845
-0.004177614890567671,0.017068744352539623,-0.002854903502593764
-0.0030833467904574086,0.01696032521703154,-0.0004617652833680541
-0.004213699999999765,0.01796185,-0.003549999999999942
-0.004675864519820827,0.018443573993069902,-0.0005999936421148266
-0.003726293472708697,0.017276275685067267,0.0007666550106277814
-0.004515899035589133,0.017108704629034743,-0.0017666613685130006
-0.004353499033209918,0.017799405754083272,0.0006846128452480116
-0.004212485105979269,0.0183618932782241,-0.0001979453308633694
-0.004480358832692488,0.01754664666052072,0.0011133324856154037
-0.004141936786444145,0.018650660606267022,-0.0008857152588557238
-0.004127668612814883,0.01774970818293445,7.032076815405297e-05
-0.004339896730632731,0.016997872673747944,0.0009153960801731031
-0.004201709813395738,0.018217680428839367,-0.0011466764154244302
-0.0041317380567122974,0.01720537810821121,0.00044667482595306396
-0.004146298582157648,0.017340969938458323,0.0006500022351694223
-0.004616151417842662,0.019375290061541706,0.00016999776483039852
-0.003916606985615356,0.016453315864261298,-0.0022811102280853035
-0.003978693014384138,0.0187979641357387,0.004301110228085436
-0.0044848000000001775,0.017930659999999987,-0.0013400000000001189
-0.004202994982118735,0.017522441230231278,0.00018000317889210748
-0.0041817368994974125,0.01794811788379741,-0.0017800031788921533
-0.0037817770254426897,0.016766497737716657,-0.00037647784805683315
-0.004075392745991113,0.017677336110075548,0.0012631453624416533
-0.004371599947331717,0.018706027200899478,-0.0019241691907618819
-0.004237549510659022,0.01764976706110899,0.0009775054911083103
-0.0041559257974865815,0.01790912209509299,0.0008066607326742137
-0.0045637514573426685,0.01654351070379728,-0.002252546405365763
-0.003829441135354106,0.017699654504412632,0.00043920830358468166
-0.005175032542372726,0.017955539577091173,-0.001611899333907596
-0.004613990978624027,0.0185187909741375,-0.003688094308207157
-0.00478428503547601,0.017974680902724693,-0.003519997350914794
-0.004326452733434127,0.015887054144855806,-0.004725090918704211
-0.00383424662919829,0.018214812147761106,0.002951757055555504
-0.0047557716112685,0.018533476143054117,-0.002140001589446161
-0.004058550014725881,0.017273208709310928,0.00016469994249890263
-0.004456256505700029,0.01742479102029093,0.0017419726581942019
-0.003932984447976295,0.0184105318536415,0.003693327399306945
-0.004023260337989498,0.01613814119488388,-0.0009470590710196625
-0.0045086057280872005,0.019909241724053395,0.001604198035597415
-0.005029138831825097,0.01684815888460811,-0.003104199438043409
-0.003120852722659606,0.018037157010073246,0.006213727669956093
-0.00502154430902646,0.01805649599842929,-0.0036599994701931315
-0.004957295034157649,0.017334743867711833,-0.0017816666087124844
-0.0036599641261729765,0.017191887498714253,0.006817873541815844
-0.005221393427843779,0.018007757624732057,-0.00716640242120592
-0.003856682422553881,0.017361859035544658,0.0025501954881026467
-0.0045229819989933695,0.01829064324723828,-0.0008488908315451571
-0.004051737220668983,0.01660263539786555,-2.7824826762667954e-06
-0.004674303840021654,0.01942131851614537,0.001925005587924078
-0.003669173162419437,0.01608624695454619,-9.999999999998899e-05
-0.0041103432354621106,0.01855141732910026,0.0032000000000000917
-0.0043868975925343,0.01816159695660824,-0.00043998998641026077
-0.004345602068848375,0.01780935660885985,-0.0003957235694482808
-0.004187107566913095,0.016809091508377505,-0.0014642626033978257
-0.004053376373822637,0.018243540642507994,-0.0008000238407437354
-0.003985423724090609,0.017875469748468875,0.0016000014901131898
-0.00458761777043426,0.017452460681019688,-0.0010214282369329641
-0.0038872625411427997,0.01816023575768766,0.001094758596646539
-0.0044360242930299165,0.017923364782385875,-0.0003333302603805155
-0.0037018394574057645,0.018709433819266374,0.004059998410553822
-0.0038950880618457973,0.015677643467143065,-0.0008187530733583248
-0.004110221752604115,0.017698195185603893,0.0012387564112215088
-0.00370698239944689,0.018851906558424725,0.0013999966621367488
-0.005093951758722071,0.01838772500516539,-0.005013333863148617
-0.0038678930267002087,0.017045900999602903,0.0022361948985709645
-0.004053004565176543,0.01752161586535128,0.001407135984307084
-0.004248152788795423,0.01787915296577003,-0.00087000019862149
-0.004732160777238814,0.018007668802352272,-0.0027999936422158367
-0.00427837708336698,0.01779467636175802,0.0007199968211077934
-0.004180297409202893,0.018106432248271354,0.0029000000000001247
-0.004115956500169826,0.016465202329516204,-0.001064705552361156
-0.004480701122456132,0.017089423801441406,-0.001455300169690199
-0.003747947175946731,0.018476048695508007,0.0026200041325799006
-0.004747433955778924,0.018725916841578316,-0.0005562516701509423
-0.004562263836445091,0.017374576083684756,-0.0008437467403776822
-0.004095980000000221,0.01805795999999993,0.0019400000000000528
-0.0036343525035413826,0.01684649805926819,0.0009952986550356702
-0.004220447496458668,0.017915641940731808,0.0020247013449643525
-0.00443851999999989,0.018099099999999924,-0.0007600000000000939
-0.003781700000000221,0.017126350000000068,0.0022999999999999687
-0.003965036344851569,0.01882185936834402,0.001326668150173349
-0.004751969270620382,0.016485936451607452,-0.00038549176208291236
-0.00402665716764794,0.017389337761070545,-0.0008011732091981472
-0.004460137216879989,0.018339616418977966,0.0020599968211079123
-0.0038418999999998427,0.01765810000000001,-0.0013000000000000789
-0.005316464715325875,0.01916079213370625,-0.002266664017547715
-0.0032778825281281065,0.015900444296738536,0.002560782077096313
-0.004355779823653538,0.018221945058571887,-0.0012674514988468832
-0.004460748113833013,0.01897170977645901,0.0007947652950228701
-0.004865282984173991,0.017658236140189132,-0.0005480968269551134
-0.004808277208008249,0.017801627306248013,-0.003513328670985194
-0.003687114626877541,0.018122145288087088,0.0021399936422157317
-0.0049940510952328765,0.01733270613330573,0.0006000029802262219
-0.0049999717832185375,0.020624268226318243,0.000681248416754876
-0.0037083051523030264,0.016877144176554504,0.0019687545632047776
-0.005061710252624252,0.01889104930271812,-0.0009357195160442089
-0.0042957918102000114,0.01747912752983205,-0.0007892853265567545
-0.004734959906421032,0.02051214463127149,0.0007949988824149656
-0.003747561649299236,0.0161144376096376,-0.00045529164270763367
-0.004735998350700932,0.01873212239036226,-0.0013647083572922991
-0.003993683009130056,0.01838981429112385,0.0016117638809025614
-0.0039581408818336605,0.017119649126185355,0.00029490702428702775
-0.004570426109036241,0.018025936582690916,0.0018933290948104364
-0.004672301267583112,0.019417099181435304,-0.00028666454740511327
-0.00454361187575536,0.01857614811805286,-0.00047999788067132343
-0.0038967806010732353,0.016179903740626278,-0.0004083331015176661
-0.004573417583750405,0.019166433804276295,0.0014549952116997833
-0.0051762219810957966,0.019621302240304228,-0.0035035274439110253
-0.004188133975968178,0.018601923858641234,0.001170201845887009
-0.0037171534334383693,0.017354549148625553,-0.0006752469723649845
-0.004145918801370385,0.016415974016726897,-0.002727669940547406
-0.0046667104799649195,0.019271165891311393,-0.0019437571711693469
-0.0007686866176741525,0.018765512167790765,0.03737057767555374
-0.003344967863984305,0.019000602539663847,0.012400748791554284
-0.00461003667312454,0.017298044188000183,-0.004535611816471885
-0.003260061911124712,0.016543192608814206,0.0061392872120054065
-0.00504919693409267,0.018406198495731108,-0.006175001862641416
-0.0037705880792100466,0.018401754807584325,0.005347060473465559
-0.004912093128470296,0.0169572536865501,-0.006813727669956027
-0.003574229981011534,0.01822771734884876,0.0014666671964904676
-0.004360863542715254,0.016279010371980096,-0.0035750003725283364
-0.002056675268592656,0.01761981378503652,0.024675000372528233
-0.004787977226764717,0.017224231812125623,-0.007888236119097503
-0.004815912461762384,0.018305355098860332,-0.00478319147920625
-0.004243618773490887,0.017388378551362216,0.0013098899832211242
-0.0028594523643148406,0.017945340848747104,0.009943884781401069
-0.005760472801661365,0.017015932650134236,-0.012397737989045199
-0.004307366372005905,0.019335061038770363,0.0031153908227268268
-0.0042080137075499735,0.017028884970719194,-0.0017874994412077072
-0.003844374848438026,0.017960790289552442,0.005487499441207744
-0.004958647159575058,0.01795001505980931,-0.0052250044704060805
-0.0041482656798899065,0.016442780538087565,-0.0028808774700452844
-0.004188998604547134,0.019343529141831795,0.0032058819404512384
-0.0029260301291667012,0.015658222777442443,0.012135300057501075
-0.004285126852475063,0.01752791591762204,-0.003988625973419202
-0.005297845586943684,0.018372887785527592,-0.0035666664546192273
-0.0037683130029888545,0.015996236404559827,0.004643522937273881
-0.0035842133519516928,0.01785368598234527,0.0008264843346166284
-0.0047704000500092825,0.01838326164678694,-0.0018853079465264155
-0.005343338880996029,0.01823236397787964,-0.004998034989922129
-0.003588252145468651,0.017729485507835818,0.0063333280350954535
-0.004904779999999942,0.016992340000000272,-0.008199999999999985
-0.0044079599999999886,0.018887620000000105,-0.00031999999999987594
-0.0031192771961907617,0.015826123148254823,0.005990597310071122
-0.0042569181341907125,0.018312249770682243,-0.0015991633863654542
-0.0041890426987052365,0.017284117902011786,-0.0008381111866795354
-0.00450730197091298,0.019609589179050868,0.004366677262973795
-0.004659154114281083,0.01665776777874939,-0.0029999920527696844
-0.003566473024683603,0.018002200066959073,0.0056428530881917904
-0.00465007446543364,0.016094717187389307,-0.00918991589910445
-0.0035875674994580997,0.019176823049364078,0.00961371729175875
-0.005803171886831215,0.01811560849865579,-0.010896074522769528
-0.0023655463730727355,0.01611204761166185,0.010343700241832066
-0.0056614440198528015,0.018891507675614427,-0.007840954283990342
-0.003293735857597291,0.01834768880647264,0.008579607808309797
-0.004786038983139118,0.016821048708488995,-0.008017227020822526
-0.003328481125786986,0.017393419339396754,0.007757142978791709
-0.005490812649863841,0.018411171277247895,-0.007092857629427574
-0.0028121354632153484,0.0175803625204356,0.007757152588555805
-0.005413097724729088,0.017261500969179,-0.00658656088834686
-0.0032576755064632756,0.017947627885913864,0.006176078357329695
-0.006129422275948926,0.01679548817783738,-0.009986663699754539
-0.0018740836201787126,0.01626202002942101,0.005740053244075449
-0.006197708310567762,0.01920689446305346,-0.009353389544320745
-0.0029020223441285076,0.017156784162606797,0.006967621495594711
-0.004427298032123161,0.01757272658673692,-0.004001790994341281
-0.0047511567226448115,0.019317895204816082,0.0011374994412076678
-0.00418147535166824,0.01660120222711514,-0.004273529164270595
-0.0040194929293462245,0.01761910583773396,0.005390198480013986
-0.004869858112037662,0.01824055607002828,-0.0026238082803209384
-0.003453921237482671,0.01532743318360863,0.0002394931432236902
-0.004608752369465563,0.019506802681513946,0.0016176458213539302
-0.004318788637224014,0.01698759071006828,0.0011588250143752532
-0.0043211246155006044,0.018166548440135877,0.0007268902444803604
-0.00476318674727505,0.017563810849795747,-0.002435715258855664
-0.0034413854971040436,0.017621612066112124,0.001544111047220964
-0.004367786696356735,0.01696544520228027,-0.0005655347529429644
-0.003924735334974283,0.018523026449683844,0.0034773126585010417
-0.00527817822853871,0.01801547423392247,0.023060867782498606
-0.003108498984344177,0.016977471488516027,0.09603321942303111
-0.007704019829317232,0.012855169599497618,0.05451176808807623
-0.005528997443192907,0.014762951487683917,0.07132156259618005
-0.008447710318348012,0.015184037294354358,0.08051676691803333
-0.009631008910876204,0.014524582592498891,0.07174990686793148
-0.00996520397550027,0.01182524597766843,0.06484006133351361
-0.010522874781447644,0.012790933607782051,0.07885995803795653
-0.012039796196513297,0.012846039766910344,0.0585236048974096
-0.012220103803486815,0.009423760233089773,0.07667639510259061
-0.012677491949847575,0.008159645400614313,0.07444115815603825
-0.012773283362081056,0.010739827944374891,0.055075501225666734
-0.018451360647699477,0.011564684876420372,-0.010196665739489408
-0.017520364040371827,0.009309641778590283,-0.015119993642215945
-0.018739199999999734,0.009759999999999991,-0.008599999999999941
-0.01489048140050242,0.01013824641179184,0.0027117652833683614
-0.01582641948958763,0.009738864189813512,0.00016823153773959376
-0.014997287145959604,0.005713136998292789,-0.04948666306391569
-0.013088110142148057,0.00868169827895704,0.0025713886247551443
-0.017696535429584603,0.010457671303329974,-0.007044717295638936
-0.014391812749313448,0.009670214928665821,0.008450581004038504
-0.014771632123830702,0.009077285978385863,-0.0012991589786301994
-0.016831115126321627,0.01032021095630098,-0.003038096427459891
-0.015689328357637145,0.009428823760102123,-0.0011476168851047852
-0.01573877803511481,0.009487247194360116,-0.0008857137991520325
-0.0161998600000004,0.010495159999999615,0.03298000000000023
-0.012122624253116943,0.005405937063237776,0.07779054962624254
-0.013115370511247448,0.007592445676967596,0.07674946944711003
-0.01691994973325084,0.006198197196784161,0.059322794278145796
-0.018213245502384456,0.004171060063010934,0.05995718664850136
-0.018305693220904917,0.0031990472168357265,0.07753994659376318
-0.013775496722716163,0.001100717048342137,0.07569534224401364
-0.01490176005637922,0.0033305357348218934,0.051464711162223065
-0.018285899999999966,-0.00013276666666639514,-0.017999999999999794
-0.018381899999999618,0.0020121666666663707,0.015200000000000102
-0.01949184192958775,0.0005174211157910058,0.0004466740840816108
-0.016253161509209413,7.848485301886754e-05,-0.00644078942122972
-0.018580051341462234,0.0008986745843175825,-0.004285881483959919
-0.0201196753374826,0.001181458580497008,0.0045492280135666086
-0.016989293614779744,0.0007516023134397365,-0.0006692311924587635
-0.018848461838486763,0.001035944707271419,-0.0013200015894461181
-0.016213724964091458,0.001043289354165644,0.0010262496336728155
-0.020915414464900195,0.0013681994914986895,0.0006687519557733168
-0.01801124936223486,0.00066279856592244,-0.00016166772629722104
-0.01726903103305011,0.0016023316778963625,0.0024101954881023957
-0.018672628727885776,0.00020971845313333404,-0.0035696837240983825
-0.01986232409029176,0.0019258560535049263,0.004992822099144423
-0.016431381160757486,0.000450156435959137,-0.0010643105557397448
-0.017212853163330877,0.0013408827057403983,-0.0019423539916654242
-0.019068142983765135,0.001381563075984804,-0.0005462526138986235
-0.018866264478683892,0.0009765980318587886,0.02620625102445251
-0.016067555936617683,-0.0004937219432927797,0.07860003385933556
-0.014465127406299239,-0.001158034592056545,0.06572938143730056
-0.014201714314202363,-0.003143949268128221,0.08111064291864967
-0.013825502342880824,-0.005401374196522646,0.055959938964300626
-0.01479311243920245,-0.0024558292494516465,0.047559986648440855
-0.02139949840882105,-0.0029678415234699607,-0.002734973609951119
-0.01487186417301345,-0.005641806318124942,0.011216176796582822
-0.01687366696166981,-0.005833969879420753,-0.007874521049111127
-0.0192654248058175,-0.004143849675801281,0.020253318498469675
-0.010361088632588,-0.0031115837346100683,-0.004644985794295842
0.0015524738173611219,0.002988788118302388,0.030405004867648966
0.0027457947137108363,-0.004414881333125731,-0.03638000953672682
-0.0004382560772961952,0.0014517437161742919,-0.005858821835432515
8.02207840941982e-05,0.00033858719560386774,0.012051682643802852
-0.0006099127437595442,-0.00115369987108771,-0.014157580011375348
0.0008962876372664574,0.0014378782337347573,0.012923547396322732
-0.0013134727102648291,0.0011267843212769968,0.012321174985624683
0.00014437294513669485,-0.0003412373875240071,-0.0042035274318408256
0.0003189762152859821,-0.000104182387680396,-0.00027647256815921395
-0.00020475857251733842,0.00010955861622319318,-0.0002999999999997449
0.00019167582783685688,1.9854860224377546e-05,0.0013466700575386348
-0.00035386654067348644,6.74662405826254e-05,0.0004733308961366589
0.00015412025904160132,-6.86550524666707e-05,-0.0006700031888451363
8.644986588990378e-05,-5.4174889358993283e-05,-0.0010499977648303904
1.2938174410503933e-05,5.285274812916185e-06,0.0009235291642708532
-0.0001004381744107441,7.464725186867582e-06,-0.0001235291642704972
-4.38500190731439e-05,6.599999682110891e-05,0.0004533331214036096
0.00016085630213558133,-0.00013555626200156823,-0.0007720832145357015
3.004371693782204e-05,-1.9143734819593305e-05,-0.0002812499068682861
-3.898555517700686e-05,4.952853542272706e-05,0.000500000000000167
-9.381444482281509e-05,3.482146457711721e-05,-5.000000000032756e-05
1.1899889305055922e-05,-1.8750332083872223e-05,0.00025000000000030553
4.2314374999907756e-05,-5.081389305194861e-05,-0.00025714237057217204
1.699158958556879e-05,2.5396572302494036e-05,0.00016302431102355186
4.994146109105202e-06,-7.282347166182035e-06,9.411805954862018e-05
-7.3305757120945e-05,3.45235530061494e-05,-0.000300000000000189
2.5552447099563835e-05,-1.7563551416799328e-05,4.666613685122556e-05
2.967459919078763e-05,-6.631500227172182e-06,8.90474190073931e-05
-0.002426210985399191,-0.0007531388990962284,-0.0011239484374918618
-0.01568877618766562,-0.004510469731005884,-0.0009614849896264488
-0.01810985365446749,-0.005849518054812375,-0.0032502786386268134
-0.017796812924171235,-0.004065962301802006,0.010428571398169773
-0.0159440075374655,-0.006343619514646015,-0.008028572888282959
-0.016703315034570787,-0.0049561599560252745,0.0027777848419825446
-0.018908573807391305,-0.005852497339615237,-0.001192069583126898
-0.01647576177926613,-0.005262413399496957,0.00107678604499295
-0.017368609378771938,-0.005726009304862334,-0.002342501303848721
-0.01684701543880185,-0.00509991170817381,-0.0016745440752541363
-0.018190884561198217,-0.0055784282918263095,-0.0007454559247457304
-0.017584254470367933,-0.00555074868869232,-0.0018071440735698552
-0.017868412683728963,-0.005474587145369636,0.0005938086209749116
-0.01570743642634742,-0.004908520691518703,-0.033292474880626255
-0.01424543093810482,-0.002013130416912201,-0.08502085940642345
-0.01732746342188296,-0.0042145032181641895,-0.0713809413082962
-0.016093802059568008,-0.001333109839342761,-0.07409238895205927
-0.015917606960294872,2.875890898668132e-05,-0.06965994091230066
-0.015103417842307953,-0.0016760009843550527,-0.08555185661229192
-0.016240267129368657,0.0022052078975094425,-0.07002150490811276
-0.017236566706805068,0.0030068626071435567,-0.04356663752591272
-0.016128750983577023,0.0016015451545414727,0.017759975203216705
-0.020142498897212757,0.00522142850791818,-0.010620028609453769
-0.0160514546418713,0.0033567196240320563,0.006654112842352067
-0.018872515437238446,0.003990031650093595,-0.004664704562389765
-0.017799916361110224,0.0033968053523802944,-0.0004294120946934932
-0.0177993527108804,0.003952522922058055,0.0019266677262974596
-0.01865771122719373,0.00410048349145864,-0.0006266661368257154
-0.01860826106558222,0.003655789720017122,-0.0016000015894714892
-0.016028269508248316,0.003386316009189372,-5.8823611909897267e-05
-0.01782039052830875,0.003800929139026632,7.88236119095842e-05
-0.01827714002861036,0.0037806887634457276,-0.0001847055523604979
-0.018758872928156922,0.003343106017210218,-0.0007019558161522887
-0.017458182094322705,0.0033208059652563016,0.0004095189979409497
-0.016318423589926967,0.0032601240257275066,-0.000124107536295881
-0.017463918922711263,0.003633198691037176,-0.0015187481062852726
-0.01972388160180505,0.0035013719161987034,-0.001564707539207788
-0.016622940834466915,0.003499844621124293,-0.0015952944476391728
-0.01843306,0.003539210000000015,0.008309999999999818
-0.016347263628777364,0.003388199210228038,-0.0020749985098644785
-0.021024336371222585,0.004674750789771753,0.00032499850986456025
-0.016031607456909347,0.0031041513288361244,-0.0004470555236104623
-0.01851989254309072,0.004490748671163836,0.004447055523610466
-0.017822365952555375,0.004018549098278257,0.0017000000000000348
-0.01625797219583003,0.0019210919230454593,-0.007837489755472493
-0.018415511851614497,0.0038639589786764184,0.0008874897554727035
-0.017986499338419337,0.003495363881273139,0.0019499165573964028
-0.01785408272334532,0.004692054130591927,0.005935375085311723
-0.0169304594879629,0.002513380455437364,-0.0007781458661413332
-0.016970997518732878,0.004583501215940089,0.003128569482288679
-0.019479610931539604,0.005011000316757386,-0.0017857152588556247
-0.017789563715940204,0.003249545051089875,-0.0003428542234331644
-0.014221512286920923,0.0022818650162643728,0.008905356458635882
-0.023443423997138835,0.0034307399326460875,-0.02211250223520267
-0.013792620000000033,0.0015621499999998179,0.019070000000000142
-0.019334615706772418,0.005226666061736385,-0.011120000000000019
-0.01964066429322764,0.0036581339382637523,0.0034000000000000696
-0.020259477970167916,0.003221102691143951,-0.012093751955773335
-0.013970262276686629,0.0036292798346235777,0.01033221250670291
-0.017215069016584428,0.0016826754835785884,-0.0062984567361987764
-0.014695452809685428,0.004372413087241789,0.008501175378290426
-0.020057923059709326,0.0047776538182620065,-0.0064411962229939945
-0.018035622986039224,0.002030267075669112,-0.006341160760582998
-0.018125616781785037,0.0052788743254041925,0.003387844669151985
-0.016829138900629426,0.0020658385348468755,-0.0014284797402908112
-0.019165045624277566,0.005408098204193745,0.003381814451166143
-0.01834551139429519,0.004092815862021926,0.026862426698835318
-0.016851217489063486,0.005961642271706147,0.09145194500869547
-0.01225282191995869,-0.002865884587426759,0.06712678766396696
-0.015465299771117658,0.0018181033987345607,0.08037883621861663
-0.016867439999999956,-0.0010944799999998978,0.06648000000000032
-0.014532467357545986,-0.0027029617706428866,0.06856669315743469
-0.014765095489865487,-0.003119225344479837,0.06754762564365491
-0.01518502798747623,-0.004692012207486496,0.06985037272661598
-0.014494088587816312,-0.0056919413185831935,0.06437530751861154
-0.013937420577295967,-0.005023659358807553,0.07796000095368294
-0.013450841962210247,-0.007585460571020164,0.06305009834892994
-0.018945058037789786,-0.008693939428980002,0.07054990165107
-0.01135979823990585,-0.008401755216470352,0.06592355020125362
-0.01347186561459257,-0.011938381186179292,0.07353362695853605
-0.011370612148018266,-0.013677683482114844,0.04300103006561473
-0.008996523997483297,-0.01638078011523536,-0.03885820722540467
-0.011709613621552872,-0.01387670174839073,-0.012733354525947593
-0.013052256243660021,-0.015174688109192758,-0.007126646427735306
-0.013192040588086318,-0.011065476074943348,0.011347504679021014
-0.012986479757872482,-0.011970755201669014,-0.00031608172261288203
-0.013023575540619947,-0.013420897393776166,-0.0008478942409197998
-0.013315933647388256,-0.013850131937743093,-0.0015568526179583486
-0.012473727773381849,-0.012668605558534995,-0.0016738190957550358
-0.012260130300475902,-0.011421342643407772,0.0009600842209009919
-0.014077901551042493,-0.012895335688218879,0.006997055757392179
-0.0144685166428965,-0.013435180535762203,0.006270009695666268
-0.012587624333023406,-0.01259828510836103,-0.002820005722051544
-0.011848603116953238,-0.01398408411323393,-0.01802000826525063
-0.010336898584237475,-0.013979145128172554,-0.02172704164849737
-0.013540698298809217,-0.013589070758593724,0.0013470499137482328
-0.014192277836837186,-0.011122034729253993,0.016435305667363398
-0.0133129144561831,-0.012105056449144946,0.00678970476358387
-0.013411925500828648,-0.014639721839164288,-0.006485019967623629
-0.011316444704748685,-0.0126260241837155,-0.00809880904292637
-0.013190789448504825,-0.012686453541639775,-0.0027345088197043843
-0.014369621949096356,-0.01139481432793632,0.022093297597045147
-0.017539826103801226,-0.010032394929145205,0.03750002980226208
-0.012027587737423517,-0.015436813947388828,-0.013579996821107887
-0.013207092950587418,-0.011047867081221074,0.00463713919167974
-0.011389023377736673,-0.012283393732619885,-0.007621847922932634
-0.014026517704628094,-0.0132507178888841,0.003393280873364546
-0.013288344605513092,-0.013169167843834373,-0.002228575321003845
-0.012187392604624314,-0.012315405086049669,-0.0004333328035097672
-0.012695981019486935,-0.012188454420001715,0.0006933328035096942
-0.012715820776394049,-0.012015064416021737,0.0019282362840793432
-0.013792039223605945,-0.013944415583978298,0.00011176371592069856
-0.012503772775720845,-0.012483442931673139,-0.002741181420397254
-0.012053955793437043,-0.011160218709615144,0.0037078422590024473
-0.012326918438709866,-0.013044664862725153,0.0027800052982458467
-0.01396430320180081,-0.012690658593387916,-0.002123136972580486
-0.01302362979033142,-0.012845614902598612,0.004356470835729542
-0.01263642000000001,-0.013016100000000197,-0.0023800000000000487
-0.012175586106651842,-0.011266812480330568,-0.0010400015894460601
-0.013498307988462133,-0.014151649265862432,-0.0032266719649300946
-0.012319271555700145,-0.011547909765524889,0.006843144390105138
-0.013331808325850708,-0.013002989915214425,-0.000501470463201148
-0.013326526023335172,-0.01347233857306751,-0.0022750003725278134
-0.012573604970268132,-0.01251702232693841,-0.004217648378772587
-0.014151367805266712,-0.013064670425072755,0.00525764901456105
-0.013062097023511465,-0.013230283644446672,0.0008457146230669288
-0.012430630200953682,-0.012130123603542486,-0.0019857152588556026
-0.013091716283228041,-0.012706813458099653,-0.004149982119442175
-0.013346437534984379,-0.012777621969581876,0.005949982119442421
-0.012404878514986423,-0.012123935193673052,0.0044999999999997264
-0.01299885975297281,-0.017568892917473544,-0.003485718664850257
-0.013613557913828345,-0.014138986461171399,-0.00496428133514959
-0.011695250000000004,-0.011677650000000206,0.0016500000000001513
-0.01345094035033589,-0.013363387351163158,0.0036117652833680403
-0.013048511628546942,-0.012646621879082165,-0.003397480542223885
-0.013346685353587661,-0.01294085593724148,0.0015285738613997069
-0.013841062667529505,-0.011031334832513284,0.03705714139745586
-0.009067884920925055,-0.010922256428514743,0.06976004291504445
-0.01057811649021205,-0.007474870503789255,0.08792746695695541
-0.008676044651376308,-0.013369654513944784,0.07307245007364038
-0.008112821377166145,-0.013099388439627102,0.06736009441427981
-0.010684457699966218,-0.012293377419982487,0.08392276410057065
-0.008907301598359632,-0.015872594699386955,0.08342184782283546
-0.0060184036434659804,-0.014693499684127698,0.05367823562403107
-0.007842231932003313,-0.017820368966410705,0.01873356785590996
-0.0038243033412285465,-0.016388599554979955,-0.015263137277651495
-0.006027776931325515,-0.017760056708095107,0.010606669103830235
-0.0038712408129867037,-0.01558529200012071,-0.014031772482676175
-0.007809816600984537,-0.019715541081020582,0.014911770893229814
-0.003757853215152235,-0.017077342339031798,-0.01082941250718683
-0.005965044051000512,-0.016091296395769117,-0.020870547756660862
-0.004266716708479279,-0.01517460587848074,-0.10620673776838618
-0.005441386025367978,-0.01299475538671846,-0.06869330196776602
-0.007432703178942651,-0.014512967412658284,-0.0840800425978312
-0.007574499944348084,-0.011656211442368836,-0.06684346833438681
-0.00945737687670925,-0.013330241144972721,-0.0769764890677811
-0.01169922000000001,-0.012515679999999918,-0.06460000000000043
-0.011025804059876382,-0.012114251370038076,-0.0670143492106745
-0.013143122328066387,-0.009574032551964429,-0.06927135242420324
-0.012820999067036154,-0.00939060112925727,-0.04322096609142001
-0.01511538452216088,-0.011110646393420076,0.006283142769423655
-0.017260330022860204,-0.010449868555320041,0.02066352495687429
-0.012032956054864458,-0.010749872008190664,-0.02922235277618057
-0.01552266988807438,-0.010698376929264786,0.012302346418396226
-0.016090801902055918,-0.011987277101264127,0.009060004450418546
-0.0126304854766211,-0.010625354285515254,0.03299291458995279
-0.012739464450883087,-0.01077374115052443,0.03554244679787155
-0.012527130340812376,-0.010594170592582497,0.034950045614944525
-0.012845618850410634,-0.010863515726756034,0.035838612081123156
-0.012633284740339923,-0.010683945168814546,0.03524621089819613
-0.012845618850410634,-0.010863515726756034,0.0358386120811236
-0.012633284740339923,-0.010683945168814546,0.035246210898195685
-0.012951773249938181,-0.010953290302988083,0.036134777364374315
-0.012527130340812376,-0.010594170592582497,0.03495004561494497
-0.01273943913986747,-0.01077371974504615,0.03554237618144729
-0.012211074343193573,-0.011095239420932046,0.04530251283863951
-0.008559396078779813,-0.01975124617397217,0.033263788912629266
-0.006810931552596156,-0.011878219905996357,0.08877144803392323
-0.009537811124356643,-0.019991675382522445,0.07123528743531082
-0.005478806405644132,-0.01446801522861918,0.0783446712390905
-0.003324902955353426,-0.018093377811883027,0.04204860058990345
2.6739596752090034e-05,-0.012103458710476023,0.061947955047855
-0.0027215042530197575,-0.01794842011194575,0.07982345389841328
-0.00395533193736386,-0.021752343863046697,0.06692063574207996
-0.00045299746749832837,-0.01702041248267916,-0.01559777886525815
-0.0013138076125019382,-0.014932669485336891,0.01999151647600872
-0.0014555372354293494,-0.015441744500590993,0.0007768573893747188
-0.00016044060558462192,-0.020803182422899802,-0.00030588895277894323
0.00026211795297753637,-0.01820128784753461,-0.01363224429523946
-0.000696154314470343,-0.01823061393182357,0.006549771771324764
-0.00031358317473972885,-0.018768229669992476,-0.0008063216775813231
-0.0003033018897754536,-0.018152885694120657,-0.0007798852370823894
-0.0003238644597038931,-0.01938357364586407,-0.0008327581180784804
-0.00029816094088330747,-0.01784519536726914,-0.0007666662289569359
-0.0003084428386677107,-0.018460576020972175,-0.0007931042452096193
-0.000300731108919261,-0.01799902219177918,-0.0007732749451427878
-0.0003110130067036643,-0.018614402845482214,-0.000799712961394583
-0.00031358317473967334,-0.018768229669992476,-0.0008063216775804349
-0.0003033018897755091,-0.018152885694120657,-0.0007798852370832776
-0.0003084422258474717,-0.018460539343140736,-0.0007931026694549814
-0.0003084428386677107,-0.018460576020972175,-0.0007931042452087311
-0.0003084422258474717,-0.018460539343140958,-0.0007931026694549814
-0.00031358317473967334,-0.018768229669992476,-0.0008063216775804349
-0.0003084428386677107,-0.018460576020971953,-0.0007931042452096193
-0.0003187241236319305,-0.019075919996843993,-0.0008195406857067766
-0.0003084422258474717,-0.018460539343140958,-0.0007931026694540932
-0.0007165851389848155,-0.01670568621267554,-0.00023821947799973486
-0.0012538528051667663,-0.017051169905253127,-0.009687496013944141
-0.0012108064569357202,-0.018222065391964692,0.009372791653677659
-0.0006604226049394812,-0.015807006015174707,-0.016688244533891172
0.0014254713999327095,-0.01785314418940742,-0.010499019692815637
0.0009295469299848702,-0.017755751356592242,-0.02283333227370221
0.001533687174759657,-0.01770075461177778,-0.03220000794722999
-0.002080480000000051,-0.019123819999999903,0.012480000000000047
-0.0016233301931194988,-0.018324736983577283,0.03210822489937293
-0.002690049806880479,-0.020636443016422756,0.03291708510062641
0.001682787321185264,-0.018452658807901923,-0.019405299782015994
0.0005829205898423284,-0.01750286452912464,-0.009358836634825174
-0.002735712157459269,-0.01816519151499363,0.01857078867230122
-0.00018780157253039942,-0.01783992634483278,-0.012211974971028994
0.00033115389800503214,-0.015753336491322933,-0.009047045612971871
-0.0010774380790429805,-0.017144347311824015,0.026557368328540498
-8.35499999999878e-05,-0.01737637500000022,0.10517500000000002
0.003755900000000034,-0.01476769999999994,0.036599999999999966
0.0029051470619089192,-0.0171898404196138,0.08943337042040955
-0.0013695232256046852,-0.013135423451471562,0.1075019142099709
-0.0011068233032661134,-0.013961395895603967,0.11053615951130968
0.003948588035465328,-0.016596807914894818,0.06541091284188738
0.0009774114314965443,-0.015321632318415768,0.010517643016423328
0.005869618587277858,-0.017668628270337328,0.036273335028769615
0.005681110191276428,-0.015293829161601824,-0.0008233402441657489
0.020032572260959947,-0.017653984088231267,-0.08538331964075674
0.006324126959307674,-0.018635276354252772,0.0055862693325421375
0.01041173505073778,-0.016940666588494357,-0.020092956238476845
0.008258936950440277,-0.017139415537082536,-0.011259988237912744
0.007398652998978239,-0.01659559525204357,-0.004535713555858578
0.006124656041537946,-0.015818809698112224,0.0046857157910276115
0.007384475999417106,-0.017441161863528842,-0.0021000677972145
0.006643390210757438,-0.016816370326407704,0.000732415533295061
0.007114888827256971,-0.01689001088419473,-0.0023223569649237774
0.006560944275253944,-0.0172649921153587,0.0023399984786873773
0.006874009812934456,-0.0152947056017676,0.0002882376217572258
0.0072121818338639065,-0.016855654258586705,-0.0025882291067702567
0.0075140268291656875,-0.01720987105170879,0.0011352986550354771
0.006643867123491021,-0.01731804670714676,0.0025147030479617527
0.007040265731043549,-0.01711958134469671,-0.00251666307151055
0.00679792400001572,-0.015371034251285387,-0.004309809467216041
0.007043554322074208,-0.018898457464303964,0.00407647083572904
0.007339627425076045,-0.01644694227328991,-0.0022125005587918523
0.0074158783122793,-0.016202179724861487,-0.005700836483248928
0.006627061716652838,-0.016157868403693376,3.098426586056746e-05
0.006766931032354873,-0.01723982021654069,0.004682352776180565
0.007143471048298822,-0.015619396276812969,-0.00698000127157794
0.0062100219294676795,-0.016387730096197872,0.006666668997874936
0.008426964664907721,-0.018895424302473818,-0.003274162510823686
0.007531165367675952,-0.01688727002320367,-0.0017524988576891332
0.006997120497496623,-0.018028597863784523,0.0028999936422158257
0.006852376534788124,-0.014135330254547496,-0.008101177790555525
0.007019303465211846,-0.018817629745452424,0.006681177790555104
0.006714207436152753,-0.016494195247885868,0.0007188250143759234
0.0076854325638472665,-0.016736804752114143,-0.006398825014375831
0.005838365594303313,-0.01650614369265979,0.005986666878595948
0.007359334405696666,-0.016445276307340273,-0.004046666878595673
0.006181262360354239,-0.01772701532356935,0.02510713555858235
0.0070736370492077705,-0.01566509517528758,-0.016824779977470783
0.009028439440296548,-0.020356039521806202,-0.0006823587600548464
0.005327290499687387,-0.01558265411918125,0.007645456936231199
0.006782185779572375,-0.014715797105890105,-0.004176701428986185
0.008469038919995564,-0.021115420378679417,0.0009378995035342896
0.006182837853163703,-0.014356046913115539,-0.0034184099379732658
0.006213622325080409,-0.016514476829161517,0.0054917609671853995
0.007848905772641995,-0.017497414633309005,-0.007380002861047785
0.0065740290554964775,-0.01779138605876096,0.005184616513222551
0.007189350944503542,-0.016269087274572436,-0.009351283179889869
0.0072058082016348834,-0.016424160345140715,0.0058666939146228
0.0048465941997850315,-0.01327281265820146,0.005033307851451951
0.009328235642576649,-0.02021773448730635,-0.009066682208159982
0.00763213985316627,-0.01553901196629065,-0.009706662427923618
0.005066215069817734,-0.015901634025796085,0.015389967815373495
0.008815107033019437,-0.01768491318393134,-0.01574995827869774
0.005945928058829653,-0.01693618964222382,0.00822500260769754
0.007085731941170348,-0.016288210357776167,-0.003005002607697982
0.0067163766500301925,-0.01695280748323108,-0.0002533328035090321
0.00620814278141027,-0.015056908409508352,0.003786271670036534
0.006454190334116233,-0.019121391685739453,0.013347062722918857
0.006647877985117574,-0.014484937191969194,-0.009025001216917516
0.007086720958440748,-0.017257775559164967,0.002706243573887157
0.007632431290884978,-0.01815957967038695,0.0012187560535839026
0.006684892958753869,-0.017040183620758154,0.004553341810379585
0.007664394532106666,-0.017326297804679758,-0.0035333367240699687
0.006330508850911803,-0.0162923088679654,0.0026299911884084537
0.006614891428835156,-0.016352959259955224,-0.0012299975462948254
0.006641380519943247,-0.017137806101095915,0.007146646745629148
0.005912599106790219,-0.018357884879035974,0.015303938223917513
0.010180910509358553,-0.01707567691465392,-0.02996222718521402
0.006395966129404029,-0.015424733093408804,-0.00010834288877692444
0.005502793840283144,-0.0173493472804179,0.018641161361646397
0.006894929380503671,-0.016856723243292654,-0.002201175939307909
0.008481071188273133,-0.015939353234804415,-0.016597144822884324
0.0052758983669927845,-0.01842482936366334,0.022190486527433606
0.00523502643131895,-0.014861722402009087,-0.0030000031789425563
0.007466296422181676,-0.016448234873337228,-0.005021573856002881
0.007536410101008709,-0.016912046819131873,-0.003645099698372789
0.005945347965194844,-0.016145885049546872,0.005026665077262571
0.006312777601451686,-0.016464015664125753,0.00048000593395869373
0.006782174541916347,-0.01792189964859776,0.005826664971230855
0.006043342420186851,-0.015484716586755308,0.0009529416714579853
0.006735230808772849,-0.018114922704351742,0.005553724465393373
0.006471377270471215,-0.01590845024508869,0.003479035498026306
0.0066918796253405965,-0.01596365234332425,-0.004385701634878281
0.007291403838573296,-0.01684244000699367,-0.0019266681501726168
0.00765207552723772,-0.016338864619089143,-0.00836666730242186
0.0062945285692276864,-0.015170723264358116,-0.0006243101212861646
0.0075022765302201755,-0.01716001128701139,-0.0010537849438296831
0.007153814443638246,-0.017161120364789367,0.00012437284913691116
0.0072624312910583855,-0.016478749992996894,-0.005986273545464549
0.00740946614547458,-0.016392273618147768,0.0329190739636509
0.005395337003301082,-0.014232579339721885,0.08173303565566847
0.009646366651268834,-0.013721287506891777,0.0593812215947187
0.010102817619174503,-0.013841150111496003,0.0659647504312586
0.008136002380825486,-0.013069969888504007,0.0844952495687421
0.014440489904632148,-0.012003804329019041,0.04898283719345997
0.009451405594014473,-0.010240809173077625,0.07033362382501007
0.013676139227780854,-0.010977125718310998,0.07617397407510396
0.012620306965226452,-0.010178874034855068,0.08040837729861039
0.015145697382096368,-0.009221440268539216,0.03304117966058495
0.01634141395176031,-0.00878249601605341,-0.011633327505363944
0.015135455490821126,-0.00902050889022471,-0.007584331405742439
0.01622023418229246,-0.009563333597464363,0.0009353098747597599
0.017292217328623793,-0.011614983258559086,0.01106806543044403
0.01479778502214929,-0.009128330904124293,0.00025178875917042376
0.015565422147687247,-0.00803446695873078,-0.012587487839711642
0.01599679426332179,-0.010218574475099662,0.0012633247087601163
0.015145669495373937,-0.009447036652059149,0.0002572520152606117
0.015100749044219763,-0.010470795723882598,0.008029413909653726
0.016235626231951017,-0.008950081878734584,-0.007893750465660432
0.01599281643581768,-0.008910626634473895,-0.006086247626974739
0.016229677438724166,-0.010299809662107418,0.004260002860973167
0.013702888856664375,-0.009580242484123369,0.00801411188874468
0.01817994346872287,-0.010254214892331859,-0.004822679327382673
0.01541664756811989,-0.008477174448228875,-0.005121437329700385
0.015540656035652689,-0.009136054320874443,0.00036538165278887647
0.015074444142365251,-0.01056742562428964,0.011304623115549362
0.015217572846180416,-0.008674318964121852,-0.007070034569268024
0.01695478697580166,-0.009488611090714083,-0.004309970199069646
0.014527763231841573,-0.009104495602148543,0.0039364750431252205
0.015928773869302804,-0.009582366978632295,-0.0011764750431257909
0.015921638917865688,-0.009615914903721823,0.002459999364211818
0.015755063980989914,-0.009192462515497324,-0.001759999364211673
0.014725949999999988,-0.008744049999999948,-0.0026000000000001577
0.016925528681729918,-0.010708450841800277,0.002346152294318671
0.014442949238553937,-0.008167190488157838,-0.002704974503762614
0.015322952079716234,-0.00882774867004188,-0.0009811777905559538
0.016103219999999974,-0.010071759999999985,0.0022399999999995757
0.01605108699833102,-0.010280668576651109,0.001200000000000756
0.015090496618835214,-0.008716482138607873,-0.002014284741145289
0.0148938049597519,-0.009300493758325645,0.0012025180553107973
0.015450005434049063,-0.009350318225294862,-0.0005882349036125945
0.015851246598705848,-0.00969571284607973,-0.00045713737513075614
0.01512755939032695,-0.009106224455040834,0.0008571389645775085
0.015594484000381437,-0.010175582161363161,0.0022200003178944883
0.014803000593534565,-0.008867744052120208,-0.000761172498588536
0.016317874454108483,-0.00954809376948662,-0.0023231142634472235
0.015650486925307017,-0.00924612998893104,-0.0025642859575549792
0.014048089067269842,-0.0093866591076609,0.0065462182230504595
0.015898972560371427,-0.009471483185947593,-0.002877647728750432
0.01767336575563483,-0.010934261293754854,0.0020742900545354104
0.013324992037005767,-0.007804200978875131,0.019816943133315057
0.014326820778205684,-0.008843582782054438,0.09310244113470922
0.01130865265123182,-0.0074777317947100075,0.09313689404066583
0.013233481176949113,-0.002333250885096061,0.04368943354416999
0.019358136931684533,-0.003804412803509516,0.0043133413866556225
0.019039030411106217,-0.004514893390088814,-0.019110846602128362
0.019128037794298947,-0.003724991585945525,-0.015049160921377869
0.016991075195294636,-0.004874875046844918,0.0054454785290367624
0.01718510810256113,-0.0059052246480661985,0.005312624937515054
0.017777511213902475,-0.00446196068497684,0.002257135071995542
0.014833054060533257,-0.005502593820709278,0.011924373477159023
0.017867431098693043,-0.004654931381537386,0.010400380037062895
0.01822388039871936,-0.005225975473714173,-0.0038062745997038405
0.01820507030316021,-0.0043152064100902,-0.00636133751706236
0.016268254176284414,-0.005095597438816379,0.007254293194522532
0.01711747387125584,-0.005228482359247333,0.0045835221705967655
0.018417609356642606,-0.0040162379319438335,-0.004343534250579317
0.018080522904196705,-0.004672078679057279,0.0007199693251926931
0.017169584181666586,-0.005102368345452302,0.003875035761115697
0.01803054000000004,-0.004954050000000043,-0.0016350000000002751
0.01786955053166972,-0.004736975222125017,0.0027066677262972405
0.015485147287051415,-0.004079557818922885,-0.004763334613723025
0.017765022181278844,-0.005256046958952099,0.002536666887425376
0.01807365131368943,-0.004669365113108892,-0.004302354178645551
0.01744418868631059,-0.00517005488689104,0.005582354178645943
0.017141086731100597,-0.004666223647434298,-0.006046154128306114
0.017081208549602822,-0.004859676691962411,-0.00013619864787450808
0.01847329016452237,-0.005042824752986119,0.005532334895622881
0.0168043909905482,-0.0041219852620202335,-0.00022645435763646304
0.018283913264451668,-0.005368012314637238,-0.0013635283975945711
0.018392499604951373,-0.0045683928163139376,-0.001959997661213464
0.016049441282585786,-0.004948600064512809,0.004031577376458095
0.019678110706046192,-0.004530101488994909,-0.008038246805752713
0.017893635532198582,-0.005771582537098974,0.002320953927145375
0.016452549807174144,-0.004140996461487023,-0.003214286200848626
0.01841443195380066,-0.005029568378033256,0.0012666677262975767
0.017488741208657732,-0.004881267648551457,-0.0021952440205748047
0.017896100204359833,-0.005059467935967343,0.0004285762942775051
0.017942195962193486,-0.004577331239782101,-0.0009571457765664704
0.01685119113652611,-0.004113278886019089,-0.004878145866141992
0.01634326722464241,-0.005036793564951347,0.0015752859206115133
0.018713833636583965,-0.004351369723112675,-0.006462217383150559
0.016870653332222485,-0.0051696906819745925,0.004572205224689263
0.018429419489838894,-0.004904250684419242,-0.007216651435185462
0.01638441121395351,-0.00461755794497376,0.004672548368812812
0.017985006883467047,-0.0045279681841676744,-0.003691594311924895
0.017189634596110004,-0.005341003104650466,-0.0004542837874614847
0.01618487259339485,-0.004216580568344841,-0.003885000581154152
0.018903679621284253,-0.0054196662798787765,0.000924999627470946
0.01652029544045086,-0.004123898013368876,-0.003082352776179853
0.017480606531116827,-0.005414567139342963,0.0015394951467522233
0.017731920163058357,-0.004774646814227679,0.0003495253557259659
0.01629072162843448,-0.004739118130716813,0.0013683311561170086
0.020453962233469625,-0.005670811865831293,-0.003441666078905392
0.016685828313252937,-0.0049099671742378614,-0.0003333328035095562
0.01670885441938097,-0.004958705156496324,0.00038333311257332525
0.018029000121738692,-0.005136291776850821,-0.00017083702412001855
0.018016124405067835,-0.005081887377270888,0.001952208061442029
0.017134521053812524,-0.00562713568938189,0.004335295850104615
0.01773421451966195,-0.004603734940470061,-0.0030562502793962665
0.015870616393483195,-0.004561448208065144,0.0028091877434581747
0.016972194562901333,-0.00488558634188041,0.0052870599927841155
0.018220568668659842,-0.005382373534983054,-0.0007517613377485688
0.0170898878988901,-0.0042385831905413784,-0.005031090342530575
0.01763117758174415,-0.0053061788623978146,0.0018071406675748136
0.016971807434011055,-0.004394593066506802,-0.004952522728220998
0.01803856800438597,-0.005771000304149232,0.0028082366019734906
0.017232364936262456,-0.004368481551006109,-0.002820000317893978
0.01758519289509497,-0.005469998242506824,0.0005857152588548686
0.017528178964577812,-0.005090434468664862,-7.143051771052455e-05
0.017151770534055366,-0.0050075617659191,0.0013798333184036338
0.01774446552966058,-0.004633587627336011,-0.0017741164701021717
0.0179862247307101,-0.005452426119497922,0.002893330896169388
0.017328812634908264,-0.005124131714086655,0.0026366697495543434
0.0177504597162379,-0.005177846187493396,-2.333567446743956e-05
0.017472744434475107,-0.004576052553665555,-0.0022333215714311905
0.016838735064655275,-0.005212831112145766,0.001636068507868238
0.016803956407027254,-0.004501299717855067,-0.0017960775146868002
0.01901336467354131,-0.005481553328302136,-0.00032708644811307863
0.01590310643126802,-0.004576396013357131,-0.00010626542880043388
0.01792892356961895,-0.0054589326444012265,0.0006428803358780044
0.018033231080835765,-0.004959498504768289,-0.0009761977747508865
0.01615483670691331,-0.0041573344093255304,-0.036038060205604516
0.01554148069222272,-0.0038794475464880573,-0.08055080307554174
0.013912742226771968,-0.009813021082333728,-0.04984918962530216
0.014528073928814944,-0.005179654301771031,-0.08832869891008155
0.013049547215599144,-0.008943519274523304,-0.05869276055858297
0.01307575256301119,-0.008238673385558393,-0.07410715429155346
0.012735927100486322,-0.010980496719331212,-0.07482662682391794
0.016265186152812916,-0.009907640998576994,-0.09666161770997217
0.009455736746700971,-0.013097562282091912,-0.058311755466109005
0.011641212429113423,-0.012274060617155635,-0.08149993188126992
0.006909716665735033,-0.011987261881196476,-0.055447144679324545
0.009640722418303938,-0.013518219000495435,-0.07887288052436237
0.006789176102368177,-0.015502510425633442,-0.06803007942281525
0.007879746901684914,-0.015809387978562794,-0.0773432719242404
0.006095643714030263,-0.01579903364020563,-0.08044005775039587
0.003226194310312014,-0.0141179999333223,-0.06902540834320803
0.004283687458451979,-0.01579382652342831,-0.07649122547438392
-0.004422550092387123,-0.02021794537096344,-0.0033749787658887698
0.002726960092386932,-0.015867734629036567,-0.05493502123411176
-0.0029568157761388214,-0.01924216422703995,0.03215997138951643
0.002572173702201752,-0.016432158199191305,-0.015582328620526553
-0.0013887179260629878,-0.018763497573768717,0.008282357231010451
0.0010913000000001283,-0.018579399999999913,-0.01100000000000012
-0.0008750752715731558,-0.017515568847695562,0.008825002607697918
0.0007741747748615246,-0.018970188514566333,-0.008574997640580229
-0.00023263357519587302,-0.019122826428309425,0.0024833326048057103
-0.00011709775690826874,-0.01711519793915195,0.0039916680160008156
0.0007381919267275272,-0.01753635134399656,-0.0017183393451167817
0.0005216635434495132,-0.018877544594821494,-0.000653725973815078
-0.0012711502475220016,-0.020954977254051377,0.010313726927498656
0.0013613597657120557,-0.017065577852306335,-0.009886665924914162
-6.585130860337074e-05,-0.015500449170013031,0.00011411967535401857
0.0009028513960243068,-0.020733756620431087,0.004959212174473038
-0.0008101095133805636,-0.017626021906720135,-0.002700392192423351
0.0009366764809870531,-0.018105014821194088,0.0005470590710192624
1.085632322750385e-05,-0.018438757179494836,-0.001085713555858625
0.000153468217443109,-0.016449535167951668,0.0008482163498211293
-0.0003056847552493913,-0.02095211235929617,0.0007174972060379758
0.001430783738131769,-0.016192481931475378,-0.010580000000000034
-0.0002245637381319554,-0.018665438068524498,0.008299999999999308
-0.00037596052452526507,-0.018306108680103073,0.0011333407508669069
0.0014561818295666384,-0.018365964710947313,-0.008702091589054994
-0.0009187623664903555,-0.018842985700725956,0.014475423438881307
0.00028785743972203903,-0.01713530446375433,-0.008171378153053688
0.0002528844825846477,-0.01832952668829413,0.0034046998302645903
0.0005450791391425902,-0.018295709756175338,-0.006459994277904002
-0.0004884399999998124,-0.018806600000000007,0.011120000000000019
0.00041974286103529934,-0.01854145776226157,-0.007057145776566465
0.0004784571643958735,-0.017863556237802003,0.0007438132909518558
0.00034199941190449223,-0.01615302764183424,0.004346669527656388
-0.00041149943733564953,-0.019901958358102156,0.0035666629579589326
0.00031899999999973616,-0.0183103,-0.000900000000000567
-0.00040890000000004534,-0.01582529999999993,0.0029000000000003467
0.001628353431668561,-0.02088697647582416,-0.009366668785961707
-0.001102561298097715,-0.01704367545046237,0.00880198006318711
0.001166763438636309,-0.018355877419762523,-0.009349589206380848
-0.0006219627994181742,-0.018058769258417318,0.007894281108047352
0.0010223337523087572,-0.018441353142362615,-0.004620002225209419
-0.0012733327477789658,-0.019746827510899623,0.007226663593722371
0.0012526062226814183,-0.016109120742271443,-0.007186664547404575
-0.0006517999803654639,-0.01837906223721264,0.005641173583158299
0.0008693599803653029,-0.01804683776278715,-0.0003411735831591045
-0.00017210898299779842,-0.019526493897986885,0.0012499932944916026
0.0007409778704485781,-0.017591019177403577,-0.004657137246399046
-0.00018200041333615857,-0.018701736979105377,0.00385000158133586
1.6983315010765665e-05,-0.01772718289783448,-0.0013428576294280958
0.0004097882108746731,-0.018376867047670054,0.001700000000000479
0.0007861999999998481,-0.01790219999999998,-0.0030000000000001137
-0.00033526666666672256,-0.017863966666666453,0.00416666666666643
0.00019702725635140084,-0.019236107806829494,0.003073331743887131
0.0010341584542445936,-0.01660135072171176,-0.009721252508425593
-0.0003510047897767876,-0.01834464266778202,0.002161247740087191
-0.00041388920795837336,-0.01842267095205452,0.0032200063577842997
0.0011262198636048382,-0.0176304965739722,-0.0037133195581340317
-0.0004317451550264195,-0.01903756706666382,-0.002829533935505779
-0.00032477611200842915,-0.017117462958117002,0.005631086807805552
0.0007943704711705912,-0.01856727567926919,-0.008499998432532685
-0.00021967376552245454,-0.01816463224831999,0.006158435175906085
0.0002603153396276703,-0.018301004072222682,-0.005140791004469847
-0.0007072359820918805,-0.01895784694186009,0.005394120946930592
0.0010484398903329861,-0.018675314600264503,-0.006086666136851271
-0.0005385983651966519,-0.016483852757097406,0.0025807827939345884
0.000662900935128441,-0.019603435807604708,-0.0025798251039494957
-0.00024341864967070137,-0.018168544702331868,0.002173941761032694
0.0001947516566835894,-0.017181487803458406,-0.000888234804278909
-0.00016818844213206674,-0.01861979993181162,0.0021533314325736796
0.0006011249093704762,-0.016765631698694605,-0.0022709771662805522
-0.0007353116404638094,-0.02012740834326765,0.003617647223819631
0.0007771646999423787,-0.016785762850090258,-0.007523524956874361
-0.00019702581193659086,-0.019285791468503177,0.0006035278179226111
0.00029360111199405736,-0.018159825681406616,-0.0006000028610486652
-0.0003253836200807214,-0.01618133117435816,0.00400749944120804
0.0017190378154237074,-0.01988235730374699,-0.01755416875695115
-0.0007036588097348861,-0.01656748915481332,0.008078433196646806
-2.9568255353051853e-05,-0.019196876818325048,0.00844156203501445
-0.0005161599657457216,-0.019311168837244264,-0.003096186951339952
0.0007711928354905417,-0.01616349671151207,0.0010428610354216161
5.665763331386131e-06,-0.020469024350314058,-0.00617332750536459
0.002589063190569618,-0.018527436373638295,-0.020285493301613222
-0.001216975452818847,-0.017679495076950325,0.008351130897577441
-0.0013494861926637292,-0.017991276403901413,0.011682685438994866
0.0008443273589899825,-0.0197707445177584,-0.01178166325589114
0.0001416701811955967,-0.016812335596694705,0.004024313547651204
-0.0003036375154974458,-0.019912925572432183,0.0008823712086183377
0.0026422684833389276,-0.017097225812502614,-0.02547061714497456
-0.0009841342174623513,-0.01834755565526125,0.009683919673135755
-0.002982134562198091,-0.017913222186868083,-1.3374054046444428e-05
0.002020047704810679,-0.015518955839483262,-0.1033263701836944
-0.0005149649907312259,-0.017623924082784903,-0.0870590641259712
-0.006995876123037981,-0.01213205431720299,-0.03401092362233271
-0.0019485870044730902,-0.015494484552766252,-0.10355563775209742
-0.007574166623353307,-0.013720539661441045,-0.05465325981999136
-0.006716422632122576,-0.015481166952237668,-0.062433359294285395
-0.0035073573678774395,-0.016461833047762386,-0.1136466407057144
-0.00734212407332091,-0.009691253607842842,-0.07548824172895952
-0.007529146732859093,-0.014816319793943933,-0.08537845407801559
-0.012166994435812928,-0.012234197477972053,-0.05621322789961347
-0.010967097154294336,-0.010640138962247914,-0.08135338207590825
-0.01208703760371277,-0.010859190157993304,-0.06896669421750357
-0.013747635289509397,-0.011375189002043484,-0.06661430517711153
-0.012466025933720815,-0.008273941815734265,-0.07197982830955807
-0.013043926548966578,-0.006851856561819858,-0.07687254006770639
-0.015801956319916766,-0.007472938124238215,-0.06020982533066377
-0.01661925454570934,-0.006805947375014831,-0.08435016131777662
-0.016668836907136164,-0.004691500677007632,-0.0640733670451401
-0.01427142480509147,-0.0034315493152292653,-0.06368818659698894
-0.016060401051227302,-0.0024392040338940824,-0.0763984584378532
-0.01581721744478415,-0.002996903914378013,-0.0731932832127109
-0.0126039289706954,-0.003832451963337924,-0.11146294018543967
-0.018709412183242513,0.0023374827826976308,-0.03421710149863788
-0.018293966543343032,0.0027053743881739756,0.026848224899373108
-0.016650605557841924,0.0010919463828722442,-0.005448218223646606
-0.020027597202289193,0.0018906287946891531,0.003795706880131977
-0.017183460696525987,0.00019905043426460267,-0.007835713555858437
-0.019131049999999927,0.0017892999999999937,0.005700000000000038
-0.016449422398777003,0.0009351759953997174,-0.0005470583285416275
-0.01997637760122295,0.0013709240046000382,0.0026470583285416183
-0.01800369515266187,0.0006573562636909003,-0.0026000000000001577
-0.018144989792105104,0.0016241764900244426,0.0036000000000000476
-0.017941305146468522,0.0008957872418342561,-0.0007666656070188793
-0.019098046857028095,0.001692799429070746,0.0040466687859113115
-0.0164563721705675,0.0005584863689649389,-0.005262355955072628
-0.01901766508128011,0.001633054217541119,0.00292235754451875
-0.017456412951902145,0.001105564273967019,-0.000728238082504884
-0.019377910487659245,0.0012965018215584934,-3.176986472563925e-05
-0.01822637706548047,0.0014876070719731516,0.0022866671964396623
-0.01758675314249558,0.0011547661299520229,-0.0023166610372769014
-0.019352772152351427,0.001525400691423151,0.0017499970197292214
-0.016244908606930952,0.0010855589568459223,-0.000529411104722044
-0.01879628229493502,0.001198040172123438,0.0004627407292892016
-0.019187649098133974,0.001329060871030574,-0.0004133296245671936
-0.016901424465272985,0.0009627914118821579,0.0010675009313207973
-0.017837562244536365,0.0011844614150935406,0.00026963803325719127
-0.01892864440822062,0.0013248176902465048,-0.0003041994380437174
-0.017747154062375037,0.0008867021050877888,-0.0010529411160056235
-0.01908841481959489,0.00160420737769007,0.002800001589471357
-0.01621313750866027,0.0007228006504633733,-0.0017411777905556036
-0.018783224374822716,0.001319980822263478,0.0004483200394957976
-0.01836409811651718,0.0015812785272730778,-0.0012071422489401407
-0.018639348497178743,0.0014566405499483182,0.0005733322737024871
-0.017873810105039967,0.0011102259360487032,-0.0022399978807214893
-0.019244676166914276,0.0013452939367954997,-0.00035333757187316905
-0.0166617803971294,0.000815969069654976,-0.0021741134781905203
-0.01948953952657706,0.0014152634980950651,-0.0007058992373778494
-0.01789928659968454,0.0015585260754544805,0.006600015894460576
-0.018230898707475962,0.0010893409340027027,-0.0032199999999997786
-0.019004045270742953,0.0013296850354986844,0.00013111052241177035
-0.018545114729257017,0.0011106549645014674,-0.0019111105224118852
-0.018092722247956328,0.0016031856335150252,0.0022857152588553475
-0.01715363539110837,0.0015174325965285895,-0.0003669666558363538
-0.018861643670518013,0.001227852708802768,0.0005098220957089339
-0.01798971745571576,0.0014453497020285866,0.0012847617868874117
-0.018055531234701494,0.0008684793591249296,-0.0023133324856150494
-0.016953196308511664,0.0009164986926806229,-0.0003666693157438061
-0.018506893400022317,0.0016634197161766728,0.0006229195951394928
-0.018444871090334436,0.0011220210608953174,0.0003237509921811821
-0.018261449201131486,0.001654640530247331,0.0033799987284228727
-0.017936340000000106,0.0010525200000000012,0.0023399999999997867
-0.01925678048478119,0.0011347872542319948,-0.0034733322737023897
-0.018579978152406307,0.0016850129937258096,0.0008733354526455628
-0.016638125052138353,0.0010371469155558977,-0.00038235595512370324
-0.017568399941229274,0.00115919285174515,-0.0017376405482520951
-0.019309717931895287,0.0013521401799283517,0.0007399936423269082
-0.016394098437549687,0.0009248198048128486,-0.0018200003178940882
-0.018288103051796956,0.0013710474578294551,0.0020000059605411735
-0.017798633962073485,0.0013875447122053686,0.0004411662201522226
-0.019295353042396712,0.0011415879329632617,-0.00042117345227055125
-0.01776640912460503,0.0014501183098354353,0.0017228632800581067
-0.016874851785465994,0.0011517705779131582,-0.0011178638711220046
-0.019766149033661806,0.0015339310092534753,-0.00012499813735900034
-0.0177590050166192,0.001255188816739583,-0.00044117779055596884
-0.01774183993450551,0.0015709568464568058,-0.002432154483146487
-0.018323293606860247,0.0012710491855476569,0.0003262711402296503
-0.018233261442015092,0.0008780451512557796,-0.0008929388665270821
-0.018749519999999853,0.0011773200000000372,-0.0013600000000000279
-0.017689833300908564,0.001553540054836322,0.0015400019073505966
-0.01854551322747522,0.001792000946522876,0.002210004053119441
-0.018120500344902757,0.0011880899153173807,-0.0005000238410279856
-0.01765636981189256,0.0011788338617368943,0.000773548117290801
-0.018033265889774608,0.001277257286318001,-0.0005068645634898061
-0.018828442656653954,0.0011220483933751524,-0.0030880893789650976
-0.01725496031310325,0.0015949695746759751,0.0011964248233069519
-0.017609294455289137,0.001344699967217533,0.0001749988824149007
-0.01850419638304135,0.001702094740754223,0.0012470611334731707
-0.0190683116166408,0.0010724724451316447,-0.0017137225019863145
-0.01845029200031789,0.0016509828141142435,0.0033666613685130464
-0.016201563370729866,0.0013668563750877105,0.000444445474654831
-0.019771237039353684,0.0010433943687848668,-0.001511114260616342
-0.017525163033249802,0.0016562866507667806,0.0029784326668642613
-0.01724638655666666,0.0013065126053604104,0.0007882361190976184
-0.0194594874473496,0.0011816327902729462,0.000466669315743129
-0.017570162552650315,0.001118767209727256,-0.001466669315743463
-0.01687381668600496,0.0017882011348642202,0.001433332273702792
-0.018398022412779214,0.0015062710927442602,0.03485995708495615
-0.014260741709417046,-0.00043623663337788443,0.06815624888660876
-0.019854559191798793,-0.0004484355942304674,0.0790104589343188
-0.014314877382458624,-0.0013641729154088011,0.0763333909781605
-0.013522442689347658,-0.0031784320366972096,0.05952423661114148
-0.015515696398931578,-0.003941073739441414,0.0751823565159846
-0.016289058701593806,-0.00583850760984328,0.0698874974545638
-0.014163044210317666,-0.005836010362309185,0.07127915384721328
-0.01683671534515807,-0.007365108478158522,0.036893342340691415
-0.015174525272192652,-0.009680094858141697,-0.008559977747755187
-0.017337522057220722,-0.008666174335830945,0.00567143051771124
-0.014667280599048982,-0.008707412265013481,-0.0040949596819817025
-0.016265817763344126,-0.008290567438732577,0.0019768646168651927
-0.016363805221330296,-0.008951538394659675,-0.001673332273702588
-0.015414480109164574,-0.008153393243785612,-0.0017800031788919313
-0.016459644249891325,-0.008918614321977714,-0.0019000000000000128
-0.01567994284462082,-0.00865730188491387,-0.0018352944476389688
-0.01622773423159307,-0.008519334735924033,-0.00036470555236123303
-0.016418502834457782,-0.008746658286496345,0.0003933337571924156
-0.01663842318159564,-0.008767934743782568,-0.001613330578300154
-0.01588434690773266,-0.008325670348883207,-0.0002800031788923185
-0.016610320000000012,-0.008692040000000123,0.00148000000000037
-0.014840434384808476,-0.008097118910564749,8.471677208499173e-05
-0.01618282561519152,-0.008803501089435173,0.0006152832279147091
-0.016462247397820096,-0.008728476001362395,-0.0012657220708449657
-0.015127015009308575,-0.007955909686995444,-0.0007892768115702609
-0.015471056564295982,-0.008501310062468015,-0.0004678640990904981
-0.015776023397900574,-0.008246490754931557,-0.00577478424231348
-0.017303797174271496,-0.008336012710863816,0.0050819319649635375
-0.01661352045640324,-0.008521320783378972,-0.0014642847411443505
-0.0164440133799571,-0.008700889538265422,0.00022666772629742482
-0.014606446620042901,-0.007600430461734309,-0.0004266677262974028
-0.016202107614477934,-0.008614578585584898,0.0034000000000000696
-0.017139923013928055,-0.009107211649428848,-0.0012071406675748797
-0.016474769371594006,-0.008407509764986276,0.0024071406675747475
-0.015166480892370576,-0.007595311580381292,0.03357164509536803
-0.014190639107629438,-0.008666028419618499,0.0821083549046322
-0.012124919808371437,-0.007860499862015757,0.06946376313162173
-0.01140655291391618,-0.010247804936744931,0.06310619141992868
-0.01201777826827094,-0.011270560374968763,0.07175007087999097
-0.011171134261674875,-0.011532064910278361,0.07390001383749345
-0.009592794747766573,-0.013356549915992666,0.06623996073096539
-0.00836030504087193,-0.013006351330040467,0.07293134707084459
-0.009925012875625264,-0.014890485957871569,0.07458753544461683
-0.007898282083502808,-0.015263202712088031,0.034381117484538315
-0.007639791088733985,-0.017072927771902613,0.0005717638809024095
-0.008672844585652928,-0.016321486356162485,0.001231083530542243
-0.008096580784801452,-0.01661935235138845,-0.002149991363353365
-0.0070033990927519385,-0.015925975325519204,0.0003718495042699388
-0.007536398903548812,-0.014978788733485793,0.0006968320627214197
-0.008143885544510877,-0.017688409461541266,0.000738462384917149
-0.006017389837081777,-0.01605854813160601,-0.01080667090518972
-0.009761258473310185,-0.0179486279595662,0.007986672176766518
-0.0056214806477163926,-0.012110593670268344,0.029461168104186086
-0.005202343124416999,-0.015299734771731632,0.06629881536531279
-0.005933070090247435,-0.01491373691958131,0.0767267084163592
-0.004993528724664907,-0.0165250081833066,0.07995684582409535
-0.0031989927964349903,-0.015899510173206455,0.0751698695855838
-0.0031533424731780973,-0.015764473219423092,0.07985990145434396
-0.00179300159559595,-0.01372060444939649,0.06317322264799508
0.0035089763710866913,-0.01688293728349688,0.0577087197131263
0.002433360956935972,-0.015809885942735136,0.07455009688645564
0.0011051504346240686,-0.017348699295681946,0.08201996073096485
0.004357759000548364,-0.01518056822163416,0.06457008177765111
0.005170758777946229,-0.01666970734068407,0.03337463499443505
0.007159726975932087,-0.017876083600348203,-0.010764697698429693
0.005755990934955251,-0.016968327674072636,0.0031058628667945953
0.0058192736706969075,-0.01705912110362373,-0.002132546911681743
0.005718946742599373,-0.017503706843074784,0.004059997244933555
0.005865575456129098,-0.016700735064719474,-0.0007083326462309358
0.0062822371928956885,-0.017644457788082768,-0.0003892860716128155
0.006103251248297005,-0.01689033236376014,-0.0015357135558593527
0.006066897537908879,-0.018005625744667242,-0.0006666656070191124
0.005963166389612376,-0.017088492990133375,0.001346664017573218
0.00593571685150987,-0.01718242986821794,-0.0010049980380246737
0.0057981192209688726,-0.017199451396981313,0.001024999627470713
0.006635204695298352,-0.0190066475251931,0.0003133324856152697
0.005632497167175871,-0.016106163407025864,0.002951373066745866
0.006136848137525783,-0.017582289067781254,0.00028529444763947254
0.0056607536528669455,-0.01690671137923383,-0.0017499948910959517
0.005817033412894662,-0.01712868278931401,0.0014941129506444994
0.006293048500478557,-0.01862543478162282,0.002125878761559008
0.006065157585616668,-0.015837388501865668,-0.0050317619394739665
0.005654164763674502,-0.017062761989379727,0.001318900676948509
0.006093796309249888,-0.017850493850908755,-0.0010471279291799362
0.005989995775218776,-0.01760102670767516,0.0013399923705978978
0.005606018192799822,-0.01534438547723127,-0.0006533354525952717
0.006351185453506908,-0.018164024996773165,-0.0014466645474051631
0.005486202277028979,-0.01777363130988352,0.0033222257543243927
0.00642309102805827,-0.017321447857526984,0.0028377720204160184
0.005718303048606016,-0.015570110358584799,0.032940002225259946
0.005879426328337878,-0.014401936863079001,0.07631425749318765
0.005521768171654673,-0.0138403331111423,0.07754199725654765
0.00977175990443252,-0.012606162759351669,0.05766370901031781
0.009057545595574923,-0.013658227266427403,0.07410003623994665
0.009621437349397605,-0.012314370899322746,0.07081335664557997
0.0106099742408432,-0.012424661512660862,0.07541334763797725
0.011688588409759199,-0.011174507588016525,0.06595329571644282
0.012277806846836742,-0.00961174183133906,0.07044118059548676
0.015001534520744403,-0.009807532600424551,0.025998815271887743
0.01653966505865151,-0.011262095996121602,-0.007539989509488976
0.014821781268080203,-0.011393805669643875,0.0027799949136921853
0.014427388166934008,-0.009458720886615701,-0.003630042992879723
0.015265463022967218,-0.00998035647849349,-0.0012911354917575224
0.014260193404306731,-0.01063212109946221,0.0033011765772705814
0.016080559989950116,-0.010420654019318576,-0.0032599977747649334
0.013121082162997177,-0.009507264054233744,0.0002823511867342532
0.017615153717591814,-0.011602682934850783,0.0018890794445285408
0.013591061652028003,-0.0096211627224152,-0.0020361391755354674
0.014935690188912054,-0.01008356170708069,-0.0021552930451731456
0.015767132707823428,-0.010444308044314177,-0.0013000019073663438
0.015159287292176582,-0.010321991955685839,0.0016450019073657174
0.015179887700670747,-0.01091422489747984,0.0020549980926345413
0.01508070569677028,-0.010417479719861511,-0.0027666642294859045
0.014493360648615339,-0.010073649113164329,0.0009160782315449367
0.015050945953943684,-0.010167446269494285,0.035370587905307005
0.012316663467687672,-0.00817013217912077,0.07630002804891767
0.013515691550273323,-0.007148258910302907,0.07750661276234805
0.015299985179130227,-0.005861951173947055,0.07008005552506091
0.012461716477943474,-0.004789341174913808,0.07581332610312153
0.018310343324965284,-0.005483816561715926,0.06719997756055118
0.015029501758691777,-0.0012703992847420409,0.07234115254617635
0.016320498241308212,-0.00198760071525772,0.03405884745382437
0.018320666666666652,-0.0031838666666672566,-0.0045999999999999375
0.015719426497716293,-0.0019131275341379705,-0.0007646999424988365
0.01949298558221102,-0.001887642941565737,-0.0028424424280739657
0.018233821253406002,-0.0020925628576291544,0.0017071423705727895
0.01650700000000005,-0.002140299999999762,-0.001700000000000479
0.019688901023722893,-0.002385123481552398,0.0028499910591879285
0.01928074117607048,-0.0014034714322201935,0.002123345982853131
0.016867300024051346,-0.0017464418637089807,-0.001660836483248218
0.01805775777615526,-0.002161863222518434,0.002387499441207197
0.018402099999999977,-0.0017579999999997042,0.001700000000000479
0.01881970619199269,-0.0019152295209554637,-0.0020785732531809487
0.01856648344697187,-0.0019728551043849407,-0.003092853858536415
0.016399929182122963,-0.001985879822158587,0.0017773104546332519
0.019158696561816124,-0.00187699495263427,-0.0037858814355509196
0.017999373666645502,-0.0018426866007361653,-9.05908026433977e-05
0.018063359642549015,-0.0024391677184762983,0.0010205923012724938
0.017834851307901856,-0.0017618862806543234,-0.004950003405994607
0.017688195385888394,-0.002047264858421549,0.0011764708357295817
0.018957468161614366,-0.0022526207894513206,0.0023235053235266534
0.01871957489202758,-0.00182237493953874,0.0007500208604733771
0.017929781448229654,-0.002178470476668082,0.0004192323387419705
0.01842752498707112,-0.001848273699490477,-0.001469229358471047
0.01679264897816246,-0.0019062542171175423,0.0014352916427071705
0.018720506147006377,-0.0020758410193124632,-0.0005352916427074916
0.017791970181346928,-0.0017573314667185258,-0.0019375001862638186
0.0181858898186531,-0.002064188533281275,-0.00038249981373628117
0.01809412290046719,-0.0024222271373623983,0.0022000012715768236
0.01845497709953281,-0.001829592862637952,-0.0019200012715767656
0.017641032716652738,-0.0019853705495291862,-0.0013600119203722727
0.01823697168729832,-0.0020503597263568096,0.0014714390320884618
0.017879846678331646,-0.0017706245434059298,6.97478739084545e-05
0.018325780221417398,-0.0022455556523279796,0.0008025747349789114
0.01819006869629991,-0.0019217695283799685,-0.001563749720603802
0.016922902237213044,-0.0023197142552211503,0.0036494082997915456
0.0190020278092764,-0.001949228922749846,-0.001679390419233151
0.018111902754655018,-0.0020982543879100035,0.0002852765670802171
0.018907466231552927,-0.001452552148014874,-0.002878148671071834
0.01739571222966063,-0.0024588296153469358,0.002722855495010279
0.01680459509950616,-0.0020323931886032653,-0.000768234585743599
0.018454533638135873,-0.0019963074821536253,0.0010882333141664091
0.021489819999999993,-0.0021586800000008566,-0.00140000000000029
0.01814085856948222,-0.0020476493903265336,0.0013714305177119357
0.016293813611772512,-0.0017959390626129945,0.0011932708272528458
0.020735007818745155,-0.0021147315470599892,-0.00036470134496457973
0.016858362367193624,-0.0018065495045371804,-0.0009062495343394872
0.016849789801268944,-0.0021513993645090324,0.0015094758866007751
0.022329240919776172,-0.002042689981298196,-0.0014632268290988293
0.015796086528613085,-0.0018432844779407986,0.0015952944294914673
0.019240948620106613,-0.002074050213375145,0.0023913726080486697
0.018057771763041686,-0.002016026458339759,-0.0034266665607018965
0.02117785398480465,-0.00247058503989539,0.0007399974568462753
0.01683631203626046,-0.0017793017572937941,0.0020600025431534164
0.018465667312268286,-0.0017889465361440315,-3.333333333355171e-05
0.018114716223887273,-0.0024541149023615816,0.0013333333333331865
0.01662887164385074,-0.0015386756132311774,0.00017058749281329
0.018396617087095057,-0.0024192753642982012,0.001496081822931039
0.022576454209648045,-0.002218086632758798,-0.0027066677262981287
0.01720630102350018,-0.002207053452107033,-0.0021466691038307673
0.0174572923195917,-0.002181685474713646,6.314008254371117e-05
0.018164744057049598,-0.0022725948126618434,0.0018168611890336805
0.02277953010204392,-0.0023650004145343573,-0.0023933337571921953
0.01774084000000009,-0.001699079999999853,-0.000600000000000378
0.015829946187944754,-0.002230499752750248,0.002855555163096213
0.01936351558916405,-0.002066752231336011,0.0023444463270170246
0.018022558079839435,-0.0019591185200011907,0.00010714428645375307
0.017886898228882675,-0.002099717762261477,-0.0012357135558582755
0.018259244913334527,-0.002067953395351374,0.0010286154607799247
0.02028349665527185,-0.002216718699569853,0.00012348255524408103
0.018277365371788923,-0.0021471394686560785,-0.002050196797434012
0.01811303037644052,-0.0020835641863543586,0.0009266665607015057
0.017429659847743473,-0.0020767304622122396,-0.00039999999999995595
0.017917701859976765,-0.0019820166158410757,0.00045999364221582795
0.018537254029102446,-0.0020805524724014646,-0.0030349925246309084
0.01845949377825673,-0.0018591688420697139,-0.0008783333912880664
0.01756017793703868,-0.001940222997789398,0.001414864386823922
0.017326749765441463,-0.0017439499129574543,4.4351229796291136e-05
0.018066047379773797,-0.0020805746804484215,-0.0009658833429169178
0.019254241110191472,-0.0021653827028309536,-0.00011647223819455377
0.017862118889808265,-0.0018787372971686978,-0.0005235277618060863
0.0190942463680579,-0.002140678267158691,0.0005000000000006111
0.016358663562055842,-0.0021462729957120175,0.0003500022351694554
0.01841881492246511,-0.002427914252507435,0.0012499993542762766
0.019082011957529676,-0.0019241022757769954,-0.003449995629259739
0.018265741748998643,-0.0023394494423412127,-0.00030294763164473437
0.01744041488775938,-0.0021297799565580533,0.0013529416714588294
0.018891685057901952,-0.0019130467268393403,0.0005857152588548686
0.016911911377363698,-0.0022257113037174037,0.0008455353930694187
0.018449099625981624,-0.0019504712601889906,-0.0008187515832451808
0.018715692753502378,-0.0025323669570642693,0.002293382871771499
0.018202085556844327,-0.0014950918175857808,-0.004948739569878846
0.017641832181539474,-0.002296514744550393,-0.0006571423705716839
0.018188700000000058,-0.0019910999999996903,-0.001600000000000712
0.019881776730509504,-0.003040921258841145,0.0048599936422162315
0.016966338732858688,-0.0013869900869458718,-0.00418940573690918
0.01787162098421957,-0.0025247705011492982,-0.0005905847264147113
0.018702745135207977,-0.002334638412465395,0.0027399971390025257
0.01654228638068389,-0.0018589970512303822,0.0007799996821056254
0.01951023203652058,-0.00220558268936788,-0.000600000000000378
0.01662396596432636,-0.0018706129654741943,-0.002187503911546429
0.0177260540356734,-0.002522047034525521,0.003567503911546588
0.01860551466954874,-0.0018586618711253777,-0.0003400009536829174
0.017107902967016475,-0.002122459680842681,-0.0024282337629486506
0.018259127472897596,-0.002040989718525843,-0.001994119462014332
0.01932354860471408,-0.0025941107809108743,0.00036235513234395
0.017015911102166825,-0.001970064779869496,-0.000992498532264463
0.018194055183656577,-0.0024637731687260356,-0.00014750242143346526
0.018702353559830964,-0.0022439718174664947,-0.00037001931192293114
0.01689716644016892,-0.002173208182533415,3.0019311922480085e-05
0.01954790003746565,-0.0018862631164857646,0.0001285694822898975
0.01725419027083852,-0.002354887167379971,0.001183931076503164
0.018258209691695892,-0.0021760697161337106,-0.0009525005587924795
0.01916057389770165,-0.002254347357027342,0.0360067085227449
0.014511517141945873,-0.0010370571356306257,0.06733912433141231
0.016092887157991953,-1.1919648479796763e-05,0.0781937260920813
0.014735654997317216,8.378358491434312e-06,0.07285331680933904
0.015041459145380909,0.0021914980028192588,0.07864709404446657
0.016416907333825836,0.003486356208659558,0.07416006357832305
0.014500030454433155,0.003869492420233378,0.06663371112684047
0.016257769871403482,0.00534221915093358,0.06770625549479181
0.014802503835393832,0.006763961906729676,0.08432001939155054
0.012961579409350055,0.008930615216252491,0.0329740972655328
0.016728296755256,0.009168922877017316,-0.006914116657083191
0.01720108463542891,0.008534317356913235,0.003431763880902494
0.014154613273290373,0.00892885014989897,-0.0021831909926195436
0.016977451115027353,0.009624339683956151,-0.0005419053738977553
0.0155940415328919,0.008946614637205919,-0.0016807869763990624
0.015771263535663937,0.009080458255473545,0.001236978794439736
0.016902361854572057,0.008717199977700929,0.037921813963228246
0.012763307365583731,0.00903273936854987,0.06591527075495485
0.012005743257704982,0.008329555927931054,0.06750580186219768
0.011591419079248322,0.010930137145351182,0.0742907291303192
0.012126579233366463,0.011487086562425475,0.06487022447209334
0.01023755511722202,0.01229010093459415,0.0707533004847809
0.010020802233171366,0.01360560639752073,0.06542006675673573
0.008693667317809961,0.014064294163554258,0.07126657235953271
0.007609009567709268,0.013302863753189342,0.0630486272820594
0.0067379847181618935,0.014900404980695114,0.06789338653082755
0.006385365088116934,0.013433207390066038,0.08047133276571561
0.004460371075030611,0.01842692331497453,0.06380001430512916
0.0035477168796487213,0.01517200650867867,0.06521994087354521
0.0026017538764819825,0.0157712475989511,0.07988004379947977
0.0001916917645443661,0.014199062004963459,0.016581239901920064
0.0024431509800795226,0.015397481795695889,-0.0884011737126702
0.0021133877008758795,0.017320869712052378,-0.07610009949971097
0.003995540648814355,0.017227929208731396,-0.0804799343328817
0.005287417707046327,0.013313348793523083,-0.06923334665424896
0.005209909492899456,0.014834628615514767,-0.06783721298934875
0.006829036279990763,0.016503320584777548,-0.0854724240073379
0.010248271815753718,0.012614417778998188,-0.009150835998365636
0.006752466293919124,0.015490889693754006,0.08055815548065404
0.00718589730245256,0.013858477268392733,0.0742499046321532
0.006353140043738659,0.013565025426827582,0.06628576634850347
0.0061293192137545915,0.014749795009139532,0.05439997615830805
0.005053095712880484,0.018581700111759858,-0.00976875335280436
0.005378639699977761,0.017418207028032207,-0.004031241878856839
0.004259204587141685,0.01668647286020697,0.0076399952316617
0.00463383958571173,0.017950330905573075,-0.006134122266946207
0.005261218670665535,0.01677744874157039,0.003927451361755985
0.0052594332819126954,0.019473747829730215,-0.00267999279446407
0.005018741357661227,0.01605706882426361,-0.0019415724194438155
0.005186728976446009,0.017754413437236494,0.004648232304366395
0.004802066819700634,0.018331417148548468,-0.008124280926413263
0.004960551821765247,0.016721464302229094,-0.0006121874970501651
0.0062337580175468865,0.017431359040912753,0.038425989463132915
0.004070821468589614,0.015588669769936558,0.07896714944172878
0.004181228711499507,0.016038512879047673,0.06953340262359209
-0.00011666871149929037,0.014830827120952517,0.08204993070974087
0.0010601399999998762,0.016617259999999856,0.06109999999999971
-0.001625569702527141,0.017439299490151328,0.05965387888346907
-0.0023865969061711567,0.015332525221291249,0.0666873339687255
-0.002234413391301704,0.015114075288557238,0.0770787871478067
-0.0039047742474309644,0.015468139379634316,0.0682201401902578
-0.004829241893176128,0.012570096439704415,0.08546607656159289
-0.00730128588565071,0.018160080812889667,0.07215373492821975
-0.008101086307473082,0.012728964398022846,0.038040066551980445
-0.0088559989721273,0.01640406964754204,-0.013057157196628921
-0.007936105051560283,0.016313179507319475,0.00645713896457778
-0.009216127642581284,0.016695569814887623,-0.0065000000000008384
-0.008873200000000026,0.01623059999999965,0.002700000000000813
-0.008380600000000182,0.015624700000000047,-0.001100000000000989
-0.007655297137861616,0.015134461368513374,0.001499997729363045
-0.00889842013053066,0.016318730559279793,-0.001499997729363045
-0.008777078689646167,0.016619467592194237,0.00043333227370290217
-0.008235554041961635,0.015926490480012934,0.0006666677262980869
-0.007953349999999748,0.014701149999999608,-0.000700000000000145
-0.009329954363796134,0.01642032135779159,-0.002100000000000435
-0.008398194094416667,0.0165098329369604,0.0030199971389510694
-0.008836111541787428,0.01695620570524836,0.0008400028610484611
-0.008179639999999821,0.015945439999999866,0.0011400000000012511
-0.009367182561307974,0.017249478712534128,-0.008085715258856041
-0.007705626367354945,0.015000742148827406,0.035557098579984014
-0.007476209296376712,0.013300897659598299,0.07112273894581733
-0.0076807817749604546,0.011533281479040092,0.06588587773305399
-0.0113255710302953,0.01101658457259136,0.07584669676065658
-0.01071900979621665,0.014323109347777141,0.0920066021346777
-0.012979624469606321,0.011776180047270213,0.06204665787104524
-0.011436399630742944,0.008856366490686884,0.06643180290712714
-0.013076960680476368,0.01128688150147994,0.0888941068398239
-0.013672004710449936,0.006726022128978215,0.06472319735180143
-0.01501712968221236,0.008943355911216422,0.052170936134867674
-0.016669052896765457,0.006100279082889237,0.07389339585154708
-0.014558556398776012,0.004309880642507924,0.06905367930658102
-0.01742974271313713,0.003706985776831928,0.03640298325447944
-0.019246830339441523,0.005702043664648659,-0.008212556736229004
-0.01680706305281765,0.003723123089340863,0.0011891644604737905
-0.01829065031200683,0.004025392910003589,0.004823336098317199
-0.01630251640155267,0.004603980155573506,-0.003491177220794839
-0.018091501470714366,0.004472137770043627,-0.0025588250143737667
-0.01763886087872013,0.0037829189114684247,0.003731247671696636
-0.018072870435454913,0.004210959366816258,4.8750420937437866e-05
-0.017564943691569468,0.004889270329788253,-0.0003533303663374454
-0.017591907449939104,0.0041445078776711775,-0.0031325537915947166
-0.01710083227394721,0.004098274071842489,0.0028125523081055093
-0.018503668025603215,0.004526234102391946,-0.0006316692229013654
-0.017875935454850556,0.00426624651321994,0.0008132362942596671
-0.018337309152013592,0.0039909011192107435,-0.0007215624089766948
-0.016979069079075426,0.004128397085471747,-0.0005800033908052171
-0.01631631723894733,0.004465297843169402,0.0003839199784287928
-0.018724872734667386,0.0042452696871100315,-0.004070587492812194
-0.017650082359788488,0.004273339644895735,-0.0023470555236126955
-0.017412409429002906,0.00469992671712216,0.0020603895986983645
-0.017774463986825584,0.0042520852294059,0.0008580952261851849
-0.01689346670124925,0.004125010182705058,-0.0024214300463292204
-0.01824633299025047,0.00477370179187675,0.0009500007450569115
-0.017763144532883413,0.0043053364339944444,0.002100000000000435
-0.017824947048351802,0.003917825081857451,-0.0004000000000008441
-0.01884620554361005,0.004587906607516068,0.0006428644414171458
-0.01617091423812056,0.003681287662725463,-0.001430368352963285
-0.01755579843575239,0.004595192138006965,0.002387503911545963
-0.01869104301011415,0.003907335983352578,-0.004405883342915473
-0.017561469276987207,0.004341178157976966,0.0021433835291819747
-0.0183169636572873,0.004287208577166801,-0.0029708409371309585
-0.017497245347831036,0.003938396698176749,-0.0025133317437688873
-0.016491234484538264,0.004669809701610461,0.0030525558375504858
-0.019214160205122344,0.004236275483162633,-0.007819217206064266
-0.01644986734338305,0.004278869259146223,0.0074320899167332755
-0.018296231408901686,0.0045972946493018085,0.0017612439464151919
-0.017570895204246817,0.004270098971294267,0.0007800025431539126
-0.016314324795753343,0.0037097210287058147,-0.004060002543154084
-0.019107871529291387,0.00530838375340581,0.006757138964578857
-0.017569060914941037,0.0041330926491629505,-0.002207141199749074
-0.017020398065982878,0.003995327188378361,-0.0027038473044989075
-0.01832457772324636,0.00474465014748926,0.002107182661072571
-0.016134339967200262,0.0038490347460804486,-0.00033568614507650807
-0.019940151799338057,0.005032111515482995,-0.0001176469763279897
-0.015517807663651517,0.004113819101759564,0.0007249996274740766
-0.017773808943144953,0.004129681826491538,-0.002638332113088282
-0.017849244364354977,0.004176634564079684,7.333407506138201e-05
-0.01721267834696949,0.004301059423731601,0.002187056739096249
-0.01743846068187893,0.004411505083937506,0.00045294167145826236
-0.018842340407540403,0.00482053838255414,-0.00028666751438599647
-0.01763715259415677,0.004138092083204814,-0.0024133324856148164
-0.01821850655960877,0.0044029993654395305,-0.0016600025431543486
-0.01720711574148548,0.004473135213000745,0.0009600025431542036
-0.01871812940426909,0.004587615987049709,-0.0006200003178946645
-0.017485855292939556,0.00438771896875112,-0.0006799996821040821
-0.016705214234825627,0.004194247685964214,0.00033529395265219364
-0.017403440996124564,0.004337031231287813,0.0020647060473457657
-0.018380844769049887,0.004308721082748157,-0.0009999999999994458
-0.017807316321762245,0.004131789156970989,-0.0012600085828715635
-0.018088358844732255,0.00478344645774742,0.004326676309169386
-0.016612525935843392,0.004185405819723265,0.00010980310943153881
-0.018175638262064586,0.004415235776896065,-0.0003823541786456275
-0.01795076063559753,0.004767722788661999,0.0024058833429165816
-0.01809642814908985,0.004514604641182807,-0.002053325915918336
-0.01764979044613524,0.0044213749817947345,0.00013332559802492483
-0.017434059763329124,0.0043082218243668535,0.0007023502891421174
-0.01729746836658208,0.004477070901089064,-0.0007966364153908501
-0.017646627501995527,0.004318396291795423,0.001294288033587776
-0.018658242418498006,0.0043258442819076315,0.00016705888402057667
-0.01814748809735267,0.004409267918375814,0.0014529379370635809
-0.017415017409605937,0.004399592350904591,0.001614286330614334
-0.016272280914064297,0.004103943038895164,0.0014919633030832102
-0.01883286265217432,0.0044352353170138414,-0.0016795803179299185
-0.0171923136689085,0.004338896559613836,-0.0008400002119124395
-0.016867595973477423,0.004275336085516557,0.0010933334393143923
-0.018485035348936973,0.004588923837176129,-0.0009371433242719718
-0.017259527509760897,0.004285039279968483,0.0014071431156299496
-0.018084443711287923,0.004514351835494423,-0.0017642854862014445
-0.017022665037465856,0.0041058703405996155,-0.0003428559264317954
-0.01821015303133522,0.004405630514304981,-0.0013428593324231741
-0.018203472502145823,0.0041679696093077645,-0.001660002543156125
-0.016758875595409783,0.004102935692011922,0.0017894192577401213
-0.017129446464949405,0.004136243424739394,-0.0023027505777335477
-0.018811034796708537,0.0048943144606234945,0.0037674519226982284
-0.01816720969221719,0.004268635948195154,-0.001994118059549521
-0.01727692436111017,0.004505956490966856,0.002200000000000202
-0.018301060381845202,0.00451116381339034,-0.0008066662428074522
-0.016806252830720902,0.0044016540191051945,0.00120666624280652
-0.019130723374892966,0.004794326541659899,-0.0008999999999996788
-0.016339381838501588,0.00393547264301386,0.0008375016763775278
-0.01781666446258856,0.004242006605964299,8.392713833593746e-05
-0.018283193698910072,0.004278880751021674,-0.0011814288147142804
-0.016190007030279174,0.003626801988976691,-0.001628236119096016
-0.018081819313199965,0.0045469321380204875,0.0007382321454834084
-0.017079083656520666,0.004719630873002867,-0.0002999960263867507
-0.018067130000000153,0.004378935000000084,-4.999999999988347e-05
-0.01742620000000006,0.004326199999999947,0.0004400000000011062
-0.01702515888616163,0.004331239349256055,-0.0002752944476398511
-0.01736066111383816,0.004450800650744213,0.00043529444763912295
-0.018004638959006947,0.00445236290661466,-0.0018562502793955105
-0.017408201800748424,0.004383505825801937,-0.0037437465417120563
-0.018092124389496034,0.004548007551081312,0.001519993960059196
-0.01611221486841985,0.004002359849623716,0.0011270611895906057
-0.018708078809364315,0.004563237320210245,0.0012029237909008117
-0.01848527153279289,0.004752316529428757,0.0012730931107238774
-0.01663095491605715,0.004219836815604339,-0.0009016481184502823
-0.017694921693835464,0.004631141886368262,0.04044528194017971
-0.01597834670587306,0.0025346734594293707,0.07169322101247566
-0.01377688870270699,0.001549270093751609,0.06129302422927729
-0.018090487393613408,0.0014869609131626937,0.08477368518109785
-0.014371947215028547,-0.0002418673939557081,0.0655675080210969
-0.016878316211817235,-0.0018347384631529629,0.0354058703465423
-0.019858992301920897,-0.002355939773532434,-0.00188572910966478
-0.017156414499318928,-0.0018690275204358286,-0.003914291553135385
-0.020225805172139677,-0.001686460713036908,0.004859999364212442
-0.01731825251828001,-0.002172555960875844,-0.0010894076640024508
-0.01791968581658987,-0.0019395761925395938,1.6075814174953962e-05
-0.018516755240506888,-0.0024442861194811094,-0.0007733336512352196
-0.017558014472175976,-0.0016717078301349275,0.0017866780572237673
-0.019185274436669286,-0.0021459474603364725,-0.001240013509818283
-0.016541979727899725,-0.0017390777595545082,-0.00024235118673487932
-0.018436752615738516,-0.002127587964040334,0.0016623527761812085
-0.0183285152942112,-0.0024099796484096103,-0.0033200006357887446
-0.018391364705788837,-0.0020357203515906086,-5.9999364211194006e-05
-0.017600092514006405,-0.0020070584932652125,-0.000799988079627667
-0.018764560728500412,-0.001687926845631349,0.0025999880796270247
-0.017109429108330576,-0.0021612701597026884,0.0005000000000006111
-0.017700797649162547,-0.002062004501401038,-0.000980000000000203
-0.018438811647460973,-0.0021455178828575505,0.0003733322737016209
-0.016314746955397474,-0.0016236226469645842,0.0020733366005583065
-0.020212757529700642,-0.0024178512404131602,0.0001333311257400993
-0.01656780278333514,-0.001887736364906356,-0.004441176388089829
-0.017968242457387262,-0.001909912381428125,0.0024011779775356956
-0.018913360213010932,-0.0024409196395160926,-0.00034000127155131565
-0.018835410891356097,-0.0017122796991615452,0.0020228565816804434
-0.01607085487461013,-0.0020387664129914995,-0.0008295244139606694
-0.017203275184521027,-0.0017089507885468258,0.0018278425000097798
-0.018284272402661506,-0.0022011052578023715,-0.0006011759393071969
-0.018396059062555592,-0.0021491703331935064,-0.0022462485806560295
-0.017839707225558388,-0.00176415561251142,0.04359996274717304
-0.01527963877244487,-0.003391591739706712,0.07150628678716586
-0.01495642132559799,-0.0025279288309625336,0.07440003576253673
-0.0151662555821101,-0.005624340186036747,0.06300994921707925
-0.015147803092291912,-0.005392790983000939,0.07869001502038486
-0.014722196189501102,-0.0071114655666661974,0.07437648065298852
-0.013948976766073873,-0.007890805341701945,0.07315688658852615
-0.013914024774659917,-0.009250467175365262,0.07233328882867518
-0.012025946150106714,-0.010088793049598976,0.06305688992366676
-0.011604227668121359,-0.01077444055182486,0.06887648261662704
-0.011857153303226287,-0.012223576899053512,0.07407056869958595
-0.010276081487122446,-0.01249317483505985,0.07052935182684728
-0.009254480827103923,-0.01321594848545704,0.07134010045419359
-0.008215461072612368,-0.013555988507030214,0.06900701929703068
-0.007857593680749925,-0.015470034394100107,0.02903867702466556
-0.008219358080722078,-0.01650570519414174,0.0029142540871927025
-0.008473531484248342,-0.01568300227294417,0.002320005086307475
-0.008257605308249455,-0.016615410385404594,-0.0018000034968608247
-0.007020954773074489,-0.014881676070035876,-0.002337651618198322
-0.007081696916986485,-0.017400028767855957,-0.006382368311124154
-0.009248361875072275,-0.017304041530367353,0.003240022154605171
-0.008553549642368957,-0.01686374097339227,0.0022599961852698414
-0.0064732622166767395,-0.015492084470864587,-0.007679999682105532
-0.009927052524758062,-0.017486124705875294,0.005460001112618684
-0.007418559521331733,-0.01561411938425783,0.0027575002458650744
-0.00883692573723345,-0.015878671439002012,0.0013124983236210142
-0.008012166834960172,-0.017403257483451284,0.0006088241893866808
-0.006293992573120702,-0.012056674668375233,0.031867832834487686
-0.006930638987695706,-0.014816072700012839,0.07308761068729908
-0.005842601604223424,-0.013323495148160891,0.07378573228882779
-0.0037088648732416796,-0.017353952103631887,0.07265997138997093
-0.0022819003371982727,-0.015933005087509944,0.06104592878253179
-0.004578505538878855,-0.015416082873572101,0.09177979805637904
-0.0017602692506811929,-0.015877459935285998,0.06423961177111792
0.0025018588783237983,-0.014516388181588624,0.057348199820486556
0.004096459844428246,-0.01598920347713051,0.05642617347651502
-0.001621862392602591,-0.018429646573112635,0.10076057641168035
0.004478144419445232,-0.015449911464579191,0.06169172861410743
0.00526519925040532,-0.015809070303589134,0.06687332167721038
0.0044287843208188765,-0.015460216595988285,0.08633338589185335
0.008613505679181108,-0.014106263404011443,0.053676614108146836
0.00685694380470693,-0.013832925676918517,0.07452147917305396
0.00886676690548098,-0.014052995935681878,0.07002850294558982
0.009955621131691489,-0.011816907462009585,0.06950669683993382
0.010112528324217718,-0.013010411912436126,0.07432670099850824
0.011267574562669858,-0.00987378427801655,0.06366659199399649
0.013472515271233027,-0.011337974734937362,0.07140002804891843
0.011601127661842264,-0.009411849646583814,0.07254119263996373
0.014193543152284965,-0.008528764256522159,0.06803874823170197
0.01345776404630633,-0.008474984178543199,0.07305081142998837
0.013395374889506845,-0.006970565659007111,0.07221629480716274
0.017341402947391032,-0.006114368312612584,0.07318158659973584
0.015633176468622306,-0.0041533093110497354,0.06708313578221237
0.014651976874745815,-0.004893871614097822,0.0811647307967398
0.015756850521591814,-0.0012266674996967986,0.0683635798218507
0.016427322061555283,-0.0017218184052922858,0.07090987975681173
0.015049553498733381,0.00019736568729644688,0.07381669938296653
0.015209968055813594,0.0011191333139159987,0.06432749106712166
0.016739598729656913,0.001277532017613936,0.07447248721056532
0.01806014794892885,0.004571544836318164,0.026973334498483936
0.01808554723764927,0.004252476661436244,0.002918084948792199
0.016236401593070326,0.003165504806160957,-0.0005286458693749552
0.01830779559064838,0.0044954979874618495,-0.002558827819305165
0.017568206708216128,0.0036176193593409067,-8.486535045548749e-05
0.018234642013436497,0.004493474213860704,-0.0009357179349613887
0.017523920234307544,0.0036184273938424383,0.0013396567599777143
0.017181060678136517,0.004404491262455235,-0.0015190650597691757
0.018169216645863462,0.004778436932527441,-0.006294122266945479
0.017909987406306227,0.003922363341557045,-0.0008922602278218505
0.018165493905840546,0.0037937171375252987,-0.00033714807196894014
0.01825325135267797,0.004125912754021854,-0.0020764722381940715
0.015000844487963905,0.0033010420930268403,-0.0008000051973091615
0.019683615990557346,0.00434783609723155,-0.0005764656384208422
0.017815994491153675,0.004129420317498411,0.0017374614161767
0.016758124472985303,0.0036629174508981954,-0.002284512732391164
0.017261793981226514,0.0036733134311304205,-0.002111582525035516
0.01737909635298096,0.0038521717882855633,-0.0005354842182985209
0.017816375292764697,0.003857148110177455,0.002076472238195848
0.018531259732409655,0.00409812135814791,-0.002105872123193464
0.01810038743630238,0.0038715983603148096,0.00048202499165839185
0.01978196699448298,0.0038416910770209256,0.0013286262903200452
0.01543608890399717,0.0035535975716260992,0.0007363930219081993
0.017856086537863303,0.0041253310738027515,-0.001103359677744109
0.018516150238419682,0.004175880936648113,-0.0007428542234340085
0.01587928485254042,0.0033976624296143676,0.00026975007777529925
0.01775494321966664,0.003450280683464868,0.0021302499222244364
0.01803011624964801,0.00406450842049999,-0.0036773095707793857
0.018358528331414603,0.0038807907961211363,-0.003101261614506967
0.018181942241962012,0.003936915230817739,0.0034204731531914945
0.016579931507313628,0.003595681669511741,-0.000572154695060334
0.01746603846121486,0.003452692282231773,0.00045882220944371
0.018636600000000003,0.004059699999999999,-0.0008999999999996788
0.017942400144752235,0.003959675180940536,-0.0016714344101771417
0.018274223325381644,0.0039599307795770144,0.00017810065298462519
0.01622762477888784,0.003536000180879295,0.0006933337571926046
0.01764176665545103,0.0040787529201793404,0.0008599993642111059
0.01851128509552724,0.004031940938423961,-0.0013599993642099406
0.018332381229401173,0.003859065838744513,0.0008294111047213448
0.017957831128542212,0.0041073925733989824,-0.002282744967869732
0.017254487642056615,0.003976541587856541,-0.0014466661368519595
0.017204956644180536,0.0033885358049454695,0.003458825014375222
0.018457614125906074,0.004084381591541675,-0.001305499098457119
0.018269667152581492,0.0037641513748125632,-0.0010945037064740148
0.01784895410625964,0.0037959961591620406,0.00044117938000276524
0.01819137976113483,0.004097044272577399,-0.00018666910383124957
0.016386516648011495,0.0034430412604757876,0.0002749050359476257
0.019837756289649455,0.004340930513691887,0.0014717634321197437
0.01627098138618477,0.0034288828896711365,0.0005164698820472324
0.018261264075874584,0.003847554230842931,-0.0029164746504619643
0.01853180981021696,0.004095961902279122,0.00034000381473120456
0.01716030617475295,0.00369694825128164,0.0009999999999994458
0.018688861635785203,0.004058600013837843,0.0007866661368520766
0.017138332189462036,0.003355105068214126,0.00031333386314891243
0.01782973494397222,0.0037254017536887396,-0.0003533338631491745
0.01751627535866973,0.0040121104046404454,-0.002521656078586787
0.018138589697358043,0.002350154508337088,0.009074989941735723
0.017095641017999652,0.004031417213017363,-0.001599988079627579
0.01892947077587781,0.004046055805706494,-0.00042001223826737544
0.016091554287662735,0.0035348994703983116,0.03086994369275331
0.015319873918459681,0.0035426275108778604,0.07871005662514108
0.015387560000000189,0.006050380000000022,0.0693999999999999
0.013930180593634489,0.005290633493860941,0.07318969603051784
0.014711719586883332,0.008211663682569537,0.06689307644904652
0.013229755813018329,0.008217075126941698,0.07276276144186511
0.014929354248114812,0.011311965664646095,0.029830196055922187
0.015776867229182256,0.01092090276504587,-0.0007357172615805041
0.013022009995332207,0.009916947614691196,-0.0025235404775756365
0.01566805218256695,0.010984936698736014,0.0019435245829129144
0.013591093483932282,0.009823600457986359,-0.00030125268842873254
0.01460562582675018,0.010689577811194617,-0.0031076336102682234
0.015473934517498344,0.011538345025740693,0.0013222233407379491
0.013308972015906306,0.00982598573353366,0.0023431359001175878
0.015733078338924233,0.011994074477505556,-0.0010479002809766769
0.015403301807805914,0.011194727855647013,0.0014285736181349762
0.01425267583500256,0.010284411502367252,-0.00033949587660586644
0.014583078525447712,0.011014572089533381,-0.0006176472238195174
0.014656407343277333,0.010687600685451937,0.0005187500931320699
0.01492062611297329,0.01079096104863364,-0.0008987516825769148
0.015561915825308414,0.011386870192036103,0.0010200054041771267
0.013244969906974324,0.009663843847688813,-0.0029400038147322505
0.015034712219420321,0.010847174246852553,0.0008733350287712938
0.014912051108549429,0.011261902663775913,-0.0010670854944319075
0.014085792438795375,0.009963603937327647,-0.00020629721582743343
0.01519685170512397,0.011250503459977246,-0.0005570963920806804
0.014298999454888328,0.010495216969713006,-0.0005487336594853787
0.015163838371131222,0.010733122900858927,0.0009325458832289968
0.01514622488889339,0.010971978151636197,0.032754553164721756
0.01198971752520972,0.009895186827928448,0.06941873100118023
0.012371569825378348,0.010454650168925994,0.07726255494822531
0.008478587139552074,0.01155251224446685,0.0631610597665393
0.010601936134524426,0.012847412654726664,0.07063643296915956
0.009994500000000128,0.014426160000000188,0.03943999999999903
0.010859656826500919,0.01632976746560466,-0.008435295850103941
0.009350989124385034,0.013489551210386974,-0.0018313655184094557
0.010848354049113995,0.01546130132400858,0.002586661368514598
0.009330925860062012,0.014148074341051142,-0.0009494139096535292
0.01023375548051475,0.01523181362032533,0.0004579863113498561
0.010081578926172119,0.015555752981360804,-0.0012109251778777974
0.010275297169474618,0.014618185464319922,0.0016090205024781312
0.010433679979337196,0.015820559531113165,-0.0025599999999990075
0.009726262584439205,0.014464194061829527,0.0008333322737019699
0.010358700000000054,0.016257899999999825,-0.002700000000000813
0.01010694011612423,0.014375578209893103,0.00036470414989686617
0.010654181968752674,0.015554286065865508,0.0017506775028923727
0.0101561826676424,0.01503505974115349,-0.0013687147741929806
0.009544467659526656,0.014235938849469498,-0.0019404158541416194
0.010310827587954208,0.015357237133618362,-0.0005062510244542295
0.010082272952049554,0.015145765366114006,0.000576472238195791
0.009884239676300144,0.015532479948124678,-0.00394313784521394
0.010936489210855882,0.015344814790323458,0.002723807004475276
0.009371780844189992,0.014431389022976582,-0.004532143260098209
0.009804317316604472,0.014699050872461594,-0.002124998137357892
0.011551217243900513,0.017545366435667287,-0.0019133338631487362
0.009681333395197722,0.013384878899908692,0.0048633345254263105
0.010174677378512964,0.015496327363664353,-0.0024900044770106433
0.01041540080063541,0.014415320757009908,0.0008733376778806701
0.009986371181753384,0.014667306543749703,0.0006666661368512905
0.010536199999999774,0.015958499999999987,-0.0010999999999992127
0.009487989281616649,0.01457908968841748,-0.0021749988824151245
0.010140484221896173,0.01491669826180031,0.0017150026971464172
0.010704714889055555,0.015231514837541038,2.8564907808004136e-06
0.008890816279044422,0.014076924488793274,-0.0028193297387772986
0.011775995328387356,0.016653772723447702,-0.001023530566735431
0.009152056977454581,0.014405369974221038,-0.003475000372526793
0.01068684682132126,0.01515243727365334,0.004541663330487111
0.009688074501761346,0.015068896547782984,-0.00621332983655698
0.009972565045464954,0.013636104767797086,0.0006466668785964913
0.010832156653997949,0.017047791436545445,-0.0031999999999996476
0.010397116764305103,0.015469917176430759,0.001035716961853339
0.009220437283153249,0.013815437906033345,-0.00319454115123996
0.011173891126696756,0.015861988466097987,0.003258824189385834
0.010249388068777954,0.014930781537492166,0.0016187486030183607
0.008956366757066903,0.01453877491394584,-0.0068187486030169
0.011581062393705377,0.016155933144719192,0.003040003178892192
0.009293048109359159,0.014424820393000193,-0.0017929448503508638
0.010297684390045081,0.01529840680878003,-0.002447061507433901
0.011172805106890227,0.015295739653500728,0.002600003178891086
0.010004403197621414,0.013440411709184641,0.0017529374640634643
0.011088925332084276,0.01677749113991167,-0.0029654424931937484
0.009711077928647782,0.0143777982420219,0.000683092521942541
0.009917489273983726,0.015427525522566654,-0.005637250450771347
0.011778547501283487,0.014955665979378363,0.007226659143229952
0.009149865266737223,0.015739580462646785,-0.007600000953608799
0.010591397377507139,0.01604475918035808,0.03895332930659734
0.00709809854825405,0.010299112694089896,0.07642783163811195
0.006311774278144,0.013002498847061617,0.07336550052960789
0.007494568556519088,0.014088928703441805,0.08284893829243245
0.006675052739217868,0.014845727519338325,0.07504440500158971
0.0036061236906936855,0.01613720879758418,0.07263338631486782
0.003194422685311782,0.016318216586273415,0.0699732735700529
0.0009483880741578687,0.01471795046708868,0.0651403535647237
0.0029585942708858504,0.016108098796533632,0.07861014254490506
-0.0005223346661002992,0.017312134526047185,0.06672515470766349
-0.0011636940549490937,0.014579290826473024,0.04941768929778689
-0.0032138142725770535,0.02218095197629477,-0.022507143951909114
-0.0018177746841945286,0.014842629568654342,0.009207143951908137
-0.0007656069832826518,0.01814903206540519,0.005228583106266171
-0.001960304059945628,0.018576086389645585,-0.0017285831062654466
-0.002252199499316543,0.01793629209396963,-0.0011333343929820217
-0.0019171444635581736,0.0185502403481288,-0.002266665607018936
-0.0012556370501042302,0.016707472356066067,0.0057375001862656205
-0.0021072189870210423,0.019457195201835642,-0.007037500186264367
-0.0018956738754489777,0.01735159314619983,-0.00048666751438553035
-0.0022157408111995736,0.018889260632751093,-0.001999047744469351
-0.001671076915871872,0.01775211446866498,0.004257142370571287
-0.0020947969673854594,0.018227376453168187,-0.001418485440259687
-0.0015268304692694912,0.018088711941395275,-0.0004779398088157194
-0.002118786709851328,0.017526041795394853,0.00040500131625087477
-0.0017677652091241391,0.018289082898676368,0.0026082331051870966
-0.002790147988046332,0.01910017101215611,-0.0015949040103784284
-0.001621832771610432,0.017625614027389158,-0.0005433358499828955
-0.002105419399817343,0.016362678480661863,0.0031500035762821454
-0.001612379617494053,0.019083480225001503,0.00225332591591787
-0.002377923704970808,0.01903571890220923,-0.006253324425804507
-0.0019398258613354535,0.0176194545892443,0.005714286413702752
-0.0021953068321223235,0.018850944371423983,-0.0033276203894310186
-0.0016211564808865653,0.016539199958486517,0.002978032428114119
-0.001981691584726608,0.018213490034201918,-0.0016980375144228788
-0.0014000252699268856,0.018003334703678764,0.002414588968905562
-0.0019142199711956742,0.018165996483338498,-0.0024812482180394113
-0.0021673135072646232,0.019044232592578814,-0.0008000031789432427
-0.0019388860524518492,0.016505503283378742,0.0004000000000008441
-0.0024599500000004326,0.018801000000000068,-0.003049999999999997
-0.0013392616755254494,0.01740754593214877,0.006502940268992674
-0.0016388426914777376,0.019134468611282873,0.03289376560401003
-0.002918263385237374,0.014639372339078305,0.07455322737132342
-0.003817082247759007,0.01765371311749009,0.06840006675567345
-0.0032708376523880034,0.014122594866089022,0.08359329412699701
-0.005829026457282893,0.013922872983709755,0.06675672822436596
-0.0075711337333372875,0.014524439779613596,0.07034405082928785
-0.008743305064134788,0.013708964812333413,0.06543928982281422
-0.008326379690012153,0.013451081699555889,0.0755399374813166
-0.009915817402844862,0.012439945858698342,0.058826699515218905
-0.011709399999999981,0.012893400000000055,0.08150000000000013
-0.011420273957617688,0.010759732115058318,0.06608830063251148
-0.012367349605920896,0.010899448594364314,0.06307832099984978
-0.012592150923859347,0.010366549544323922,0.07059053095619383
-0.015461075512602562,0.007691119746253472,0.034742847411443734
-0.01737158329571642,0.010380173970436113,-0.009679995231660854
-0.01309779913068887,0.009159211844325998,-0.004449415873059692
-0.015899517573594757,0.008894064185237749,0.005529411104722826
-0.015671684446748824,0.009375790897169889,-0.0006000000000021544
-0.01494643626911163,0.00940252800966701,0.003200005960540153
-0.016629698708385376,0.009316027701817164,-0.004350011920724484
-0.014974380575754065,0.009259153391345976,-0.0005749940398160902
-0.015177527867349827,0.009666360424086085,0.000525000000001441
-0.016989622132649984,0.010353839575913959,-0.0007999999999999119
-0.01587943560256866,0.00991217780780107,-0.00025999936421250425
-0.0155708783958306,0.009678616049592303,0.0011028545608198215
-0.01509892974478877,0.008417631060862574,0.000714290579958643
-0.015614361130972032,0.010009252630209797,0.0019178545959608329
-0.016058127245877074,0.00922602564955044,-0.0028750003725281914
-0.015257147946719396,0.0093807010775937,0.0026066661368524535
-0.015107419933243271,0.009405095724390078,9.333386314835934e-05
-0.018053311214237366,0.010078690531335033,-0.0016571440735688725
-0.013362804906719594,0.009009495100072318,-0.00015396615451557238
-0.01617386809391319,0.009459431454019729,0.0006341836242622634
-0.01537782909038321,0.00978605254343723,-0.0004697379435825155
-0.01592800669474692,0.009943690371135627,0.0009266645474053092
-0.01568261999999976,0.009585160000000092,0.00011999999999900979
-0.014331018226161785,0.008437989038890148,-0.0009058833429165247
-0.015733021773838507,0.009771450961109762,-0.0008541166570825709
-0.015833778737323945,0.009106507975331413,0.0012066700575381617
-0.016152242270833117,0.009910819252406666,0.0017176101829203816
-0.015931102463248248,0.00889643554143893,-0.00268427737941046
-0.015530770022991636,0.009739847970710258,-0.00378000286104907
-0.01498517671106403,0.008356637003124945,-0.0017999999999993577
-0.015215356970887939,0.009804530268590739,0.0025999999999992696
-0.015853017599607222,0.009838975041143838,0.001488233314166365
-0.015736195241527584,0.009704011442206673,-0.0017348978615707722
-0.01568659239374881,0.009334797675990547,0.00016094734231586472
-0.014778509876749668,0.009309415995752968,0.0016857172050883662
-0.017058977712017587,0.010166761833303006,-0.0013999999999985135
-0.013944500000000026,0.008737400000000006,0.00039999999999906777
-0.015761846907732746,0.00946461574664248,0.003393333863147774
-0.016218503943766116,0.009805309014937924,-0.003521903345436783
-0.014791096396736148,0.009399156792653685,0.0003785688200110826
-0.016174752751765054,0.009447118445765845,-0.0009499993377222182
-0.015453002109308,0.009646383657069268,0.0036352944476387705
-0.01618408597919374,0.009825021108166077,-0.0007152957192158027
-0.015658191911498198,0.009531595234764767,-0.00187999872842326
-0.01481355745548285,0.009033494772683337,0.0007724990686810429
-0.014936062544517181,0.009063805227316646,-0.0011124990686806058
-0.01734805987602317,0.010389903695462,-0.00031333386314713607
-0.014528156647825696,0.008862266322629875,-0.0030101953011225646
-0.01605633091316938,0.009330940933191645,0.00048353075371565524
-0.014815773835402224,0.010034049528120814,0.005178460795471906
-0.01496097872757951,0.00834283952059578,-0.004738462384917597
-0.01661539406926149,0.01005743669309167,-0.002224998509865017
-0.014515451394463641,0.009191365657440498,0.001360291555037918
-0.015749210431623917,0.0095211259515946,0.0007113738334236785
-0.015289716668129172,0.00980816425930775,-0.0023038116819886767
-0.014426179821414475,0.009163204796320379,0.0012747906247447816
-0.015360947615107312,0.009375402642245012,-0.001817645821352798
-0.015552851688544811,0.009414967429597132,0.00025882418938572016
-0.014950573888771412,0.009517559213795157,0.0009126046253271625
-0.016398747746586118,0.009704777400222797,-0.000671430404183937
-0.014126112232105026,0.00896793332227419,-0.00015294008198729614
-0.016561386777654397,0.009675772746327471,0.000546275428650489
-0.016138123172157126,0.009304044011671286,-0.004293338227531862
-0.015899521574112008,0.010185767836235926,0.0015375052154062985
-0.015467199019251199,0.009452536453799731,0.001074999813726052
-0.016464154931489894,0.010075738058875516,-8.309085653657178e-05
-0.014959744889472937,0.009684183366346355,-0.0002960721303324476
-0.015826524079855186,0.009660920160854403,-0.0007733375719247704
-0.013813719403358737,0.008545756041663632,-9.999254942272273e-06
-0.015393573355124923,0.009463101321445344,-0.0025500007450567352
-0.016358067241516228,0.009777842636891076,0.002200000000000202
-0.015322215289509611,0.01011452489100817,0.0035500034059943175
-0.01522302126362396,0.009126228474114373,-0.007357145776566654
-0.014752104059463367,0.009441142637850675,-0.0010457993008845534
-0.015574365463697282,0.009320979099206594,0.004110084042029172
-0.015350909029801407,0.010049567369408763,-0.0007571360127887061
-0.01563158489390437,0.009875457528411347,0.001499993642216424
-0.015616373773841952,0.009637149632152564,-0.00478571525885485
-0.014240734859614745,0.0093724895381605,0.004832774329875278
-0.01566439823305954,0.00909853206502409,-0.0038470543026072335
-0.01499685990134525,0.009783738957780619,0.03552003655718394
-0.013364533232138598,0.007247789806882232,0.07727995867440285
-0.015622506799650271,0.007455384068981941,0.07161996662163084
-0.016125597246126055,0.005625522680091977,0.07061089571927148
-0.01438710338448601,0.004104892387007397,0.07485147080076082
-0.015911541126681805,0.0033131754711566153,0.07195979906734173
-0.014696717829450034,0.003353997469373371,0.07484450213892657
-0.015559786450721869,0.0002739888188684203,0.056013427639479474
-0.015665890344082833,0.0008811963661007338,0.07729988069626259
-0.01607710768107562,-0.0018886568284564031,0.06933336531209378
-0.0152901285178344,-0.0008535899086008492,0.07270234994676095
-0.016297193000039956,-0.0020527001001384715,0.047095076866812136
-0.018563386399204962,-0.005567302437735511,-0.015880862793659745
-0.018228982482666245,-0.003660409933720632,0.00459679130075763
-0.016227719446505473,-0.003982681917562569,-0.0012819577795593062
-0.01831313929147438,-0.00429831613536602,-0.003764708357293145
-0.01830546178421666,-0.003269283213889973,0.003564705552362213
-0.017626287115091954,-0.004818126572329495,-0.0034847023734698723
-0.017729678213893596,-0.0036862683903390314,0.0038733331214562128
-0.016627047545648033,-0.003711631881924249,0.0024937220281930905
-0.018277474157400442,-0.004017782388409441,0.0008829323731252003
-0.01937455118374931,-0.0045667075531077295,-0.0031299907016659745
-0.016760720000000062,-0.004175160000000067,-0.0033600000000006958
-0.017766228785643823,-0.004218476675461713,-0.03873989509489206
-0.01562814881183261,-0.0024904784622706844,-0.0747770773586165
-0.01505608916184642,-0.0019935111388618143,-0.07012887582776806
-0.016256156360568097,-0.0002305873133240377,-0.07009409440239622
-0.015950376402080746,0.0003342135452149009,-0.07650003363433022
-0.016251749059966625,0.002427443056573053,-0.06510719035801493
-0.015773282262748323,0.0031902407381303455,-0.06929280325561216
-0.014407667855526496,0.0037225222819197157,-0.07801768123651165
-0.015225881299786859,0.005404993968080252,-0.07038234601144389
-0.0171018952152468,0.006545831885440112,-0.03641874711290605
-0.016053149073782635,0.008632229792405854,0.005878743298174172
-0.01707901500619896,0.006864167140858912,-0.0021599977747399635
-0.014673439002178434,0.007158835369337702,0.001852932041206401
-0.01686916959087653,0.007886305461139997,0.0013542102158385916
-0.01724075951638665,0.007575218912709292,-0.001157141412630125
-0.016437822595329943,0.007596411438108186,-0.0004999992549432619
-0.017154364785262444,0.007595600635788458,-0.0006500000000002615
-0.017165820589396974,0.007917273921432266,0.0019928576294283573
-0.01665056462534059,0.00725772544277925,-0.002992857629427803
-0.016368140811722887,0.007715258053038965,-0.0015000000000000568
-0.015967702915136772,0.007590093276479637,0.002658822786941073
-0.01685373954872288,0.007957736727193687,0.0013411772130584865
-0.017490035246232605,0.007822928061860468,-0.004186666136851258
-0.015239981478184839,0.00726018388142724,0.0025866661368514343
-0.01853197230245235,0.008532936893732912,0.0037714237057215882
-0.015262352263133966,0.006611804375217911,-0.0032302445127001533
-0.016737414519904154,0.0067050001206949705,-0.009412608007735912
-0.01705500918039632,0.008336539152046019,0.004558094739627094
-0.015616551734113249,0.006502619458308212,-0.003986665924912813
-0.017070236774347353,0.007178420193109991,-0.004049970199069719
-0.016906055329771685,0.00837131093461252,0.0030499701990702732
-0.016093980007460068,0.007141875112442686,-0.0010066645474058333
-0.016426038331247603,0.007606412111870853,0.001819997033020826
-0.015691557809560983,0.006922096002198619,-0.002354506068774853
-0.017550319505504022,0.008803770107093434,0.0012211748547361623
-0.016555812993916272,0.006819392526671519,-0.0006599965032396682
-0.014966614210417638,0.007356174049864106,0.0018424950453983513
-0.016575553684009578,0.006757497061316897,-0.033353440036545834
-0.013283691264633,0.007077774312146068,-0.07536289647894634
-0.01266784008913179,0.007110477588673225,-0.06864616329824358
-0.013073349267253712,0.010694389976793728,-0.07330664081126415
-0.012274183296593532,0.009065689081591,-0.06475220383762803
-0.011726667436152756,0.011267220941615252,-0.06979115535110658
-0.011644053700405312,0.011207087393237392,-0.07857348568784062
-0.00868104410613859,0.01021022866920046,-0.06278242430192371
-0.00940025537080931,0.014847813255361109,-0.0804740404187303
-0.006390183620996512,0.014181174876294556,-0.06021567616584633
-0.005891460355941819,0.013052660243917436,-0.07000433766271641
-0.005823084056877703,0.01252708917824652,-0.07181766054731398
-0.0038978635006595985,0.017266625965393745,-0.06674899949639368
-0.003546023407061727,0.01676182716395802,-0.06880007523445464
-0.0008871561163088793,0.017923727357119223,-0.02260830830787519
-0.0034087957648005485,0.018951885897271592,0.007275007823093205
-0.003595680000000004,0.019759479999999996,-0.0034999999999989484
-0.002977411336780464,0.019163229607057186,-0.005187500931320699
-0.002067388486113847,0.017755813398971254,0.004573199647303738
-0.0026361682848701218,0.01984991179012513,0.0033676351471658705
-0.003244903928475276,0.01734913820694589,-0.008112156072593635
-0.002671256392592844,0.018755256538345366,-0.0013278455168528325
-0.002371271571167441,0.017754250458555193,0.0015866677262970086
-0.003273427847411456,0.01849314105585831,-0.0040429223433253725
-0.002813909945568044,0.018056283642450766,0.0022275278526233677
-0.001919212437726081,0.016125792298170738,-3.1672252632120035e-05
-0.004452962236909455,0.019256768377437394,-0.01203959939351762
-0.0019032017804060802,0.016717466458743252,0.003473333651237809
-0.0021838257519788823,0.018129508167339548,0.006593332485614667
-0.0029047529538735323,0.018215378158438503,-0.005759998092635499
-0.003724475946453254,0.016918432629606878,-0.01172000190736533
-0.0020700324984080087,0.01780357109134552,0.007133334392982249
-0.003301498601265218,0.018174858120609094,-0.005733334392981959
-0.0017922841076294105,0.01757094223092643,0.009885715258855399
-0.003190091672072265,0.01875596142730123,-0.005785715258856072
-0.002494207492967776,0.01848527842871504,0.0025466645474061522
-0.0018994407361380417,0.01560877988941173,0.0029062771240528917
-0.002851350730125962,0.020347272845230246,0.001400393781135989
-0.00333775447442361,0.017740193494194464,-0.0033415701692263156
-0.002016701266103149,0.017161955476510393,0.0016582344782136715
-0.0021443076837466823,0.018377785937818233,0.0029699976952635154
-0.0033081841794715128,0.0179041045374546,-0.0034282321734782073
-0.0026007046487385443,0.017906715899581135,-0.000806502521733421
-0.002392112491902465,0.019044836394052675,0.0005375992468472646
-0.0028734862807360817,0.017810157333661453,-0.0009491100527068141
-0.0028273735175148584,0.019263074777954886,0.0014729141810772006
-0.002144144283216548,0.0169564199339782,0.0007686255058576563
-0.0025987038769996196,0.01757570197653599,-0.0031686223269655756
-0.0022337226147002565,0.01819954674492036,0.046787218737662783
-0.0031127177889224422,0.014724811448187602,0.07036606521650768
-0.0039861132308667,0.015926650259855596,0.07168006035383279
-0.004850071763432606,0.014521317076153673,0.06467495396629275
-0.006899915886449504,0.014692235668891218,0.06812505965791615
-0.007706373317438703,0.013543404662806513,0.0687761989100828
-0.008532629503729017,0.014865448210551191,0.044737098168432965
-0.009975406311514584,0.014586801653652559,-0.022148812663150608
-0.009888477654178857,0.016861591944579424,0.009585490891131698
-0.009913812934872201,0.015129145414662759,-0.001097058078062929
-0.009876711552108591,0.015474566332412398,-0.0009529444763884953
-0.00958485152719274,0.015549955937905646,-0.0018111075790088194
-0.009688673768841582,0.01552977119393889,0.0003844366738174898
-0.009516134460437087,0.015391832089885704,-0.0015019053890874545
-0.009153766947874842,0.01412231632628319,-0.0036949514675264084
-0.010899593697561105,0.017138818784411647,0.002766381985237487
-0.009226569363995851,0.013723246615882922,0.0038821468941510062
-0.009544297901388665,0.01581492059920131,-0.002091668314076145
-0.010199490166293124,0.01545557868137093,-0.004400002119250956
-0.010479122166415,0.016059559771119725,-0.008533330684256768
-0.009800166214237072,0.015486295863419652,0.0009071440735688441
-0.009127411449007639,0.014030843614029065,0.0030105015003112356
-0.01047779361023976,0.015590500437355659,-0.0021843111808994564
-0.010975296417801428,0.01678885405328201,-0.006704758585348358
-0.010111176276008604,0.015988461823394973,-0.0015344591505499494
-0.009923145867687888,0.015557993225054467,0.0014630281463094974
-0.008792638213442727,0.013423847060181404,0.0053317449685224005
-0.009022911667996347,0.01685569724614444,-0.0005771286959426192
-0.010577079452378457,0.015539914605161242,-0.0037801807416855127
-0.010249422718638213,0.0157337460612903,0.0015037141133529275
-0.009410899734856482,0.015935406412286857,0.00474248244711184
-0.009162858377705418,0.016528139598399938,-0.006477776894751486
-0.009539091822299894,0.013474064976555677,-0.0020999999999986585
-0.01005832925254968,0.01609684684763124,-0.005088233314166857
-0.010213172242589053,0.01629105765129002,0.001802518055310287
-0.009141506682561362,0.015814130524523073,0.005785715258856072
-0.008743510395095355,0.013357179468664881,-0.0026809536784746513
-0.007821562154446737,0.01823137874066716,0.008280948068611238
-0.004641159224532232,0.015164734182723905,-0.05260001107945378
-0.0070350860456527275,0.012355803072370497,-0.09968234029425993
-0.0040131011860744525,0.013239947422802323,-0.05288428849047655
-0.005022774087945492,0.01669124287746593,-0.07625335007542766
-0.0017603910479423446,0.011133011817049177,-0.06573702079929333
-0.005594139478882876,0.014225610735694838,-0.09634301771117038
-0.004743606920634136,0.019246561379771876,-0.09946624584151031
8.128990393496682e-05,0.01333143333207254,-0.07265138530666881
0.00300158643534032,0.01251319575483889,-0.05198196526034771
-0.001321326910841747,0.022412485608014454,-0.11014588397763525
0.008457080403125206,0.015594524384492936,-0.032225074449170776
0.0019369889332838675,0.018022953570447697,0.0010455833073521603
0.0065161285344244035,0.015904510909307557,0.029307355559174297
0.005114290845849356,0.017045131392745216,0.0015843082183710777
0.0022520257294234014,0.021487328684203444,-0.02346665818961924
0.0017406226219035537,0.01956405265513328,-0.018543749720604907
0.003731144044763046,0.01669431401153343,4.374972060361415e-05
0.007015454015960043,0.015342661052129669,0.024988238924027684
0.004063664027144975,0.018137125816075406,-0.0012682265265446802
0.002261883956179711,0.018484878605816046,-0.02777002687271235
0.0030534597867648006,0.01845729414689412,0.0015875131713798396
0.005266192283727156,0.014729774811255147,0.025469084789504493
-0.0085590475175496,0.015592724629032384,-0.12512423466932
0.0027829607501927422,0.017284434621000155,-0.012732438219124731
0.018763829809510746,0.019163997933335786,0.11051675183086651
0.005437793136817692,0.01759464104757824,0.012560016424343345
0.005988451664748873,0.017853736558806066,0.02240859546599161
0.007582978422657316,0.01794895064933688,0.030964630318612407
0.007302685129580377,0.015585491015506436,0.022112564629393816
-0.004159479593909776,0.015224747607368583,-0.09679913837027421
0.004202361652612674,0.01962253908513878,0.001686684998317034
-0.00027497468619719356,0.016978542044042477,-0.04020008741669123
0.0028246698831491113,0.024516596670961732,-0.028957087878314525
0.00818682094044787,0.015074372138747405,0.03262188318495873
0.004521836338162499,0.017871351566974614,0.007955276215586338
0.003956763713005018,0.012727700352226812,-0.013460010172616776
0.0019095962869949412,0.018415039647773357,0.0005400101726174
0.007154974781447665,0.023251128438821267,0.005806647169151802
0.007813536776270835,0.012245840841573541,0.012493352830848181
0.0008851084422815125,0.019666070719605022,-0.018560000000000798
0.0003300481136154221,0.02008090103061333,-0.02137333916139461
0.0065084082450230785,0.015707431870947808,0.011668605559723488
0.004268607724901452,0.01765690114955465,0.009124727879756378
0.003829567964940106,0.01881373607803205,-0.015376664256230299
0.005304102929571397,0.01757924398077737,0.010246086692729861
0.006195674251861905,0.016713740168068814,0.016303921916902553
0.0038233374367532824,0.018388405722006063,-0.003033338631487581
0.0030638333333333767,0.019247000000000014,-0.01649999999999885
0.003917902610694801,0.01724702636920994,-0.004242854223432957
0.004667701261512502,0.015197207905645271,0.007331087537597369
0.00455236953130661,0.014014136016381906,0.014811766685834726
0.0035086022276286655,0.023954973135078772,-0.024955553789505203
0.0022847857587727782,0.01734230672268877,-0.014194535613283321
0.004707738610084611,0.01971974985099534,-0.0027499105972115245
0.004617698709731721,0.01863948962175499,-0.008917633199164499
0.003634360050486285,0.020370180926610137,-0.011610926065140248
0.004737775192070137,0.017075412568754667,0.009557968966561248
0.005658666047711869,0.004018716882880247,0.041270590297743937
0.002149100000000015,0.02445007999999982,-0.03013999999999939
0.002875174219553245,0.017205216438629822,-0.020484999627472078
0.005399232739274895,0.020808364214933928,0.005487497951094156
0.005792993041171868,0.02173553934643646,-0.006062498323622378
0.0032776603671620386,0.015089294270046683,-0.0038266867996501475
0.005387519003417274,0.016220457628546736,0.018873354525947406
0.004238920629420662,0.01714419810140666,-0.002596667726296076
0.005109576183522313,0.020034980650136314,0.00812499739230077
0.0038965471305104082,0.01810352558623962,-0.011567861833718496
0.0037548783208446457,0.01863287751702991,-0.007421413487739059
0.004698434351158021,0.01731591200953675,0.004028562670299607
0.004736972549516161,0.0161633021760208,0.0036079310053853675
0.0047862825267501186,0.016495459729158668,0.013377784253471248
0.003832567235401596,0.01855898657808286,-0.013313325915918384
0.004234975135672614,0.02004019418485692,-0.007492556024534025
0.004325080747015153,0.017242720041960258,0.002490498453674661
0.006538102884638464,0.009326415543488231,0.02814071280667818
0.002242280803222918,0.020516900940363847,-0.02074886269156906
0.004581981551272651,0.02016369018919839,-0.000976460270447177
0.003923220580474951,0.02031378485392743,-0.012400006357884408
0.005315399999999998,0.016979999999999773,0.013399999999998968
0.003730819999999996,0.015277900000000066,-0.010360000000000369
0.005415467109939287,0.01805810913005068,0.01666589596510626
0.0004854805845691812,0.01308041207316002,-0.025252570049186573
0.003978513867917033,0.018049564603035417,-0.010373329094811368
0.007236094483463185,0.019640712889460676,0.017649414283614107
0.00486822285739974,0.019451287738447842,-0.0031794000354281593
0.005003654879653374,0.018815678018908155,0.005169966996001918
0.0058888249318387875,0.01660372142691413,0.018032955191369382
0.004465871455780229,0.017295630699269537,-0.0023837149021179727
0.00340963868124064,0.019033059874759672,-0.01399863226420095
0.004990018593282297,0.01957393970138055,0.003509415181230935
0.005397757011723042,0.01586361012292503,0.01098666168638296
0.0036931326975906398,0.01608327445377533,-0.003972551910740307
0.004712143933118085,0.019096148722111295,-0.0037226834489150207
0.003780537217745128,0.016978860113421312,-0.005577315148618922
0.0031730816947393714,0.015764110432380463,-0.007034112449685992
0.005032584992474914,0.0175511342758794,0.007758753073359159
0.005286264883994696,0.016809562039368675,0.010843745250264547
0.005077446359906396,0.020651687283185005,8.750337937257768e-05
0.004241177833787468,0.01838833274352858,-0.006357144073568577
0.00487657736554048,0.017053121283944428,0.005371847922933881
0.0038073424283008583,0.016193585041862413,-0.0026047061881495637
0.005284918111949255,0.020050380594777817,0.003561429085577217
0.003479340229562311,0.015818300357236303,-0.007208927890996364
0.005528410658665439,0.01803389168658276,0.004954160809720776
0.002618030285054529,0.01470453402956684,-0.005243133606708028
0.004149396478464185,0.017887155630505802,-0.002546602991971625
0.005523150372299446,0.018280295033561877,0.0026730752301666882
0.005032819398903279,0.017621094442028973,0.003726472238195555
0.004914367985292906,0.0195755624006142,0.0038092430206599914
0.004605067616294686,0.01778809888712951,-0.0024563069590648468
0.00439906136871894,0.017059793997747708,-0.003772265929217866
0.004217585711852864,0.018928530217983575,-0.0007428542234340085
0.005022578781161052,0.01686155549991275,0.006297476971226956
0.004910041946327506,0.0186900515529147,-2.8430460494277554e-05
0.004147224833344787,0.017126552222935576,-0.004383331677646041
0.005258934338689819,0.018255685656117127,0.0019642834639164164
0.004943289317196897,0.01770070717697525,0.0026090458295602303
0.0046721675647915795,0.01699702337845377,0.0002866670905099511
0.0046322526394692864,0.01859240217958469,-0.00030285358764636783
0.0044980339237057215,0.01808135378576292,-0.003557145776566628
0.004426461085337174,0.016544560126178887,0.003558822209445367
0.004789400510879997,0.016955863413829597,0.0032411777905547723
0.004287169544790997,0.01853838297906485,-0.004949998297002267
0.004949594759635259,0.01760528092088043,-0.0005566678398487568
0.004543676049288452,0.018577326044378673,0.0018066644338539106
0.0045642964045244025,0.015848593927374477,-0.0007294108041904224
0.004632608816672677,0.018433611469561573,-0.0024705874928123706
0.005015451653300532,0.018025101910032593,0.001646664547404697
0.004389380975367171,0.017327201558194005,-0.003066663275827608
0.005333966523639428,0.013230544324346116,0.0263066696336125
0.00471642222189575,0.016001938603313004,0.0015368568566156426
0.0030090060289188402,0.018945943324685022,-0.012203527761805333
0.00506215826620466,0.017115915528499226,-0.0011800025431529804
0.00521035929269206,0.01605043464152267,0.006397508689870435
0.0044516224411032795,0.020265289829977995,-0.0037375061467166404
0.005164600000000001,0.016875820000000097,0.000780000000000669
0.003725979007895879,0.016826194131242644,-0.0069211791930232636
0.005639620992104119,0.019236085868757247,0.0006411791930229782
0.004285466243626895,0.016245054106298173,0.0030153834867778784
0.005001753756373104,0.017997365893702266,0.0010246165132219431
0.003769680000000001,0.01724037999999961,-0.006640000000000867
0.004681417167580602,0.01714089759056403,0.004882352776181875
0.004842482832419399,0.018488102409436102,0.003817647223819165
0.004476149063854254,0.0167552199528771,-0.0022823569835779267
0.004071517693638928,0.01688534446129175,-0.007617632798439189
0.005438052182647327,0.019280592663747154,0.004573321631843541
0.004673387708948588,0.01602677594874491,0.001020784807256092
0.004131108340692913,0.017971541751949704,-0.004308403101225267
0.005198174020498061,0.01823628059774096,6.722811560067044e-05
0.004647135899914792,0.017566592161557093,0.0030537245713482264
0.00439673695710123,0.01828472008004889,-0.002386665289131784
0.005788865559725617,0.01579116240186096,-0.01999502218778737
0.004569394415146297,0.013763681963015362,-0.07633167669166063
0.019314223035216183,0.014421350626157903,0.06762809778953383
0.007292414661312807,0.013618356225368444,-0.07165366953912589
-0.0014283825543132261,0.015796489963173954,-0.1669394355067677
0.006650041404727136,0.01657144254933751,-0.10644650683449797
0.013813081191783927,0.010738184820096475,-0.006275524941665722
0.014521420512457112,0.011288842449275638,-0.006597335912898572
0.01416726492601919,0.01101352457562843,-0.006436436821299907
0.01416723677822182,0.011013502693743682,-0.006436424033262611
0.013813081191783927,0.010738184820096475,-0.006275524941665722
0.014167236778221848,0.011013502693743682,-0.006436424033262611
0.01416726492601919,0.01101352457562843,-0.006436436821299907
0.014993684256635748,0.011655976711241411,-0.006811893611104125
0.013340817447605291,0.010371050558130701,-0.006060967243458393
0.014993656108838349,0.011655954829356663,-0.006811880823066829
0.014167264926019218,0.01101352457562843,-0.006436436821299907
0.014167236778221792,0.011013502693743682,-0.006436424033262611
0.014167264926019218,0.01101352457562843,-0.006436436821299907
0.014167236778221848,0.011013502693743682,-0.006436424033262611
0.0139311330539299,0.010829957444645544,-0.0063291579721980185
0.01440336865031111,0.011197069824727013,-0.006543702882364499
0.014167264926019218,0.01101352457562843,-0.006436436821301683
0.014167236778221848,0.011013502693743682,-0.006436424033262611
0.014167264926019163,0.01101352457562843,-0.006436436821299907
0.014167236778221848,0.011013502693743682,-0.006436424033262611
0.014167264926019218,0.01101352457562843,-0.006436436821299907
0.014167236778221792,0.011013502693743682,-0.006436424033262611
0.014167264926019218,0.01101352457562843,-0.006436436821299907
0.014167236778221848,0.011013502693743682,-0.006436424033262611
0.014167264926019163,0.01101352457562843,-0.006436436821301683
0.014167236778221848,0.011013502693743682,-0.006436424033262611
0.010233123859374471,0.011233881771209209,-0.012520051963880618
0.015573865349524763,0.012222384381854745,0.0047532917951489395
0.012754325245673215,0.011452866939249517,-0.0061415336890124905
0.013479959768790906,0.013542156411674,-0.015011739032480875
0.014555539358422465,0.008836947137794038,0.0071856927792044445
0.01332591027758867,0.010680845129428018,0.0025142881471396095
0.016058865516967336,0.012614197282047268,-0.00393333863148726
0.015530736342701967,0.00888830993363765,0.0018862803029460196
0.014375043828958156,0.011604935309944775,-0.00021960303997126118
0.01486105303025853,0.011774401737967732,0.0006799938541277584
0.013863321333932865,0.01067757539858194,-0.0005056444102020663
0.01359042376991726,0.010490709031438339,-0.002226436678432364
0.01594902814398058,0.01147252070675897,-0.0005812513969818411
0.01367492430277728,0.01103001822556271,-0.0014705879053060755
0.01298804633609174,0.011706186485096026,-0.015143683211858772
0.014396345072668959,0.0112583102305579,-0.00036698027981607595
0.015258066140107163,0.011285738825702829,0.004958170664854933
0.014040866181638134,0.011078936832703778,-0.006456919267872507
0.013343577279053442,0.010282906284402316,0.0020612513969808788
0.01360009677077545,0.012803020953893629,-0.01575268240122263
0.01405601868035078,0.011709411231052513,-0.0018638606384673295
0.01783941297275282,0.008773152887243896,0.03406862232696639
0.014285635574366684,0.010539298293406496,-0.00019999947022064646
0.013629872945252752,0.010860982182259171,-0.0010722201765123174
0.013823953158063174,0.012262029332910096,-0.015525749271541045
-0.020708987380615107,0.06636305883483207,-0.3942353617659844
0.014173934233703611,0.011949152409401975,-0.005617648378771989
0.014710347436936666,0.010851264116483073,0.001960506008199303
0.016044503750934913,0.012485992839648574,-0.0019134441322883333
0.014585872031455893,0.010131102555501315,0.005883915809533846
0.0142612825469689,0.011066388078964984,0.0006866706933266187
0.014254919253740228,0.011037844777075811,0.003287496274662516
0.016401782057284486,0.01287336205012668,-0.0020110212315351816
0.016964210504151533,0.012399625442244044,-0.052069799263490424
0.01681412990619391,0.010835678220897371,-0.07144669803188108
0.018195954242509527,0.008843645150479418,-0.052859974767528684
0.020018699329035772,0.00914210443070207,-0.08485718281673726
0.017121426916326232,0.007029400291465926,-0.07955531625194112
0.032246539162369636,-0.061682644547388144,0.35490073220755036
0.01731187005696011,0.0041595841843964365,-0.07768823611909781
0.016126401145980296,0.0009846310017236348,-0.06186155228698276
0.018096652425448445,0.0008673439982764819,-0.07066344771301836
0.014724861182632054,-0.0034088223003649887,-0.055664299868066536
0.01857476435336869,-5.609785248772425e-06,0.00010967550195140063
0.01812175381236325,-5.4729710310397195e-06,0.00010700068155777842
0.020537954049669294,-6.202690353340756e-06,0.00012126724067940131
0.018121717807710658,-5.472960157071327e-06,0.0001070004689669446
0.01812175381236325,-5.472971031927898e-06,0.00010700068155777842
0.018121717807710658,-5.472960157071327e-06,0.0001070004689669446
0.020386950536000814,-6.1570856138004615e-06,0.00012037563388389572
0.01766870726670522,-5.3361459402268e-06,0.00010432564857332238
0.018121717807710658,-5.472960157071327e-06,0.0001070004689669446
0.018121753812363472,-5.4729710310397195e-06,0.00010700068155777842
0.018121717807710436,-5.472960157071327e-06,0.0001070004689669446
0.018121753812363472,-5.472971031927898e-06,0.00010700068155777842
0.018121717807710436,-5.472960157071327e-06,0.0001070004689669446
0.018725803871689983,-5.655400861392934e-06,0.00011056732133774005
0.017517667748383925,-5.2905303267181125e-06,0.00010343382918698296
0.018725803871689983,-5.6554008622811125e-06,0.00011056732133774005
0.01842376083970021,-5.564180509232131e-06,0.00010878389515411868
0.0178197107803737,-5.381750678878916e-06,0.00010521725537060433
0.018121717807710658,-5.472960157071327e-06,0.0001070004689669446
0.01812175381236325,-5.472971031927898e-06,0.00010700068155777842
0.018121717807710658,-5.472960157071327e-06,0.0001070004689669446
0.01827275732603173,-5.518575770580014e-06,0.00010789228835506037
0.017970714294042178,-5.427355417531032e-06,0.00010610886216966264
0.01812175381236325,-5.472971031927898e-06,0.00010700068155777842
0.018121717807710658,-5.472960157071327e-06,0.0001070004689669446
0.01766870726670544,-5.336145939338621e-06,0.00010432564857509874
0.018121717807710436,-5.4729601579595055e-06,0.00010700046896516824
0.019178850417347793,-5.792225953094032e-06,0.00011324235432219609
0.017064621202726116,-5.153705235017014e-06,0.00010075879620252692
0.019178850417348015,-5.792225953094032e-06,0.00011324235432219609
0.018121717807710658,-5.472960157071327e-06,0.0001070004689669446
0.01812175381236325,-5.472971031927898e-06,0.00010700068155777842
0.017517667748384147,-5.2905303267181125e-06,0.00010343382918698296
0.018121753812363472,-5.4729710310397195e-06,0.00010700068155777842
0.018725767867036947,-5.655389987424542e-06,0.00011056710874690623
0.018121753812363472,-5.472971031927898e-06,0.00010700068155777842
0.018121717807710436,-5.472960157071327e-06,0.0001070004689669446
0.01751770375303696,-5.290541200686505e-06,0.00010343404177604043
0.018121717807710436,-5.472960157071327e-06,0.0001070004689669446
0.018121753812363472,-5.4729710310397195e-06,0.00010700068155777842
0.018725767867036947,-5.65538998831272e-06,0.00011056710874868259
0.017517667748384147,-5.2905303267181125e-06,0.0001034338291852066
0.01872580387168976,-5.655400861392934e-06,0.00011056732133951641
0.019189808903855354,0.0002745135199209159,-0.0062964997655168276
0.01838358502718007,-0.0002865167562067228,0.002563334075086132
0.016933146434322754,0.0008684854750073967,-0.030569624587537092
0.016761751387045054,-0.0013203835603921021,-0.08519074116924585
0.016926276424426012,-0.004092597524111952,-0.07672176982033818
0.013524704261159481,-0.008201195506027936,-0.05530449580385444
0.01282912137068637,-0.0016841691739832854,-0.07618461011151112
0.013703755014399466,-0.006718424496975572,-0.07954795480631915
0.0149979816745347,-0.007623739695835852,-0.06644450134762536
0.01740532227145053,0.0005840926124101031,-0.05427463456601522
0.019457094542781217,-0.011053651623430305,0.003545014349967346
0.013126291592014283,-0.009144689750454127,0.016299983787392947
0.015682335546330695,-0.008513453022733763,0.0020211777905565498
0.016040484453669457,-0.008694606977265984,-0.012841177790557268
0.01700196148969857,-0.008873621564309708,0.0020588208069778346
0.015833078577339066,-0.009918824782968017,0.010005884745384108
0.014352937133585542,-0.00809477261193603,-0.004504703009207134
0.01820008142576235,-0.008878217491118612,-0.007010003394638531
0.014859241373614385,-0.008630463549667233,0.0038500008514841255
0.015997492162806548,-0.009833303671662463,0.002485711852861172
0.01571072908144311,-0.007430683709129582,-0.009338651379396268
0.01630648149599878,-0.009254221011616437,0.0028862739195147924
0.015965257302326563,-0.009800150578981537,0.005252379162877574
0.014536062834442642,-0.007487938260143601,-0.00838571355585671
0.016459677122982352,-0.010195402768466977,0.0022999999999999687
0.015088157387487033,-0.008599693652440621,0.0003941124496851245
0.01622172999692406,-0.00907361477895563,-0.0010941124496852694
0.01592087998426095,-0.008694153715945063,0.0031666693157426096
0.015331005786650476,-0.00903819596447164,-0.0024666693157424646
0.016524251047557392,-0.009084284307998125,0.002379999682105449
0.014930692766953246,-0.008692124418891112,-0.0019799996821063814
0.014738463030166571,-0.007952553161297171,-0.007199999999999207
0.01678835334638995,-0.009530831244890958,0.0006142864441400775
0.015488198087631133,-0.009254146835929511,0.00723573143641687
0.016448368565979088,-0.008996801919179731,-0.006850017880557502
0.016137640591274316,-0.00852957085114836,-0.0028666677262982887
0.015150481967547869,-0.009232452658365808,0.003191667353769745
0.016545377441177678,-0.008110076490486229,-0.001744999627470989
0.01566740000000033,-0.010030799999999562,0.005219999999999558
0.016304579990122914,-0.009058151937126446,0.0005214318557253961
0.016308716780994104,-0.008604060510080558,-0.003064287782155617
0.015072039520587666,-0.008545793097503918,-0.0006133943529658126
0.01644496370829529,-0.009772394455289213,0.0029562502793964995
0.016323427857629635,-0.00916781077997264,-0.00039285762942853353
0.015984972142370157,-0.008591289220027498,-0.0024071423705720463
0.016393059429388845,-0.009038936093141547,-0.0035000000000007248
0.014889600252532276,-0.009212620677260919,0.004952941671458433
0.016367673785455672,-0.008803426918701618,-0.003812944850348998
0.015380279919519957,-0.00919687268606273,0.0008600031788912332
0.014724106206205345,-0.008781190786876891,0.005273332273702636
0.016816266117777978,-0.00966297525709292,-0.0027266661368514633
0.015225699765186729,-0.008112323717771819,0.0016945116537048222
0.017012020880128098,-0.00903908965264888,-0.0006411777905555027
0.01511399364380539,-0.009268964210442654,0.00019999999999953388
0.015195199999999964,-0.008296199999999754,-0.0029333333333330103
0.017250588797406152,-0.010058724258511731,0.0037133314259669703
0.015980691297961425,-0.00837335799285066,-0.03237996062669524
0.012369483028203732,-0.007986946337897649,-0.07053532349878466
0.013466636876428684,-0.004595871410740138,-0.10176471396715492
0.01138300902065792,-0.01146022379282785,-0.06150005048875862
0.013097062374081148,-0.010231414899057878,-0.0784999860685005
0.009859528605260959,-0.013517461308114154,-0.07609996344273995
0.008596748664151832,-0.011455617929119644,-0.06374707095073084
0.007042548427161677,-0.014489757370888423,-0.06867288454477816
0.009095402908686268,-0.014368924699991847,-0.05958004450449117
0.0064177429357070714,-0.016583673802749832,-0.0317800095366767
0.007177951092649071,-0.017746721211078675,0.00684667514369508
0.008196541794496692,-0.015602119404721115,-0.009135420449958076
0.007125368446467384,-0.017054046553571123,-0.0013112400707520067
0.00752555332713456,-0.01670014750297888,-0.003808246815268035
0.0066601737216651635,-0.015931112526263114,0.0059453840995331575
0.007456065204172191,-0.01714493872366285,-0.0022238069179785214
0.007849656308089425,-0.017022432774974394,-0.0002619049348844271
0.006379168581053918,-0.01504118678742783,-0.00013392884133267557
0.007334346626711508,-0.01759957776979304,0.0010339288413323544
0.007336491961853042,-0.01663116294277911,-0.0007914305177099124
0.00696360211171676,-0.01636251871934613,0.0016699948910083862
0.007155348005789985,-0.017788793140326664,0.0005785728882816699
0.003425903037808986,-0.01928226371107078,0.060515887702973004
0.007926915502852516,-0.018021974111679828,0.009282222204737067
0.006159019527742782,-0.014661885775271166,-0.007426677687000449
0.0073496518140889755,-0.0173945645423057,0.005119999999999791
0.00759439999999989,-0.017894919999999814,0.0030400000000003757
0.006996642900018557,-0.015101304662917592,-0.005065883342917132
0.007836228890312213,-0.019386421652369812,0.004484451487192231
0.0065400667261128476,-0.015384373677858054,-0.00051606833054052
0.0043048593005252656,-0.01731939826230411,-0.010233109897868076
0.0026234927584343204,-0.016633388763934942,-0.0119599034001876
0.0027765345271850705,-0.017603699518009996,-0.01265758581785903
0.002470456202101179,-0.015663111057466317,-0.011262244744731476
0.002623497970851041,-0.016633421811540927,-0.011959927162402906
0.0026234927584347645,-0.016633388763935386,-0.0119599034001876
0.002754668438839758,-0.017465064811652997,-0.012557903322639064
0.002557910130648988,-0.0162175837876819,-0.011660927201177174
0.0027109466869821297,-0.01718786149415097,-0.012358585856633297
0.0026234927584347645,-0.016633388763935386,-0.0119599034001876
0.002623497970851485,-0.016633421811540927,-0.011959927162402906
0.0026234927584343204,-0.016633388763935386,-0.011959903400185823
0.0025360440423036756,-0.0160789490813249,-0.011561244705958984
0.002710946686982574,-0.01718786149415097,-0.012358585856631521
0.002623497970851485,-0.01663342181154137,-0.011959927162402906
0.0026234927584343204,-0.016633388763934942,-0.0119599034001876
0.002557910130648988,-0.016217583787682344,-0.011660927201177174
0.0026016318825057283,-0.016494787105183928,-0.01186024466718294
0.002645358846780077,-0.01677202347029194,-0.012059585895407565
0.0026890805986372612,-0.017049226787794414,-0.012258903361413331
0.0025797710065775803,-0.016356185446432914,-0.011760585934180057
0.002645358846779633,-0.01677202347029194,-0.012059585895405789
0.0025579049182322677,-0.01621755074007636,-0.011660903438961867
0.002667219722708669,-0.016910625129042955,-0.012159244628408672
0.002667219722708225,-0.0169106251290434,-0.012159244628410448
0.002623497970851485,-0.016633421811540927,-0.011959927162402906
0.0025579049182322677,-0.01621755074007636,-0.011660903438961867
0.0026016370949224488,-0.016494820152789913,-0.011860268429398246
0.0027109414745658533,-0.017187828446544984,-0.01235856209441799
0.002623497970851485,-0.016633421811540927,-0.011959927162402906
0.0025579049182318236,-0.01621755074007636,-0.01166090343896009
0.002623497970851485,-0.01663342181154137,-0.011959927162404682
0.00277652931476835,-0.01760366647040401,-0.012657562055641947
0.0024704614145174553,-0.015663144105071858,-0.011262268506946782
0.002732807562911166,-0.017326463152901983,-0.01245824458963618
0.0025141831663750835,-0.01594034742257433,-0.011461585972954325
0.00277652931476835,-0.01760366647040401,-0.012657562055643723
0.002623497970851041,-0.016633421811540927,-0.011959927162402906
0.0025797710065775803,-0.016356185446433358,-0.011760585934180057
0.002667219722708669,-0.016910625129042955,-0.012159244628410448
0.0026234927584343204,-0.016633388763935386,-0.0119599034001876
0.0025797710065775803,-0.016356185446432914,-0.011760585934180057
0.002667219722708669,-0.0169106251290434,-0.012159244628408672
0.0026016318825057283,-0.016494787105183928,-0.011860244667184716
0.002601637094922893,-0.016494820152789913,-0.011860268429400023
0.002667219722708669,-0.0169106251290434,-0.012159244628408672
0.002579771006577136,-0.016356185446432914,-0.011760585934180057
0.00257976579416086,-0.016356152398827373,-0.01176056217196475
0.002710946686982574,-0.01718786149415097,-0.012358585856633297
0.002623497970851485,-0.016633421811540927,-0.011959927162402906
0.0026234927584343204,-0.016633388763934942,-0.0119599034001876
0.002557910130648988,-0.016217583787682344,-0.011660927201177174
0.0026016318825057283,-0.016494787105184372,-0.01186024466718294
0.0027109414745658533,-0.017187828446544984,-0.012358562094416214
0.002623497970851485,-0.016633421811540927,-0.011959927162404682
0.0026234927584347645,-0.016633388763935386,-0.011959903400185823
0.002557910130648544,-0.0162175837876819,-0.011660927201177174
0.0027765345271850705,-0.017603699518009996,-0.01265758581785903
0.002470456202101179,-0.015663111057466317,-0.011262244744731476
0.0026234927584343204,-0.016633388763934942,-0.0119599034001876
0.002623497970851485,-0.016633421811540927,-0.011959927162402906
0.0026234927584347645,-0.016633388763935386,-0.011959903400185823
0.0022382999037766638,-0.016292410360330134,-0.011535923053768826
-0.005877875558194745,-0.017304335493562917,0.0036027491367320863
-0.005744917527714666,-0.017715861041444292,0.0019039424312552455
-0.005054450805058064,-0.016822602034960887,-0.004056884762681179
-0.0064553251635421915,-0.01813812657071523,0.005523528647263021
-0.004959539898020449,-0.01752903695521102,-0.006650000964981473
-0.005562495625074604,-0.017373036942490483,-0.0032499974455468816
-0.004938300000000062,-0.015799600000000247,-0.0001000000000015433
-0.0059971702158394535,-0.018705392949805777,0.004664705552361426
-0.005867589784160465,-0.017977107050194174,-0.002644705552361515
-0.005364106404933899,-0.017136637419334022,-0.0005199999999998539
-0.005388733595065975,-0.016352012580665765,-0.0013500000000004064
-0.005972536017420982,-0.018076159476428266,-0.0026366675143840723
-0.0057635694521946945,-0.015665400985964695,-0.0036721560975259138
-0.006875575352128127,-0.018542561029302185,0.010618820433018428
-0.005099392907473632,-0.017182443311051454,-0.0032066636997036824
-0.004324740725095033,-0.01551057853336868,-0.006497080513668152
-0.006599985545687748,-0.018617206663885,0.00014374739226497013
-0.006083188680369833,-0.017466881713526394,-0.030857212922123622
-0.0045695359357051935,-0.01333388028386473,-0.06263102880683746
-0.00590035364212893,-0.013715468834849531,-0.0675260070065864
-0.008454982913457698,-0.015144596657541198,-0.07607150058325374
-0.009543230769526012,-0.012034227566844358,-0.0664141831270566
0.0037511497152920015,-0.011366028037756548,-0.24560008503832798
-0.006063425657643506,-0.01346246319960187,-0.07197669317315025
-0.01757297497238719,-0.01206499028980268,-0.02780904887944935
-0.015445185619733959,-0.009782857371586129,-0.05893183719827455
-0.014580471524339611,-0.008676506044626553,-0.01578240326494118
-0.015632080265667536,-0.008907654216621097,-0.07836425408719272
-0.014299497135277228,-0.004346146470320944,-0.053723255784804635
-0.015283094975536038,-0.007794877796716948,-0.08532020021126385
-0.018558542450108018,-0.00780192199477181,-0.0846722943672571
-0.01660798641599559,-0.00475337689839761,-0.035090578834896746
-0.016113565429380472,-0.002579134728585286,0.03246391704260887
-0.016436212198231548,-0.0038343014903781114,0.007969164566429043
-0.018569881077351802,-0.004898545527118658,-0.004421321110562815
-0.015841366428724246,-0.00393853981850989,0.006898822310102304
-0.018415693583792248,-0.004689370240060331,0.004972499545518261
-0.017591670517194125,-0.00483006666834318,0.0011757370504170694
-0.018220394518369876,-0.004484942335028608,-0.0005549054348410465
-0.01656600674244668,-0.0037315170509719664,0.008590198480014521
-0.018044328683127553,-0.004575920194517913,0.0009497983410930999
-0.017816600367364543,-0.0048373241723933535,-0.007585823593815988
-0.01730552528091467,-0.004327290039634724,0.0065767791265987086
-0.016901284216304546,-0.006032535948753859,-0.014624282402358801
-0.0168438707394154,-0.004380645255543936,0.0010129382307386692
-0.017897918974797644,-0.004053629153331739,0.0008870611334739209
-0.017180432627396325,-0.0047100548850811386,0.0007666662428071902
-0.01754919723977011,-0.0050071458540197344,-0.003206666242807188
-0.018423739759943825,-0.00529761345551405,-0.01114666687859689
-0.01591049565541658,-0.004950482942672307,-0.00973569150744602
-0.018506970231349396,-0.003810942380785054,0.010382353617627516
-0.01764412076762678,-0.005353088954502372,-0.006452932695646396
-0.017683570906722235,-0.0041041969564235,0.0029862686781001457
-0.0183312344880866,-0.005309327925576257,-0.0066060407530201815
-0.018897501316344822,-0.00531434759974414,-0.00689395924698033
-0.015835246523633106,-0.003670960630467457,0.00512549520280281
-0.01802868192136442,-0.005323689972076329,-0.007072160279989248
-0.018420759465393566,-0.004447058049745989,0.004689806101344729
-0.01772900909695263,-0.004898930393391732,-0.002236472238196896
-0.018023448181326618,-0.005038693646565173,-0.0024466662428057617
-0.016122578530873177,-0.004059113487215882,0.003100782899890575
-0.020265313887348313,-0.005467018101937393,-0.002780784171468653
-0.016795399500587838,-0.0038993243164491265,0.0018866701634951966
-0.017444050122707555,-0.004147956387368756,0.0008599967151017296
-0.018146001162180347,-0.0050092530260805734,-0.0014885649540357093
-0.015909467225296403,-0.0041774392921427594,0.0008785693151054375
-0.020514861389679506,-0.004143121742240297,-0.015150003725281636
-0.015406115277057264,-0.0032320047725902246,-0.061147041498955446
-0.011269264722942651,-0.00433571522740972,-0.10183295850104557
-0.01950478000000011,-0.0004978399999999716,-0.07549999717958578
-0.013409483064268368,0.0017350718389483877,-0.045419959766945794
-0.01702126742565868,0.0022494983768104326,-0.0889004097645838
-0.01615247541947351,0.001694838575112989,-0.08499246084994283
-0.01401899061053724,0.003480436787598684,-0.06409464950170118
-0.016596756512987643,0.0035829951477532873,-0.07745253871349433
-0.01444355394447605,0.006663513063051019,-0.0646314158135084
-0.01332481302259847,0.0062461062107250775,-0.0656285655898241
-0.01467948324108903,0.010331741497930924,-0.06772863711448984
-0.014634056865304945,0.00880090148736179,-0.040352597891246234
-0.015631025720515446,0.010667249750938801,0.017281235005736306
-0.013827514771528993,0.009424943817780917,-0.009291669150226056
-0.015249518780269256,0.01093200519598403,0.00017401631654401228
-0.01631649391829537,0.010885439169622257,-0.0005966319074630633
-0.013335874115307789,0.009859271473688702,0.002043695845866722
-0.01527954188233771,0.010147051766176363,-0.001129411104722422
-0.015370370705351633,0.011140015840516382,0.002540000000001541
-0.014194019999999696,0.009683979999999925,-0.0008400000000001739
-0.015056600000000309,0.010152300000000114,-0.0037000000000002586
-0.016301115291540214,0.011479557607772195,0.002124995157132048
-0.016241558760339947,0.011800713579880773,0.0013083360569066116
-0.014455028020164518,0.010172559650267976,0.002339391920905598
-0.014402029040026632,0.010127890367878534,0.0006397789139604981
-0.015236260960611148,0.011167997504712757,0.0030017841519427435
-0.016792257388486442,0.010639343075417695,-0.004100953715232336
-0.012983958434712006,0.009049011819668662,0.0013866675143852092
-0.015162488867955348,0.011616824294709671,-0.0007200019073660968
-0.014975203236163637,0.010357502099691551,0.0019200019073650765
-0.016048786372615753,0.010632066464577816,-0.002342861035421251
-0.012482726946525746,0.00850641964066745,0.005999996594004742
-0.013585100753696233,0.01007104800693237,-0.007650882950844817
-0.01620223932619269,0.01192225102014377,0.006127086023749229
-0.01758264660096942,0.012485814867678746,0.014666661368512024
-0.015447936779782179,0.010743687896368037,-0.038246769450845264
-0.010615600383056645,0.005471682562187219,-0.09028658348565699
-0.008474909296636968,0.00999882263009444,-0.05660785570829496
-0.01214737354052442,0.01108592691135013,-0.09029879135520247
-0.01021124182561306,0.015040248518392474,-0.024974325613078108
-0.0091664005839871,0.013046338662724866,-0.07430564100855364
-0.007766631400004442,0.013385909474196378,-0.06856575885520755
-0.007035729847430838,0.013915668072517207,-0.03332678104240472
-0.0086305998867513,0.017033987523283223,0.001687509871999282
-0.007920516456213056,0.01596290774888587,0.00016499664724634044
-0.008703160000000043,0.01607882000000016,-0.004640000000001976
-0.007707939999999969,0.01624605999999984,0.002140000000000697
-0.008549020000000018,0.017443140000000135,-0.0328400000000002
-0.00704607455125239,0.01241661837160457,-0.08401246926641726
-0.004738187525276549,0.014978662102826057,-0.08073788238455393
-0.003644576930525334,0.014195557393541058,-0.062473164891109434
-0.003464595371075019,0.016494115877558002,-0.07146318138369345
-0.002093632239718035,0.015643068195887455,-0.07907040357286377
0.00012931393102433297,0.015293058116399028,-0.05882414393789048
0.0010850126868229282,0.017097219942183717,-0.06741875456347124
0.0002026820666733986,0.016028990676409283,-0.04902353056673636
-0.0003382478398341604,0.01857288753884978,-0.01576219150410907
0.0036577931990529056,0.01939306298318355,0.022112385028804304
0.0015506968690182088,0.01730253890337652,-0.0035619546006673275
0.003817075705089712,0.018517799898181142,0.020535291642707953
0.0013795880939961869,0.017942466022143222,-0.00807500335275435
0.0024009874294059763,0.018371944192283607,0.00765000521539605
0.001633944605662796,0.018625432769328487,-0.0033016700128145615
0.0019322530172436458,0.01811408308792828,-0.0005150071259931721
0.0018511322839618316,0.016804440157139222,0.0031181450394335286
0.0016847945697295863,0.018667453771176845,0.002923530236732752
0.0016958373005109273,0.01875797346704644,-0.0022562458090567006
0.0021262367919965275,0.017848515172162127,0.002306248789327725
0.0018274731299354752,0.017886586183965658,0.0016433292934312504
0.0018501798961561011,0.01801602437945382,0.0005677766298450848
0.001101952522818861,0.017001454913672553,-0.007721126069701434
0.002077273664397916,0.018602962951455027,-0.0026149861866002766
0.0014578066941841605,0.016987042932244734,-0.011884996647245849
0.0023902992761546393,0.019930295105381912,0.00581999777473996
0.0016192107433397052,0.016215847038987707,-0.02754228463504038
0.0027704525963094806,0.015287579102224225,-0.08844609188629349
0.0027299996090675016,0.015467003894283682,-0.07030102113840364
0.005088272529956583,0.016731615774643327,-0.06715054289494393
0.00642293911680647,0.014004067132926235,-0.07693339765303087
0.007692872994772504,0.01206773279395934,-0.0618999314417783
0.008616293133593134,0.011413799157593552,-0.06738672812524893
0.00832679113720336,0.015955037602812805,-0.081174853975444
0.009384628609511392,0.010729010735966327,-0.06020747075142552
0.011480109273391825,0.012566479204731973,-0.07881764348420894
0.010607066974457346,0.01086612328260994,-0.06882010903661495
0.01345220400543612,0.011209349173878724,-0.0751799227523069
0.009667181451901152,0.012067991941828726,-0.06765031588985515
0.014903734051235462,0.008871673961403204,-0.04156218913927656
0.018843601312424907,0.006533038370080568,0.032059529698500455
0.011948783184438483,0.012912855726687322,-0.028227024669368106
0.013952953485077968,0.006122944207337611,0.029715299562435682
0.015632909082392787,0.009565426543037603,-0.020787591547431816
0.015082452405540847,0.008737636949474936,-0.02008393407814868
0.015082422187633782,0.00873761944349516,-0.020083893839702327
0.015335920209624598,0.00888447710457152,-0.020421454166479336
0.015082422187633782,0.00873761944349516,-0.020083893839702327
0.015462654111666474,0.008957897182119368,-0.02059021421064333
0.014955688285591906,0.008664199365947312,-0.019915133795537443
0.015209156089675657,0.008811039521043451,-0.02025265388386721
0.01571615213365707,0.009104754843195284,-0.02092777453742034
0.01533592020962482,0.008884477104571076,-0.020421454166478448
0.014828924165642743,0.008590761782419243,-0.019746333512926206
0.014955688285592128,0.008664199365947312,-0.019915133795537443
0.015842886035698722,0.009178174920743132,-0.021096534581585225
0.015209186307582723,0.008811057027023228,-0.020252694122313564
0.014828924165643187,0.008590761782419687,-0.019746333512926206
0.015209186307582723,0.008811057027022784,-0.020252694122313564
0.015589388013708128,0.00903131725966766,-0.020758974254809104
0.01520915608967588,0.008811039521043451,-0.02025265388386721
0.015209186307582723,0.008811057027022784,-0.020252694122313564
0.015209156089675435,0.008811039521043451,-0.02025265388386721
0.01482895438355003,0.00859077928839902,-0.01974637375137256
0.01533592020962482,0.008884477104571076,-0.020421454166478448
0.015462654111666474,0.008957897182119368,-0.02059021421064422
0.015209156089675435,0.008811039521043895,-0.02025265388386721
0.01508245240554107,0.008737636949474492,-0.02008393407814868
0.013867930643438164,0.007697953011751135,-0.02334597161405494
0.01986165207743884,0.002706992985663348,-0.08519332580983541
0.01568972681471692,0.0024190136184851774,-0.08813330535920194
0.01448195103825567,0.0012668945417484423,-0.08522340235850656
0.01875614422320826,-0.011782099596187035,0.04571673860582415
0.015057804237191164,-0.0049291457722531185,-0.05991371852792504
0.016820494402640662,-0.004684991315881959,-0.06078634902353297
0.014539011141761371,-0.002373821491806538,-0.08912657172270855
0.014694528789356731,-0.003804895117644147,-0.05354006580411319
0.01783569546511643,-0.008489341815359985,0.019079999046324403
0.016660190939382424,-0.007976062478989743,0.006572945430065147
0.017513507944078466,-0.004713753622306971,-0.02243292667431085
0.01700347634005661,-0.00781463282701056,0.004879979813733115
0.015162776519758392,-0.006680381096227261,0.0018588259960976572
0.01874704006703798,-0.007800476012229662,-0.0006588236119098312
0.016193840633633716,-0.006213492768887718,-0.00572941250718717
0.01611291313732721,-0.007388970022179642,0.003816077054592526
0.016877786229039238,-0.007208297208932457,0.00415333545259422
0.015402175232178017,-0.006249550852278851,-0.003487058328540904
0.017106668885281895,-0.007527055081918199,0.0024803969600277753
0.018014426372467085,-0.006691855105259492,-0.003833314790742115
0.016311747617612227,-0.007229725199183967,0.0033058622245540903
0.016763878879458627,-0.006766372631563211,-0.00161921855091407
0.017766880833165466,-0.007202930973120747,-0.00041525062065161933
0.015215082179836248,-0.006956550156675512,0.001328583106267267
0.01669020000000021,-0.007457200000000164,0.0032000000000005357
0.016794157752128225,-0.006804508402170839,-0.001923527761805488
0.017305197560595342,-0.007012720565484187,-0.00014313360670836772
0.016959399481121906,-0.007786058380153005,0.003873329200792419
0.016121160234975118,-0.006163468445075981,-0.0036243108487017395
0.016008277596032183,-0.006685966380241215,-0.0012223607983088414
0.01769953571617089,-0.008250514922088392,0.007469414919453854
0.01665874770882203,-0.006082637231645371,-0.007269411740510101
0.016989963950154063,-0.007185125673141002,-0.0014999993642126341
0.014719889042256185,-0.006660252826669488,0.003916458213540253
0.017289470957744246,-0.007619247173330734,-0.0011764582135400659
0.01646478663199602,-0.007395252184538403,-0.0010062481373305232
0.017049352803750306,-0.006974983789394429,-0.03242713817753895
0.014520228665659829,-0.0051941309624097265,-0.09485991734880361
0.013058434492258186,-0.008285006515632798,-0.07367813877501916
0.014194615977423553,-0.009093850224413558,-0.06897525389763448
0.013412301500437707,-0.010944238844046605,-0.07562476483533498
0.011396966009328047,-0.010070648549614702,-0.07386602858381064
0.011824030305006339,-0.0131648652086791,-0.030622519145566685
0.012833183614139987,-0.013787123721270333,0.008160008901039184
0.011862716127383877,-0.012794865401907884,-0.006278572888282596
0.012485907559605103,-0.013914858686988829,-0.001035711852861887
0.011686659538120647,-0.012429512291059375,0.00010840280069324137
0.011900888212544203,-0.013174569270524739,0.0012058819404510146
0.012138433161445139,-0.01349769567751169,-0.00027001168252116514
0.012368795400900634,-0.013971698672007538,-2.9988317478135684e-05
0.011834627847095103,-0.013392667270126335,0.0013400031788917133
0.012102565418265598,-0.012825949797879321,-0.00029882819326765286
0.011960467920366202,-0.013751843790295482,-0.0009745072593272397
0.012511582946120203,-0.013599767549638653,-0.0005333363798110113
0.011029655868153299,-0.012491671592060438,-0.0009333313464860993
0.013880063086117111,-0.015030663300696023,-0.001880002861048169
0.011927796913882904,-0.013660096699303903,0.00206000286104846
0.012127532955415354,-0.012205717104750047,-0.0011447069548271571
0.012844044388975906,-0.014332660205581771,-0.004478148241780389
0.013375162655608452,-0.013923262689667926,-0.005657144803392633
0.011241078696654139,-0.013396438703012326,0.0029866661368513903
0.01241018244933656,-0.013422068562345846,0.000440000000000218
0.012285679068306354,-0.012928738663986028,-0.0054854911512274285
0.012551853928594259,-0.013784948105465045,0.0021588266038223836
0.012232989661604687,-0.01391350461982288,0.0006857136694087274
0.012810469649975342,-0.013270570313880459,-0.0007857152588552907
0.011913309847814357,-0.014100814348396273,-0.0012400006357884408
0.012241528634712395,-0.012677956905714272,0.0013900013808445522
0.013379445421447755,-0.014473294096128075,-0.002350012665428558
0.011883199565666747,-0.012488896682749662,0.0014529535918308412
0.013293053462764437,-0.014515852674628515,-0.0005329365851496348
0.01176684731796307,-0.013578555697629113,0.00038665946109617266
0.011067090899371301,-0.012223564831340905,0.0028183365701792695
0.013015471395788847,-0.01361799579490075,-0.002125001117584624
0.012870715246155573,-0.014897265109071522,-0.0013500298009292422
0.011541124808259973,-0.012347844333729263,0.0015794409056519854
0.012543036168336297,-0.014498952914147711,-0.0001865568812888796
0.01230005327143413,-0.013014635174504185,0.002441758621814394
0.01140800187562041,-0.012496414653434762,0.00034871836879091234
0.012906207097233668,-0.014084826985454768,-0.00128337293534031
0.01165604732598391,-0.013276493428566738,0.005085337571405724
0.011869002330272771,-0.01272868454005538,-0.0019781534795315636
0.012075471102533708,-0.01370189265650934,0.0033428610353638533
0.011841313562130473,-0.0132037750873506,-0.001523532570208097
0.012642123373526548,-0.013604564827101928,-0.0017364644779442884
0.012255509314678115,-0.013205318997698612,-0.0020775080341612906
0.012236766258714393,-0.012964471001506439,-0.0022291628710284783
0.012128783674091093,-0.013836435927452317,1.9997668809779157e-05
0.012429613050981558,-0.012804073961610207,-0.005994508107028729
0.011928703988369982,-0.012590502286506933,-0.020258917997709958
0.010429397859683665,-0.014381781276276318,-0.10336862954270565
0.009981751985918663,-0.012192590960840022,-0.059371297183404614
0.01133848176710961,-0.016410596534623956,-0.07726667662688236
0.004440725214692964,-0.013461695325916345,-0.06777903278953978
0.007320941645356349,-0.016323251664467797,-0.07656100853605796
0.006495739809266432,-0.014565291671302383,-0.07780656282285658
0.005463110169190877,-0.015294298599491718,-0.08039960752750375
0.0035405191004587167,-0.01528664208238073,-0.04384709198771475
0.0028446852121941646,-0.018826260393553174,0.008759970753727586
0.006093699065734981,-0.01763211192252312,-0.017759943505771147
-0.0009576028375501977,-0.018739032889442564,0.024299969573100988
0.0072265760856717876,-0.017486316191897888,-0.02839410506334694
-0.0022289517579512363,-0.017558491111523855,0.03554743415820738
0.0032189459606168924,-0.01888235440042374,0.0013312905973048572
0.003819808271283698,-0.015987333090635714,-0.010484616513222633
0.0011604945132321909,-0.019964921900977428,0.0165933370420408
0.001975406058971174,-0.017978893389073214,0.0005191620266380426
0.009737632223695947,-0.017574270145584103,-0.043150005215395026
0.00399678720410046,-0.017626854564365413,-0.0156424938532842
0.0012952209351642097,-0.01859176569401,0.014750597310071
-0.0007899409351641573,-0.01914339430598977,0.028929402689929162
0.0013362722228404955,-0.018379278235715057,0.016913332273702508
0.003990926251283611,-0.01624981105186185,-0.010763321097854828
-7.310096323598358e-05,-0.018663702889045286,0.014950007897808426
0.002250785641646935,-0.017773540389240283,0.007028556733977176
0.0030318168474647855,-0.016716967434137642,-2.857580763304668e-05
0.0028789132765667524,-0.019007229090599376,0.0031214271117168124
0.0029302823646317755,-0.01826032296678859,-0.002739072685598032
0.002741997387380124,-0.017872311623191806,0.002830978059496836
0.002596998234236203,-0.01798501437393818,0.00323333206178944
0.002929886004566118,-0.01879130461388656,-0.0013266721768676604
0.0030034478712983592,-0.01861222877083879,0.0023600092189086652
0.0028751117699319373,-0.016612910812615622,-0.0006425014031821163
0.002747332704808425,-0.018082838119394484,0.004348213369594234
0.00297003038658028,-0.01865663962874664,-0.001085713555858625
0.0032657770360295935,-0.018470602936762726,-0.0008411777905559248
0.003124622963970758,-0.01704709706323726,-0.0018088222094432282
0.0029893830248384212,-0.019058905717629582,0.0008045450604701188
0.0030922323203461666,-0.01784175678814459,-0.002467044129150331
0.0028124165947343016,-0.01742120174281525,0.002325832931828309
0.0031599886288820045,-0.018953585615170798,-0.0033561948985711965
0.0028763360848094166,-0.017935860829359607,0.003400003405994667
0.00325141150894126,-0.018275736686873767,-0.00245713707227857
0.0027882196023392147,-0.01641192061434027,0.0036882308208037173
0.0031542367125787507,-0.018772916142994145,-0.005388236119097556
0.0032442267049352935,-0.018019224637948028,0.0027375016763775406
0.0030050075880310168,-0.017365013019683184,0.0006910678059117714
0.0033315978830912307,-0.018913824163015125,-0.0007885608991440307
0.0030825654181656503,-0.017344144154782137,-0.0033223573994805022
0.002523259499976227,-0.018100336774740766,0.0015756762156424742
0.0026216609010245584,-0.017939366392092593,0.00031917166937311947
0.002937038275629522,-0.017823551286007655,0.0011475002955316782
0.0030389192516766528,-0.01897027543440233,0.0028800006357885266
0.0022608904323804246,-0.015308861752520997,-0.004769411104722288
0.0030499706815123595,-0.017640744762034588,0.0027894115815598752
0.003075606209755666,-0.01867701939573485,0.001300002066315642
0.0033866750986675243,-0.018832557173235065,-0.004966670269451079
0.0022827773077920277,-0.017437955518693427,0.004506667726297486
0.0031223970560021463,-0.01674771908595707,-0.0002941166570833431
0.0030134411405140504,-0.01832557046620531,-0.0027764712482234444
0.0029725639602529164,-0.018512151099507212,0.0015058795480147324
0.0025291717207744924,-0.018016892409973506,0.004588238594025462
0.002952592646600305,-0.018243805376542466,-0.0007168639939250099
0.0029085947677622848,-0.017909663787696983,-0.0015533323796592668
0.002347659611619868,-0.01633882459747682,0.00029960780830950995
0.0033309711727715907,-0.020297853441146763,-0.0014796062188642267
0.0026116080272622355,-0.01624063721843283,0.001673727083344012
0.0028560118519398436,-0.0189927889708702,0.0015262745061024319
0.0030119621567807897,-0.01774354508479925,0.0007799960793626326
0.002818203305535505,-0.017825524836597606,-0.00462207799913994
0.0029081391311831517,-0.017785186972825495,0.0015020835092238727
0.0018511302387680395,-0.017855942629799282,0.006655548344154383
0.0037262734821248422,-0.017756375419950454,-0.0023888869756412134
0.0025435889117848554,-0.01944947761239768,-0.0016428593324260277
0.002287192716039055,-0.015893830420623645,-0.004394638432371423
0.0030699650571208714,-0.01944985810597022,0.004037533525912629
0.002840221383439534,-0.016861094193392767,0.0009529017029459297
0.002799926659422969,-0.019655773918589192,-0.0004529390535079614
0.0029740145850452038,-0.017154720328478423,0.0008714308907187274
0.0026627859450352176,-0.01877091584532742,0.0001285706987275148
0.0032724447191117,-0.016816069639173037,-0.0054352832279143115
0.0028982192982018873,-0.02034764583489357,-0.001964718361556983
0.0030056606482067316,-0.01606593008470314,-0.0013249950577742808
0.0029767980191803822,-0.018495955047381996,-0.0018549982664453069
0.003145974404228813,-0.017232447956591734,0.0016799965031371045
0.002630823206245303,-0.017564024933209743,-0.0048764738276405595
0.0033619025055209306,-0.01807981550706028,-0.0025663819852388414
0.004253571791807076,-0.018674969493945204,-0.038019606287980956
-0.0009187090286468802,-0.012965803143747068,-0.06856422628823555
0.0018415124523469828,-0.014672946502723216,-0.08123125530403907
-0.00044707574003055583,-0.014614614381382895,-0.05969891762383117
-0.0019048575340598894,-0.0170584670504087,-0.07092845027248007
-0.00284180263451983,-0.01429026002622602,-0.07620003725282753
-0.0035816486966413486,-0.015274333615989677,-0.07024659709510228
-0.006300233483029771,-0.01623137772822647,-0.030886665076681474
-0.0055204151858090356,-0.018629928629557868,-0.0028667005753888475
-0.006053287904752125,-0.01566730138133482,0.001824999627471513
-0.005877197703146653,-0.01648597386655093,-0.0009132329416372542
-0.0061271955289394775,-0.016760115083516824,0.0036764722381947834
-0.006435438863161558,-0.017880809668597397,0.0016917610759712431
-0.006141080000000354,-0.017618599999999984,-0.0011799999999997368
-0.0060157972820160666,-0.016347593470708466,9.999999999976694e-05
-0.00681199676709765,-0.018526224097439037,0.0014999936422155358
-0.005668886343015878,-0.01570738349632389,-0.0012411714327713597
-0.006179916626069648,-0.01769852505966435,-0.0026254899357418537
-0.006894238398400976,-0.017795786741045316,0.004080000211912349
-0.006157064583399929,-0.016829387134818963,-0.0010133324856145265
-0.005971821836157076,-0.01723358501923261,-0.0007000015894718103
-0.006249155059625533,-0.016552998462528334,0.0005823543656520158
-0.006522698823452799,-0.017585816082723915,0.0021909822525891798
-0.006137078516898153,-0.01674232209386564,-0.0004161936313140657
-0.006155003083310184,-0.01778874951136669,-0.00017252671821932353
-0.00615487892787403,-0.01710752986024386,-0.0004846146792365502
-0.006057925127378905,-0.016185759131602973,-0.0012999999999996348
-0.006453039380289738,-0.01782141749877135,-6.6677262973158236e-06
-0.006196134030366007,-0.016796864715160745,-0.0010874489307859392
-0.006506725214647346,-0.017678437624503877,0.0003541166570837362
-0.0062755000000001004,-0.017348179999999998,0.0020599999999992846
-0.005046786134589087,-0.016770031339333615,-0.045582435179113645
-0.007234732622042106,-0.013425156732431305,-0.06013760654467504
-0.0059088805949003564,-0.014487778057690323,-0.0899496185456119
-0.007809662001634354,-0.014390450039134244,-0.07039477328425114
-0.009956140559921778,-0.012524083492217335,-0.06962220185341117
-0.011538726946093814,-0.014262771709571749,-0.04826195572728409
-0.01006991046132688,-0.010462949012282473,-0.08025265132195525
-0.011353900679491602,-0.00904791961733896,-0.08131875754369755
-0.012935101730642273,-0.011817866124847476,-0.0708764806529878
-0.01321918896513763,-0.009234104502189006,-0.06642356305677932
-0.014122959304220029,-0.00816147937296352,-0.07934995629023289
-0.014325752558097093,-0.007257151725032607,-0.06180295850104489
-0.015311943530214034,-0.006195353722085684,-0.06907373190172716
-0.01474809666865573,-0.005542299229403039,-0.07998510433237227
-0.016149809190135755,-0.0038915449467739616,-0.06940153139258554
-0.01502620703883073,-0.0027667008058551434,-0.0680733924608421
-0.017685361014066814,-0.002751059570849562,-0.07453328141142812
-0.016401834887624478,0.0020771391683886004,-0.03576000921893385
-0.01843224511237551,-0.0024671791683886085,0.004380009218933889
-0.01678180149011288,0.001182006161617663,-0.0020750003725278354
-0.020558039064603406,-0.0007762397227715906,-0.004741664969600379
-0.016746156774972043,0.0014636933856762985,0.04202997875408743
-0.015246602670311304,-0.0027661598245223573,0.06558668658804079
-0.016824879621934574,-0.002265202784400566,0.08430004087193455
-0.015146608208872259,-0.003203748507971449,0.07034698379743443
-0.014859923627692062,-0.004173973239528672,0.06775303255159937
-0.015208408541501406,-0.004857835468099314,0.08501994277903169
-0.013634479999999893,-0.006745539999999994,0.05708000000000002
-0.014835139659077345,-0.009872817403743017,0.036649755632375935
-0.016696425476746324,-0.007214971430839545,-0.0018747522796216387
-0.015021230334227198,-0.009344613490913561,-0.0031519281225889095
-0.016626980878991393,-0.008686341450497959,0.0031769088753739183
-0.015342164764235111,-0.008337355454052342,0.003017668728142464
-0.016083926735563026,-0.009491132432348531,-0.007767661774493728
-0.019588007126966733,-0.006970023649443269,0.050479420045534074
-0.017584857034066204,-0.0069663660533217375,-0.004688202459924629
-0.009596008168783143,-0.009927448131295535,-0.13877456529037735
-0.01554175982474959,-0.007718905148049876,-0.09191658971091954
-0.013696315850688645,-0.004916189510936281,-0.0733004172148437
-0.017456384145905446,-0.004318315844558357,-0.07196963642865706
-0.014248451312689259,-0.0032013727095254185,-0.06288587344328489
-0.015885252391965032,-0.00187997771999443,-0.07080949537159231
-0.017300482578062493,0.0001109294069491229,-0.07435124381453395
-0.014967713717283004,0.0007384010225707227,-0.0723333845501748
-0.015864130611515037,0.004669516342829916,-0.008850435093575193
-0.017595259583848222,-0.0015139525180259128,0.07815041826398872
-0.013788549882519874,0.000966549653698745,0.07221999334637363
-0.017499949472525422,-0.0015400999311594166,0.07808003939576924
-0.01781881151928877,-0.0030618350859271393,0.08490667601391033
-0.016362084308755964,-0.0021755048847877656,0.07221996545593568
-0.013424033302388061,-0.004279050508875282,0.06901452039267042
-0.016438113601175086,-0.006826424264960218,0.027044526148382264
-0.017440467717983577,-0.006370098802792934,-0.013485706743868953
-0.016610400000000247,-0.005607699999999993,0.014499999999999957
-0.017196118468067567,-0.006885506148075149,-0.0036266665607018744
-0.016785566229319926,-0.006698554895486042,-0.00017334706281202372
-0.015909393842003627,-0.006189702912093031,0.0014000136235137184
-0.017984727030116332,-0.006992324975267361,-0.0012600025431539486
-0.016830312425527794,-0.006873602739835616,-0.0022576432781997724
-0.016542562004964623,-0.006512308329242822,-0.0014823541786461725
-0.01755309246451242,-0.006328288981403363,0.0035846128452483583
-0.016462399823854224,-0.0056974848596611505,0.004040386782223848
-0.01750785880487138,-0.007108644297982414,0.002241662800604338
-0.016013410906397407,-0.006718296743917329,-0.011466655415748761
-0.016524958000364354,-0.00766858511703572,-0.01280000701232753
-0.016826577095077067,-0.007226572783161023,-0.008621421637915017
-0.015649000675844515,-0.006030733644338537,-0.0027315200335435996
-0.015606042229078465,-0.008848353572500411,-0.025387058328541823
-0.017865513181804182,-0.007105354400610386,0.006106681501732769
-0.01672613580492399,-0.007252548776692347,-0.010813346049137529
-0.01691557420128298,-0.005661184295449373,0.006718101877105198
-0.016954333470755145,-0.006564790410646948,0.007663854313007423
-0.01727292334123387,-0.006454582116600993,-0.005035291642707662
-0.017012384550408655,-0.006762585170299706,-0.00024286103542214832
-0.0171634907628877,-0.006372154650290673,-0.0007883866362758951
-0.018253655182300932,-0.006637705681523609,0.0049645820646788685
-0.01636591093080897,-0.006663379348961385,-0.004440473235984399
-0.016417608854479848,-0.0063559518945175975,0.002650885583381335
-0.0171064733214501,-0.006312572928980853,-0.002393705019076098
-0.019370776397663825,-0.0026445303254261643,0.0458499582786982
-0.01743139235476443,-0.006072370237622193,0.038175053643805246
-0.014506446159715747,-0.006408898379855643,0.08075830935966
-0.013709319994979374,-0.007909450426601683,0.06027837282812687
-0.014263791490540356,-0.007877480955920446,0.07693826416840821
-0.012724360317938999,-0.009386395568208972,0.07093231070221417
-0.012089695394529976,-0.012051878215467438,0.03605100408758144
-0.015127586031816964,-0.012170919855259366,-0.007353323055046879
-0.01242477695548816,-0.011290558685650876,-0.0014505792275611995
-0.013459631300225983,-0.01192124767541336,-0.00032941250718776516
-0.01352256357656767,-0.011834828837496314,0.003888233314166545
-0.013165812714877934,-0.012293208143143941,-0.0014682282278584147
-0.014427027767289768,-0.012860173094672134,-0.0030670634148495246
-0.013791264497122757,-0.01167618057012354,0.00015419899611668342
-0.013376331444141965,-0.010360509354564118,0.006992859332424661
-0.012941230824250471,-0.01199642752384189,-0.004442864441416727
-0.014238555783606,-0.012665363845385191,-0.0016747799774714522
-0.013512013392143363,-0.01152785863077288,0.0008676444188884247
-0.014296260762942659,-0.012286020674387,0.000607138964577647
-0.013679692810926625,-0.012222917533512567,-0.0015504728277262458
-0.015209306757694385,-0.011989706252792831,0.005293335452619896
-0.012110039668436379,-0.011238255539307684,-0.0015000015894712782
-0.013438871428571364,-0.011790407142857062,0.0017285714285715237
-0.01379379920594559,-0.012559252031571488,-8.857238225434827e-05
-0.014246266725709944,-0.012015578361036172,0.0014700026226144303
-0.01272786263977288,-0.010888112464535249,0.00028999833106846395
-0.014160651736727203,-0.01281418163137571,-0.002943746740377673
-0.013351908641561216,-0.012317946616259956,-0.0024562548490685288
-0.014082415202857579,-0.01191940584863782,-0.00020000556311794426
-0.013343424418854166,-0.011325465903726517,0.0003000071525640635
-0.013906174216235634,-0.012005954035045896,5.0029800929607404e-05
-0.013313628670113431,-0.011745180502795494,-0.0008500298009295193
-0.01468956873999816,-0.012125557271612686,0.003159996185268632
-0.013895508373652943,-0.01232164819054593,-0.0011599961852688523
-0.013709619999999756,-0.012114659999999944,0.0009999999999998899
-0.01279908951294284,-0.010937128688692122,-0.00018570844686616184
-0.015071418962874672,-0.01257295030994554,0.0023999948910078395
-0.013304204226312955,-0.011918757102227673,-0.0013142864441415547
-0.013010480553850012,-0.012199713160837011,-0.001846664547405119
-0.01456098435154729,-0.012004781071768833,0.003813333333367197
-0.01277702239247236,-0.011190769666528877,-0.001466668785961911
-0.015452258786597506,-0.013448798900085768,0.0003466668785963023
-0.012751649321055769,-0.01062446940138817,-0.0005054876855750123
-0.013926944516563733,-0.012285945402947918,-0.0002611811003871978
-0.013402014246958416,-0.012081114857924069,0.0019800003179195613
-0.013505933128824532,-0.011654471437653968,0.002040001589446394
-0.014261132445362756,-0.012915331221489357,-0.0013466645474053962
-0.013131495600413379,-0.011256075650215913,0.0002188836790377735
-0.013073924704384732,-0.01180279550294605,0.0020177791994355765
-0.014462231490481203,-0.012324518999424994,-0.002923325041709557
-0.01384006694351414,-0.01203868904331884,0.0017266604678338737
-0.014279408815843775,-0.012194149582605007,-0.0017333337571923124
-0.013567202259592515,-0.011743221953142369,0.0012533324856147665
-0.013523294548676512,-0.011462575202937808,0.00013960918584343673
-0.013913179970216127,-0.011793417087536229,0.0007870626200801034
-0.012573285530534273,-0.013608053045557789,-0.010757648710427059
-0.013072505392287104,-0.012497801065404879,-0.005149021188130654
-0.015077572298693553,-0.01184107164542092,0.01016666560701962
-0.013774332328232886,-0.009428567215965522,0.012905883342916535
-0.013013767671766985,-0.012936432784034446,-0.01060588334291701
-0.014442703400978862,-0.011905909246455293,0.0033117666858339945
-0.013883642462487744,-0.012551880891031875,-0.001598431233239328
-0.013589340350372625,-0.011989675932238208,-0.0006466617215359349
-0.013144742907440943,-0.011295662810156593,0.0013333232887151603
-0.014034469424360152,-0.011826775493415154,-0.0036999970197739707
-0.014402050655655474,-0.012636814996154211,0.0022176472238197853
-0.013377050798704326,-0.011865600630548645,-0.0015376472238197714
-0.013871367148806213,-0.012075546328639053,0.001899998092634636
-0.013810562824050798,-0.011986881173470021,0.0002353927300924319
-0.012822774767192735,-0.011051795794617014,-0.0009153908227270691
-0.01555449525995023,-0.013483956703273847,-9.999999999976694e-05
-0.012198079793276584,-0.011101114964307435,-0.0020411777905557926
-0.014505631875660674,-0.012417954170570011,0.0014268930494112375
-0.013219879635928855,-0.011226219714274954,0.0009942885558453796
-0.013398202860277486,-0.011878438808798908,0.001653331637894162
-0.014012560680487507,-0.012157165654720137,-0.002233311611850919
-0.013939615645659043,-0.012631028037669134,-0.0023000253308573804
-0.013692453396874527,-0.011176701778057074,0.0023600008543245288
-0.014451176111835329,-0.012984256871602318,-0.0027999993642109366
-0.012820537167620216,-0.011230756988107382,-0.001124706047347157
-0.013932662832379705,-0.011938463011892608,0.00036470604734661904
-0.014093248899551547,-0.012172599520183569,0.004287503911547308
-0.014121622311943582,-0.012652731840086195,-0.003487503911546952
-0.013642064959022093,-0.011854706419574423,-0.0002500011920942846
-0.013227463115627947,-0.01134549599853818,0.0018500011920941084
-0.013519613930690122,-0.011502239147020532,0.001588233314166132
-0.01473270661209991,-0.012975602124143393,-0.0021007294026191836
-0.013519697940303166,-0.012079896460768902,-0.03315216178007985
-0.012536387054807197,-0.008869132730394469,-0.07736870354546088
-0.012928769306130183,-0.009143251505932648,-0.07062660520763853
-0.013301706831354565,-0.007178479392131676,-0.06256360321413901
-0.015040379038469665,-0.008037924861225898,-0.08191643016422878
-0.014624113757065071,-0.006137820380909931,-0.06601300197747628
-0.014884866242935058,-0.004863359619090124,-0.07290699802252343
-0.015902434403560317,-0.004233724452038512,-0.07811326869585944
-0.016267300420614195,-0.0016009776507153184,-0.06272637369298328
-0.015585425175825396,-0.0021259578972463444,-0.07610035761115741
-0.015328650000000055,-0.0010056999999998872,-0.07584999717958629
-0.016360663995072855,0.0012738543590558038,-0.06349003019947519
-0.016047560592801657,0.0008068889447589989,-0.08190284105393086
-0.01663462541212546,0.00294250669618501,-0.06790712874659377
-0.014630523340088297,0.0028530223328169235,-0.07819964834902837
-0.01501435645599325,0.0057131445346361165,-0.06514445568586513
-0.014697467776795703,0.006123247283610356,-0.0673459252113795
-0.014525000317133108,0.0073805799083819235,-0.04141995644871255
-0.01713685210998961,0.009057955940554807,0.013159985694985554
-0.014057600000000003,0.007212900000000078,0.0036000000000000476
-0.017946026639116264,0.009716823396646257,-0.0005333306842567609
-0.014457076784302081,0.007813975359366676,-0.0014490248968548336
-0.01639787713448526,0.008556396100609653,0.0008005362170435681
-0.016204496628744902,0.008606301236701475,0.0030603922523515514
-0.016773702813351443,0.00860856390667597,-0.0005985728882840213
-0.01559044606574056,0.008340969575293178,-0.0012800015894711692
-0.015388380786706124,0.008219232555332301,1.5894716653974683e-09
-0.01676314799768963,0.00904957352332536,0.0016857220708446086
-0.015648355595173635,0.007908102641103198,-0.002574614491836158
-0.016206057507768934,0.008969789180547583,0.0014222299929151916
-0.016576572824160363,0.008511576100652007,-3.334075081617982e-05
-0.014933968541928189,0.008249201698746766,0.0018000046690054283
-0.01624700910896615,0.008633814556402664,-0.002857143860685696
-0.01590441408378751,0.008169542643051919,-0.00016428644414112625
-0.016780728676367707,0.008838107751567792,0.0005214288147139534
-0.016295479986311978,0.008619783024394367,0.0013249980131919692
-0.015427200226181825,0.008495143920809634,-0.0017308813561092151
-0.015712143976737702,0.008432894107141209,0.002430879990162893
-0.016325014622479816,0.00878380872163187,0.0001750033527541106
-0.016142412876067214,0.008150619194146946,-0.0038000000000000256
-0.015265574530951564,0.008668733628664382,0.0032400057219148515
-0.01633365312067725,0.008605517572165988,-0.001806670269319799
-0.014982060533970332,0.008089824376631194,0.0014901937116755803
-0.01668359948033471,0.008835095456476871,-0.0010235291642706201
-0.016374485442040565,0.00892372628970084,0.0005199987284232321
-0.01695220427210875,0.008478444268397611,-0.0010512478902344746
-0.014877179823890363,0.007983808047263175,-0.03899738503437389
-0.012171235294207106,0.008075238641694238,-0.06691250993519793
-0.01404278119175384,0.008392296310919312,-0.08172547750097792
-0.013328660654192248,0.010700093917675346,-0.08060835936869726
-0.011787410669620024,0.011022059399297568,-0.06932499699109229
-0.010647623867679201,0.01261672337721187,-0.07105713713046535
-0.010164895343370728,0.01153244978032908,-0.06656053606104839
-0.008209971332910793,0.014430515917395859,-0.06359768828741341
-0.009795082167187885,0.014250436351943785,-0.07052841322975256
-0.006764869523016137,0.012364385968353542,-0.07622283661156448
-0.0046998798760212734,0.01714923150173231,-0.08641341068760533
-0.004525059976793699,0.01442465273706972,-0.0595066722827986
-0.0007642418009715657,0.011172725526117144,-0.03906039446053611
-0.0023729327930794297,0.013981556150982177,-0.05882439102233272
-0.002389059067564425,0.01732965777912865,-0.07960350833425944
-0.0033401930589873063,0.020858134468494605,-0.11825833173521305
-0.0002702370600540793,0.016733591588227625,-0.0629334589001378
0.002099408135886549,0.0152492091425529,-0.06225673142807908
0.002202845621563976,0.01628397260742731,-0.07457651183664327
0.004016645125098139,0.015313703971726711,-0.06581766520812282
0.004816304283618511,0.01510383471123733,-0.07396899594837625
0.0058445505912833595,0.01484191131703605,-0.07196333884350081
0.007339427366672091,0.013777779708384785,-0.06785002086158332
0.007432380522328419,0.013550574387253822,-0.07567848597583426
0.009910545508440505,0.013421767187044353,-0.06779930184625604
0.01016567660255896,0.013131008717316983,-0.07708219131632632
0.011530800354223492,0.012975144291553109,-0.0757114918256131
0.010826069645776537,0.009845625708446826,-0.06192850817438689
0.012313960833122195,0.01056214536872857,-0.07090005960452395
0.015432943482272865,0.010568717155113427,-0.07781421151264234
0.014039055595347183,0.00751193638912051,-0.0645357206872117
0.015148670089257688,0.0061041310870375565,-0.06865000819562206
0.015101920000000102,0.007030419999999982,-0.07129999999999997
0.01574769999999992,0.0037479999999999736,-0.0675
0.017013439030994615,0.005682213400885594,-0.043157150885558576
0.01841829608948109,0.002826355828278948,0.015857146415219264
0.018369182864106715,0.0033342208574602683,-0.008020008245229304
0.014666114586864287,0.005462444357219209,0.00094667768679918
0.018680067428553326,0.005432165556155999,-0.00832666497123058
0.021650648013791574,0.0014030643197739945,0.008900000000000019
0.015235467163010274,0.005842803152547149,-0.007162498323622785
0.01630031281168076,0.0038899966218725046,0.006293274467113946
0.01785124793935655,0.0036150444459001063,0.003695889993360152
0.01967072124703273,0.0034741584762372213,-0.004976648256293431
0.01863630404447414,0.0036839315599632716,0.004349975307453013
0.015390824009606452,0.003472641165371604,0.00352352896393221
0.017804864611308147,0.005697346225114752,-0.01210352850972743
0.01752941636016847,0.004188417652388088,0.0014733354525947873
0.015517593799570961,0.004559696380831313,0.00010667090518953759
0.02049509999999999,0.0031892999999999505,0.0022999999999999965
0.018359162409002705,0.004151995854658752,-0.0017200050863082905
0.016858648458702663,0.002776249007408804,0.00914942180089251
0.018853589132294624,0.005774055137932499,-0.011329416714584234
0.0161964,0.004445480000000002,0.0013400000000000079
0.01600199999999996,0.004131419999999997,-0.00034000000000000696
0.019412399999999996,0.004266350000000085,-0.0016499999999999848
0.01774113888896678,0.0030104092836205076,0.0034617666858336726
0.018309222013838555,0.0038821566871336533,-1.84407699153899e-05
0.016403766897158945,0.0035655198103746732,-0.026580761095032546
0.01877084069261481,0.0031769926804553483,-0.08813762889670383
0.012500117703081681,0.0007619520359123388,-0.06282823799840904
0.016663962230071716,0.0003495270070964507,-0.0610055537943899
0.011906471574267385,0.002860892495406997,-0.09012114413138297
0.015398745659229052,-0.002022312727374742,-0.05834943775156724
0.018216454275504113,-0.003899635214034136,-0.09632054213190591
0.01059111044165384,-0.0063328897497251235,-0.03398999055235985
0.013423455740022572,-0.00418330752106133,-0.057247557131670124
0.017142100107861546,-0.005363938584991401,-0.08445910519098054
0.014630113775728981,-0.006799916202813283,-0.07595336724151636
0.012914979344487598,-0.008561918903832955,-0.07219416574337678
0.012138820655512417,-0.009100201096167049,-0.07204583425662314
0.015418783256508917,-0.011263951322758148,-0.054960003178942785
0.01530602058202235,-0.011998539337510938,0.006393755134716184
0.014416530621207402,-0.010986730561080793,-0.00812707681192626
0.011217265540261367,-0.011567387350078784,0.0032190391418670528
0.015547565927044538,-0.01096189887830512,-0.010379049738308943
0.015470874072955443,-0.013031612550266192,0.0026333354525946984
0.01171673526331296,-0.010770792614336,0.0016658791355201874
0.01301412473668706,-0.01142632738566407,0.0008341208644798703
0.01537999999999995,-0.012442740000000008,0.0007599999999999829
0.014311466164850017,-0.011930031270436015,-0.007235711852861093
0.013696733835150132,-0.012284168729563949,0.004775711852861075
0.013049997972034655,-0.010122439570565134,-0.007863527761805322
0.015747102027965143,-0.01284256042943488,-0.004576472238194684
0.013330888596164492,-0.0117660384031949,0.0033750003725282474
0.013847391734440384,-0.011844136117984516,0.0032649980380257126
0.014053260808092327,-0.011887993268183794,0.0006533353466383618
0.013380092719683212,-0.012643206595123857,0.0050666646533615856
0.0133155812570116,-0.011314049261326398,-0.0008600270201286619
0.014923184884608087,-0.012225736354186556,-0.0032199713904252913
0.013457448149251983,-0.011187031035346018,-0.00012375037253375964
0.013883991850748068,-0.011965868964654014,-0.0004162496274662253
0.014037999999999995,-0.011903940000000057,-0.0041200000000000125
0.012099740812868909,-0.010953515403278935,0.0005035277618052891
0.013556415106819042,-0.013385967086801287,0.008640767805368266
0.01235162072617535,-0.011502493143483505,0.0014533516566459515
0.015017297561513265,-0.011576678752150071,-0.006297646270144175
0.013732206781592593,-0.011890759954496621,0.0026600003179018117
0.011931042514670143,-0.01158487822952714,0.005214116787971568
0.014998736496360632,-0.011537007430262314,-0.0060941180595487365
0.013564886077724658,-0.012976134210341828,0.0052000000000000934
0.014270778337190926,-0.011799797261190736,-0.001059999364211528
0.013705801467624346,-0.011676600341230747,-0.0004400006357885289
0.012868576867314685,-0.011272998591504324,0.0018000000000000238
0.014048957250145433,-0.012238069595732481,-0.0013999999999999568
0.015450593642215793,-0.013265881748390607,0.0015399968211078363
0.012978756655808166,-0.011283615661255464,0.0007247087312531875
0.014476989701976084,-0.012504642590353887,-0.001184705552361054
0.012878595430418915,-0.011546620571607269,0.002244999627471711
0.0135490962955791,-0.01141599846965402,-0.0030375016763771745
0.015143915490837712,-0.013557126443686451,0.003512502048905408
0.013100004973114254,-0.011313755891992905,-0.0012999999999999678
0.01353992430494766,-0.01161551557381757,0.00012000031789427545
0.014369853354684103,-0.012222656732106207,-0.004238184894598929
0.013084970150418096,-0.01213918631713562,0.0035181845767046083
0.013868033348168218,-0.011692324881188876,-0.0037266677262972614
0.013091039467698629,-0.01090022316899808,-0.0004983319011744314
0.014565340262303383,-0.012610446564683908,-0.001374997193585581
0.014220014084636468,-0.011968824806110057,-0.002885718437798279
0.012880604914914162,-0.011257016912312512,0.0030857033384836807
0.013918444258234963,-0.012278185944557984,0.0057428612783638755
0.01455716265713014,-0.011735917768242343,-0.007965069814163006
0.012176886006914023,-0.012341184953906126,0.010072220456171066
0.014838738174386856,-0.011032394632152664,-0.010964284741144414
0.013314431744327448,-0.01240814443377003,0.005845532412842691
0.014187929372838859,-0.011781770239254419,-0.004774122331098862
0.013442134041922182,-0.012372475020277163,0.0010428814712736267
0.012962576846604845,-0.011416126300169749,0.000974995050768368
0.013885885614643101,-0.012239532191271829,0.0008849965479125199
0.01424534485997997,-0.012321743484245307,-0.0023266671965156416
0.013258715927224607,-0.010967366007078594,0.0018166658056910645
0.014439939260284085,-0.012769069296557634,0.001825001862685749
0.012763833785223166,-0.011324845496536673,0.0003132400416133718
0.014261784934506583,-0.012047380369042182,-0.0015882405134998168
0.014181948291511759,-0.012055122181157785,-0.00014667090516429226
0.012934348370022608,-0.011351016291822225,-0.001953295716442871
0.014740337627000777,-0.013651834274647445,0.004999969914075808
0.012840975071426453,-0.010770916377331297,-0.0031875011442048518
0.01267335107809675,-0.012519638404685063,0.006287499441207545
0.015481894860600143,-0.012232744640808146,-0.007581249906868037
0.012594357267701639,-0.012092667736405271,0.005554583346166098
0.015742067871698406,-0.011383407622786557,-0.010173333439298049
0.01253040123650484,-0.011989616811283188,0.004378124231654734
0.01374380157740207,-0.011295308254141823,-0.004631068708044195
0.014068785845532616,-0.013095416828589057,0.003652944476389419
0.013413817967770747,-0.010807537442619752,-0.0019646999424989264
0.01412239773302737,-0.012672665256302507,-0.0013819669360972675
0.014046002426697068,-0.01198976292673315,-0.0015533347108499518
0.012780297489403125,-0.011145644904037466,0.003652941115980468
0.013813175723662141,-0.011958127576292998,0.0019470604734657115
0.014679603758554816,-0.012553173869628731,-0.0027764725681589386
0.014585422654532554,-0.011680111803261228,-0.004692764126262072
0.01275893482826973,-0.012288908406423493,0.0033892319260827586
0.012876443354151501,-0.01019943448466476,-0.005219999702001044
0.014989695404491243,-0.013188521436021894,-0.0029999955296606817
0.012690203531408262,-0.01113466511717598,0.0038294082997909484
0.013850636468591748,-0.012509844882824028,0.001730591700209061
0.013353847034785371,-0.011676687562167665,-0.0007199933242735268
0.014412812965214794,-0.012698672437832181,0.0012999933242735517
0.012625422199704861,-0.011432850981537568,0.0010724990686792335
0.01372932780029501,-0.012881029018462442,0.003487500931320775
0.014589233366612664,-0.010772126197678533,-0.03845627039592314
0.010495328795568692,-0.01106169756289277,-0.07786143012158664
0.011394915826612895,-0.011595697665764959,-0.07427590093684067
0.009437428830681771,-0.012813738194575874,-0.06451759501703258
0.00934001439506904,-0.013251263518662348,-0.07920493516585325
0.0071921793311275906,-0.013690083715366619,-0.07247098448837219
0.007549135404050666,-0.01380048293331404,-0.06953155499152919
0.005234975171127143,-0.015265628499895545,-0.07003437153183922
0.004758200353093933,-0.015435322391345263,-0.06668263599543733
0.006099721251552115,-0.016432375982043723,-0.0813095099361556
0.002523120111693977,-0.015355548674593322,-0.06877411108179787
0.0006110091453068733,-0.01754389846112958,-0.03500421935479836
0.001849476458381627,-0.018442113674933758,0.008199994060291926
0.0010125115591210765,-0.018355422527803533,0.0012235249568739448
0.001163969635597173,-0.017911275244692604,0.0006105255232646822
0.0013532473681863166,-0.018840952454809212,-0.005158904284108701
0.0012609249918633658,-0.017522392421553956,0.0033290237236585085
0.0010230877576593578,-0.017486982065388457,-0.0004982907841681872
0.0010568580508532044,-0.01906315182250351,0.0008294097022563118
0.0009776121958404715,-0.01851934599105265,0.003588236119097532
0.0014600090986305325,-0.01844454953284913,0.0038343724388680833
0.0018331258844108689,-0.016323861122188532,-0.0064343701315840995
0.0012997120774320692,-0.018725097927930978,-0.0014294144019770805
0.001649588731849505,-0.017809210504586837,-0.0002882337266607582
0.0009398587717717177,-0.018385788819938576,-0.0009156848629028325
0.0014103234021027866,-0.018556895206081503,0.00021851691599983347
0.001296681108442499,-0.017705381274509158,-0.002675807459894486
0.0013854012039327124,-0.02465231755439401,0.0009379860828417907
0.0009255651105513074,-0.016471441472116766,-0.001214035495051169
0.0020636343599096385,-0.018236528918888162,-0.012570176220051854
-0.00022791487666173893,-0.01890978683145672,0.019933729543808232
0.00020024161329335044,-0.016212601516349068,-0.0005343446849452871
0.0023253803822083086,-0.018458631445268825,-0.011215471255115572
0.0015822294125071856,-0.022796755731175455,0.00533528042298359
0.0011555250603052514,-0.014922533083330247,-0.0021210564715952174
0.0002621842562731125,-0.018620664842423196,0.005150466173851731
0.0020521604715093567,-0.01813567559289231,-0.009547052718679394
0.0011630261635273698,-0.018863705245196538,0.0004931882093419659
0.0013082466635325751,-0.01827179889661057,0.0005671176990258431
0.0009084742128475654,-0.01789720992862387,0.002121868154792983
0.0011658048582914304,-0.01699049371572192,-0.003246878213056359
0.0011640466881157607,-0.01855850547415905,0.0036411805954867926
0.0008076489315240742,-0.019155318412547917,0.002143033629278479
0.000914275122820829,-0.01758072541465694,0.0012586434046626405
0.0012355828079191333,-0.020018142553452023,-1.6798388722261137e-06
0.0009174344576803328,-0.017915776455432297,0.002458822209444378
0.0015718420745653994,-0.019027873461073153,-0.0033000000000000806
0.0007698587797624334,-0.017489490220083947,0.0013500079472303916
0.0015932032373613403,-0.01875122099013593,-0.0027642926883748586
0.0009134958727443632,-0.017900088732326846,0.0022613472770827148
0.0013787162730611868,-0.021512577568666646,-0.004428313932919314
0.0008967819885166151,-0.01783631141904074,0.0014312573571670928
0.0013793439021982934,-0.018855135896520103,0.0002874957161911329
0.0012250549794878829,-0.018197143508785985,0.0006767830647673723
0.0016637579725906626,-0.02953450638833166,-0.0006392772904679767
0.0008611977782257974,-0.017141147867712814,-0.0011750074506764463
0.0009572480243735804,-0.01791322981751753,0.0024533331214038334
0.000715213142385096,-0.01876327665702382,-0.0008333331214041007
0.0014657399985096298,-0.017134030583081383,-0.003470000745056323
0.0006489343571720596,-0.01786484496910612,0.0008714326007810413
0.0011614598353060224,-0.0185293625640206,-0.0005567277058289299
0.0007822858090120732,-0.018059461883791705,0.0016952958501044169
0.0010657973292005352,-0.018956469532967812,-0.0023044356141883604
0.0010411784442427852,-0.01749405798346082,0.0012006888738107513
0.0009794442265569359,-0.019773672483571758,0.001943746740377561
0.0010238342678428047,-0.01701451333464199,-0.000729411104722022
0.0012087857321572137,-0.019440526665357893,-0.0004505888952779369
0.0008188458666453791,-0.017206083460223898,0.0015133366446793417
0.0011250178411410516,-0.019098873514700188,0.0010313637928838215
-2.8376583889322404e-05,-0.01673210916669543,0.0014019609309499081
0.0024510226542058255,-0.02065246547841415,-0.002609516565120762
0.0006859954256697165,-0.01704230027196285,0.0005803553828718222
4.855959382910058e-05,-0.01859594959605726,0.0030624998137358528
0.001869115202397964,-0.018439278511946267,-0.0014000000000000679
0.0007689283080347664,-0.018697783557179992,0.0005799968211079864
0.0015408573084503274,-0.01845252697926414,0.0015771455494641984
0.0012090673602478397,-0.01712717898854077,-0.003445377087204049
0.001355686980987425,-0.018390965666228443,-0.0010917681444164717
0.0011071460232061625,-0.018600481048568263,-3.4281880096020956e-05
0.0012160692342360058,-0.017604515756880712,1.4296661516421949e-05
0.0010813088413770267,-0.019239803565326508,-0.0021143034735056077
0.0009750359434601563,-0.017520694438010853,0.00046429155313365555
0.0010562608392277184,-0.018090825382659492,0.0006166613685130162
0.0008657842559220974,-0.01826467350112404,-0.00042120642898391125
0.0010558132600388959,-0.01732795392815989,-0.004245454939529214
0.0011426416448117038,-0.019586897188056618,-0.0010999999999998789
0.0012159584743982599,-0.01751303103516033,0.0010117666858335816
0.0008097215256017698,-0.017978308964840206,-0.0005717666858335857
0.0013214408316111204,-0.019087906498394425,6.67005753873795e-06
0.0010426576680484523,-0.017871499794180234,0.0004461858688917797
0.0009293707076358793,-0.01746979292544859,0.0011071679143133117
0.0010221907927041585,-0.019486500781976446,-8.002384074390356e-05
0.0008494134044854107,-0.01680216976396487,-0.0017552930451734117
0.0007356065955148594,-0.01795381023603504,0.0009952930451733177
0.001494455122615701,-0.020763197608991923,0.001354284741144518
0.0008506848773843778,-0.016764332391008274,-0.0008642847411444166
0.0009787736147757187,-0.020378426259656024,-9.00006357884564e-05
0.0011183382290456123,-0.01625430733149713,0.0005988242476981931
0.0010385281561786641,-0.017817036408846576,0.0007811763880902767
0.0009465737857627943,-0.018110112018051794,-0.0005400051089918811
0.0007590868818043717,-0.01875652250630644,0.0027866712458430865
0.0026419766935923406,-0.019186370115626517,-0.014086651831609176
0.001439852257509866,-0.01820443776131686,-0.0035941309623250817
0.0002617717864232816,-0.01718091297619795,0.00492744469217854
0.003465820354103588,-0.0553807211160291,-0.005690473811662322
0.0006138846767180794,-0.016507393714456864,0.001504205507574019
0.0012526935640857495,-0.018666929792014564,-0.0016470597310072055
0.0009401689183818895,-0.0183947251323211,0.0009000476833822546
0.000608035848598476,-0.018180948386885998,0.002917605150299485
0.0008669485652932352,-0.01783727184358419,0.0010556810294670704
0.001441931333938662,-0.019093995120860185,-0.0032161880865819725
0.0006208163649610299,-0.01589705050162582,-0.0009946450314992639
0.0008873189688265448,-0.01963524901472269,0.0012974992549323883
0.000842703655386412,-0.01818293067500676,0.0011576458213540253
0.0012208695751994014,-0.018120084502105005,-0.0020676475243512904
0.0007158603401880015,-0.018917158792004063,0.0020961558313030704
0.0011322770520609815,-0.017072246493136767,-0.003116743023583668
0.00045189624357222513,-0.018197791585748746,0.006090585716385766
0.001468612328038077,-0.018034874254283295,-0.003763753992277241
0.0005628470393626017,-0.018546452566029714,0.002297089444871947
0.0009662399606797933,-0.01795304455286395,-0.00044666285195216204
0.001118579503729844,-0.016477803879777042,-0.0034831444648761867
0.0008125537009959771,-0.020172396434888995,0.002526457162568052
0.0007684406007868461,-0.017142656264155676,-0.0013499821194422612
0.0010524348535421169,-0.01831158500340635,-0.0006428542234331314
0.0010055984056167588,-0.018415223940406733,-0.0008238071450799023
0.0006903986330764056,-0.017936827794644117,0.0008066645474051892
0.0009922681077645379,-0.017696963261542464,-0.003040003178892192
0.0006035925057621405,-0.01809338450290099,0.0048000000000001375
0.0014650323940279542,-0.01795400573387873,-0.0026749988824152915
0.00069107510021027,-0.018262349763221053,0.0017749988824151686
0.00106502734031233,-0.019032308570561263,9.09096820338462e-05
0.0006790726596874741,-0.01666575142943838,0.0008090903179662767
0.0013326721397461938,-0.01973951424166298,-0.0014533299424612789
0.0007707445678253322,-0.017257187278609365,0.0010886229876345688
0.0013126157875804623,-0.018167823917626613,-0.003035291455701916
0.0005843337513709024,-0.017938999537067346,0.0009666661368259444
0.0012403508997800294,-0.01770508043005936,-0.002172546779366069
0.0002712828536970413,-0.019494394594974374,0.004605879053068751
0.0015267650286099332,-0.017600940042633795,-0.0027000000000001467
0.0005796141445473246,-0.018333944722283668,0.0036199971389516694
0.001224620826842493,-0.018532355235082676,-0.0023799971389515395
0.0004109000112197947,-0.016873904480596558,0.004236469433263501
0.001282054870172633,-0.019685197991688774,-0.001326499234193479
0.0005778383013650412,-0.01901229588165787,0.0026966966795261005
0.0012274898852764338,-0.017074350523102133,-0.037499530011984694
-0.0002805822478664233,-0.01571615184044184,-0.07883248660339515
-0.0004695153839517907,-0.01598748241222747,-0.0743785369223331
-0.00310959002342992,-0.01568188024632189,-0.06739470750656973
-0.0032161694682573128,-0.01615984959861194,-0.0737867539810193
-0.0038257428552204154,-0.014367438703237312,-0.07101053853903405
-0.006165531040479344,-0.014731144027998688,-0.06654943475845387
-0.00708402498990468,-0.01459083863846189,-0.06886571743864
-0.0067763424190094845,-0.013810074736998246,-0.07333304952244735
-0.010257384639914324,-0.015201650918655218,-0.0759812215947191
-0.00887668747878756,-0.01178059911223972,-0.06590587773305456
-0.010328584237019545,-0.012584759546268032,-0.07643415246642071
-0.0121896282841929,-0.011423501341492504,-0.06927996980052464
-0.010663000000000089,-0.0096043400000001,-0.06857999999999986
-0.014695435820326175,-0.010391390129382394,-0.0760333057824969
-0.012518254188465416,-0.00827843632608527,-0.0662917042757667
-0.014407567561860457,-0.007411439256456376,-0.07199497913333142
-0.01500095060704787,-0.00532417865428414,-0.06393337487102935
-0.015702276954385308,-0.0071338501056104064,-0.07551333015487893
-0.015451714867914745,-0.0032272055281810097,-0.0323333057824966
-0.01978323208787458,-0.006506501198909831,0.007957142370572434
-0.015568501318854455,-0.004307848486236665,-0.0063571423705726104
-0.018163840953508537,-0.004504185869738109,0.004066662428076295
-0.017547239813078708,-0.005091895492897791,-0.0011960707278673155
-0.017521668086561082,-0.00471126275160394,5.083711450470929e-05
-0.01811150603862055,-0.005088310206017965,0.0003919002800967242
-0.01645169482727349,-0.004295359418807543,-0.0016721532841965647
-0.017152678286144862,-0.0045206032591442735,-0.0006611815326649229
-0.018058412977509875,-0.004672881331067913,0.0005200057220511312
-0.01782226449851665,-0.005053326186869711,-0.0019285728882834086
-0.01757908896709992,-0.0047767879937312685,-0.0057780948380141695
-0.016135609261207495,-0.00445776918233598,0.0011831427694235508
-0.017408488510388676,-0.00457819924649705,0.0010901958620634922
-0.01737635334465537,-0.005575705218721083,-0.008226673448343824
-0.017098980821291132,-0.004735844321921867,-0.0006900510985192732
-0.01883012514081539,-0.004492801087685017,0.007150055231145203
-0.017109339057174378,-0.004046915491288772,0.00298823593209141
-0.01726661360338877,-0.005259915780366775,-0.0077000040423755856
-0.01849435783637876,-0.004911910594652014,-0.0014215641634440779
-0.017844574091703702,-0.0041236601250833615,0.005498039536494748
-0.017767457082524807,-0.0049681525878755295,0.0009152987772242938
-0.01739609339542847,-0.004507204168547219,-0.004380007629462224
-0.01701785988163218,-0.004505518064878089,0.0005352944476388899
-0.017857263762782516,-0.004089338392888386,0.006336136070072218
-0.017470523257399062,-0.004608637887212552,0.0014285694822886441
-0.016455701328772054,-0.00418307931987183,-0.005457142370572043
-0.020752928431524653,-0.00654329891740435,0.004617141734783559
-0.016703724492679983,-0.004329300194205743,0.007740000635788391
-0.0173116788452099,-0.00435168722353918,-0.0030999999999998806
-0.013756585247465036,-0.003153159711372311,-0.004129411104722092
-0.016691189488289515,-0.004175622389874789,0.0034960804204655638
-0.019731983267233577,-0.00533018918018513,-0.0037665675895777184
-0.015162924433935965,-0.0045818021137966625,-0.009423626683039643
-0.019293496084874295,-0.005674172122482446,-0.015376475043126003
-0.017680264775117527,-0.0037037655253024937,0.01066470414989551
-0.018022315147945278,-0.005121120175793692,0.002635297439575801
-0.017039694346865586,-0.004937532076726647,-0.006050002334527793
-0.0178588548758829,-0.004213304967492171,0.0023166711204893886
-0.0168840865753499,-0.00453480084810387,0.00020392033476568372
-0.019157485672480323,-0.0055111425492313515,-0.007350591981775789
-0.01607801304979306,-0.00478400368401477,-0.007290582013838698
-0.01727500366112933,-0.004893152874289264,-0.0010079844938757354
-0.018192136706971063,-0.004228331781334305,0.007911901112624964
-0.017472029004857115,-0.004186681744106302,0.002137255561944329
-0.01933544463323078,-0.00504697486332617,0.002182741047183523
-0.01628160946103696,-0.004296043011103201,0.0017819640101919276
-0.018277931680074522,-0.004751936390365863,0.0007513705947519433
-0.018417170153671947,-0.00490558727049617,0.001133340538903127
-0.016791681733795194,-0.00456507672060269,0.003579994913691653
-0.018208823293332177,-0.005065625121195794,-0.004020003178891951
-0.016961892108476873,-0.004262750560158679,0.0017075041102128097
-0.01810408246197559,-0.004966534023803426,-0.0028941654787262294
-0.01814310358263449,-0.004424950682037299,0.002766663911617062
-0.016359843132350393,-0.00405506532701061,0.00021058392120432146
-0.01913305542123056,-0.004961674285794082,-0.0006705832854159155
-0.01815584819911087,-0.004590042407316197,9.285775105993821e-05
-0.016821109959732405,-0.004832088759675557,-0.03456349152523508
-0.01443360192221843,-0.002788767900002931,-0.07646266988949835
-0.0162936814516359,-0.0016413596659754504,-0.06716675764422808
-0.015435837976183198,-0.00116253214794515,-0.07054953935963937
-0.01734048455158277,-0.0006969487032790767,-0.07873041367833578
-0.015098709790152931,0.0016150616883843227,-0.06467552013982747
-0.014831486149383677,0.002931697895809826,-0.07086446269388214
-0.01611109616079065,0.0034201592287885774,-0.07211997997266106
-0.015420943839209222,0.0052148207712114925,-0.033260020027338744
-0.01924443449788593,0.0059762510220302545,0.005546670057538616
-0.015338946654379626,0.004680095685682062,-0.004781964505177871
-0.017627018847734544,0.0061419532922881714,0.0024352944476393468
-0.018452301274735516,0.005702415752999457,0.0020266661368513184
-0.01622839872526427,0.0050590842469997455,-0.0032266661368516303
-0.018937941144401282,0.006156036078836635,-0.0016666661368511804
-0.015716498722084138,0.005339800758323854,0.0013960772415733125
-0.017943442958921585,0.005845620515265715,0.0010764722381946257
-0.01759707440892533,0.005570903682996509,-0.0011915986017720925
-0.01774853950914279,0.005884108466561955,-0.0007672264126030726
-0.0172133422631211,0.0052586615240031165,0.0012996093977557521
-0.01752535065548222,0.005638436717281259,0.00039999915229893546
-0.014781866088731554,0.005257711451155167,-0.0033290168498454342
-0.017571128660697655,0.0057637155405361185,0.0014656846291210002
-0.017592503897539746,0.005959287519644363,-6.568883651780766e-05
-0.017202032150627877,0.005394728865336873,0.0023823541786458513
-0.017839545832941894,0.00587497299990325,-0.0013466677262972127
-0.016197852713775385,0.005532544792820282,-0.0015595847882683422
-0.017373259588999268,0.006174197061007192,0.002677680112869396
-0.01765617038711942,0.00560264342172534,0.00011092237294585416
-0.0179713250459399,0.005965813309839696,-0.001909017697546922
-0.017097424907077552,0.00585106000965574,-0.0005380378260637642
-0.01616432331782036,0.005281368793250252,0.0016522049935687733
-0.01743299303736534,0.0057007070505239454,-0.0007874994412073733
-0.01820798470928564,0.0060761814413332615,0.0
-0.016978099410315473,0.005671310932210183,-0.000300000000000189
-0.017029498974781676,0.005553148569649835,-7.999968210592456e-05
-0.018059989585134995,0.005780786399946614,-0.00042000202086223126
-0.016283680663626177,0.0057476612942437555,-0.00017646913276125886
-0.017408122059934916,0.006061387383939021,-0.0012368646168652297
-0.01733100464215276,0.0058427457067082855,0.00021333545259460962
-0.01740429581202496,0.005791651969905054,0.00039999999999995595
-0.01774640517717141,0.0060334421173049435,0.0003133324856152697
-0.015803794546209504,0.0065300081488475215,-0.003619215828531974
-0.017523459128648167,0.0052850574772440595,0.0017058833429164366
-0.01654718244870279,0.005766589549837775,-0.001506252514565709
-0.017976646638490634,0.005885241482179282,0.003420537255710343
-0.017622246420237242,0.005755233261077741,-0.002247617014846881
-0.016246433020260964,0.0050426510470744645,-0.0026078483217841786
-0.01852074147230831,0.006540884659830937,-0.00035881940451343297
-0.016165549999999973,0.005922000000000871,0.001475000000000115
-0.017786170000000046,0.00568565999999926,-0.0005549999999998612
-0.01744884000000002,0.005728080000000801,-0.0010799999999999699
-0.01635951687597248,0.005602136509561539,0.0019126326356468937
-0.017949609057429705,0.0059425294627812875,0.0018140327064810613
-0.01755296362552239,0.005772363474944697,0.00016274716505959574
-0.01706711814045414,0.005592114235507317,-0.0004905235447121292
-0.017169462465608465,0.005759535359071144,-0.00024555520528313224
-0.017852230780733225,0.0058753836125085,0.0008266678322534915
-0.017912250736244084,0.005572717646018965,-0.0015699956292598571
-0.01745708428878967,0.006011285087828,-5.000596018600589e-05
-0.01632945004273756,0.005592843524166113,0.0014823555811114275
-0.017448374736242334,0.005799193467394659,0.001379182033971471
-0.017790038145600928,0.005920988670046867,-0.0006948682993397348
-0.016304670466683435,0.005633270808437452,0.0009450945651594544
-0.018231070637981572,0.005916198141733275,0.0009882361190971523
-0.015943569351920706,0.005474785467651344,-0.0004999999999997229
-0.017980690648079334,0.00601319453234872,0.0030199999999998006
-0.01732329044277925,0.005807594216620693,0.0008442847411442855
-0.01607050385694203,0.005132535387157411,-0.000514286976313727
-0.018192209164338724,0.006145412389307658,0.0016999843546119386
-0.016938158732762,0.00630628671902933,0.004373542837431632
-0.017616596536148,0.005992369302189715,0.0021621954109734
-0.017026517351224707,0.005811976650976547,-0.0002142927695434338
-0.01716193913335204,0.0033666723701220036,-0.022621421638117756
-0.01764214636554151,0.006641603756935233,0.0030700067553821597
-0.016978378416911716,0.006819769207661253,0.011479987284431559
-0.016504439651909564,0.004390146899819314,-0.012199998509886623
-0.0172755138596708,0.00616169984745607,0.006450003618878597
-0.01796617854223434,0.004620664448228062,-0.008935713555858094
-0.01776657561740183,0.006025415889195251,0.004185690565242872
-0.0177168310532385,0.005724867389075072,-0.04115000085134657
-0.01345330909923477,0.005982174835856391,-0.07225616225616704
-0.013914997837073131,0.007781132524497636,-0.06037954448770222
-0.013414512876745999,0.007430697625922633,-0.08407894080648681
-0.012969641462491056,0.007048100539948976,-0.06863533371667385
-0.013883318191107101,0.01112918191447676,-0.07787859368880001
-0.011313055028580276,0.010060728997622448,-0.06703389494908762
-0.01174276032765595,0.012951214718009751,-0.06635892484985106
-0.010402166452656675,0.014492774369891492,-0.06522858651226127
-0.00885530345708447,0.011237530003405105,-0.08002854223433253
-0.009321359392201859,0.014180797122513411,-0.07383809476220282
-0.008131463363328574,0.014150105357061626,-0.08357786484457286
-0.005762051970937213,0.013119964055783306,-0.06091427466511945
-0.005088323698381955,0.014655536191630958,-0.07086125401162224
-0.0031366981180659323,0.016814367269605945,-0.08117996948215023
-0.003258858671662118,0.013992019260898658,-0.071357169618528
-0.001750641328337875,0.017113180739101175,-0.07034283038147215
-0.0008971530145996665,0.016278868544100433,-0.07358234436138655
0.0006802462721694005,0.01623906479770909,-0.07215762543913762
0.0015560882128738684,0.016548186603353443,-0.06981628494921122
0.0031007529553689975,0.015147486684416123,-0.0713437802180783
0.0031164865997143076,0.015532680489345196,-0.06633999745740127
0.0019132011278186686,0.01122894432715782,-0.05368347850700417
0.008262908227809649,0.017295785046272272,-0.08361658189290733
0.00922283798623464,0.016218096791798864,-0.08144224031653646
0.006928291569599232,0.013689657253993737,-0.07037488756678378
0.00897764408041568,0.013484600767807109,-0.06646783144628898
0.009910913193410883,0.012298735852129816,-0.06774557501905587
0.010560473638979977,0.012574912274818217,-0.07747936090522778
0.011933409150204358,0.011266680567097787,-0.0692500119209809
0.012073863840231125,0.011390793642623187,-0.0776352902402424
0.013287814177729618,0.00817039071722725,-0.06635808176961167
0.01337291649836312,0.00714151630931692,-0.0648666337122421
0.013070405483676134,0.007195699330832639,-0.07203999427790375
0.0164145,0.007339700000000171,-0.07730000000000015
0.013926145087864467,0.004814218676632898,-0.07168237241069786
0.016621183875482323,0.004116295568208805,-0.066857640940861
0.015114261931776257,0.0026959760092042373,-0.06962669570033597
0.01637595198884184,0.0036373596602725655,-0.08260831516244238
0.01635421362084319,-0.0003823195638457122,-0.0690913192649596
0.01598520393917721,0.00014592432382265486,-0.0764725635116168
0.015655264959625076,-0.0010971683732057258,-0.07048246392189217
0.016202712968324234,-0.002969223649523123,-0.075114383514987
0.014180389406700245,-0.003308779782683402,-0.07088776491921855
0.015545172221365172,-0.005356082868883227,-0.06537648065298818
0.015967837772479565,-0.006227811301090291,-0.08167854564032684
0.013466952076869987,-0.006446914732675779,-0.06550896721189936
0.01448121917313,-0.008326384500975337,-0.07348389041752856
0.014546215977520427,-0.009971114465259667,-0.033803596730245467
0.014380725000000039,-0.010429824999999227,0.0036250000000004334
0.014705949999999968,-0.011731450000000088,0.004550000000000054
0.014655146872997626,-0.010091578828473224,-0.0006812513969816081
0.015199904358842664,-0.011073773843428114,-0.0033387473314414606
0.014875737353163387,-0.010817336975754266,0.0007057108246071309
0.013931311414996317,-0.010732910352344582,0.0007142879038157801
0.01685098006357788,-0.010944131515536526,-0.004526667726297617
0.014112148334946728,-0.009549797163480811,-0.0011321558856121072
0.014505398089594279,-0.010977315761894424,0.004218825201355969
0.015069957744325402,-0.010867883257215993,-0.002160001589446736
0.014619227027951542,-0.009788217367296959,-0.00014706253593743668
0.016118817289688392,-0.0107744780009833,-0.003159603706869518
0.013348387351070023,-0.01061655042278531,0.0030831384810019458
0.015462144903288677,-0.01086006325488853,0.0008882338091513731
0.015486855069607341,-0.010304420384697366,-0.002804705093662818
0.014573052093524885,-0.010542785416061129,-9.846700657600849e-05
0.013140769543352304,-0.010102734439980665,0.001305111526944458
0.015864742489072547,-0.011157503015178705,-0.0001066454740517031
0.014821108156178542,-0.009676038718707147,-0.0018835375790642317
0.014755352544070122,-0.010565062514902301,0.00046640056057078993
0.014717850594029303,-0.010564097577698384,-0.0006714358697896827
0.015683948705721984,-0.010794601188692354,-0.00169142711171677
0.01467530300473674,-0.010544866577867573,0.0020933350287695163
0.014031897094557877,-0.010145223218634314,-0.0023321586406792605
0.014945883682910499,-0.010777024310100636,0.0016713197003630498
0.01456017733135262,-0.010927184495980846,0.003740441375608583
0.014812579771105172,-0.01093530480928706,0.0009529415890066062
0.014813482349390616,-0.010382140950818908,-0.0021520331813746907
0.013658658711169114,-0.01035769538309328,0.0030586518931032813
0.014571138282068241,-0.00994184239679008,-0.0011458332173921448
0.015202539772709134,-0.011078637857426799,-0.0009666645474046831
0.016741121038242657,-0.011190023460597054,-0.013486661156499657
0.014827746128569741,-0.010445857996925767,0.0011733241144584738
0.014058282833187663,-0.011010168542477494,0.005963337042040884
0.014409859998658847,-0.009863760807790278,-0.005187500186264238
0.01468194184671745,-0.01110627996056035,0.0019175014578411975
0.01519803800077324,-0.010435260491765241,-0.0035035290333826907
0.01481572009765153,-0.01111685083797731,0.0025449565765196525
0.014904890056198883,-0.010715777901906698,1.857118528647561e-05
0.013434109447007847,-0.00983657388833592,0.0021305888952776186
0.01575917701567997,-0.01072790829079473,-0.0017705888952779247
0.014403963757185556,-0.011110352182838845,0.003066665342128516
0.014772365863232939,-0.010805790202063292,0.0015761888813043967
0.015465565691545557,-0.010560900182545296,-0.0013178537267206636
0.01413185454536492,-0.010194715228387885,-0.00036249919286390764
0.01456368803704211,-0.010884347707902364,-0.0006625013038483729
0.014941270551991126,-0.011042269374478941,0.0014176458213537302
0.015274542926440482,-0.010729298463769688,0.0027394948462209356
0.015229895852489905,-0.011134542595082841,-2.589001565045379e-05
0.013549601575283177,-0.009928731207195618,-0.0005680924930127063
0.014738364736736509,-0.010646290676604941,0.0013368418410886207
0.014891417106413174,-0.010553788770562456,0.00034999602638396965
0.015611962893586684,-0.011297751229437658,-0.0010699960263842456
0.014858050130617695,-0.01090993698438325,0.0019200000000001438
0.013906719316109761,-0.009659275995153926,-0.0025705888952778366
0.015048750553272594,-0.0109811470204626,0.004270588895277427
0.015792950000000028,-0.01115824999999937,-0.005049999999999777
0.014311612042200439,-0.010743467318569344,-2.7777924950456168e-05
0.014750768780827705,-0.010506047461925405,-0.0004755551964530369
0.014499029176971767,-0.010957695219506292,0.004373333121403533
0.014274045763066567,-0.010196980838167669,-0.0024533306842560165
0.015259494236933513,-0.01110435916183139,0.0012333306842560177
0.014259895183882598,-0.010283503241044656,-0.0005249985098645382
0.01435389892534955,-0.010751703845483185,0.0036557728193686856
0.01545550589076794,-0.01103949291347206,-0.0032707743095041764
0.01335123578655617,-0.009591671428571757,0.0011525065192445894
0.015382783915635079,-0.01091699617010189,-0.0015579581090747752
0.014449759610039692,-0.010769312634977268,0.0008630974111847323
0.015529666831689992,-0.011298936800695714,0.0366823471663178
0.012848990950765637,-0.008881392747670525,0.071457118728949
0.013512260374659357,-0.007459288848774115,0.0771571594005449
0.012875802530653901,-0.005111301369209009,0.06938572888283367
0.01610581468989425,-0.007694365200114461,0.07783331214038292
0.013922786214604521,-0.0038720632729676296,0.06799788337735713
0.01697177352751078,-0.003984283892283003,0.06813352595651079
0.014997212248432312,-0.0023855734186302158,0.0743952213056911
0.01598921331955827,-0.0007413142160048736,0.07814005722005835
0.016525799999999924,-0.0003733999999999682,0.06620000000000026
0.015147898331073328,0.0006524513880394878,0.06996879107124165
0.01586504778352582,0.0017543400655082309,0.07232447444572543
0.01618574644667503,0.003868643435348318,0.06867342234265017
0.015904407438725787,0.004527165111103848,0.06553331214038227
0.015384452065735799,0.005337131413487128,0.07242862397820105
0.014249539097893615,0.005986763715332799,0.0649213424942543
0.014288628836370831,0.007197144871180505,0.0768500335275446
0.013539780209806729,0.008847535703726983,0.07299330525311909
0.012311266456859649,0.008684590962939609,0.07214002808021469
0.014059498701443296,0.011930828431559348,0.06620647212155806
0.01077699462916537,0.01085338713300299,0.07948878567945528
0.010143901622852836,0.011305079164504406,0.06845962535023276
0.010240498379872065,0.01347605860426615,0.06543178351542078
0.00801003999999983,0.012618780000000385,0.0720799999999997
0.009207273660189585,0.016913405025459127,0.06430718993205176
0.005755163333166502,0.012941124572086515,0.07819274966803746
0.005069316402714241,0.012749671454303169,0.0682530062787654
0.007521873798195022,0.01612206733674526,0.0682070598432416
0.0029188196276372924,0.017187433075285696,0.07010669538256842
0.002925632117602106,0.01527620703025434,0.07532660722098594
0.0011725222780110123,0.01597466607472864,0.06744006050531226
0.000509076408085285,0.014565562416712474,0.07135553536390571
-0.0012802912249016973,0.016274989779107685,0.07119779849924246
-0.002240037487211577,0.016396472727823408,0.0672276092949895
-0.0021838505235964867,0.016951340766572898,0.0673190488946318
-0.0037381828926688065,0.014135060181994952,0.07002674926575558
-0.006008322676443578,0.014398904966832937,0.04980460662259745
-0.005953089110952714,0.016179147022394424,-0.017864716772085565
-0.006149894928589639,0.018325817730183047,0.00392500111758487
-0.007041088394656114,0.01989069120191278,-0.0044107163764399715
-0.00697902038658027,0.01798775863760227,-0.001874284741144372
-0.005477139711657308,0.015260728384382638,-0.0002282362840793084
-0.006711872072683311,0.016872164929028877,0.0018548987121551619
-0.00676713821565933,0.01904003668658838,-0.004166662428076506
-0.006063372080417517,0.01625571989467467,0.006976475043125596
-0.006474241076222409,0.01770229792698963,0.0012635154201978693
-0.005978392938982724,0.017856862816985064,-0.0035199885559578092
-0.006020937066248511,0.015836274414324336,0.008498748185767013
-0.005321168096920292,0.016091574122136798,0.04958079693273465
-0.007983678456227716,0.016176847006116546,0.0579357319946503
-0.007422239122759411,0.013943544944436503,0.07751137832125021
-0.008271472605847485,0.013765601520546511,0.07115335696336089
-0.009079658900814858,0.012144106662103304,0.06371170172763296
-0.009335389655559245,0.012063520691686591,0.07008828396723832
-0.011454899333838142,0.012487540292270616,0.07979999439021679
-0.012069223469961976,0.011321004090226516,0.07476927164800351
-0.012059372838645777,0.009873049262735911,0.0752999064666402
-0.012270958588730174,0.008278959100300298,0.06175585096442093
-0.014978373341876905,0.009128497104710753,0.07789991506355332
-0.014022737065180868,0.006295835069044742,0.06094569243640935
-0.015797809565056165,0.006456118045027992,0.07099606536708292
-0.014777718427184672,0.005166159756519129,0.07463334657905829
-0.016247427277337412,0.003978059706247983,0.06903988397009497
-0.016976780092187838,0.0028635775729162205,0.06866007311451972
-0.01458970000000015,0.0019735000000000724,0.07060000000000022
-0.015536792222035078,0.00016513589139410811,0.06215887185702362
-0.016365941698311515,5.894660223937365e-05,0.08024111448539095
-0.016333122896895924,-0.0029823019137946716,0.07978672921463925
-0.014814725608461865,-0.0019203352633727633,0.05886036519545357
-0.01689725765217842,-0.004504287583015909,0.07999294185821615
-0.014456825782136029,-0.0048990649113251905,0.06483499133263493
-0.015051879929391943,-0.004565922617257634,0.07158213825742976
-0.01460400815473073,-0.008233889964744279,0.0719714008371084
-0.012775846055858464,-0.008646680240122606,0.06167144414168968
-0.014471631038828203,-0.009556410197548715,0.07734283378746598
-0.01304105942742817,-0.010682481031645708,0.027457197504908937
-0.013823933817686651,-0.011440360403192962,-0.0075600338355292784
-0.014205492584244972,-0.01244702176679624,0.00040285846958454385
-0.012913958413356852,-0.01034831319044116,0.0021571440735694836
-0.014939490426155944,-0.012005804207482207,0.0008666772629744024
-0.015127296696931358,-0.012377445919514507,0.001190475325581808
-0.013537918204125754,-0.010229484780636788,0.0048895135482953656
-0.013173491370347845,-0.012366977715955407,-0.010992128563970471
-0.015040819820962392,-0.011037637213898499,0.007359748871260674
-0.013190258199931693,-0.011718713572888007,-0.004314286444141668
-0.015193635881745271,-0.011504473797981696,0.004450007947230272
-0.012827464080388706,-0.010569660769504274,-0.004802948876210245
-0.014177742430656393,-0.011666169455466502,0.0019929383858259264
-0.014171927607209867,-0.01197338597704789,0.0018400025431537514
-0.01320917999999982,-0.010606759999999937,-7.999999999963592e-05
-0.015579365977906878,-0.012988845839625007,-0.0025800047683381955
-0.013174056139235502,-0.010456419277331541,0.0018077856367053613
-0.014097370689024724,-0.012215840311001536,-0.0010944501841110288
-0.014596607193832933,-0.011248594572041526,0.002766669315743986
-0.014184259359453333,-0.011558598661686403,-0.002540001589446117
-0.014424289841042603,-0.011735856588337867,-0.0013799971389767407
-0.013042734104554365,-0.010733533816354779,0.0012258806688740798
-0.01439302796197961,-0.011591322939752402,0.0002226875418376295
-0.014075413722638541,-0.011879712341390736,-0.003108570753866058
-0.014241426850340577,-0.011723127815050027,0.001703530105864104
-0.014231896120699195,-0.011819238820357292,0.0026964635362505263
-0.014117625276198753,-0.011210347041389568,0.0003800092189085724
-0.01329251072449722,-0.010932844680476173,-0.003700001589446167
-0.014413045859273277,-0.012130121068983257,-0.0013857120961833225
-0.014190147132606468,-0.011298178694000072,0.002579824545870135
-0.014515529441057717,-0.011500022464272952,-0.0003274415444973755
-0.014599497781407678,-0.012226394884025105,-0.03497388480164698
-0.011101852724219374,-0.006675014161184656,-0.06601773655728183
-0.013288197357524512,-0.010567407180777089,-0.0766036667124732
-0.014103740307952806,-0.0068617764227090206,-0.07585371597545043
-0.014284191804359248,-0.0071494980176822764,-0.07317145771040767
-0.0154157982231784,-0.004985644047347471,-0.07103187672286104
-0.013732475352179363,-0.00602930016020764,-0.08236437116858619
-0.016912962655862174,-0.004075996980283492,-0.0803996215258822
-0.015828377398974802,-0.001760163213732291,-0.06035033973059978
-0.016037980848092714,-0.0012990010677791375,-0.07691432960465461
-0.01545565694713591,0.0014278016176305641,-0.06416073351243634
-0.014797366102907272,0.0013802315889082095,-0.06458119328257039
-0.01822359610186408,0.001583667861240201,-0.07114374077992514
-0.015454807807483206,0.005352151740471989,-0.07591330705407362
-0.015227148257479062,0.0036832351254387774,-0.06543373865227808
-0.01542789393503774,0.008075413134090326,-0.05885295429364801
-0.015127162593181365,0.004897950482395608,-0.08420669633632683
-0.013018874718712992,0.007485710973643478,-0.07516979693885073
-0.01434911268810568,0.01079293854396024,-0.06692350672482261
-0.010974908127197924,0.011402557850032302,-0.03474369970793356
-0.011723415374351731,0.01099742448804264,-0.07096302841731461
-0.011242971900182808,0.011726278812684399,-0.07102657394897882
-0.009949912358109325,0.010550602853560243,-0.07439608659104602
-0.013503292240158227,0.010889285995680176,-0.11477061133472688
-0.008022638865129827,0.014205164860897845,-0.06696250875441478
-0.007863274931262099,0.01352128990346646,-0.0794375230345068
-0.006564942928661277,0.014933786795543469,-0.07053993705743977
-0.0063215013061656555,0.01439939464824569,-0.06387178661974868
-0.003796924004780655,0.015008949707927322,-0.07158785116161681
-0.0015540958779732272,0.01624889447114075,-0.06930619957958584
-0.003144721940170847,0.018476792186864266,-0.08014124791383281
-0.0007811457868004967,0.013627176058990997,-0.06407964857296644
0.0007851057181924581,0.01548840956859543,-0.07663330143851343
0.0006037165492610574,0.016281767998488128,-0.06106943361894146
0.0022779039056456396,0.01668566773600677,-0.07489058322945574
0.0025676993578535035,0.01336727468290011,-0.06790663922179441
0.004382877393628137,0.015337068768678463,-0.06319997891345075
0.004860325735781046,0.013935313499695567,-0.07177342446157553
0.0075078278492145545,0.018118160910222336,-0.08917324008583005
0.008210991882742602,0.012942842443045777,-0.0559467189068199
0.011595050345970248,0.015014791504210478,-0.08730345330008671
0.008812507921251489,0.012865021003054089,-0.06372273327734934
0.01027704031971699,0.012032937441011526,-0.06924042520000029
0.011491898661686428,0.01296154581101483,-0.08211336565207095
0.012371023650957658,0.010129142859413243,-0.05974006993562675
0.013091460676489919,0.007951523875506794,-0.03550694351401695
0.015308615672552373,0.012325073265079922,0.0017070134496437461
0.01452412000000003,0.010563399999999668,-0.0005799999999993588
0.01492897999999998,0.010533760000000392,-0.0036800000000001276
0.015184399999999987,0.010228999999999822,0.0026999999999999247
0.015494760498458215,0.011161163102012317,-0.0039333359824524905
0.014106684987922002,0.009526581806195367,0.00462083225711396
0.014724594513619738,0.010543855091792231,-0.0013074962746610908
0.01453106000000004,0.010563700000000509,-0.0021800000000000708
0.01552296388880059,0.010789322893154818,0.0008400006357884848
0.013997391009019644,0.009762684736273286,0.003902867211622585
0.014699173169950064,0.010696201059421817,-0.0012866175680157355
0.014685099094273735,0.010264553622204353,-0.0027229180056931312
0.015106144751997341,0.010908395043429664,0.0021466689978746345
0.013104374651960349,0.00921124023432629,0.00527333418101783
0.017228199953090106,0.012279884757226078,-0.0027687116034220693
0.013370693760155428,0.009573461272553985,-0.0036346231041166632
0.015273732833255615,0.010280361110086567,0.0017166616830204262
0.014235640375536596,0.01020329715799484,-0.0011933301543738395
0.015626994945203032,0.010897751349022933,-3.762042084254347e-05
0.014558831566757524,0.010241626764305067,0.007024288147139401
0.013948294797121119,0.009992651636591354,-0.0011537519557736076
0.015025601862445837,0.010459835423204389,0.004087079355080903
0.016074863340433065,0.010787832940203579,0.00115667260069241
0.014177307255360705,0.009763916617742119,8.750167637838757e-05
0.015155012744639262,0.010355283382258662,-0.00021750167637790696
0.01525839390935313,0.010953256042724568,0.00021999713897447037
0.01452578609064692,0.00977564395727537,-0.00013999713897483446
0.014282099999999964,0.011411100000000118,-0.0012999999999996348
0.014696463119700742,0.011315152535427586,-0.00560624953434008
0.014606228386781162,0.010074930134814863,-0.0005812337021371405
0.015818558493517987,0.01142716732975746,0.0012874832364770938
0.013722528607090778,0.010015553609895811,-6.469763267080708e-05
0.015012306346973592,0.010719446442556624,0.00029136260390139057
0.015012567305276114,0.01082556405334767,-0.00313843149204196
0.015127953159167484,0.010517471733599404,0.0012117665208117856
0.014869288183971818,0.010333056360393833,0.0006466661368511595
0.01490766304222979,0.01050216593298492,-0.001900949827017051
0.013876003682716354,0.010218474114698672,-0.00430571472038821
0.015175281850322797,0.010426669221605955,0.0012011818109716188
0.014837918292278651,0.010633167761162188,0.0011588234115720297
0.014889346832004158,0.01024800623626465,0.0015799881017013462
0.015586532697968725,0.011205874533489979,-0.0020199949136916473
0.013959309134988995,0.009962834423102862,0.0014149944120767088
0.015998250865010943,0.011178915576897097,0.0011250055879230558
0.013970627538427038,0.010224821976327014,-0.004247060473464792
0.015155798581355517,0.010652856610315453,-0.0016196083124961902
0.015568413880217236,0.01083707141335788,0.0005866687859619191
0.014436591100250418,0.010078495517940045,-0.00046995827869800166
0.014627417951212474,0.010130480157275468,0.0009071021089486209
0.01531456751726501,0.010679635411274369,-0.00035126188979894835
0.014771123167424127,0.010324320503750872,-0.00029922216138444924
0.015207549935097653,0.010746042501788011,0.00017112241383898663
0.01421221032875053,0.009865525907970962,-0.003577782192905943
0.015247316354750184,0.010946499356299988,0.0006499940398132509
0.01476198757215319,0.010368044643251473,0.0021205948554641196
0.015207725382948123,0.010803337937696167,-0.0006039232882590895
0.014947493877764284,0.01049645183942527,-0.0006666604981138136
0.01345119477271739,0.009472283185284702,0.0003249930284532354
0.015230382039666646,0.010642483038042716,-0.001024998137357791
0.01656619631301104,0.011874616536103222,-0.00047857118528682463
0.014017394750780898,0.009669675673585232,0.0005285764006828231
0.014983148541065638,0.010653312058042097,0.0021833275881126823
0.014958237408085218,0.010665717903590721,-0.003019046359367117
0.01487452298705727,0.010174127828678436,0.0017357135558579984
0.015459739093276692,0.011171769018450295,0.00037307523016583133
0.013881338009645416,0.009871045169661752,-0.0023480763477499167
0.015511915213573424,0.01063387013175321,-0.0009349982466275719
0.015234767683504513,0.010896185680135062,-0.0016000006357881347
0.014031439999999895,0.009622679999999662,0.0017599999999999838
0.015871339887149283,0.011299904585551968,-0.00032666772629763585
0.014619570886591049,0.010306118259209462,-0.003890979497521485
0.01507797582722925,0.010364721898145746,0.0017109794975214143
0.016811313399030414,0.007177855257093135,0.017206667726298086
0.013071128050713199,0.008411111458143328,0.0019352958501039907
0.015450971949286796,0.014517188541856463,-0.010235295850104187
0.014470006977266081,0.00907414172475196,0.003888236119096611
0.015829899795363644,0.009108827581455259,0.008265099333498505
0.014410904922700363,0.012336528141101866,-0.00831333799574896
0.014907764234872944,0.010487045202708156,7.249416126775543e-05
0.01610523613070547,0.009453429710665873,0.0029808421390784545
0.015008256485267601,0.011578696606126204,0.0002923817449271837
0.013830711815099095,0.010122384158585351,-0.0028033599210077753
0.014771645607301265,0.009412538434579343,0.0025576415578623113
0.015387961484671253,0.010981723968494617,-0.0010399971389745133
0.01468235254675232,0.01139318447153137,-0.0040199999999996905
0.015234288569157872,0.009668864933083388,0.0029600038147314933
0.01368483166369927,0.00914965662009104,0.001237774110219192
0.015402793997387976,0.011779944080340332,-0.0016920626660956728
0.015409587411761683,0.01026645436003415,0.0025260486220473055
0.014948922129046194,0.010131383330644894,0.0006668042633730664
0.014324736228947144,0.010625896675806157,-0.0007785681442751269
0.01487567745115892,0.010277159478563558,-0.0018411763880905596
0.015362955214031748,0.010105366832744433,0.003326891646945107
0.014764367334809236,0.010766473688692102,-0.0023857152588551145
0.015526200000000046,0.01129990000000003,0.000700000000000145
0.013075959214813526,0.010176182291981029,-0.005866669315743422
0.015233369430639021,0.01039288270150207,-0.00141331924006316
0.01558845630189487,0.010070087106655912,0.005980000477125991
0.01433274507776594,0.009626581800105782,0.005546658136219129
0.015536109515999819,0.011543604025228138,-0.006234903371704625
0.014771347495364573,0.009874806757035337,-0.0003651021384287745
0.01545931262292255,0.010813058961905764,0.001881903231886639
0.013665473638030168,0.010402961305658653,-0.0029873919686780326
0.016240056145888193,0.010502291838579314,0.0005087943884563018
0.014658665812161242,0.010897990005369618,-0.001924972061710939
0.015526453196375023,0.010292084917521205,0.0021950037700069203
0.01471772441110053,0.01073297277871399,4.666211018200528e-05
0.013241151318137856,0.00916996356940114,0.0011333359824519107
0.015370275818906709,0.010620231940341895,-0.0015000000000000568
0.014814301190600343,0.010581906958828213,0.004825001117584549
0.015052418809399448,0.010743233041171862,-0.0006250011175845671
0.014115431597419015,0.010153814092888958,-0.0008399942779035996
0.01452773717724698,0.00981393831696753,-0.0010835390937637968
0.015057611225334,0.01031540759014371,-0.0008764666283322953
0.015780663479845636,0.0110971874269854,0.0012071439519081295
0.014459338841750657,0.00993808900687565,0.0013928560480920282
0.015347744153807241,0.010417807560416659,-3.9998410554353825e-05
0.015039065554569575,0.010512023825886008,0.00032571366940903346
0.013973575378798397,0.00965052064586791,0.0011809536154050448
0.015299912591228537,0.01109477153396865,-0.0022666688742596364
0.014791538235418233,0.010450653272652932,0.0006294125071866219
0.015123341764581966,0.010605826727346557,0.0018505874928127497
0.015027499666212307,0.010609430245231533,-0.0018085728882830665
0.013734275517146344,0.009466032750491848,0.0016473229814160106
0.015335644816641292,0.010628657004276842,-0.000318750093132536
0.015045266640954846,0.010654266065943663,0.00047058889527828995
0.015452833538652566,0.01036354301138287,0.00012941110472119988
0.014542582673175986,0.010319379294100983,0.0014200019073653536
0.014177517147216268,0.009800161628572557,0.00022999809263524185
0.014967730794677614,0.010228722552116487,1.2502793961921554e-05
0.016850209709176944,0.011799765581873345,4.166521780923915e-06
0.013613036983769256,0.00980519795285062,-1.9637633821290024e-06
0.01569669591140732,0.010421252410338422,0.0020619621739363936
0.015126526600969026,0.01080231150282085,-0.0023266677262974156
0.014686759135341454,0.010360627441786452,-0.036653421282682785
0.014116635323761617,0.009118902136685758,-0.07814655169630491
0.013342194782584027,0.006177694435945291,-0.06072944373559608
0.014473448142679146,0.006610792497010909,-0.07254395646149803
0.014148362615634014,0.004655983488571547,-0.07062662682391796
0.015506187961344065,0.004397251606955699,-0.0687266395396886
0.016764292038655704,0.006295788393044788,-0.044833360460311944
0.017145451325470518,0.002210459974755441,0.008189416714585285
0.018692918009520554,0.005129756969097343,-0.008700844312889089
0.018172551194298947,0.002815324631141536,0.0011614283135612524
0.01811449947071031,0.00258861842500524,0.0037099992847426932
0.017736919999999934,0.0035066599999997727,-0.0020199999999999108
0.017758819224246825,0.0036727374653180433,0.0012700037252830754
0.017662296238496467,0.002980235726834035,-0.0009617662037202379
0.017808268207215594,0.0033239519032157716,-0.00030966633627649287
0.017329746330040585,0.00341791490463228,-0.03227857118528643
0.01617403115840732,0.002551279498998582,-0.07763328670884118
0.015387775383426394,0.000708735825800666,-0.07146665460355983
0.014556993458166634,4.758467520060705e-05,-0.06605005868759939
0.0145076670844686,-0.001898797111716366,-0.06701423024523123
0.018909933997149686,-0.0023996617105037643,-0.03986245337552674
0.01825712281014047,-0.0040309417785904245,0.009060012715568888
0.017460787170911818,-0.002531185553821036,-0.0038119002800964807
0.016979294978183734,-0.0034321762650937337,-0.0004956210730062693
0.018983843959145652,-0.0028062375802742068,-0.0012258077417071078
0.01701530825294384,-0.0033021013608185434,9.999999999976694e-05
0.01870148803963101,-0.0029321982049173023,-0.0007857152588561789
0.018568341684552347,-0.0034654486688077135,0.002717973397800222
0.017613239479642218,-0.0025708991996458153,0.034214867507943225
0.014750288935982514,-0.0022222793257249407,0.07235290614203471
0.017500487097145356,-0.00018087297186131224,0.06244992350701839
0.015883917679820225,-7.569207580271353e-05,0.07412700798763083
0.015796868830282307,0.0015419718075779798,0.07856303671642895
0.016122629768609453,0.002349386300256384,0.06580729709381128
0.01588701153792771,0.0037149259875857155,0.07385851472336302
0.015332926367754407,0.0060323128872559195,0.06294135590367844
0.014318337057050545,0.004450977235157527,0.07303615567836275
0.012599689800164793,0.0077976548883156305,0.06613442620458798
0.01602109880182656,0.00816322936809577,0.07011558372952997
0.0129439076246336,0.009796220004529843,0.06321675726581244
0.013543241528977568,0.009391089024641808,0.07144022572950348
0.0108434673903397,0.012553644892355553,0.055721349379665774
0.011438461380306908,0.010162587691962877,0.07263542347446794
0.011150795084358123,0.01317130245291187,0.07676463823401569
0.008069933759775605,0.013429188443068174,0.062199427845591515
0.009339539944170916,0.013066284674017492,0.08208889242122819
0.00667622441255622,0.013850073864591028,0.06290000447072863
0.007512815541548257,0.016228802285254584,0.06891994784565281
0.005565220590801889,0.014148847338530945,0.08021985408768995
0.0034973902094841414,0.014546018345328537,0.06372677708134766
0.0038933484126078,0.01686710153106885,0.0812866796997671
0.0034147884335027356,0.014392545354842579,0.07501338582112993
8.101235360324921e-05,0.01632832743022883,0.06897330331006479
0.0001079591245263245,0.016040880058651563,0.06203003790859096
-0.001167395840181662,0.017634313647178157,0.07327278663458792
-0.0016638432843447681,0.015920406294170686,0.07235717545682174
-0.0034304219398211266,0.016133234752753634,0.043899990463019734
-0.0021832029286974475,0.0163801585069967,0.016605892879896444
-0.0029129251314814475,0.019114056740249463,0.014294116657083578
-0.004709277707882098,0.020808652235630998,0.003469220188534017
-0.0033268722921175886,0.017451647764369138,0.009030779811465273
-0.00444327716280668,0.017255635153269555,-0.0036285762942771527
-0.0037983986213654397,0.018216305031355073,0.0030035736865796636
-0.0044973612138461405,0.016138757151798355,-0.00804999925494343
-0.004046423001982102,0.018195872663576917,0.0027750018626413464
-0.004545339999999953,0.016630479999999892,-0.009599999999999831
-0.003634499999999985,0.01927279999999998,0.009800000000000253
-0.004055700533460271,0.015873052802158227,-0.00516249981373651
-0.004506195489713871,0.018988229836184534,0.0004124986216424986
-0.003847037310158896,0.016852017361657534,-0.001583332141239957
-0.0038182882730506407,0.017024873207298175,-0.0011784319500343088
-0.004939298393615843,0.01898322679270148,-0.002408234716631874
-0.003622262357040995,0.017831914169387453,0.0038123082566112743
-0.0043558176429594475,0.016374085830612728,-0.0032123082566108963
-0.0034712586705660797,0.01700457148488388,0.006679999364211042
-0.0049598213294337334,0.018632648515116035,-0.009179999364211433
-0.003068219999999844,0.016147280000000208,0.010320000000000107
-0.004610284654552821,0.01964582519882141,-0.004185712096183458
-0.003768162682866727,0.01702962884378545,0.0029857120961835903
-0.004361929931912201,0.01808993867773001,-0.0052399936422160565
-0.003189822730668368,0.01749740727966298,0.006539993642215691
-0.004716936983819142,0.01843793467908572,-0.0036133324856155724
-0.004076062718950002,0.01783293716183998,0.0009866659249135878
-0.0036580325258888102,0.016723691184473033,-0.0008439153222479234
-0.003587074792037015,0.01732691852878654,0.0025305828366324334
-0.00458199297930495,0.017824518445814785,0.029739999046317855
-0.0074686957850818025,0.011867829410763253,0.03314294959128006
-0.007560401899058267,0.013687029669886552,0.05259034665438822
-0.0039493356491933085,0.01478560758601688,0.0864333704209983
-0.00806284745472663,0.01394694117101647,0.07302000402666042
-0.008280068667554819,0.014467239615229666,0.06515327208661414
-0.010076826508399694,0.013495908060963568,0.07961336173097866
-0.011661384035985378,0.012331424486123677,0.06626669548907982
-0.009815227284229344,0.011627068491591563,0.07760006866516189
-0.012390292471180953,0.00965195630343807,0.056915180903580165
-0.0127496029012657,0.009862403168185763,0.07496479811518197
-0.013496725557564648,0.009670704163904142,0.07048814636120726
-0.015076867179153908,0.006293119113939705,0.06059851638497982
-0.015523084606605675,0.007764888758940769,0.07535328956988874
-0.013300343895994882,0.00522518758162227,0.056989367216425446
-0.014725278641471107,0.0053351412450124425,0.07500633271545487
-0.014368017462534244,0.006254051173365305,0.07086430006811995
-0.01787276647010172,0.0014585969005307398,0.0713599389643007
-0.014834040086363132,0.001323143081985112,0.07182003401511583
-0.01463305945478277,0.0005231488482486668,0.06401417451642555
-0.01911118398875189,-0.0013673888307645932,0.0725058496837443
-0.01627717568054665,-0.0022826988219288857,0.07735292904926805
-0.015342113992027784,-0.0031082025608890618,0.07128044137114031
-0.014897228963977494,-0.0043237415583397,0.07100666200480665
-0.014860748975094928,-0.0037851565969073686,0.07129746180059637
-0.013451982388353212,-0.007175800461934889,0.07906250577418827
-0.016151565437495297,-0.007410874386076571,0.06989339585154575
-0.012532432240054625,-0.0074675830805452925,0.07571247478684784
-0.014067380219273229,-0.010315251834802863,0.06790661371518603
-0.012169882353517902,-0.010094493409747107,0.0763875343793905
-0.011725278540453132,-0.010931889374715231,0.06962353006581834
-0.011295561209205829,-0.013313307914113004,0.07597645120121177
-0.009542836215867823,-0.012750990327195177,0.06105298795282099
-0.009890656987585622,-0.012812679644365499,0.07148992855064451
-0.007105273937398238,-0.014015305561565938,0.06422380844289055
-0.007541766162094898,-0.013045387823253929,0.07433325541912628
-0.004862836121299896,-0.016471359328086965,0.06280034148455926
-0.005137529490951476,-0.015242122622421306,0.07324965803343142
-0.005628233208017974,-0.014357847159017112,0.08471665711306198
-0.0011685278767843421,-0.016415527534094032,0.06251336300346488
-0.0010509280818475908,-0.013255112126278057,0.06161412927927312
0.0023450810580851744,-0.018029423691889424,0.02266585800515819
-0.0022138933352686685,-0.01802562318692358,0.0012223711016114969
0.0007070207850023991,-0.017913570943251855,-0.00824901975455572
-0.001446113011205341,-0.018863596089962797,0.006653325915918051
-0.0009230532662454216,-0.01936444961925865,0.010646665077161721
-0.0007100365323982061,-0.016538297947282565,0.0008666703754331984
-0.00037686041074103116,-0.019665516737455757,-0.0015714288147139488
-0.0003029338799014347,-0.017254646215534297,-6.386794283130826e-05
-1.95659470447751e-06,-0.01854741174015695,-0.0017180363638586993
-0.0008575466163351919,-0.018151148097142578,0.003126662216214493
-0.0006558201144399867,-0.01823498360486342,-0.0002733290948104816
-0.0003291665024240942,-0.019198378803147342,-5.999682110791049e-05
-0.0006458288009496549,-0.01646788299206081,0.0004599729803640429
-0.00013341862025928464,-0.018708410009069087,0.0012769376066537053
-0.0008369756359494218,-0.018561419658291722,0.0028776334619717847
-0.00012261044041750324,-0.019081808537431133,-0.0036545472278817215
-0.000267620000000246,-0.017029659999999947,-0.03747999999999996
-0.0010762863377418164,-0.015227209771258021,-0.08417295569611372
-0.0016437936622581972,-0.02022363022874174,-0.08562704430388623
-0.005081478855262667,-0.013720855971644408,-0.06151998569475814
-0.005203148406627722,-0.014023917302881994,-0.06390033615528368
-0.006688601955771922,-0.016556871510418514,-0.07063295214302823
-0.0055107398031144506,-0.013958938237875973,-0.07566671749194365
-0.008546392749415155,-0.012010522682408986,-0.05871768378811648
-0.00840628027330581,-0.014821184564711487,-0.07589332104465285
-0.007495957956502153,-0.012422509730058984,-0.080589003682217
-0.012118800000000096,-0.011426300000000111,-0.06400000000000006
-0.011119645269073608,-0.011402324065054259,-0.07073573058583138
-0.011384647807860748,-0.008724819984179177,-0.06626422322066272
-0.012816212866098908,-0.010269126604357304,-0.07646674041100887
-0.01453405970796906,-0.009899862715505137,-0.04131334774420692
-0.01546819538130162,-0.009623599245041525,0.005529952558920748
-0.017017988967695796,-0.009917167385862236,-0.001099910597210929
-0.013810050000000462,-0.00919810000000032,-0.00254999999999983
-0.01597565987761218,-0.009201690808233298,0.0024066661368511433
-0.01630709415798215,-0.009493562765950259,0.0036050977440513776
-0.015162670978160264,-0.009320813845028919,0.00043439208139028906
-0.016144023790485296,-0.009550001953196663,0.0002230678942156672
-0.014695017942395694,-0.009108074284924328,0.00013077614349121802
-0.01538564700207301,-0.009362500227272808,-0.0009533338631486643
-0.015802746899510556,-0.009785915898291808,0.00117686723481647
-0.015951430245571885,-0.009157226540257746,-0.00040000420739705334
-0.01599675689231228,-0.009788477028342513,-0.0007592444231261375
-0.015627402213896247,-0.009620986648501528,-0.001114284741144278
-0.01438838344459592,-0.008678035230635484,0.0013794167145841918
-0.015832966555404226,-0.009463214769364736,0.0013705832854156164
-0.015415022906359876,-0.009381641318471523,-0.0014562466471952362
-0.01618437382218252,-0.009475628151896398,0.0018848178324812892
-0.015449056343062484,-0.009549003176854143,-5.5245269367620864e-05
-0.014591478461430274,-0.00872606782512797,-0.0004145037064740009
-0.016023214880379832,-0.009689748652659702,0.0007545116537044372
-0.015652485106997904,-0.009437094383397682,0.0014043133606707059
-0.015713245521872032,-0.009371908477423752,-0.0024890765250913383
-0.015871311163837998,-0.009713292421454689,0.0017514305728489887
-0.014642046909882467,-0.008736764086954896,0.00030749965974363747
-0.01609773522434166,-0.009339592590279722,-0.00038125279399015
-0.0158192296596531,-0.009573758915479402,-6.248137330633341e-06
-0.015715222986934396,-0.009471246679594092,0.0024466700575387357
-0.015927650784026248,-0.009116623899759091,0.0031533283530151834
-0.014978859562372548,-0.009282179420647019,-0.00391666507722066
-0.017266566666666705,-0.010336549999999889,0.0036166666666668235
-0.01533050035444683,-0.009738137701660765,-0.004773332273702469
-0.01532934016768861,-0.008764847687780186,0.004660831714910163
-0.015248739477864426,-0.010208794610559124,-0.0014874994412079623
-0.015719397004505975,-0.00821394777340645,-0.000790000715256145
-0.015012922995494282,-0.008925072226593223,0.004590000715256171
-0.016740798661665224,-0.009470265840671122,-0.000973333439298063
-0.014596153232364184,-0.009362327626644795,-0.0004325485011533736
-0.015871339077856872,-0.009927875833654287,-1.911690056966009e-05
-0.013943367492717407,-0.00998654601552662,-0.010503573560674884
-0.016625441535396135,-0.006004784683503406,0.016928572401696318
-0.017282519999999968,-0.010686659999999737,-0.000640000000000196
-0.012409271588129656,-0.012571315709637876,-0.06368940087512609
-0.016413858411870486,-0.005277174290362119,-0.052970599124873896
-0.014551679197888356,-0.007106782970027314,-0.07635722070844686
-0.015082587902373934,-0.004661651312541704,-0.06335457122176624
-0.01584022422533571,-0.0067929463985088034,-0.05990154193293584
-0.01705614962288937,-0.004817603259990477,-0.009969016108100526
-0.01780251743366512,-0.003930023647487957,0.01219664493037742
-0.017275758284513998,-0.004431809078110582,-0.0020142949591277493
-0.01814297333333359,-0.0044098933333334145,0.0002799999999996139
-0.016943359999999963,-0.0035750399999998628,0.0053200000000002134
-0.017462421982288756,-0.005087716256812147,-0.00612857288828339
-0.017907430664897195,-0.004143209472970977,0.0034160723294909268
-0.017748874286753757,-0.004917752442098244,-0.00331827008273633
-0.017967307983566494,-0.004064488817977718,0.0030707712773172524
-0.01733598030047734,-0.005250022785345365,-0.00464000063578851
-0.01869729792915531,-0.0033915856675750256,0.009128569482288906
-0.016723859202322444,-0.004960798769323205,-0.006878570227345282
-0.017853287471881973,-0.00406376972088518,0.005090010917673027
-0.01729564017865659,-0.005009356067012138,-0.0024400101726165246
-0.01888730000000005,-0.003971160000000307,0.00625999999999971
-0.017292639116144315,-0.004937753576294224,-0.005988572888283361
-0.01674857339647784,-0.004139860317176058,0.0005873956752240339
-0.016233895426787104,-0.004813199924757594,0.02554785140322391
-0.016201212572392265,-0.0027188082210312103,0.0926866104001558
-0.013559847744329279,-0.0063354051473889506,0.07050702705818113
-0.017851577597799206,-0.004288462521688352,0.11753965179423886
-0.013762269363668533,-0.007732111988583146,0.0709733785797031
-0.013149963717369095,-0.009312620166396002,0.06569836996723488
-0.012293195916416755,-0.00914000565933426,0.07495500130148125
-0.012803251792655956,-0.011257957091181048,0.07444503656508816
-0.01080149267121544,-0.012090119896452478,0.06486820691013184
-0.011370420684744253,-0.012710615489716304,0.07886004323362039
-0.008516779143386,-0.012380827618085899,0.0605188354089532
-0.009438878464459455,-0.015120827981303986,0.04106117762471184
-0.00932420239215448,-0.01623126440061018,-0.007720013033664763
-0.009523699999999913,-0.015337900000000015,9.999999999976694e-05
-0.009478628848446524,-0.015317447125486883,0.00017999841055393873
-0.008665574761499872,-0.014839435357718589,-0.0005917650963875865
-0.009766146103103557,-0.015804719149941082,0.0009403390875299955
-0.009243907075582092,-0.015983456986556455,-0.004635238644503659
-0.009751201173866075,-0.015772271579587382,-0.0006286253999001623
-0.00990628608457933,-0.015742421858710998,0.0016625647640635677
-0.008829150376919337,-0.014650788857524244,-0.0006272716312429871
-0.009842105576003402,-0.016327559084474252,-0.0007000014901130669
-0.009879971619707328,-0.015543967199135977,0.0015235333716674404
-0.00911286826865787,-0.015712642326276338,-0.0017235333716674184
-0.009819908428384538,-0.01590710001459472,0.0012400006357888849
-0.009107647657183415,-0.01585661669539018,-0.003073332909491633
-0.009341625658038533,-0.01451819203786009,0.0057520808767219656
-0.009498831460671209,-0.016532375776470154,-0.004318752009013771
-0.009310059131246495,-0.015661102833994356,-0.0005117590724421639
-0.009263807776110689,-0.015227863116278328,-0.0028682375215631772
-0.010220914877383969,-0.016258691846049,0.0032300051089917403
-0.008639235798679978,-0.013288867348097977,0.004174991538254069
-0.00812619908583323,-0.018838761566891904,-0.024411664161630764
-0.0109057161194821,-0.013494586649869689,0.018386663306988016
-0.010065207446126045,-0.01577055137157579,0.005433349196668047
-0.007687966064344298,-0.016227900595427336,-0.016587190860965606
-0.009224256785590246,-0.014307325573913676,0.004359726409680409
-0.01135448382255988,-0.016651655048174785,0.0073941194620141815
-0.007828844536500457,-0.015329294996199838,-0.010681249906868029
-0.01037259347669206,-0.01552727834402079,0.007581254675206317
-0.00919546198680754,-0.01540672665977949,-0.0028000047683383045
-0.008647419593845962,-0.014877867990126248,-0.00345294167145882
-0.010596730406154053,-0.01666313200987357,0.004052941671458754
-0.009467852300631963,-0.015612971009655308,-0.0011500178805579075
-0.008705719855859773,-0.014943874268921409,-0.0012749787666876955
-0.010111869961319853,-0.015723523275322115,0.0013649909251487458
-0.009206307882188458,-0.015623681446101045,-0.0021399942779032344
-0.009023800000000026,-0.014941050000000011,0.000300000000000189
-0.010194919427792826,-0.016621994284740982,-0.0005928440054496775
-0.009180003278550508,-0.015050364963645979,0.0004116000590341784
-0.010501640259563016,-0.015309166859854173,0.0030479164410510684
-0.00850810842996741,-0.016497329535971605,-0.012546661050441887
-0.009930355511829969,-0.013469431695730893,0.013844696913098531
-0.009633478221724001,-0.017895221840914743,-0.007878994801433947
-0.008810497270190787,-0.014451378094571865,0.00013781981580907043
-0.0013881776003814572,-0.006691492724569592,-0.04604353337166733
0.00023644648917575672,-0.0005541466967611264,0.004293335028769274
-0.00022517158152823846,-0.0004446960778770048,0.0003913691211261394
0.0004060652729165337,0.0009538770201160673,0.0006086308788737504
-0.0005385266162312163,-0.000458253790896368,9.33311080819621e-05
0.00021610663975524247,0.00010942638841049401,-0.00026666613685133456
0.00015109320606843113,0.00022208647020827144,0.00012666613685130557
-0.00026733285262414697,-0.00012774331723530707,0.0002733338631486504
-7.210055753237299e-05,-0.0001387699959654043,-0.00019999999999997797
0.00014889335124146363,0.00011528670089333559,0.00010000000000021103
1.9842150771109957e-05,7.359564907805094e-05,-5.2941671458750506e-05
-6.446883534572123e-05,-0.00011508234997137379,1.96083381251988e-05
1.7297664055337947e-05,-1.930001362371314e-05,3.333333333355171e-05
4.2435669277862686e-05,6.400001362383279e-05,0.0
-2.719340369394807e-05,5.8866827732817484e-05,0.0
-9.19477881213826e-05,-5.160962622152709e-06,9.999999999976694e-05
7.196119181540617e-05,-8.17258651109043e-05,-0.00019999999999997797
1.527999999995089e-05,-1.4079999999694337e-05,0.00010000000000021103
-7.5999999999964984e-06,8.60000000000305e-05,9.999999999976694e-05
-5.347328141147578e-05,-4.573233728155657e-06,0.00010000000000021103
-4.789216912159944e-06,-4.2976749135448244e-05,-0.00019999999999997797
5.718760523798494e-06,1.4731217869101698e-05,-1.87500931319029e-05
3.0103759416588716e-05,-4.0041326559325796e-05,-8.124990686830813e-05
-2.0807057505844995e-05,5.799534673256446e-05,0.00018235277618039447
1.2327010457946486e-05,-2.558861924129019e-05,-8.235277618018344e-05
-3.626608916951213e-06,-5.362662481145364e-05,-0.00010000000000021103
3.4293270656071684e-05,-2.278668176636245e-05,8.66668256125358e-05
-2.7793658172292623e-05,5.857844574075344e-05,-8.66668256125358e-05
2.7352344857956012e-05,-2.180206059243517e-06,0.0
-1.7564162032801534e-05,-2.953741031008761e-05,0.0
1.1471309795618723e-05,2.394957757845262e-05,8.124990686830813e-05
3.81836132357094e-06,2.3356293951337648e-05,-5.817375970895711e-05
-1.0583761129501212e-05,-1.1782405476612468e-05,5.3394688570129745e-05
-2.9647070950655774e-05,1.8282375215949997e-05,2.3529164270730263e-05
3.945882138456369e-05,-2.0188201223181323e-05,-0.00019999999999997797
7.809132805225438e-05,2.358098227883687e-05,0.0
-6.541894050804409e-05,0.00021402593178443396,9.999999999976694e-05
-5.3586213655920645e-05,-0.00020723933026101093,0.00010000000000021103
3.665500472727068e-05,-2.7179382579234357e-05,0.0
-1.4142134718841959e-05,2.0557887868477565e-05,1.5789539727695256e-05
3.8921205627318045e-06,7.254614180496333e-06,-0.00017828935346342334
-3.350202669927249e-05,-2.9676453297433625e-05,7.050015705711843e-05
-0.0001319518776821127,6.558339396267598e-05,0.00017264538858752232
0.00015246311801009327,-5.307828876555121e-05,-8.064573190891267e-05
1.3050905908418287e-05,-1.8413399152095167e-06,-1.0000476837745964e-05
-2.318071292073398e-05,-2.6999823850459848e-05,2.764745316463646e-05
-2.7393950269294365e-05,3.060004058097476e-05,-0.00011764697632710153
3.474713217488379e-05,-3.0294091322602412e-05,-9.999999999976694e-05
1.651738356067689e-05,-5.236088571614061e-07,0.00011764697632665744
3.454216675335964e-05,8.170373576810164e-06,8.235302367332054e-05
9.451251292547092e-05,-7.727201367346836e-05,0.0007903210176580799
-0.00032736759992735287,7.544189320940475e-05,-0.0018193535734369881
-1.2728269586537166e-05,-1.297558493096318e-05,2.903255577857422e-05
-1.2348403186646095e-05,0.00010135324216165031,-0.00035263263564688785
0.0002242780733314742,-4.1688538919615326e-05,0.0012761628723798601
4.7611561763583055e-05,2.2888297992018636e-05,7.646976326736166e-05
-5.4927649936198364e-05,-3.233453446815915e-05,-8.275907427979234e-05
7.266557442431321e-06,-1.5409885839812176e-05,-7.835196324501581e-05
-9.178225792716432e-07,-1.818190479374593e-05,6.111103752459712e-05
3.922682675128186e-06,-2.7361329886232966e-06,0.00013124916181173063
2.1218699149505582e-05,-1.3471952602817083e-05,-8.437432479402318e-05
-4.703119672821998e-05,-2.5628074219685715e-05,-2.812474388580455e-05
-6.593780268016047e-06,2.054994561095924e-05,-5.625027939615279e-05
3.1037160845848177e-06,-2.975691207662834e-06,-3.676201826063874e-06
8.140152917368582e-05,1.3402491408687212e-05,1.9747573376527328e-05
-1.6461491067154554e-05,-6.348625142482689e-06,1.2053768147612942e-05
-4.849290965469599e-05,3.092851455965828e-05,1.5258389483019386e-05
-0.0020719011612415628,-0.0027824249793138023,0.030800015427121075
-0.007099694890346009,-0.01239006208476967,0.08638779507132455
-0.0057773441512196655,-0.014078662565648159,0.06303211543853426
-0.005445286426671303,-0.014013269223266178,0.07309174373255711
-0.004340693232238402,-0.01536921605997943,0.07094131547835314
-0.003937768472574765,-0.01545235923733923,0.07394113150919313
-0.0025214633630613603,-0.0168034697244015,0.08138753883636207
-0.0002936622691190882,-0.01675679470883429,0.07205140274025212
-0.0003350412528033697,-0.015932161393166666,0.06732880394503282
0.0018004028890964419,-0.01771442090950437,0.03109258571246465
0.0019257858673373818,-0.02300233875418467,-0.0037632559507434493
0.0016109564623054684,-0.01601699711134774,-0.00044301593529283423
0.002009041739296391,-0.017628967084323044,-0.005984748279953989
0.0014885117393726999,-0.019704169836954222,0.002565996696708872
0.00151258701068413,-0.010237393430836406,-0.008037495715924825
-0.00046198662390251055,0.0034596298700924066,0.015193400928528833
-6.489888265059918e-05,-0.001545065839013482,-0.004205904301990193
-6.505331655559665e-05,0.0004349889224739556,-0.00029999867544394654
0.0005403323997503762,0.0006906415850220782,-0.003021272947705489
-0.0004970622883635478,-0.0007439439631111711,0.001721272202643398
0.00045337117189858667,0.0003293199486087417,-0.0024437236436192222
-0.000457111476780403,0.00015232083132765695,0.003906885057255005
0.0007983905511237399,5.7733268068460575e-05,-0.004374927354407587
-0.0002515693131073249,-0.0002254804095631613,0.0011170319571283116
-0.0004419480416915089,3.6518679058517023e-06,0.0020512554763032487
0.00039831081104602095,0.00023851022467802352,-0.0019031892686180996
-6.791278599593831e-05,-0.00011403734554527034,0.0005279199180012739
8.197185572189625e-05,-8.896642750855221e-05,-0.0004338840326281179
-0.0002299645749712642,5.684778302761373e-05,0.0011317959909677988
5.524387158217792e-05,1.3830371508483097e-05,-0.00037593702787352967
0.0002568676868507369,-2.2179741326233682e-05,-0.0014001955208695627
-0.0002616675484146125,2.4628200071319384e-05,0.0016711616501996485
0.00012346770042459543,3.242389934321466e-05,-0.0006441922183584303
-0.00015371245853768034,-7.076504892111757e-05,0.0006574992027887916
0.00017101243946415767,6.842495641379287e-05,-0.0009874994412075733
3.817769977609853e-05,3.731121634054091e-05,-0.00029444481237672626
-0.00010735812377804521,-0.00011192725040487517,0.0009784469867457624
3.785139243850377e-05,4.5180463708049956e-05,-0.00028077584692187685
-1.914153208748548e-05,-1.3746789432111939e-05,-0.00022087355126676478
2.9958582387856758e-05,9.120593523448406e-05,7.058889527811196e-05
7.073382290123664e-05,-8.480178943770511e-05,-0.00019738390833889952
0.00029877866649041795,0.0016980489586018166,0.0006381912124275857
-0.0002127565393613695,-0.0003564384359773243,0.0006375001862641838
0.00021862665659222458,0.00015271597825616823,-0.0010253658188945636
-0.000120523583860499,-0.0003012536246718156,0.00020588194045134678
3.765974384639659e-05,0.00019891801838323175,-8.510073596301737e-05
0.0003643932146546458,-0.003586112680600273,0.01887333545259473
-0.00016271190162198135,-0.014151149531728358,0.09306875954610816
0.004606340620166183,-0.013454951530382786,0.05709897256488694
0.0032198504258328375,-0.01764010864150567,0.08184489361729774
0.004104557221833227,-0.012915951741197418,0.07498729380559999
0.00740692492283046,-0.014531304644354037,0.06495013212310474
0.0065347783713296526,-0.015106610608979665,0.07712739635260069
0.008806055220345943,-0.01254156319814026,0.06063506447009903
0.010121440646560176,-0.013432614053256131,0.06686247895215258
0.011504397849975811,-0.011633405824334808,0.06180929808278157
0.012618991913408761,-0.010569976719676966,0.0613744317172944
0.010743835451971107,-0.011297120157523821,0.07856066903448666
0.012577829378589422,-0.00861843364821091,0.059496232195719756
0.011541886833787984,-0.009155459392171217,0.07621955368506861
0.014419323044990495,-0.008122350308537918,0.07416482385279927
0.014786272276061219,-0.007540095254055856,0.07549419098775645
0.016362807527511958,-0.007773973899862341,0.07039934400220682
0.01536377485791629,-0.005568557636554949,0.0662064922577611
0.0123966452892883,-0.0004946907464242756,0.073238728972329
0.01630785877325902,-0.004524753026753814,0.07751424435495749
0.015432035424685742,-0.002863803949474608,0.07499968601837365
0.0180148755210634,-0.0013410006582397216,0.07574718823524991
0.017686802931342616,0.00020152580634924533,0.06535015616556408
0.011070112611487604,0.0039016512977507745,0.07003381417165676
0.017331673677637882,0.00213885032490424,0.0687161181543956
0.0128085580876105,0.005334830395576695,0.07104210112787437
0.01936882072297119,0.004470619697871214,0.07087462760586366
0.013259872449675969,0.006766081528688517,0.07135423539730817
0.012741548495124544,0.005564024952869673,0.07182281705391086
0.014725449028655024,0.006807176416223193,0.07619447197937201
0.013564066360487903,0.009214527310550835,0.0746743086610786
0.012212540450610154,0.009319151518424995,0.06828123649585005
0.012837638090238634,0.011784259973038225,0.06845627201766424
0.00943650607041091,0.011635166853392498,0.07736658355740533
0.011841584953198314,0.013703071404992606,0.07083332668558717
0.007544033922038951,0.013071975696724358,0.06127831232522363
0.008747467986217172,0.015081475711651748,0.07237176591157568
0.006734918520667987,0.015695716131030935,0.06604403561456595
0.00594579711025256,0.015886889562507278,0.025370435451517626
0.007154153067425062,0.01596835356765336,-0.00016771953249539173
0.006438441513960003,0.017500030403722278,-0.002409274231345071
0.006465640563391384,0.017257484395387657,0.0032282888436889756
0.00680111896721991,0.01651611493302063,-0.002456966075452538
0.006786172605677709,0.016663415635647993,-0.0018878545419367398
0.006953395477245383,0.01768226498672032,-0.000470967667507427
0.006832216666666557,0.0169237166666667,0.0022999999999999687
0.006282215561367099,0.015673782630367228,-0.0017500011175932695
0.006579048710823487,0.016549703981696418,-0.0004382406113663251
0.007263119042677069,0.017487486226385407,-0.0004941110472207466
0.006829107270188928,0.01707209777627705,0.00019346447598311833
0.006217209414943525,0.01614012938527365,-0.0013111116998028027
0.006930509399049045,0.01734655131727081,-0.00034444547465461994
0.006901306415587172,0.018112777763440224,0.0018865626256860946
0.007215837480748721,0.01675872967444869,-0.032942187186347116
0.006337717703030155,0.01395901908027497,-0.07140588904074008
0.006688029001584939,0.013964422164565171,-0.08129404092394421
0.010356706882301614,0.014887356735277635,-0.07328006039895107
0.008844626451031568,0.010969143264722536,-0.06265327293438239
0.012494496138175881,0.014020648466979146,-0.034946717528941074
0.012570205753887898,0.013909579774593617,0.0008954325150639653
0.010891425142329325,0.01193837801482589,0.0034846183472104775
0.013587545335296713,0.014958992680245142,-0.0036733334392979877
0.011137947367354961,0.012057085061031536,0.0012983300865435643
0.012648092411570167,0.014127461649463324,0.0015464321674683035
0.012626554518051725,0.013980154352861263,-0.0018714288147138047
0.01243437552532023,0.013560475493531232,0.0004933337571922936
0.011962822529197892,0.013344002548271394,-0.00021333057830019708
0.012146042098069687,0.013130118866212737,-0.003361254575873218
0.012266093527774746,0.013090845204358548,0.0034562494101735286
0.012735057463103105,0.01399604922182851,-0.0007016629844230904
0.011547608856534497,0.013479308665797607,0.0005266649712306615
0.0129386022138962,0.014013745504087183,-0.0006785711852861365
0.011570589073412352,0.01250109567369817,0.002028571930342671
0.012351679347208266,0.013545169336567575,-0.00012999883769093667
0.012726351399974023,0.013594697033926462,0.0008199996820804634
0.01229937796550895,0.013525692451720417,-0.002540001589446006
0.012859594147566655,0.014369360786152807,-0.001433332803509657
0.011474090490857458,0.01231155470804346,0.00028958308290572
0.012753563198272921,0.013546114878999926,0.0011261024967843536
0.012426752163303245,0.013425389626803952,-0.00296235277618051
0.012652599999999792,0.013513780000000253,0.0021799999999999597
0.012311439902249699,0.013760448195704988,-0.0006642802404590586
0.011863369334021545,0.011694674457080279,-0.034989012297091615
0.011158725604386799,0.011613459537471282,-0.07330000953667648
0.012843652966507246,0.010229865547925598,-0.06853337179804286
0.012126951181947065,0.009530189693272906,-0.06865336268498967
0.013323361010887602,0.005611362568544553,-0.06175996344274026
0.014742651017127795,0.007489357711328193,-0.07609999692362118
0.01295545077239324,0.007698504978002063,-0.06923527739479013
0.015068670858856326,0.004266038547278583,-0.06533141830962058
0.01568795390394806,0.004091007879903241,-0.06932074124819931
0.015343645256810978,0.0051562305121874985,-0.08044589256939297
0.015250375000050553,0.001157593694037562,-0.06953997880749511
0.015334207469034133,0.0007289838728929965,-0.06209137785979321
0.015994865721779217,0.0032350828043701263,-0.0886953168870875
0.016213374835267746,-0.0023013126167876763,-0.06744631658942912
0.015663045164731937,-0.002769807383212086,-0.07107368341057088
0.01779503057570686,-0.00407158327431123,-0.025479970753727293
0.01684501292849383,-0.003987902728241455,-0.003004736201099284
0.01740421178211271,-0.004579232486711771,0.0030058735256580926
0.01871395471368631,-0.004547161510735975,-0.00029116657083150255
0.01755102310211365,-0.0041434418790231575,0.001732352776180529
0.01759151987849572,-0.0042457612482120766,-0.0011156834604370558
0.018086384445898496,-0.004350952541171793,-0.0012066593021536065
0.016678152520295253,-0.004381593883814094,0.002464989613881835
0.018578270053197343,-0.004508450447778589,0.0020750003725282795
0.01778184945093475,-0.004321570990000634,-0.002252941671458397
0.01742967011723051,-0.004571977274762773,-0.0009220601911829884
0.017374245077611317,-0.004219581912348502,0.0022749984566468318
0.017235019238650118,-0.003995765312315935,0.0013499967004856062
0.01827725911625455,-0.004081527266021734,-0.0039357085533466285
0.017278890885691123,-0.004780139049804344,0.003715131973439839
0.01751316092518218,-0.0038106678893816692,0.036032085348689485
0.01576885980975984,-0.002871435146817536,0.06763845025334393
0.015044137121968948,-0.00177296161699525,0.06726885216564255
0.01646786037942194,-0.0004620667991215299,0.06939116213937216
0.01775368787729459,0.00046485325756995266,0.07958003337836764
0.015688650952033534,0.0012528403382554565,0.06880994710098498
0.016102183128348102,0.0033984028718943016,0.06589297694533655
0.014959245270776744,0.0032379222258174245,0.07335703508174388
0.015296380648841978,0.004923124564032655,0.06890004087193458
0.015643259407356336,0.006542130054496109,0.07211423705722075
0.013945043492403553,0.006044743216599979,0.06915449589961076
0.012904928944792005,0.008099672731447072,0.06849798404229435
0.01350674815919417,0.009246505303633246,0.07479043121020301
0.013466719996253484,0.009799698693823355,0.06324285179067113
0.012885100000000094,0.012889100000000209,0.07040000000000002
0.00994763922275732,0.01001491464632176,0.07220001043079172
0.011501900473658733,0.014979180762828115,0.028861117016293014
0.011857624655204013,0.01429068950847645,0.0008588782749666679
0.011192740183105787,0.014420240836372944,-0.0025000071525641543
0.01087385656082196,0.01322066990076598,0.0021424977051744953
0.01187474560661661,0.014796324745775191,-0.00026248832743136497
0.011470201951047976,0.01456550229976683,-0.0005882454687933247
0.011943500645134275,0.01470034739211501,-0.0010176374065606897
0.010971211971846806,0.013837286691398276,-0.00251480826339201
0.011237544450330539,0.014470641642621462,0.0003575300519282898
0.01196453427947608,0.014665981573557918,-0.0008968468604125812
0.010979120832223188,0.013968365634826174,-0.0008282389240285015
0.011267679167776823,0.013438154365173816,0.0023882389240283963
0.010482097126235601,0.016399695697301375,-0.011199999999999988
0.01228585287376438,0.012670304302698998,0.00990000000000002
0.011226169531423746,0.01595646253933891,-0.005279994913691688
0.009852994836835549,0.014621669198455756,-0.009355299533947203
0.01260908563174068,0.0132363682622052,0.009035294447638953
0.010679461244267774,0.01545875321655421,-0.008876465225867047
0.011733604722512503,0.014462966061837168,0.0008764652258670402
0.01096569565066563,0.01417924135517179,-0.0011333343929809114
0.010700221497105922,0.012884464240216609,0.0015333343929808674
0.011564137984090728,0.014262229675286786,-0.0009333328035096011
0.01193342790398022,0.015738979555147914,-0.0022111213542164165
0.011143800836840967,0.013123000902302007,0.0012444541577260049
0.011210718718114077,0.014327999187236706,-0.001153332273702623
0.011498473455328728,0.014346488233687005,-0.0007533339691050411
0.01092327247844338,0.013197014507992932,-0.00039333375719230457
0.01166885594130429,0.014403434673429416,-0.00019999999999997797
0.010896533210951187,0.01361948877849839,0.001482361190973669
0.01148727513534542,0.014679104733551718,-0.004839501858548645
0.01149861339302749,0.013866101572244549,0.0013015895271474287
0.011511591897222395,0.013845355078884847,-0.00030069466862936434
0.01065588070600354,0.01376725505186771,-0.00074375419094308
0.012000049885964703,0.014241657785648787,-0.0018058832604062047
0.011536085338831104,0.014111565390441339,0.0016058832604061157
0.012055509591280433,0.014966082288828453,-0.00042856948228875424
0.01026045110549667,0.01260446553784167,0.002303569854817056
0.011544279303222993,0.01434081217332972,-0.0024550003725282155
0.01232535999999973,0.01480124000000016,0.0005799999999999139
0.011354575622009033,0.0143232561366462,-0.0012214318557245418
0.012214850835756685,0.013965769227795022,0.0015071471145802207
0.01027383896164169,0.013671475636919173,-0.004991597199306974
0.012782934580592542,0.014427998998639335,0.0027058819404512935
0.010374304609393814,0.014605413079551877,-0.0080933338631487
0.013302853387236802,0.01445853766591032,0.0038800013775334152
0.010998286937009993,0.01391928890327021,0.0011066647593178658
0.011905157549329637,0.01430986341666296,0.0011495253557253227
0.01012290711550401,0.012858301562741037,0.002157142370572185
0.013485790401525755,0.015436195371863803,0.00039999999999995595
0.010074208009358099,0.0128804590814946,0.0019499992549434353
0.011495519913236052,0.014349333003063958,0.037583275798700355
0.00804704255138633,0.012693146960804924,0.07246675673578307
0.009131411570339587,0.012589841824075076,0.07051662185243979
0.007210457161783257,0.014528180055582318,0.0673837635711505
0.007612484661409624,0.016761494934569132,0.07326882131539136
0.0043490783291364465,0.013157272976599188,0.06901079453259551
0.0051582971580255155,0.014775915351113778,0.0763399529516482
0.0026681457576813727,0.015221044150897978,0.03944871816568707
0.003728854887643962,0.01860111166179923,-0.0038687041783391773
0.004173642337494066,0.019813476682958076,-0.003692857751060208
0.0031977993900627055,0.016417198820176004,0.0008810910652263804
0.0034268101758048175,0.017572389648260245,0.0022117666858336715
0.003500433408232695,0.018467002328339976,0.0008307688075415154
0.0034613239285969932,0.016502713090680743,0.03175039616287978
0.002456290759808688,0.016333219429584656,0.07971883502957877
0.001995948256034108,0.01481629094568282,0.07267643296915982
-0.0016660118680915659,0.016907639304657884,0.06048075367934147
-0.0008178021131270974,0.016048329983307852,0.07177611542572593
-0.0013486000770961404,0.01349731336634008,0.0718549901434915
-0.0012021497793068825,0.016696715508953908,0.09883165723709264
-0.006105934418412673,0.01297826089105758,0.045930050545188505
-0.004553815327823063,0.015897710120797992,0.08551662322180742
-0.008562730960820275,0.014786793670825471,0.06940001430501463
-0.006844950141204897,0.012930840796527843,0.06283305254350813
-0.00969392479323039,0.015622612564356153,0.049966966529845
-0.00874296999642965,0.015075357601847639,-0.010291653247420651
-0.011490794624705813,0.016722689257397505,-0.0018397075026501675
-0.009310507662617873,0.013931157725868282,0.0035396940916321284
-0.008958356493167674,0.014375188262379268,0.010425010058263684
-0.010780095803862633,0.015641834084081374,-0.002426664547405366
-0.009139155874749783,0.013665993012135225,-0.0023608363839153768
-0.009594749216160992,0.014852962135652792,-0.0014183824115963084
-0.010045970972031082,0.015681224609026767,-0.0020341198359750123
-0.010792183309368042,0.015733343681965994,0.000825715275075467
-0.009949833226840177,0.014798672655391254,-0.0022857120961834454
-0.010321560383445227,0.015620970176192905,-0.0028799984105538634
-0.009052779593834881,0.014192777053236405,0.0017682317247200707
-0.010318300525373747,0.015579215536766,-0.001988233314166088
-0.010530764869963516,0.015499277752057505,-0.0014133324856153706
-0.010104367800296998,0.015517964064482026,-0.0006580985186253052
-0.00977821276476698,0.014388893316351847,-0.0005672783010362004
-0.010352864948529383,0.01575591379475183,-0.0006279576022167888
-0.009768904762219144,0.015372666246780575,0.0005372586077023733
-0.009550583291201953,0.01415360088254225,-0.0003222037102990072
-0.01078215290312734,0.016235869361428623,0.0009118524963480645
-0.00992336696902374,0.015259613151265672,0.001896900911197985
-0.010008617318253421,0.014598493883419383,-0.003180674769123204
-0.009145675466950998,0.01483313460247171,0.0020035333716674764
-0.01040766264942139,0.0157901233026867,0.0002887448777362245
-0.01032993536218152,0.015261789754612565,-0.0046487480566286266
-0.01015930498836548,0.015426291390359115,0.0004000019073151506
-0.00958277700003185,0.015247775552341247,0.0006800012715770798
-0.009504211142546737,0.014100899385414367,0.0008777768947521025
-0.011567173594002167,0.0169867405494184,-0.0010377753053059102
-0.009027214206051237,0.013276549097771317,0.000972503626027521
-0.010310286850930606,0.01589356887886373,-0.0006625091890888335
-0.010008005569419165,0.015361589814829602,0.00031000079472320863
-0.009831619653978052,0.014704486628498215,-0.0035129412974974628
-0.010554856737979179,0.01623745842117197,0.0019862831078762966
-0.009074122609312951,0.014470755426772897,0.00031960023504007395
-0.01021969795017208,0.01517879231382957,-0.0019329372770808817
-0.01044419659071627,0.016440199630297192,-0.0023533407508411486
-0.009043442306144733,0.01370573492652083,0.002602084039131203
-0.011318452788746658,0.017497824926612005,-0.0015687448777361723
-0.008656714448199931,0.012036954008947554,0.0012058819404510146
-0.010427081042263087,0.01624686774173356,-0.003263034529006781
-0.010303064509537219,0.01578187824931887,0.0009971525885554833
-0.009598761111922371,0.014670913694139198,0.0022099962747175184
-0.010435890252616709,0.01573434985191491,-0.00395001216917823
-0.009580800830364389,0.014972006443515262,0.0013000158944609375
-0.009942607878585807,0.015241345692800223,-0.0001529388665271192
-0.010443124351528166,0.016010438247535674,-0.0009670643123649292
-0.00997252508451929,0.015280678486647714,-0.0007799968211079644
-0.008792430490462966,0.013388067583447016,0.00019999999999997797
-0.011093963121086237,0.01693145416600439,0.0009999999999998899
-0.009820481740981712,0.01483206606876819,-0.003617645821353932
-0.009560806207646433,0.01464958689718543,0.004117645821354099
-0.009679560778828034,0.015014827233935657,-0.0009444439538701666
-0.010052362951956884,0.015116045465249472,-0.0002437893602960095
-0.01083122519950086,0.015969820168856952,-0.0016117666858339597
-0.009276905306855099,0.014540963743969293,-0.0036999999999998145
-0.0097566593943883,0.015329825914175199,0.006784618347210447
-0.010663931919540293,0.01643508219231804,-0.007777952104402797
-0.008724003379216416,0.012882528149537276,0.004793333757192375
-0.01124869999999989,0.01590669999999994,-0.04375000000000018
-0.006757855168457283,0.013639906553517545,-0.06375003725282724
-0.006626875859119696,0.01324572084694342,-0.06576661140011719
-0.004056645627857236,0.012377291123238265,-0.056279981667810786
-0.006298462842202479,0.01741463920739217,-0.07861804297489838
-0.0037868605023634316,0.017225442268908653,-0.07733532670434617
-0.0030191436198290234,0.015818276461572633,-0.07465716694197999
-0.0020492440956783042,0.014007813708151406,-0.06666784311628349
0.003554422802390267,0.018794916912726833,-0.025063206426316542
0.0009818056480890291,0.01638744547500859,-0.07069181021853854
0.0005169423695261521,0.013962870670174876,-0.07457882075070521
0.0038282831542044704,0.017131636682719664,-0.06860778318482597
0.0033128151740564604,0.016711862076098205,-0.05879219437572569
0.007335382931293655,0.01741441302165425,0.03125882501437527
0.0034595508119785734,0.01748670573734401,-0.014893333863148506
0.006147742601251949,0.017846719406503064,0.007013332591571331
0.004548151516208243,0.018006434235712465,-0.00412666963361219
0.005033360215933147,0.0164492017499982,0.003265493692129917
0.004524928648768078,0.01710671256075247,-0.0010421551268502416
0.005017536889093677,0.017762145503284144,5.6666203058552966e-05
0.005492119042329158,0.01920389169080261,0.002139168185756768
0.0043693459103848475,0.01621529410749667,-0.0032525020489055922
0.005010979432240603,0.01772974496519053,0.0014266659249135838
0.004617245339276543,0.017185774384726127,-0.00032666433546735263
0.0050329401172808375,0.019061684473522744,-0.0028314262684421276
0.005091881265723686,0.01683788811617748,0.0034451105406365645
0.004681856360021719,0.017280717534268186,-0.003233685225852101
0.005799757485456247,0.018622570526114934,0.0029399993642116318
0.0040583473474380405,0.015689487331889018,-0.0039017406628036877
0.005395192652561942,0.017056492668111045,-0.029078259337196544
0.002554200000000062,0.015041699999999936,-0.09860000000000002
0.008059072951966062,0.014756672271672433,-0.05463332644562402
0.006447383412877983,0.014575236069466091,-0.08076671612858277
0.007747336679308159,0.012281465553570126,-0.059637451651604945
0.008473706955848037,0.012870126105291368,-0.07426250577418814
0.011334923953333131,0.012136303802015469,-0.06259335283084855
0.009947970095780523,0.012494650115174366,-0.07983341026221358
0.011300771192326753,0.011275337499664917,-0.08011336787937651
0.0072887456289345565,0.011707969594335954,-0.1045348574791849
0.013458341286537667,0.010804281974472252,-0.08805836819395618
0.014326812884513096,0.007491581690977633,-0.07146642281439525
0.01452953893591058,0.008365165640873196,-0.07890024297915887
0.014765736080565528,0.005989180201900424,-0.07069996393688799
0.018204075305410683,0.006149841141078083,-0.041053820981935885
0.016039564566002973,0.004008976972524558,0.011577336522228476
0.018298870070684536,0.006021361366983169,-0.0031735291642708274
0.015989293414722994,0.005021734624770291,-0.0010382347166317807
0.018081354803971994,0.005582500583247274,0.0017239493672678852
0.017452865367816983,0.005065231624407529,0.0005500006082195252
0.016434969927300536,0.004906284158161189,0.0024497674212650145
0.017742166486187205,0.005564299009413687,-0.001035482680120603
0.018138308005822612,0.00574478160417613,-0.00019473472870551456
0.017854260569132308,0.005270625795231965,-0.00259939034317086
0.01815119049494207,0.005587158609837273,0.000849680921777729
0.016688430799665976,0.005127725192378918,0.0006476681702795584
0.015723100111223243,0.004949675948425436,0.00022619269440332657
0.018607774606675953,0.005252054052769517,-0.00012941671458421844
0.017391847692315388,0.005351505591589145,0.00011052677809564315
0.01622549861309608,0.0014329992232485766,0.020792361579418328
0.019213255632279935,0.005271504896104395,0.000555175984948475
0.015908491543809244,0.004633893704397152,0.03382317811383995
0.015116337781072353,0.006111863663592065,0.0803187724448286
0.014896050724276133,0.005873458736770698,0.07301043282260533
0.01365952936779502,0.00870335931781796,0.07046020288002502
0.01232141377179019,0.0070431850669304685,0.07607214231176995
0.013206446661206517,0.00933650050739221,0.06194106455583914
0.012681747499348361,0.01003016722710226,0.0821043548058128
0.011821699174173528,0.011886117243558258,0.06920186246622162
0.011732996226882175,0.012125764744309042,0.06994744928466878
0.009452317155921097,0.013388735214121206,0.0652012242030221
0.00824770356857174,0.012202723660247328,0.07346125176890417
0.008482153286677896,0.015347536999845701,0.06083524956874187
0.007787869621519228,0.016117477395576674,0.04207527093519836
0.008811059325904314,0.018941134708628127,-0.0030368368217637
0.0064505079371128815,0.015547327864761429,-0.00017368666240269448
0.007447822409868632,0.015578031123431257,-0.0018275811855155144
0.007351987418917183,0.016067291907756798,-0.0008724158342583443
0.006551847092857166,0.01704340978796448,-0.0005400038147311825
0.008405029404097153,0.017418802215087292,0.0011400038147313385
0.007523291178022529,0.016858235576259484,0.0003374986961508508
0.007336809979287207,0.015374226245362055,0.00014062644354728704
0.006691257407374529,0.015977639467895044,0.004380687252487192
0.007806264938361451,0.01681638670743163,-0.00015881239218540344
0.007289728425397435,0.017102982254243115,-0.001862498323622841
0.008044686370614063,0.01787683101308085,-0.0003257391979401003
0.005197322775802871,0.015406220885095245,-0.013721436920651309
0.008269433235379875,0.016396381341776844,0.007684677794968842
0.008225551346317417,0.016312788803290124,0.00765000223516954
0.007452581785717616,0.017158103922708,-0.0016805614378254674
0.007629898747894881,0.0169107525963213,0.0033143682420868625
0.007158820988505177,0.016143468145829953,-0.003274938645800196
0.007398323073791957,0.017788269684047953,-0.000348383102422245
0.0075677309733879206,0.01544173205589694,0.0005020095423009518
0.007386965812810953,0.017826463550181304,-0.003237506544149449
0.007762373067865536,0.016501948727286636,-0.002439993165276988
0.007148447592442597,0.01665245053918954,0.0026066710465342258
0.008278020609322034,0.01656844682136241,0.0010385874737670608
0.007515857971351014,0.01713732971985557,0.0013123938365429133
0.007228316865619977,0.01730432744685645,-0.003161402880248243
0.006679329265376843,0.014706369099543232,0.004624996973208173
0.007388384637694756,0.016593234220889208,-0.0020106552264327338
0.0077369136123301985,0.017042986941643412,-0.001341181997952301
0.007865020020195512,0.017158271019452206,0.004441187607814312
0.007354343529287544,0.016539006713200244,-0.000749545999383372
0.006456493486203918,0.015071442571110275,-0.0016743792398612456
0.008056987045420794,0.018205798404660856,-0.0032466720708264063
0.007609300484654025,0.016456617620254792,0.003021044772373749
0.007606588276913406,0.016435289186581846,0.0015539600704939094
0.007117987546827909,0.01504086190310855,0.005102427611390459
0.007386782439308792,0.017964856814013004,-0.007294684889823433
0.007283810013564818,0.014877067998520163,0.009617252435565327
0.007707126638430761,0.017432958021401625,-0.0012411890102801415
0.0070855378556777815,0.016810366336430495,-0.004464090130400722
0.00713716641465334,0.01532718748591698,0.000961275402256323
0.007809545648779004,0.017554240223782824,-0.0021341258716127687
0.0071486234424593675,0.015425347932468081,-0.0007218703899627421
0.008374520503854566,0.0175252934912183,0.0013600095366765874
0.007358679012294811,0.015911764092614064,0.001651755746691741
0.007016247086821359,0.015008406001636443,0.0021919416908293687
0.008274189396965781,0.017675243575099586,-0.0018370429566498814
0.006890704873518949,0.01598323765381529,0.002756869354119562
0.008228729842124416,0.017897375975901464,0.00034980165710196687
0.007360487719549003,0.015522316770546801,0.002209009332617917
0.007077105032461617,0.01499365559808341,0.0009843212456319694
0.007672846363133257,0.018434874368701254,0.0010733328035348322
0.007819386765857583,0.01563650147952106,0.0025099978641631715
0.007631803403418402,0.017944130992862295,-0.003649996274717182
0.007007712294012869,0.016395378550692175,-0.0013294139096533542
0.00772915331055124,0.015934460238476778,0.03548657671619293
0.005099184395436218,0.013915011210831052,0.07269283719346054
0.004594051274046773,0.01591340508501099,0.05977502048905503
0.004684919271459531,0.01606456212578472,0.06914166737056271
0.0018852379274889586,0.015943179977260913,0.07136274989194935
0.0011862615270046284,0.014931862811943364,0.07685056224843279
-0.0005277002683028442,0.017555275926820768,0.06047997711161268
-0.001367727713365685,0.017741010026714465,0.03418453797487975
-0.0016314177741252323,0.01779163520169258,-0.0034845125433382584
-0.002932490120979292,0.01949506330246198,-0.010245712936369333
0.0017304276620775383,0.008751094835102557,0.012460706295404078
0.0021172082146954097,-0.0032541592927923246,0.028325004097811135
-0.004786349470008222,0.0018933495233020015,-0.04798235277618046
0.00036578101574491484,-0.0015453704992218764,0.010455681870990885
-1.971372345543898e-05,0.0013594415344839739,-0.004301931662842984
0.00112845502219594,-0.0018620620644723695,0.0032098494946741774
-0.00015455939723185708,0.0012683946511541921,0.003512086830550709
-5.931344724530163e-05,-0.00019187314524593546,-0.003893333757192252
-0.000658319999999879,0.00043034000000002903,-0.0018000000000000238
0.0008233525688403631,-0.0005470048158302543,0.003050029800929721
-0.0003737530128939959,7.485499687898134e-05,-0.0010000320360994408
-3.832554960947476e-06,8.64498253091428e-05,-0.0005499977648304455
-0.0001235305408009424,1.904535321556322e-05,0.000500000000000167
0.00019864586594486866,-4.615129761254e-05,-9.999999999998899e-05
3.2033502042061457e-06,8.150593803912809e-05,0.00038571379915186554
-0.00011912294295868264,-0.00010873073396183708,-0.00039340187456549103
-0.000132391858376657,0.00010106607889820429,-0.0003981924625722222
0.00031554893299379216,3.24473898771771e-06,0.0007858818095629605
-0.0001268799176639135,-3.1350997514723034e-07,-0.0003066689978745707
-5.256871866610169e-05,-0.00011121668634678228,-0.0008590475325582769
-4.715626702989084e-05,5.593638283379887e-05,0.0009428610354225153
0.000221549804220178,5.073726541054979e-05,0.0007428542234331204
-0.00013081084484767302,-6.808347481085386e-05,-0.0010266649712304954
-9.031100296930106e-05,-7.40231335394359e-07,-0.0003590502876251733
7.363293916728963e-05,7.717526119793705e-05,0.0011107197292616888
0.0001258308754708004,-7.79683754885685e-05,0.00022832939274275432
-0.0001932478632813428,6.675630354224804e-06,-0.0009709810869682478
6.98411876078886e-05,-4.008234576385883e-05,-0.00018235277618061652
-8.958240326473188e-05,0.00016358234997126964,0.0004470583285416385
0.0002348689708560059,-0.00015582916869494312,0.0002062739451611506
-0.00022860659493018076,-4.486509311452114e-06,-0.00044666603089504875
0.00015573175195093825,4.655718116891583e-05,-0.00010666624280775139
-0.0001214261932771521,0.00011409769659370683,0.0009142847411445221
0.00010981446866509259,-0.0002765215497275153,-0.000814284741144311
-0.00012806488556060813,0.00012402915404463588,8.235021878144622e-05
0.00017370484645962136,2.053103287719127e-05,0.0005176497812184877
-9.874010395050092e-05,0.0001446398028601692,-0.0004999999999999449
8.149977747917703e-05,0.002331256681917915,0.0013999920527694165
-0.002554901541687471,0.018043303168567115,0.0016505622445246448
0.00038104664170290903,0.017433847169255723,0.005184731735551562
-0.0014860218609515918,0.01657255630522625,-0.00625066951962272
-0.0033130942699490795,0.017975886930482576,-0.006127474142650691
-0.00028867820493694296,0.015330659461365248,0.0039428576294275874
-0.0014370503223108955,0.01991263558379963,0.002873335028769519
-0.001755200076294372,0.017460954709603516,-0.0010733350287694954
-0.001076992785504327,0.018418324604625336,0.0007933338631487263
-0.0010815572144959873,0.019711025395374726,0.00010666613685139659
-0.0014624068805968449,0.016777723127300304,0.0012499977648303684
-0.0010382497918977052,0.018343848379494543,0.003116671550912997
-0.0014666669359231221,0.01835520476080854,-8.000180135869783e-05
-0.0013167740829116426,0.01980738811688365,0.0006266679382100904
-0.001341813742044451,0.01730936128248961,0.0013066607327043567
-0.001490346854415403,0.01928773035217013,-0.0010199961852992434
-0.001400491712210794,0.01792139398085324,0.000700000000000145
-0.001993435057901838,0.019510099669618475,-0.0035000000000000586
-0.0010761303398569844,0.015535225215146609,0.006000000000000005
-0.001769092795965932,0.019243960161488438,-0.005379993324220456
-0.001689482940671727,0.01856784263178568,9.999427789564308e-05
-0.0015985676270768856,0.017461063930018894,-0.0018699949934892768
-0.0006770912385265504,0.01747060839194181,0.004749994039814132
-0.0018038469264967105,0.018665140152588244,-0.001752938866527387
-0.001068320295946279,0.017947368333464442,0.0031862743191219955
-0.0013363142093525404,0.01851473217580324,4.66658189823832e-05
-0.0014630185682045216,0.01699125933814416,-0.0016800012715769697
-0.0013783281948227533,0.018881512288828284,-0.0002857288828339577
-0.001246005441829734,0.019174014491351254,0.0005690615538980204
-0.0011929778327903762,0.01683562188865939,0.0010900091393148958
-0.0012292683093027001,0.018128901774623674,-0.0018600093247638227
-0.0014473948871169817,0.018035056647403014,-0.0021721490851973613
-0.0015775883459991924,0.017975453444391,0.004971318834785077
-0.000913936988138353,0.019190239464743408,0.0015874977647971633
-0.0018636836542640367,0.017385571440191816,-0.0029764750431260367
-0.0012880921587017369,0.01737624861935605,0.006983600931165457
-0.0017004265521487483,0.018494797759873727,-0.0009071354247918162
-0.0015257115806850408,0.0186163232280232,-8.665660009898879e-05
-0.0012101267001614069,0.020370728911546676,-0.0009533376778798619
-0.0014264589417138929,0.015984668810765656,-0.002442354571311478
-0.0009847443779928966,0.018107320791555637,-0.0005642934457938953
-0.0019009968978407343,0.019145892676932563,-0.0015048639326926683
-0.00013673913649103753,0.018420987761754493,-0.0074684842354706404
-0.0017474966945618675,0.01506559484848502,-0.007589976634956974
0.00037639649936682673,0.019048021671849824,0.016580950455174603
-0.0028276363805455063,0.018016897662518794,-0.011623909881814054
-0.000987937973048858,0.019426326165790764,0.003218310060917773
-0.0017890136783540456,0.01772356003675335,-0.0018006516173740827
-0.0015328020952840582,0.019358788325876786,-0.0005294307392396114
-0.002102000214571298,0.016808333432587474,-0.006795294503733507
-0.0013839807946891547,0.017585771324831967,-0.0033174119040544348
-0.0007781847294032751,0.01906582409048929,0.006395095400107742
-0.0018937639389089433,0.017890042440816822,-0.006817680635027523
-0.0008131938845759024,0.019441934038653574,0.005537500186263866
-0.0017646655169900605,0.017844094836973357,-0.002493750139697548
-0.0007922624182516991,0.016793735999319326,0.003833670275835699
-0.0019400608919899476,0.019030391272761404,-0.004506823012331074
-0.0006986592752058485,0.017826621491382033,0.006923520749477552
-0.002039125709858869,0.016687773273083906,-0.008694118059548561
-0.0007873767174388924,0.019989839098108142,0.007799995529660597
-0.0019916582701475782,0.01720194451217072,-0.007884356676162163
-0.0006917792279437229,0.017506337853183895,0.005313772251223758
-0.0004950537167345281,0.018407524272518128,0.008176470753237908
-0.0017307978675584756,0.01941465866795089,-0.005389209672310269
-0.0018432954656204537,0.017850100653489243,0.03874499913252749
-0.0002141032414084698,0.015350082860511982,0.0797624820916143
-0.00359425979734862,0.01267581899671244,0.0659102845940529
-0.003818952693379618,0.01704356302135346,0.07090932214755097
-0.006152576127474774,0.012044179149178325,0.04680069263280884
-0.008035299694119757,0.01550705204047853,0.061588865095976386
-0.01180345534976146,0.014295849441139818,0.033998942566048074
-0.012108274206870995,0.011363409575228856,0.02924194873214736
-0.003041735554853542,0.013437753027257138,0.13188468034941359
-0.007293459428432403,0.014175838418168274,0.1106832276232419
-0.0130835358038639,0.010485966084557097,0.03928988517592513
-0.013110497117254205,0.009948544711192664,0.05567977417613523
-0.010454067686982427,0.013059364853427402,0.10300485064765574
-0.010443554335934024,0.015452021851199316,0.1331833728492522
-0.015284472081952494,0.008796814952832799,0.04301999936421641
-0.017045311034001642,0.010305400858341862,-0.012508227233620328
-0.014806137308151612,0.00904544033513055,0.008782344526486963
-0.015682869368866204,0.008826670032218598,0.0035391998985421225
-0.014875739537781207,0.008822281351208217,0.01443729799615312
-0.014459296591254223,0.007860480656651347,0.0042825124505609935
-0.014188689451819947,0.0089823987482478,-0.0001648908832421192
-0.035920448058542664,0.010451358794540733,-0.09427349630969095
-0.016388633921202267,0.01837587998806578,0.09418533966289777
-0.014994449020353073,0.010770153684751094,0.00879404559957253
-0.01699738207088064,0.009129178804538451,-0.003900008414793543
-0.01500454866362766,0.008345147172243994,0.009405886521859586
-0.013964835494384431,0.007873826514512627,0.007330001827852595
-0.013855629859444996,0.008353973703581152,0.0025699964833179045
-0.01874106398294062,0.008859064747250178,-0.020300006258451297
-0.01664665704441104,0.009626226151123518,-0.006629411946246222
-0.018103889246694926,0.008134468189499033,-0.012355201632626045
-0.01643694726369027,0.008635435315262452,-0.008115381652789466
-0.01635199241039542,0.009499939982516192,0.0061933322737028895
-0.015055474931255919,0.008770936352221037,0.0023933306842560675
-0.012576689089354609,0.008895706221396571,0.011225092508150514
-0.016248956820416716,0.008705983638989778,-0.0017317621418890816
-0.017650057494490223,0.009744437265367,-0.005894284877353773
-0.01589442925408724,0.008157196539509304,-0.007485708446866468
-0.014068634165143479,0.009204810657235996,0.007266669315743268
-0.0157601358105679,0.008005711548429328,-0.0050166670805738
-0.017261136946436384,0.00992978165992886,-0.0004833350386790336
-0.014743419068474317,0.008690201131624331,0.0029266618983201376
-0.015041808126837974,0.008312306216323506,-0.002559958674402285
-0.016610865882539905,0.00932223878645777,0.001216629579591899
-0.0172506785081743,0.009805657901907683,0.00015714577656655848
-0.014259556263614748,0.00831370675782539,0.0014616050616216292
-0.01686328270611126,0.008619835829941636,-0.004768750838188396
-0.01623028252209968,0.009608949510325537,0.00550000000000006
-0.013876100000000058,0.00739920000000005,-0.006600000000000161
-0.017761253632492924,0.010422497903610495,0.00032857118528628604
-0.015649798762884526,0.008014509938866876,-0.0038285711852861226
-0.016178211034065804,0.009844850545162931,0.008686667514384627
-0.016095144182054266,0.008599204855739728,-0.008692917048724436
-0.015391650157460468,0.007545704354056326,-0.004358458822952382
-0.01577910930407711,0.011288875815104404,0.01611804539933326
-0.015920611669011375,0.00702684877479598,-0.012109590301663697
-0.015133847634811293,0.009678283525927256,0.004596251670176521
-0.017587368315359342,0.009186327608198042,-0.004202505674855139
-0.017078838675024244,0.009019359668286153,0.026022456402026606
-0.012886490698944097,0.007554459000587599,0.09010006294225636
-0.01554441789544736,0.006501017594449543,0.07085539341464431
-0.013977714623547133,0.005714486759112791,0.08052468097261478
-0.01588114341481983,0.007696673656101716,0.11205991353275913
-0.014918062088551842,-0.007005160408398048,-0.027194049338737702
-0.009593818300862367,0.006557694525858526,0.08894074567506438
-0.018030779610585856,-0.00044325411746060084,0.05147330084325974
-0.01695970830287674,-0.0013622681379463764,0.060438810989719816
-0.01703843169712327,-0.0017681118620531677,0.07694118901028002
-0.01788050253846274,-0.009067987593790239,0.04121763319916383
-0.015893704971670086,0.0018863008799701042,0.086809066316055
-0.011207346817997621,-0.007238060735078822,0.05024011232316372
-0.018258611796671875,-0.0027737824750233564,0.09281503787009449
-0.016308533875197817,-0.00664417007607776,0.07771815029152274
-0.01403597797007139,-0.008518783707557986,0.07440589175770995
-0.013030713888656287,-0.009851902306683868,0.0748607674914239
-0.012997585068684092,-0.007844381512905674,0.06953336242544417
-0.01772062307258837,-0.007702532472852575,0.11999997832542197
-0.003233042255423868,-0.015213753532544061,-0.043013367241516054
-0.014561547978864109,-0.01241191120026608,-0.07888664547425472
-0.010449409765711959,-0.009588135267189823,-0.07629998728422915
-0.0135935168017709,-0.012759173225477038,-0.08765715940054486
-0.01441001504913908,-0.005641493129128428,-0.07577622691432451
-0.010386618064943232,-0.011537058597711258,-0.07179010184848744
-0.014517053967323612,-0.007572251024437815,-0.0746390241298931
-0.015223448849527088,-0.004617744847053906,-0.0027140048238418757
-0.01667987686368555,-0.006253936352622169,0.08819079845224165
-0.014141121758612929,-0.0070878768112248025,0.06896337635114635
-0.01228676604874046,-0.006552706815777576,0.07292273568597718
-0.015541282596256867,-0.009039459196567012,0.07829960662772661
-0.01258389003859417,-0.00924150167041704,0.04326250130384901
-0.01623868996140576,-0.01060257832958289,0.0015774986961507587
-0.01264592859745095,-0.012083289862033997,-0.01036000667577941
-0.01241139140254921,-0.011659730137965951,-0.0057799933242201895
-0.01597137980926666,-0.011435480572200785,0.0019066661368514204
-0.01528082209807824,-0.010835870589342544,0.014343334608204916
-0.013100888435122027,-0.010685639969397975,-0.005150002448024882
-0.014582464220327385,-0.01193601820773682,0.0007312513304347235
-0.015141513667153994,-0.008054313144246983,0.018086366742111615
-0.01709183177005169,-0.010995177517075128,0.011882383630422044
-0.011809599999999865,-0.013555299999999937,-0.013799999999999812
-0.013692606337742053,-0.010452073818773444,0.002352940268992576
-0.015225621132654688,-0.011316588616257839,-0.00015294344788507885
-0.01464544577880078,-0.011260909405894415,0.0034666671964398432
-0.0134326267508027,-0.013680628159074226,-0.018566664017547474
-0.01326346402708456,-0.012146742907779062,-0.0024000000000001798
-0.014580474950237843,-0.010123539255664449,-0.0005823555811113046
-0.01470070102267762,-0.011264217836556734,0.0003623555811116397
-0.014039632397240709,-0.011412754150109672,0.00024000190736561677
-0.012655934438280614,-0.011270176065586224,-0.0017905898126726605
-0.015427593164478726,-0.011628569784303933,0.0037705879053069324
-0.014203528828677037,-0.011129842426792269,-0.002405879053068549
-0.014237765223521048,-0.011435518767854536,0.0009392150355207463
-0.01506740594780176,-0.012980638805353273,-0.0019333359824522667
-0.015287575375910079,-0.011742245586038091,-0.0009000000000001229
-0.013950290900812456,-0.010727596051091304,0.003140003178892403
-0.01290212132407964,-0.010450315638160568,-0.003540003178892359
-0.01416869164580059,-0.01218186779663255,-0.0028799984105538634
-0.015213552466529556,-0.01195750559215858,-0.001620001589445863
-0.014827123506143236,-0.01113857091509507,0.005970588895277462
-0.014650497007573815,-0.011307837393071729,-3.058825948887289e-05
-0.012992086696124838,-0.01167402669358153,-0.004733334392981181
-0.014136416885126568,-0.01088802085831686,0.002059995125705427
-0.01384973299813641,-0.011786481332230148,-0.0005966592227437673
-0.015083727488781395,-0.012798670566432913,-0.005264116080471393
-0.013826327177022701,-0.010887604573979859,0.004594113934702104
-0.014971696527958711,-0.01137421700321073,0.0034399999999998876
-0.012600855863446059,-0.010395109793917223,-0.002202498323622404
-0.015415704354308168,-0.011866297975295259,0.0017558353656634829
-0.014273360283206582,-0.011155040656800397,-0.00030510092294377955
-0.013057373827895624,-0.011863670111696756,0.0341118036170549
-0.010970314104386203,-0.008020741021214084,0.08137144357447479
-0.009580535080146113,-0.012539665957177037,0.06028477590944803
-0.014529991181252422,-0.008780812022688211,0.08930525638715814
-0.009459625305358932,-0.013465542461211122,0.07263848439276721
-0.00846979999999986,-0.012442559999999991,0.06449999999999978
-0.0090813934722489,-0.01679500697596792,0.07787994468815551
-0.006094147994031962,-0.014986675724985687,0.06879147050258005
-0.005210773702786442,-0.014999639530929976,0.0639873719570705
-0.003972768453280429,-0.015019417672749613,0.0747411492743506
-0.00354823684686445,-0.016487392774897414,0.06280008265149917
-3.25294533030096e-05,-0.020725855076127342,0.08964993409471678
-0.0015732570504956023,-0.017974140505142344,0.08468203165758048
-5.255804529147312e-05,-0.014105271157176524,0.06436506100563921
0.01679086501830218,-0.015323800582023095,-0.03941173583159241
0.00317378089376974,-0.01440298440000598,0.0778499396504202
-0.000494501486960397,-0.014572182017643653,0.09035011439160545
0.004880230286651077,-0.014378054883440461,0.0791284984102898
0.006710665812478922,-0.015583694012431204,0.05188326752720851
-0.005337998600591032,-0.0192179038790401,0.16097141931158365
0.0038110230946515333,-0.013912505807438524,0.10581676070889223
0.010586205170468155,-0.013816579439323018,0.05904002543113762
0.011171734829531932,-0.014941935560677022,0.05453997456886217
0.012694667158184236,-0.010013341786180074,0.047490600115002835
0.011489392841815826,-0.016120618213820048,-0.017470600115002455
0.01381155191416883,-0.01242233906675727,-0.003128555858309845
0.011784353267941139,-0.013551242235572136,-0.01118321082752427
0.01060989598398221,-0.014228766128149495,0.02135721827566428
0.013382424805456594,-0.012179851719167356,-0.01972545635816836
0.011131174028451207,-0.014309900850353774,0.008380004768338445
0.012518500000000099,-0.012794799999999995,-0.004400000000000404
0.014139106204923202,-0.009028239732967736,-0.05167501937175878
0.011354984542911062,-0.014006259243428909,0.003881690276949179
0.012843244021298661,-0.014023795349280777,0.0025533306842557835
0.011131435020313996,-0.012842804391335116,0.0008525004594597263
0.012940596613822741,-0.01399225596282383,0.0016017826922389844
0.011561950437536384,-0.012854545303333964,-0.0020907541744090707
0.013163677834549636,-0.015137561005464928,-0.0011901998824788151
0.011685767804208158,-0.013659623265451781,0.0012238082803204264
0.011120531565855352,-0.011283924150276015,-0.005882131513899935
0.01039114219251136,-0.020319073905805007,0.06927503427062476
0.012997218696644275,-0.013437228407473523,-0.007232404314740926
0.011485748113512217,-0.01351797895150697,0.004943902042509052
0.012635285409355435,-0.013845037581904363,-0.003028208764813911
0.012089566385881767,-0.013928670153579126,0.0016095269451712468
0.012342743897834296,-0.01429916252702168,0.0015838100968696978
0.011724281258841396,-0.012575680068346196,-0.0015466677262976347
0.01187667260844294,-0.013471162467627251,-0.00041750167637655267
0.012003284094039834,-0.014065734136308294,0.0009175013584830083
0.012207228857399777,-0.013837803028902362,0.00035999554955612467
0.011635196293411365,-0.012731160818564846,0.0002466645474052953
0.012838562669867049,-0.013953944395327489,-0.0037866597790676693
0.011875558656191831,-0.013151932008488187,0.006287500745068009
0.012058589355019134,-0.013608576669378203,-0.0022674975661756136
0.01214695563220225,-0.013367741894619756,-0.0005199968211080375
0.012043452681356648,-0.013551874401127817,0.0012823478208616734
0.012307856082848456,-0.013290699702027231,0.003384307189867819
0.011137997551641021,-0.014030971272545933,-0.011149019754556733
0.012877847540944565,-0.013772733948784421,0.004529024522893721
0.01199328798210475,-0.014472331392084925,0.027200444082915887
0.010015678397823358,-0.009617554170231246,0.07599992146193024
0.012881188538123922,-0.011105359998818565,0.06483871763710436
0.012339966267029823,-0.011736559899523158,0.094385626702997
0.015253618877580699,-0.006806437772443608,0.04786397171953105
0.014306154156671358,-0.009444247764047842,0.08611432444844347
0.014551102049010112,-0.005386092034674883,0.05963778087096561
0.014929888260082347,-0.0008654250387011286,0.0129216567643482
0.015491344635532478,-0.00592354782069926,0.08422164614454264
0.014700278923891918,-0.00510524373361354,0.07792803819050498
0.015411711107889303,-0.0015334844044077034,0.06532122014488095
0.017510337391215547,-0.002682072866623808,0.08322624417000402
0.015149565424011247,-0.00013186707979639944,0.04352227986731183
0.021603624830467627,0.0024309797442589876,-0.017948537070753723
0.015385816272151409,-0.0013160099956216476,-9.177777466984338e-05
0.019376147433565638,0.0004593682657457743,0.00862714531796982
0.017997645607400248,0.0008167956936948606,-0.009968307681404553
0.018310106940816695,-0.0008676351381203817,0.007432940138104804
0.018437876756812965,0.0007221132082992909,-0.007939998092685308
0.01749682725774182,-0.00037111868830674855,0.0048717605370285355
0.016825048053378477,-0.0005779943422701272,-0.003386762598336368
0.019917502813333154,-0.0002004000283121199,-0.0006250011175845671
0.017256720771917422,0.0003947879416013045,0.0028411777905565927
0.018622599228082848,-0.000840367941601361,0.004578822209444056
0.017080249850907503,-0.00010787953841751019,0.0011799936421139634
0.01990533014909257,0.0003077595384175513,-0.0032999936421145293
0.016382589128065117,-0.0006271720044277451,0.006471432220708451
0.01828486543064889,0.0011277543333619855,-0.010024373892166594
0.017494474248864744,-0.0008131627561841492,0.007572946757766985
0.01819737119242104,0.0011301804272498828,-0.010920005086308748
0.01879402703540345,7.42845154368954e-05,9.998807962841028e-05
0.016756672964596486,-0.00017118451543685076,-0.003739988079628276
0.018873655851004312,0.00024990572197902683,0.0002576483787732897
0.01870538699094304,-0.00019505171838440916,0.0021746598778378257
0.018415467818815756,0.0004829746714734018,-0.002478023515465999
0.01614444623586131,-0.0003338107431437587,0.0013445360658330685
0.020422442593163392,0.00022358860705684602,-7.215308068087012e-05
0.017267706651608705,1.611742775242675e-05,-0.0012866677262968196
0.01773892616220918,0.00018303314401046933,-0.002700000000000813
0.018228638017785403,-0.0004542373345416406,0.002560005722097358
0.018337695251367858,0.0007537684993501603,0.0009341096150512485
0.02090873442724117,-4.73882755525068e-05,0.0007058846628513749
0.018475776701690982,-0.000969499991485212,0.004085713799152124
0.016855084199231207,0.0007987013847409186,-0.004185724229943233
0.018621431644575637,0.00011493215200375495,0.0331666272948139
0.014826917415719176,-0.0015266122272699079,0.08851341937592405
0.015649915357653033,0.0030472894580266807,0.06286949290536281
0.015164183330652836,0.00247280488474666,0.0802219439473344
0.013763587631154817,0.0034510703277035315,0.06366601070237632
0.015121614901253189,0.005232858235394655,0.07342257437963084
0.014145221397998675,0.005292357144662807,0.07369995422312758
0.013828621799909069,0.007622108433170238,0.06378702002677006
0.01540684562016148,0.0086352501983058,0.08623296757545162
0.012847543282284324,0.00904329199708298,0.06713181420397163
0.012908616979342646,0.01084717612225461,0.06945482120309165
0.009703172306123165,0.010670588871841025,0.06719997827806701
0.011750993637318352,0.011138756390025595,0.06652163645862252
0.011032191045190043,0.01365000551730966,0.07492511391887113
0.00973008274974152,0.013488321101486123,0.08318663593737607
0.007924819433964725,0.014672103172377104,0.06452942512937732
0.006385029308763279,0.015819669371095024,0.05890393151620277
0.004272146173334157,0.013436759052673941,0.07247841565011548
0.005811625793220809,0.016414259549733856,0.067213183746623
0.003519356590247824,0.018612132287323613,0.022508334905785965
0.003662721398999036,0.017247848192511683,-0.0029274118950359806
0.004467300494018556,0.017182718986867074,0.004734124761663239
0.004189693649267134,0.018674362007924605,0.0025011697684265144
0.003927567821947697,0.01835057206875146,-0.00162117485473523
0.0037218593362369212,0.01756723531074167,-0.0012399987284235081
0.003916955916861475,0.01692004670098035,0.0016258833429168007
0.004246239516659589,0.018230427535688154,0.0007941166570839542
0.003600335666712695,0.01896779477894106,-0.005976472238194752
0.0037392236307520754,0.01734496620969428,-0.00024353253014375298
0.004583486004708703,0.017913734073061294,0.0014914420980387533
0.0036952272087114046,0.01706831060177927,0.000805033506028785
0.0037853620555940992,0.018131060099855434,-0.004126470835729812
0.004139349999999542,0.01870600000000011,-0.0011499999999990962
0.004295231146920653,0.018245822361999453,0.0014588227869394288
0.0039419038150909635,0.01756871850966668,0.0032611759414828967
0.003415135290032456,0.01740751271995511,-0.0016628580608477606
0.004509561950133634,0.01650797859784081,0.006462864100763355
0.0019894309147261424,0.01783816632281643,-0.0054533433998260605
0.005830358026244209,0.018869408080848693,0.04106670163495263
0.0016948788568522666,0.014700193406872897,0.06236663699653544
0.0001654932135557452,0.014191060068119876,0.07659287295640294
0.000570669837599791,0.016129011120543213,0.06730707786986478
-0.0006081630511558522,0.016983028811336842,0.0820000491737316
-0.0014762410207143084,0.014661101938207466,0.06732937744554945
-0.002169358979285274,0.015110838061792586,0.07707062255445152
-0.003853020000000207,0.0185187,0.03275999999999968
-0.006410446357656863,0.01651278746728746,-0.007048229106770165
-0.0059732974044126586,0.01777462368302829,-0.0015617410922992292
-0.0033210612379308557,0.016818548849684145,0.006199970199068261
-0.005747497113419264,0.01791560348092669,-0.0012857135558572708
-0.004843926784299679,0.01737274747671469,0.0026890458295607544
-0.004243702557376494,0.015942065883616907,-0.0015658328324956727
-0.0053564485449042465,0.018239683158741915,-0.001787499441206819
-0.0063297247448899085,0.0197966744222271,-0.0012466700575384237
-0.004134613691087363,0.015505728264446628,0.03317168607625298
-0.003407739244666086,0.015351385091880942,0.09343491817717187
-0.008053275835110618,0.015323231867118814,0.053363106188516696
-0.006506544999035135,0.013423960810969193,0.0628946545232445
-0.007621401485210733,0.013642819543357332,0.09308230509235216
-0.008962182085860526,0.013981744889657088,0.05530000298022664
-0.009499278787937548,0.011730849900933427,0.0829999433759685
-0.011091568841486765,0.008980110798410212,0.03305003874245216
-0.01196249762017132,0.011821986897991188,-0.013514690651009076
-0.01433987266454384,0.014149307513007914,-0.010835294447639754
-0.011810620449350218,0.013710214343015004,0.012594116657083987
-0.013377862494103443,0.015280133860451794,0.0029823517037392833
-0.013153005282848351,0.013443933124107188,0.0024882315816761036
-0.01245836177369819,0.013490318672426005,0.0008353000575027636
-0.012736508949362069,0.013091947640303525,0.00042222207504849507
-0.011798680492742353,0.012375688750064562,-0.0019888754963321986
-0.012596324981041462,0.013580649969692216,-0.0013583519431410451
-0.014002999701785424,0.013333986457352953,0.0020367720502569853
-0.011893170073909332,0.013189910246706349,-0.00033676705836072074
-0.012065157201240684,0.01257174431481256,-0.0005867635083749434
-0.013665735121944245,0.013560440479362779,-0.0038529430739249193
-0.011768017314244261,0.01314309162195415,0.006817337080812891
-0.013550610098373994,0.0131874698138843,-0.004052627145759047
-0.012069332056661608,0.012624377484908189,0.0027599998807996684
-0.013149327745844541,0.013218095306424926,-0.0016541139082466572
-0.01205767851277173,0.013526301607033941,0.005744095401034599
-0.013951732339748446,0.01361192875994166,-0.01009736928580196
-0.012146566433888673,0.012419133733911458,0.0013223853045172262
-0.013407250172107865,0.013797412448405044,-0.0022000014901131237
-0.011359846043478505,0.01249253199858602,0.003607351336365028
-0.013160854941486555,0.013673130317943816,-0.001882351708895058
-0.012811392363787366,0.012903688231328259,-0.0035499978476067895
-0.013266971471241007,0.013971093445752647,0.001186846198132585
-0.011732642687760197,0.01274736727808623,0.003974918422956719
-0.013386005880975826,0.013031034992415202,-0.0026484309168868236
-0.0114990753448736,0.012263772224232028,0.0020033111075719034
-0.01362957368789619,0.01389017731831399,-0.0007523607329087412
-0.01130363611608498,0.011914765984652353,0.002144543078161476
-0.014143420266748752,0.013995419573931134,-0.0004588278193065065
-0.012125740000000107,0.013253939999999798,-0.000700000000000145
-0.012122123185123623,0.012041174859935833,0.00025004172130138613
-0.013350714708860512,0.014004964022683808,0.0009166323627809447
-0.012381127539448311,0.012531850075769402,-0.003043140712414072
-0.011340714566567822,0.012227951041611007,0.005796466628332553
-0.013521136307975912,0.013533296581683008,-0.005619996821057072
-0.01259098369202416,0.01258176341831696,0.002199996821056871
-0.014192149855357883,0.014499976609339882,-0.0014466573417681872
-0.011792852723775837,0.012282231916247888,0.002281953191872077
-0.011718935205779157,0.01238372890010453,0.0037847028783186687
-0.013903429331270978,0.014028118128704303,-0.0063949931404998495
-0.012279811553110864,0.0129034697261452,0.007348327851374847
-0.011928018905210447,0.013116200176026549,-0.00042000116559393064
-0.012232028673671458,0.012165741815954867,-0.0001827443683968255
-0.01299373072324439,0.01346252964231276,-0.002510586951624205
-0.012059743028578929,0.013985903085164342,0.0052899990463171065
-0.01274339875320818,0.01257162845602533,-0.003573533371667992
-0.013433621246791816,0.012998011543974286,0.0015035333716681976
-0.012449929999999831,0.013496609999999798,0.00031999999999854367
-0.011750461143991142,0.012099413552725924,0.00042940829979265516
-0.013907542563057262,0.013964334529088074,-0.00017941046723279896
-0.012340108830292351,0.012680540804347995,-0.00022646866828779366
-0.012675031189016028,0.013105154735289837,0.0015764708357295376
-0.012285931273643413,0.012804506378548464,-0.0016750000000005372
-0.012956711647841068,0.013232161572963363,0.0016562499068690784
-0.012502163352158924,0.012996438427036683,-0.0017812499068696752
-0.012910760620170159,0.013378884077808628,0.0009647055523629433
-0.012488411513218,0.013050001388065446,0.0016352944476381026
-0.013444456373326918,0.013220656280926946,-0.0018999999999991246
-0.011564904826617983,0.01246339158653198,0.0012999999999987466
-0.012321462333767741,0.012745262244757694,-0.0011199987284218338
-0.013036704332899163,0.013276504421909419,-0.001780001271578513
-0.013434213320617783,0.013634207622399863,8.235277618240389e-05
-0.011892878822625352,0.012380264485556847,-0.0021823527761828387
-0.012689385256820618,0.013372863626764708,0.0033166693157440363
-0.012413483776885226,0.01242057276562214,-0.0042637276442842875
-0.012833579640026294,0.01369871323533145,0.00398706468632426
-0.012386445148552028,0.013293717771778901,-9.882716476106168e-05
-0.01265189574629666,0.012804384403923397,0.0004445329031614875
-0.012953179064905562,0.012872725479318614,-0.0015634910513604439
-0.011995389223270259,0.014160200609303786,0.009077778955177251
-0.013456781825479158,0.013066842618612462,-0.005706662957960518
-0.01184385259836862,0.012237266978460948,0.0012566651931305017
-0.013197525055759218,0.014081150116185714,0.0022300006258788585
-0.012796570520393402,0.012544810286740926,-0.006960002861049475
-0.011793219999999938,0.012898779999999999,0.0040800000000000836
-0.013446262021171496,0.013887242155959267,-0.0006133324856136824
-0.012251802262307265,0.013240122209476013,0.001988332858141817
-0.012644813343122507,0.01234169961078635,-0.0034683341297192527
-0.012990251129656905,0.013520339797123526,0.00031334647276004546
-0.01183791109339749,0.012292318493599907,0.0025446956417223277
-0.013352531365475873,0.013393146484545149,-0.004164724251751295
-0.012313548102694583,0.012729425115204585,0.0007750132867627713
-0.012914840682173523,0.013899426133305415,0.0019250026076989002
-0.012687530806002378,0.01186067695569859,-0.005781251396982157
-0.012296255965038139,0.013738110981995177,0.002487922302170986
-0.012673253228959735,0.013088192062305826,-0.0005066709051906315
-0.013604219121253314,0.013585403896458015,-0.0030857152588552594
-0.011420879089225844,0.012366459034093058,0.002044539448242233
-0.012176192650928064,0.012242647745843271,-0.004698826096737108
-0.014790769655162572,0.012666283528485422,-0.011226664229500471
-0.011114982278263463,0.013533986826774314,0.008931388518798045
-0.013380436632966175,0.014583891439139851,0.005255274439161184
-0.01140953472728512,0.011717753484635995,-1.9996821109202756e-05
-0.013244313342332559,0.014011934712137908,-0.0007666661368492811
-0.013485972502582877,0.013858239332432465,0.0015666661368509693
-0.012639372137010163,0.012945658485257638,-0.0017666693157423197
-0.011920303426457224,0.01310150995419912,0.004486668044163977
-0.012728966475436865,0.012964344196757516,-0.0024552931760606356
-0.012688977961095693,0.013168687363785736,0.0005952944476383948
-0.012801980000000102,0.013557999999999737,0.0009399999999999409
-0.011229500000000003,0.011176000000000297,-0.0033999999999991815
-0.028523141269967356,0.0278798269808469,-0.006186672494635559
-0.011572930015953276,0.012111096868079319,0.0017337280182463388
-0.01279969697361616,0.01275006661428879,-0.003454197894184219
-0.013833558354413134,0.01426425884670035,-0.0009150807346749446
-0.011597173386050041,0.011934250690084358,-0.0007777768947523356
-0.013990906129001335,0.014388887195218913,-0.0017599961852692303
-0.011228048576483518,0.012112389809165514,0.0031766630726952627
-0.01340543351317991,0.012963211733694635,-0.004030951628569923
-0.012481811781335228,0.013339911261921245,0.00021428474114415508
-0.012538111749185399,0.012564698288166198,0.002140001589445717
-0.012466788250814487,0.012595501711833545,-0.0006400015894456601
-0.012490427464274534,0.012385664681339392,-0.00033749869615107286
-0.012197500339905964,0.013258196040269343,0.002004164833001809
-0.013229234655685262,0.01348638239439115,-0.0020666661368515804
-0.012375337540134312,0.012731756884000411,-0.0005000000000006111
-0.012845407842302592,0.01317056551941409,-0.0008714271117149508
-0.012328703698623489,0.013527745944025948,0.0019839276705084785
-0.013299976713067263,0.0125576160684151,-0.004390277453545366
-0.012513048624920753,0.013546129358502856,0.002077775305281193
-0.012139890001236164,0.01344654621354735,0.001250005314755498
-0.013810557698798798,0.013177494480097973,-0.005830004996861149
-0.014722241303590788,0.013549554909042971,-0.0018400003178697943
-0.01241878457845047,0.011791680955756334,-0.0026388248273931936
-0.013435989539009707,0.01375736655119697,0.002758826416840776
-0.011375762051217153,0.012746439474644156,-0.0027117665208127306
-0.010961199537679267,0.013688545624130022,0.009054605417269102
-0.014241879055475248,0.014277952733822818,0.02312386008946099
-0.007531455403480436,0.01082812948013867,0.09240390533648224
-0.014170932834890682,0.009346905907425818,0.06514934703900366
-0.01278877111725718,0.008891026779838551,0.06538004863859648
-0.013819633117623908,0.008220766982851124,0.07270002043561874
-0.015592109359070738,0.006914864359685247,0.07075999434634817
-0.018458395085676704,0.007142628322660105,0.08741145028163899
-0.010896726628476072,0.0035889112406559676,0.08152268104525362
-0.01674920259767676,0.004126322156215334,0.06493904947248019
-0.01514796717413347,0.004981453542709513,0.07672309940145006
-0.015757256806091746,0.0030010492378074183,0.0746436543533644
-0.01626464993920118,0.0004169032339325085,0.07946674523987696
-0.019441039733264942,0.0009528309292328174,0.034392136032723286
-0.019234768754159415,-0.0025666712025551597,-0.0026587380661933224
-0.017302617714853197,-0.001612646687294994,-0.0048059787058925
-0.01859570804328059,-0.000927980067898293,0.0036392140271743756
-0.019775277000774416,-0.0015856254870332265,-0.003858331801842141
-0.01805625657150567,-0.0019008407451850395,-0.002574997292967396
-0.01872723138583643,-0.0004060194890516122,-0.002060004132601989
-0.01667972255278727,-0.0007887639136492375,0.0014188275575293119
-0.018410097064468056,-0.0012726764207751096,0.0001811724424705119
-0.01855883627747379,-0.0013440631599026531,-0.0036505204704475602
-0.022054976027071627,-0.0008352350647817808,0.0015505246030489417
-0.01612099146264856,-0.0013086485050388674,0.0009658817534710096
-0.01824133670392536,-0.0038455192625841406,-0.0072658833429191105
-0.018285690382989883,0.0001407503439758706,0.005241819364069755
-0.0220846389836159,-0.0018335304902046268,-0.0031084775536882603
-0.017875882247476715,-0.0009767527266948406,0.0026133259159166755
-0.01689340379368709,-0.0015761324053547021,-0.003499168285088672
-0.0173934146078073,-0.0008205611698883786,0.0024191668015998147
-0.019288951122466536,-0.0013632077296921175,-0.0042000016954020225
-0.016437355820292487,-0.000768499763251107,0.0018620873152634942
-0.020608831067890354,-0.001830803265974179,-0.0017687348326962393
-0.01818540728331841,-0.00014527003602138322,0.0035333184226207237
-0.018754831579224196,-0.0011965515237823965,0.001006668362137475
-0.017141122868744918,-0.0012510457423191568,0.0023717572612405036
-0.018449410628324392,-0.0017782173572000737,-0.005095089773419659
-0.018303062557325278,-0.0007870015898889804,0.0026833273728925633
-0.01879541557547293,-0.000624096608870861,0.002033332008812394
-0.018831989015457906,-0.0018313873745121612,-0.006099996291276
-0.016427943430714964,-0.00087101195759276,0.0003466668785954141
-0.018649309754319332,-0.0003133143680948969,0.005588743606159241
-0.018593934995989825,-0.0016853286802609446,-0.0010687448777364494
-0.018239283372075143,-0.0013414068459249862,-0.0038571423705722196
-0.01829394091280645,-0.00018653070844720787,0.007177142370572653
-0.018866389613762302,-0.0016433332105783016,-0.0003123155925610632
-0.018894446740048476,-0.0024392744004839706,-0.00990769235466793
-0.016786954930426923,-0.0003204969374137612,0.006811783047856679
-0.01920156396364814,-0.0013061462420935754,-0.0011294167145834422
-0.01855907475211427,-0.0013473392094303094,-0.0015323583860435974
-0.018403599399703596,-0.0012786922421277325,0.004564286200848144
-0.01776075788364362,-0.0013351490798414467,-0.006514250439732194
-0.019770262064185085,-0.0011977893901029546,-0.00023337439260373571
-0.016865617784846354,0.00024382207919559917,0.04074509690252803
-0.013705223527890442,0.0015346525666259936,0.09358826855099522
-0.01739760471945556,-0.006435752235558034,0.059119959190615745
-0.016056284620275307,-0.0024015416981915116,0.07328001398734862
-0.017828387810538027,-0.004916730159739036,0.0739799698005239
-0.008091076098922678,-0.010482745949277561,0.05099504249290909
-0.008090414412807556,-0.010091394015327548,0.036448125292306344
-0.013697221677731741,-0.009163809875655904,0.03163686241425978
-0.01720338258723214,-0.0036473892443620315,0.12616354846852929
-0.009806599953639805,-0.019027323964084797,0.04559079076852868
-0.011929099933907894,-0.011923151433851142,0.08054191700279034
-0.013150256202234145,-0.009130884994754673,0.07765802228252738
-0.013549643409386636,-0.009367231506121954,0.08098815486763478
-0.010111458540220941,-0.013557300032371877,0.07534466701249798
-0.00914168723734532,-0.01753011566749052,0.08130289363710297
-0.006564813106246403,-0.016343465831089254,0.048243346075468097
-0.007316722805830789,-0.013544352052816233,0.06277329961895006
-0.0044393393011724624,-0.014560601210368507,0.08551343147428625
-0.003949361960720155,-0.012157154155952643,0.08509645712850045
-0.0023227935587935566,-0.021565658157757905,0.018409175001059097
-0.004095141403269775,-0.014733491748978533,0.016534296662124248
-0.0033142357763940034,-0.01433895550880715,0.005680000000001684
-0.0024639433109315267,-0.02012905971197032,-0.004279998092634685
-0.003048620912674438,-0.019372084779222032,-0.007820001907365537
-0.003078638026512426,-0.01776926084814212,0.0016733350287694293
-0.003087266234314212,-0.015864704195028168,0.005390960538404599
-0.002743483638190547,-0.01741362800300328,0.0030968159854491972
-0.0033951442936236975,-0.01787043154255752,-0.0022277808683668354
-0.00281632259325737,-0.01968413490200227,0.0002066731304743996
-0.0033840634363364597,-0.015278983782340827,0.006148232304365564
-0.002851067574249383,-0.01773401033343669,0.0016050976380963533
-0.003364394203515919,-0.01845612639348948,-0.006313333757193007
-0.002727042265230545,-0.017250021267810833,2.3516212284135918e-06
-0.0031157556724397406,-0.017035781242407122,0.0011890754904886336
-0.0029698807238353886,-0.019564468852959482,0.006263866840935606
-0.003421893619385691,-0.01720683552368385,-0.0029686251666909413
-0.0026160127671893685,-0.01972234535982098,-0.0027133365122580244
-0.002942010433598319,-0.016029909631456007,0.000977916888107444
-0.0033961250598740778,-0.01753899029999495,0.007597322023475073
-0.002868693753405982,-0.019424696347071002,-0.0017285711852856878
-0.0031703257050408884,-0.019583991474795504,0.0003799999999998249
-0.003018723491144404,-0.01724645516008172,0.0016057152588544454
-0.0030174305421447334,-0.017094503921710746,0.0031642869763146564
-0.003171427974213159,-0.017562794938298598,0.000683332157811023
-0.0042421028828950325,-0.01748471668016016,0.009543132235350527
-0.0028352804587171154,-0.018816648306901662,-0.003805036110620108
-0.003778072420678291,-0.017437164758110413,-0.0010571460198320892
-0.002362399405846899,-0.017489106684900335,0.0009357177372901759
-0.0031597428243603787,-0.018424389549836384,-0.0006500022351687562
-0.003252549999999993,-0.017902449999999792,0.0016166666666652674
-0.003610387826521011,-0.01955126542565111,0.002420832029486064
-0.0022794164348269863,-0.017158248258897668,-0.004206729324303993
-0.0031921360721707537,-0.01925808250475436,0.0011470048738271288
-0.0026865549738973593,-0.01619849210448132,0.0022634085771677803
-0.0032227289673991133,-0.019795735170413664,-0.0015078521385856192
-0.0020091254107709178,-0.017578046038402295,-0.009433326213917681
-0.002389299306689019,-0.019289138616419343,-0.006466670077358572
-0.003009421007724833,-0.017572641880980733,0.007606665607019281
-0.004247627125646886,-0.013401912902682778,0.006271749856246345
-0.004353102874353115,-0.022413037097317012,0.025488250143753888
-0.005064700179558623,-0.01726897017315121,0.024849999254943356
-0.0005950498204413679,-0.0158197798268489,-0.02274999925494292
-0.0032235272657913927,-0.020687056925326797,-0.00175332994246169
-0.003538635768022075,-0.017357073457686667,0.01074156746402366
-0.0020528369661865498,-0.017354869616986512,-0.00988823752156165
-0.002621278967224361,-0.018412588275388053,-0.00847647223819692
-0.0038417610327756424,-0.018683791724611876,0.01251647223819674
-0.003027238052579706,-0.017137566558794504,-0.005319988555807953
-0.0015467419474202992,-0.017024233441205627,-0.016960011444192347
-0.003937679999999971,-0.01793931999999998,0.010740000000000194
-0.0018937737693713874,-0.019373774854963166,-0.009286674084082236
-0.003792414804741906,-0.016662861655421857,0.010363146322276862
-0.002581212077559611,-0.018305031481349765,-0.00025647859597910383
-0.003468699348327109,-0.017171532008265267,-0.0002199936422169202
-0.0023167667779284418,-0.01783347612838826,-0.004149991804377251
-0.0033181031539516598,-0.018733873585508043,0.006178557880671676
-0.0027268229573001873,-0.01735059625609292,0.0012401847618939144
-0.003483672114395972,-0.018273445423159895,0.0003979152986630652
-0.002860523088104444,-0.019225334553381046,-0.004853333651235303
-0.0037797776471283767,-0.014295719770820892,0.013699190611481171
-0.003660102578629615,-0.01996386786575499,0.002358900608625092
-0.0033537656783258485,-0.016666425960811804,0.006416809608444041
-0.0029853640777961904,-0.018904630574020587,0.0010917711363536142
-0.003139443998270458,-0.018060537015795353,-0.004094287245431261
-0.003532887550293018,-0.017899002378722884,0.005814258954167428
-0.001909806674319267,-0.018189043581125386,-0.005399980133027782
-0.004241739966827349,-0.018188945680662982,0.0050117692571411965
-0.0018430982736765272,-0.01791514860688115,-0.005499264724576847
-0.003953377195000871,-0.018612413863764665,0.003208931661916381
-0.0028980482680517755,-0.01850763875510908,-0.0048214322207087434
-0.0027327126355942283,-0.017650940970318052,0.0014500059601854076
-0.0037549583044602652,-0.019508609179545555,0.0014357127046658036
-0.001323087730168572,-0.016083467691260456,-0.00841071382198244
-0.0035191975320930102,-0.017689488981083024,0.0019821409336984175
-0.002218280803814719,-0.01825923568801069,-0.0029142915531323865
-0.0034490094159692133,-0.01839371593146444,0.00023714545867115078
-0.0027973535778999872,-0.01898479155831767,0.0009700003178938488
-0.002193475273063225,-0.015775955581963874,-0.004475004097811208
-0.0031967034744532705,-0.018684220691579823,0.0010983363715144634
-0.0028964567390206836,-0.01725438637864829,-0.002026662216163544
-0.003187264513462823,-0.018155387347807972,-0.0012466700575384237
-0.002856662792062502,-0.01773194306569348,6.152661115699232e-05
-0.002819117298536771,-0.017296640103317662,-0.002073301711785547
-0.0028557357881473233,-0.017755645761506678,-3.1085934795171966e-05
-0.0023840841212534047,-0.017117271069482243,-0.0013571389645772314
-0.0037398524564514445,-0.019646965214799694,0.006524992176906608
-0.0024351381651425627,-0.017747701479682743,-0.009674997285896936
-0.0030800716777352345,-0.01828136783678258,-0.0005899939373268381
-0.002204013777413673,-0.016727657018880127,-0.0037364703869471327
-0.0029825239232570844,-0.018435208449854912,-0.00012353056673575225
-0.0020844,-0.01885110000000001,-0.011099999999999
-0.003914756610071355,-0.01827675522555805,0.0028785698472439947
-0.00324646954944799,-0.017067608588537286,0.00611476390994703
-0.0022967206996590914,-0.017663092427577354,-0.008246272623718909
-0.0024518733050320285,-0.0167793505308913,-0.003497057408189619
-0.0037347673997657586,-0.01870555856424483,0.0082633287603322
-0.0032189722605461407,-0.01882445681088485,0.0001400101726165559
-0.0024862401754776366,-0.018149277852306245,-0.0031533426582317503
-0.003349343157434634,-0.016459371139632806,0.004733330684256742
-0.0029610837907942493,-0.018873575144427113,-0.00026189846354718327
-0.002466293470855068,-0.018121340642746286,-0.004726986010215484
-0.003206831392148519,-0.01848702445765782,-0.0005944439753235997
-0.0032439535738108434,-0.01751260762054274,0.0013233316279777085
-0.0025412658167294037,-0.01773758480689458,-0.0034262755346059492
-0.0030012862870302665,-0.017729569507694887,-0.0006256298787548076
-0.0036372069992282943,-0.0198642135704441,0.000765239064596912
-0.002659955511968723,-0.01743871310995959,-0.000906667514383841
-0.0033756389884604387,-0.018503510852910354,0.004199998092634161
-0.0024688010115395606,-0.017780389147089792,-0.0013599980926350952
-0.002726727599671512,-0.015273381965085209,0.002207778219291967
-0.002484312400328488,-0.020655018034914763,-0.004627778219292722
-0.0038387740954878707,-0.017874550216069762,0.004437500745067879
-0.0024564584284456625,-0.017754554607317452,-0.0053913502847358075
-0.0027352880601945323,-0.01778227071986893,-0.0022532945339008847
-0.00292572097513312,-0.017482123449773734,0.0010836107019027708
-0.0035960584407388196,-0.01955050100697009,-0.0005764666283329944
-0.003667487766293137,-0.017012525970856895,0.010723529164270218
-0.001967062233706851,-0.01785577402914318,-0.007573529164270454
-0.0037212208056171536,-0.017841733814939253,0.005160001668931713
-0.0022918952183140634,-0.017962345132742863,-0.003572495522215391
-0.002890633976068785,-0.017371321052317867,0.0008624938532832971
-0.0037483611020876495,-0.018944161538690718,0.002437504656604972
-0.002559780577067669,-0.017650885348230227,0.0005339224551121902
-0.0038114563451632083,-0.016481811606284147,0.005328569709391218
-0.003547397460404361,-0.01965995930380915,-0.0016230793872225036
-0.0018475087998093276,-0.01719013197508501,-0.007118084004716252
-0.0017155591346812993,-0.016784757863240185,-0.01819633957588529
-0.0029724082716178213,-0.018284549273569928,0.0009374927356979867
-0.0053221091973652546,-0.01783254001069512,0.01869335034715469
-0.0032818949064062214,-0.019331183576305033,0.004206660083637459
-0.002276341245007557,-0.01614049133406903,-0.0064428600012806925
-0.0008816760547356861,-0.01918103212438116,-0.02429285738634057
-0.002608786896117085,-0.018357414606765543,-0.007645533730023857
-0.006041597955621994,-0.018201876392303196,0.03194124392525488
-0.0039914589086939845,-0.016969317105794746,0.013340038782873265
-0.0014943552262835502,-0.019070937606989413,-0.021978594686549613
-0.002461510139607964,-0.01780927976618807,-0.007864295932188625
-0.0025303693555603912,-0.016222857248384126,-0.002121843543880786
-0.003905160843165223,-0.01832893438439509,0.006972404631699902
-0.0051694521266297255,-0.01772817441350305,0.015292309590494213
-0.0030223154539740227,-0.01902910452131701,0.008199991330167578
-0.004085639719299372,-0.016323411941698174,0.00876666719649144
-0.0017542607313121572,-0.019420762480732323,-0.019006635725208554
-0.001336796029199977,-0.019662186706834728,-0.007177673085239533
-0.005497463520188484,-0.015611418870734806,0.016537641613957987
-0.0024282579768032386,-0.020052435263032353,-0.006872948683787072
-0.002269512778978383,-0.018478653257988087,-0.006193709505835088
-0.004594588019699419,-0.01672921097973057,0.010186655328595862
-0.002439058440063896,-0.01741674045352859,-0.00566941385355868
-0.0024254544271475886,-0.019932872225645715,-0.0051705864643079025
-0.003724780303833386,-0.017024283223685044,0.006757143846467528
-0.0033851880534740975,-0.01764562459638963,-0.0014571406675756293
-0.002305460843373519,-0.019620484307149466,-0.0021600009536832943
-0.003421949492797477,-0.01420888470397208,0.00496588429660072
-0.003017663107033358,-0.018808008322768133,0.0006003647013095303
-0.002943178350485548,-0.018578141712442653,-0.0007795803179284633
-0.0028371594134121714,-0.018421030449481346,-0.002850196890568313
-0.003308636965417777,-0.01718737912159568,-0.0007864701204738367
-0.0030948796520061383,-0.017112189039384107,0.002786469048009721
-0.002912914030357594,-0.018219990671903996,-0.0010298020369692296
-0.003109558145116431,-0.01998699167130255,-0.0007466677262968346
-0.0030948832082801636,-0.017154276008022107,-0.0002999999999993008
-0.0027817851665112303,-0.017568964901141043,0.0009000015894464752
-0.0031046328284383973,-0.017530266548636375,-0.0014000031789187517
-0.0028840784045724155,-0.017476051048511104,0.0003749989817745103
-0.0034395203921977757,-0.019914541493689375,0.0033250026076974137
-0.0025117867635302826,-0.017524297059029748,-0.002258822209444844
-0.002640349984463053,-0.017359621219600135,-0.0019745084748130637
-0.003842748085371217,-0.018498547546202795,0.0058833281298049656
-0.003545014123201101,-0.016931311403334426,0.005785297002091738
-0.002957751043434348,-0.019832772771832888,-0.002535294447639558
-0.0027421507713452364,-0.017043108406260513,-0.004382362840793519
-0.0004092592286547847,-0.01616510159373949,-0.02701763715920613
0.0012602265289125003,-0.01456020289220205,-0.036366671964904285
-0.00410585111862119,-0.017253097357717306,0.00830782170615052
-0.004046101536016478,-0.01462737451444526,0.032372160280212725
-0.004004414816731666,-0.017578792303220195,0.08923379038104962
-0.0001772447158255308,-0.016175880139376923,0.08589534077713701
0.000453606660603012,-0.015758557994742177,0.05036278966468011
0.0015725403010251604,-0.014280256629337976,0.0779078759185019
0.0031855159680172496,-0.014994376054040082,0.057542780912726244
0.0058220827286369625,-0.014534802114918033,0.053829422324445986
0.005643711389422601,-0.014189299058945629,0.06545293606159674
0.002814775153492932,-0.013334032298343193,0.08683279452423598
0.00944430229899565,-0.01181948390799395,0.035034271321533694
0.010048080427370015,-0.013727304701340176,0.05422951531757114
0.006377832396250116,-0.012871247163826649,0.08783621506389139
0.010810733363850328,-0.014023185187124698,0.07536135128409249
0.010933360725207869,-0.009423710691247117,0.04591955713279283
0.011896777404470427,-0.011488152842677207,0.06650480173297879
0.012022426840940043,-0.010385684148501384,0.07592855756130668
0.011650659679836528,-0.010520122588555864,0.0875713692098099
0.012353503174982294,-0.006050159050622866,0.048575685653872824
0.014512601267634068,-0.004376764484100654,0.042672937506855746
0.01436159587754711,-0.008336793876720622,0.0759200076294615
0.012973240000000011,-0.0051941599999999755,0.0766600000000004
0.0142732,-0.005666000000000004,0.08559999999999945
0.013640845898489545,-0.0055147701302890595,0.09564116937576372
0.017445708182413255,-0.004745788711004784,0.07773218356073741
0.015276556991354565,-0.0002911843001373593,0.07752671858971105
0.017274188927742636,-0.00019075685856878577,0.06549992847378938
0.014589972130170461,-0.0002396880319466277,0.0767503278102275
0.018640305959315352,0.002546185401413381,0.04354969603146408
0.018198509031853802,0.0033202052559118678,-0.013594125154382297
0.016839065103287164,0.0047281530618164536,-0.012059753728941303
0.01812678642177943,0.0041436485280829105,-0.0047861487730997965
0.016790261353593794,0.0008107957847219849,0.015540003814731307
0.02058709857426687,0.004744844800127157,-0.011113337042040428
0.016254004233106217,0.001852705889050149,0.002238335179399087
0.02024475902207934,0.0044922596422221905,-0.012244985421791199
0.020521194499173306,0.004164197274171111,-0.014815308565671259
0.01674908367137426,0.0029429523944294045,0.01117529585010324
0.016647828137457493,0.0014732819620434101,0.014500003814731599
0.017131384006070227,0.0037129069479388543,-0.005052499903184682
0.018741229098928613,0.004178752827489612,-0.009862505774187014
0.018854247602911517,0.0019438557489041275,0.006110720527491509
0.01700169912252536,0.0024580177532330105,0.0061376136088515665
0.01771738990676619,0.003202503716453642,-0.0020376187178445804
0.01865752987356567,0.004114690486027001,-0.007635713555858459
0.017716732090544696,0.0030199615328913576,-0.003387499441206643
0.017021220161230255,0.0016567690250189893,0.014387499441207652
0.01607886411956666,0.001984981699921007,0.01557499739230117
0.017456601720592713,0.003989448132677209,-0.007546406257954885
0.01896521763569653,0.002050543143210015,0.008178075108460803
0.017537219372551593,0.0027419356185005572,0.00616392545740041
0.017123838651099732,0.0036514267936811617,-0.006437258896697884
0.01835403955458581,0.0033253623961145007,-0.0060686244462182515
0.019456444060007738,0.0026529239171898256,0.009049579789847328
0.016117341911129568,0.0013194646414963485,0.011871018221455643
0.02177994186782134,0.0018161168452202614,0.031486130961106085
0.0185622197551244,0.00314183154138592,0.0029819028912321244
0.017987987333704214,0.0031610506953826667,0.0026599793372010794
0.018800934459190954,0.0036251302312644007,-0.004899984105540156
0.017779974672176735,0.0024792291043471415,0.0001266597790667845
0.016167688183527762,0.003133938431059552,0.004942354739588595
0.019584511778325542,0.0037562483828957605,-0.005482348381802282
0.017874189778567362,0.002124054078630949,-0.00016667024295990984
0.018434372130048726,0.0035422553677371404,0.0036137269820546436
0.017017363602797486,0.0023048186003556126,0.006312937856726819
0.019427391102139535,0.0033609876672918426,-0.0004933321677214053
0.017900058311345557,0.003576652711638123,-0.010966664017546535
0.019006657855837217,0.004036885599618539,0.005933259159181858
0.016293335387083885,0.0026981095324235815,0.0005549741549835119
0.019138562189010888,0.003298960045578475,-0.0026882333141653447
0.01770223051123032,0.0031421624697187123,9.999523173576108e-05
0.016412130220094467,0.0033908433131875915,0.0010750081210186835
0.0200390166651625,0.003800930918993084,-0.002188335626458482
0.016181325092004872,0.0020447908294824457,0.005913337883564296
0.01813234776184558,0.003622582688756454,-0.0035066653889277433
0.01729602472749603,0.0034355741546459873,-2.0008371105717515e-05
0.017720905258112873,0.002812375950962842,0.002326662189631179
0.019242364332121342,0.003423684496632287,-0.0016999940394590851
0.016853155623185567,0.003190886527916076,-1.7644418887741153e-05
0.017121180156787208,0.003049529027261036,-0.0015680674339737521
0.018245021414760032,0.002541952687496102,0.006024174237779789
0.01825497696230105,0.0038676115916637943,-0.005428783328136788
0.018205894751912588,0.003777278220840105,-0.001690631599922554
0.018360495015098288,0.003460238750797165,-0.0021996733413107705
0.01655130629343904,0.0010079911798993452,0.018293125046257686
0.017482224275952918,0.004166866234085978,-0.011818381019766733
0.01843684300877224,0.003913778392973938,-0.004929406979815809
0.018646024419965324,0.00304310713935968,-0.0017226110505408343
0.017637371553556047,0.0028378458612153268,0.0013284817712673203
0.01740980236595946,0.003318647546386541,0.0016941250718769396
0.12255446681550652,-0.028997064609837808,1.311591677333725
0.08460002830831792,-0.016720473304564137,0.8354274902269232
0.01732588479006414,0.0024423288292302198,-0.001648582872768145
0.018471040055818122,0.003869936417822531,0.0024411749856252385
0.0216741656622772,-0.014286248119911235,-0.12680285321669693
0.009037123407936942,-0.012225107105084843,-0.08251128943124542
0.010954606505007014,-0.010396856415467864,-0.057409390723725195
-0.0005433210564451674,-0.056018896405976265,-0.46016260308431
0.0016139127888672444,-0.01005768045014474,-0.07297270423271662
0.01910507533067496,0.03845104809435784,0.38751766991046743
0.0077241230811986306,-0.007164558971748308,-0.016798459820941858
-0.016775444996125044,-0.06595737772516491,-0.5667072846778876
0.0060347597914285345,0.016713327152339835,0.09378333857673837
-0.0008704595445945262,0.0043522013401499915,0.027380099146778747
0.018791490551384404,0.04271914703300206,0.4006045300319272
0.01430529633915767,-0.00907132261237889,0.12109657940107788
0.0016228182633581945,-0.014944740344755153,-0.20235924450271625
0.017192564475708494,-0.012289212112556513,0.0301533680893602
0.013586499542432184,-0.009858441057778639,0.04440000297007174
0.0390881855872256,-0.08755979016250662,-0.1983411667359718
0.015153549602894945,-0.011837466996153123,0.014606274792862806
0.012692638856216298,-0.012448785632768522,-0.008653333121404927
0.014046727742632825,-0.01331039457990274,0.004166671964904722
0.012307011147933755,-0.012267164816107734,-0.006546675143797032
0.012943647156303806,-0.012448167076928973,0.0008388253883371277
0.012336812179279733,-0.011688511232499699,-0.0027521527876928076
0.014317926760225808,-0.012907524183184804,0.000957610210400972
0.01176907501362412,-0.012753138111376072,-0.008264279632152594
0.014159400000000044,-0.01374789999999998,-0.0031999999999996476
0.014137234698159418,-0.01145209233874811,0.007900012715770899
0.011977669890707698,-0.011310972274241493,-0.007188257249662655
0.015276795411132804,-0.01461323538701037,0.000388244533890969
0.013055732583481694,-0.011479629432141703,0.0025293998849988952
0.012873663178987638,-0.011577089705093302,-0.0014627501726938164
0.013413324237530722,-0.013748560862764936,-0.005346649712304696
0.012455892512622135,-0.011332456253225653,0.002079998597555033
0.013328106877018575,-0.013121904963916964,-0.003549977735660903
0.013878150247406129,-0.011854710876709085,0.0039205656409659895
0.012709332260781858,-0.013093350318965857,-0.0025172502025121446
0.013496848102171333,-0.01331384758718257,-0.004203336300347971
0.014982350365077668,-0.010665955382288539,0.021900005215394813
0.01168969963492228,-0.012560394617711412,-0.013150005215395666
0.013163755401595978,-0.013283548494453234,-0.00848823050923464
0.013904151824025934,-0.011528446093482914,0.009734898235532086
0.014324592774378031,-0.013376405412063863,0.0006533322737034553
-0.008580729459648051,-0.012642361720679118,-0.23385717205088596
0.014945457615546331,-0.011546854327733946,0.02082776234863104
0.0031843718441018076,-0.011104783951586872,-0.10377059029774571
0.021593180619589036,-0.014661732512777803,0.08286872848649196
0.015705511420338603,-0.01269032656628255,0.009164602727546267
0.013788892446831902,-0.012246638555806322,0.0016400038147317275
0.012213177443313628,-0.011118734293663723,-7.921416429113037e-05
0.013663302370400476,-0.012807105344572633,0.00421920526325259
0.01301260619528688,-0.01241853402880877,-0.002188332460711706
0.013849635011757622,-0.011160460989788068,0.011828339454384107
0.013719431893239875,-0.012920835009160858,-0.004853330737214279
0.012321762599242003,-0.012383082699139347,-0.000350002384189807
0.014439459999999738,-0.01293959,0.0029900000000004923
0.011761903477327973,-0.011515323432624514,-0.007939999999999614
0.014207389404383708,-0.01208914974409292,0.004400003178941958
0.013539307118288768,-0.013579286823282577,-0.004520003178940968
0.012564239999999671,-0.011438899999999919,0.0018199999999986005
0.013819669612233909,-0.013168082934554959,-0.00497856814427422
0.012623511502072748,-0.01126218499970133,0.0038535670266899302
0.01403759043668007,-0.01240593882142016,0.0013014719533135377
0.012932122885863429,-0.012376907648112945,-0.006416471471517582
0.014180044369476175,-0.013012377246850337,0.004579997456897189
0.012627361193673803,-0.011242308349360353,0.003160003178891202
0.015009804947945238,-0.014079043670030988,2.6667726297446848e-05
0.011630380688204323,-0.01147559475137594,-0.011261958874058564
0.014048621212882306,-0.013347866753911752,0.0033352975056466505
0.013924533010033269,-0.0120123117739237,0.007377772597290999
0.013145860140934662,-0.012713383050757532,-0.00807777895517603
0.01398350502716239,-0.013178033681306545,0.003528572401695129
0.011603758484437954,-0.011056777689746666,-0.0011098163481104706
0.014169556488399682,-0.01173738862894691,0.0052412439464148974
0.014216468511580427,-0.013317545422343313,-0.0036742864441414724
0.012199555259001738,-0.010642361602049899,0.0050142864441422574
0.014603541965501954,-0.014377164565395839,-0.0032399847410751192
0.01140011785142292,-0.011351604112495473,-0.01340708200226004
0.01456413875283058,-0.011590819939385044,0.015707066107546908
0.013470471386118898,-0.013611785381933528,-0.01536666232217243
0.013734135845976159,-0.012644000195203509,0.007266665501115099
0.013272665390850591,-0.0113406141844421,0.007646663699652834
0.014308457571088784,-0.01384049669720433,-0.009186671011146785
0.012389595107822338,-0.010909638200996774,0.004973753743886533
0.013971732357806133,-0.012991869698550262,0.0008562510244516375
0.012991325356576322,-0.012247378071048809,-0.0059794111047200005
0.012987706360819917,-0.011901546501787541,0.0038027401995321952
0.013615050280250784,-0.012709770919422825,-0.0008399978807727138
0.007282449404995894,-0.013762013952077545,-0.033833237336914124
-0.0015647002733421012,-0.014710400426123149,-0.07270014156050664
-0.0019213182013739782,-0.01506307383429295,-0.06541754905167707
-0.003576849131946336,-0.015255833567045407,-0.07694669992706693
-0.0038442474131472615,-0.014504268686989175,-0.07274993188010903
-0.00474929089863263,-0.01179740969076426,-0.06413287186027183
-0.00683781533399852,-0.014575210143979334,-0.07991960070215853
-0.006723610150202397,-0.013428194206468902,-0.07083329889533374
-0.008765679230245293,-0.012997575967302444,-0.08711424386921074
-0.008562715806893717,-0.011636921925407329,-0.06360103536050055
0.05311393043957624,-0.044364488851186046,0.6734543982008621
-0.056989524703177974,0.004839315555743795,-0.5710744199360338
-0.013912487231468429,-0.011980062472012776,-0.07390839064131072
-0.012026823467790937,-0.008698666339835182,-0.06845630839380767
-0.009492984343707267,-0.012556295581269694,-0.04702004323361919
-0.0018212516763198572,-0.021093878178565006,0.019753369149537292
-0.003010887774203219,-0.016356174542480728,-0.009150973139735896
-0.0028817837206704944,-0.018498046164822757,0.006270979497521978
-0.00360607211384556,-0.01751657762073644,-0.008324755979424836
-0.0022148758286166803,-0.018746388360349142,0.008431414169043805
-0.004134005263138452,-0.018937446678114478,-0.004299982833920524
-0.0025992562198795532,-0.016823061367273517,0.0015752896231671087
-0.0035905754269776047,-0.01933169115606881,-0.0041486360960689694
-0.0021125090757783127,-0.016827911674106577,0.005507477940032146
-0.0032141985568632236,-0.018302028676212778,5.860903467436174e-06
-0.0034630680277838444,-0.018449940553771915,-0.002866670375432534
-0.002700101179682779,-0.016125455860123816,-0.00031568660814507155
-0.002619630792533023,-0.02060170358610436,0.00788235698357731
-0.0036087006879994554,-0.017176665288397786,-0.004928568995758553
-0.003780040072403512,-0.01743320548122429,-0.005391413837950054
-0.0022394091084678713,-0.0174398438612291,0.0008733405385488169
-0.0024999301276324992,-0.019819320418581254,0.013239977641823941
-0.004442845220058889,-0.016218922973296523,-0.017460004662407158
-0.002219244640386364,-0.018816735151657937,0.009938103239448992
-0.0027844193158896857,-0.01744206613509469,-0.0018526897910255968
-0.0031360628243009003,-0.018298131222188152,0.002161246330643962
-0.00390579021675741,-0.017655941237744388,-0.010722848092751036
-0.0022018577861033783,-0.017261268230585936,0.011342857629427883
-0.003491241971629755,-0.017973304923113442,-0.006300059601860752
-0.003181851208180486,-0.018115531305376242,0.0012059373349160296
-0.0031877109618791977,-0.016932977157068763,-0.005820176098177754
-0.0029067335408980988,-0.019545765104467705,0.006414314259583165
-0.0025627803461070187,-0.015714754721759983,-0.006476482522792537
-0.004005293828573286,-0.01916540367925723,0.00242979254425002
-0.0028997853181667033,-0.017185117542851236,-0.003670988566858213
-0.002810988915323165,-0.019420497703115602,0.008484324019452316
-0.0030655816588689433,-0.017944022356743083,-0.005499992582551627
-0.0034518322503735988,-0.01835222550624671,-0.0004666687859611329
-0.003305854964067656,-0.01674819337897193,-0.004671417867239569
-0.004138358702485245,-0.018554858034515842,-0.008628599162733508
-0.0007085431597571024,-0.019052604228164238,0.025456271127843877
-0.004353391883854307,-0.016278051431382945,-0.022996265223993007
-0.0012366501257892182,-0.019467104366876153,0.01834001112612249
-0.004632286064068403,-0.018304909576078554,-0.007986667514385815
-0.00259649441402221,-0.017422934744300456,-0.0008347592324344788
-0.0034201669392692757,-0.016461674373084545,-0.004849162148458319
-0.0021127947354298016,-0.018545770123773675,0.008427733698670892
-0.0032312590112568707,-0.017763199742851565,-0.00635714480339189
-0.002469811098243735,-0.018476758864800935,0.005978568144273666
-0.003683216469875905,-0.017075780833768484,-0.007049993552993072
-0.002368372532857599,-0.01774898511525347,0.007800837915906911
-0.0034973801466620102,-0.018023403489893397,-0.005062745310697281
-0.003179548729782322,-0.018997078133591305,0.0011233359029532153
-0.0023250710225783955,-0.01719709356269261,0.003209996900555012
-0.0027476858787465197,-0.018924075286103292,0.005057149182562171
-0.0046370366417289866,-0.017085116498368524,-0.010292437525430742
-0.0018305499727122587,-0.017736287483239188,0.010849576490008062
-0.0027657347944223254,-0.017579819357417925,-0.0037309614364975374
-0.00449748713677689,-0.0182043374988492,-0.014504760634347136
-0.00041840557561290126,-0.01811496387602185,0.022721433923706513
-0.005825901595021499,-0.01853156639486908,-0.01859998807906038
-0.00219492453711867,-0.01612312668115834,0.0017764659271168881
-0.002844673867859804,-0.020858106923972386,0.0031235221519434475
-0.0028963127909946706,-0.016179421808211636,-0.003957141397457065
-0.003005264576830591,-0.019412185868965537,0.004407138417185763
-0.003945176736256162,-0.017562708052063947,-0.005522728233289698
-0.001821696892370106,-0.017010328891602366,0.009649210464083069
-0.004287849003548505,-0.01847605537915653,-0.009776479250522385
-0.0026397336100867363,-0.019008465183793177,0.005223530566736301
-0.003484643567773116,-0.016988390681298426,-0.004746607630888633
-0.002880422822140183,-0.018363404134908112,0.0058030770641526175
-0.002384524346958017,-0.016978974898449017,0.0033450011175837346
-0.0036306756530417594,-0.01865446510155122,-0.001925001117584202
-0.0029098711919557374,-0.01803721404148506,0.000888233314165987
-0.0028035735074261048,-0.018037716017559102,-0.0008117680882993028
-0.00277096248820774,-0.018515419510209075,0.004023534774132642
-0.003567189140760707,-0.018248378423499023,-0.004400019073504069
-0.002544567910425677,-0.016846197252744055,0.002937516279541086
-0.0034528357612240157,-0.018783274754503587,-0.0021374972060357322
-0.0024908375594296928,-0.017586410552151044,0.0027705874928116714
-0.0034338330643679527,-0.017768957300916988,-0.003699158191539098
-0.002367429376202601,-0.018709582146932302,0.007628570698726023
-0.003048922603536841,-0.015738750882150487,-0.005464712564688057
-0.003386177396463186,-0.01849129911784919,0.0014647125646884973
-0.0039363873707976005,-0.017539602302848678,-0.00825293746406075
-0.002032358426204972,-0.018707508073513512,0.007510073022643837
-0.003163834202997151,-0.01741944962363773,-0.006737135558582352
-0.002725461408616958,-0.01709953090934624,0.007091766520812115
-0.0035967778223970903,-0.017630704363566174,-0.0047517671566019715
-0.0028685807689861065,-0.01898140472708798,0.0044400006357889765
-0.0027470269107632284,-0.01821359318119864,-0.0003999965940053585
-0.007298487925496477,-0.015193127429826259,-0.020742933533206553
-0.015692285163740216,-0.005715279388974981,-0.09645706987278757
-0.015424432788951226,-0.009077673890090399,-0.060914318557246716
-0.016817378157915286,-0.0028749968200592058,-0.08924280678335172
-0.013582879005300974,-0.004137134429250455,-0.06501160761623304
-0.017305117130516745,-0.004862063573445763,-0.08963130995889479
-0.01593988652297429,-0.001325144770425002,-0.047986640705032
-0.01660880639434148,-0.0014327865167289566,-0.08641331637924132
-0.01721195341110371,0.0014366143835147227,-0.0830857288828355
-0.014757991425090822,-0.00047605606420608737,-0.05024367199229118
-0.017542761826869313,0.0016747419222906679,-0.08013728857396352
-0.015804346492781507,0.003408158620357149,-0.0660866142145835
-0.014605292387820601,0.0006605637527998809,-0.06385847424188462
-0.012021134456334126,0.006370097385243412,-0.1971282220944417
-0.014673655971838562,-0.01172649278515614,0.01706941811704965
-0.015641244028161472,-0.00838456721484393,-0.0028294181170505084
-0.01597987556156011,-0.009947376915153683,0.004879996503163397
-0.012716444438439778,-0.008364883084845953,-0.013679996503162428
-0.01379627025463348,-0.0019702089073976303,-0.07345332994246156
-0.014296134564238061,-0.008647337437076352,-0.003729024236184486
-0.015007747601060384,-0.008540479174083071,-0.00578430401097485
-0.016205482419690442,-0.00990203519924826,0.00563999162891804
-0.01646542628605885,-0.00999825866400661,0.003926666560701619
-0.014508338874318794,-0.00890308061818823,-0.0023999999999997357
-0.01584124379959806,-0.009774106474575106,0.003257143830252218
-0.015600371658377021,-0.0097452660048436,-0.0003571494401128916
-0.016333602329831498,-0.009664258443605966,-0.002699990984144307
-0.016640331478002812,-0.010449576233757085,0.010529407698726345
-0.013410157106904741,-0.00849275702475083,-0.0009470608859398766
-0.017487256274709484,-0.011456297763344558,0.004417652960162499
-0.015116350366961129,-0.01026504488020441,0.014126680441814088
-0.015589801795573344,-0.009725755436745143,0.0027733163792422744
-0.015607233771448126,-0.009455301631698276,-0.0023176528336819047
-0.01746097548001102,-0.014636120421571697,0.035797666821030916
-0.014495814198547619,-0.008086772535153663,-0.013507252429381111
-0.015706272777302965,-0.011335194226356649,0.016783497662107294
-0.014871408962732202,-0.007318028923393172,-0.014176259220075593
-0.016198480000000126,-0.010269919999999821,0.006619999999999848
-0.014579903433203478,-0.008156352388142718,-0.008300015894461055
-0.01718069873208683,-0.011174079961164818,0.008754564304631174
-0.01402213278233222,-0.007399241073035245,-0.011217049714018046
-0.015464864000088063,-0.009911467466305446,0.0036079534848294514
-0.01520603864010761,-0.009494885296302602,-0.0011054547241364787
-0.01712124094604439,-0.010576510388545568,0.005577649766975057
-0.014818589706941276,-0.008361218450345653,-0.007131933667961832
-0.016048744260686254,-0.009989802635257838,0.0014142881471101987
-0.014217431850079842,-0.009054797297914696,0.0016529399684905854
-0.01646408064842997,-0.009805295042985218,0.0019220583285406434
-0.015074707075531713,-0.008762512914454845,-0.004348335028769412
-0.015220467924468295,-0.009386937085545277,-0.00012666497122992837
-0.016410645404838275,-0.01043460599866508,0.004806667832278677
-0.014485091938611472,-0.008349052756226438,-0.003853730368216901
-0.015904415685239925,-0.009383470697544638,-0.0014862681483194251
-0.015495186723057497,-0.009879350259674347,0.00047082938040965416
-0.015042260248252726,-0.009237920287889612,0.004012501303849447
-0.017056267721389684,-0.01029981417064052,-0.0013428491144420462
-0.014281146063443995,-0.0088228601698499,-0.0007483230662526097
-0.01635980656324132,-0.009954616170893438,-0.00045881589893426167
-0.015399392454976901,-0.009359180854602744,0.0016062376139664991
-0.015433840192520476,-0.008916837324408622,-0.003827678349052732
-0.01640720700442766,-0.009517551309604855,-0.0007385711852858634
-0.014992140000000154,-0.009220490000000137,0.002009999999998513
-0.015277099999999821,-0.009408249999999896,0.0019500000000007844
-0.015339776643090053,-0.009609182039259423,-0.002533290948102618
-0.023998795385615557,-0.030905201428780504,0.24876829321308236
-0.006760673537399731,0.005326216473664047,-0.21138207602064263
-0.015857860925543532,-0.04280064823007024,0.32438044196896954
-0.007886364553696623,-0.021697051081774,0.06829561874294932
-0.006955065982549691,-0.02340880995424577,0.07116514372548366
-0.004680872435093075,-0.023755536415510647,0.07797721922743328
-0.004172846011536002,-0.02351532968269021,0.06410522611147229
-0.0015134593593537637,-0.023728971903004936,0.06714689984993605
-0.0008388904247311757,-0.01373475291858739,0.04646404741243515
-0.029832438557219065,-0.04312499958972227,-0.06962277285175666
-0.0015102048764445986,-0.002946584063292512,0.01136027162247899
0.0008898280601667974,0.0014214391016134087,-0.006274988526193681
-8.227696881202284e-05,-0.0004572877602111447,0.005549985843925853
-0.000664148978964274,-0.00010282077134249334,-0.006966683653947925
0.0005810207919849653,0.00018864388299721924,0.004791669870401805
-3.0921393848082346e-05,0.00010532322537093464,-0.0015367694688261935
-0.00025809366049722726,-0.00028175151563525347,8.019233043299323e-05
-3.798107915820026e-05,7.40268885826012e-05,-0.0009906492000251177
0.00026584663865181213,8.722767684554711e-05,0.0018222192603811749
-0.00012011122910449146,-3.790981674534066e-05,-0.0008399980330491275
-0.00012011348113416531,-4.954592507999678e-05,-0.0007482365959354809
7.138418964491855e-05,1.3537402116181596e-05,0.0007724465793703672
0.0001118100589245774,5.910396591124467e-05,0.0006334379185002348
-4.015052225248006e-05,-1.4038653366466036e-05,-0.00019577351847210878
-9.309932685508393e-05,-1.0174521495098787e-05,-0.0010218748603012529
7.329960765223298e-05,-1.859113242330679e-05,0.0008812526077370819
4.768933642584905e-05,4.667976920824657e-05,6.31922782190486e-05
0.00022469998278085157,-1.3777649738866415e-05,0.00018888844737752208
-0.00039396873436814417,-5.50627332187581e-05,-0.0012333333333334195
-4.255881808323814e-05,-1.6005839372112973e-05,0.0007411744081675664
6.1522868011198995e-06,2.433497419129793e-05,0.00015882559183211242
0.00030385376632113825,4.1394263916139096e-05,-9.999999999976694e-05
-0.00015411183902336312,-2.5651931892411994e-05,-0.00016315815891054797
1.0647194812474226e-06,8.652028745004259e-06,6.315815891078103e-05
2.5396569310887074e-05,3.351079381541666e-06,0.0001451612407024072
-3.51756048444507e-05,1.604054698667312e-05,-0.0002737329936532973
-0.0008192118855474551,-0.002780475548323391,-0.010890145557693742
-0.00698338719396796,-0.01148504447093579,-0.007118775425054125
-0.010326918850058098,-0.01805400456739159,0.01988452516024708
-0.008263204017217585,-0.016028696734222247,0.0044529690655643606
-0.010569531299060464,-0.014437515711845705,-0.01802220369682317
-0.009765722922451814,-0.015740758864475346,-0.000897151292285514
-0.008139514480152155,-0.014831668622057759,-0.002630647246061102
-0.008734842700681034,-0.014766534277071308,-0.0008062540046775979
-0.00985261348475297,-0.017761281970357423,0.002808889300688122
-0.00916527706643988,-0.015425173420126725,-0.0008713831539726158
-0.009441647694374722,-0.016097803351756923,-0.002202302443508941
-0.00920257794446433,-0.015860070356814138,0.001259764197278912
-0.008328302964346168,-0.014270544696039611,-0.0031387131507507604
-0.009503595239549245,-0.016247427978361095,0.0013687459021287651
-0.008384219823632466,-0.014044246098183333,-0.01150032121709188
-0.009943437766384067,-0.016905025706844157,0.008555104479233577
-0.0011152311983895213,-0.023924194480602345,0.052202289344762676
0.003964115938718593,-0.024376144532890276,0.05945165086176907
0.0068430862754483845,-0.024950889803056153,0.06446694505077133
0.01922812190177159,0.045416002342206774,-0.07390320156937946
0.006963906736602965,-0.024227446872922,0.07735878714780497
0.007709418080722119,-0.02425687637091345,0.07530005108992022
0.008182873180956673,-0.020936266585470875,0.06269992208804354
0.011175895158633486,-0.0222806078315525,0.07905036655263764
0.011277801853112446,-0.021571602848236004,0.06533200182585652
0.013010911726575314,-0.02028222636382715,0.06835765844354214
0.015316418016008138,-0.018678084300068676,0.07406708957765673
0.01512683714023011,-0.017575834270316726,0.0629178400144994
0.017344940127482444,-0.016561197262974225,0.07135505260576558
0.01788422471627915,-0.015948144166641143,0.06992001780207957
0.01932030000000018,-0.014675599999999456,0.06949999999999967
0.020913202140631082,-0.012703982231228927,0.07372862008480752
0.019811634294124136,-0.011048220093347716,0.061433896120172804
0.02476852432976817,-0.011625578999431951,0.07666421827805259
0.01967752703787351,-0.00716057443464635,0.06220662216254702
0.024629197773308187,-0.0069635847113271865,0.07905417408800197
0.023503192108335513,-0.0061725728539370195,0.06005102701868381
0.02529472577459413,-0.0028754349046433703,0.0786348015420213
0.02271571510609549,-0.0022176502296744616,0.06769350075498615
0.02551474311442492,0.0003123410604164434,0.07460458068642062
0.0225561383208448,0.0016969073978208016,0.06952855926430601
0.025443276052779407,0.0029129865435661983,0.06972241564597326
0.024240076274326672,0.003120042489488384,0.06528473341484009
0.022660357006545118,0.007231264500143553,0.07464326219201922
0.0232670906663488,0.010351516466801769,0.07672958874716684
0.020507149888503884,0.00824641852123964,0.06856703308416279
0.021241991963089735,0.013234549934908912,0.07439141462885601
0.019531959598004356,0.0057565245209305616,0.022514882229442534
0.016741936098611854,0.002462085683285764,0.011193731191010414
0.020515125953152413,0.0010639834206980225,-0.003218484839193181
0.017643194200277268,0.0003557482820353286,-0.001063870741916162
0.017175767547112697,0.002434529158470866,0.0013352928581671364
0.01937142439441719,0.0014806023666924517,-0.0012333433998001908
0.017989862581260452,0.0014860174092028444,-0.0018533211475801892
0.018373687775570247,0.0012458807025357288,-0.0013133338631483582
0.01758219999999988,0.0016790999999996004,0.0
0.01758575244610583,0.0014876007690949322,0.00045483722110617464
0.017448868078977275,0.001331456370155415,-0.0017077774901004261
0.01864546251910859,0.0014527970281763558,-0.0015647041498940695
0.018176450462728866,0.0018445670445048634,-0.000629724794698916
0.018491999862617403,0.002142692739615981,0.0017807003393279786
0.017442737888076154,0.0015717632249740987,0.003692476417482382
0.018736738638434502,0.0017199629798820837,0.000154193728354457
0.018087230103951413,0.0016288198435958634,-0.0031800012715770265
0.019156224681946776,0.0016425606249805824,-0.0009199987284240763
0.017753672108481666,0.0019205686916201614,0.008674540636219419
0.018641094893846244,0.0017030351599975901,-0.005492042094060068
0.01735910372596794,0.0015402153317118916,0.00031750145784137374
0.01828197252900332,0.0015041903484842578,-0.0007094175736082065
0.018147414386602723,0.0014988688965411612,-0.0012941044474477081
0.019239785885229566,0.001937868199306969,0.0011568530231809149
0.01825768206135714,0.0016161722997622974,-0.0014133335452797269
0.016845952106381068,0.0015649728453368539,0.0011862508059170551
0.018546857621183577,0.0015491876022588613,-0.002606249534339966
0.019013514336002624,0.0019778179080818248,0.002864705552362068
0.01794817817755745,0.0014949396707457652,-0.0035313742058757924
0.01778127119788886,0.0015529438669927842,0.0003666703564828566
0.01771886618916052,0.0015557488872195435,-0.00015000393813835444
0.018728452145007513,0.0018218639529008485,0.0011233376877637369
0.018658971150557147,0.0015226511760246808,-0.0013733354525946595
0.017055287077850867,0.0015082340484768864,-0.0025999936421143843
0.0190566384521329,0.002218901293372433,0.0023857054949747436
0.016937980400386632,0.0013264914657948879,-0.002344536867234126
0.017813114147344322,0.001626326956023938,0.005158820246112583
0.018315475942501713,0.001046279817504825,-0.009946658931390573
0.01812665078360931,0.0021040009568613627,0.007196663699652106
0.019042800006812133,0.0013526419618532515,-0.0044071457765664235
0.017209414731896633,0.001474782847039613,0.00010714801173605792
0.01821671617015097,0.0015871147180810397,0.0010699996721967864
0.018475386582625486,0.0017822312700284115,0.0016799946866399296
0.020099003392449966,0.0018692159111886042,0.005087502847201719
0.01818762109236971,0.001440097809287444,-0.00806442054306622
0.01900269700530277,0.00224055794164979,0.020226915992866523
0.017773761018392342,0.0019517575408718457,0.010450005108992855
0.019203501188692407,0.0005376786137603062,-0.02335713896457925
0.01780245150766735,0.0022245215099188087,0.014919640268427514
0.01798452652799032,0.0011663931084591184,-0.004229162672363174
0.018034277217777284,0.0020435071048297004,-0.0017000042385060254
0.016659038789556657,0.0011013877534615801,0.001984313985792241
0.01875233864630843,0.0015403725479021801,-0.003377650921926545
0.018189619682817515,0.0014541754774537452,-0.0005517625752116118
0.017794091089029518,0.0013783644230453973,-0.0014882348816342983
0.018358815350160818,0.0016572794611686703,-0.0006199999999996209
0.016994862397374355,0.0015047275017892048,-0.001709413909653179
0.018259397602625516,0.001293592498210927,-0.0034105860903483887
0.01824489154509612,0.0005266703168178566,-0.016042354178644302
0.018288002524680547,0.0025227570820538503,0.011195688041793161
0.018372211360174973,0.0007119056303430682,-0.010379996291224103
0.017878789113479954,0.0020475809579112436,0.003319996291224925
0.017652173369311353,0.0013861925333173986,-0.002453345783520078
0.01725131208725683,0.0015695934795569855,-0.0012999880796282781
0.018677047054863838,0.001230524920060816,-0.000600000000000378
0.018224778635761663,0.0018875747556865718,0.001433332803509657
0.01755076576322656,0.0012255035933002034,-0.004499995937980117
0.017090226438803313,0.0017224739464980487,-0.0005509826868834722
0.019966100769031048,0.0021922690421041224,0.0034976474107999422
0.017102780144815366,0.0013891658848965704,-0.003844707141807291
0.01764388869200806,0.001629486742008801,0.0024147012949420343
0.017784044899310292,0.0056679013623792684,0.04060714492499429
0.017394064434199663,0.0006848481385279825,-0.011082144765385493
0.019417174945909554,0.001989396696282064,0.005910726168655955
0.01745164161982382,0.001349114887681857,-0.00402101371355279
0.01839771896260123,0.0016379685949470257,0.002163861124996558
0.01875627599218488,0.0019378990458944756,0.0024314336966018146
0.01847699164746075,0.0007976723897318294,-0.003960003178891114
0.01818516467082043,0.0016876002940522383,0.0007399974568453871
0.016956035329179553,0.002087499705948126,0.002910002543154988
0.01911212178992372,0.0021743743402522497,0.0009812506519235598
0.01790286760399029,0.0015688259901240897,0.0012258924485006872
0.018401610606086027,0.0014261996696234291,-0.0011571431004249177
0.01774721501120613,0.0017363610843545985,-0.0001399980926031219
0.018501710065428778,0.0012254383604686225,-0.0027314324251079825
0.017109846901788295,0.0012995129499380198,-0.00010356836470393205
0.018313962958156793,0.0016643743840170089,0.002121665761011471
0.018249665063420295,0.0018583132212217635,-0.002446666878595849
0.018097978651225866,0.0011367780483650947,0.0006928576294278344
0.018287042608991833,0.001669636025204646,-3.5711852861552984e-05
0.01731554223079934,0.0014675269892192588,0.0013840306115238121
0.01786061650898274,0.0021828789372113633,-0.0003811763880907648
0.0188953852499405,0.0016789658475717673,0.0009266661368521056
0.017243243316135803,0.001157788113599345,0.0013704796397142616
0.019747591433923795,0.001712046038828241,-0.0028371457765672403
0.016595216035790727,0.0012598023637160338,0.0008623499712498983
0.018644063964209145,0.0014701976362845315,7.765002875181892e-05
0.01840977485583517,0.001862326856025831,0.00338666687859579
0.018558095144165065,0.001605353143974142,-0.0036966668785964885
0.0184069499999997,0.001108300000000284,0.0013500000000004064
0.01825934425486908,0.001996999345839967,-0.00047500186264137767
0.017775875493998505,0.002034620437465051,0.0050972170206602385
0.010500719232297673,-0.0004852829319981211,-0.012288857453178537
-0.0009041042463011628,0.0008079702171190917,0.010384325983082476
-0.0004713357123731221,-0.000257775756338674,-0.006951027087747974
0.0011090009775092113,-0.000160811312087894,0.005793343399824735
-0.0029972529921602487,-0.001050013944153605,-0.011918820806977592
0.0018091512040130375,0.0007298773229003075,0.006444519035861518
-0.00019859821185264082,0.0009669166212535885,0.004914301771115959
-1.5059869665545733e-05,-0.0004298669474689376,-0.003946667726296482
-8.960687541526013e-05,4.314699324581284e-05,-0.0009133316379141831
0.00016114910767406343,-0.00013370370116305708,0.0011776451855656234
-3.658236259340697e-05,0.00015272365538621102,0.0014823541786466166
-6.891424192367879e-05,2.649954019862122e-05,-0.0005071439519088727
3.273426608352281e-05,-0.0001166995163570661,-0.001092854458621062
3.9949927917781736e-05,-0.00011493992084510296,0.0003700005562983222
-8.540072822116329e-05,0.00014380135942548833,-0.000508462696698686
0.00011736409093332512,-0.00018894808882308212,-0.0005482055859236112
-8.909336819629132e-05,0.00012604687054373898,0.00016000116562331357
0.003536095494839131,0.003113194876378067,0.017062618050408318
0.018869971164305444,0.017922348781569397,0.0993307384888098
0.018143685717150415,0.015007390903768236,0.06154757273718836
0.024643029686409967,0.0020472264881750135,-0.047182950601891704
0.008386960253187858,0.030540542301150886,0.18941834656611434
0.013304842737864142,0.01934912192716398,0.06723270372650703
0.014586362107254836,0.019155516961161023,0.06584270355555155
0.012409272180720077,0.0204216857704842,0.06574157196217101
0.010645773205080644,0.019643682918278227,0.0603709158068213
0.009665867506593706,0.02385252882772848,0.06956244467954953
0.00809988140487894,0.021662400588594366,0.06521880224708987
-0.023714480462209142,0.10686245772487046,0.987596585755222
0.0340075797317172,-0.05697960988022244,-0.8535867640241097
0.001914496674392474,0.012134189286068242,-0.03418154040528165
0.0011972767504673243,0.03608164278105486,0.16332626135120698
-0.0004524338308145026,0.024276782087463644,0.07170317778734336
-0.0023388537840247636,0.013879034525690503,-0.00546984657330718
-0.0019980739707836648,0.024960390945063526,0.06610757172262183
-0.0036151204130114856,0.03219878867926118,0.11628565544167557
-0.007639406354430278,0.022253597885943943,0.07723538551983111
0.004005004577387616,0.01897910284555726,0.0030932812455759517
0.0033846348781749747,0.019204578622263213,-0.0030168062024493736
0.0031618147982555023,0.01778388390839103,-0.003951766685830194
0.0012081398181642555,0.0181498356588361,0.006259997138947426
0.00278294018183578,0.015291374341163788,0.005580002861048428
0.005730369408398772,0.00902774912468951,-0.09419999318824068
0.003803605666983678,0.017937797003103384,-0.0077882401259223855
0.0021510310695136425,0.019106120803256132,0.000508232042587764
0.0036755081696551173,0.016977444753763837,-0.00764665691804467
0.0018839856854486747,0.01706503831518713,0.011226658189620764
0.0033426000000003064,0.020164900000000152,-0.0021999999999984254
0.002819294782901327,0.01657215794906275,-0.0022705879053077638
0.003046118155395572,0.018639738830668495,-0.004442744580309466
0.0020388939266542394,0.018028388240161952,0.006913332485616763
0.0029706931350488297,0.016355714980106573,-0.0015999999999998238
0.001364684693460294,0.01865695958446878,0.005571423705724499
0.0031071557776587433,0.01896480393398514,-0.006011424341512139
0.0024186181266956375,0.016987700013234797,0.004740000635788277
0.0024938551828390665,0.018003057721717397,-0.004000003405995045
0.0030364298893772457,0.01819835031140382,0.000626674311185127
0.0028542370973654307,0.01806097322013489,0.00029332623375921685
0.0025224773471874684,0.018471635288011434,0.004740005722077001
0.0033111187815224596,0.01587328703968849,-0.009224708908373458
0.0023874930749427925,0.01769365057298211,0.0013932789356303488
0.0023516307664657177,0.017863275203078732,2.4757054177371174e-05
0.0021382771847280324,0.02008088262707819,0.005846670057540138
0.003287756664103636,0.01734163207700057,-0.002766662957959909
0.002775764930856628,0.01605017722892388,0.00021666370301431925
0.0026996627805364604,0.01843577277437536,0.0003699979833662326
0.0024634977022599536,0.01936670240391658,0.004300001271577258
0.0032897227942467744,0.017092725734721537,-0.007879993642212924
0.0023597166624971244,0.019237239588848265,0.0032885648274998402
0.002563647840936323,0.016307662880695073,0.002958931236147322
0.0025964063199568344,0.018914207113152504,0.0019791663645278845
0.0029573161352041133,0.017986011874826513,-0.0036733206177963496
0.0027027302471589465,0.017655392807756076,0.001306651831836092
0.002671760827656744,0.018250757155994446,0.0010214271117128249
0.0024483847717982066,0.017420874860354374,-0.0016428371934580355
-0.0025528643321868216,0.028697122435778155,0.10444494345340871
0.00390633310791122,0.017708751807210987,-0.004736865857278616
0.0023774780043823718,0.01762889240552079,-0.0043616693770260895
0.004417222419484723,0.01736784758854748,-0.011217854063790611
0.0028167558872618237,0.018723007535762726,0.003107142370570415
0.002562085814028503,0.016831229431968797,-0.0005613371004855594
0.002908350370947943,0.01834273169922973,0.0001070516100263319
0.002804660162943229,0.019028146631734355,-0.0008287517918681431
0.0024125060008195476,0.01716004450368791,0.002102081522444621
0.0027452723452277006,0.019387552904712724,0.0013733338631496395
0.00245671306887818,0.016359962177458165,0.00011098267641429516
0.002943291550846716,0.01942407886203945,0.0018823527761782088
0.0023326314436213913,0.01805845774337289,0.0013125005587930616
0.002725053459025073,0.0190254502404148,-0.0011458360113891786
0.0026058463878579907,0.01788783469995847,0.001215154816662789
0.002411211538689173,0.0163003847821388,-0.00044064437843971405
0.002965797085771271,0.018484943924085506,0.000852157288075972
0.00299253298100588,0.020159944107128958,0.00062000317889499
0.0024641119407844414,0.01641414091768789,-5.4511263211765026e-05
0.0025966456477157784,0.01798510013542387,0.00018784268921123726
0.002572395676486927,0.01843007451021439,-0.0007577797557587473
0.002840696175409274,0.01695794695732955,-0.0004241787655452356
0.0025964943302994037,0.019481188648911463,0.003468624976040502
0.0028907050189568295,0.017085986310066303,-0.0019156833045848032
0.002508629522355754,0.018297121487226065,-0.0013176500287492843
0.0025027557575545423,0.017989854453175802,0.002256250279398131
-0.001205320333133919,0.02066786778707108,0.03370256071032429
-0.010406712708694421,0.022333533265140204,0.07536265018194044
-0.010081537594939682,0.021913829471350343,0.06369619166202156
-0.012702287764035702,0.022194591647279438,0.06903565559832714
-0.01401474706903727,0.02066213454479282,0.07480662099546365
-0.013885101495692442,0.016645389367231367,0.07481507057252657
-0.016816810433919027,0.01884168601406655,0.07347836088372972
-0.019579903360031015,0.01652345220557372,0.081334819136746
-0.018301812127119454,0.015518201288865718,0.06878833288921982
-0.020334204078930718,0.014255525491493781,0.07266348709030268
-0.022103622780994314,0.012428636251703207,0.07508141519073774
-0.021694532361658858,0.010946777972249855,0.071058661102672
-0.023038656269433133,0.009661865054745089,0.0690465839094081
-0.02049811887920594,0.007575589187986509,0.06277337345635559
-0.024734137453939375,0.006255621184200866,0.07347140877952185
-0.024067451122275152,0.00453886547854232,0.07195706573569183
-0.02363320113249312,0.002989404870572532,0.0667568018256155
-0.020488197377372508,0.00553165075817752,0.031000012715768577
-0.014356064067441388,0.010376503419354144,-0.007300008245429979
-0.015462351308734856,0.00813737025851724,0.004561544148668162
-0.01652712785271815,0.009657367866402922,-0.002432972324729832
-0.01513377884778011,0.008568512775626314,-0.0005785703340919213
-0.01645336409253728,0.009700576302885455,-3.8898381177432384e-05
-0.015059312675979264,0.008293322819665327,0.0014951404652165934
-0.015715700873206284,0.00952006632493374,-0.005718748603019463
-0.015581376344164344,0.008983433567325783,0.0006124973798513622
-0.014113960600709241,0.00843660581553074,-0.005576463449390445
-0.017668420974138677,0.009570270820830284,0.002743129056408833
-0.016728551236509404,0.009568089897786791,0.0011666714350724305
-0.014454835309372083,0.008350409769300349,4.3132765181752575e-05
-0.015059192003669342,0.009200077608908508,-0.0027898036703710716
-0.0155350432452801,0.009508221509647807,-0.005313327929190592
-0.016875123190386976,0.009173220485106715,0.005126664971232486
-0.015701163896747694,0.008766562575897474,0.0022799980926322405
-0.013849859217287097,0.008503127787761855,-0.003632939764091958
-0.01684893494366202,0.009730069399513486,0.00013959986107892064
-0.016596037339194236,0.008799217831639172,0.00507334117459024
-0.014723830506077284,0.008718615503292781,-0.0021100053243969796
-0.016400609996831683,0.009838381816858366,-0.0025433277970066115
-0.015075014558104893,0.008797562126956926,0.00037568793583631077
-0.016141947552076985,0.009031250289993409,0.003657643278202727
-0.01576875078828488,0.009010552244824055,-0.001166466096073293
-0.01517767474975118,0.00924304248448915,-0.0036935316786639305
-0.015554017227632055,0.00892232204749166,0.0022533341810380136
-0.014992403107497054,0.008800447984461668,-0.00012156717731315325
-0.015925049376504408,0.009481029921772244,-0.000668911489224655
-0.015206006740348776,0.009647717985047821,-0.007442855196607923
-0.016609120195504534,0.009221298919162457,0.0035222220750483757
-0.015634186499242197,0.008873638175330267,0.0010777779249515618
-0.016162504159398683,0.009559284709167226,-0.0015625022352026008
-0.011249195332129869,0.010736128725770788,-0.025296339608761542
0.001994506186275391,0.016233349470569314,-0.09602646815603677
-0.0030416941881825643,0.014733615027418212,-0.0592587492812342
-5.988531081602133e-05,0.014658532589964413,-0.061261217657762046
0.001515434120312964,0.015299871901015338,-0.07321339553418227
-0.0037452172209655465,0.014331609807027856,-0.03094161405753937
-0.013068922721814147,0.01388952190242132,0.0014549892462838443
-0.011436213984314048,0.014143397014162229,-0.0003270738490392944
-0.011032178317998742,0.014447864174743419,-0.0043796065928241035
-0.011044232226358197,0.013452563339378054,0.0015123897971420774
-0.011219793174793491,0.014101078607665407,0.0015142749489278629
-0.011556993904211499,0.013939841953398702,-0.002859994794512488
-0.012123503070858632,0.014576603682805,-0.0006400022252606163
-0.01093750846856878,0.013859920743860998,-0.00015333704203968068
-0.012144796444409245,0.014465451979654986,-0.0006799984105541057
-0.011582776400351324,0.014628807244468467,0.0023333354525938432
-0.010907663817198987,0.013822054362686798,-0.0008500178805554981
-0.011909978905574992,0.014272831878456849,0.0029071602511265837
-0.01213114190289133,0.014046949222483063,-0.0011133926499660163
-0.012113429251341845,0.01420427823603565,0.00015625027939591973
-0.01039350183099419,0.013380182599956658,-0.0033799996821066713
-0.005879398574395012,0.015013092886221102,-0.03426097285620244
0.004488182910392879,0.014346532088929775,-0.07626525464433698
0.0026568510885276453,0.013626175654532169,-0.0599437839932051
0.004890963327020881,0.013743983299236096,-0.06300002032906349
0.00811468611549282,0.013604242497619268,-0.0867357024869122
0.006037651707472502,0.013275533279997198,-0.05773773734218324
0.008971960446818805,0.012891964025861125,-0.07767652866598951
0.0023153561489519525,0.016078037065073048,-0.03438126927833807
-0.0036791427783189334,0.018286880043996367,0.006821273093066793
-0.00397521337063278,0.017746002890930423,0.00423999618526949
-0.002548458348176297,0.01678628935444504,-0.005368236119096537
-0.004375041651823786,0.018734890645555113,0.002088236119096365
-0.0025617078566115836,0.017968816692144784,-0.0023588250143724565
-0.004107536480987051,0.017535974685110256,0.0048588250143737355
-0.002818690011013647,0.018663491057030024,-0.004424998509865219
-0.0037203003569428184,0.01795861226332285,0.0028983244257858587
-0.0031032652944449346,0.016803805302392005,-0.001973325915919588
-0.004156200000000165,0.01857069999999994,0.0023999999999979593
-0.0019307357712858852,0.017916087342748632,-0.00819412226694638
-0.005430924228714051,0.017579072657251338,0.013274122266949462
-0.0018369381324010448,0.0184626650433124,-0.01044667090519269
-0.0041117974854962824,0.018223436000953885,6.672494638593207e-06
-0.0032144043821027424,0.018491338955733738,-0.003140001589446939
-0.0036861578404834283,0.016946847183147984,0.006541177790555963
0.0037341958250660667,0.011155887199749692,-0.1081745005275856
-0.0016185523406879732,0.01654090451146617,-0.0031933485920880855
-0.004143158902325084,0.0192629915769591,-0.0012608296022058596
-0.003956719739948156,0.018049034738328418,0.015214167492025865
-0.0024827767151522906,0.018481354454362053,-0.004472820689009893
-0.002396775531700701,0.016553455851994636,-0.005460986539269186
-0.0039052239125121346,0.018775412927357404,0.005870771514164375
-0.0015319773647357593,0.015304419857043339,-0.013163630846587893
-0.005919913477520744,0.022932531699591197,0.019979999999996778
-0.009195089999999517,0.023458810000000163,0.0780200000000022
-0.004370275920517752,0.015594286476478425,0.02041248565766196
-0.004008696398838829,0.015544355916311536,0.000714192029338534
-0.003834418524647276,0.019276147748578443,-0.006391379031963851
0.0034507879027336763,0.01658357748399908,-0.03977535587509706
-0.059052648128212315,-0.1515577973971659,-2.246502811212933
-0.0005217465444262714,0.014096546712858204,-0.05781508635786636
-0.0007025801444222601,0.01686083818817341,-0.0750102092811673
0.001096024289740427,0.015865787253711572,-0.06842213335982095
0.002110515237277788,0.015275953879639426,-0.06976133830399434
0.0029919935789139984,0.01735064526091401,-0.08337776132874097
0.0046134409029634504,0.016212915915140513,-0.07415490217794485
0.006117953749435134,0.015873192561361105,-0.0766156979370578
0.006333339999999854,0.013732500000000036,-0.06485999999999947
0.008753872419959396,0.014334439942098154,-0.07342570163487849
0.010069147530131328,0.014212985971053138,-0.028614326975604953
0.008959177424213483,0.015259535793929802,0.00042355356735690464
0.010572444893170552,0.014227610277660285,0.003817656463523278
0.01095161773252551,0.017071028015258616,-0.006341181420397746
0.009620036927982856,0.013768851621988154,0.0028750033527540353
0.010015669004966643,0.0144683954931496,0.002055767288775101
0.010422442465683357,0.014797859163174332,-0.0021241029152303526
0.009712563391894857,0.014620472736596168,-0.0007949010404644241
0.009909930542778778,0.015296154183852106,-0.0015117666858337486
0.010393566889003392,0.015522579438888906,0.0015250011175851341
0.009747490777689993,0.015294647362350866,-0.008285001117585011
0.011757347745536606,0.013991642922738134,0.006171791930212223
0.011872015764465171,0.014770281384535955,0.015863200321176052
0.009819908590269044,0.013147045656452638,-0.03577500417216761
0.009674860463851243,0.012493215065887187,-0.077378891858773
0.009898304895732402,0.012650604268451993,-0.07636234693921118
0.010144283770235685,0.011409805018478103,-0.07379743166819885
0.012323888079636358,0.009759677187876958,-0.05834825123938536
0.012403545691312079,0.009863354485749931,-0.07940665673843483
0.0150580200534991,0.008441865090449308,-0.07328650547843552
0.00998262297290875,0.011430395324535159,-0.1177578644252133
0.01625783485342458,0.00958546304092267,-0.09286207152049109
0.014631607501721877,0.005155682251325899,-0.07192950974509493
0.026357248191520632,-7.047116951597321e-05,-0.028588181422941616
0.015034360562669047,0.0029863797960814065,-0.07005287295064733
0.014983079192284254,0.0015346095264546777,-0.06259780493564016
0.01731524193423617,0.0014426307395116744,-0.08734722969811237
0.015031397847293793,-0.0010278798599239192,-0.06910939460448873
0.015911421600915965,-0.000495607190890035,-0.07119257439414461
0.019835122247310988,-0.0025915438172307015,-0.09345890074751395
0.013585638041176296,-0.007262659721891107,-0.05252349971249437
0.013589244702887804,-0.007567637836416452,-0.05480593383167687
0.017304680091676516,-0.004670714037540491,-0.08322743976762403
0.01583607520543584,-0.005327198126043098,-0.08966662640069956
0.012933455909400315,-0.008622433116485029,-0.0666571696185283
0.01241850255729604,-0.009357747399086347,-0.06709287955447074
0.013056483596751267,-0.010095006121736971,-0.07167935071199771
0.011692107936552176,-0.011292613362691606,-0.07257060011500194
0.011045399999999983,-0.01376490000000008,-0.07140000000000057
0.008968976165641074,-0.01197295542922705,-0.06756870762490941
0.010000828415215324,-0.012976761972305129,-0.07665794463055065
0.008108055941141501,-0.015291910754365867,-0.0751909472845309
0.007921256262743537,-0.014184578240559631,-0.07877528533739309
0.005816544683920455,-0.014594048284271022,-0.07177765633406707
0.005167898531337922,-0.017022165319271254,-0.07074945878854777
0.004516124805858723,-0.016333502540871847,-0.07523711171662306
0.002737989212142189,-0.01500167814011999,-0.06882411406867917
0.0007563259819995949,-0.0171159993190082,-0.0457187742146985
0.0017619768158421145,-0.01958351827272342,0.010811770893230488
0.0010937562928456934,-0.017751246841559487,-0.0044851027430574675
0.0003398665251737043,-0.0180680719218711,0.0034233309983431326
0.0014475069170547528,-0.01736083206332284,-0.0013382324626824982
0.0015802122124948248,-0.018894595718134233,-0.0005917635069412341
0.0006229290045647318,-0.01821511454090119,0.00377999682110719
0.00125015112167004,-0.018046905941215163,-0.0015857152588552026
0.001794868042992448,-0.019115531300711197,-0.03862763630041677
-0.0010269485757672392,-0.012614721689675479,-0.060501333081345976
-0.0003145265556847576,-0.01751057041919668,-0.0774884745382387
-0.007241647993819544,-0.01742904846079285,0.008567819377926611
-0.004587618807367022,-0.018300117829896267,0.02302502980093024
-0.0009104450000001485,-0.01765114500000009,-0.01767500000000055
-0.004101718459826653,-0.01909730574107904,0.013113333863147503
-0.0017304938205402465,-0.016910235934925133,-0.00756338750482044
-0.0036410548503016393,-0.018654345963511343,0.00377862604336876
-0.0020404764248618257,-0.017235366901527494,-0.0030285724016962945
-0.003165396444469337,-0.018552605458957094,0.002100000000000435
-0.0027604105619891683,-0.01822843100136229,-0.001635716961853717
-0.0020803294380109527,-0.01611848899863766,-0.006164283038145868
-0.0035415280517709924,-0.01974323540871925,0.009214291553133691
-0.002826548120339556,-0.017614933962835755,-0.005826056836502502
-0.0030040034158984597,-0.017883014632005256,-0.03296821691455243
-0.0025337012687027816,-0.01406900310762138,-0.08024005118044819
-0.004784974345733772,-0.013842423321759334,-0.059938807063126376
-0.00486073853513691,-0.017108143989692515,-0.09310788450486207
-0.00715900817538051,-0.013234913368342927,-0.05508035301670233
-0.006329330280633538,-0.015182262381667089,-0.05392938025048011
-0.011995529321145337,-0.015913163839913036,0.03260978571890405
-0.006810790901243369,-0.017073543371639577,-0.02649047328193177
-0.010091447584014812,-0.015411662615803845,0.011957145776566591
-0.007843409432275017,-0.015234218724482274,-0.005350019371180181
-0.009382186444476304,-0.015929398733408595,0.007202952627846315
-0.008445291216741424,-0.01617889533099537,-0.0086929370713964
-0.008960838760971424,-0.015398912248153263,0.04345424233246753
-0.0068461632894463165,-0.014991775951611608,0.0717990303890268
-0.005895710856089309,-0.015254239011348814,0.0693067310932367
-0.005491282166248723,-0.013189005982637614,0.07499176107597272
-0.003943520910918874,-0.01816330358105933,0.04092153940880827
-0.003930117215106055,-0.01773730732170753,-0.011733283655194882
-0.004047579707726623,-0.016376243114595512,0.000999983170414609
-0.004001834998012654,-0.01937374120003188,0.0020333306842559296
-0.0041794475931826724,-0.01702274236447443,0.00359019848001374
-0.003886619832709659,-0.0178137976530095,-0.004836858259080756
-0.004237197576094864,-0.01790511878248413,-0.003386670905189959
-0.004081720491424079,-0.018007393826346973,0.0029235417864601487
-0.0039679391534881425,-0.017955631268226746,0.00010979101704933214
-0.004028145552576579,-0.017951854028052106,-0.002119997350913394
-0.003503821234137394,-0.016416401674286707,-0.0017133339624813004
-0.00458461678800548,-0.017780913838737478,0.007728569208612868
-0.004031270666179587,-0.018517837288672956,-0.0032462137151494375
-0.003601366114188931,-0.01811176807567727,0.027657643016423705
-0.0028274799999996603,-0.015843099999999888,0.08407999999999838
0.00010324781683523909,-0.015024799843538217,0.05164870762490814
-0.0011924639333025233,-0.015796094313728304,0.08603540015184308
-0.0011962065672905808,-0.017362394982040286,0.08371058387619534
0.003583836615060232,-0.01519481703565595,0.05337779295239109
0.0027765794020306878,-0.015564293825037323,0.07295949206132946
0.002928613919275236,-0.01530245991108492,0.07059216173005645
0.004421852747391597,-0.015436440088915093,0.06794117160327673
0.015662564373589483,-0.0336188928251262,0.021299996821056766
0.007517496902427645,-0.016089200780481372,0.0013700053247127641
0.006384079342923066,-0.01750683458048763,0.0076966650507213075
0.006127896923659559,-0.015769776932903934,0.006950978624862714
0.009181562457400094,-0.01784749488100079,-0.014617645821353165
0.006831673204786615,-0.014943394681786515,-0.0002750018626418438
0.007115288151986476,-0.017938634965033007,0.002828334984045
0.007112688726672811,-0.01608881659016692,-0.00023333788974078118
0.014272009176904632,-0.008490572623105486,-0.11626117104227696
0.007294940739649647,-0.017496781139907824,0.0031411758106134613
0.007893193077527005,-0.016932497812184533,-0.003605881857959403
0.006344776898264293,-0.01698766561627174,0.004921267178724875
0.007744136202577412,-0.016654648962341145,-0.0033653878752168964
0.006920812956871192,-0.01506146148267229,0.0007970608829950265
0.00724218086476025,-0.017883526126530658,0.002552941671456921
0.007030677616649772,-0.01628766120920533,-0.0008882361190973853
0.007779499600229833,-0.01665535085310088,-0.0036050993334963977
0.007042277772470573,-0.016723550874401027,0.0027933322736508615
0.007485424657522888,-0.016945908666137655,-0.0004499935096671237
0.006512602840331727,-0.016069280891035653,-0.0008566695541976088
0.007884244009576324,-0.01716154577407414,-0.0028580421144841495
0.0067486972753521,-0.01742641056950589,0.008164708357291772
0.005984590075340801,-0.017743366107702663,0.00934666846806742
0.008053049830999637,-0.016099109482629714,-0.008875251574332665
0.007075307297779165,-0.0166168228456276,0.002155248077496452
0.006721529023746786,-0.017678492726579176,0.006373335028769134
0.007571988436648525,-0.015063121825613202,-0.00877142370572237
0.006303608645128467,-0.017581903832815104,0.009104757568870525
0.008070754929462964,-0.01628805016922863,-0.005133328754155286
0.006207666217643126,-0.016690998954359326,0.005442842302452178
0.008418141209397767,-0.01781733694669274,-0.006529514925830426
0.006069178732623914,-0.015562828118142136,0.0047278425000101265
0.007670707827051704,-0.016417280756010122,-0.003012605503336374
0.0070087086094243745,-0.017842557733679598,0.0036571375049909705
0.007030645392619217,-0.014985721663459461,-0.00378570698727998
0.007492540000000325,-0.01839759999999968,0.002180000000000959
0.006500829795522911,-0.015617939704644979,0.001337645573880053
0.007680498978318795,-0.016922424539224323,-0.004003364238730711
0.00686441905653945,-0.016807418532016172,0.004921416893733266
0.006020837864189499,-0.015452940129181414,-0.004435698228883567
0.008856071186936099,-0.019060564139358416,0.006533338631488306
0.007062984696520225,-0.01583711781935726,-0.00997333926727606
0.004054006109415642,-0.01985244915611961,0.05321894681540584
0.0029528915490120156,-0.02144915613089937,0.07032105382038267
0.019319403708318195,-0.010252825507651053,-0.10930000681187302
-0.0016762686438318575,-0.019105235537710374,0.0434406755074388
0.0068208802185321105,-0.017326594679368146,0.002946425994645452
0.008125743928738327,-0.015697109587200497,-0.007667096915453087
0.005928742890581873,-0.01693427596287478,-0.018773005362097805
0.005901107284907781,-0.01444607097689321,-0.0961470451155666
0.005585611376298871,-0.015528477597500423,-0.07059994729709373
0.0021998647772716318,-0.01581171742755183,-0.06818387682274185
0.0031217341840168444,-0.015491558755204249,-0.06463610267324071
0.00024125103871153186,-0.016619773817244,-0.06449668717068313
0.00025511523866850183,-0.016812574657431245,-0.06752124083371136
-0.0010956260927219574,-0.016301589246690007,-0.05910098986338319
-0.0034304313833000144,-0.017729931072948624,-0.08615808956427884
-0.002660611560945103,-0.01504896455816418,-0.06956335846214756
-0.005273558182956162,-0.01433204403731203,-0.06615620185072046
-0.006660396783453759,-0.015327199367722866,-0.03465698485353563
-0.005715141235291821,-0.017526647059731282,-0.004011777905557068
-0.006424875447035738,-0.016015401509052563,-0.0010352776180528878
-0.006961164546127829,-0.018093557631433388,-0.0044972504535998326
-0.006578287178182762,-0.015351428165605974,0.0022873652927586363
-0.006331163771123194,-0.017041763081338424,-0.0012798449697175585
-0.0077208515600104555,-0.017390857365044088,0.007854040304389187
-0.006074879492386831,-0.016176246309766995,-0.03128187605464916
-0.006781918397543052,-0.014769896878111588,-0.08292949946005024
-0.007914459607589741,-0.01605969905964688,-0.06696765704107754
-0.009290172921665008,-0.014144836773755998,-0.07101241785751711
-0.009026970766197628,-0.010946055174443359,-0.0744875372402749
-0.009432307919340577,-0.010727779901907208,-0.07723238530386922
-0.013450623129419359,-0.01269375451818977,-0.05788643725856524
-0.011246873743457897,-0.010540789709475806,-0.07395611803154623
-0.013291019049662456,-0.009592495744224383,-0.0730851178981009
-0.013576161649652363,-0.00914563691289727,-0.0808400422893687
-0.01373152714833159,-0.007765151850002372,-0.0755273535021761
-0.014607038176736253,-0.006240997438468732,-0.061422571247112145
-0.01567947534112557,-0.0052103731945361,-0.06280599247218177
-0.015979149763423184,-0.004350990511744701,-0.07784449775397917
-0.015185400405292704,-0.0024686702586720344,-0.0794492549767547
-0.0175545257446994,-0.0029365012328197437,-0.05822382403952986
-0.014461706399705676,-0.0009552006536117652,-0.07704308500613877
-0.016942939976849036,0.00092480115506266,-0.08101910480928431
-0.014934407864441557,0.0002789827196867378,-0.06171425749318793
-0.015852499999999825,0.003014700000000037,-0.07249999999999979
-0.01642402018147937,0.0038418373322297583,-0.08104122547438486
-0.014752865664503734,0.003886314626762477,-0.06337207818928725
-0.01542311312617528,0.0055177417918357285,-0.07642007470396628
-0.013764505634941138,0.0068069468533540345,-0.06479597102859991
-0.015287524324457902,0.007823968735551468,-0.0710772977729146
-0.011448467164346443,0.006684039395905117,-0.06716832936156614
-0.01124846654577194,0.008178304391309954,-0.06362505648105632
-0.012829760711908555,0.010894514622022733,-0.04634441624029506
-0.01417310739687494,0.011826257897915582,-0.09178502356113505
-0.008950769249540969,0.01627377435311317,-0.08197052718679565
-0.011375970333787233,0.01021965145776571,-0.0728214645776557
-0.007015988085914415,0.01144251231374449,-0.046896178438766256
-0.006780079760382307,0.017103669708582014,-0.04509571786730859
-0.011072022292942574,0.016654768193621106,-0.0014866391162691173
-0.0072184895269735705,0.016039948326286524,0.002600000000001046
-0.008829649999999578,0.017051449999999857,-0.012100000000000222
-0.008362991580999513,0.014981889460471631,0.006305883342916374
-0.008087801042941045,0.016537144824050998,0.002769111069159891
-0.008975487248675584,0.016644104954578243,0.0008707201655795416
-0.00766162012738425,0.013880160760899152,0.003054285422344094
-0.008880137426686474,0.018387507762855027,0.0021000015894472313
-0.008383810130919489,0.014975875662807336,-0.0012058835298986992
-0.00952780327446856,0.015955671157505513,-0.00012078419639927063
-0.008143714247795142,0.01687917749980139,-0.0024466629579613652
-0.00726330837846989,0.01392628470173829,0.006661565213910592
-0.009876916745904296,0.018438415843441636,-0.001328239297990308
-0.008953913447776074,0.015104886148059382,-0.0042129384925662094
-0.008092258913345862,0.015827640880471616,0.004519610987200551
-0.007921496067052836,0.017314005473497485,0.0018266707993337405
-0.009101313419019874,0.015779622369263446,-0.0032808410463971427
-0.008322590066690783,0.016408676990180115,0.0015274999776373477
-0.008669737881870532,0.016267835510379136,-0.0027999990463172253
-0.007516391227573305,0.01595483614770199,0.0012725156464199472
-0.009216791185873152,0.016782128679191377,-0.0002410846421785351
-0.008841417586553657,0.01717063517310624,-0.0032714310042400996
-0.008301701851704646,0.013610428308034717,9.999999999976694e-05
-0.008362662099658191,0.01693300524199337,-0.0017133370420410188
-0.008390606735132256,0.014783339219645253,-0.004530412678562357
-0.007722173392183063,0.01622257355015,0.004100893794172222
-0.008601847254072315,0.017130934176083912,-0.0023104811156091642
-0.007639408667249548,0.016456219504092928,-0.0002466629579593871
-0.008749521783704584,0.015710924563690387,-3.9999046318683895e-05
-0.007236271168333364,0.01658447054869816,-0.0011822190550638823
-0.008779107047961698,0.016164404887611283,-0.0002777818986174907
-0.009675495345216945,0.01591041966677409,-0.0032764722381948275
-0.008984537259609127,0.015550505491378708,-0.0003568605653150314
-0.0072684719233668815,0.016811086471417713,0.003083343872802402
-0.008469423479972704,0.015878193454695655,-0.0006500110692932992
-0.008924853077425965,0.01540744060436161,-0.0028933322737021427
-0.009170718914408571,0.017380854311372484,0.0016933322737013867
-0.007996656718174844,0.014576212913319786,0.003125010058264266
-0.009455204252533544,0.016684593643219614,-0.006782152428835175
-0.007704001682077077,0.016763853236832382,-0.0006095189979422599
-0.007853395046049094,0.014691669023087606,0.0024313697258051548
-0.009129642634935653,0.017227589183301806,-0.00046475603877915717
-0.00838666463910931,0.015493094208917313,-0.0023312049262500523
-0.008430295027120671,0.016009087791321264,0.0003712526077386258
-0.00804253087657969,0.016516085257887614,0.0006377477549062149
-0.008310975661995013,0.015052370906649681,-0.00568951444074095
-0.00835711181316956,0.016614544201035475,0.0038050989595355134
-0.009055481581217606,0.0166399018447132,-0.005793332273700713
-0.008982943223677875,0.01633910432551655,0.005700006357782783
-0.009474697917843056,0.016897449919040852,-0.0036800076293612705
-0.005872006946217034,0.014728676218396242,0.0031505887643898944
-0.010137411741441671,0.017605085564422307,-0.006329408299791339
-0.008472913724527853,0.016250761374696943,-0.0011705973100699651
-0.007073285742236202,0.01541127356592531,0.004593929780369876
-0.008747488823069638,0.014366738882327645,-0.00267562601223581
-0.009933425092610193,0.01912687641381039,-0.003348259952595356
-0.007254311694839366,0.013465803058372305,0.013784372513370613
-0.009092044512227115,0.01574579541649701,-0.003643742344539902
-0.008153773899543637,0.016768592269815752,0.0004599191183043416
-0.008612947608094945,0.01621325017460684,-0.0029529500862519598
-0.008492131265817271,0.015996905362657188,0.0025710354718544437
-0.008150841987276003,0.016337194717722436,0.0008828422501476751
-0.008346934794214,0.017158773830822316,-0.004751191428704615
-0.009059036309872592,0.014816439405208381,0.00405614433094037
-0.007711981211169228,0.015007814344417447,-0.031464715369619256
-0.006408002764259457,0.01627376561715521,-0.08818820386239068
-0.004437255884767399,0.012872134663086898,-0.05503791283423887
-0.005322182671088083,0.016875196750887334,-0.0833629547615029
-0.002456498393835993,0.013665787130529905,-0.05762266957098561
-0.001429001079159331,0.015159941978084124,-0.06710906644750203
-0.005719566193973069,0.019745198317853152,-0.1053144154452772
0.0012126082217300826,0.015237158855025301,-0.05974715487702653
-0.000246464807006852,0.015851079632836385,-0.08069996235506771
0.0040380944279085895,0.015572000586819179,-0.060203260961522176
0.0054714676904916715,0.014797862929958328,-0.0479010668536306
0.0014046426776244125,0.014943532347247324,-0.09104307527929922
0.005227635599190261,0.016414989822411963,-0.08678783385209954
0.0054010337050707236,0.014701154714105158,-0.0712069705523195
0.008075943337665592,0.014770984569059786,-0.07784442435864936
0.008275816863707153,0.01345523312990804,-0.06553215399832535
0.009012461127706484,0.011846931851824616,-0.07057533921603021
0.011048908918278144,0.012523644165042258,-0.06114102351934747
0.010910815439788557,0.01155497519447013,-0.06947537065788545
0.011887835662331092,0.011586536393023206,-0.07859271015469371
0.013857841190156872,0.011106173380432072,-0.07813475010850457
0.012876457872324387,0.004934462727517186,-0.05174267329025284
0.014554945487756044,0.009183718188180645,-0.07801934719743997
0.013483756840668715,0.005467920284249805,-0.06348337284925254
0.01667200495616994,0.006318360200442408,-0.08402844152040867
0.014484297773412536,0.004271571813807329,-0.06571323219637293
0.016010080429748275,0.003512807701500531,-0.06925495343396548
0.015649736418944737,0.001837536502250936,-0.06948475744358618
0.014213779087897116,0.002283662861697122,-0.06566845447211911
0.015691037685590548,-0.002487742643753954,-0.06496675442512245
0.0170859568068229,-0.0034032535781416406,-0.05282814315268247
0.01218538844086714,-0.0034357566670442097,-0.05653642678084214
0.01635639744756867,-0.0008454063193346073,-0.08515315162096826
0.01881461124627526,-4.672115025283752e-05,-0.11098762380472493
0.01473509286603436,-0.0113473990054207,-0.04691468829995493
0.013445152685136463,-0.0031068614124267757,-0.07704025940584547
0.009309025541305083,-0.0023083363497993226,-0.0663162464915219
0.01456726382396667,-0.0077156072241499896,-0.06678037421162397
0.014033017949591553,-0.017552375013623944,-0.05274311989100866
0.01809063616365192,-0.003774034569412388,-0.12976650348094232
0.010019697836688657,-0.012207628775274149,-0.05372635244548718
0.008684585999659156,0.0019637833446863873,-0.06884714407357073
0.011970683859392928,-0.02254190001460299,-0.0692036632940436
0.008762006232397201,0.011848707996074737,-0.0839422327227135
0.009314943781118412,-0.04282240124767367,-0.06836707650894258
0.007466526127091644,-0.009075586733797936,-0.07250702747430005
0.007967375005245358,-0.008350939165527649,-0.06634008742092412
0.003010544994754394,-0.02982740083447233,-0.07829991257907576
0.004331004949613693,-0.020461858209619432,-0.07269997456845889
0.009592645624695972,-0.01820391987124692,-0.05690594243363023
-0.001479095028643851,-0.020561511412727995,-0.07895411097260663
-0.010590684938898143,-0.03411668684877056,-0.1259743377293967
0.011931834585723333,0.01404351482928945,-0.07517725057508251
-0.0023954186768233576,-0.015752455482837435,-0.07271649344834508
-0.003232099551774059,-0.017518478148329297,-0.07235725590309272
-0.015241397509493826,-0.018977685255296084,0.10345254521551528
0.006433532908395101,-0.010075463974577259,-0.01137506695523438
-0.0021864187643241273,-0.017449847311665767,0.05344670118337902
-0.003450125570898077,-0.014714966449220324,0.09963476571474317
-0.00038156602462180444,-0.015585918636942253,0.06389106018051827
0.00012463799704942602,-0.014888493228056188,0.07207536029169148
0.002573010501571993,-0.014982612948635676,0.06208498919667971
0.0037328515259722472,-0.015231118497306184,0.06076321887310687
0.0026147113336465466,-0.015430566213296082,0.07504858734255038
0.005584876638809355,-0.015134532340761897,0.06546320458766353
0.005671154334232931,-0.014216611176484317,0.07635805357513625
0.0036459956657668435,-0.005281538823516119,0.12369194642486292
0.008056361317036131,-0.029420956842673984,0.08502330641828593
0.00016252014166839857,0.016891635935419202,0.07121488201698423
0.01326036854129553,-0.02580502909274518,0.07041181156473009
0.008347677760061956,-0.010351342165730415,0.026806203340833612
0.015289435575390531,-0.011358985729048143,-0.1118396357496394
0.01249318171493341,-0.02815426779775354,-0.07803332538755026
0.004047325550430081,0.012468390990065359,-0.05029223551388373
0.009951479399183949,0.004573104702466857,-0.07484100668976001
0.009031202064429422,-0.0365178568994291,-0.07409371835687129
0.010485660169731403,-0.013339534937045983,-0.03682649018176942
-0.0004209565073867161,-0.038556665075231145,-0.12176610156228929
0.006247247771854703,-0.009506070731636118,-0.10270955353001554
-0.0005572534986288957,-0.023154872356657474,-0.04000413636905442
9.236002797452514e-05,-0.025639904420319937,-0.08887732071923526
-0.0011843898780510287,-0.021715349110387194,-0.09712611053793552
-0.0049630301499234974,-0.019967886469292928,-0.07074187874282956
-0.0019990795714783793,-0.008167288043043008,-0.04910042852147356
0.027440737103961776,0.011703494189186703,-0.014833658974056085
0.003535554897818205,-0.01164716550399758,-0.033738461698607836
-0.07383097778652292,-0.07027740102361157,-0.204291696289987
0.026610149811262307,0.008300007064026893,0.033130519326086905
0.0032503548901070545,-0.001483799426740262,-0.03322057885666485
-0.0337369689309317,-0.03090056531285157,-0.07398522450178024
0.00743372628994976,0.0010745674030556707,-0.13815971142800976
-0.009646566907663523,-0.008957651334441152,-0.06507605911300818
-0.011527009796502341,-0.014887898011584078,-0.0809446999424992
-0.012058759999999946,-0.010629360000000254,-0.07972000000000001
-0.01200466684944601,-0.008792844856359228,-0.06250038145190118
-0.015866587733000426,-0.008313520149839437,-0.032912989181026475
-0.014870121037092954,-0.01018187573963214,0.002595724811573774
-0.015416517851169154,-0.009384726052534376,-0.0020537812903627106
-0.015339406452998361,-0.009201583556875725,0.03810471011259109
-0.011926700076293262,-0.008505749644758698,0.07156671699912565
-0.013105862060626805,-0.009326718804496092,0.07278573910081709
-0.013170983378565815,-0.011600352837235928,0.07900595389157328
-0.009363717093403778,-0.011044779416993666,0.06916450811327346
-0.01168083746740356,-0.014839348941274366,0.0773437988943364
-0.00936187249484588,-0.012973315724443601,0.06874113291165873
-0.008624307505154416,-0.014821624275556555,0.032678867088341335
-0.008749641580381162,-0.015878325701634832,-0.002970006811989556
-0.008999908943550405,-0.014941719176472024,-0.001587496913348474
-0.009794374542226425,-0.016862688491782407,0.0006374918049658618
-0.008821610736823526,-0.015407429290588137,0.0035000119203711932
-0.008566513295470202,-0.015584090986405563,-0.002566665607018237
-0.00934156665945407,-0.01623048974406771,-0.001447617187892547
-0.008812153630402442,-0.014468128003944258,0.003689283167440216
-0.008998550611691414,-0.01631918860510506,-0.0030750003725286135
-0.008998607212880483,-0.016061113870383892,-0.0037058805379857063
-0.00941581901162003,-0.01607237603857037,0.0021058820280988044
-0.008960948897094312,-0.015511321573386638,0.0016600010530405385
-0.008262650683771078,-0.014457221035224954,0.0007988224712214276
-0.008917823910118639,-0.014547972072827431,-0.0020788237427984413
-0.009289192211828112,-0.01741456571761324,0.0011199987284236101
-0.008823830070064709,-0.01635381829096838,-0.001443751862669096
-0.009078879299345921,-0.01611183376982961,-0.004300686400596554
-0.00933074121698585,-0.01598008398739026,0.00236443190548119
-0.008751615724064354,-0.014570925812729119,0.0032154908489889777
-0.00919889194998369,-0.017352374727422237,-0.0016229822560021034
-0.008737515134625173,-0.01542418376796828,-0.0012525041425535122
-0.008803390610046868,-0.013985690298618625,-0.004042341051571086
-0.008847172418970928,-0.0164594095765338,-0.004924323283885812
-0.00963062164860018,-0.016167259460533323,0.006156666242807418
-0.009033622827987031,-0.015829373737164865,0.0007900022252602668
-0.009265467771286229,-0.015528834155210003,0.0011717644605733213
-0.008296271201772676,-0.014360312979818435,-0.004376491872712052
-0.009497438198953656,-0.01700288912780623,-0.0024752748131211533
-0.009228068799879807,-0.01542513769613052,0.002334729709380312
-0.008757964136090202,-0.015565152858937115,0.0007677730845818687
-0.009653267064030135,-0.016366249444932812,0.0004374972060370297
-0.009048845086943924,-0.01578594402835609,-0.001706666242807131
-0.008386129283060928,-0.015132411227736231,-0.000923765294785106
-0.00932359042390285,-0.01673309159887859,0.0007657231803008813
-0.008707235206092179,-0.015447753145028997,-0.0020352916427084367
-0.00990752389654137,-0.016146750885612793,0.002429032555778754
-0.007938366062235858,-0.014076082625123831,-0.0012838693551389113
-0.009368484345249506,-0.01676090188328594,0.0006136590088052785
-0.009286434258025444,-0.014793183673898813,-0.0010529444763909268
-0.008785079918598449,-0.01592185291044501,-0.0025164045111498723
-0.009577617520595272,-0.016136231835574222,0.0015331058602585657
-0.008397467349827714,-0.014645430409740978,-0.0043032165029472935
-0.009727460538568877,-0.016096427548956793,0.002218139097162286
-0.008851593030772431,-0.01557289186515165,0.000833465991129323
-0.008076150861215936,-0.014754377728235735,0.0006881263449560748
-0.00937137488862616,-0.016556655544946786,-0.00023556377573008547
-0.009743957948123771,-0.016135669333066982,-0.00011300722313123401
-0.008131189381619386,-0.014641593755960525,-0.0007605230136018548
-0.010399667673169688,-0.01851148018526594,-0.0006499999999993733
-0.00833432989775984,-0.014523006661710802,-0.0002529416714587285
-0.008995264287224192,-0.015667872163965146,0.0009739952276497377
-0.009507279030810611,-0.016211787577954606,0.0012789464438087705
-0.008585709111035733,-0.015150078411103607,-0.00020000000000042206
-0.009183507461654639,-0.016211205480012314,-0.0006333306842565278
-0.009134108427578447,-0.015989951104913747,0.0005509779080759003
-0.009092614449663028,-0.01568120005335727,0.002818066332039848
-0.009075117922373366,-0.016491693783626804,-0.0009357135558589746
-0.008641877154844657,-0.014410886098154219,0.00046249832362299514
-0.009467663474572285,-0.016319895978104793,0.002380356872984102
-0.008788693964817185,-0.015906281479463935,-0.0023678592944182952
-0.009307389214561423,-0.0163623561623627,-0.0002499962747171125
-0.009178824752142045,-0.016127118793927586,-0.0006249996274716452
-0.008647080160851361,-0.014772502283960431,0.0008764725681587038
-0.008875332450454021,-0.01547795791029083,-0.003116470025005036
-0.00954041819690965,-0.01628268836940361,-0.0002475034744735538
-0.008737394080166938,-0.015243703287461496,0.00017416685623317107
-0.00912279927725157,-0.01609279140243558,0.0005800033908300861
-0.008791638562949622,-0.0151175825703187,-0.0010607859728271052
-0.0093108025949864,-0.015805999930557313,0.0006298302129419397
-0.008890087854223294,-0.015772630311648772,0.0008242864441410092
-0.009653781890655688,-0.01653287494106559,0.00026499962747283945
-0.009106403177850497,-0.01599745315951573,-0.0009449983558953434
-0.00919427493149394,-0.016212971899418616,-0.0006000012715769998
-0.008823948665130033,-0.013461857130519839,0.035264485946647106
-0.0065053987275009995,-0.014101204024707492,0.062082186971940345
-0.006267642419441,-0.015507505987148562,0.08427337336212659
-0.005675398940192755,-0.015637728103833126,0.0707332404281269
-0.0037022852825441266,-0.015814124564646814,0.06733340803803944
-0.0043135901591238035,-0.014879060078349049,0.07578627076649269
-0.0014777282132831804,-0.01796727340492188,0.07458033338196213
-0.0007853411751017614,-0.014751995729616496,0.06970498643529588
0.0003301017545658258,-0.01647837190352064,0.07253156598910682
0.0023415280009406736,-0.016620800996632212,0.05898214018199521
0.0046952861591362804,-0.016753938941561408,0.054977010104459545
0.001813977667675104,-0.01659121913454209,0.09845630839380792
0.006770233663380143,-0.014148679211253512,0.046711754063643696
0.004783957772684255,-0.015202620690201396,0.07907486915816353
0.00508912216256574,-0.013295073651224953,0.08126787967174831
0.009248150549870937,-0.014900109328791267,0.06811698212006867
0.007849999391195128,-0.012404422681590255,0.06871521450159435
0.010783328506715373,-0.013356914049113655,0.07369333545259504
0.010953883550687937,-0.01109084437391239,0.0608317261081579
0.01180916918585706,-0.011253152677457301,0.069302542154559
0.011743131694456732,-0.010532980887080434,0.07584568023896665
0.011435923522586489,-0.009042902449374779,0.0715400165305029
0.015542335648663475,-0.009080403671679171,0.07254663826811214
0.012998802597974146,-0.007192988728360383,0.06588864075240508
0.016034511753362457,-0.009662707599960463,0.08011472097948236
0.01625418315902416,-0.004751402598744292,0.06053003814670621
0.010879545218647424,-0.0030943324650527515,0.0860586596221502
0.01740442162232858,-0.003632864936203184,0.06526130223114368
0.016102340019967354,-0.0009242752253797448,0.0656375091269421
0.016632867545795627,-0.0009548310211435762,0.06900252107253291
0.016634047134303387,0.00034612623889351823,0.06895997615841054
0.015321668134877342,0.0016630743290466654,0.06108236885774332
0.016690977165056076,0.0010979056785833663,0.08471762478437128
0.016536711057561604,0.004045414087192611,0.0687142677111714
0.014225127458471931,0.004436419522589219,0.06839999975702504
0.015811039387136017,0.004904283575581481,0.07673245345242474
0.014456956082366634,0.007105179309908394,0.06417325205879543
0.014954266014463702,0.0065117035047279614,0.07038002702058321
0.013969000000000342,0.009491579999999722,0.06993999999999989
0.01103023128199343,0.00828419326339791,0.08178358386042639
0.013240088718006415,0.01045126673660235,0.0624364161395734
0.011966580000000171,0.009821460000000393,0.06953999999999994
0.007552044587874285,0.01579517313010914,0.055614243869210434
0.01259634190161929,0.011605632092893892,0.08374580317914138
0.0070554594945462235,0.013328660619948529,0.05977523617956315
0.007865971019989093,0.013246568582339968,0.06444469436071731
0.007817482995970959,0.015962165574708198,0.07902002241136774
0.005512821665739409,0.014102540268616348,0.07360002384169118
0.005799031162537549,0.01513713156186558,0.06922501639196277
0.0014752294684003964,0.015036412477331229,0.0601101967128983
0.005115657579979782,0.01422599897412713,0.09475808409486941
0.00016204225862148647,0.018244902989904777,0.05698670899934832
0.0004246178647213661,0.015376013728154891,0.052419969959230706
-0.0002774252721926551,0.01732731346260863,0.09209996821107858
-0.0008975671222613002,0.013669841377284442,0.07585392167631433
-0.0028739037669978096,0.01436924101722381,0.07165201869990412
-0.00540933374397623,0.018500796744011616,0.06812739507637566
-0.005625053645053946,0.01565864673802997,0.06744906874702394
-0.006542816449518263,0.01415466066084159,0.05651762758930268
-0.007553990819213485,0.01567204441300829,0.08567992497695265
-0.007789673751329218,0.012360763854262213,0.06889514207913727
-0.008772483146705756,0.013346674889243904,0.08477459321331082
-0.010523960230523599,0.012963232754457099,0.05683263079829537
-0.010701478029560008,0.011658331818551915,0.06996387039655971
-0.013154578601862088,0.011360610150155548,0.07710720418781314
-0.014440538862455998,0.010359103381417878,0.019452509276053576
-0.014374796558349612,0.011538338738902976,-0.0025058749281221537
-0.014372255429645264,0.011158662541548292,0.001864708357292244
-0.01452969881420163,0.011097735960084343,0.002266062284235204
-0.014236873579406506,0.010536103564647625,-0.04332405523184768
-0.009864380256537686,0.009585137205478933,-0.06780677369014043
-0.011230094108876099,0.010874528568978192,-0.06857992105673993
-0.010537834798331147,0.011258176804333608,-0.06744004482276367
-0.010082051920257573,0.013504489367485828,-0.07213327314592455
-0.00936795194424267,0.014011563277974926,-0.07853239751699803
-0.006942452743637695,0.012588443115796544,-0.07531424897915961
-0.007024905532530212,0.014463922119792638,-0.06638240055934119
-0.006004410327948406,0.014832718510198184,-0.07251102129068165
-0.0049612749039251725,0.015837546465618413,-0.07543158517346527
-0.002995790640460072,0.014993922498062862,-0.06145004917446428
-0.0011284070891126596,0.014291295871842635,-0.059748524956875215
-0.003437084296306736,0.020142447055028434,-0.09180978232685888
-0.0019493980293554536,0.015075001565729274,-0.07038098572898832
0.0015350644147749115,0.01712470550739953,-0.0767857069872786
0.001833958601839214,0.016543623707425237,-0.06825718153950966
0.0034482595990525944,0.016424490225769972,-0.07432279366493422
0.004813838754259336,0.015537314237087596,-0.06824227836518748
0.005672984189529995,0.014528865547348335,-0.06908887667395547
0.006779899616663254,0.016272512282527796,-0.08061558834498594
0.008493144393558083,0.012569015329939148,-0.05891447603156941
0.008047724230776598,0.014116839919206647,-0.07706544131723359
0.010176458035982883,0.012744708025218099,-0.06882910997543146
0.011568234080364892,0.01389681932914888,-0.03168424137162429
0.012874526285111543,0.012994507460797333,0.008779983469699992
0.011127168039124058,0.012556609668810115,-0.0012835211421426962
0.012576219445906922,0.013387009905458047,0.001067274677478025
0.01157776315596415,0.014913090626589742,-0.005772322608887492
0.011960516430976398,0.012206138031265024,0.004428572888283355
0.012566394246653623,0.015505677097692239,-0.0057266649712302
0.011842698236984806,0.012064360105792815,0.0038384288521333687
0.01203439053816835,0.013817402458978112,-0.0009184301237112891
0.011560905730934934,0.014359191000305138,-0.005084243439226199
0.012506108282295259,0.012456253721054189,0.004990945443149819
0.011762898414013012,0.01430308772895561,-0.0014250283104386696
0.01160230747734703,0.01369417557133179,-0.0010985352124812664
0.01244681040917639,0.013097118380156925,0.004673520098447348
0.012002051541352365,0.014758320768228472,-0.008264277077786986
0.012243740263964131,0.013631968870912559,0.001014284741144067
0.011023500000000297,0.012683200000000117,-0.0015999999999998238
0.013420730943460413,0.0143304161001363,0.00249285762942808
0.011370633525075391,0.013583037722283642,-0.004681099358387897
0.011915435531463903,0.013284446177579845,0.0011382417289595992
0.012632718267113763,0.014347651244688286,-0.00047352074947770717
0.010988345453907922,0.011885588717165163,0.003899992987672185
0.013222033586585802,0.016131885923264644,-0.004876473941162196
0.01172685276461971,0.012122823239042457,0.0033058850458846933
0.011830104704853017,0.014918377673900363,-0.001999212437726605
0.012321645991471453,0.01329273817396004,0.0013698083453324017
0.011752390681817992,0.014028194840424835,-0.003769816292563455
0.012654954275973296,0.013519071685062833,0.0017133236905877425
0.011771325149526835,0.013570784478822873,0.0022345574267070845
0.01163824266006852,0.013551158795579887,-0.0019945415320998805
0.012398832496635759,0.013513969673692117,0.03395870880703722
0.00899852924331146,0.011294972328919961,0.07625269191956363
0.007600695220816522,0.014347888662971986,0.0705286380558432
0.00931628776724569,0.013694481620055488,0.06643833486190864
0.006421625074762183,0.01247480965086245,0.07306164064207987
0.0052255166612904524,0.014916403291586722,0.07459998317041361
0.005010099999999795,0.013712100000000227,0.07390000000000008
0.004198092631256145,0.016259398177823847,0.07189999318812657
0.0029020514320952095,0.01627462184261219,0.06830003065383483
0.0017646896715546312,0.016614076236383557,0.06082933817646641
0.002165037137028758,0.015555333545632433,0.0823706924774843
-0.001720870871934732,0.016404370197547813,0.07049994550408734
-0.0015367605461422684,0.0159511848396221,0.06858002034523292
-0.001384481815774663,0.015855829211081307,0.07811338822188141
-0.0036366152617786085,0.014218359135933945,0.0645359923080111
-0.0047620519102653525,0.016546074352736806,0.0679823644082429
-0.006122643313247522,0.014459527076163159,0.07400495238005433
-0.006490743280839428,0.011994452747211781,0.09211658970854586
-0.007163183871952139,0.01565267263725101,0.0666466926280318
-0.009155513728114073,0.01290149329002066,0.06631994784604167
-0.009751881974774612,0.012007631744367142,0.0710000961704651
-0.013679269273269234,0.013880354747628498,0.038871400125183087
-0.012361995253566072,0.011565390300588785,-0.013389091365509032
-0.01158780977027618,0.011964679917394694,-0.02738235277618095
-0.010611041812762956,0.011235221699912756,-0.086840034967814
-0.007930709648585665,0.013092213361233895,-0.05695404390574055
-0.009991490781006807,0.014894462495031568,-0.08586846210516619
-0.006262475321876515,0.014176115043395221,-0.055343371733048485
-0.006912159854148392,0.015522706542430154,-0.08145409618927069
-0.005408210604439745,0.016121283419304522,-0.07293289130331893
-0.002843740903732961,0.015443384878911726,-0.03670119681820694
-0.004498221073446995,0.0186890625597802,0.010294097022566007
-0.0055281677292677855,0.016485698145940475,-0.00502352495687397
-0.004740872270732055,0.016869901854059677,0.007603524956873997
-0.004819318269754902,0.018635489194482435,-0.004137142370572278
-0.0037636646347736225,0.016211765297463376,0.006519645164534182
-0.005220961277137892,0.018711711022417976,-0.002162598156937534
-0.00502460102449076,0.01676016460678209,0.0006625981569392536
-0.0045906455584887595,0.01790433705358163,-0.0005053621263879648
-0.0045342141451527596,0.018320464828769367,0.0013361916061267465
-0.005117464907980374,0.01697237789772954,-0.007221905161985731
-0.004040129107651946,0.016503445761228086,0.0020403381716516122
-0.0050561368046917465,0.018340982172805997,-0.0016618070046696687
-0.0038915731604878268,0.017701306592461385,0.0024000394861314334
-0.005329836902439489,0.016429891326584567,-0.007993751117634673
-0.004497314206949987,0.01837204424569361,0.00896375335280375
-0.0045393780624651825,0.018410872548676682,-0.001013333863147281
-0.004820529585695343,0.017235286618557666,-0.0006280915455700864
-0.006457514941047293,0.01711365114191299,-0.012698568233497909
-0.0032455379553453234,0.017464597997111753,0.008253326445725406
-0.004972468884040904,0.017869462635487388,-0.0035533359824029276
-0.004459270571405938,0.017994849058253326,-0.002679996821106201
-0.004761013703785899,0.018415519781679546,0.03501427768600607
-0.0036323873035306598,0.012699989124726585,0.07278577744817838
-0.006940262729470792,0.016856716670960115,0.06309991784523206
-0.007222308978347414,0.01324326822369537,0.0713667530275135
-0.006913685861572816,0.012473065240540482,0.07923302366525853
-0.009296905840363134,0.015430466097077211,0.06590028211673271
-0.009805835582929134,0.011337054861320972,0.07637996821107862
-0.010521966408616468,0.011812169726522992,0.06366707590036924
-0.011011994994250873,0.012276991580657981,0.06381959606453513
-0.013840746969067563,0.010236291908077622,0.08063339615498677
-0.012255226307150924,0.008783625321791888,0.06657987593071724
-0.014517065320914568,0.009032101462949305,0.07264005594939249
-0.015149101260816256,0.007312622989495532,0.03406823191170005
-0.016703992413187763,0.008347300686893266,-0.006148225553916475
-0.016346024461213915,0.008869253706104363,0.002474269868372403
-0.01577163186478181,0.007664762617506815,-0.00031427622615609607
-0.016998217304574403,0.008026186944082525,-0.0096133324856158
-0.015045155157313417,0.0077016830894365285,0.0036721560975259138
-0.01729281912530567,0.009040635926971463,0.0007840306115234341
-0.01579769757833782,0.008610456599114302,0.00012143222070726267
-0.01451836083446878,0.007258837440395238,-0.002364286444141328
-0.018406699999999887,0.009445600000000054,0.003149999999999764
-0.015601711842105237,0.007815671802169577,-0.0002062481373314995
-0.015708176902785587,0.007782972611999339,-0.0009723247509523247
-0.016211489421525727,0.008364514684326307,-0.001806718754425063
-0.016462205806943908,0.008631443013912277,0.00025529355007414267
-0.016427696026639405,0.008197257887592402,0.000739998092633698
-0.016553972898501357,0.008321259758174326,-0.0019242864441402219
-0.015305045828942099,0.008030619628495161,0.00176428644414095
-0.017327027092082226,0.009112197280394474,-0.0009500059601847965
-0.015006258466151001,0.007918388556120926,-0.0004388824871917052
-0.01660776843624978,0.008049168460356526,-0.00031110201594763964
-0.01638668167180657,0.007893516255150779,-0.005300009536675532
-0.015506840080629747,0.007754639783401629,-0.004375003352754092
-0.01569952552563736,0.008101250277906313,0.0027750033527542683
-0.01668505751091498,0.008529169357314181,-0.0006812499068686861
-0.016246381131796106,0.008552282463189842,0.001931251609864404
-0.01649096873467304,0.008579518336171654,0.0012071372615807263
-0.014260696654861738,0.007053938107491442,-0.0019383903615572962
-0.016216205276178508,0.009601411728680231,-0.0022187486030187387
-0.015335399225453461,0.010849821773532664,0.014237506146715262
-0.01679948252042962,0.006992357312314068,-0.010880363046291919
-0.015700675406257636,0.008183534268414672,0.0004028626216729947
-0.015908714792994605,0.008821117898636155,0.003784435778889872
-0.015853863333624485,0.008040932627303876,-0.00409738317244468
-0.0162941228466551,0.00822230024520576,-0.0002270599179876598
-0.015645539441542677,0.008666206903813922,0.003704998236690571
-0.018340346301093602,0.009077137471734442,-0.00031007025436835534
-0.014900920780036353,0.00852857545603336,0.0014517423930850981
-0.015038426043487929,0.0071898960501637355,-0.002366668785962034
-0.01820996334520153,0.009830362168992357,0.003459999364212152
-0.014887809633495008,0.007096392088191683,-0.00398352712601735
-0.01609446677493942,0.00857622198218655,-0.0012764722381941596
-0.01665391486377832,0.009009104493057585,-6.666719649217612e-05
-0.014892853263039685,0.007944031944457697,0.001496079703679598
-0.018188592119546154,0.008976087323113946,0.0018705874928119925
-0.015027891694599171,0.007778475397949736,-0.0003294139096539084
-0.01595533506415081,0.00845032144377078,0.002329418678067796
-0.016547293768946147,0.008420633564383051,-0.0004800015895227716
-0.014792879152541571,0.007978099026038299,0.0013447051784005737
-0.01850015105488101,0.0068444827350679915,-0.008164597096065762
-0.01721674926488137,0.00833348783279031,-0.002400111261225746
-0.014834875878746434,0.009078551556539471,0.004149994891008646
-0.015761824121253376,0.006855148443460468,-0.007449994891009837
-0.016660475488762483,0.009819557548399471,0.0057599993642121206
-0.016436609300843008,0.007854532128558356,-0.004260035125327022
-0.01665581521039461,0.009156310323042094,0.003700035761116993
-0.014948375306789385,0.0076242465506359824,-0.0009235291642717414
-0.016745062020355528,0.008865438575091256,0.001723529164269877
-0.016090721324785395,0.008327665767479564,-0.0014714275983020997
-0.015018941348069692,0.007795849106793318,-0.000328572401697258
-0.016298095996705397,0.008223884290265993,-0.0001818193640676924
-0.01697596715631744,0.008361182990213045,-0.002165236159543227
-0.015388910989868387,0.008647333445897853,-0.0012996122026862622
-0.016863613961505264,0.008942773408155968,0.0035466677262974144
-0.014785969994140613,0.008191869949166097,0.0
-0.01768886866773478,0.00944479874551507,0.0015933275053647833
-0.015483198896042438,0.007848882935480361,-0.001028616343141664
-0.014694515923994844,0.00871210107116438,0.004857509882599587
-0.017180919252918425,0.008166735869378439,-0.0023222210448228253
-0.016027619135341453,0.0083976606405467,0.001006662957959037
-0.015177693609886855,0.008385285415689392,0.002243319161483015
-0.01737890867912939,0.008947489409538711,-0.0014928390190185326
-0.014973876984973655,0.007884038043453057,-0.001980677874556136
-0.01614172422120186,0.008643985727837977,0.0008568575111578269
-0.015793237156299766,0.008543273847495314,-0.0007156727082744396
-0.0161984706070587,0.008718739148298793,0.0012537792725222374
-0.01645655602186369,0.008472137206417374,0.0013885716524093539
-0.015645900865012052,0.008071537254809247,-0.0029717676395151216
-0.016717507444744095,0.008709448427233202,-0.003268229817329882
-0.016085344435260884,0.00867964217344297,0.004079996503161709
-0.016213079856948198,0.00835647486035418,-0.006128576294278432
-0.016255388121593994,0.00903372308753414,0.003557147479565259
-0.01459432143424555,0.0076925908478144844,-0.0005991600805632658
-0.016324151014773247,0.008407808561048391,-0.0018027449678719165
-0.01675578595724392,0.009137014715091762,-0.0011199984105534355
-0.01577550684620732,0.008397004595072088,-5.6669961468358565e-05
-0.01595460661004311,0.008487986302170292,0.0015833408666576787
-0.016834412187110126,0.008809809689464432,-0.0029600051921878645
-0.014969319933743619,0.008027582040130543,-0.0011439209321117971
-0.01611464619303249,0.008393044386419968,-0.00024274499280174666
-0.015932523625909134,0.00888990195384598,0.0035486241283244624
-0.016236922392465214,0.008199321397077686,-0.0008352916427103452
-0.01663835348798326,0.008766126712272282,-0.00010769357737494545
-0.013957082338700855,0.007827210851703681,0.0013076935773757015
-0.01892399999999994,0.009600500000000123,-0.001200000000000756
-0.014497823917647312,0.00783362429771528,-0.001488233314166365
-0.01705974388017517,0.009101806195807693,0.003421563998424304
-0.014753335934458933,0.008051731034935061,-0.00020605598661127544
-0.015830803296875806,0.00805938606420975,-0.005162569145284124
-0.016202519193594833,0.009271405275179445,0.00405672155935477
-0.016534276666326897,0.008845033396405189,-0.0004331923950839922
-0.016056971250633323,0.008860383512430348,-0.00028823471663308453
-0.016566589890551264,0.008374061984133485,-0.0007999999999999119
-0.015160416058933257,0.008338564072458476,0.0021058833429172807
-0.016140719910803236,0.008804204166725338,-0.000505883342917457
-0.017047605488531792,0.008614635510943547,-0.0018399885556252826
-0.01619009162180929,0.00843912308650685,-0.0022733439299891245
-0.015767486649493623,0.008720051356455594,0.003413332485614262
-0.01647259084336694,0.008907149087306498,-0.0001714271117165822
-0.01502226261982359,0.007849638270623238,-0.00344107195696175
-0.01738856277697476,0.009366202688164238,0.0016124990686794405
-0.015224808388146382,0.008368045375369837,0.0018705874928119925
-0.01631111236798438,0.00863171515596517,0.0016294125071869558
-0.016141130340599497,0.008150853153951143,-0.0038999999999997925
-0.014721119714163955,0.008378795331038358,0.003911765118365551
-0.017362098124616587,0.009489696681613147,0.0029382289214492374
-0.015662676836756817,0.007754690988036161,-0.005420582935093066
-0.015934730975007583,0.00872132671661463,0.00044201600699622645
-0.01645207058765752,0.008888553223497464,0.0016848231676789283
-0.015068003365598825,0.008235145459941196,-0.002144486398494294
-0.016261249299468455,0.009013777913972842,0.003988236119097266
-0.01718459682307885,0.008711383513388626,-0.02873751955773507
-0.013489700126853021,0.006625930003300695,-0.09141960407986538
-0.013498053050068126,0.009078036483310736,-0.07519287636239724
-0.01185726857267741,0.010967114579194082,-0.06100336565207165
-0.011461284848585856,0.010110009714499824,-0.06708229280061317
-0.011562596578736734,0.012359025706305982,-0.06686434154731735
-0.011230339355377067,0.012608518855891204,-0.07879992251411849
-0.010866090806407686,0.012872141086206823,-0.06907151992457372
-0.006583315979834886,0.014884749125691932,-0.07275516488865463
-0.007467953858380352,0.010612390932210114,-0.07277339267265326
-0.004876316091347213,0.015406098021150894,-0.07958573764070742
-0.0050948157572426045,0.016644520595176626,-0.05749076264679687
-0.002458067243836473,0.01224390901460315,-0.07152347269191317
-0.0051277505404058316,0.01841694046202158,-0.07644007534051056
-0.0012073503671678754,0.014818131907047727,-0.0658599516800713
-0.0012173335410242542,0.017937892647105547,-0.07939996503163105
0.0014234918779806177,0.016177993803674906,-0.0710352929519038
0.0015012836743606706,0.015999004705400943,-0.06714479733006762
0.002167897309025016,0.014397684410465184,-0.07401992561274096
0.004053089734732243,0.01543145699315629,-0.06536696654246388
0.005172807956165482,0.01639617033188645,-0.07764735089631536
0.0068224729752499325,0.015132422825548164,-0.03665905298193284
0.0074797789986489616,0.016113540340141452,0.01503335293650121
0.007433867740602396,0.01709878713502344,-0.002866666136850604
0.007614043274258936,0.01600514680759757,-0.0009933354525957228
0.007534953604069,0.01746415477231189,-0.0004933322737024071
0.003154726305612199,0.010023230470945776,-0.004371378888520461
-0.00032831824747905913,-0.0031020317756615956,0.0011588151971171357
0.0006527668732201897,0.00030598943601434225,0.0005058959651060846
-0.0002950152953365148,0.000436211614390114,8.66645474051353e-05
0.0001694867599141836,-0.0005440545180005474,-0.0008866645474050472
-0.00014322823569482002,0.0003911999591281745,0.0007571457765669365
-2.592187233838028e-05,-0.00027229981458720687,0.00044285422343293135
-1.7609871304002933e-05,0.00012177319091166705,-0.0012066661368512754
8.626000476874562e-05,-8.751998007860973e-05,0.0003333311080826462
-6.612665861335798e-05,1.3400801094354264e-06,0.00048000127157621364
-3.690557933280769e-05,-6.164185116053211e-05,-6.666242807540357e-06
-2.3636596437975887e-05,-1.5201604439352145e-05,-0.0004437497206035701
8.715553072005666e-05,7.440980395179153e-05,0.00019708517319916297
1.1940032214163843e-05,1.557354737868888e-05,5.3330790212413604e-05
1.5273261912834846e-05,-6.534456540308042e-07,0.00019333375719199353
-3.2626663381496446e-05,-2.5779874433751182e-05,-0.00019999999999953388
1.3457370444891481e-05,6.316157050456628e-05,0.0
-3.293070332333059e-05,-4.363214808666971e-05,0.00018235277618039447
-9.200019634530987e-06,2.8570566455887736e-05,-0.00018235277618039447
-2.5487430896004026e-05,-7.873749869624636e-05,-0.00020000000000042206
1.5412564288719288e-07,7.477088342167093e-05,0.00026666613685133456
3.401330207422615e-05,-6.172001748394607e-05,-0.0002199999999996649
5.741999055672298e-05,1.720430803164863e-05,0.00017686302741992677
-9.102657881068787e-05,-2.8877732493159947e-05,-0.0002168614379742806
3.4951574669095375e-05,5.686000804627778e-05,0.0002933322737028732
8.096440104632396e-06,-4.366422255186464e-05,-0.00019999999999953388
3.577853919320417e-05,5.854998017251756e-05,-0.00010000000000065512
7.094162537801818e-06,-5.636804579600696e-05,0.00012941250718778718
2.2193218556787464e-06,7.104911421906834e-05,8.391997842771559e-05
-2.5282205216303755e-05,-6.531677612486853e-05,5.417607517266276e-06
-4.741701657501318e-05,-1.3721351221906986e-05,-1.875009313234699e-05
1.5927059241721553e-05,-2.763747625644797e-06,0.0
-5.141266145897161e-06,-8.817887045431405e-06,0.00019999999999953388
1.1357820697832643e-05,4.6642310299715994e-05,-0.0003894719670727298
1.9380869606289153e-05,-5.386996857636994e-05,0.0001894719670731959
-6.002580774169819e-05,1.067421456202311e-05,-9.999999999976694e-05
-1.6461885637142348e-06,-9.160429597310227e-06,0.00016666772629658766
-4.679577646882205e-06,2.045717940302172e-05,-0.00023763517051822447
6.83128654161147e-05,1.200967905679029e-05,-2.903255577901831e-05
3.490596608840546e-05,-2.3458889527816496e-05,0.0001941180595492753
-0.0001044220869584056,-1.602174174031301e-05,-0.00022637595040020386
2.6010231917200644e-05,-1.2207597838598261e-05,0.00033225789085111757
5.758801172484063e-06,5.7447028876778106e-05,-2.3529164271174352e-05
1.5094467692960967e-05,-5.4374579271154744e-05,-0.00017647083572835953
-3.30473799126374e-05,-1.2634220498908277e-05,0.0
-1.0587056136213135e-05,3.511453012161603e-05,-0.00010000000000065512
2.5637148192841908e-05,-2.7864575156466564e-05,0.00015000066227877085
-2.6526603893267664e-05,1.3747088679072483e-05,0.00014999933772141816
1.4664288438881456e-05,4.7009248358320654e-05,-9.999999999976694e-05
2.7124849126036743e-05,-3.669363721703345e-05,-0.00012500111758484422
3.613739438823593e-05,-3.4751449135006496e-06,0.00012500111758484422
-1.935584307174998e-05,-2.0487564567406302e-05,-5.881857960687853e-06
-5.0034228543660575e-05,3.370014688475198e-05,-9.411814203907909e-05
5.190102163488142e-06,-4.5062445411026e-05,9.999999999976694e-05
-2.650050664604331e-06,-4.987646778253918e-06,8.333333333343518e-05
2.301761636958055e-05,3.683235838602972e-05,1.6666666666331764e-05
0.0013593636966856837,0.001242751276106735,0.02147363348893272
0.0036814795544977408,0.016137546830838678,0.08656168290285482
0.005333104948494927,0.011670785314568999,0.07103562105774053
0.003681534183952062,0.014166134220099491,0.06442906255047198
0.001566236382760905,0.01742913430570947,0.03647646382340142
0.0029056183732841523,0.017980815729668698,-0.0003409796051032643
0.002705076089296099,0.018061584682766973,0.0006082655023060823
0.0024783691546588493,0.018556065281854883,-0.004943749720604629
0.002376364566196998,0.017571442572062057,-3.000500679473106e-05
0.0023993410874181276,0.0194450568957244,-0.0011796732808928567
0.003182467934875255,0.01683706573285726,0.035259617938106835
0.0020521285274702206,0.013901517850809897,0.07740010877825654
-0.0004668323190347712,0.0176432679302585,0.07544397574949091
0.00022554277648179077,0.015418620434490271,0.07442697667511844
-0.002063735114630788,0.017048754992768256,0.06980803532465263
-0.0033585931893626852,0.014840780743617887,0.06837093657410698
-0.004360821610212756,0.016723465280193084,0.07724193028124127
-0.006278826087636552,0.016159861678320675,0.06760479966082578
-0.007203427251053052,0.015994498787252676,0.07280665660017505
-0.006603713811315609,0.013009518283525145,0.06697525957492267
-0.010367147172720026,0.0156643161566985,0.03785320916468926
-0.00946497577094843,0.015370100668693154,-0.005306824681145628
-0.009278332565527736,0.014387431992728239,-0.003355003352753627
-0.010177876051779014,0.016733743037459864,-0.0013611749856234923
-0.009479368708611963,0.015211237781104864,0.0019878395330295007
-0.018411643742790404,0.030170291605402244,-0.0014966652924623958
-0.009411497724789428,0.01533882128964889,-0.001149999254941747
-0.00967075847449611,0.01544467834366084,0.0028882347166305777
-0.01038075212976703,0.01585806152612948,-0.003988234716631567
-0.009982748060158822,0.01546437677994697,-0.003746666878596372
-0.008324990440572978,0.01313512093200217,0.001209174142896785
-0.009855004667034234,0.01626106870464468,0.0063374927356996125
-0.010155802438887564,0.014431946717529412,-0.005276472238195495
-0.009236710003494098,0.015095258680315263,0.0027698059953884524
-0.009147581683025633,0.01607214604934598,0.0048000016954024005
-0.010084901513152666,0.015297008031471028,0.0014399984105537555
-0.00798992674733922,0.013546787076174828,-0.0016333389721410185
-0.009348305599344003,0.016937217321085787,0.015200005108992443
-0.009325169045102395,0.01892795658979157,0.028699968210656124
-0.008892759261874085,0.014280669788994865,-0.002883320749797136
-0.011788334933938376,0.012864204534119603,-0.030280918578025506
-0.009939139206421789,0.013172597775507291,-0.028229477858381813
-0.008236969567420177,0.016852907435664366,0.01949374897554712
-0.009863242491191818,0.014118561421494619,-0.008905552464966604
-0.010179386964891082,0.016478798442764522,0.0030722212509282087
-0.009784386527977307,0.01576908589279541,0.004961901912766464
-0.009573419257138227,0.014136099861637316,-0.0059419045618760435
-0.010698764758801563,0.015979654381308134,-0.006286666136851693
-0.008724030203449112,0.015185305839889807,0.007566669315743013
-0.010832135494169864,0.016256986494089937,-0.005673330790136433
-0.009880484302381004,0.01549785766602027,0.03555666147439318
-0.007678490753103173,0.01252921548153002,0.07852495417902183
-0.010119759246896842,0.010484034518469965,0.06102504582097801
-0.009095236506177856,0.014451525048034458,0.08957060011500317
-0.010422848065741175,0.008824465214941485,0.0668793557775178
-0.0147512217827874,0.012696515853309776,0.04867003012013171
-0.016061187970971058,0.011156723010313674,-0.02338665850728816
-0.012808530457883577,0.009954788684722493,0.009929175288597492
-0.01649054147726703,0.012203517177154677,-0.002402505972852964
-0.013251951556094071,0.01041814592116258,0.00021646980722422882
-0.014127676497629194,0.011577014837003186,-0.0004097989020355186
-0.015825698427107737,0.011090365750325293,-0.009204167912562511
-0.014117307258340928,0.010503738503032378,0.0007375001862648389
-0.013757099999999967,0.012102900000000028,0.0045999999999999375
-0.013476040352262741,0.011005878287561999,0.003118748603020194
-0.01579289184290078,0.010158263282601498,-0.00967590119157613
-0.015301227804836504,0.011644198429836494,-0.008602847411443904
-0.014437602760758117,0.010718062860889277,-0.002189982119441325
-0.013980400313780783,0.010848944701311647,0.004721413123682794
-0.01375188160738633,0.010890001125109738,0.004252100634937861
-0.014892905958631741,0.01297721608682545,0.0027698021180135868
-0.017506509685279448,0.012141234307164073,-0.007160003072934629
-0.015610191258866535,0.011004351562435732,-0.006399999470220408
-0.013198100309030014,0.009749416563348545,0.004823807750540254
-0.011077610041949959,0.011841423993846745,0.010884038825977882
-0.014596951411581571,0.011773081063910396,-8.235558111202579e-05
-0.015401582968340877,0.012473980804427576,-0.0008788209378671752
-0.013037505756906986,0.012489046365345369,0.010612854776514524
-0.015432068305363367,0.010293898085948106,0.0030071439519083754
-0.013161929622124258,0.010308982479437345,-0.0029000000000003467
-0.011825025542746559,0.01223292292830691,-0.006917653988555372
-0.014120704579869248,0.012853305491311584,-0.0624965694446864
-0.01137302033089771,0.010598585261944127,-0.0561192653904552
-0.010961970107887797,0.0055140082734871365,-0.1310470401523638
-0.00770741629785332,0.01431999167286091,-0.033239491686737566
-0.009107003751939846,0.01591779367556878,-0.07306820984643458
-0.008647659388805518,0.012970112696520486,-0.07811176949076604
-0.004465692521656184,0.014576329619327644,-0.07134441707064987
-0.006153950340936243,0.012614997148533869,-0.07746895652865149
-0.005992571163293103,0.01251325725461816,-0.08881518566500368
0.002625671056590062,0.010405247741284596,-0.04972859916283312
-0.004984711684019927,0.015856704077142347,-0.08830160405462983
-0.005911345346684582,0.019300464159093478,-0.09604123751823224
-0.002925412025973406,0.015556534296813584,-0.06852352743184031
0.00036737349083015847,0.01659622465985744,-0.06809636321253087
0.006704088535143149,0.0192870410433289,-0.09268010935562909
0.001274080300267988,0.015602356854550359,-0.06428236680083543
0.005541219699731981,0.016901843145449735,-0.07626763319916385
0.005866588506093895,0.012704131109490535,-0.04983238643535337
0.0028329187521116683,0.015285751322361874,-0.09215755316569574
0.00876459156717524,0.012290735506921169,-0.10333979463934284
0.013846911118412075,0.011394809180703791,-0.017715011920902413
0.014907492019595292,0.009055488810414958,-0.0010296490608965314
0.015160142997233117,0.009208960507594677,-0.0010470994704965264
0.015160173117759745,0.009208978804172707,-0.0010471015508990433
0.015160142997233117,0.009208960507594677,-0.0010470994704974146
0.015918156171200182,0.009669412192290006,-0.0010994548601024334
0.014402159943792792,0.008748527119477378,-0.0009947461612940245
0.015160142997233117,0.009208960507594677,-0.0010470994704965264
0.015160173117759801,0.009208978804172707,-0.0010471015508990433
0.015160142997233117,0.009208960507594677,-0.0010470994704974146
0.015918186291726755,0.009669430488868147,-0.0010994569405040622
0.014907492019595292,0.009055488810414958,-0.0010296490608965314
0.015160142997233117,0.009208960507594677,-0.0010470994704974146
0.015160173117759801,0.009208978804172707,-0.0010471015508990433
0.015160142997233117,0.009208960507594677,-0.0010470994704965264
0.015412824095397681,0.009362450501352426,-0.0010645519604999265
0.014907492019595237,0.009055488810414958,-0.0010296490608965314
0.015160173117759801,0.009208978804172707,-0.0010471015508990433
0.015160142997233117,0.009208960507594677,-0.0010470994704974146
0.015160142997233172,0.009208960507594677,-0.0010470994704965264
0.01541285421592431,0.009362468797930568,-0.0010645540409015553
0.014907461899068608,0.009055470513836816,-0.0010296469804949027
0.015160173117759801,0.009208978804172707,-0.0010471015508990433
0.015160142997233117,0.009208960507594677,-0.0010470994704974146
0.014907492019595237,0.009055488810415069,-0.0010296490608965314
0.015665505193562246,0.009515940495110176,-0.0010820044505015503
0.014907492019595237,0.009055488810415069,-0.0010296490608965314
0.015160142997233117,0.009208960507594455,-0.0010470994704974146
0.015160173117759801,0.00920897880417293,-0.0010471015508990433
0.015160142997233117,0.009208960507594455,-0.0010470994704965264
0.015160173117759801,0.00920897880417293,-0.0010471015508990433
0.015160142997233117,0.009208960507594455,-0.0010470994704974146
0.015160173117759801,0.00920897880417293,-0.0010471015508990433
0.015160142997233172,0.009208960507594677,-0.0010470994704974146
0.015160173117759745,0.009208978804172707,-0.0010471015508981552
0.015160142997233117,0.009208960507594677,-0.0010470994704974146
0.015160173117759856,0.009208978804172707,-0.0010471015508990433
0.015665475073035506,0.009515922198532145,-0.0010820023700999215
0.014654841041957356,0.008902017113235239,-0.0010121986512965364
0.015665475073035617,0.009515922198532145,-0.0010820023700999215
0.015412824095397681,0.009362450501352537,-0.0010645519604990383
0.014907492019595181,0.009055488810414847,-0.0010296490608965314
0.015160173117759856,0.00920897880417293,-0.0010471015508990433
0.015160142997233117,0.009208960507594455,-0.0010470994704974146
0.015160173117759745,0.00920897880417293,-0.0010471015508990433
0.015160142997233117,0.009208960507594677,-0.0010470994704974146
0.015160173117759856,0.009208978804172707,-0.0010471015508981552
0.015160142997233117,0.009208960507594677,-0.0010470994704974146
0.015160173117759745,0.009208978804172707,-0.0010471015508990433
0.014907461899068664,0.009055470513836816,-0.0010296469804949027
0.01541285421592431,0.009362468797930568,-0.0010645540409015553
0.015160142997233117,0.009208960507594677,-0.0010470994704965264
0.015160173117759745,0.009208978804172707,-0.0010471015508990433
0.015160142997233228,0.009208960507594677,-0.0010470994704974146
0.015160142997233117,0.009208960507594677,-0.0010470994704974146
0.015160173117759745,0.009208978804172707,-0.0010471015508990433
0.015160142997233117,0.009208960507594677,-0.0010470994704965264
0.015160173117759856,0.00920897880417293,-0.0010471015508990433
0.015160142997233117,0.009208960507594455,-0.0010470994704974146
0.015160173117759745,0.00920897880417293,-0.0010471015508990433
0.015160142997233117,0.009208960507594455,-0.0010470994704974146
0.00885413432066201,0.011411377667063016,0.046485622630318524
0.005694329977221524,0.013308218179105324,0.03986390050425026
0.001803436739612252,0.01777627982265284,0.010648574722620374
0.02205391863539702,0.005083535997159938,0.17883933595977286
0.005346482592537671,0.013306468176653041,0.06321214962362465
0.005007961408075412,0.015760518593327166,0.07410354459139246
0.005606531205594845,0.02227200095684645,0.09873994595883318
0.00011162951475357508,0.017088133919651582,0.05708004132539646
0.0020221792796515925,0.01604404512350177,0.0776000127157701
0.001531086646851254,0.016966771991925533,0.0766799933242206
-0.0013763376847150677,0.014048467390273656,0.06166995377676443
-0.0020459990592070487,0.01743119075574384,0.07314295310337471
-0.0008748365485355958,0.016905124801037008,0.08933205620983209
-0.00401198630706967,0.016972821482524436,0.07937537735622158
-0.0033123203856126326,0.013577179163814623,0.07341141608583435
-0.00645169453517086,0.015589565511702208,0.07435069482330192
-0.012059524560229351,0.017243671052945997,0.08131262833708064
-0.0060638825754503745,0.012572531763249017,0.06757819885812211
-0.013027636525972108,0.01021934038725747,0.033900077141366225
-0.012983328251902793,0.00860251366662479,0.038273315531286656
-0.018821047192354445,0.010316208357090018,0.0103533573872987
-0.007084780418076031,0.015436843621255525,0.009950167538390176
-0.011255251221940488,0.01104170984697106,-0.010230181525738402
-0.01827950551329449,0.01261016657930858,-0.012537505153392914
-0.01186006677446061,0.013429148068614838,0.000737473365292729
-0.014303301565243093,0.013706758183042345,0.0013733640616759857
-0.014906723556163515,0.014324863866748583,-0.002873337041988222
-0.012190386192085872,0.011935666096237751,0.002039998728408321
-0.011816473462638838,0.011941643204051333,0.0027482399865110807
-0.013507809040637198,0.013288371970969992,-0.0027215731078999994
-0.013213864890699062,0.012589988381885409,0.00012156609567171017
-0.013090675996861756,0.013116259500938865,0.002605098875559264
-0.016449888790501285,0.015803335280844655,-0.0006399967151544672
-0.012943726544718218,0.012612853487950826,0.003046662957959967
-0.012786729151061813,0.012993687181206193,-0.0022666693157429307
-0.012839909902249064,0.012052018405785514,0.0008666693157444172
-0.013013072542318996,0.012779952257808036,0.0019066661368505322
-0.015137509699430257,0.014174258416215446,-0.005978090815846215
-0.012518728551625495,0.012787247259022916,0.003412601067084964
-0.013930549206625245,0.012671042066953575,-0.004521176388090353
-0.013104300569021697,0.013018927704045336,0.003113332273702696
-0.012114105365568228,0.011990544383074564,-0.0022450973920680184
-0.013730114793376378,0.013620324861143729,0.0011450958026220093
-0.013295945133910832,0.013270481907335263,0.002500000000001279
-0.013565524014695053,0.01300983004514178,-0.002513332444891603
-0.012146351325723413,0.01299402094207558,-0.0008057120385167593
-0.012520167452336549,0.010714938948055863,0.003407147722857218
-0.013503676894124107,0.013270050837197456,0.0009918999394411543
-0.012971079737347277,0.012543619867843248,-0.0013490491220018441
-0.01214526028662144,0.012853308266682628,0.00044821432753394674
-0.01325917142889628,0.011944588367677866,-0.0012725016118348975
-0.01338466127250465,0.013541005379901883,0.002324706693052292
-0.013060856156455025,0.012623739610384543,-0.0038380396024919605
-0.013182508895372758,0.014202844758187005,0.0010304778231677858
-0.012530421347040993,0.010496198557618186,-0.0008133911598555699
-0.013080836603986595,0.01297290982945798,0.0026895815927918676
-0.013138680919633189,0.013076228000727053,-0.00035333598240150366
-0.012682477803385522,0.012940537733450164,0.0024200031788925713
-0.013374355794349563,0.012443191938148246,0.004835714650635481
-0.01136490292057693,0.011682916734309767,0.0035142890746477917
-0.01426456898593978,0.01203901920483652,-0.004550003725283247
-0.013112472299133732,0.013763172122705392,0.0007999999999999119
-0.012305300736115854,0.01295386377535035,0.006068752328301841
-0.013584402571574061,0.013260319873757975,-0.0025487520104068295
-0.014499078474729088,0.012598918689779914,-0.003620000317894778
-0.01502568465985632,0.013113776271007627,0.0049352967575444495
-0.009141885294781882,0.025548530790649338,0.1264432761307379
-0.010641848262942788,0.010796990599454936,-0.0018785728882821928
-0.011351130155929645,0.011897510524056631,-0.0013199990463022004
-0.0148169100379828,0.013208995221790865,-0.002946670269441398
-0.012928819628254928,0.012052089278205003,-0.0027098015199857883
-0.015665940177832627,0.014968204975947419,0.0025764708357289834
-0.01155527997279221,0.010674503379942024,-0.021223512334684003
-0.009620491051605784,0.012598901030770993,-0.09034318718053491
-0.00922319408352712,0.011316141464608798,-0.07551334944049692
-0.009857753316264595,0.011814726411959242,-0.09499643450220319
-0.008102080228808262,0.014709743137680142,-0.07252398143658567
-0.004942374847278941,0.011316260179542237,-0.06138020328983096
-0.00238970593196397,0.012272963237407453,-0.05787932482198954
-0.009140183520949974,0.01945923471288502,-0.07518007375041158
-0.004690792880326977,0.01611424302870912,-0.08753133700001037
-0.0036586941664821793,0.015460833416494957,-0.07557859624325314
0.00046589353053372307,0.015753541870167975,-0.05973573618064787
-0.002779084379539165,0.012146468013880085,-0.10558966136565484
-0.003480842732680678,0.011342569847093031,-0.11197175578543028
-0.0007329486083683667,0.017476161348559227,-0.11341020021050063
0.004008425072030475,0.012826393453730045,-0.03987094810285097
0.004882859307485998,0.0073422572690016175,-0.040304973408558986
-0.0008754773763405277,0.00734000239065935,-0.09406671653156273
0.005511090811381791,0.013203149501475941,-0.06489996073065374
0.0033916010421634057,0.016499706305432404,-0.10850004768413957
0.017033224830184823,0.021354943316550745,-0.01505891056477271
0.007965418300494131,0.008574409322724907,-0.07240779053989232
0.008520977691434783,0.018116781757111955,-0.09915682352228394
0.01088295297102887,0.012608720067168289,-0.06791931767550352
0.015266884936763814,0.006724249910669666,-0.00941713798810273
0.012388595307189831,0.009854178695842375,-0.004249997925965587
0.014314385587372025,0.010289327592305497,0.011689639468362323
0.013610422340371853,0.009783311569675046,0.0111147578916313
0.01454903067840474,0.010457992897206392,0.011881259045776638
0.014079740496339366,0.010120662287405047,0.011498019890948896
0.014314385587372025,0.010289327592305497,0.011689639468362323
0.013845067431404567,0.00995197687457594,0.011306377469045614
0.014079712522437227,0.010120642179476391,0.01149799704645904
0.014079740496339366,0.010120662287404603,0.011498019890948008
0.014079712522437227,0.010120642179476391,0.011497997046459929
0.014314385587372025,0.010289327592305941,0.011689639468362323
0.013845067431404567,0.009951976874575497,0.011306377469045614
0.014079740496339338,0.010120662287405047,0.011498019890948008
0.014079712522437227,0.010120642179476391,0.011497997046459929
0.014549058652306851,0.010458013005135047,0.011881281890265605
0.013845067431404567,0.009951976874575497,0.011306377469045614
0.01384506743140454,0.00995197687457594,0.011306377469044726
0.014079712522437254,0.010120642179475947,0.011497997046459929
0.01407974049633931,0.010120662287405047,0.011498019890948008
0.014079712522437282,0.010120642179476391,0.01149799704645904
0.014314385587372025,0.010289327592305941,0.011689639468363211
0.013845067431404512,0.009951976874575497,0.011306377469044726
0.014079740496339366,0.010120662287405047,0.011498019890948896
0.014079712522437227,0.010120642179476391,0.01149799704645904
0.014079740496339366,0.010120662287404603,0.011498019890948896
0.014314385587372025,0.010289327592305941,0.011689639468363211
0.013845039457502428,0.009951956766646841,0.011306354624555759
0.014079740496339366,0.010120662287405047,0.011498019890948008
0.014079712522437227,0.010120642179476391,0.011497997046459929
0.014549058652306879,0.010458013005135491,0.011881281890265605
0.013845067431404512,0.009951976874575497,0.011306377469045614
0.01431438558737208,0.010289327592305497,0.011689639468362323
0.01407974049633931,0.010120662287405047,0.011498019890948896
0.014079712522437227,0.010120642179476391,0.01149799704645904
0.013962389976920897,0.010036309527026166,0.011402187257751883
0.013962389976920897,0.010036309527025722,0.011402187257752772
0.01431438558737208,0.010289327592305941,0.011689639468362323
0.01407974049633931,0.010120662287404603,0.011498019890948896
0.014079712522437227,0.010120642179476391,0.01149799704645904
0.014079740496339421,0.010120662287405047,0.011498019890948896
0.013845067431404567,0.00995197687457594,0.011306377469044726
0.01431438558737197,0.010289327592305497,0.011689639468363211
0.014079712522437227,0.010120642179476391,0.01149799704645904
0.014079740496339421,0.010120662287405047,0.011498019890948896
0.014079712522437227,0.010120642179476391,0.01149799704645904
0.01431438558737197,0.010289327592305497,0.011689639468362323
0.013845067431404567,0.00995197687457594,0.011306377469045614
0.014079740496339421,0.010120662287404603,0.011498019890948896
0.014079712522437227,0.010120642179476391,0.01149799704645904
0.01407974049633931,0.010120662287405047,0.011498019890948896
0.01431438558737208,0.010289327592305941,0.011689639468362323
0.013845067431404456,0.009951976874575497,0.011306377469045614
0.014079712522437227,0.010120642179476391,0.01149799704645904
0.014079740496339421,0.010120662287405047,0.011498019890948008
0.014079712522437227,0.010120642179476391,0.011497997046459929
0.01431438558737208,0.010289327592305497,0.011689639468362323
0.013845067431404456,0.009951976874575497,0.011306377469045614
0.014079740496339421,0.010120662287405047,0.011498019890948008
0.01454903067840474,0.010457992897206836,0.011881259045777526
0.01407974049633931,0.010120662287404603,0.011498019890948008
0.013845067431404567,0.009951976874575497,0.011306377469045614
0.01431438558737197,0.010289327592305941,0.011689639468362323
0.012354759582270058,0.012176538095317824,0.020194713303036238
0.00023602457321425518,0.019269872949476685,0.02258447666716723
0.0013327425662493786,0.01874419938842742,-0.006339217735897407
0.0010839601118988185,0.018068843462504702,0.004513334392981072
0.0012560094026898283,0.017461200695622736,0.0021317638809019712
0.0007242793948941673,0.020317569033376337,-0.008358422070522842
0.0018821166711900927,0.014884077612627333,0.014829020783059477
0.0008160008556318266,0.018946721599007343,-0.0017957075827101932
9.891940554718204e-05,0.018972394265278414,-0.009186655010728906
0.001240738154174692,0.017513437586171854,-0.002816685431208832
9.101735561189983e-05,0.018707619932686992,-0.004283311162912362
0.0013376566512326438,0.018347511510898862,0.0027117632799553704
0.0008810821090275978,0.018183927764329866,-0.0034517666858340235
0.0014617067431732522,0.017721888299265576,0.0017466662428073931
0.0004690706684364887,0.016148843626740295,-0.0029596079142661935
0.0012399436615313508,0.018918861924427155,-0.0012137196970547492
0.000577489984854962,0.017670346379047963,-0.001433332670944587
0.0012799363607916003,0.01800368915479522,-0.0001500029802707914
0.0008706120233168413,0.018482036703302285,0.0021499938408364727
0.0013310937476094242,0.018778313098388733,-0.0010999934151127988
0.0012281723180487258,0.0158354502156004,0.0021352952490412136
0.0009281344922373869,0.02063561059843222,-0.003335298655035679
0.000532318914005625,0.01715941646127961,-0.0019000000000000128
-0.0014003053785832664,0.018400410255341892,-0.021971447547683987
0.0018272803440053664,0.017962937717983962,0.007050027247956336
0.0012352726071017672,0.018751367312990652,-0.0007185765213799655
0.000646686655855433,0.018835079863491977,-0.0019000038146810283
0.0011367816934565456,0.016686721471671273,0.0023811798288093655
0.0010974651641585398,0.017970166917240515,0.004408820806979463
0.0013682996868742414,0.017925714721683583,0.004749999999999588
0.00046130094494312157,0.017649720290535686,-0.002762502235203357
0.0010934869883230114,0.018448935212341144,0.0006562527008640018
0.0039012854455090507,0.017060035881774738,0.023959205230452696
-0.0007570194535994057,0.018676270566456044,-0.014347066743334302
0.002808109989634766,0.016906017703748777,-0.014472532837385366
-0.0005485636016847595,0.016859205623460216,-0.09523335611539352
0.0036582228657712212,0.016609872661527803,-0.06446668521020449
0.0045972571342287605,0.014879007338472139,-0.06701331478979533
0.0024689562018772593,0.017894276412186993,-0.09646209707373465
0.007030764460932315,0.016157985018973253,-0.06749790991993976
0.007479689636801012,0.01712191217767689,-0.08368668934265244
0.008732594876523447,0.012496387757319205,-0.06324839456192688
0.009121219921219614,0.01459579824919821,-0.074491607027519
0.011178575039605398,0.013417930461602445,-0.06813332326712285
0.008445397587836578,0.011546118737756572,-0.08218532962454361
0.012937587014372087,0.00696414226898856,-0.05160126583386315
0.013502302683545464,0.010699791948961312,-0.06828668701237195
0.024973278091798723,0.0012868762202851158,0.06295330970366564
-0.0011899554341506802,0.01493781200183708,-0.14662700406251528
0.023225109986396597,0.0009319724213439073,-0.04584636116620988
0.015967857852448253,0.00906921710618036,-0.07939417601518883
0.013465475683344996,0.0008776918281094837,-0.063549953620063
0.01748225398069614,0.0042427835764993205,-0.0680092265856942
0.01724494996720327,0.003952873223003195,-0.03481043620558566
0.017545224763898193,0.003896546762749864,-0.008013459719461657
0.01746043768565131,0.0017791038273280435,0.022370611334726398
0.017178316756658263,0.0014421045748429506,-0.0018941110472203704
0.019084943243341757,0.003375195425157962,-0.003825888952778911
0.018213890589693915,0.002219738957942141,0.004119996821057015
0.01990367441030605,0.004760136042056828,-0.015424996821057135
0.016119985597210618,0.00025971646501421475,0.018874982119442052
0.01674844892342675,0.003568630675710338,-0.0003911486902739014
0.018785065476978557,0.002124910243164635,-0.001992166232677839
0.017802779206469,0.0027314532713607065,0.0029533439296320907
0.019484025496849466,0.004630314247893175,-0.0161012610329907
0.015581370299065589,0.0009249000968569732,0.010681249906868473
0.019217942987770686,0.004699830503198221,-0.016705879053069417
0.01716371037564901,0.001130177015534528,0.01629159431192395
0.01770045562489786,0.0036850835326855957,-0.0034190300486507397
0.017920395441788917,0.0025253344652789167,-0.0034666777596381593
0.01914774165611144,0.003290442261096871,-0.004175003352755446
0.018691153913782177,0.002666932222206597,0.004574995902189016
0.01663705164158591,0.0018966357502483433,0.001576432969160102
0.017651595308345813,0.0017015523985932646,0.007394953270623006
0.020716199621141573,0.0045967835239837385,-0.018414243139358355
0.016166922697475217,0.0018517787896961124,0.013242828290001007
0.017564630731451425,0.002720549537477801,-0.004899971390424973
0.01862216239481662,0.0028480643217774215,0.0012764697632663413
0.019407893340878113,0.0031188695951165357,8.781497787779813e-05
0.01747711667379792,0.0023268846210520167,0.004051098745632586
0.05431548564084343,0.00849093094573039,-0.0015216315310029316
0.017622329160154493,0.0025353675037216306,0.0014062480442254
0.01730501050619493,0.0028558058145682352,-0.0007230770641522
0.018267702283314424,0.002469677198034148,0.001723077064152534
0.01944576344686655,0.003083113126702841,-0.0016428542234327992
0.015790125453281068,0.0023145352364082328,0.002942848262980746
0.01784413630251014,0.0029687908014626174,-0.0015933277967397075
0.01880481229734232,0.0026643945343360897,0.0002576184983364982
0.01818996275113638,0.002666260486804184,0.0024490477444700787
0.018489799748863556,0.002359105814286444,0.002086667514385354
0.017417096411784794,0.0029521149931870383,-0.004285715258855127
0.01717778565909578,0.0013443029415416419,0.00530923741079814
0.01740473491421035,0.0028142647432121137,-0.0005835231056261492
0.017849899933107594,0.004012066777271173,-0.014709996423709626
0.017979690975193918,0.0031725820332075827,-0.0061585789168852045
0.01734377704529977,0.0038706363453675507,-0.018042833787466073
0.015244042880224073,0.0040686099598845615,-0.016063881066018304
0.019994602361965708,0.002260860865449743,0.006935291147762257
0.017380225524158854,0.0028174016167632487,0.001085708446867173
0.017127999260388327,0.002658366510646104,-0.0008974723277699326
0.018060206131579548,0.0024862508113256965,0.002805888952779334
0.020529694481970395,0.0034803089056820724,-0.004478336786979398
0.017829450180393946,0.0023290914016289577,0.003646710970034661
0.016463333387229717,0.0026486978553172946,-0.00024459008185395703
0.01881874052756083,0.0023350844477327826,-0.029571284361824546
0.018002361034738845,0.00024352654542791896,-0.06885774313383575
0.014619420423269025,0.000227833096150043,-0.061578870471733715
0.015632687365744413,-0.002943165926065916,-0.036637680224719915
0.015214212085276735,-0.005521658549997532,0.0029949209711803704
0.015214181857384101,-0.005521647579459277,0.0029949150208139486
0.014960630296496635,-0.005429626702124324,0.0029450033406863696
0.015467763646164201,-0.005613679427332485,0.0030448326513079493
0.015214212085276735,-0.0055216585499984205,0.0029949209711803704
0.015214181857384101,-0.005521647579459277,0.0029949150208139486
0.015214212085276735,-0.005521658549997532,0.0029949209711803704
0.015467763646164201,-0.005613679427332485,0.003044832651307061
0.014960630296496635,-0.005429626702124324,0.0029450033406872578
0.015214181857384101,-0.005521647579459277,0.0029949150208130604
0.015087406076940368,-0.005475637140792244,0.002969959180750159
0.015594569654500567,-0.005659700836537773,0.0030697944417381606
0.01572131520705189,-0.005705700304667438,0.003094744331433752
0.014326721166385115,-0.005199563538250018,0.002820218190003665
0.17163815370000224,-0.08256744191873011,2.122635542405904
0.07018824552986258,0.10907771596656346,1.2659882396097277
0.016159196626813088,-0.014470028965130055,-0.1529007460812597
-0.04075822617277591,-0.09546604653890078,-1.167699263019232
0.019981099999999863,-0.0005623000000003486,0.0030000000000001137
0.0031774075817438963,9.014209809699025e-06,-0.08784285422343352
0.03567446862716439,0.0006010208457274402,0.10696638165527439
0.018259769771319156,-0.0006344552958648109,-0.005350192403071219
0.01899699386092646,-6.472864879292217e-05,-0.00032333726393929396
0.01813439817264273,-0.004057582016559813,-0.006536649384502269
0.009344721218151886,-0.0059105421529022095,-0.02362764674545126
0.0050681946311428305,-0.08204337113310611,-0.5874690655887083
0.013542696515649766,0.05704333776845871,0.44949415972663864
0.0040757128178974256,-0.014826222345321938,-0.0842544597174939
0.007010456803361986,-0.012127871231447429,-0.06395633605531437
0.003958612189461697,-0.014598894160375409,-0.07073331320034892
0.03619417238538025,-0.009851061405309558,0.24687845015110899
-0.02594305457484225,-0.021147844434315388,-0.37834513695075955
0.0016215555366438927,-0.01598956778547489,-0.07186667284792758
-0.0001371855366438801,-0.015491772214525135,-0.08311332715207254
0.0008085199020886336,-0.015592943959055194,-0.06233332294878746
-0.0012424984353902602,-0.01290378454858132,-0.059992549174404886
-0.015396427231647802,-0.00937860059635831,-0.19798163625869414
-0.0010134730127666636,-0.017249962470351488,-0.057759229280038404
-0.006237824441783779,-0.012081613496688792,-0.07341210137710519
-0.003874831673609691,-0.012423053037524223,-0.06079451866580943
0.035107350818722516,-0.03320225939192811,0.4009169877631438
-0.010745276664431813,-0.015603870668032815,-0.10168123380569227
-0.012927659261181113,-0.016862071831479586,-0.07758239625261165
-0.005859913537999972,-0.01430512211828372,-0.05369997756055156
-0.03803160646200032,0.009856842118283637,-0.4152800224394486
-0.010050969329860937,-0.011926664309136914,-0.06634305689029141
0.011984719925319354,-0.035247437147619465,0.2697730241073142
-0.01689779925426249,-0.01111243188367661,-0.08746992144024812
-0.012249758532197674,-0.0066294903045749365,-0.03705062485479438
5.871473710783448e-05,-0.043254583119924916,0.2795940451313408
-0.06268473809361019,0.061896275772272524,-0.9122019575640241
0.0006977505475043166,-0.007182989007339824,0.047578491510702925
-0.01537616715409662,-0.004050085528093383,-0.07523338631486975
-0.01546972608040953,-0.002295142794698002,-0.0772843324346919
-0.012714897364767275,-0.0028788826529040357,-0.05666462000196404
-0.019442682513229226,-0.0010797542021663276,-0.1010148510631419
-0.007892787150038938,-0.022254420330461766,0.06155014130338454
-0.012037868601799229,-0.011896221752266012,-0.0018529594359479873
-0.011643096853664936,-0.014371279598890396,0.00863077675477264
-0.013813070605830369,-0.012027131497497123,-0.028168297865179603
-0.011355858730659918,-0.013710914624970982,0.004973239207501479
-0.011789844945504058,-0.012916767018051889,0.0003642898501361458
-0.011210822016926691,-0.018278257778042484,0.024999547025867486
0.0004656356082803903,-0.027299252033607946,0.09664714931045992
-0.0034736635175929287,-0.021997727168486136,0.0659908232214077
-0.001387317657008058,-0.023530585470789234,0.06819577933760002
-0.0009973391465738501,-0.012248018999307941,-0.0180666046778315
0.0014159214226605599,-0.024817801647596838,0.07994667143456713
0.0037162737340854513,-0.021366876498466247,0.06045776902004718
0.006674416010632012,-0.02380789480266632,0.08184759604954461
0.005985921186310694,-0.02213416483777264,0.06882133985086547
0.010757636387372482,-0.026798458174708273,0.09026705987706407
0.012383053455381265,-0.024297274785422207,0.0683142421662124
0.10464714288147148,-0.058895818916893994,1.1867928848773843
-0.03423332981673388,-0.0038174767174976587,-0.4698939893455387
-0.011113923298760042,-0.01508871293925651,-0.18841438760966422
0.0025165947674010702,-0.02015882922948542,-0.00930588053798509
0.00207512500111795,-0.01687270652446049,-0.01575002011652682
0.0021270149988823484,-0.017235703475539488,-0.013489979883472891
0.004752816464379528,-0.01767837078170187,0.0064399872842288985
0.003950555181694071,-0.0147697787550638,0.009358837730145453
0.004446588353926195,-0.01972339046323457,0.00724117498562471
0.0020466812111692434,-0.0169468939203119,-0.01061176388090157
0.004721416297324588,-0.018654275084873717,0.010961766861171895
0.0023442698283893115,-0.017541218263350977,-0.011370006159162394
0.003865557808971243,-0.0169257342337632,0.004731761285029279
0.002414902599957358,-0.017276344692823464,-0.007091759377714446
0.004999685871937665,-0.018653364305269537,0.008844701709141312
0.0027569229464492473,-0.017858830624316813,-0.006864700437563265
0.0035824011613039275,-0.018542323600713395,0.00024666613685031535
0.002599628545201238,-0.01624707765484157,-0.005234899451017405
0.004022421372348095,-0.018990465722596106,0.004466806202449547
0.00368142299369012,-0.0196115519111264,-0.004498577974591633
0.0027961809274281713,-0.016665849742123928,-0.0015094060184139835
0.003977150134021112,-0.018078699750834648,0.00232941110472229
0.00330591830180893,-0.018423230493054277,-0.0033399999999996766
0.0034015992554912167,-0.01661045531773553,0.002340001589471896
0.0033869407445088484,-0.019787284682264428,-0.002800001589472245
0.0035411061385914877,-0.016558525774511335,0.0029294111047217797
0.003977771787181172,-0.0187766377540588,0.0009372661582522923
0.002881038913464362,-0.01857889433246518,-0.003780962004118038
0.002973258454687766,-0.015779547551055817,-0.0031857167489688365
0.004375224706075098,-0.020324894587909093,0.0037000014901131806
0.0033190937660405595,-0.01755850457203767,0.0012705874928125027
0.008744469303179514,-0.01838469022252598,0.02882945224333877
0.01862139460905743,-0.016450102511303744,0.07992995096551514
0.01515076705700702,-0.013621430899116937,0.055081801228547
0.02016873437750233,-0.014547866293518119,0.07551314660262065
0.02164188586766258,-0.013392988613364576,0.07493507831556201
0.018308555019550532,-0.009725866888132817,0.05458998315160457
0.02375462512278448,-0.01032383340777221,0.08024337518874614
0.0144426830521871,-0.00977736343878366,0.0313183746675012
0.01173969182502832,-0.01507735315344405,-0.005311749856248049
0.01185140210490454,-0.01460528862057231,-0.0022714305177116145
0.012084839920755375,-0.013237952861196334,0.00547142008691992
0.010443696277420589,-0.013842931211113907,-0.005133322372717686
0.012523890521523917,-0.014311827818918932,0.0018466666666583365
0.07696241077348809,0.005580942555398316,0.7145151879352172
-0.07678923646457747,-0.030986059148501166,-0.9707856743869216
0.010731034614718027,-0.012583615316839047,0.0024042116595754948
0.0013352872287195616,-0.010764065391144051,-0.09577372404225049
0.0218448694393234,-0.01804716302634013,0.09861332316085214
0.009815105583724115,-0.01347313916077253,-0.011086658189621623
0.0130073143188012,-0.013423080504087359,0.011785735694822996
0.011142807241301345,-0.014403570405411514,0.001131914333927675
0.011658919678076085,-0.013757936398774095,-0.001644320933940513
0.01097426470962315,-0.014032319472411903,-0.001973327505338851
0.012226240899259722,-0.013856628086402978,0.0031500401318309557
0.012112053152938174,-0.01492046513291223,0.0016499582786977385
0.010587106548111791,-0.013525848107372784,-0.004305883342916594
0.011795057409029752,-0.01417254294502257,0.0002529438163820785
0.01181495334266458,-0.014993086930247479,-0.0007403942306583033
0.011592482700194306,-0.014173322017357215,0.0031933337571929954
0.01210934563372179,-0.014563725391804283,-0.00020000000000042206
0.011478670133582725,-0.014019575323445999,-0.0010333306842564838
0.011449255047387474,-0.013666394429413753,0.0031039195795345975
0.01149542297454742,-0.013970330679860865,0.00016274576259345253
0.01117020621076037,-0.014010274175475068,-0.0009333346578710433
0.012066359999999943,-0.01442602000000015,-0.001260000000000261
0.012230846116285665,-0.014885846926279811,0.001960000000000406
0.010380019799875129,-0.012731046359276021,-0.0022764722381953817
0.012239568068852513,-0.014280240352046114,0.0031621806850621326
0.011119919130844647,-0.014287100385370177,-0.0017621806850618427
0.011612559291358071,-0.014381612484219541,0.00031647382764088405
0.011081822738538527,-0.013430360561504706,-0.0024733359824269385
0.011820390751815069,-0.013187324250798493,0.003808331785283059
0.01133450295728844,-0.014067638074555688,-0.0014749973923020576
0.011442721403997602,-0.014333623099137327,0.0004428610354221263
0.011769618121437286,-0.013872471074123371,-0.0011781568855271374
0.011909411619707377,-0.014346436432688403,0.0009152958501044139
0.011535848759258283,-0.014355815610516132,0.00016666687859601126
0.01057609591136588,-0.013385888991443995,-0.0008006730298006914
0.011612721969022743,-0.014136511922059558,-0.00429595212749323
0.010274883607607421,-0.014042140977628126,0.0026911388741845954
0.012038552319316498,-0.014274641387026055,-6.618171307160026e-05
0.010976279650731335,-0.01356908681977309,-0.0034107124382734
0.011264229584164731,-0.013486669992435196,-0.0010937003537945245
0.011436134091632244,-0.014483548307820282,-6.43365560071274e-05
0.01178240561929833,-0.014499986201103265,0.00036433837096705446
0.011356369625204366,-0.014023375697891804,-0.0033134438317379278
0.012264588450272562,-0.015060357735013685,0.0007928508174392945
0.010390321707863137,-0.012969567039868846,-0.0003264643242717469
0.012119177103444567,-0.01428674949453157,0.0017764694332633724
0.011451572873672156,-0.014230560742586551,-0.0005999999999994898
0.011843858727145218,-0.015035839080301816,0.00018000000000029104
0.011234253652287585,-0.014006932386432247,-0.0014800031789432566
0.011584164934027807,-0.013186082357968587,0.003870592074220802
0.01161260141368503,-0.014146225255599276,-0.0002705888952778679
0.012543197345072254,-0.01568919896970411,-0.0006785681442753599
0.011071660644072612,-0.012892611750742411,0.002937391756185015
0.011319349508091658,-0.014148905366425213,-0.0005497311264859306
0.011431012688297937,-0.014720286253982584,-0.0018090924854243795
0.01085427948769091,-0.013119813355539911,-0.002305887550313024
0.012659956470081113,-0.01541552591278661,0.0007792225790828056
0.010885320052645753,-0.013550927620725295,0.0036560760759529742
0.010935510420285954,-0.01408400105055696,-0.00270214074189834
0.011511952030168082,-0.014417836450947963,-0.001593935969843585
0.01094579529325923,-0.013196621013564558,0.003972548949936261
0.011637271122720172,-0.014591973248428092,-0.0036392458160943164
0.012066427873114627,-0.013782954894847821,0.004492187487553423
0.010949712221380192,-0.013585111403607186,-0.0046788301006843724
0.012285937176285788,-0.014436625321926577,0.007770006278402519
0.010576663450827972,-0.012916418830226428,-0.0028666665342225173
0.011694954216005637,-0.01474678855598821,-0.0025833346578716387
0.01244027344852272,-0.01420627505294303,0.005011761075971677
0.009996641980000387,-0.014609080476277514,-0.018629399884997788
0.011447764571476782,-0.013622324470779601,-0.0024623611909735388
0.011292062925262414,-0.014836403082058247,0.0036858819404512744
0.012242508277153341,-0.013981508892828565,0.0010607794280614868
0.01176060351829289,-0.01435160517770151,-0.0003666630715102315
0.010058446137600097,-0.012720509744737152,-0.002194116356551312
0.011905664475660327,-0.014452890322349532,0.004124886867090005
0.011384034666030995,-0.014411402780324822,-0.003430768807541007
0.011898282784723602,-0.014735381890655486,0.0020124990686793964
0.011468818777701895,-0.013857231721360774,-0.004592497479233515
0.011081461688770222,-0.013563568467279241,0.005421173396178425
0.011370153450704024,-0.014422538782184358,-0.0006945104382198863
0.011261310971371064,-0.014301648804495581,-0.002216659540609456
0.010944572326729407,-0.014373330334024548,-0.002130005006795166
0.012258018054517539,-0.015079326036716356,0.008073332273702327
0.010487224693846997,-0.012735265469639101,-0.0048733292934759476
0.012514395192316119,-0.014125548402091015,-0.0014000061591694646
0.011702083799762342,-0.01437892033950705,0.009799995231713154
0.010943778259556947,-0.013645739752046637,0.004900007947229668
0.011675166941417014,-0.015395908508174294,-0.006371430517710941
0.01072377037398331,-0.012928214277683203,-0.0022756207985032972
0.012000380993787196,-0.014773436914295335,0.0035823443613880457
0.011918087792825549,-0.014338270090188177,0.004214701739430282
0.011310541677278074,-0.0142649549814573,-0.0027785642668929356
0.011416821177237413,-0.01413596905638248,-0.001924759612521143
0.012540345364608019,-0.015305419579963564,0.006413331637964426
0.009794970403208758,-0.012377762837174844,-0.004842360929196765
0.012268515275654313,-0.014420863754680768,0.0025823583860420385
0.011390532073194848,-0.014260019724626982,-0.0018312506519242433
0.012433437204734776,-0.01492879163436478,0.00831696591078046
0.010859422925837414,-0.013810154944751352,-0.00645237662736875
0.011012973656014946,-0.01367579610737546,0.00038430017753920964
0.011971765914835064,-0.01409014371619599,0.004555696643568474
0.010655699357289716,-0.014546021267332732,-0.00982332651178286
0.011028206658851847,-0.01408985485214509,-0.0037625050292646733
0.010468931843614193,-0.014783229348718674,-0.006487500505611088
0.011081034442594895,-0.013551662980593626,0.0017588188035082553
0.011201049183063638,-0.01369732435100901,-0.002758822209444567
0.01209324980350468,-0.015277670199123072,0.0009999642388844876
0.011570293427247691,-0.013861576572551604,0.002900035761115305
0.011779932862895137,-0.014035135058597659,0.0044499990065771655
0.010015428635671952,-0.014004605225288902,-0.015876673090658322
0.010649081714448894,-0.014073833040367578,-0.0061321593450873735
0.012693160296200379,-0.015113130976957434,0.006158833429169341
0.011019650417233517,-0.01359008234225767,-0.0006294125071875101
0.011115875090602412,-0.013817479871240046,0.0011827440391192212
0.011611597316609767,-0.014990048630498132,-0.0007666590372972237
0.011622877175554436,-0.013271805822670846,0.009713327505365577
0.010551833201635219,-0.013722774917120706,-0.003628569482289734
0.011961496042576236,-0.013806876621617725,0.0022168041989214515
0.01142409075578854,-0.014672161794594851,-0.0009282347166319482
0.011662366823282255,-0.013480108012207115,0.006820007629461777
0.010255413176717632,-0.013752811987792879,-0.006580007629461981
0.007851137021966714,-0.014451443421178212,-0.016300063578854385
-0.0059220790580662985,-0.016515360982563565,-0.09360584220351065
-0.004722319304937717,-0.014099708329242788,-0.08528236119097432
-0.00480480232422531,-0.017661234698735484,-0.06964503986922654
-0.0060490326410866935,-0.010767743963210896,-0.06445136102230631
-0.005647703693650641,-0.014256508605069107,-0.05661533213512815
-0.008635857641261957,-0.011808278709369735,-0.08266672494635596
-0.008187602326849674,-0.012894437361499977,-0.06353950521651353
-0.010147957444546662,-0.010987141011814527,-0.07431375426031117
-0.010486176333444508,-0.010815552268817696,-0.06535688716101795
-0.009758812035622011,-0.00997740950765047,-0.052998034537276695
-0.015026998967615501,-0.010273796021478265,-0.08843171561613428
-0.011829929667163785,-0.0052247846411285215,-0.06636396154780577
-0.01273013949698365,-0.007057730967001019,-0.06144371507970714
-0.009971676043086575,-0.010480443404736084,-0.04293569567448774
-0.0037668500434255847,-0.02092532610650366,0.001149994039610469
-0.008346470334292366,-0.016138188114984464,-0.003571439519081565
-0.002384763930265432,-0.02208849009661662,0.032024401484750165
0.008116231594288426,-0.024207046712502844,0.0794803369296666
0.006564855437639849,-0.02397600083372986,0.0721810658866815
0.008699530735427174,-0.020167229462844216,0.07072089179905294
0.007404766497201898,-0.02156099477932205,0.05076474341893089
-0.004287029999999525,-0.02006593000000001,-0.01733999999999991
0.0008985855705150314,-0.01659940032228202,0.01106352743184047
-0.0016760555705150892,-0.01922251967771793,-0.0040235274318405345
7.94012032665492e-05,-0.018512960190138372,0.0025999999999992696
-0.0008645512032665614,-0.016975339809861656,-0.0020999999999995467
-0.0006028578413173058,-0.019709503506411652,-0.0008285758076329586
-0.001292235819741805,-0.0172209640180635,-0.0013026733541785518
0.00029099364516449455,-0.01914549614396638,0.005384576667175622
-0.002531840938373886,-0.01663695326371356,-0.01354080906521471
-0.00013496530254331063,-0.01887400607193207,-5.5365851594046944e-05
-0.0006667339313817244,-0.018129026863986653,0.0003228486830213484
-0.0005381714901369072,-0.015527201326125561,-0.006009409571367641
-0.0009797888430163049,-0.017247246145025596,-0.002090590428632133
-0.00044299947865322764,-0.018572402660774978,0.000419998728422577
-0.00020822026258082715,-0.018399371179705637,0.0026000000000001577
-0.0011251125356390723,-0.016928371264862463,-0.00539999205276942
-0.0006237589486088879,-0.01784665007152514,-0.00081633036683737
-0.00044744178942712765,-0.018163728867064743,0.0015763217838182797
-0.0010129664637439362,-0.017734378616842017,-0.0020599993642109737
-0.0009743646746982471,-0.017888485412955957,-0.0032058805379859834
-0.00012359167407582916,-0.019330059464428284,0.004891602608830148
-0.0007585037014532503,-0.018350464405128414,0.0022342734786358065
-0.001187364849562833,-0.01633078800697163,-0.003844995176951471
-0.00037790409203575237,-0.018922238664194208,0.00423928436861587
-0.000777022718481124,-0.019491077265961637,0.0037680764498286834
-0.0008404811536024681,-0.01737157772673112,-0.003815695583954337
-0.0009177946414551386,-0.018954882279409585,0.0032466618983457707
-0.0010235474279527423,-0.016087386828757322,-0.003113327505364971
-0.00017124506668286799,-0.02039491994546186,0.007439999999999891
-0.0012898799999998545,-0.01643362000000001,-0.0050400000000001555
-0.0007328593286075602,-0.01975484550974345,0.003560005722096804
-0.0008399868448010217,-0.01816381307723898,-0.002520007311542116
-0.0005280788411199389,-0.017571458312390223,0.00392875242763413
-0.0012798749854714409,-0.01811968310062734,3.124916181107551e-05
-0.001029824453389061,-0.017934202142967336,-0.0015941222669448862
-0.006769566120155446,-0.01511236109743261,-0.042955897849581426
-0.012973118445115617,-0.006791251735599035,-0.07436999450660942
-0.012878410981339794,-0.008165645024001019,-0.07891998537686362
-0.012461580000000083,-0.00659034,-0.07316000000000056
-0.01522985278550415,-0.008291159111499642,-0.06672006675673536
-0.012965236923774714,-0.00360070417062347,-0.07272994292899959
-0.014336830290721192,-0.006760076717876887,-0.051429990314264984
-0.014268726003065169,-0.004395346663828341,-0.07177715258855599
-0.015271076600472,0.0004649626942898888,-0.07211345874616981
-0.01584047739646266,-0.0025092760304615477,-0.08732938866527373
-0.013927963729853943,0.0010195212655370808,-0.061400022252598774
-0.015861698074270958,0.0035355044288482296,-0.08312849735708117
-0.015724104683422446,0.004784341911894266,-0.0809715189040574
-0.013204327612280409,0.0027794894726652086,-0.07177640146775044
-0.015195184871382938,0.001639321272369508,-0.05852386400611387
-0.015201773097811344,0.00583035992820112,-0.07764970718824671
-0.013559160076128673,0.004651361203906398,-0.06524998246626623
-0.012155741141029353,0.009238583875077751,-0.08204002861013038
-0.015208080514641953,0.002452920181323443,-0.02917173181139887
-0.018449253941370092,-0.009111331738185877,0.004351750884751482
-0.017494257010008063,-0.0017370242205488988,0.0015947853368913911
-0.019639535247800044,-0.010172267581088232,0.037245217842000855
-0.01599951310180403,-0.017050225911149963,0.06991996821107893
-0.014969452228463354,-0.017101849576973333,0.06644202688980627
-0.015003744477207093,-0.018365150640505187,0.06270804960317378
-0.01420809163250647,-0.016331890431152185,0.04129991357463947
-0.01674265122578822,-0.007908348255937947,0.0032735733604800643
-0.015589141359090064,-0.009084552706931343,-0.0021901972461977337
-0.016225711860859526,-0.009816500488952995,-0.0002466698455751981
-0.015920314114281187,-0.009084261988397041,0.0028133354525943233
-0.015788200000000252,-0.009175240000000001,-0.0017199999999997218
-0.014672492952610305,-0.008824118320126778,0.0016905888952782888
-0.015763571894119366,-0.007662922711889564,-0.01364201941298937
-0.015894860923025167,-0.009352710807220721,0.005142847411443441
-0.014910991898505532,-0.008522705623702775,0.0007874095231086287
-0.016616342158033426,-0.00979180001662422,-0.0010873856811457472
-0.015374873820256596,-0.009181339991510107,0.0020520870261098167
-0.0160902621923924,-0.009441927784731963,0.0020764722381949596
-0.01542268461375329,-0.00885066280451366,0.002124999627471702
-0.01616591954730362,-0.009689671939680206,-0.0007249996274723003
-0.01739120000000005,-0.009550700000000023,0.002400000000000624
-0.015073859999999772,-0.008749279999999998,-0.0018799999999998818
-0.015086012550626915,-0.008226841059768397,0.0008175016763773968
-0.015991068259990637,-0.010043378363262634,0.0004691692288121274
-0.01608384416554065,-0.008169289759530296,-0.0016995285346173006
-0.01696481502384195,-0.01075231081743866,0.004392857629427205
-0.01572340614441403,-0.008548289230245198,-0.002371427111716784
-0.015468784323332763,-0.00903815430936944,0.001971422641377174
-0.01554298358413364,-0.008703327118744386,-0.0014333267436983377
-0.016585044052683795,-0.009743265768752674,0.002461898993329825
-0.0158420818954359,-0.009125063572888281,-0.0025285677792918904
-0.016549568942438864,-0.009512522840599447,0.003164286444142128
-0.015394187100084,-0.00904009947122475,0.0016651246605805525
-0.01590107291613929,-0.008806217489371548,-0.0010371083500730904
-0.01609848392578872,-0.009226204386285852,-9.818469510047834e-05
-0.01630924711554904,-0.009577575812518446,0.0017858819404512616
-0.015144625592642846,-0.008355229979564005,-0.0009942847411448241
-0.015757080805685497,-0.009010618000745374,-0.0007798319159384448
-0.016383373601671636,-0.009276292019690602,0.00025411665708308107
-0.01584406000000005,-0.008958840000000023,0.0006399999999997519
-0.015665294255741813,-0.00928747789398393,0.00022000476833916593
-0.016308801863127442,-0.009134674069571913,-0.0020557183241978194
-0.016037103881130665,-0.008925298036444151,-6.428644414135931e-05
-0.014829485863147251,-0.008918210836149909,0.0031764708357293614
-0.015371621019154347,-0.008659403943314437,-0.0027964692462836283
-0.016039800931967996,-0.009914045222323808,0.0014199984105545127
-0.016242512185730806,-0.008167429998211795,-0.000880000000000436
-0.015467645540808928,-0.009142116369705189,-0.0020666661368506922
-0.01437942549883875,-0.008025490316969974,-0.0017827449678708973
-0.016801876368560897,-0.009320355646156908,-5.520357451338498e-05
-0.016219529363848295,-0.009459601338836943,-7.09438197779022e-05
-0.015089597571104285,-0.008712093877405125,-0.0010777721852432975
-0.016267473708464486,-0.009013247521975187,-0.001606666772588916
-0.015432739109363158,-0.00926188810287043,0.004145880799762303
-0.016166808752797746,-0.00466426859198299,-0.026005861090317772
-0.013047139392441398,0.007173411292851095,-0.07046470256058068
-0.014517466905044518,0.002565169720913807,-0.0623953222351723
-0.018241185737547294,-0.009703181776670844,0.01436000254315406
-0.01500059905359219,-0.0046498979550351205,-0.0020999999999995467
-0.017249078599876455,-0.00773681277226046,0.0046941166570828585
-0.018573073939951,-0.006805668717987823,-0.002154123014868503
-0.015235873907965658,-0.0053286383616582,-0.008404701999506159
-0.017340619430665782,-0.00665342162562621,-0.002035299589938866
-0.016762943825531895,-0.0053020423369887215,-0.012614276793915025
-0.01622850329359693,-0.007416015701634859,0.008914284741145195
-0.01806170000000007,-0.006652400000000003,-0.0052000000000003155
-0.01634449662566828,-0.0069119412352915965,0.000900000000000567
-0.015688298238502707,-0.006398767391273874,0.0024941166570826567
-0.01870277669796172,-0.0034737814298027025,-0.030608324521390173
-0.011211395850584172,0.009674587405457014,-0.07228580703682397
-0.012577632587283283,0.008873502650911247,-0.08499998509886897
-0.011426666158506738,0.008919053600830229,-0.06301181296719616
-0.012588239086724684,0.0054823683848646,-0.03845965331345713
-0.020697762353652838,-0.003917970649357505,0.0074214650885595645
-0.015404665072952461,-0.0003614500699109513,-0.007855886358219877
-0.01916105620645636,-0.0017845076080642563,0.003205827948454143
-0.01699488987856146,-0.0017658112705243312,-0.0006352320408486989
-0.018465126726843195,-0.0015484078751121233,0.00026654276031035096
-0.019251558525157808,-0.001831859652371537,0.0029401794001095993
-0.017994275991144004,-0.0016237148603541751,-0.0018514305177115276
-0.016699260000000216,-0.0018977000000000022,-0.0002199999999996649
-0.01951453718771834,-0.0009949594506224457,-0.0022785681442751837
-0.01752117841227596,-0.0013900407520329727,0.0019535685168028394
-0.018046677414390366,-0.001978275081458092,0.0006166629827930592
-0.018401881913294726,-0.0014331915388511307,-0.000451662719532564
-0.01947345568317549,-0.0016884719927912073,0.0008885751718441526
-0.016921509211760055,-0.0008889340487893138,-0.0017419082932477181
-0.017636541412396234,-0.0023786329514794424,0.0040309769045032695
-0.01863704706075775,-0.0018183477412122562,0.0006023558990060351
-0.01892396027293497,-0.0011733016394570583,-0.0009666632758529303
-0.018239789055995992,-0.002644144745405197,0.005389521560503319
-0.018418817510005736,-0.001261148915883803,-0.00468952314994997
-0.016852883508848837,-0.001506080265207821,-0.0001415717366741731
-0.019024997442849356,-0.0023884719433445722,0.006921569087588786
-0.017752416021996398,-0.001835092016195361,-0.00028666825610379476
-0.01877721205944627,-0.0011495270963809423,-0.00010290737623641633
-0.018159895832153605,-0.0022228798208884237,0.0013562428288311779
-0.018892172643051763,-0.0017178926498636615,0.0012785626702989106
-0.016598946357551325,-0.0017320837157870361,-0.0023785626702990115
-0.018748581021649446,-0.0012898875024867085,0.0016200114441931035
-0.018477845553343197,-0.0021635857247672696,0.003154988257786151
-0.017698241263581327,-0.0013183558462661615,-0.0021749997019790968
-0.018697213160822956,-0.0026071945608291403,9.999999999976694e-05
-0.016913459108885975,-0.0008328580654661799,-0.0017529367216422287
-0.017657982552747198,-0.00186065535602975,0.00027960328234399867
-0.01838165833836669,-0.0019568865785040135,0.001873333439298186
-0.018516187490860814,-0.0012701593667546751,-0.005966668785961637
-0.018074997205952403,-0.0017811331898693883,0.004440002649110042
-0.01702258761851727,-0.0020034960469410557,0.0018796078083100909
-0.017958601099631766,-0.0020719962485320487,0.0015184927387181801
-0.018491277754482116,-0.0008325666463651071,-0.006291432979664613
-0.018455148830555768,-0.0024400485015377837,0.007919998569487774
-0.019266404601519405,-0.002690560252090024,0.007079998092634376
-0.01704528022614893,-0.0007242886191491937,-0.009554983564031616
-0.018993060619290958,-0.0022960021979169243,0.008418739662340968
-0.019019874553040772,-0.001006568930843832,-0.001983754190943543
-0.017344066373835787,-0.0011328270716930433,0.003316466958374953
-0.01932683924367362,-0.0014393519555504497,-0.0037364583752301783
-0.017837619678312766,-0.0022790545325261924,0.0030215180280128706
-0.016224334273237107,-0.0009665335328706837,-0.0032740271699500667
-0.021422354322699455,-0.00198655413282256,0.002692503737685037
-0.015970726928964174,-0.003074293881054291,0.008508234342670562
-0.019071812980366865,-0.0010437098117389576,-0.0054382307095739435
-0.01826466283038153,-0.0013421257391007524,-0.004550010217983846
-0.017592170518197614,-0.0015897471200468916,0.0044764731692614745
-0.01896739285033089,-0.0015350822225961291,-0.0026764697632666312
-0.016598020404471114,-0.0013655415845055252,0.0007941194620135761
-0.02088733257577413,-0.005825597754731571,0.028420148249157506
-0.01853344745685237,-0.01517235846732734,0.0788057593094118
-0.01629646210725544,-0.013413175629335972,0.05714468975150222
-0.018664625486982223,-0.019627933127451147,0.09466393786006666
-0.014356156493244177,-0.014329126739186182,0.052321378895392456
-0.014342095008121003,-0.017831064006318065,0.058818747112906244
-0.013856595140027572,-0.020704385998516206,0.07395123398268577
-0.002692428777959499,-0.007723785431402619,-0.0850207425894407
-0.006352186549312577,-0.016162131261225454,0.018350727966303992
-0.013692644741581494,-0.026196192352935133,0.10596283344310908
-0.013536959218925615,-0.03445888351377635,0.1821107108180824
-0.009569195254294005,-0.02184057802113537,0.05359650056190102
-0.016464330785198822,-0.015499086112153115,0.025999955176907896
-0.008165120000000137,-0.01069355999999999,-0.02462000000000053
-0.012228099999999964,-0.01457889999999995,-0.0019999999999997797
-0.013567178710573113,-0.015063566591868582,0.006064485365271821
-0.012524061289426847,-0.01327269340813142,-0.0025244853652717225
-0.01015371320914249,-0.012867595466191983,-0.004220319165845865
-0.010784220775121867,-0.012351890440712499,-0.0096843821791186
-0.013406634173092624,-0.016044488442550575,0.019735999028887896
-0.011806694139881557,-0.012762009104537064,-0.009088964542260491
-0.011484088793916158,-0.013549622589081878,0.002757924348601115
-0.010356056529406743,-0.012978075041581327,-0.01362692500464835
0.14854667009271183,0.046063870730727596,-2.114036573179906
-0.011771717996198916,-0.013391590980592505,0.0053112657230594
-0.012308792915910027,-0.014271258910254492,0.002940002013271492
-0.011507875063680784,-0.014222885006056174,-0.00538980367037345
-0.011816929546977883,-0.013814382700739092,-0.0004235302618598169
-0.012037865626635114,-0.013383971955128748,0.003099992916545613
-0.011322239862781025,-0.01315247351125004,-0.000723537812813646
-0.01203160279932125,-0.013968001408075414,0.005882371008232301
-0.012406578755482345,-0.014465988340152558,-0.0031810523270197066
-0.011974141104832081,-0.013489411331670587,0.004228106448164848
-0.011835525997034857,-0.01393274378359255,-0.0018558859506341285
-0.010506352803296037,-0.012309921718560268,0.0035500026077173175
-0.012688008713518495,-0.014371362348007732,0.00037058889527763483
-0.012192366890810158,-0.014496079525179173,-0.0003372537958701294
-0.012148410535104515,-0.014413648163697834,-0.0007274601712841111
-0.012805523200735025,-0.014582049278844877,0.00035660942545590046
-0.010940935757659975,-0.012262647403645133,0.0031052569864806756
-0.012052606315155923,-0.014265724030523508,-0.0005677315228016511
-0.012613585834438057,-0.014877587002977588,-0.0019437542292508603
-0.011621412709913681,-0.013061762356043394,0.004517428094168441
-0.01094415490642442,-0.013955488263015292,-0.005102253164464887
-0.01249334984501782,-0.01414745342602619,0.0026226889443030643
-0.010667988458796906,-0.013001950501085435,-0.005208400797164003
-0.012457687573458331,-0.01432809191260942,0.0023330299381685293
-0.012602249355840978,-0.014333630100374473,0.0020180899358375193
-0.011038646200809632,-0.013478636842601865,-0.003801121577003297
-0.011817593562495787,-0.014144537531764367,-0.0016389425202114616
-0.011282030024585499,-0.012425403352068098,0.0037365641898454705
-0.013121228688366404,-0.015240354091712316,-0.0011745136171117387
-0.0116190409871757,-0.01379154193989307,-0.0007904066034933876
-0.011271825236962796,-0.012203714919990949,-0.028671625134272016
-0.011165229435750268,-0.0117578395225717,-0.0701387620052194
-0.011287113349549904,-0.010254703767607953,-0.06699329346232208
-0.012754776537254764,-0.01094790892227282,-0.06735878021903119
-0.012842179118187413,-0.0072074913455983936,-0.07657655770503924
-0.014701557775891105,-0.008412779799326087,-0.06847679234597237
-0.015785158276206634,-0.005664444761653398,-0.057952553894953684
-0.012057885655474943,-0.006124079664498128,-0.06927651218777209
-0.01628668783844922,-0.005178933052056189,-0.07332946406825158
-0.01567422899737747,-0.004191163770107753,-0.07421161101215956
-0.016016582653412326,-0.003203161393605658,-0.07928249774666618
-0.014549967515823603,-0.0006649791072794731,-0.06697492293264773
-0.01636517376800195,-0.0021952766178165994,-0.084618813411935
-0.01588616844487989,0.000745466896857172,-0.0683692320240814
-0.015878530389715095,0.0012475102768210178,-0.07237826919589097
-0.016700552547567304,0.00353923708870596,-0.07165874413892492
-0.014993799228914306,0.0036710506234252094,-0.06680647065001688
-0.016103172082661432,0.004661277530547903,-0.07489344443960144
-0.014773252784195945,0.006288632955152806,-0.06307658052294007
-0.014496700617095515,0.005247672997221509,-0.0898105107888254
-0.013970971519654207,0.008826843012389896,-0.075012977703945
-0.012176580671687476,0.009684462391016835,-0.061794061960927404
-0.012322281255213341,0.009870046728502668,-0.07116590394518285
-0.011698567667035809,0.010573440019666425,-0.07911895293141402
-0.011705994980015177,0.014498010311359888,-0.06360230126708144
-0.009120087786373798,0.01059548290364476,-0.06439876787902898
-0.007992454306341046,0.012610990979142978,-0.0660200120163652
-0.007821813430009983,0.013034991652524974,-0.06759413629160038
-0.006469909997021961,0.015342764237611606,-0.07919589303391272
-0.006852949629207961,0.015461455786993872,-0.06856546883337855
-0.00500857238082153,0.0151580202090007,-0.06882447704555239
-0.0018393945625717611,0.011686723252290365,-0.05068543730896713
-0.0036592182622989244,0.018125321694790086,-0.07520963107239709
-0.003112087953124232,-0.01915353940995357,-0.09643108832096892
-0.0031466879182981966,0.09236168359080854,-0.0782410762311867
-0.001325319905234712,-0.04928989734110467,-0.08733862146303051
0.0033186365891130776,0.03862821583308951,-0.0394259623292188
0.003027417449476155,0.01870406049394857,-0.08068820806978683
0.0033818405221356374,0.014429757498994222,-0.06554370054687131
0.00558945363178881,0.018178691809585867,-0.0761429796832842
0.006141255986741534,0.01319088385044398,-0.07031328798092273
0.006708649859334059,0.015434666840975941,-0.07023336512225509
0.007770502109905764,0.013536913422338648,-0.06801632693606707
0.008356190928285823,0.011626028878992,-0.07275029502720654
0.01096667773619886,0.015229162484567516,-0.07033340929632936
0.011411337411778022,0.011789846429169692,-0.07038092841978483
0.011763791813831526,0.011305348784932168,-0.06848570698727885
0.012526205759438691,0.011054047027468705,-0.0798714582517327
0.01331657763293187,0.009058838101959177,-0.06361431831502473
0.012093678272636521,0.008135576922659649,-0.06994949544143297
0.016448846577991283,0.006789245143449252,-0.07074473403180065
0.013343791757001622,0.006934392804463174,-0.08801999396000892
0.01851834960958465,0.0019124565059307486,-0.015399696012397934
0.016708356576539463,0.004059078320422405,-0.0732003373659697
0.015243528065811307,0.0034321158510282057,-0.07234109334664077
0.017781207360424323,0.0011651842289988057,-0.04322553093465398
0.018580752238819276,0.0018103764137449296,0.013106681024705441
0.017664406148821032,0.0024136886798749035,-0.008640023365043048
0.01752473782245889,0.0023724255773662772,-0.02318667885241993
0.01570725768965131,0.0017774453340961838,0.0004278538380446534
0.018070791986264156,0.0019899306837518616,-0.002041179320446354
0.019458730720146145,0.00272236575386553,-0.005426660636408939
0.01799162819330502,0.0014794598225007505,0.007559987708256721
0.01893281836707894,0.00238771351888567,-0.007173323372814691
0.016413798727539897,0.0011894410031509928,0.00248117562141327
0.01958492049282634,0.0017850079239303263,-0.0018882375215629188
0.017838457956807496,0.001987032239985087,-0.00019738367455744699
0.01844295804392171,0.0017923781424673546,-0.0018555537895043606
0.018216801069697253,0.0012077409393624894,0.004913333863148683
0.01880882849212906,0.0026316305836018294,-0.0018561890597563746
0.016569551273829086,0.0013533292355032422,0.003067856314192513
0.017892011221565363,0.0018108443028403975,-0.0034392926707183524
0.01885338072793552,0.0016420487271719963,0.004355466538758249
0.01873520276598417,0.002195674125372027,-0.0026411749856247307
0.018442559850766926,0.0016228881590362176,-0.0003428542234332338
0.016570748732858465,0.0010658178218203584,-0.001282146894151584
0.01858091586523425,0.0018097261052913982,0.002425001117584827
0.018549949941797705,0.001721853283872976,-0.0012411777905557975
0.017732789487698075,0.0020372899586338367,-0.003537393394730304
0.019051255152082502,0.001443670293216015,0.0029719066378808695
0.01786073996744919,0.002281368948454876,-0.0005084873180399574
0.016653546884652926,0.0015907187317484306,-0.0002448513134469671
0.019314765775452214,0.0015663823109446362,-0.00034587587417639343
0.018580562637534603,0.001861054973181342,0.0004996310088419831
0.01806312655660247,0.0017475338364600912,0.001977675155943187
0.01793131321342689,0.0018712042398000284,-0.00043296472679933695
0.017670362431715825,0.0018647699862929246,-0.0028972879767494436
0.01925669097936189,0.001103740909083939,0.00220883155201812
0.017092241364184968,0.001212662061160441,0.004249994039814034
0.018726662263157223,0.002638369262649043,-0.005839999046317199
0.018719293344883425,0.0015917212045014617,0.0009599990463172031
0.01653930325512243,0.0016405007065620758,0.001585883342916844
0.019104896744877697,0.0008883592934378903,0.007294116657083155
0.01811217015601474,0.0024125063434113914,-0.00694999925494344
0.0176807378706878,0.001927461003008335,0.000150000844389514
0.018802442728796054,0.001257607297437957,0.005256249528155399
0.016355046945860208,0.001697172738440389,-0.002979780281872263
0.019989859161720025,0.002346602375876361,-0.0026979047594349326
0.01700295410117314,0.001419469687801489,0.0006276819679322809
0.018248620460686427,0.0011925650155991674,0.0031270905872603783
0.018627410177884496,0.0024697489125546923,-0.0036933379956984036
0.017909509275345847,0.0019118393032921954,-0.0022933424461676205
0.0181983157620067,0.0016162995322610563,0.0004133443535332404
0.018647770726566426,0.0010915276790557371,0.0057971391786700716
0.01691861125533567,0.002761124124276093,-0.007433608350156828
0.01790024994742101,0.0008463230028000757,0.004726478549178195
0.018238848577400324,0.0014641072169472302,0.005449988079154408
0.019355252853101135,0.002386645767237794,-0.004500000000000004
0.017161943153032322,0.0017496760691402269,-0.0005000029801817824
0.017568919957916762,0.0010898875621234705,0.0021176530089323242
0.018596636889050888,0.0015039163687363688,0.0037023499712494634
0.018574717164509424,0.0024964480619890095,-0.004562859332425062
0.01756762274489576,0.0015642866239091724,-0.0019571645083187733
0.01982303782901429,0.001591255790940993,0.0009857425055939811
0.017998261562320872,0.002099353193642184,-0.0009563009603735378
0.01632870395513275,0.0022904623453496864,-0.003629417704476612
0.019120880623537673,0.0010301837203138264,0.0022999894034121116
0.01649527612058921,0.002263130263855051,0.004300010596587897
0.019452499999999873,0.0025428000000000672,-0.003700000000000009
0.018208268987258025,0.0022578132665765915,-0.005844451508649234
0.017988620699669333,0.0020941360636175244,-5.550726520406335e-06
0.018809610313072822,0.0016062506698057977,0.0014500022351696396
0.017811652963215296,0.0018836045725476591,0.0
0.018247702284340805,0.0017284436019735505,0.00030666295795915566
0.018580737385277768,0.002067923562536045,0.0006504828186076062
0.01719740897571098,0.0018489084422351754,0.001869520784135159
0.017775153081115658,0.001724127456406599,-0.001493335876445373
0.018367396829584992,0.001660192769609714,0.0015000039736151882
0.018682544143035162,0.001908663031786162,0.0008916664597131002
0.018485378796166074,0.001866556186542745,0.001696431103123619
0.01664291919963179,0.0017019071209123382,-0.001471427005312595
0.018116941725593527,0.0014403870083876669,0.0014785666997296498
0.01907166461632781,0.0019086862470624189,0.0003714280848744894
0.017623986011580328,0.002189206127384158,-0.03498566757493188
0.015969333784843442,0.0009983986814191548,-0.07885272032052891
0.015395873448430297,0.00010380200197313005,-0.078841648661799
0.014736314252621341,-0.0021388414399697853,-0.05800814923876846
0.011788299649213574,-0.0032085584923420285,-0.05087017386302878
0.016321907040652395,-0.004343118712468841,-0.07627687588502943
0.014469381751010424,-0.004250346800191984,-0.06112192045046394
0.014765210936002582,-0.006760539450521352,-0.06968951808953128
0.013059105690334416,-0.006479377373538098,-0.06693570393647846
0.01692118142720478,-0.007472701612395216,-0.08619758542218003
0.013634032645898131,-0.007465237986701623,-0.08309783332008791
0.013241773362208331,-0.010890764942647513,-0.06364220323717196
0.011291207168515616,-0.010275961952506574,-0.06758002861048407
0.012616424911481072,-0.011706049196533508,-0.08027642118826206
0.009952947920003563,-0.012457368850959938,-0.0409035502012538
0.011993729031877898,-0.01537572472013804,0.013744708357292135
0.01231161920948498,-0.013097282708012359,-0.006091991724581636
0.010538667039496463,-0.015463993219718253,0.006927283367289427
0.011567314878600854,-0.013077590394864558,-0.005088236119097367
0.011878332527391677,-0.015062528203899195,-0.00046180560220432376
0.01017553380625369,-0.013370485820853872,0.0034055975712030673
0.012974124320324076,-0.01478414765708358,-0.0024732030737207866
0.010088486734525226,-0.013336812966307399,-0.0009005269097392965
0.012288106885716132,-0.015443442111201744,0.033971515202319336
0.010165305566328886,-0.01085103219792094,0.07464665893123945
0.01261299678926786,-0.011761435744031656,0.07128663572495786
0.009085630951500168,-0.00988000975615777,0.07750751459129812
0.008377466648487264,-0.009815816273632594,0.0993791469896329
0.015097692080585201,-0.00824513718111719,0.05886020027020583
0.015035850011651863,-0.008475591585682007,0.04031649348309341
0.019257563518507492,-0.007662709459378858,-0.017349991059188163
0.015258710127203923,-0.008001738364444622,-0.0028941166570831123
0.01844006767933548,-0.00863173600204048,-0.005405886748911459
0.015301045302740235,-0.008235565263289502,0.0038214301528143313
0.01611219810160902,-0.007553191807892823,-0.0046096614634515976
0.016724678789111547,-0.008469418562332631,0.0014382347166318477
0.016243771449432565,-0.008529717145986382,0.0022499999999999742
0.016402953437318235,-0.00802860134902783,-0.001394116657083111
0.01622656701966063,-0.008294287622860885,-0.0020258820713397463
0.01713900809358826,-0.008322943882124845,-8.000127157709036e-05
0.01435120000000012,-0.0070334000000000785,-0.0009000000000000119
0.01861048244890995,-0.008925426818801041,0.001228571185286076
0.013848108461264719,-0.008321693998389224,-0.0010660704402184473
0.015968911749677073,-0.008034398907436735,0.00260000055878129
0.01893594966471346,-0.009154052118335532,-0.00019583993533583977
0.013880147675434884,-0.0068749281570372744,-0.003266661368513113
0.0176052076771116,-0.009191747009536844,0.000614291553133528
0.015622905030628687,-0.0076538207744274445,-0.0010554693436892748
0.016143087459151495,-0.008398722448889728,0.0011411777905557807
0.01627376790698687,-0.008268817174082566,0.0004933337571923491
0.017350865948021266,-0.009072748985154977,0.0016566670942917416
0.01633071555053256,-0.007817998390627912,-0.0032433346086764847
0.015086616224238014,-0.007755840130537983,0.001181571278755289
0.016002549712965664,-0.008064897083563505,-0.0012549015390475038
0.017338997204008777,-0.009034198505198265,0.0016354163457863446
0.015084770454790064,-0.007374454163614486,-0.002818734447743887
0.01706466389029515,-0.008773472188852605,0.0021366482562934497
0.015606431650440289,-0.007517895132386654,-0.00038666613685128803
0.016561789258722648,-0.008561598301611628,0.0012599968211078338
0.016267632032106683,-0.008086089711515587,-0.00035999682110787745
0.01621394497459372,-0.008288419341667908,0.0009187500931320813
0.016669641023975945,-0.008419410635285063,-0.002058746914239906
0.015671163357700912,-0.008224787643998477,-0.038775408673518585
0.012487453133105841,-0.007209297942208481,-0.06592574985648081
0.011502628670619686,-0.009822307487353354,-0.05711887262358839
0.014679519093149018,-0.009413894501342668,-0.08724578384247905
0.013900015029622015,-0.010601208094264125,-0.08312084679617049
0.01094653796765055,-0.011161513629092568,-0.07227335728111561
0.010361186454082905,-0.011859784349319336,-0.07084709572777104
0.009306024063997942,-0.01437180451020681,-0.034352934357911646
0.011549186231501807,-0.015132871865261244,-0.005099954019856523
0.008597848766192406,-0.013779899439720023,0.001649992052769611
0.011586760406500751,-0.016668633728840643,-0.00040999682110787194
0.009469636369569656,-0.014068091045006614,-0.0013870535602032996
0.010426675356106418,-0.015429937049426634,0.0010203917678396346
0.010348256585537285,-0.015241924500337456,0.0004533311081070801
0.010234155127624156,-0.015052775612767633,0.00012039378113637422
0.010319367388468947,-0.0148042386239009,-0.0017470583285414953
0.010521269440234349,-0.015362039806883221,0.002414286200848048
0.010141039297398624,-0.015460888492079716,0.002135672077850148
0.010932176049778697,-0.015581645586438153,-0.0028899519209139024
0.008960669691362,-0.013659822290075452,0.001428226956382006
0.010844369553650868,-0.01573782369259935,0.0015117666858336376
0.010453294790964573,-0.015435770672545202,-0.001425004470405944
0.009341981176611114,-0.01366190945937884,-0.0002749955295940909
0.011173255640149371,-0.016834053200349697,0.0027866677262974315
0.009786235442974522,-0.014226392038981128,-0.0013219621739363197
0.009665308916876114,-0.015259804760669349,0.004285294447638921
0.01044653140268581,-0.015304822891996972,0.0004899952316617107
0.009564526787597671,-0.013536558355899286,-0.0009164621900370484
0.011584741809716359,-0.017087368752103593,0.0005764669583753212
0.009240141906450727,-0.014022719849796639,-0.0015249966472454801
0.010857006391225887,-0.01513600923434999,-0.0030550046243316142
0.009790006857662181,-0.01488025285107697,-0.00048153634350556196
0.010413117729392685,-0.014059480285159909,-0.00499140405637577
0.009334621299357249,-0.015386037037540046,0.006740450053344671
0.012292205815911394,-0.016594300742076573,-0.0066875083818862535
0.008799635297799036,-0.014587840262855867,0.009306248044226528
0.032129311963781326,-0.046383779822293913,-0.0034633938207933035
0.009771783951961766,-0.014966066395021738,0.002210481229161565
0.00980066619473785,-0.013928800499520833,-0.0021239233579016803
0.010440474907897901,-0.015382141460718035,0.00039058981267259263
0.010163147683821983,-0.015243551559589452,-0.0010000019073655997
0.010128168436648544,-0.01529093478542265,0.00012285422343316643
0.010981233507244337,-0.015472678427642439,-0.00033618808658197885
0.011128820665065486,-0.01658225074058617,-0.0011266648652742406
0.010203741374829267,-0.01515517445958281,0.0005584592793528298
0.008869698167637718,-0.014037622719847764,0.00139904112544742
0.010977366368005725,-0.015397338706384378,-0.0009441646343364418
0.010909871006822947,-0.015099778303134581,-0.0010109868232592856
0.009376011621103242,-0.014563083025372237,0.003388237274030814
0.01035119856205613,-0.015616864273516828,-0.00047646654588096027
0.010881589236784173,-0.0157923613099471,-0.0002385671574269832
0.010958616940090593,-0.01484533925392073,-0.0014143759989485583
0.010375064113711918,-0.015588893994642472,-0.0004411777905558578
0.012538221757850465,-0.01834642589231894,3.529164270787977e-05
0.01003893338946682,-0.015326881290334438,0.001322606264233861
0.010751693730725709,-0.015188559638282584,-0.0014578979069417297
0.010219707438147374,-0.015408730897159995,0.000361293002007379
0.008664415119083113,-0.012833130290579309,-0.00043226297678122805
0.010670710838341257,-0.015003325915537324,-0.0022415365444709012
0.010506931174103507,-0.015593411871087426,0.0008839336309613977
0.011781802876470682,-0.017413574644879137,0.0022785468113041274
0.010365022148932646,-0.014812339133679853,-0.0022341818736306696
0.008951419969639662,-0.014342092019508978,0.005476514373233932
0.010893865103667633,-0.015888707412894387,-0.002525637636662248
0.010921204473658186,-0.015486533594133878,-0.0011291641293582622
0.009881757851101902,-0.015348046119443293,0.0023158284648002736
0.00995224273209594,-0.013728493258338137,-0.0018239206142162123
0.010766008706375896,-0.015619687475679989,0.00023725309983146925
0.01075066754287013,-0.015770446943629057,-0.0007843086234419205
0.010172986736053602,-0.014356411163488847,-0.0024223612751156365
0.010760991744748871,-0.015941635772357632,-9.332904179482071e-05
0.010191046999528552,-0.01523195797596344,0.0017139799831826785
0.010747918258572575,-0.015272582641337351,-0.004306958278515016
0.011437715928992453,-0.015993935740402865,-0.007785445239909317
0.00851154743207383,-0.01362274184369161,0.00968917240274969
0.010921727604887188,-0.015526007532083774,-0.002136242528452792
0.010623204224780913,-0.01518677747582986,-0.0026823479913465897
0.010335604504337681,-0.015281291918539441,-0.000785137897887922
0.008265251713493349,-0.013066171538818505,0.005126312883512618
0.01106964299513935,-0.016013623431058388,0.0015516050882913301
0.011504861652631426,-0.01504398642967697,-0.006981017595478978
0.009938652670995474,-0.015423558670742743,0.004041176388090206
0.010189031523275993,-0.01572528559189701,0.0031513942780092563
0.010589990817913897,-0.015638574665609806,0.0029555919342202364
0.009860326675522835,-0.01284475763189219,-0.000373298503301811
0.01024409934274706,-0.016671717003132525,0.0006835809659483383
0.010422624320731266,-0.014094172251383874,-0.0026165319969861933
0.009473620001042793,-0.014478274324606133,0.002987499441207575
0.010766214574217337,-0.015504465971053705,-0.001641170200830211
0.010596981535613281,-0.015324505836146418,-0.0027921604834263425
0.009045198163201373,-0.013673736562012984,0.004745091760228082
0.010359568926973761,-0.01428577285668231,-0.004029408299791037
0.009590576212740842,-0.015085589614826755,0.004330143312272661
0.010312054853829355,-0.015526544915408724,0.0009636937389765343
0.010224365984044859,-0.01465179582052123,-0.030776245926051105
0.008285106499492656,-0.012442907104273981,-0.081009627572729
0.005917652461674194,-0.013561638307129531,-0.059945258750507824
0.008330678274588443,-0.017394745961536007,-0.04272122696960401
0.003999752513623722,-0.014536947050408422,0.020776169391462318
0.008665300000000098,-0.018733099999999947,-0.020199999999999996
0.005939871784309325,-0.01565454701643798,0.013266670198815778
0.008131610252912314,-0.0183566954179617,-0.012531378556108086
0.00532337556781215,-0.015934216702732762,0.010812534083691538
0.00741700530368572,-0.01786572660196839,-0.0059763986146825765
0.006306737091280379,-0.01563851426089924,-0.00027142711171679323
0.008103576958381264,-0.017978467543846577,-0.005949999254943439
0.006439546308460109,-0.016647002948086964,0.0022055530444478055
0.00710873780913035,-0.01701389107069362,0.0024385628675789306
0.006010231939110433,-0.01587270154159315,-0.0010070189897473103
0.006735781506507887,-0.017400228356546865,-0.0021292027984047834
0.007832929675359868,-0.017661514428191083,0.0005969454285545961
0.006391465703991628,-0.015077356868686831,0.0017709649384707316
0.006566550637593149,-0.015378830414555011,-0.023750919976374796
0.00566081719339806,-0.015532295274288899,-0.08982197724729613
0.004403662102429706,-0.01530825309845918,-0.06771616655768531
0.003478836015461617,-0.015713845441574392,-0.07471323052238144
0.0012454646696760108,-0.01625721619447429,-0.061213049405340225
0.0008031883673629281,-0.015363368926768484,-0.07262611419058129
0.0003404274762699444,-0.018462821593397738,-0.08062769354499721
-0.0008161552151406681,-0.01803039461775313,-0.05052945792393593
-0.002136139470082732,-0.01952939193436931,0.004222771750688414
-0.0030546415092596035,-0.015588757471956871,0.01940157928100872
-0.002593780168649751,-0.01942322894142423,0.002096476434272132
-0.001222671727697744,-0.0182010852694372,-0.007303925033542491
-0.0010263488414929967,-0.019128642518797534,-0.013518882776526242
-0.0025516909997476134,-0.01649070321700563,0.005430650864825637
-0.0005249487359382243,-0.013506110411956485,-0.0071911085879443615
0.0034666812405301783,0.002656393079492503,-0.024311163458309082
-0.0016837846627799635,-0.0029146481326622897,0.005198602363772009
0.003597813567386865,0.002836523871357244,-0.0015908199059584405
-0.007524100107735521,0.0029333667686937126,0.034978320278386876
0.002276212515459619,-0.003104379016227732,-0.01703125959260321
-0.0007600289146507677,0.002283384846543335,0.005606252514565924
-0.0002517753487714103,-0.0003591913069684871,0.0014500024835342185
0.00033737006756151544,-0.0011746509350061274,-0.0031500024835342533
-0.00042864000954434545,0.0013803577481010798,0.004311766685833662
0.0005082052137854731,-0.000997835558096849,-0.00446933828367202
-0.00023143332979813636,0.00041643323573570257,0.002064239377126187
-6.268955645616359e-05,-0.00019541672452305647,0.0005756878018237099
-3.7764248348004514e-05,4.829369591696775e-05,-0.00022353337166736154
0.00020479387823701956,-0.0004134234884927146,-0.001158822209444077
3.826789640104522e-05,3.594229282732897e-05,-0.0005421020930582721
-0.0003221163301398988,-1.1709866256648382e-05,0.003264681944315173
0.00015438193705730185,-0.00015274915968577218,-0.002005911639274993
-0.0001302096880504422,0.0005128929669337978,0.0010362706545454792
7.239356870947233e-05,-3.577637358098684e-05,-0.0005632853950761074
0.0002567575120879795,-0.00012518716745413272,-0.0017521562654134737
-0.00019483942464848525,5.1300225700323665e-05,0.0015399221736103197
0.00015243956024857397,-0.00022747543915890844,-0.0014961694727804176
-0.0002567925891314715,0.000692856410132503,0.0015011028693125983
0.0003466175574660113,-0.0005418938894572456,-0.0007823527761803284
-0.00014453543469361563,4.646755395576463e-06,0.0007058833429167688
2.904171850026671e-05,1.3196927269643055e-05,-0.001149633063520561
-7.984376788083836e-05,0.00038310943132158215,0.00046562474388700537
1.932485089550795e-05,-0.0003007407788304661,0.0001656259080373701
7.724596651215165e-05,8.77099817664373e-06,-0.00035416759798723163
3.871382316766869e-05,-0.00019685981679096187,-0.0003333333333332966
-5.539716767621883e-05,0.00013787641491269653,0.00048124990686782
0.0001790812648074791,-0.0002506874547378857,-0.0008718748603020465
-0.0002968016199513812,0.000524298790532729,0.0011788598350677137
0.00010327042404156828,-0.0001914112998755435,-0.0008198139610893218
-0.00018019460673635024,0.00025664732971941717,0.0013315790794556914
0.00019590168445127176,-0.00027019021700303014,-0.0015000000000000568
-0.00013077808849182304,0.00028669452807417173,0.001670967667507517
0.0002200143824007128,-0.00030335479924215036,-0.0016615911308284215
-0.000234114067327873,0.0006495149030669722,0.0009670942990502862
3.03604098528254e-05,-0.000740701201524363,0.0022866860683514734
-0.00027204811443759525,0.00048049466042510147,0.002266245785847998
0.0004790991843313108,-0.000495668037272079,-0.004848157253400043
-0.0008415974079483135,0.0008286167995352756,0.006693748975547198
6.085656618370905e-05,-0.0006195539331534938,0.0004250055879240211
0.000582220051021487,0.00019116022935872223,-0.005760000476837668
0.00040964532289500255,-0.00011589499849185003,-0.0004733143129580508
-9.039397064736221e-05,5.036360768873038e-05,9.045716036792939e-05
0.00011589753485985455,-0.0011008647478361056,-0.014732120018542627
-0.0029868296724533394,-0.012770791042956642,-0.0857050477831669
-0.0030410825153630583,-0.018094837850767043,-0.07528245296190073
-0.004567384328650892,-0.012171703838003811,-0.06735179442712536
-0.004129268829513588,-0.015204127647635346,-0.05918567949645426
-0.008562044617993259,-0.01414939841523788,-0.07428005531284443
-0.009412728151616978,-0.01725408593507627,-0.07547996534995427
-0.0078009857545220385,-0.010694726379864239,-0.06824006543270578
-0.009959883760401134,-0.012859166518937037,-0.07490961757181891
-0.01693818427083027,-0.011832995385947065,-0.010204690065105382
-0.011074016328086689,-0.0118079651387899,-0.07433562787397419
-0.01145956336470455,-0.009188428530885862,-0.07575004991904954
-0.011876508595837443,-0.01036397843837289,-0.08706877915007682
-0.010336588748156128,-0.010334808968245568,-0.1010811970078529
-0.013365426455738572,-0.00790532903062946,-0.09298526309884458
-0.01683937354426135,-0.005142520969370512,-0.033064736901155634
-0.01318904798592202,-0.0050083320787917,-0.08780004314259715
-0.015373431365577783,-0.00601615603391048,-0.0822409831816806
-0.016103920648500303,-0.003312411887297806,-0.06860897367572205
-0.015924774210061,-0.001780745591349664,-0.06836761075971554
-0.08900165421459638,0.027395335916939434,-0.04558240145824266
0.03579661952054769,-0.016342508159518765,-0.06518563502394059
0.005853710729498474,-0.004429734153136966,-0.07285819055519038
-0.016968883941594015,-0.0014876682324382884,-0.1258761698729245
-0.016490525422657054,0.0024490888544663747,-0.057013350923566186
-0.01580933527841033,0.005949282298378655,-0.07099014951822502
-0.014310459121364527,0.006500720484799771,-0.07799523320046076
-0.015474898061362818,0.005869328581859623,-0.07078125586732043
-0.014354994049559977,0.008373448760997437,-0.060083873746385574
-0.012210051683501089,0.008207185435607833,-0.07395360110795623
-0.013924859617345131,0.010540920519185093,-0.07002728399170977
-0.011683164173800442,0.009360371025913139,-0.059391494413571166
-0.010570305028424709,0.008507493143814937,-0.062354873010295186
-0.012065373805624446,0.014125991838160434,-0.09138256752445972
-0.011930570162703713,0.012494007975393906,-0.0520474853986439
-0.006836543114602023,0.010969739499266051,-0.06570320270294872
-0.006924611129242475,0.014086945866110145,-0.07319245413319297
-0.006739792585882753,0.01452898563303906,-0.07289834061137146
-0.005480036859150772,0.019128394610130606,-0.07603043005901355
-0.003472548649591456,0.01463587250336662,-0.04278438845754806
-0.005246391333123324,0.0178115399465284,0.013499983981247965
-0.005357790214910452,0.018262080562626792,-0.003099979883339543
-0.00466298919570951,0.017545550890972095,-0.007013167099723994
-0.004973090329752239,0.017651529408395206,0.008635379571683366
-0.004727662267757893,0.01734964682493656,0.0005208850121878328
-0.003940544309119609,0.017101176374333615,0.005181081218765371
-0.005408720101716558,0.018055341235863942,0.001399888261826021
-0.0049684216060716935,0.017840756339404962,0.0011101318468931254
-0.0048465280900544805,0.01756186018357253,-0.0013724452740069282
-0.0048116974068412866,0.016654368497818872,0.00027058749281216876
-0.005221423141377635,0.01807130522687439,-0.0026767922081294415
-0.004488089932406236,0.01752631880437283,0.0009297366845189003
-0.005034553980008294,0.01720813113654751,-0.0038853045059772384
-0.004648956591776887,0.016549447993362776,-0.0012970482702030495
-0.0049193674911731655,0.018676180696591604,0.0006117671807794878
-0.0039382700618868505,0.017792198962912398,-0.02101731388160122
-0.003535635391977099,0.01495369373291977,-0.08017671912249558
-0.003460636741533296,0.013561356685245052,-0.08612695145945981
-0.00015275170074824374,0.017394032326437436,-0.0619554994893079
-0.0006794184620564359,0.016051000060306464,-0.07744711723209452
-0.00045761079056960696,0.016115827298991192,-0.0740411076672789
0.0030238759603382626,0.017054971400923158,-0.08417053419912257
0.003978597853942389,0.01703743529534041,-0.019826039977718146
0.0034946928508476915,0.017102425985646708,-0.0037776196196412926
0.0038936788518664223,0.01618399503121326,0.001724194541538715
0.004836895705493838,0.018644429221117864,0.0008812543772069859
0.003980758777511362,0.018940043065758694,-0.002731255122263576
0.004138619024273815,0.01739366067219006,0.001603125512226633
0.004190479969899741,0.016420844533520107,0.001543748230490749
0.004062421697536678,0.0170180247023497,-0.001028137060602674
0.004501281235277155,0.019344312632927352,0.0027812633178854185
0.004110630791516634,0.017592771490982262,-0.0020363662963971407
0.004099205091625535,0.01873931551026775,-0.0004448836104709031
0.004185520945800825,0.017717805634073436,0.0009012508605428238
0.003994609785365366,0.016959042976081307,1.5293493963675076e-05
0.004107073832203323,0.017206773735300107,0.0006705874103216658
0.004220218478443893,0.01767933429737223,0.0021718950367919376
0.00421037094095178,0.018118713108625784,-0.0004277749079442117
0.00395270288650762,0.017583899028442485,0.00037187287349382814
0.004361553984468802,0.017260162915122557,0.00048400708014995075
0.0037798295162896345,0.017667517650028497,-0.0011176472238201285
0.004624765568665534,0.01833290600296955,0.0018117652833682385
0.0037519248156385743,0.018141089093163476,-0.0034333306842562195
0.004713421329075818,0.016971975145319007,0.0005724593162517166
0.003750171101862154,0.017663030484130093,0.0010858719268007633
0.004540947257826389,0.018203945387484932,0.003992645262557382
0.004271534097057383,0.01873362599546846,-0.0031819317181014384
0.004582595378872956,0.017450201469680682,0.001999588264076202
0.0038216351960813633,0.0180454876185423,-9.155264672422447e-05
0.003740320549404874,0.01608467476195452,-0.00031562458090661494
0.004668193453187808,0.019405847147178523,0.0007718718800759916
0.003715677710888432,0.017072634940172193,-0.0021781266298113167
0.0039002700776289423,0.017022325170911845,-0.001257166240066887
0.004120313951727184,0.01855044548616469,-0.00028234576385255394
0.003911811800814569,0.01689828468847443,-0.0011934700858455827
0.0041839714624041235,0.01862465643201272,0.0019191092583819014
0.004494486859387692,0.017800185223285858,0.0006500663373172344
0.0037997222634080785,0.016133928531898434,-0.0015286513887087239
0.004102132440371609,0.017589745383224553,-0.0005919138110366262
0.004094176775575331,0.018381625602971408,0.001367764065481225
0.00433221622293356,0.018027865282492783,-0.0005385899137042571
0.004299930694843024,0.017723715286197095,0.0009083137408545383
0.003760612812183428,0.016942625979019077,0.0007750134112178841
0.00384717270370194,0.01796281974578262,-0.0016875007450680712
0.00425598546211825,0.01742540734894371,-0.00312500204889421
0.0038789382320501,0.017459703007131733,0.00026251074129746144
0.004807321369060702,0.01833062962501808,0.004488883001973143
0.0034901493187060595,0.017102130612720146,0.00022360960948386577
0.004330561561042501,0.018495426307947316,-0.012137506146717492
0.004847310555738282,0.017769392597509093,0.011224997173131968
0.006157364905899243,0.018419323852372216,0.01102105946132248
0.0021180403267000436,0.017612716659246797,-0.016221053851460887
0.0034203194886734956,0.017571165111466946,-0.004345160743056908
0.00504491400500795,0.017175274554466213,0.005915746833403901
0.0051888235740435995,0.019300498478324712,0.003229416714583877
0.003313564342091624,0.017732753077135843,-0.008058817177156286
0.004252084155166536,0.01893105902193426,-0.00484118282284296
0.005408902336497157,0.01711348738023233,0.00991249161811325
0.003543766270451165,0.017372166187547222,-0.004133923838821829
0.0035828713930516898,0.017314346432220518,-0.006218567779291639
0.004412362692733929,0.017086906017979686,0.002963527761805196
0.004703274312868544,0.019037703005741813,0.0009264424372643632
0.0038894044961299556,0.018628515524073963,-0.0040099663843387034
0.003806804987411816,0.016101502445603266,-0.000471252976542047
0.0051343970328061594,0.019012366742494846,0.00395125106917682
0.002726456024096713,0.017711021192421184,0.016259978701083533
0.004985960453952831,0.012674485071685337,0.09422001939155056
0.003997299999999981,0.01420189999999999,0.09670000000000023
-0.0007583374048190095,0.01481830266730233,0.07393751210716903
-0.0001259087216394228,0.01696264737243447,0.06035581529213818
0.0026059060676488777,0.019965678306444357,0.11120671233684476
-0.004111807824168867,0.01612454559039933,0.06339408954312109
-0.004951767811844476,0.015215876090667546,0.045663023309282735
-0.0017557907831657893,0.016867323080475227,0.01827814466401456
-0.005530044455810845,0.016317393100653055,-0.0017419490844066132
-0.005277029725513138,0.019409810464542154,-0.008426679382202096
-0.0044610158864148985,0.015762910564645072,0.0058862756904281
-0.004941718605113277,0.01824297217051729,-0.004872943204812685
-0.005002638031295525,0.018155801179917885,0.0005699994734795766
-0.0046288302830270744,0.018138378287800627,0.002914703899843829
-0.005117140163917622,0.01810711434605916,-0.008164704644900489
-0.004759071817177052,0.018344588047915833,0.0006117651183670247
-0.004378888980596685,0.01680741123356344,-0.0002317727475871223
-0.004748352869497374,0.01893839539461961,0.0002533462607070547
-0.00459395641358995,0.016227256718959193,-0.004821573348118946
-0.004840586290058013,0.019321455383083386,0.0005882347166314972
-0.0048928652673798645,0.01766334059464536,-0.004452937464061613
-0.00458097707387406,0.017208680986853464,-0.0012137239044509585
-0.004603375579717461,0.01800741116097493,0.00546666454745548
-0.004682262169066753,0.01666114753353143,-0.004076475417137182
-0.0043814399099613155,0.01836610972399466,2.6472238195296427e-05
-0.005172277586853458,0.017891725148160953,-0.005350000000000854
-0.004065023829637138,0.016393260074761162,0.004564708357293057
-0.004337280283926326,0.017329849664384556,0.00631528814586968
-0.004691138196362132,0.017262172288408317,-0.012138817310141548
-0.004926187446578911,0.017756546308406174,0.00106549022872926
-0.003281592656642296,0.016352336515878862,0.008513330578249878
-0.006689700000000354,0.018706360000000144,-0.011720000000000397
-0.004382999999999804,0.01715129999999987,0.004300000000000637
-0.003168713428455927,0.01942781435645391,0.013830770641528822
-0.005313099483669426,0.014611264846543293,-0.008973624864961671
-0.006155607087874326,0.016686580797002915,-0.016877145776567737
-0.003619907190054672,0.017833189240463065,0.005991423705721921
-0.003746916495871222,0.018290853326492273,0.010811906978534402
-0.004887784308058585,0.018505359572207558,-0.00014486463136353933
-0.0053350386726824794,0.016005537860837027,-0.011905132719559397
-0.004626153333333161,0.01606427999999993,0.013106666666666378
-0.006927729728469778,0.012906508383798476,0.04733782192905789
-0.0065540388290918905,0.016579210705098157,0.07860785586385788
-0.0066441926076095115,0.013672220709812555,0.06989999343202946
-0.007288614457733988,0.013408353245903504,0.06871434139724464
-0.009149214714852416,0.01383495990619421,0.07128002870340922
-0.01075962208110015,0.011869417832802487,0.0789265804120114
-0.009716961105332711,0.012144588940559142,0.06343953972664584
-0.01235153503066222,0.011270222419392573,0.0671871427287698
-0.011216956824444235,0.01017945734089265,0.07056670842916413
-0.012622420110737664,0.010183151960693637,0.06256668477425631
-0.016279989600043177,0.009949407004837152,0.06435827093865099
-0.013045302349284249,0.006374054884408453,0.0852083596999984
-0.017041020330645473,0.006656926005986996,0.030626636997090895
-0.01743160815544753,0.008655104622109056,-0.008326634347929573
-0.01597093058829646,0.005790641160717591,0.0018313748681042519
-0.01717672317471708,0.006413084764737675,-0.005111370099766255
-0.01689534617580124,0.007060548170762848,-0.0004886242903716642
-0.018126574135730156,0.007497621941292998,-0.0010047111622228933
-0.01597854591982717,0.007128094688940267,0.0037600066757792483
-0.01654175775603539,0.006723650080844967,-0.0080494177805015
-0.017500712571604904,0.006682269088839177,0.0036794289852801754
-0.01629352538752693,0.007453435457954072,-5.001788055825074e-05
-0.016780072123470102,0.006892326217642797,0.00040000000000040004
-0.017430159446653715,0.006585101423578821,-0.0052666693157434885
-0.014933810412681936,0.007574845787666429,0.004807845703833635
-0.01975409120537419,0.007503127231486495,-0.002254510251239239
-0.013806725176825907,0.0072868900230469436,0.023013333863148855
-0.015366087348009483,0.005152088953349732,0.0749733926726539
-0.015563972717158148,0.0027869152555034526,0.08123991258046503
-0.013629202282654962,0.005714934689059148,0.06599922361782218
-0.01712373765217734,0.0004045611020876416,0.0779374711290588
-0.017095667212193355,0.002176128838555891,0.06981430006812017
-0.013504916848785964,0.001656852763901262,0.0669885910990966
-0.01536817742062846,-0.0006712682339286014,0.034989951720816315
-0.02130912148431685,-0.0022106178104461804,-0.007465959452348514
-0.01840121703407549,-0.002759895558082315,-0.0012768862560981198
-0.01634703466621268,0.00017221720367843751,0.003285718664850279
-0.017085622892375252,-0.0026506891697949397,0.00326134246862253
-0.020207331751880275,-0.0028954042570406013,-0.00573991718156508
-0.01878352782434245,-0.0012764799123836656,0.0009741059549601694
-0.015180932865189511,-0.0006923438644592661,0.0009187500931315817
-0.020218664936024755,-0.001769307044425017,-0.0019866661368510563
-0.018734706533524825,-0.0026624929511046558,-0.00013833498073312356
-0.016428789114578457,3.9776145052794476e-05,-0.002189295544540837
-0.018127049991484956,-0.0017242334145094462,0.0011142966621253692
-0.017399739424386773,-0.0014188427350136923,-0.0040999999999997705
-0.01902090000000012,-0.003640599999999994,0.0032999999999998586
-0.018476232593243935,-0.0007592064074862792,0.0030187500931320166
-0.01746852640952179,-0.0014022597018057414,4.7920282300939476e-05
-0.019261589721703665,-0.0024637347887449534,-0.0001933333333918874
-0.01647761973267814,-0.001471470055499302,0.000620779615041922
-0.0173481735873664,-0.0018451239779533335,0.003794119462014134
-0.021511599674258974,-0.002622273164924027,-0.0003850113050258841
-0.017496285036062265,-0.0016309125341348318,-0.0016091053520570497
-0.01737078112735313,-0.0019377529899493595,-0.0014941194620141651
-0.017762297494155366,-0.0003215859274601218,0.002619996185298845
-0.01916699462365612,-0.0022799804520420297,-0.0017199961852987222
-0.018440470693327438,-0.002199460409447851,-0.003319995549480481
-0.016336730198628135,-0.0012899980557153912,0.0008494076441731835
-0.017913170214634455,-0.0012468199688896453,0.0031705910842498852
-0.019517660513726387,-0.0022146697224413314,-0.0026096798540180544
-0.018970348702028517,-0.0019022701192473734,0.0016496804898067374
-0.01790041818276933,-0.001868228738062916,0.00019000119206369348
-0.0186216613310779,-0.001793134696642551,-0.000565299454434065
-0.01796539533971586,-0.0012928932511825364,-0.000364704062247867
-0.01873704482409222,-0.002485125038370395,0.0006999985098867789
-0.017067764509536953,-0.0008137852861035411,0.0001571423705724051
-0.018309299410762758,-0.002318501045640353,0.0015999999999998238
-0.019301690859959475,-0.001500014351717982,-0.0013904730548288669
-0.017307491752894588,-0.0019128515267928803,0.0009039213944550539
-0.018271053466845988,-0.0014699477897452962,0.0011294092898017638
-0.018397400000000008,-0.0020242000000000315,0.0
-0.016673811750961942,-0.0013445331166352936,0.0042999999999997485
-0.019171033985348807,-0.0018536929423330628,0.006133330684256588
-0.017382409349730565,-0.0021004219249873834,-0.0038039223844652525
-0.01802400620483091,-0.0013862240136601756,-0.0034436947439329124
-0.017477240960085183,-0.001259005139390812,0.004908408711087109
-0.017281455327871065,-0.001624119340313479,0.001805883693595689
-0.01963856088166205,-0.0018746469422983303,-0.005535722922394015
-0.01614691976091054,-0.0010982549799998242,-0.004214277822751189
-0.017940936033931543,-0.0015933351636583382,0.006349999553017849
-0.018795119896386492,-0.0021233542030163477,0.00038234941023240765
-0.018620715881024097,-0.0014993338409803325,-0.004242359900743065
-0.017232624752457237,-0.0006126533528660882,-0.0005024940916387166
-0.017050237456972983,-0.0021505372558077163,0.0034749988824147593
-0.02037102775782662,-0.0018559377840527969,-0.0032124990686792643
-0.017394200000000026,-0.0018229499999999899,-0.0013000000000000789
-0.018464922374935355,-0.0012006294012874008,0.00022352916427115233
-0.018557436795705318,-0.0017030423970776365,0.00394790305643733
-0.019082042684272604,-0.0015609751180605258,0.00013523402209925095
-0.016766809600264665,-0.0013524874603274561,-0.0036831360060745055
-0.01906370784100453,-0.001788952430634927,-0.0034635276935786052
-0.019071295746509342,-0.0020275133818563607,0.0003899996920151416
-0.016696543287164634,-0.0011384900414286303,0.0023833350718578394
-0.01945242313720219,-0.0017351767009015084,-0.0013400050333247648
-0.017581200944621234,-0.001741845512502227,-0.001916860035507728
-0.01989601758832027,-0.0021961875559233235,-7.647223819473581e-05
-0.01665119752790223,-0.0009637949410661317,0.0021312506519244323
-0.018754503577992354,-0.0018451578869425056,0.0011533676952857341
-0.018619040746475246,-0.0014644812121096251,-0.0019179479717772452
-0.016923975303990924,-0.0015030765737409357,0.0010039171173792383
-0.018432706245189,-0.0014953378621986868,0.002196084472218196
-0.01853522129886298,-0.0018196758619595244,-0.0012916715925022082
-0.017882349342114967,-0.0014061247016046163,7.500186264142172e-05
-0.017858150589827426,-0.0013283889519219994,-0.00046999460570740226
-0.017719282264904823,-0.001736992625042566,0.0025123006271488
-0.01821427310273993,-0.0015138693834133576,-0.0008923082566112406
-0.018738300000000097,-0.0018196999999999797,-0.0009000000000001229
-0.018156941468100873,-0.001579435098102433,-0.0017117666858332825
-0.01831667853189911,-0.0013101449018975142,0.004971766685833767
-0.019211579999999895,-0.0016213200000001482,-0.0018600000000001948
-0.016228600000000037,-0.001032299999999875,0.0013000000000000789
-0.019939658455987663,-0.0017860659074291352,-0.001766664017547992
-0.016881213320796062,-0.0017600165813864699,-0.0026745123705422813
-0.01806868957094543,-0.0013505895007623892,0.0027126039863940576
-0.018527505171646474,-0.0014095017269240007,0.002301907430465544
-0.016824938469597317,-0.0017287326463759634,-0.0013045831661004925
-0.019723613418694663,-0.0016986602041819676,0.0013579146980329249
-0.01822851883762855,-0.0018520166766298196,3.761913330979638e-05
-0.017874033228684194,-0.0016836361446819215,0.0004757117628337859
-0.01836658909592237,-0.0016170896546381375,0.0015299982517182897
-0.016671369357663002,-0.0014774277791751445,-0.003194996826148433
-0.01980371334375275,-0.0011743448896486264,0.004778328622949246
-0.017124429307717515,-0.001915141424640332,-0.002618028850328802
-0.01859897486927964,-0.0017560758621701922,-0.0030665493069603755
-0.01777465521109245,-0.0016727612121196778,0.001111250334030256
-0.017802226983808067,-0.0012521702866137296,0.0032892315103527636
-0.018479771356783914,-0.0021066695026226157,-0.003769231192458644
-0.0185896581237881,-0.0015442327065517958,0.0005666656070193454
-0.017037951928943862,-0.0015680451235839943,8.038925666342678e-05
-0.017511289947267805,-0.0013791221698642442,0.0007529451363175177
-0.01961997038875829,-0.0019034537529449835,-0.0012235302367331613
-0.016151129611241988,-0.0010409462470548636,0.00212353023673284
-0.018467779226839065,-0.0015401290463217254,-0.0010857152588554797
-0.018092873399485176,-0.001474346049417985,0.0035482165627045426
-0.01949874737367563,-0.0018899249042603206,-0.002662501303849041
-0.01716712092125028,-0.0015618008225448676,-0.0011800014305127782
-0.01822077907874986,-0.0012971991774550773,0.004180001430512892
-0.018509553373637466,-0.0017959002009537706,-0.0030428576294276866
-0.018566915916242488,-0.0017253372582402005,-0.0012802212687126335
-0.017284939323465087,-0.0012124637456254472,-0.0004435930667643362
-0.018329617199259296,-0.0017778653850240023,-0.00021333121398781074
-0.018841791632899785,-0.0017951263239850412,-0.001912852747538274
-0.01890055930858292,-0.001402590175408669,-0.0025214151907353433
-0.01798683115830113,-0.001151717451183254,0.0021809367241854005
-0.017508130783038256,-0.0018436877139309527,-0.003907840592644263
-0.018167174860431734,-0.0014082682034144423,0.004384029209058671
-0.01809030557421365,-0.0014616427390634623,-0.0010928549684900979
-0.018453000869928182,-0.0013428008031708405,0.002670000745056189
-0.018540144526566715,-0.0016704855006810515,3.714237057250713e-05
-0.01677793035443398,-0.0015616550810615415,-0.00030420490651028587
-0.01787490511899925,-0.0013539594182574444,-0.002252937464061855
-0.01885745769568903,-0.0017903564246226633,0.0005062495343395312
-0.018400834635111774,-0.0014735430905885583,0.0006604176621509694
-0.01768042118992974,-0.0017258206717090108,-0.00291666600439644
-0.016736281816071563,-0.001067662315919593,0.002814704360266873
-0.018926905968133068,-0.0015003315446846521,0.00037529126874691343
-0.018022698695064787,-0.001695485952475595,-0.0012399968211078694
-0.01720409872146389,-0.0014463762055192397,-0.00010000000000021103
-0.01902319926391316,-0.001625023095124245,0.0019166653421280877
-0.017503314756022403,-0.0015315071464905294,0.0006245096434969177
-0.018723537055942208,-0.0014583814589277377,0.0007275768770442781
-0.01801482417297484,-0.001821113494665294,-0.0010187488823985014
-0.018175516111447187,-0.0017781739327089596,-0.00020882518971498953
-0.01829238831741886,-0.0013805399662913942,0.0011231069505885927
-0.01838502360010219,-0.0014404845521143184,-0.0015285700905081079
-0.01707006264480182,-0.0014340146141762489,-0.002248221169880882
-0.018977785355913435,-0.0016954855339819108,0.0016625065192448218
-0.018055228416055447,-0.0016257198322651156,-0.0010852986550355936
-0.017751701583944568,-0.001328800167734956,0.0011552986550356081
-0.01872859500510904,-0.0018513442455720952,0.0003728559264306597
-0.017218774994890995,-0.0013025357544280691,0.0006071440735690992
-0.01775755000000001,-0.0008745999999997256,-0.0026999999999999247
-0.017411534088327185,-0.0015436821480163676,-0.002694116657083079
-0.018508220421726063,-0.0019241114783048463,0.00011411983597531261
-0.01878060639764423,-0.0017862275402320549,0.00013713919168045763
-0.01790943909230247,-0.000993278833446798,-0.0005571423705728051
-0.016806581622091643,-0.0012031648514088111,-0.000623527761804965
-0.019070287262856755,-0.0018911213069305877,0.0017735329772010644
-0.017071156140596566,-0.0005947848140719358,-0.003721434030109716
-0.01889796092156082,-0.002503270683895664,-0.0035142815785014214
-0.018189996234569628,-0.0030010238023694402,-0.011720171547235925
-0.017164389681359804,-0.0002678122961166096,0.008605881940451088
-0.01733669480363148,-0.0012731889118735573,0.0022999999999999687
-0.019674747518515945,-0.0012287921921507738,0.005961265314597952
-0.018062835630393126,-0.0017997827621523133,-0.0029965569573056072
-0.018885665591910628,-0.0010193899934085593,0.0029882417289597285
-0.01845104729642366,-0.0013252643789460894,0.0015944160232694848
-0.018056449991853574,-0.0013223386443546037,0.00024638286602574055
-0.018213540215172352,-0.0015527407531032988,-0.0006437497206035481
-0.01772000261968687,-0.0014512857861668227,-0.00017941035966595464
-0.017819232047824235,-0.0014986071419766933,0.0001584449753924133
-0.017860411114455077,-0.0017025778558494853,2.3912008185078548e-05
-0.019038145797512007,-0.0020659593116698627,-0.003564709759757978
-0.01686273342527081,-0.0011970716298457251,-0.007023531474196432
-0.0190966339851332,-0.0018360279632654297,0.002651083639995999
-0.01880573386055512,-0.0018620679121439387,-0.002628279903010622
-0.017674075094936764,-0.0015029206586538724,-0.0027229921039966243
-0.0174708035883214,-0.0014842530090197759,-0.0006115739464638281
-0.018627871360594142,-0.0014037245886802108,-0.0038411756455918322
-0.01729870419477443,-0.0008114287519458419,-0.024461766685833997
-0.016163542368672,-0.0005749763232139049,-0.07243340733614634
-0.017344006829818938,0.000714464635066081,-0.07044601216788582
-0.015780791837827896,0.0016710223167737404,-0.07122396081153104
-0.015551219084479057,0.0031026087069854213,-0.06919991099101974
-0.01571680227068633,0.003244807855390386,-0.08172320616050843
-0.016354544409755537,0.0041048046376559455,-0.07470346315523502
-0.014141975676355844,0.007735348636399797,-0.06377889242587642
-0.014644097522404385,0.006202499534942563,-0.08754114413138314
-0.012519789339097816,0.009956053181803703,-0.05817995676637944
-0.012877866206391149,0.008800179663378094,-0.06454942628903204
-0.012908025310223378,0.009999961802064306,-0.06868888427883224
-0.012446806144168446,0.011406992155090334,-0.07008170882420028
-0.01189873887686256,0.011202803802026429,-0.06965031589066806
-0.011699525185801363,0.011991281186148006,-0.07604973973980922
-0.007781226455820939,0.011942226841267223,-0.06558756748986472
-0.00680290559059088,0.014821015336274002,-0.06604570756377903
-0.009922936891043482,0.014351906031947692,-0.07896669315743488
-0.006903356708693881,0.014888806469573579,-0.06929409702256528
-0.00435137844190614,0.016399707242577666,-0.07147260408209988
-0.004248506794222867,0.016760193150927805,-0.06588325291440889
-0.0020518998817226075,0.011587242531064579,-0.07207358463233415
-0.0024954987685525676,0.019510895517958704,-0.069936489323287
0.00030967629345579617,0.01496237670550149,-0.07523404099856013
5.9104747330035456e-05,0.018306261696126036,-0.07706594946461287
0.004419030922306638,0.013343841852735405,-0.0652685369341457
0.0029132501522189935,0.016123791935562903,-0.0683527407283604
0.0037044437931381125,0.015845641521950116,-0.07534716439008893
0.004806251853988336,0.01442146379552145,-0.06913035808914003
0.006490389568014399,0.015947720487516692,-0.07355540144764472
0.0064547363456770035,0.014513403724893847,-0.06880581684848774
0.007685652226319062,0.012256176120288176,-0.06573287253901583
0.010475732290503859,0.016422870472518447,-0.08058038683003321
0.00819529031628552,0.010774512966703176,-0.06420423672396858
0.012424642085860318,0.012044633808580008,-0.07844246703124735
0.011552534781765586,0.011506321477572579,-0.07171996344215881
0.012459703106920211,0.008995466928477858,-0.06966675355696683
0.012877702111314206,0.00996637159394953,-0.0793332830008735
0.015890278028303333,0.009412693865908373,-0.07132149316258296
0.013562085694120686,0.007010541128411596,-0.06971967901811116
0.01511495237866475,0.006773376258958352,-0.07206720420013824
0.016000618721049385,0.004489789253763088,-0.07219162997705375
0.014278946663914324,0.00467605292829798,-0.06931177856000037
0.016821012723756787,0.0026907089454508704,-0.07068806181235932
0.016880114624321135,0.00238551999863279,-0.08364719897610673
0.015090118027508315,-0.00043183479935460234,-0.05779292886251053
0.014571679510551896,-0.0015583482301622098,-0.058993382076717005
0.017677196045626065,0.0005314080367760932,-0.0571960666686806
0.02176197858035546,-0.0005424730705414493,-0.011303970947839304
0.016727614209624125,-0.002686807443441186,0.008983389046703039
0.016047345290344045,-0.00453172854164452,0.015283344376791241
0.01822561950185969,-0.0026762983310550936,0.003586660838605482
0.018318706315582772,-0.0010589524536135375,-0.010343541786460797
0.01874287368441724,-0.003048667546386552,0.0065635417864609025
0.01911629433958109,-0.002181560090232182,-0.005647688075414159
0.01709849559744822,-0.002121113471048486,0.0008194547612472292
0.018495811589498923,-0.0027018932461071454,-0.00415843356443002
0.017530817544332222,-0.0027793492308267886,0.0031609530794449725
0.018223168298965975,-0.001936389328941579,-0.004494288108153555
0.018591540080786673,-0.0026991599376802178,0.0014942883514468264
0.016167227037774623,-0.0011095733538643016,0.0028621819166794182
0.018492973277279834,-0.0031743694680022028,0.003266389268606673
0.018315132234332454,-0.0016267718732970726,0.0016571423705720179
0.01769716628413387,-0.0024518465810471346,0.0019400038147319165
0.018310378417447593,-0.0021016925002530495,0.0018333300484165704
0.016993401025807264,-0.00258275484462156,-0.0029498046988774007
0.019532385328798196,-0.0019737444305910623,0.0003364771935130406
0.018464522264218686,-0.002056615571070841,0.0019733248562543437
0.01685213307393596,-0.0021123687299702265,-0.002633347108498718
0.019402418463082827,-0.0021961979149737187,-0.0033399831518563516
0.016997682938549363,-0.001834177718312624,0.00013999755620375254
0.018340720207014383,-0.0025123020683802677,0.002799998311170171
0.01833113779054274,-0.002418678904865912,-0.002973329094759336
0.018110453453059616,-0.002261688587266164,4.000105966373013e-05
0.018545100753409427,-0.001884632148647425,-0.0001666687859618321
0.017963860762942763,-0.0025796287976839194,0.0023428576294275416
0.017443610870789383,-0.0018821198931145977,-0.004366382586301398
0.01829612072897957,-0.001905616997828985,-0.00014313959053158243
0.018973609548848858,-0.0026762868365116654,0.002178431233240019
0.0180565980884394,-0.001091997474860884,-0.01111176668583358
0.019722270947642895,-0.00248168803604909,-0.0023400069936752033
0.016515161679315438,-0.002830573377215373,0.008710595888953065
0.01800176737304171,-0.002583988586735475,0.0028294111047211246
0.017860600000000004,-0.0017667999999999573,-0.0030999999999998806
0.01817128233991827,-0.0021873310354223463,-0.0020857084468657305
0.01777881285995464,-0.0033699964143114602,0.009765705267973601
0.017874722541464383,-0.0019086720813672464,-0.002913331037490252
0.01786979295174629,-0.0019111022570400538,-0.007256666498873798
0.017778092573228155,-0.0023516819359310492,0.0028100038941483163
0.018144290567600252,-0.0026104909752975303,0.0048550001738618676
0.01844258497531248,-0.002130452215537759,-0.00544773082251826
0.018696814739162626,-0.0019973733926528237,-0.0025772737223297426
0.017019503483995835,-0.0027615696558354053,0.004597062325567336
0.01875919824714989,-0.002660745390043462,0.0017029448267127378
0.01809050654647737,-0.0017420947976064527,-0.00377353933185276
0.017786998173989876,-0.002384489848954452,0.0006235333716668734
0.01805785999999998,-0.0024443800000000238,0.001860000000000639
0.017347460487959987,-0.0021006297327080814,-0.0014822231052482593
0.01862353110052417,-0.0022138764149940426,-0.0028652776398194746
0.01794564600208015,-0.002298308985742459,0.0017522048949620839
0.018860777450363964,-0.002893105608826718,0.004335294260658706
0.018335624959071595,-0.0018433392577287266,-0.004799998410553563
0.01685660000000011,-0.0023027599999999593,-0.002200000000000202
0.018004887132152536,-0.002545901491825653,0.003642854223433467
0.018440677476629697,-0.002074215025010928,-0.002019326461628168
0.018042261497869472,-0.0025128355279858683,-0.0030168632144000895
0.01859222223870871,-0.002621768195505636,-0.00014666518319383925
0.016505751654639633,-0.002497679759671856,0.004940000635788699
0.019776480672028418,-0.0024256122834346305,-0.0026800012715773036
0.017257184333651532,-0.0020544915537111796,0.0007152943167509918
0.017858664698539917,-0.002301573054429573,0.0006176444188881192
0.018161158231884356,-0.003040538430684858,0.0030270673042762652
0.01929757594672954,-0.002080907044905933,-0.00287286239776563
0.016775645295852515,-0.002398066403843546,-0.0009071185298283879
0.019373675886640962,-0.003059611867957779,0.005739973616101679
0.016272817161788078,-0.0020828399638121997,-0.0001223516354915688
0.01857267661825257,-0.0028952170845499836,-0.001746218709637759
0.017381146016217874,-0.002202233138917431,0.0001507906953781557
0.018087717276928927,-0.0022660710881646784,0.0002777821929056401
0.019612744967693718,-0.0020054104033553344,-0.00810665988492243
0.014926656030228358,-0.0034519849272707237,0.01468166137505822
0.017825396863563103,-0.0028667627549622265,0.001284998509864188
0.0186905821386103,-0.001924066973431282,-0.002310000745056051
0.016445077861389823,-0.002465213026568658,-0.0011499992549444116
0.020162850615910388,-0.002671888778510767,0.0015466581896212972
0.016728027166503123,-0.0023927491821205127,-0.0008591572582998808
0.01798213486893796,-0.0023119629317240875,-0.004187507743194097
0.017747112413130317,-0.0030604513650519527,0.0026909143264495228
0.018964934935518096,-0.0015373677425927212,-0.005450907514576997
0.01627734000000003,-0.0030736799999999675,0.006160000000000387
0.020003426159997062,-0.002206678577192589,-0.002753844037706621
0.017743254985256307,-0.0019706918995054945,3.031487343552186e-05
0.017841353927463777,-0.002739337000056352,0.0004301953011225379
0.018148850486112034,-0.002583875781364431,-0.00046381094024372516
0.01877956075929066,-0.0020580172493743776,-0.00182857045546303
0.014384434179570693,-0.004153263027002363,0.015035716748946548
0.018472041086254,-0.002446667357612675,-0.001008823699534922
0.01822844388851852,-0.0027637216088851613,0.000552159251484774
0.017738050024882712,-0.0023926265052690576,-0.0005933386315124523
0.01849982259824179,-0.0025449048399760477,-0.002107690153917652
0.0174397556577901,-0.0025935281892384143,0.0016810267721583116
0.017575048348637656,-0.0028264580429209207,0.002932548314147354
0.01804691324655594,-0.0022940492432157455,-0.0010858830250226603
0.018648444651428786,-0.0026260806783864332,0.0005799996821060915
0.017804960897942257,-0.0024976237315411653,-0.0007374972060381069
0.018823780416529656,-0.003082910525790128,0.0026041601639974488
0.0163828423105703,-0.0020173102184344316,-0.0008960806624358497
0.01830267437196431,-0.0024854737593958953,-0.002153914083542041
0.01798815054060965,-0.0027328926823232402,0.001719693059882843
0.01919865847358948,-0.0029378013120145985,0.0017518748472333812
0.017636831737900316,-0.001852246384503542,-0.0025415683928002863
0.018017991027414304,-0.0027521886632325687,-0.0013066670905086397
0.016925593651947013,-0.0018875645329266,-0.028051772931484642
0.01481472120198224,-0.0023790514953554442,-0.07541679037460369
0.01582114319362482,-0.0032952933961639674,-0.08458902004010493
0.01571365706037131,-0.006532984729478386,-0.061442442085348326
0.013730019556971396,-0.00527876452251852,-0.0760114465938928
0.013751791085561571,-0.007417164799871756,-0.06720354090378766
0.017003906542480074,-0.00826029631312708,-0.0939912358190993
0.011152827395413567,-0.009128225807117252,-0.054089336289290024
0.013084452432266858,-0.010067895154134643,-0.07704438835022032
0.012576778102860953,-0.012124751972070857,-0.03738002724795653
0.014684155564529178,-0.012507770336914525,-0.003019997019774401
0.012887874973079416,-0.013030896886830678,-0.0004499374181810012
0.011038433907926581,-0.013211784343229338,0.010396992766496638
0.014518428311571796,-0.011953263329733899,-0.01617647223819496
0.012679037300794782,-0.01364142555969483,0.008986549468236404
0.012246780289673964,-0.012462911488556605,0.003792866995868671
0.012846609652424235,-0.012631108055040086,-0.004750002554452237
0.013236182571723987,-0.012968737963919619,-0.0005000476833814105
0.012831700966135617,-0.012593162048702533,-3.524816672317854e-05
0.013531948362323298,-0.013125952224523063,0.0007486313026996427
0.013024842763424083,-0.013006408772555433,0.001761661939707615
0.012123741251572007,-0.011833607941114765,0.002019120667246632
0.014379484084821037,-0.013839031049184491,-0.008594118059549238
0.011542113706060064,-0.012395439251069229,0.004656253259622822
0.012748364742357854,-0.01263116232802286,0.0016052854840733488
0.013867508252876526,-0.013224713480512795,-0.004297252299553911
0.011638439145782886,-0.012290757875994762,0.0025239484374912635
0.01168837885139995,-0.012853272199028432,0.002905098875559453
0.014775866256238057,-0.013080226071916501,-0.005118334874777197
0.011868907835379083,-0.013041380996462681,0.0041916683140748034
0.013794685861933331,-0.01292015276802494,-0.0018666671964906456
0.01264324134981587,-0.013095434149036578,0.0010333343929813665
0.01216837609708632,-0.012003589902553014,0.003566665607018571
0.014491834716465313,-0.014174773194680634,-0.0038642881471391277
0.011962244019352308,-0.0126540412142504,0.001205465937695216
0.012888185606426017,-0.012253523269022626,-0.0033811784263440003
0.013213453558826416,-0.013520433299424539,0.0033400006357879874
0.01320823039168939,-0.01287121657697532,-0.0021214271117164785
0.012507477798094246,-0.012554754529300993,-0.002278566927741643
0.01290257107645676,-0.013053396850640553,0.0024235256786377946
0.012433936396410328,-0.012226887585569779,0.003476468360820384
0.013998213074534416,-0.013695061051330448,-0.0016733290948103274
0.011734070146720121,-0.011986876509939348,0.0008483309574520703
0.013956401116094863,-0.013666506896243602,-7.500186264142172e-05
0.012417352140863702,-0.012320310873315199,-9.411665708292105e-05
0.013664378795261278,-0.013175229773020769,-0.003651339267663367
0.012708531679678448,-0.013000843600939227,0.0017668830364634402
0.012257237384196262,-0.011933315752724827,0.0007785728882829801
0.013234156740970171,-0.013460060698533782,0.0020500536416729886
0.012884449227922978,-0.01301541042470089,-0.0029382869558389757
0.01269706592459352,-0.01275819449091542,0.0012194824759772516
0.013509120770001104,-0.01332105558135388,0.0005258915057630986
0.012984947057986584,-0.013156511655388003,0.0012546258532371013
0.013045150194919586,-0.012874657663142886,-0.00021176652081145164
0.012639402400223876,-0.012552702231733326,0.0010266677262977808
0.012321794956007714,-0.012136341357986247,-0.0009384344121317056
0.012965187239048603,-0.013000418792143087,-0.0028382358686185327
0.01324449721480958,-0.012988319409153792,-0.0006566589199410444
0.012580945654109055,-0.012834499275652833,0.004673322842906558
0.01406386616164168,-0.013581054606284892,-0.003738091886224204
0.011183519607864678,-0.011783602143041305,-0.0004723192028928125
0.012707016906387647,-0.01280543758347874,0.0024975955922981186
0.013702322750968943,-0.013273829950619875,0.0009461541283055652
0.012695657192544285,-0.01314460413587093,-0.00039999999999995595
0.012828441969323645,-0.012462154165673311,-0.0022777768947523924
0.011700362037590395,-0.012433049373345328,0.004177772424412751
0.013575455993086294,-0.013018696460981527,-0.0037199955296607357
0.014023714357679573,-0.012314672336755095,-0.045703625603051634
0.009561825642320443,-0.011467927663244781,-0.06757637439694797
0.010188917086997762,-0.012605004794956187,-0.07101107343435409
0.0096098733597616,-0.01404397458368889,-0.07882743846822393
0.006953327459669367,-0.013192209121298815,-0.06559673436691593
0.006643282093571123,-0.012897111500056235,-0.07806475373050592
0.006557499999999994,-0.016049999999999898,-0.06709999999999994
0.004683056021798304,-0.01540493588555858,-0.061949982970027406
0.006347670967302488,-0.015877375890667622,-0.08899998126703057
0.0024749970715975955,-0.014974750671356674,-0.06347360279378211
0.001411183225322521,-0.015749217110551106,-0.07420979544233841
-0.0004254457175281168,-0.017197265963331043,-0.055451978819196945
0.005980938059576779,-0.01512556315055269,-0.1609333391280332
-0.0027706422259012875,-0.016228479397410345,-0.06822665437534425
-0.004196346514828253,-0.015567291897754298,-0.056439992033833875
-0.003703500738726717,-0.016983035291500137,-0.07961992277146202
-0.005364458244564219,-0.01681484590003901,-0.07207448534298955
-0.005270527056238983,-0.01655575942301546,-0.05638557823485435
-0.009515586549498245,-0.01627133959246896,0.02444666560696973
-0.006333403389542358,-0.01515748207366574,-0.00812548744245234
-0.007862135813178739,-0.017074325860975126,0.0013588266038464525
-0.00744499909559071,-0.01656943189115312,-0.0017000015894712561
-0.008091730401245556,-0.016774078559107064,0.004152941671458521
-0.00740860178185887,-0.017465175024299562,-0.001979609397755766
-0.007241241404860155,-0.016230732745659004,-0.00101332464430115
-0.007476861039283911,-0.0158225438457249,0.004714995723352544
-0.008266559683499874,-0.01871812724522748,-0.004318753073357939
-0.007740949617276893,-0.015777365004003396,0.002496691392060768
-0.006695981071974888,-0.015851177575978426,-0.0033529416714568328
-0.008528487854223332,-0.01762594690224839,0.0029428576294279196
-0.007028720749818085,-0.01505383321338627,-0.0004616050216910139
-0.008647093668107786,-0.018843920615522425,0.0002854098203393107
-0.006231878292834114,-0.0142579708156223,-0.0002960581056772327
-0.007845193020387331,-0.01716270569834899,-0.0013439393511678333
-0.00779050299498385,-0.016909683576384005,0.002473335028769341
-0.00648549841964563,-0.016202239178487954,-0.005300000000000082
-0.007423325288086868,-0.016840782229992524,0.0009166653421281978
-0.007915394347833171,-0.01726584578565893,-0.0018578431326847777
-0.007662986300627228,-0.01651328443645239,-0.0007088196549922543
-0.008320038590019507,-0.01633586258195585,0.0062928550749763446
-0.007267525003751718,-0.01690180585761958,-0.002849530124063193
-0.006523830469681524,-0.01728351910832071,-0.011493327505364803
-0.006204605266257879,-0.015931522316031455,-0.009800000000000253
-0.014735944733741846,-0.014319977683968421,0.07774999999999999
-0.009915774444822834,-0.016761248739782353,0.018807145776566614
-0.00769867293024884,-0.016905423694892896,0.0036428613758268114
-0.006429975466183624,-0.014995027117938431,-0.0033117710332959405
-0.008536058919103251,-0.01793057818618493,0.0031974810859907166
-0.006791047075564993,-0.016022787213741285,-0.004910719812786013
-0.007594721164076557,-0.01612137504746025,-0.0012949973923017666
-0.008158888526429209,-0.016785572268768423,0.004355300057500955
-0.007321611473570577,-0.016693387731231635,-0.003435300057502033
-0.00786822415871935,-0.01756402572036775,-0.00295714577656625
-0.006638637229470223,-0.015288184106927893,-0.00041785310584785407
-0.007655556374152717,-0.016685866219370737,0.0014749957034716488
-0.007386438486565172,-0.01654474507866155,-0.002679995231611443
-0.008260398103953737,-0.017353421282710002,0.002572856039982696
-0.007160404305646573,-0.016779991447163134,0.0019071503178018645
-0.007993001406659594,-0.017816658599698165,-0.000500007947229264
-0.006652428674437161,-0.015064585139311415,-0.00311764722381902
-0.008378548377140582,-0.0166726143393503,0.0044976504027118835
-0.007931310357360388,-0.01669176924289406,0.0021088852684822967
-0.006838402750801276,-0.016466072691462053,-0.0033955514053349845
-0.008445445454910327,-0.01653263276431094,0.001586670587421679
-0.0070622171106689,-0.015857510156967347,0.0011964674136635267
-0.0074191872095141775,-0.019089823210804546,-0.0054764750431264275
-0.007458784759123205,-0.014776774836460227,-0.0006062495343375218
-0.007826417326262991,-0.01732940983626774,0.001526248262761598
-0.007479844091201393,-0.015606683492256579,0.0007733303663872704
-0.006971457046278218,-0.016175409486727244,0.00024784589081505715
-0.007354676777134195,-0.016946602348288486,-0.003281174985627189
-0.00836484499659429,-0.016254854584468514,0.0033971457765673563
-0.00815657500340583,-0.015149765415531036,0.005942854223434324
-0.00785379999999991,-0.016726360000000273,0.0033399999999996766
-0.0075913206218531926,-0.015178421366842887,0.0011129416714581453
-0.007456984027329305,-0.016969878232952595,-0.0043886552273164625
-0.007817882324248515,-0.017229714141431263,0.0025357135558579103
-0.007687218622406622,-0.017062610433352,-0.0015000000000000568
-0.007638665533006961,-0.016688758135001258,0.0016176472238189632
-0.007711158223516534,-0.017266623695767258,-0.0002176472238186733
-0.0070467706476389225,-0.015345733994652555,0.0007999999999999119
-0.008028859985695025,-0.01786962135420822,-0.0011999999999989797
-0.0074482656064960295,-0.015832154064778337,0.0009588222094425447
-0.007600681051693758,-0.017784838742977982,0.000741177790557046
-0.007336933900349951,-0.016594327361384664,-0.0013466668785966363
-0.007404749951823497,-0.016108409055560102,0.0011966706038801789
-0.008083109503941532,-0.017943149421090876,-0.0012500037252838325
-0.007442074989832292,-0.015516378596973635,0.00015882501437403107
-0.007332325010168006,-0.01639684140302622,0.0015011749856252976
-0.007644720000000049,-0.016884319999999953,-0.0016599999999993287
-0.006994577461572948,-0.015568125030012148,-0.002305879053068338
-0.00808951167788674,-0.01479890035765985,-0.00036745597570231325
-0.0076475540040830126,-0.016874773560904277,-0.0031079148780985832
-0.007538553149032179,-0.01799830728439389,0.0017169634627265395
-0.007687303707424764,-0.016421693767029844,-0.003915713555857181
-0.007684449587535003,-0.01426281077065461,0.0040800000000000836
-0.0073874139871290545,-0.016756382332738795,-0.0033599984105538994
-0.007858549867281628,-0.017016744509258608,0.0009599666216324465
-0.00791885531515124,-0.017293137665477687,0.0013875327202423904
-0.007272335364720384,-0.01588757327767709,-0.0013874977523773424
-0.007527199054874867,-0.01647477790581986,-0.000300003178944408
-0.006668023408648249,-0.014752972650667662,-0.002100000000000435
-0.008125753414659709,-0.016842660887705918,0.0030999999999998806
-0.006570500566243087,-0.01696772633774879,-0.0328562577299607
-0.007102415735375178,-0.014135767453776094,-0.08444370412272484
-0.008939245979236787,-0.012380768022032917,-0.06726668044247397
-0.008514937504578324,-0.012763153778288405,-0.07083366763450982
-0.011289248842079935,-0.012482625481029519,-0.07383298896566437
-0.010331879820097534,-0.010919951914796222,-0.07125496807800502
-0.011984199741215562,-0.011064169234373367,-0.06611170123773746
-0.011948302003181865,-0.009358747128814127,-0.07002009568567047
-0.014728869807991707,-0.010176390649140554,-0.07167993610325318
-0.013482748106266929,-0.007048599468664651,-0.07192871934604916
-0.01272670468534054,-0.008597815808392362,-0.08232418866623448
-0.016473961168338658,-0.007644627093637446,-0.051294146851397215
-0.016846029550242392,-0.004946583057667819,0.011700387985085214
-0.019610718658834347,-0.005149127839336742,0.020987849701439742
-0.01794013837139774,-0.005601195637154888,0.01137214966277078
-0.017123072973050046,-0.006870654197745019,-0.0056466679382083385
-0.01622193948177486,-0.006107744358236911,0.0013862771240518157
-0.017173626836273215,-0.006320502075840118,0.004247058328541442
-0.017124395945047777,-0.006263710722179461,0.0006928576294296107
-0.017327293421558032,-0.006599665339173555,-0.0014728544505349106
-0.017693958556588285,-0.007105190554178353,-0.004766673236431984
-0.015923370457424202,-0.005558175583063374,0.0028113784148295906
-0.017436073705437982,-0.00638673785771271,0.002849579789847567
-0.016831075880371582,-0.006503140235671445,-0.0009476225401190419
-0.016035392202053522,-0.006246830171344975,3.333439298103258e-05
-0.017837899999999962,-0.006668749999999779,-0.0011500000000008725
-0.0168915858465164,-0.006082060930663324,0.001591175810613521
-0.017124339457465165,-0.006767553125603065,-0.0011745112632084442
-0.016920349579192306,-0.006397523208889755,0.0020066688918927156
-0.017393112814373834,-0.006043308961002136,0.0038409581138356685
-0.017981404945504043,-0.006839877234332548,-0.0016714305177103483
-0.017025860950272476,-0.006707630054495706,-0.002271433923706212
-0.01578564265934035,-0.005588738496681955,0.0022344547462438413
-0.018722020936511763,-0.006734125219229448,0.0024940823809238566
-0.0159271060987638,-0.006265824587118551,-0.0021764364770806566
-0.01715660236941674,-0.006934149810049028,0.03594788061694132
-0.014427474342643132,-0.006632138371934548,0.07064859162125359
-0.012558701068678735,-0.006821879341122106,0.06828588755031362
-0.014077157553271435,-0.009085164273278767,0.06792747492286644
-0.01296160530433732,-0.008898299131868903,0.07524898634315669
-0.012779455630933079,-0.00999521079596466,0.07646045091118481
-0.010830875122818995,-0.010923794594587477,0.061957163714637886
-0.009921303728162023,-0.010735023633790863,0.06704712854555694
-0.010413498870160964,-0.013441251633267814,0.07362974475072015
-0.008858768854346888,-0.013477865379740273,0.06782319455393981
-0.00820243386729036,-0.013456811216379538,0.07375996870762513
-0.006986834507423101,-0.015480822950058482,0.07152668023015529
-0.005567274642262143,-0.013562170375046811,0.06546621936733743
-0.005568017138890324,-0.015232256253639331,0.07742212610695809
-0.0034270237114246704,-0.01826672042125521,0.024724974295549984
-0.004281379840259225,-0.018578905513793043,0.002023530566734877
-0.0041131701597407755,-0.017093444486206977,0.003996469433264593
-0.004093104982943796,-0.018176283250192604,0.0017492385284079148
-0.00367706352188768,-0.01570513471398849,-0.0002751134565315283
-0.0035031473262312485,-0.01908621074494654,-0.006465555589587169
-0.003940602980207375,-0.01873790585183066,-0.0019873916917347856
-0.004026149414113389,-0.017674006675631126,0.00045882220944548635
-0.004015791077792263,-0.01767020252155671,0.002346666878596082
-0.0036550406968240967,-0.01772825624185348,-0.002346666878596082
-0.004252180605554878,-0.017853313231612766,0.0024000119203719805
-0.0036734629634394,-0.017501621758500008,-0.0027117701914125547
-0.004095315632455465,-0.01795384826003854,-0.0009949079717674891
-0.0036768837853822234,-0.01795680915714115,-0.0037087154099815223
-0.0040925583455102554,-0.016540825744819188,0.004744791355044242
-0.004233886004169962,-0.01768166082609035,0.0014134445211784197
-0.0036688198707583997,-0.018389278931002728,-0.0034310875375993533
-0.004056827277351571,-0.017776283670705162,0.0006215624089769278
-0.004003285515377986,-0.01710097842008995,0.002386670905188737
-0.003744989536784704,-0.01754529309604891,0.00012284741144519273
-0.0032069904632152646,-0.02141668690395182,-0.04614284741144559
-0.004735402149182555,-0.011943105619891092,-0.06340002384196097
-0.005672787244119348,-0.015881620894750093,-0.07252352041922983
-0.006675376982719916,-0.01374325484094463,-0.06830497072518504
-0.007944169065356332,-0.014350235578311832,-0.0669215595203898
-0.006850044613117889,-0.012370557371278679,-0.07319271159677676
-0.010488803095785926,-0.014762857043468358,-0.07483058590631053
-0.008641178722289977,-0.012002307526297606,-0.0734031366924448
-0.011979792879560858,-0.011596273062865592,-0.06679490527225873
-0.013067289286119887,-0.010088370745176434,-0.0340840921315646
-0.013603690400690871,-0.013459281959456781,0.0010790366728574696
-0.01454171798612447,-0.011721816127312934,0.0004621915041091995
-0.01285286807739805,-0.011257115661424955,-0.00023572579612718414
-0.013627450791681373,-0.012654207812708762,-0.007469991824198274
-0.0142305342118203,-0.012611506587743904,-0.003217501656557431
-0.013099474983205406,-0.011068752181663477,0.0025492623244041113
-0.014302360906168543,-0.012015353318344246,0.0009757343228411486
-0.014075206002882146,-0.011946576575316392,-0.0004312498137419851
-0.013219160194130719,-0.011581563509855286,0.0020437503725343475
-0.013090147086204817,-0.011063715882077219,-0.0003117595085839753
-0.014817178524271446,-0.012558961348152486,0.001411759508583188
-0.0137617812527564,-0.011916613412220833,-0.001006249534338366
-0.014235089103755705,-0.012496288121935706,6.108556461192904e-05
-0.012342542319004224,-0.010398897914959626,-0.0013985850058197968
-0.014022697221619085,-0.012178174348025372,-0.0005738980007787831
-0.01423245690003383,-0.012532192555817723,1.7646976326446406e-05
-0.014168167262215148,-0.012014215598503242,0.0002562428288293006
-0.013845868436391351,-0.011501006237317313,-0.0006045184074050525
-0.012446314178458984,-0.01068899877691365,0.0009139001594817842
-0.013560783337555504,-0.0119461630511557,0.0010468759778863301
-0.01462477897003378,-0.012608541673992946,-0.00017499888241623296
-0.014076453215753126,-0.012028850037623329,-0.0002375016763771498
-0.013992990612663014,-0.012073505687001607,-0.00035881659958114653
-0.012981248414833058,-0.011400747814608536,0.0016838164133154976
-0.013519399561390033,-0.012479249208299237,-0.03641847481431171
-0.01251067542628359,-0.007921895707965199,-0.07325026428923564
-0.013535020584422242,-0.0076993262066187285,-0.06215626071018576
-0.013317391108368604,-0.010162429576595855,-0.09040582584183099
-0.014591583003134678,-0.006848910950080445,-0.06957803086044478
-0.013620449295342896,-0.005613259957826244,-0.06523038376094092
-0.01716737441231997,-0.004496909271048288,-0.06742111429044151
-0.015578677652055783,-0.002902823723637482,-0.05870575093466357
-0.01665003555703093,-0.004720035408317891,-0.09049228636699169
-0.016328452463871712,-0.0010465278169489167,-0.06305371186396336
-0.015112131641813353,-0.0016048149727101446,-0.07578392530848532
-0.015234993435968125,0.00203554000696915,-0.0756230369250801
-0.017980169772211174,0.0025923799784326462,-0.03208489754785049
-0.018872754049663376,0.002495334092931678,0.0041977106537860465
-0.01652821918570957,0.0014591179012395372,-0.006699391402777977
-0.018495668422509937,0.0034942063642589005,0.004347313936763797
-0.017501800000000012,0.00263623333333296,0.0003333333333337407
-0.017809818574253455,0.002294142540987032,-0.0012588264168407193
-0.018210152579327232,0.002818719169871642,0.0004430442080600727
-0.018774464920131795,0.003071391642389898,0.0010746007883835063
-0.016197488926287473,0.0021102216467516755,-0.0027338185796033088
-0.018918194166609004,0.0027872611805213054,0.001107255831660936
-0.01783018083339094,0.0029376638194786864,0.002967744168339337
-0.01821428375213141,0.002967066036181798,0.002815152587926306
-0.01687479707160322,0.001998122695582971,-0.0027901499802265306
-0.019633720650256703,0.0030273369670137384,0.0024220529159109105
-0.01758920316894208,0.0026519998787648547,0.0006950483526129148
-0.018620884262161796,0.0026659974593554736,-0.0014185733094880248
-0.017124244173377323,0.0021389092441053137,-0.002523530566735488
-0.018056074653320042,0.002518545607724576,0.0008117582710411853
-0.018087808507355918,0.0029881216147984446,0.00033531688708698937
-0.018611176141517083,0.002433312357136508,0.0003266135433737105
-0.01877677135781075,0.0026339351881858875,-0.00042924661185494983
-0.018106146944936063,0.002782804212456469,0.0030974932453684545
-0.01684328140387714,0.0021988281547073996,-0.0011595909736286103
-0.019440510473576644,0.0028957916851872767,0.0017588328516744411
-0.017889993498205747,0.0021000770720878137,0.00041176445839674614
-0.01950840394092812,0.002783051826711791,0.0016470583285421725
-0.01829720396208423,0.0024303312494575735,-0.0017484885703549224
-0.016761638103226784,0.0023405159772078576,-0.0005224775589738329
-0.016590295728330207,0.002444258976439073,-0.003564328318310217
-0.019186721729801015,0.0029228254295050604,0.0023176486262865836
-0.018726040476557793,0.0027251683673901184,-0.0008823541786480149
-0.017765492455557363,0.0023891282465839936,-0.0026250055879231127
-0.016215072524902674,0.0025942259221132247,0.0004510947979294855
-0.017860367070382577,0.00265690731038859,0.00294891116252316
-0.01848167926954658,0.0025549903023440734,-0.0006999955296613791
-0.018864026224148955,0.0014709089216440319,-0.04023062956967749
-0.014315116137502693,0.004383323542020534,-0.07671861752263887
-0.013982183246687013,0.003234611817281241,-0.07535386500889096
-0.014386483930186128,0.0062750576242187606,-0.062296938935855195
-0.014652065864178276,0.006873965136514393,-0.07044988563313126
-0.014498379101153869,0.009038234927000843,-0.06155134466562728
-0.01359303417575386,0.00830644624989052,-0.06767372350704726
-0.011700339783165176,0.00892167015760581,-0.06844738744164935
-0.01200135962227969,0.010783386168669473,-0.06903393101042177
-0.011574956266538539,0.010997778456643736,-0.06495865842130222
-0.011132370620047849,0.0135162516152878,-0.06436006445255238
-0.009129892157402869,0.013495494528261709,-0.06054105512162877
-0.009717845942823239,0.014966618730804626,-0.0572090398977938
-0.009898808942983325,0.01208413122034635,-0.09762977925439387
-0.008005428926577032,0.009891875397612715,-0.11008678815458772
-0.0058724533909848275,0.015247733175946188,-0.076597827409147
-0.0044067493974758315,0.016522075556604676,-0.03499429805829557
-0.006005548877326336,0.018034182706197832,0.008352945878856488
-0.005812879666733481,0.02021373129269488,0.010142725184005386
-0.004898553225611432,0.016913187344335334,-0.008374340537239178
-0.004894913407700638,0.015981440510798528,-3.6701451515241956e-05
-0.004901554082827553,0.017795288823505118,0.004668316804748329
-0.005881708576058665,0.019022408435753313,-0.00474412500174104
-0.005558353760729405,0.02001446183338018,0.003167658373410376
-0.004893016328184792,0.016778138404746734,-0.0015821642722766427
-0.004996467250346269,0.016293629971056767,-0.0002472524423087208
-0.004821567640488238,0.01856151355284741,0.00412755497073114
-0.005448637851120826,0.017878849443548006,-0.0023093279391162014
-0.0047995041903559806,0.01793913198313213,0.0025247888160304655
-0.005648479153317738,0.01904923868035624,-0.00020624357388854264
-0.005126208178291843,0.01669275755069588,-0.0030513269250711517
-0.005230820189928202,0.017445694836602854,-0.0006467566439987138
-0.005895719391394907,0.018744529403519117,-0.003908177886174258
-0.00529858891034047,0.018123179534081935,0.0016459558098205207
-0.005091501473742753,0.01747260082229385,0.0007752936201921301
-0.005595663858837031,0.018131522022437174,0.0013305887328325383
-0.005690513166405899,0.01575581922568059,0.001784254925581763
-0.005255540139781269,0.01683884707871286,-0.0028901288638145672
-0.0043979198665253065,0.017198837562466096,0.012280456728886335
-0.004962477696945314,0.01703233254197123,0.0009892103329161017
-0.0053754625967385936,0.017458099221233425,-0.006690641438048317
-0.004570478023744502,0.018874031375258227,-0.009199972339535734
-0.005241355176774445,0.015622042490801569,0.012750356418038677
-0.005608259913327626,0.019082968440319092,-0.0017058805379868147
-0.0057980292666759,0.018996641448225215,-0.01031680846356764
-0.0041210172567475445,0.016126595993581905,0.003706694428597501
-0.005407978622783596,0.019069190780006018,-0.005366356800758254
-0.004514940828823727,0.016117353178944693,0.01383199048533612
-0.005236757835759734,0.017180951928951416,-0.001943752700830359
-0.006362813007948526,0.019808532565838366,-0.01282857135763571
-0.004104808683650138,0.018337137338770848,0.004534452952594137
-0.005186108439978326,0.01746749769884204,-1.838662408992775e-05
-0.006391130501125039,0.01886923296279175,-0.0018500022351712886
-0.00542691025037384,0.017022956306461,0.0037687524214291557
-0.004985276658540538,0.018213036728317977,-0.0029062496274647742
-0.005758731003735196,0.01753595297305921,-0.001300000000000523
-0.005865270458106267,0.019294022217302143,-0.000885715258856834
-0.004653960936632659,0.017733544577579696,0.004385715258855782
-0.005476868605261059,0.017846773205118183,-0.004099999999999326
-0.004648178157356964,0.016993918576293954,0.004371437329700356
-0.0058347317188053305,0.01766664689079711,-0.002471437329699455
-0.004911412766503864,0.016934917913641545,0.0009214318557244638
-0.005023694037246118,0.017598447699789688,-0.0018614261336278304
-0.005321183320087741,0.016995968919477633,-0.0013100057220967187
-0.0055915878362067795,0.018992844910518336,-0.0010312499068696468
-0.0053691121637932104,0.016380355089481657,-0.033818750093130845
-0.0020303310614489534,0.014439794083987323,-0.0642999650316316
-0.0014805489385510406,0.016168225916012524,-0.07320003496836947
-0.002317120000000006,0.016353280000000137,-0.08579999999999899
-0.0014520273193991962,0.016878994382897528,-0.07496670905189617
-0.0017138526806008136,0.015063785617102532,-0.07513329094810395
-0.0005536905917002122,0.015265208487160287,-0.07555879976999513
0.002711672165242901,0.013972772947420165,-0.06219125557647409
0.0051764294757384866,0.018630718674138347,-0.08544998756891609
0.002090185595398142,0.013637665058570114,-0.06101324962216559
0.00864811256980394,0.015247916000336481,-0.07308669315720806
0.013494928997653699,0.010845526483665324,-0.02858236287402427
0.01060829358873408,0.011378576156446663,-0.07686430241509967
0.009068886512726693,0.012855742716938678,-0.07512004217355184
0.008052357588455461,0.013504599658707761,-0.06046264601007323
0.012839295268573858,0.016116863331040232,-0.08562406622071528
0.012274913291955694,0.009721417425999856,-0.07351129224444897
0.013017694273787545,0.011260305123345304,-0.06948187705658526
0.008875715616399105,0.00799203542136695,-0.06305965249338463
0.009964515433923564,0.010527847601489615,-0.074473716867967
0.013256143000400747,0.002711661305331514,-0.043420090917205556
0.020980754537508143,0.0099525947839334,-0.0837332708146814
0.01562903532493605,0.0022683683108066788,-0.06912551081708607
0.01929331336791437,0.006402750028120074,-0.05915118983772594
0.017145645208863605,0.004248895829698007,0.024462964938352982
0.018812036846609082,0.0037402524016139083,-0.002519620929120947
0.016711375281866087,0.003702863160338854,-0.006643336856667403
0.018063526842797974,0.00466843993395516,-0.006577504626804398
0.017133607125855765,0.003825002470146721,0.0033732160077306617
0.0185704865602047,0.0036251649049643397,-0.0003634857530645519
0.017755114435511296,0.004659586502735902,-0.0018622279325644087
0.017391304167527627,0.0023158304521975204,-0.006006664547404839
0.01689262649728257,0.003870085856198191,0.015885117517843383
0.016443680634557645,0.004546594548946903,-0.004424166639847016
0.0177447203814714,0.004478334424387054,-0.0013142847411451442
0.01817829999999998,0.003409699999999738,-0.004100000000001103
0.017328924808468732,0.0031554462726894883,0.002786667514385499
0.017327265407448694,0.004411633898375733,-0.0016241662105365151
0.018424576897920486,0.00405599700412651,-0.0015358363326178903
0.0179138245415702,0.004417873331046707,-0.0011666665606764326
0.016083687080409415,0.004053587738996889,5.1768275278973874e-05
0.016564385827115724,0.004236463158010739,0.0002882333141673854
0.019487325956967227,0.004182811638223871,0.0003375001862639948
0.018191147897837934,0.0035678803683443228,-0.00011396961952847562
0.01767946158226158,0.004184206590185813,0.0002764694332633155
0.016958669322468922,0.0045616715145224696,-0.0020941166570818126
0.017799705473171445,0.0038027613192648246,0.0021655403628049186
0.019161428445163442,0.003893030676090259,-0.00021428133515044578
0.017121996759196234,0.0038167364901222633,-0.0013571423705709407
0.018028020677792855,0.003946672789509886,0.0010999999999992127
0.018248398859079973,0.004143076165175952,-0.0007750018626406785
0.018331323779400166,0.004219777093570798,0.0006216687412372579
0.016865177373947327,0.0038737919478393223,7.833423898873093e-05
0.017450621409657474,0.003977050919990788,-0.001291666128562241
0.018887334351323393,0.004257337773674319,0.002413726144448347
0.018205106384234115,0.004181888607825535,-0.00044039414891194895
0.016781936838884626,0.004053648471338267,-0.0021533326975511358
0.017424994684964168,0.003599393189463118,-2.0003072970453672e-05
0.01807714053321685,0.0038856355182264046,0.0002137271145041808
0.01688474071535795,0.003755916321376951,0.00026856487865245526
0.019681065463643788,0.0045338817702931244,-0.0030865860368471942
0.01674487299471794,0.0036085113737800434,0.00035221199146384663
0.016563654420939766,0.003852713439616906,0.00047169110718314755
0.018283118508920615,0.0040725410381732274,0.001259557309571946
0.01891696947879251,0.004548237752971307,-0.0034569398154467024
0.017555214139935993,0.004028154399591699,-0.0007039365239638329
0.016728551151859783,0.003560839534552329,0.0035150464871414044
0.017087238424596585,0.004116434730228935,-0.0021666664017416792
0.018648389666277132,0.004164226047584041,-0.0010562509520219976
0.018254941602916852,0.0030584222603691202,0.004106257823087489
0.016372488539540098,0.003895948854848008,-0.0015500081956201228
0.018866377660126443,0.0023832942078172437,0.008629412507186629
0.0187127803880337,0.0034570371964588453,0.004203921355960816
0.01740916829573791,0.0053925103606728975,-0.007526667620341598
0.017166873656101922,0.0035256582350511323,0.0025933337571935056
0.018717151846965763,0.00445901950440275,0.0004200003178951306
0.018344768697223568,0.003788916986977142,0.0008424980057277764
0.016109691874413357,0.004086623858200689,-0.0038750033527552574
0.01769081089543001,0.004448193293130842,9.107280842357568e-05
0.018145907390585303,0.0036821251087100215,0.0015906652471553429
0.01804357594573014,0.004642713387053021,-0.0027825655120619075
0.018324049684801613,0.0037801899800542493,0.0008776172267594973
0.017493885654042085,0.003742686211757995,-0.0009642887147602863
0.016886208671571312,0.00364334416290113,0.0027714310853319546
0.018230149339236945,0.004595987506812005,-0.0014714271117153288
0.017932486664547387,0.003940850043709698,0.003566661368511248
0.018156538447850368,0.0036810207549962115,-0.004109518997939432
0.017399451570560442,0.0030741075259137496,0.00629999902688283
0.017059418222786116,0.003589215567042281,-0.00029714203324360255
0.01847518429635353,0.0038381563666232132,0.0039466683620865695
0.015413015380177919,0.0033771913430502565,0.0022462767500908143
0.017944316408743832,0.004964280706540425,-0.0021329412974964157
0.01672602336237361,0.003701896273390126,-0.0006494142836146466
0.019396802846245675,0.0034920292244593476,0.0022794119562057347
0.017579491029372063,0.0036174723885085136,0.003289999784305664
0.0173327951517408,0.004362463688783347,-0.0031199974568973943
0.017710776619248136,0.004125416116982805,0.0023799968211086764
0.019636948172931712,0.004904802312644119,-0.0025466677262979687
0.015713824512649577,0.003594469490786345,0.0008466677262966016
0.018682927314418674,0.006022228196569834,-0.006299999999999528
0.017819345026747646,0.003612168902829449,-0.0003874994412083055
0.018066339918756613,0.0039424411039825635,-0.00012677848794595548
0.018561535143664543,0.00372209492368869,-0.0018357232629391262
0.016857543002145814,0.003319221522804394,0.001297062325566145
0.018376236908685506,0.004596373546695176,-0.0004970611334726982
0.017080999999999902,0.004024899999999665,-0.003650000000000375
0.01811552000000005,0.003801699999999908,0.0016400000000000858
0.016947087508320857,0.003429479924087264,0.00024799984741186165
0.01774495482706473,0.004211019472852406,-0.001105647071231175
0.01831033766461454,0.004413400603060502,-0.0009823527761803064
0.01767828884203304,0.003967112697253583,0.000281249906867842
0.01859800404349321,0.003881552177019021,0.000652082896641204
0.017976614998126195,0.00419885071819337,0.0007733349227887487
0.01629827808467965,0.003723479483477732,-0.00041255106921411766
0.018414475141101283,0.003995000236779678,0.00012588175347083563
0.01949482615890097,0.0036585964569941787,0.0006600028610233011
0.016500586627317126,0.00410464257071963,-0.0012799986224649729
0.01748192248213498,0.003940521860921642,0.00012856975258301873
0.017476976660010912,0.0045842116007199785,0.002138096384266319
0.015792488752153222,0.003434576761907504,-8.541766836067666e-05
0.02026153821004928,0.004395555436013776,-0.003181251117601036
0.018020568029395667,0.0037556677166459274,-0.02728228826276613
0.01444651595350166,0.002123333186173415,-0.07609772731405329
0.015043769735533896,0.000982384599811592,-0.075477115602828
0.01449467551311745,0.001379545558776396,-0.062167919111670855
0.017563311219854105,-0.0008902115493674145,-0.08440164922390103
0.01745851976766244,-0.001410312816669812,-0.03203213391394932
0.017315761361316184,-0.004030933088422284,0.006730267352873298
0.01858002650754531,-0.0004936737643004285,-0.006661442029752607
0.015969951912073288,-0.004278649842647919,0.00789000810604712
0.01928630000000009,-0.002427349999999606,-0.0010999999999992127
0.016556996641095,-0.002582165389955371,0.0018058833429162036
0.01842993116292524,-0.0019040348678345254,-0.0018558840879734362
0.018634677643833086,-0.0032867253945072505,0.0023750018626422786
0.01801879455214661,-0.002297674347703005,-0.002025001117585745
0.01676122973367189,-0.00231202429210553,0.0014117638809025834
0.01943127026632796,-0.0026879757078943634,-0.0006117638809026715
0.017199328424594373,-0.0028698675355638414,0.00046666931574357307
0.017982283238761276,-0.002027836926011606,-0.0031066629579576954
0.01835871822086288,-0.002766201594244233,0.004058743735345871
0.01824047011578145,-0.0027904939441802945,-0.0021187500931318937
0.017454743828338337,-0.0023264767166213396,-0.0015999999999998238
0.01755439703790973,-0.0023258240367760585,0.0005333290948108527
0.019019995780603427,-0.0026174789140851473,-0.0009799959734060337
0.017009555734933457,-0.0028834528478158816,-0.0006866669845528861
0.017734890590881403,-0.002350504031551015,0.0004333338631479222
0.019323257027333618,-0.002591543453150713,-0.0008599999999994168
0.01652972348961468,-0.003356886403937942,0.0038188250143740277
0.017952756510385637,-0.0024223135960621534,0.0017011749856266078
0.018585268308398017,-0.0017381501633186858,-0.0027350014901355024
0.016239767908030167,-0.0033010756190465784,-0.02113086782812701
0.017519450371825673,-0.002751223698680416,-0.08379415452342975
0.012571556510579285,-0.004743128270805919,-0.06551991766576393
0.01678896369527072,-0.002223243098042449,-0.09002125030775687
0.014663073205896104,-0.007693299150105748,-0.03175880818478838
0.016999151268831447,-0.007577450648944328,-0.001506249534338977
0.016704376810769084,-0.00713842651035268,-0.004113749194083027
0.016782398885351935,-0.008039892386916048,0.002893327823231928
0.014913417575950216,-0.0069349788711048355,-0.002620391630747676
0.015674515459096927,-0.008048871582682082,0.0042470625359385394
0.018311765428102866,-0.007678206544465382,-0.003358826416841154
0.015970074571897364,-0.007532973455534719,0.0016588264168415634
0.0160797800000001,-0.007986920000000008,0.0020799999999994156
0.016420087753110213,-0.007215177847215148,-0.003415300057501014
0.016763281374954975,-0.008267448419814638,0.0023924458340669474
0.016646500007314824,-0.007465051006577461,-0.0025689110599333986
0.01626021086461993,-0.008102862726392601,0.0022717652833676993
0.016482859907614333,-0.007091050070034299,-0.0001599940396364019
0.016566457624887843,-0.007937578656947775,-0.002000005960363538
0.017431188989243118,-0.007991367495056245,-0.0007353000575012203
0.01576359405283645,-0.007687889683174465,0.002649589664285301
0.016481104373810673,-0.0071743054850696986,-0.0012226233540388876
0.017424704195963425,-0.007608082430174079,0.00034362819489253127
0.016177116393419677,-0.007643228653773537,0.0005294111047238204
0.016964561834607927,-0.007862356016961058,0.00018266306682157563
0.017273472707836746,-0.007701700998599126,-0.0011355866714666263
0.016722418330241684,-0.007994931691575058,-0.00022178361664693114
0.016121161589538247,-0.00750524881863468,-0.0007899983310704073
0.016890844706705543,-0.007469875530483172,-0.0017516124070358075
0.016336830922494716,-0.007633118239354086,-0.0010108903869259223
0.014857577768272456,-0.007068149922574207,0.0011036805845172637
0.01788272626661991,-0.008332368747817842,-0.0009745089162951359
0.017440725370999388,-0.0077759526523810685,0.00010833298838264227
0.015789098573216975,-0.0077720712363467115,0.004862498323621622
0.01709863971523129,-0.007620967905646037,-0.0014342738588162263
0.015349080612826693,-0.007713823541941611,0.003741605341069487
0.0167681760636329,-0.0072045722234554965,-0.0043448316685168464
0.016195186141844786,-0.008201524424625628,0.0036937504190959203
0.016663441407802182,-0.00758750135232944,0.0009297798176355343
0.017417891640265637,-0.007869840500297265,-0.0028346378157415586
0.016770178619124998,-0.007697588874520989,0.00045321020038535664
0.01603798608504814,-0.007459319643115858,0.0007108390500825124
0.016239099814874702,-0.007347634431931205,-0.00046470414989485676
0.01674396652787058,-0.007117462811199626,0.000278428085456639
0.017091870224108074,-0.008164208472191792,-0.0019466719648040254
0.016414881037369877,-0.008435247412272417,-0.004585613007725087
0.01758959850169095,-0.007556972077515489,-0.0003343806344915379
0.016073238074509444,-0.007416772403556315,-0.004174189380421467
0.015704122742006277,-0.007006009675739389,0.0007624226945885937
0.016360679801121325,-0.0078006858481698416,-0.0007411742431457924
0.017325375611531246,-0.007885214354440784,0.03362803450836083
0.013918513943475208,-0.0071863661816928825,0.0744425774863533
0.01442868175270906,-0.004994483163944796,0.08260968441901717
0.015235472806005568,-0.0030336187476156518,0.06686672190329546
0.01705093905666999,-0.003268169035464563,0.0659525767747784
0.016642988884650656,-0.0025917437269717958,0.07848270645313704
0.0164911121755269,-0.0014270169574541747,0.07485065972926996
0.015234775151794722,0.00037008009505035133,0.06571997965476761
0.016115529660700734,0.0017806754593272522,0.07338754861493868
0.01598777073983948,0.0039046428129445587,0.07580574869095003
0.016608130492970385,0.003997383897342388,0.06978321139640897
0.015337229106489048,0.004759437830385682,0.06816349129770138
0.013375128530374703,0.006786224303652499,0.07346003814731361
0.015326454648734167,0.006981004271302105,0.06083523947073921
0.014036268092578297,0.008284265966364668,0.07067250949268455
0.013690807515741366,0.009728462534539961,0.06396277513769633
0.011365036974405385,0.010861585923155115,0.05591609255018071
0.012718348618679709,0.011751489196805132,0.07021338016919998
0.008507368608379196,0.015387498340195371,0.04605283864376375
0.010681232295507659,0.012123148808330875,0.07480425513501565
0.009948794715599618,0.014567780655654339,0.07704287125340592
0.005909099999999778,0.011038299999999612,0.06650000000000134
0.008522102554452626,0.014559006093220805,0.08594288585003618
0.005794086987934044,0.014326809970198529,0.06308212867856611
0.005726592251179774,0.015020942905263457,0.06886065499337413
0.005894153279708103,0.014726146562677567,0.07466769220991054
0.002597876588226633,0.01482107373879682,0.06768191728862938
0.003438345164112011,0.014956349159679583,0.0776932700258044
0.0009010505295070637,0.01795476290716369,0.06890715708947326
-0.00024882302486739505,0.016968660701483618,0.03977604933031387
-0.0016561504941243754,0.017769006836188428,-0.000711763413338673
0.00030836513389420617,0.01958051428869334,0.0005533378896913632
-0.0015596273285871654,0.016048292517883755,-0.00030320477855561023
-0.00010633904137780092,0.020401108597925433,0.0008832076396032562
-0.0006360791703281521,0.017073035303872164,-0.0022098022367718073
-0.0011518934297289896,0.017657190416952684,-0.004763530566737728
-0.0007429103077085664,0.018692719381901313,-0.0008350018626401834
-0.001198128893939998,0.018907450722490893,-0.005567856739903121
-0.0007032541316851493,0.0179543965622746,-0.0010571413974549415
-0.0003665784612363332,0.017678264009032052,0.002211765118364184
-0.001329428272823563,0.01790742955890723,0.0009815686388279232
0.0004389712569503601,0.01873875365175781,0.003044166429072348
-0.0012753664517481944,0.018738890745980008,-0.0016316182458151474
-0.00025944473780903365,0.0179375753676565,0.003254118059549782
-0.0009624850617786507,0.01697932167314109,-0.0018482333141651708
-0.0001583054752254398,0.018675534016801887,0.0020117582710383886
-0.0006126763341711694,0.018674376343752908,0.0012898089062751694
-0.0010712121529889984,0.01869912814133201,-0.0033309782820367673
-0.0002860407294713596,0.018272730944736804,-9.569103370665744e-05
-0.0007234003306062498,0.018411737425233277,-0.0009866629579331487
-0.0005055117439862755,0.01724334365684177,-0.0003941225364023637
-0.00042193372694887543,0.018060858067233898,-0.0013201672002072229
-0.00039364261502639053,0.018539556746339336,2.0171490055176378e-05
-0.0004842921092254038,0.018533857762855988,0.0009741163391883134
-0.0007492865663154546,0.018290049498135286,-0.0005466658189572371
-0.0007110695412242407,0.017092988819117583,-0.0025921616824540195
-0.0007580918754928057,0.01822277229386149,0.001487403626938999
-0.000556436368760238,0.01877364648655444,0.0007537783710134249
-0.0005636556358052935,0.01889021993285178,-0.0014290187260517229
-0.0008852804768455513,0.019362198194389446,-0.0020133379957503195
-0.0006265241320755344,0.01626878477382565,0.0008475034744765964
-0.0004961761571919965,0.020037621127787286,0.0001124831742167487
-0.0006868660446630592,0.019329502245887475,-0.003099985694984042
-0.0004558154028431183,0.016807704197856488,-0.0009823528366741385
-0.00035705315457157383,0.0183882909433577,0.0009037832408331781
-0.0009707513247594335,0.018317535198744128,-0.0012480937859429275
-0.000416979575293297,0.018510921279842663,-0.000846670057539356
-0.0008712666841526051,0.018268518380993637,-0.0011933342869738794
-0.00027207863982559033,0.01690556435164625,0.0022725526586597766
-0.0004739272601979039,0.018299481262276984,-0.0017325510692138835
-0.0007939041026241433,0.018559733571114734,-0.0019447627914139787
-0.0005596042357582931,0.017733398710457315,-0.00017855458093585241
-0.00048265266614988533,0.018902028830800166,-0.00017001362977531187
-0.00044499953478549514,0.017274404195231075,-0.00023000201663414543
-0.0004660004159409148,0.01817581912867139,-0.0008833304689819244
-0.00031407328299959403,0.018252519016002555,-0.000966668785961744
-0.0007568982627352838,0.01764458306604144,-0.00046667726297400236
-7.742908286179073e-05,0.017248642499691158,0.009666605740742185
0.0011316007033017605,0.015726122216592753,0.020100071522231033
0.0002921401303348503,0.017880213536914713,0.011566677262974778
-0.0006248801303345708,0.018506331463085335,-0.0009066772629751085
-0.0013257395530406058,0.018767714814190928,-0.00975999682105666
-0.0019335425378637083,0.020400681723333758,-0.012828578986574968
-0.00013877124921091166,0.017914031664783447,0.006008570721325768
-8.452417948401347e-05,0.016407644709631075,0.003708241205403695
-0.0009506225668678425,0.01870719043993807,-0.007181569876289373
-0.00028040261108053244,0.018817423439676073,0.0019719066454761958
-0.0002668573024524612,0.018474793208446805,0.0023214271117169005
-0.001053360301363604,0.01867796000572186,-0.0051000000000005485
-0.0004085865381804332,0.01666551125775939,0.002670591700209002
-0.00046324585751778,0.01861216609667693,0.00038325233749780807
-0.00025919369886917565,0.018511194447836665,-0.00015384403770646315
-0.0007760146053801265,0.017912982806381095,-0.0033000119203716594
-0.0006731189986890485,0.018713665385623912,-0.0004999880796283662
-0.00038892040923910187,0.017593530682580072,0.0018058833429162036
-0.0001394258309259655,0.018728040812293845,0.00034078120448910454
-0.0008874269982235283,0.018235361096918146,-0.003746664547405132
-0.00011530676161131126,0.01817078740820799,-0.0343599999999995
-0.0006288460279111341,0.016594811396509535,-0.07786005277044872
0.0007271660279113412,0.015672428603490385,-0.06813994722955208
0.0018199239826603986,0.01521955304253586,-0.06684906529395818
0.0038393560173393126,0.015106506957464072,-0.07519093470604155
0.0052419934729259765,0.017552890001823362,-0.034441179193022364
0.005365909427813342,0.018857784687837498,-0.013092151491234105
0.006107341104665043,0.016794057429865505,7.99984105537277e-05
0.005823933975886764,0.01746176575012859,-0.0025525510692148146
0.00624770825581944,0.017173643365369307,-0.00014411367681255172
0.006017387535381946,0.017221937338107285,0.0028735275864661958
0.005332390067609438,0.017773027924524065,-0.0014968660193304117
0.006019169381969114,0.017193865430137345,-0.0006695255828290669
0.005571816777929062,0.016541878072207084,0.00069286103542332
0.006052436885217727,0.016946882246253514,0.0014500000000001734
0.006062334819338933,0.018770367703257795,-0.0034058819404521046
0.005926274226396799,0.017476800069562204,-0.0020141104300854806
0.005929504069046576,0.01727171998092647,-0.0002600076294640985
0.005637835473632613,0.016490647403776038,-0.00014499664724532124
0.006008797087120765,0.017976116256243513,-0.0006464377629296081
0.006076236460450524,0.017107796083757787,-0.0020019006185929555
0.005644126897621504,0.017653957326191794,-0.0014384428767897361
0.005819062010330001,0.01540303016947231,0.0195403507938412
0.006197754564032376,0.017804339088896448,0.0028000068119897747
0.0055473116740984985,0.017337521451699534,-0.012234454628396563
0.005656113426292464,0.016287358332972346,0.007379207201827498
0.006252196764471307,0.018956091387437368,-0.004610831528633952
0.005442509916322447,0.016185816617760862,0.003317498301255384
0.006291104616988896,0.017991139498576558,-0.002466663593729379
0.005718587527863583,0.016336287521176107,-0.0006427479597821417
0.006327044650472402,0.017553028977274288,0.001156083412375608
0.005968809339934822,0.01687148283861628,0.002498330212397093
0.005530873668886382,0.017692273588308938,-0.004838338159625977
0.0059109084077326735,0.018039243704208063,0.0004466714350215284
0.0059232829938826725,0.015846561691418515,0.004331378171706035
0.005299129346772347,0.01669163271682117,0.0005419600360045962
0.006251988479207604,0.018230650286458205,-0.004856671855634431
0.006468050001894099,0.017453255724922512,0.003909995440210423
0.005557406643514007,0.01757887424698934,-0.00029333004841625154
0.005898670048478216,0.0173014150870221,0.0004333338631479222
0.005576699999999768,0.016682560000000013,-0.0025999999999992696
0.00655777793804635,0.017962152502511763,0.0011642802404576713
0.005262692115107104,0.015521881653133951,-0.0017995746880963281
0.0057700099468465105,0.01801160584435424,-0.0015447055523623021
0.006555940383380587,0.017320768292272026,0.0020199990463183326
0.0051163289918210175,0.015718654465255666,1.881755326493817e-05
0.0061697014243029535,0.019207091751802574,-0.002165489200274706
0.005700831253144134,0.015872820826910994,0.0003184378840614954
0.005339210336962719,0.01604274827058716,0.012228232173475462
0.005359390620799598,0.017974697510552362,-0.0027533344988857067
0.006425116989589252,0.015152778882619344,-0.0044866629579587425
0.005721651792100602,0.019017134785027423,0.0037066677262984626
0.0065512885450469405,0.014882070695730887,0.005887453220632111
0.005668832543893831,0.01918013545199382,-0.0021996761345537408
0.0056661914552380566,0.01759325881415752,-0.00349444481237704
0.006206362305751778,0.0163659087165543,0.004850029800930855
0.005295190484877477,0.016843236725377908,0.0011734923510111628
0.005860024639629646,0.01822399845168321,-0.0034235189729994175
0.0058593782334614986,0.01607717635947481,-0.00014000317894335979
0.006111462313024951,0.017225687181894878,-0.001436933939771734
0.005643572464652635,0.017620357634780537,-0.0031230660602279414
0.005601375535828179,0.016410669418632784,0.001100000000000989
0.0064128990244900486,0.018110380200041076,-0.002466669315744241
0.005624520061757288,0.01610770572621245,0.0028725483688134545
0.006087170683693799,0.017538126614664473,-0.0017558807560664746
0.006621179916553199,0.01816965322377384,-0.001049998297004251
0.005540860106097334,0.016544975892590963,0.004212499254933277
0.006048209846218899,0.01753634907334911,0.0018160702273561924
0.005427604100344041,0.01671281008599035,-0.0034035698548162685
0.006270769976631119,0.017406597298205817,0.0030035698548154244
0.0064130720368291705,0.01787328900884011,-0.00011523720858441777
0.005391781372099391,0.01675039690487856,-0.002963340022221317
0.005687503896929957,0.016952206022589178,0.0014357230073720473
0.006174162841931619,0.01707807375601933,-0.0005067562667342429
0.005765482799889199,0.017631878435455883,-0.0003016834570335192
0.005984896942639928,0.01638636168597285,-0.0024596311161975137
0.005499956080389445,0.01593886183610782,0.0021823555811106843
0.0064022187159400445,0.017810243041553098,0.004114284741145724
0.005950448138654085,0.017656074877497763,-0.00340839867584819
0.005920865384526408,0.01858107276006371,-0.002095355522708786
0.0065087919211532785,0.015350658986397425,0.005036526383488393
0.005494074246161773,0.016778677778863216,0.0036852004437726293
0.005658042001401409,0.018454729182975638,-0.005944022653217473
0.006281711681135338,0.016130258799770036,0.0016117652833678164
0.007531295473658162,0.01432116171405945,0.005411539449070801
0.006110025343137426,0.0169213184424557,0.0003237564010341032
0.006522036117695418,0.018663634214549196,0.00017646101847113016
0.0026060588914682548,0.017470895557061605,0.004721567987576947
-0.002499756764415384,0.015565264474731277,0.022672933618865798
0.01420790076752576,0.015271824334256223,0.16162403947602577
-0.0022186701196771352,0.01374577757963491,0.020483993602089967
0.0055786973206060075,0.01736731536102115,0.11645633380624787
-0.00028835111005154346,0.014963685240452718,0.06760586370839938
-0.008052574417598102,0.014857854621531663,0.010423506461879839
0.001912599966312989,0.016294279672958045,0.10484709926298486
-0.0011892790507599393,0.01700305278637715,0.0882928670606482
-0.006524434506874233,0.01758492057379002,0.03526003814670631
-0.005200165281050051,0.01751556295859985,0.0044529507460993045
-0.005772990557078472,0.017611682675122392,0.001407040670754256
-0.005419697570362647,0.017090315921769017,-0.001059993119822522
-0.005113908629387431,0.016288080687725026,0.004881251609836212
-0.005887737962121609,0.018110557756783746,-0.0011812499068675208
-0.005620977257618787,0.017425149319102967,-0.0003882361190985506
-0.005321347575487412,0.01663346101638749,-0.006211763880902055
-0.004997879429821772,0.01739760346419006,0.0014399876022217484
-0.004660216080096369,0.016048495783236805,-0.0041899987780702475
-0.006974895987204022,0.020630706515248412,-0.0032366563385366476
-0.00469128519705686,0.014352176411265835,0.005774903633483319
-0.005871617590200273,0.01820420441680544,-0.0022882177792240554
-0.006018601331063245,0.017901204513824015,-0.0030266849005755603
-0.00501127955145142,0.015931898559938963,-7.333343929794012e-05
-0.005528104593572003,0.019307354057920334,0.0025666687859615678
-0.005024596891638922,0.015626836998556954,-0.004284324424574493
-0.00565069912000471,0.01729187251686387,-0.0018592672972346236
-0.005408239394784076,0.018436676426658843,0.0014169229358476088
-0.005602583586512555,0.018241459649182563,0.0015599999999995617
-0.005890876413487511,0.017055200350817437,-0.001300000000000523
-0.005755406103472804,0.01745763574664229,-0.002149996026385992
-0.0051478964744227085,0.01663987562441077,0.002437490997253988
-0.005822155475955881,0.017039260889493077,-0.0015475006929648316
-0.00597077740379337,0.017438074567291614,0.003720003814745354
-0.005320994123418021,0.016806258962352993,0.0010685441416846686
-0.005325579911259926,0.01839244056833042,-0.0032618798062564736
-0.006057858574553432,0.016752711940663745,0.001952093625508411
-0.005164191933123785,0.017040661700815085,-0.000618756053585301
-0.00514040650030223,0.018634538702355596,0.0010999936421161038
-0.005237005864114241,0.01550927079990938,0.0002823605365307458
-0.0064568266563602705,0.018982772422121985,0.0027890695270755828
-0.0052416048947865335,0.017190270437422106,-0.00046373563030854825
-0.004518561506037688,0.01739647919187448,-0.00041435580171089725
-0.006268437154932194,0.017290254697707286,-0.0005266682561533287
-0.004752053402878431,0.01640743803847078,-0.0005196028840774858
-0.006288244020588696,0.017761555710138377,-0.004347061133470831
-0.005453981784947715,0.01827870864658665,0.001986672494634689
-0.005402686140665303,0.016492598755626475,-0.0028807919566489204
-0.00561553449034502,0.018008787419371564,-0.0020925482642830673
-0.0052311020975945866,0.017425241929074686,-0.00018208460200597187
-0.005615958703486079,0.017121792104144773,-1.790586131811267e-05
-0.0051990608656447,0.017592042425266408,0.03506673829833851
-0.006199976366105364,0.013112953264478755,0.06719051159149103
-0.006266130402359682,0.014712714832387841,0.07060937174253112
-0.009339045633711685,0.013924410410589338,0.0616258694114169
-0.007510663515139626,0.013074070212473532,0.07621416714584228
-0.01173127039832167,0.01396652602473214,0.027860031471533375
-0.009800827520138888,0.013527698012685607,0.0002729073949936378
-0.011174565663317093,0.014323899838898146,-0.0032144709796462223
-0.010239264165285089,0.01642073496787666,0.010694869861639589
-0.011766006479776436,0.014309100651720197,-0.00020476826623117006
-0.011151245773160845,0.014372720504087222,-0.00258856948228825
-0.01030760315486745,0.01362841034734541,0.0033975001862653897
-0.010751776045641037,0.01575918351262451,0.03473573672067154
-0.011871800799491794,0.010491006140030068,0.06532676309306318
-0.011629465950941498,0.012221183881463649,0.07281765563861242
-0.010354134049058494,0.011837616118536398,0.0728823443613873
-0.01213470244142778,0.00955198823155412,0.08441334520138533
-0.012630458068496164,0.008496502043822796,0.0640304245429082
-0.014912040415133276,0.009294646173800492,0.05986953232993386
-0.014109443708408165,0.006114781665067404,0.0804042595991934
-0.014928723605635241,0.005874966179011398,0.07579671114674191
-0.01800906898778587,0.004997262696747384,0.023385754427330596
-0.016845268136030267,0.003221077872533451,0.000999974242619217
-0.01829566609063127,0.0037492711797422196,0.002893330783589221
-0.018033654710849056,0.0051901177551766375,0.0003654843258811269
-0.017528107998849407,0.005098185788722787,-0.0030873872983097073
-0.018495068793169978,0.004741527616033747,-0.000651430572849776
-0.015872776919605425,0.0051659367375938015,0.004115295719214984
-0.01866224429849206,0.005451514377037281,-0.0030353063680106374
-0.017867669485054805,0.005070793575153054,-0.0038374897560053967
-0.017937206340430834,0.005107096125714583,-0.004233942465312168
-0.017305113470555966,0.004434991189155246,-0.009928563805541302
-0.02063874341973504,0.004970067848116488,-0.011615379207521315
-0.031941893109709074,0.010758572945017031,0.020515387154752318
-0.016343113685943766,0.004611706701038609,-0.0012499992549432903
-0.016569147323746147,0.005698294572781704,0.012850000957911334
-0.017610138990310276,0.003941848726179753,-0.0015000017029684898
-0.016480156451341266,0.00551108102534259,-0.0026999831704124233
-0.02261219354865851,0.003907968974657394,-0.05540001682958717
-0.013692220157355273,0.007540546484939958,-0.06759329571644201
-0.01332695188174604,0.006364529976882749,-0.06835665957949821
-0.013972429822744825,0.005734226587790436,-0.0727500100247358
-0.0141292110083997,0.00861335040601341,-0.06797062959686073
-0.0150300871297544,0.008752246544373454,-0.08212940508246191
-0.013335313802917526,0.010517031962925971,-0.07968750689177284
-0.009199595624162171,0.010908832474524899,-0.047662551520835095
-0.008715559864822087,0.01416592089990909,-0.07340329929223266
-0.010655530708098215,0.012937814662640101,-0.06914664229516099
-0.008540299999999945,0.012676099999999968,-0.0625
-0.010797920717220855,0.011788738513106023,-0.08648238783781714
-0.006098042956117045,0.015655475501731964,-0.06296465646606819
-0.005855221112242237,0.01388710062896148,-0.06787302436127618
-0.005982807495249265,0.018516166537917877,-0.039650535657235864
-0.003295357719170333,0.01587556881828256,0.014670604322398972
-0.00627511000000025,0.01859487000000004,-0.005140000000000811
-0.005048246382620913,0.016004245966368846,3.411665708341616e-05
-0.0052710490254694875,0.017455949101580104,-0.0011074441624483455
-0.0051137651243742255,0.017649922977032384,0.00011999841055398974
-0.005576479467535478,0.01709326195501859,0.003993329094811315
-0.005748744151633289,0.018528918749106227,-0.0002933338631496696
-0.005297858238167752,0.016022182579028765,-0.0026596078083080954
-0.00502200889288984,0.01791264128639769,0.003268328826209199
-0.006030342521805121,0.018313859849704572,-0.0028868142664695284
-0.0053407214473368825,0.01661638456562531,-0.001328537125035112
-0.004128965710433086,0.017067896860845533,0.009519969323061872
-0.005295355132147517,0.01742565603836277,-0.001969996890686332
-0.006062915348024944,0.018711286113163528,-0.0069214455253234775
-0.003833874174663965,0.015925394363074385,0.011764758477280424
-0.005308514382897478,0.017984579594691352,-0.0018933211475804512
-0.007155519999999971,0.01932625999999993,-0.012199999999999989
-0.0032540956877435967,0.015654730912961323,0.0186714344101766
-0.004678698630026901,0.016155692558982526,-0.0016831968886119597
-0.007933235404071759,0.019442802108372126,-0.016308242607872003
-0.005029106825568341,0.017269296204461604,0.00877883150314851
-0.004479579215126428,0.016661785715818445,0.00588783813056537
-0.005121601473712101,0.017424352819838784,-0.0018866616863810748
-0.005541862049986523,0.01803578912986259,-0.0048475037923463304
-0.003162719270842107,0.015835845904631496,0.014307499659745204
-0.005562481442922262,0.01812194464507111,-0.003519998728423346
-0.006411469386920832,0.018464113893051914,-0.010071423705721116
-0.0052819776098944615,0.01659484291286084,0.0025285753209853823
-0.004271091573272212,0.0152808344486135,0.004655348943527926
-0.0051958861502297005,0.01746123785085474,0.0006644242110418475
-0.005265675279682913,0.018126270894619045,0.0017230752301653496
-0.0064957999999997185,0.017398500000000094,-0.00709999999999944
-0.0042292630403166775,0.017254471566173102,0.0040800085830774435
-0.00497532842147308,0.016719453509910664,0.003402341388172303
-0.005077912451426414,0.017451840006964536,-0.0027623452029121864
-0.006359580629420769,0.019634628153858635,-0.006853327505364604
-0.005008964614704237,0.015800602099038885,0.007558319384273204
-0.004468717804099853,0.01710506077953622,-0.00033408046283867066
-0.00600267303855917,0.01797926388451776,4.9083815591544067e-05
-0.005552289837454261,0.01792239489278158,-0.0030576416139567186
-0.00266222016254547,0.01684663510721851,0.027467641613956317
-0.00631625438971728,0.018313557592948504,-0.008344116657081457
-0.005837998363203312,0.017305733298730752,-0.0014058849323639322
-0.007267216358882944,0.01956401625617321,-0.012893332167745797
-0.004019626246737129,0.01560902121911667,0.005199208685315426
-0.004769799311078238,0.017365310291069136,0.004865531747626051
-0.0068228876768463564,0.01876095968494873,-0.011089059509432175
-0.005402027653535146,0.017988351657012958,0.0013176528336824589
-0.0051838955472547354,0.017416065020504412,-0.0028000047684137996
-0.004866948811325766,0.016233898960481774,0.00031874890109406806
-0.0058100709900901215,0.018468345173859646,-0.00021875605305154977
-0.006086282611611704,0.01796410636462009,-0.005147045748202572
-0.005462631476091051,0.01701059703099994,-0.0027862799033488983
-0.004792330742221296,0.01751638481396256,0.00027879251145357387
-0.006330695414048293,0.018545920370585334,-0.0007026007160977343
-0.0047787059692931955,0.016595561032364703,-0.002105364467960058
-0.005188585141552515,0.017163808068034525,-0.0009708204397291809
-0.005692308800767432,0.018151917610403023,0.0023509807130075444
-0.00517075878389095,0.01735600572107776,-0.002081936472892565
-0.005733694533909706,0.018266539406512683,-0.0024499997567062337
-0.0054208311779428975,0.017339250426593678,0.005214286200848406
-0.005048461491695022,0.015965384518795034,0.0030000000000001137
-0.005176717766131045,0.017791784086051532,0.0011176455738795
-0.005639304587542249,0.017016223537523967,-0.002203360832735868
-0.004620785749318568,0.016347170126021826,0.0028000068119897747
-0.004590956022192394,0.016953212186250344,0.0013857084468664738
-0.006194409875451612,0.019102225971328934,-0.0007133338631479802
-0.004685094813589696,0.01551987087594009,0.00396333162797724
-0.004405499213331776,0.01652337477530086,0.003421429833473155
-0.006114429426292478,0.018863089474492778,0.001188568586965033
-0.002923941054455259,0.014123064448294365,0.020340003814732555
-0.007221257472104892,0.019362166271418513,-0.01410666624280843
-0.00454989896256075,0.018018730767119795,0.010720949037720473
-0.003017375553592494,0.016039252501761858,0.007235707519351209
-0.00676582801174197,0.017800250459699907,-0.009549990314264178
-0.004917868165432271,0.017633446444352607,0.005433337571922436
-0.004867071834567582,0.017087053555647547,0.001266662428077936
-0.005507901449586239,0.019697375342726975,0.0060600362396581176
-0.0014299216434112694,0.016778229174614356,0.036151729043711
-0.008575367883717266,0.017763220762798237,-0.02653843300966585
-0.004118699925151237,0.018245606156424454,0.010993330154374092
-0.005261041398306965,0.016556943773545107,-0.004891654977400961
-0.005425741808928741,0.017932048180551163,0.0022249925493245115
-0.005264439973055257,0.015945262789444303,-0.0037705860903471944
-0.00532626476039022,0.01899628932614217,0.0062305870440297895
-0.005716450168253395,0.016509550772274117,-0.0029300030994523496
-0.004963770989199645,0.017302473721479306,0.003770002145769169
-0.006153635926249734,0.018651474247794564,-0.002666669315743775
-0.005084793845288704,0.016518497627161288,0.0005843165395624794
-0.0051971125601788515,0.016971475995981145,-0.0027909810869672924
-0.005305508138610637,0.016884737316977372,0.0016278745887969848
-0.00644280338014136,0.018386169944407893,-0.012213365740024074
-0.0040393275673165085,0.0183492603123252,0.01558550068790332
-0.00621043575523883,0.016960805427287173,-0.007983821450094908
-0.004346848287854588,0.016645306886784006,0.009357143127454393
-0.006184856686814566,0.017723617960835103,-0.0064466674084275866
-0.009210071666732045,0.012862609358072152,-0.05868522130747955
-0.009783911498925324,0.01496991497005773,-0.05536811544696896
-0.005261742274383252,0.017950991487583057,0.0026806502366127916
-0.005082475307445655,0.016661923084377417,0.00010645270452158684
-0.005248438196218785,0.016946004382221158,-0.002134167079876903
-0.005430024046882309,0.018157635494656432,0.0009647361588545067
-0.005685014861718685,0.0175272755034781,-0.0018176652081240974
-0.004386367782342138,0.016736879802296212,0.004823077064154191
-0.00654753407255626,0.01824514730115334,-0.006633073964708913
-0.004792317392651846,0.01660925100811461,0.003139997138974948
-0.006062953007474281,0.018208996830583857,0.0006229386281066951
-0.0049506662458429496,0.017278106576323005,0.002113727358622697
-0.0056523231280714015,0.01671034284276196,-0.0023277759381166163
-0.005374041611375446,0.01760621255017325,0.0019974630047574493
-0.005428194650058948,0.016321208791277186,-0.0036363532917889074
-0.004542992947319302,0.016741131768110318,0.003900007012326512
-0.006153124183897241,0.018493635379877915,-0.0016222301175758957
-0.005466045939927167,0.01804616828082173,0.000569269554256735
-0.005304572381253703,0.017063064489808877,-0.002206422985686629
-0.005286775833345914,0.015652537393643584,-0.001103121786943717
-0.005870968754979611,0.01865245051011799,0.0012000020489608687
-0.005369239335586418,0.018158841605403264,0.00122916559040398
-0.005422677055725966,0.01680166154499485,-0.0004800018013586538
-0.005195575246501605,0.017124635687410628,0.0009070844413887613
-0.00571309127004449,0.01765327452575738,0.0002591855082894057
-0.005727839161045356,0.019141253111369938,-5.2937464062097206e-05
-0.005152361277343864,0.015652657099004763,-0.003750002980270395
-0.005322489853547108,0.01759622837663688,0.0006966675276753875
-0.005588830247158949,0.018917761900977936,0.0008200127155681969
-0.005800288762056294,0.015956949843694,-0.0031784439488067306
-0.004990324127702728,0.017349723663186545,-0.00013108169889974874
-0.0054669057321912184,0.019542679116499873,0.006142848384733668
-0.005045216687594056,0.016450452566160845,-0.00161999364221721
-0.005613670781013713,0.016749130566369175,-0.003660004450418697
-0.0061484325313920785,0.02039313686747013,0.02775999809263574
-0.004425678410528544,0.00963114531137732,0.09629329688145738
-0.008529401589471242,0.017015834688622444,0.039626703118543105
-0.006496330260999272,0.011972847681023246,0.07785882781930553
-0.007953206423416237,0.012034910236802254,0.07550787328535868
-0.0075690525391403085,0.022359526823492626,0.1184399539060621
-0.011036610776444356,0.011362115258682248,0.06269334498927215
-0.007480188368433893,0.007688222565366054,0.11084663593737787
-0.01285286505147809,0.013507830745153715,0.06696515599283615
-0.014137441242727977,0.012101310491435147,0.056354847186055324
-0.014915293758681614,0.00681396671235035,0.06174766095185191
-0.013374411578678469,0.008416669485694417,0.08558569993187959
-0.014137143837619437,0.009621521521442133,0.08448001398734739
-0.015947084398219236,0.006556713283544902,0.037878809624563914
-0.019183995358611927,0.006856785745162686,-0.024471324170702857
-0.016273335663736344,0.005542862985553398,0.0027339273056110613
-0.01845294074181325,0.007259516464297011,-0.0012214267468202422
-0.016509948099816985,0.006740735786378682,0.005686666136853091
-0.01746045190018286,0.0053344642136212705,-0.006686666136852537
-0.016850395686015984,0.006165474705131846,-0.00014117779055489166
-0.017512197189973433,0.00699138243954156,0.004561170161093031
-0.017381688775554016,0.006113099248465925,-0.0035905826682824937
-0.016830079050991653,0.0059319803310122765,-0.0003360726602146258
-0.01721973178403391,0.006213927140807041,-0.00029333545256982063
-0.01672481715148244,0.006874297819763342,0.0025249995281129145
-0.017120705395168523,0.005761716040426634,-0.004045003024950589
-0.016570191385864907,0.006256206107229101,0.002108238026464093
-0.016409776379818553,0.005993941987147977,-0.0027882480394687548
-0.01785381269487374,0.006862079607016014,0.00360001192037096
-0.016191182123233894,0.005190792955195533,-0.002706252514565577
-0.01689970852301914,0.0063959495241672215,0.00599291706197036
-0.01811847824625934,0.006405236069749076,-0.0029572552576020428
-0.017179755354944426,0.006495429340937164,-0.00022940928980297315
-0.01735077658708728,0.005632201010904225,-0.004033334392980592
-0.016720605134450173,0.003471472496341388,-0.01119606549201535
-0.018322172810045556,0.005040281901725674,-0.010837268900965924
-0.01814311323234885,0.00548658043837591,-0.006306663063863738
-0.015834012494834182,0.005658150836062248,0.011273331849825041
-0.015638553756288198,0.006429137534272655,0.010800000000001475
-0.018735946243711776,0.0062482624657271835,-0.004300000000000637
-0.01692286438051349,0.005132652411984129,-0.009016669315743187
-0.01779481696227192,0.006165301494936326,0.0007966689978484709
-0.017315394833286257,0.007142090336027973,0.0046700010629514566
-0.0136275203981584,0.006895434341146256,0.015662504284074785
-0.01944453680307867,0.006234145079954345,-0.011952513612277116
-0.016059424088550767,0.005549032722297564,0.0032066748082950625
-0.01747784253414042,0.0059359436136534605,0.0020333337748503766
-0.016618447059261854,0.006643316300347202,0.0014125005587928285
-0.01695452697969868,0.006475573025487513,-0.0006889657846578245
-0.019182235659993774,0.005947744997209181,-0.005703536045711388
-0.01569912919991978,0.005967404850928393,0.002487685679014362
-0.015744249382124043,0.005664941687983038,0.004833496188048514
-0.018735011719001937,0.0066778191380447716,-0.000641180595486901
-0.017262487431103812,0.005857945340308035,-7.058749281263488e-05
-0.016025932568896284,0.006211874659691752,-0.000829412507187044
-0.016732659999999955,0.0066730600000002305,0.001960000000000406
-0.01639480047206776,0.00518701764413132,-0.002172496088451936
-0.018376363049210198,0.0060994402507308365,-0.0016374860309902317
-0.015502946993847466,0.006795449038366375,-0.0005853137306619516
-0.017268329042095187,0.006885209926444258,0.006628150073536787
-0.01638368044277927,0.005001303140327096,-0.004392854223432607
-0.015964085973565467,0.0019949807492292138,-0.01749375046566115
-0.01714891402643448,0.008518319250770734,0.00849375046566081
-0.016650531211870545,0.0061237358918981855,0.006511763880903132
-0.017954959521659042,0.0057612489924694366,-0.002745086617929715
-0.016902082571723653,0.00582694592704458,-0.0045066756735270275
-0.01705835057496441,0.007256674691337395,0.004566663381785574
-0.0161075436887248,0.00628326338384344,0.0013199979867284384
-0.01898863243105775,0.005746531113406839,-0.0033466629579592677
-0.015302554293760817,0.006807150878421986,0.0035812513969801785
-0.016821188102356333,0.0059820958892893294,0.029390237022637322
-0.017534518506938213,0.009606671867435246,0.09218231893833995
-0.01312758909694467,0.0013912813648535582,0.07519619264204103
-0.017032653283378663,0.0027597404155312866,0.07404993188010955
-0.01523332411682099,0.001695265707343463,0.06548130163551491
-0.015604951584813787,-0.0001995779178338708,0.07140444826886672
-0.016337279815075156,-0.0006460211292078633,0.07225003685760534
-0.01211615255006493,-0.0009242395919963897,0.07315841062169426
-0.015452088649846374,-0.0021935674838364783,0.09980586791579604
-0.01626401005147049,-0.0034243942625136192,0.060076489067780514
-0.016089385013299373,-0.006497043367622357,0.06418348073274416
-0.015044544055298759,-0.004605264995670488,0.07984006993625847
-0.012540722508474378,-0.007079480366494195,0.07092346137817707
-0.017636138371456944,-0.008511817007699651,0.08897649888504056
-0.01059827525349577,-0.008014896028217144,0.03544703308416253
-0.014149886533041611,-0.009408394625839644,0.07401956470650717
-0.009777295291378607,-0.018015948489853884,0.05809338249988549
-0.013766865929316086,-0.009922347965681144,0.08891328522641118
-0.008631353745160109,-0.011745961788904413,0.06286005298129993
-0.00950694383228301,-0.015555331327450794,0.06328967603645097
-0.010380246547142535,-0.007019148053367896,0.08434173906695541
-0.0038667641723227897,-0.018101313308541478,0.048193575227699625
-0.005664695959917032,-0.018787312030600578,0.04458018656731966
-0.004691941558957691,-0.015340838976313442,0.06435487343426871
-0.0054284848248215,-0.015138723859436709,0.08849997446306013
-0.0003122511415830642,-0.014947160807619042,0.023794895630006252
-0.002667455210580205,-0.016772982738173514,-0.0007882389240272403
-0.0008589336061596287,-0.018485534228854572,-0.017899992987674196
-0.0010419348814824092,-0.018705440274841223,-0.02035999747564965
-0.003358229081420472,-0.017141988548407205,0.008099999046470074
-0.0023391533910519513,-0.016081437861730663,-0.0017341267251858028
-0.002902316064077315,-0.01897156731994576,-0.0014192143435760585
-0.0028970736115968565,-0.018678771340242317,0.00031999237053703666
-0.0033414993642113533,-0.01809280042597816,-0.0007066598849210237
-0.0025950021632361597,-0.018064174430580948,0.0003333354525931753
-0.002932632495458831,-0.018777422367277197,-0.0015025648110658096
-0.0028013772428383543,-0.015631492322826457,0.0059442267507741064
-0.002679266259043689,-0.017906512673438346,-0.0057062395690916645
-0.0031678677589495052,-0.01800332237737079,0.005707707402656581
-0.0032323357983741197,-0.017649292592660792,0.006423534774132378
-0.004260086354895942,-0.018112726983759764,0.005066664547404898
-0.002408756400820944,-0.015899703780733354,0.0010458360113876353
-0.0027934503052792214,-0.018883818810290443,0.0022255961930603974
-0.0034660075839441085,-0.018316326704930663,0.0019148427746813468
-0.0029320176371591122,-0.017622206956131592,-0.001952939526534081
-0.0029846255489593965,-0.017421026726748057,0.00140000000000029
-0.0027858328917794717,-0.01898678860360281,0.0008470583285422606
-0.0030240415592611702,-0.018025734669648852,-0.0020970583285429
-0.003125749476225237,-0.017606018963924885,0.0005250033527541831
-0.0030409785750681317,-0.018337285033793282,0.002696424245549167
-0.0026567112150066574,-0.017967816498514644,-0.0005914231477834875
-0.002586608353504438,-0.01759669703933131,-0.002026670587371271
-0.00275445238019556,-0.016584132464435797,-0.0015533338631481541
-0.002623299999999995,-0.018241400000000407,0.002600000000001046
-0.003049086839237103,-0.01814922135558561,-0.0027714305177113374
-0.002928333160762908,-0.018175418644414076,-0.005508569482289616
-0.0026717031028610227,-0.01807663122275205,0.004151416893733995
-0.002873500887714431,-0.017185975911309548,0.0019462289276201972
-0.0030018996250887886,-0.01770689005077486,-0.0005176458213540513
-0.002312664478805848,-0.018297391094478588,-0.0033352944476394697
-0.0030899856832243833,-0.018115286979280665,0.002335294447640024
-0.00290142718870412,-0.01844705911117872,0.0037000015894701477
-0.00235235421099933,-0.01647192979509171,-0.004637491344944067
-0.002907090596197759,-0.019728055834498104,0.0023308235126648924
-0.002846180577329216,-0.01695870084099349,0.002159596694543353
-0.002091927637058677,-0.018719062486723725,-0.026866278832063273
-0.0032242795302552807,-0.016484969768364888,-0.09821993938888518
-0.002085595431764675,-0.01144903768322969,-0.07119174501337255
-0.005287171049996431,-0.020634569221324117,-0.08227496721741367
-0.006440000000000001,-0.014386599999999916,-0.03780000000000072
-0.007304369649527187,-0.013791826217913083,-0.015160001589446637
-0.009090100938895174,-0.016477346934326675,0.025993348698198915
-0.009371136258414459,-0.01572987778110102,0.016301938924094372
-0.006960254140901623,-0.017767187898403147,-0.011521014915679473
-0.006975047727182382,-0.014506299595811623,-0.009308382164388007
-0.00733805860554837,-0.017397196065561893,-0.005785877508584392
-0.010175552679530742,-0.01707392550688258,0.023999988555805984
-0.007266880000000087,-0.017294839999999922,0.00018000000000029104
-0.007085510816180585,-0.0174710266709055,-0.008113351347056152
-0.008035620988129932,-0.01517267372486053,-0.004196635778637159
-0.00951709231809672,-0.017390200866453043,-0.005654719829134791
-0.006982175877592756,-0.016222818737781086,-0.0031152930451732175
-0.007274400000000014,-0.017137280000000032,0.013180000000000192
-0.007719844522589114,-0.0157131820002383,-0.009700083442602647
-0.010095610736266414,-0.019764385462295753,-0.009842774186825665
-0.007835621722477648,-0.014677839472657883,0.013278152077067062
-0.007341121557495112,-0.01717489699021657,-0.006871008003496826
-0.00789520146117173,-0.015762096074591447,-0.003764286444141618
-0.0072721000000000036,-0.01509690000000008,0.0018999999999991246
-0.008842833629500113,-0.017795402377811076,0.0014199968211077163
-0.007255986034469086,-0.015664272435310433,-0.002378819030550261
-0.008199882228705824,-0.016268767507972903,0.0021126680811374143
-0.007806527904670568,-0.017335883133884344,-0.002053844282247752
-0.008126454911113745,-0.014762629995110021,0.0011187544641391156
-0.009590435291540633,-0.017846864549911245,0.0004612439464164453
-0.008006496753027947,-0.017027550467622277,-0.0001799968210587366
-0.006174783246972015,-0.015199429532377184,-0.0009500031789428931
-0.006940714614376009,-0.017807870342115173,-0.000750083442603966
-0.005699637010380343,-0.01540417418336082,0.011035379292708924
-0.008301248308485887,-0.015382701235404195,-0.006241955735026394
-0.009146740066757808,-0.01838877423912022,0.0050866598849221845
-0.006514284296294082,-0.013565822365405378,-0.005261249906869381
-0.009750875703705919,-0.017868257634594542,-0.009118750093131567
-0.006998845518484842,-0.01469139305160283,0.006943739289813067
-0.0065532794771441805,-0.01594686218005892,0.005102925257592261
-0.007477777515762285,-0.016070075572619302,-0.002968917381991787
-0.007741545020970575,-0.016118946954018387,0.000881075044031121
-0.008105341735527627,-0.015396074417687089,0.0013345115477481073
-0.007713164578837417,-0.018181142498349345,-0.0021308309632299682
-0.007758396647598642,-0.015918486093061013,-0.0014558365511554427
-0.007802756626392848,-0.01700981343271435,-0.0012933371479970646
-0.007834567040618912,-0.01489392482827423,0.0037925499582591726
-0.008077885462911605,-0.017023065267637527,-0.000432544024299375
-0.008186380143889449,-0.017398346398816766,-0.009698333166129558
-0.008017325788741703,-0.016234443916876895,0.005889284581501286
-0.00787627444311989,-0.017029685388283422,0.0017757135558582604
-0.007095641024891131,-0.015938189432558758,-0.005160001907364986
-0.0075935499074638035,-0.015306543177743714,0.006186672106180069
-0.008405920226369712,-0.017062165109759775,0.0016599947724156294
-0.007787571394137105,-0.01725141191441293,-0.00232666497123013
-0.0073070996107266195,-0.015987094810640423,-0.0017800012715767366
-0.007793577836411658,-0.017415175554884366,-0.0010599987284241053
-0.007958536348591894,-0.015458521261640268,0.0010400000000014842
-0.007771241556166986,-0.016520914346332516,-0.00019999841052964484
-0.007723368942542802,-0.01720647078774129,-0.003717652773136848
-0.00857858283289667,-0.016800946245033588,0.005750982397703552
-0.0075598865877822274,-0.016695934848722338,-0.006053334392930765
-0.006973897009160623,-0.01500611718606959,-0.0012152926712118983
-0.008564186722858774,-0.016811555324460326,0.007235295850104961
-0.00769418343547959,-0.017023296298893653,-0.00366470555236198
-0.0082610393651244,-0.016317496357865613,0.0007313669208741658
-0.008167337337679798,-0.016559172267271327,0.00362423747623275
-0.007853501591141482,-0.016393647639113107,-0.017853409089273242
-0.008200038270574722,-0.017649187436856506,0.014762510244526794
-0.008334100000000011,-0.015803199999999906,0.003100000000001657
-0.005976960312184448,-0.015302438711713329,-0.009270590710199755
-0.007981166255406763,-0.016787327237053562,0.0018372441314813415
-0.009249629219193534,-0.01641237333938017,0.008840490652286093
-0.005797975740640476,-0.014432160495873259,-0.013795387204993403
-0.008659536712757349,-0.01735047989991423,0.002959667810420896
-0.008502560604326082,-0.016101648622027342,0.010616810037635815
-0.007302190119269428,-0.015773753454698225,-0.005718991250331484
-0.006614007450962814,-0.016514742247786485,-0.00929781416502884
-0.007826273585259114,-0.01600777599155334,0.0036285706987282396
-0.009576033588708385,-0.01806322817179007,0.005446657341767747
-0.00695964597290033,-0.014964423947895877,-0.0036591534302203854
-0.007019795877880111,-0.016733099811521823,-0.009287503911545869
-0.009684524560511165,-0.0171955880687924,0.015200000000000102
-0.007575246065382943,-0.01448311038918404,0.003294119462013967
-0.007033113393561018,-0.018417688195232707,-0.016247450993947865
-0.007154397482747918,-0.015433031325729152,-0.002921667350483048
-0.00871451999226664,-0.01757277744422092,0.004968334335011093
-0.007034971670099373,-0.01564915919976606,-0.005063332829987388
-0.008692749994879043,-0.017226965375519487,0.00589941549444184
-0.008300801401063068,-0.01633832807034752,0.00507058188295062
-0.007078379922117142,-0.016931761513152566,-0.014080006357783503
-0.00719912649828003,-0.015169098517140212,-0.0027258797075155883
-0.008265777656278925,-0.016596456967513884,0.03999261715853564
-0.007167176354860654,-0.014873959447975649,0.08006324282978383
-0.00396909435449257,-0.014109510000754666,0.054450192962185895
-0.0030030452139706773,-0.01781237355346299,0.062059833114792795
-0.005962299489502547,-0.013656029527789881,0.09003409421763386
0.000601692410142872,-0.014806771281133946,0.05604875319381186
-0.0003198929206403231,-0.015851839191076245,0.07025715258855492
-0.0006291000000000005,-0.01620279999999985,0.04899999999999949
-0.0011117343039704977,-0.017913357866293778,0.008600006357886159
0.0008186225877734182,-0.017247508515204846,-0.0034588229574676888
0.0009714974742734,-0.018197678622843938,0.0031731028004298167
0.003622714241923678,-0.0209038549956575,-0.022814286200848244
0.003969379262497019,-0.019706338119685363,-0.02140666613685127
-0.0011346057208369772,-0.017329460425948406,0.016906664547380323
-0.0007119558846189651,-0.015353394562650502,0.010364707141832241
0.0008918765858379023,-0.01868781991360824,0.002858823611910033
0.001542012803135484,-0.02038996370861712,-0.006470196890568047
0.0010622929539855358,-0.019161123269490377,0.0013466677262972127
0.0003568258920766121,-0.017080726384804956,0.0025533418103789174
-0.0011568924670837637,-0.017479214865155357,0.016213331743996306
0.0019793182671273696,-0.01740816985909044,-0.003366685475378439
0.002681248920958803,-0.020485381418197224,-0.023185706743847234
-0.0002201936021538134,-0.01716744042648466,0.01503276296873679
-0.00037534701092520675,-0.017719487046267468,0.011212955696113802
0.00256733822297104,-0.01928496981148864,-0.020719996185268208
0.0007700134716108267,-0.017648332677633216,0.007810011086620605
-0.0009036709865117773,-0.018445539437210168,0.013200026819949251
0.002594453168765387,-0.018753345691860712,-0.017355920856822138
0.0013577770359710622,-0.017661160058918934,0.0010344554297985198
-0.00020906426097470204,-0.01675071036469067,0.014831671659309542
-0.0012385193461053323,-0.013607570714698203,0.04400631046316672
0.00027291269427349475,-0.015713151243499368,0.017918751583245296
0.002695248339028849,-0.02464619498927123,-0.05393530205276953
0.0011799284641912117,-0.01971276930816368,-0.0003029524236195513
0.0015084731967799393,-0.019451885702565175,-0.010747055523610882
0.0004576197373729971,-0.016660286931005297,0.006269231192459479
0.000618100916035696,-0.01793055451816228,-0.005645700625723116
0.0012060293465913068,-0.01633150855083232,0.006576469433263732
2.7562543027015787e-05,-0.016587601563128662,-0.0010562502793955986
0.0018838701041954276,-0.02356376124383308,-0.011017078815414472
0.001206627457046877,-0.019133401309133324,0.006639994701829188
-0.0007171540484231425,-0.013233109913048269,-0.0016196072784770976
0.0018859373439789832,-0.019519453523904495,-0.0037003842444596202
0.0008964066471134019,-0.020855791585964845,0.00015332591591743494
0.00042087142749136866,-0.016211186267911626,0.002914286200848437
0.001132922074125404,-0.016353940527302102,-0.003633034803867119
0.0005177439568792185,-0.017244937373628866,0.0004363860095795147
0.0009205706723583616,-0.02098684049664068,0.0011252168168729426
0.0008421919227897185,-0.01584515605215525,-0.005911606551735282
0.0007610498994173659,-0.019167253968888465,0.005768752328301652
0.0006323000000000001,-0.018299926174460412,-0.0026199999999994006
0.0008997426601966255,-0.016761007384261506,-0.0017623541786466745
0.0005838433922556912,-0.01885316879421256,3.9499955213351257e-05
0.0007432468893412425,-0.019099889369098788,0.003576191795356287
0.0006735729597814096,-0.018678522754742577,-0.0028803959004646273
0.0005944338536503354,-0.017993181752520404,0.005167055149648547
0.0019158602447746963,-0.018385669945164163,-0.016119996821107208
0.0013734999999999997,-0.019615299999999947,0.008799999999999919
-0.0010189934323044155,-0.01875460497663478,0.009593332167720625
0.00013934095484904874,-0.017376821824481636,0.010724309446237257
0.000994595822142015,-0.018348948898815498,-0.002439073834666239
0.0018247436011927121,-0.018338198702039038,-0.009131904821332526
0.0007630118918151019,-0.016890000700848423,-0.0031716733889064486
0.0007242211623055377,-0.02054338489718066,0.004765010430947569
-0.0005084257571210185,-0.01637675203315428,0.009907059731006918
0.0011525657571210182,-0.019270427966845693,-0.0005270597310076397
0.00027406704919335535,-0.017820478346976087,0.004793325915918523
0.0007410300757824291,-0.017499588872621888,0.0005616684961573526
0.0008323783753023707,-0.018553190205499392,0.016077143848275632
0.0009818575600899666,-0.01763195266868145,0.1043665569957124
0.0022144909666863763,-0.011263438110660842,0.049187661035237085
0.002539838560335003,-0.015778877610034187,0.08962508582915607
0.002300655002869356,-0.013709967150444424,0.07387527966428387
0.00442010616534403,-0.014443657307517135,0.08306519215079078
0.005703506780835161,-0.014632029228478541,0.07826675535875438
0.010269511087446032,-0.010921833263397705,0.03416329810061214
0.008510925348186767,-0.012604986772473105,0.06358332557512902
0.008692669034366537,-0.014045352267471082,0.09142495593442579
0.010722308639513498,-0.012078388855364296,0.06474844105263244
0.012290502419136942,-0.008271428710164515,0.05034659938011554
0.011289100702108215,-0.008526031009303277,0.05688007629414926
0.012856347307110563,-0.012305240253511637,0.05849327664235293
0.0133586449256934,-0.015461219367400456,0.054006667726297586
0.015603369810308618,-0.012181396809667858,0.013549999254943046
0.01456134693092248,-0.009659269508719856,0.005973522896999484
0.01449383313089167,-0.010225593883614978,-0.008896247454297068
0.014629218119103338,-0.009196854053965767,-0.0069406071832611715
0.015851922010476888,-0.010808650095189581,-0.002786667514384611
0.014230952758255033,-0.009943242753778836,0.0005600025431542477
0.014683096465981732,-0.010341896693839253,-0.0004266670905597181
0.015680752400725195,-0.011358410099561289,0.0007066620042515126
0.014036729940450049,-0.009588643543845948,-0.0010752919044856313
0.014168138382022744,-0.009713794426210481,-0.0020580346471703592
0.015517540050862255,-0.011246248131606157,0.0014933290948100364
0.015168624039509526,-0.0106971929989782,0.0006714322207077572
0.014494172138460604,-0.01030777739679628,0.002520879703878265
0.01426383089294564,-0.010292071711301198,0.003068799628037411
0.01559282093906611,-0.010550225542414082,0.0029855553259725554
0.015319712423936926,-0.010848236840695386,-0.0024333346048930338
0.015278662731036508,-0.01095675469536972,0.0024866677262966874
0.015580550507459823,-0.010791538123512912,-0.0015266677262975037
0.013051832542319008,-0.009834754355876996,-0.0016177771596597168
0.015408071870331663,-0.01251673203713416,0.0037044391640428387
0.015891008573880705,-0.011008403219124718,-0.0018957140376256731
0.014705625243778497,-0.00964376725884486,-0.0007760469262940717
0.014874588097274988,-0.01091124581995151,-0.00028823331416560904
0.015896140470027242,-0.010469908153950935,-0.0026571457765669493
0.01359565952997277,-0.010196791846049047,0.0025571457765671823
0.017053175515783392,-0.011416953250468875,-0.0027666624280771046
0.013856003914254567,-0.009530097545430327,-0.0008568667361945614
0.01477534798039537,-0.010844711447798527,0.0006901979502327293
0.016062319859693086,-0.00911263526881917,-0.01702667037540717
0.014341732969483711,-0.010407789143520252,0.008528750937521146
0.013831519760389877,-0.01195651334396286,0.008231250651924427
0.015541413766601675,-0.010617077832629718,-0.0016176472238189632
0.01501369272628561,-0.010504753320513371,0.0007176472238192844
0.01481699350711263,-0.010546868846856905,0.000900000000000567
0.014189224892084629,-0.010221487377653937,0.0030105292877573575
0.01666337510791549,-0.010966312622346042,-0.0030105292877582457
0.013392930098312772,-0.009379446749786136,-0.0006529388665272862
0.0156774457989437,-0.01045085357764497,-0.00271372356154842
0.015261633879375514,-0.010872007330260114,0.0008729149426418559
0.014823187402695281,-0.01029840787985048,-0.001529327744731468
0.015358702820672643,-0.010825784462458299,0.0004230752301657148
0.01508340000000008,-0.010765800000000048,-0.00020000000000042206
0.013022967698413823,-0.009188441977195927,0.006817650028750677
0.015461591401959685,-0.010689486655085623,-0.0024509807130073114
0.014591838331506568,-0.01050899463066124,0.0026476222373901237
0.015174502568119919,-0.010012526737057215,-0.0050142915531337096
0.014893581302792946,-0.010928899168937245,0.0038857084468668646
0.013697089567997867,-0.010054082134093423,-0.0007445334612423693
0.015411172317220001,-0.010526336638045586,-0.002955463132763292
0.01490335111045138,-0.012451941610872708,0.0425713886733563
0.013272610874979107,-0.006344484225616842,0.0572432570849406
0.01317398300625594,-0.008459421864197791,0.09025679741004478
0.00985392377249994,-0.009330997919755668,0.11668043457184751
0.016125948047802763,-0.0032084864384807066,0.05058241040695055
0.0188076548059255,-0.005289199469116546,0.02278001430524146
0.01824178519407449,-0.004592700530883453,-0.019500014305242175
0.01890576450953685,-0.005050026723433132,0.0005785728882834462
0.016810663288523098,-0.0038846364767337604,-0.0024160715844336877
0.017920251634507833,-0.00462107450944127,0.00026416165410925174
0.018051851043679568,-0.005065763911659027,0.002179588159642698
0.01611529063646877,-0.004229252668173644,0.001976098853647912
0.01721407888728388,-0.005863845710559201,0.014417650028750728
0.018204239299054237,-0.0035859735396963632,0.006608332671063977
0.017582197230176178,-0.004250200777625723,-0.011361668971410666
0.017817222162655577,-0.004829356912114391,0.0034533331214543495
0.0170575622531437,-0.005425321066082733,0.008362505972853818
0.01817827905497027,-0.004829447704480794,-0.0026625027939619628
0.017978456435462142,-0.0039663648699702625,-0.007053844037706369
0.016584668580881035,-0.005188472770293329,0.006279643319372141
0.01834470136759947,-0.0051914014841458744,0.0018054498801465257
0.01792525507169529,-0.004374930958560896,-0.001264578786378756
0.01652256854436218,-0.004027329917029587,0.0017333296245674035
0.018177049558126823,-0.0055732948056076426,0.0037800012715765163
0.01768034394854867,-0.0037744057329316405,-0.0068035315083099235
0.01940939951444154,-0.005317797921951195,0.003902103125016154
0.015321765519778152,-0.004105199482121402,0.0003508434137469152
0.016851256754370825,-0.004269496424760599,-0.0014294163020300843
0.018512577426276433,-0.00514154473319528,-4.999925494431068e-05
0.01675704513906684,-0.002791912643354433,-0.0016112914397785616
0.018314383844648452,-0.005668739110600063,-0.00019165097673568
0.017488928294742134,-0.004491809145477754,0.0008529416714582183
0.01776182902629775,-0.005073710466585557,0.004549996423717673
0.016895629483864916,-0.00409175479090973,-0.006118752756792745
0.018877428964659604,-0.005725706295922728,0.005327371863145025
0.01777463650700195,-0.003581444064219119,-0.002970380648436688
0.01805504953439563,-0.005345488933168219,-0.0001944769654071976
0.01603621718242043,-0.004316506381022545,-0.0002679472966482521
0.016964684897741167,-0.004824782681163264,0.01207417878397532
0.016767533518640354,-0.005088057125359868,0.002306258640673242
0.017629446981976438,-0.003893259875924926,-0.0074062480442265155
0.017742878573352217,-0.004745275547596517,-0.001752937464061688
0.017756779682407853,-0.0044551228829500245,0.0010739822364360663
0.018026357074323096,-0.004960591637649281,-0.00040854570369486254
0.016592538890492614,-0.0040392946802824126,-0.0016875044331019495
0.01640527363614308,-0.0055332705151459605,0.003615626592574195
0.01904369391357208,-0.0037534688093959767,-0.005866935036313414
0.01798399358973235,-0.004622700403793978,-0.0035266194485030766
0.017066095723237584,-0.004283774627427572,-0.0019595673021273186
0.01786227041423194,-0.004437873026948869,-0.004028677231763922
0.018003369620985588,-0.005481010635095762,0.006098319188011736
0.016977284387193592,-0.004906477311602431,-0.0012044987231591975
0.018259915932777204,-0.004703077136117395,-0.002252642674296368
0.016185420948884977,-0.0042068222943336675,-0.001664281335149731
0.017392916334258768,-0.004792881385735859,0.0032054605281715
0.017900975117456586,-0.0044226845364150336,-0.004670590297743082
0.018405089750729076,-0.004688847635433535,8.357698493632881e-05
0.018304034700413307,-0.006079849785929015,0.005603894170237211
0.01619914734119643,-0.004356054036081858,-0.003235480199195173
0.016475591892448183,-0.004027809169784846,0.0016127155038425656
0.01874681211006024,-0.00467945714060658,-0.006482357891037793
0.017867980970363684,-0.0057028595477518484,0.005389165157313691
0.017327748298741508,-0.0037880366396456644,-0.004017102621375557
0.018572215717721052,-0.005139862282648844,-0.0008594802071772989
0.016525999282278825,-0.004709447717351156,7.448020717770731e-05
0.0184333366558056,-0.004455681673686707,-0.0011200031788929365
0.01633843466770113,-0.003986277052033138,-0.0019141148806562924
0.018704294554265033,-0.005981266201562918,0.005267453512143305
0.016511796050618255,-0.004245025623465404,-0.0009556896312403751
0.018064843943452757,-0.00450815968051832,-0.0024352930451732036
0.017528024385969676,-0.004236275742602547,-0.002089019018988836
0.018384562403972016,-0.005506693717888478,0.0009780933545249226
0.017933067338215647,-0.004186960308242393,-0.002971427111717162
0.017772019999999777,-0.004826419999999998,-0.0015200000000001879
0.01653084071273314,-0.004719006761847333,0.0005847013449651328
0.017959578544262556,-0.005099301222200259,0.0038716620943572977
0.017864699247335913,-0.004451614843577034,-0.0014141270886902646
0.016995611495668417,-0.004434107172375357,0.0006777636493682238
0.017330818923705582,-0.005104075204359737,0.002842854223433555
0.017475547503373434,-0.004829909722641967,-0.00118403061152339
0.018305403572921097,-0.0044913450729984206,-0.003258823611909989
0.01720151999999997,-0.004603439999999903,-0.000740000000000407
0.016514560000000067,-0.004768279999999958,0.0005399999999999849
0.018436607568120156,-0.00511617376021789,0.003600003405995089
0.017322385203572654,-0.0044651127059898155,-0.0031411783916190927
0.018005759382040853,-0.0049552351951076545,-0.03135892038265631
0.014965267886002387,-0.0036224566570508543,-0.08100655169521698
0.013946700011313595,-0.008068205021745767,-0.05819336415622711
0.014058437230997534,-0.005632720776553413,-0.07612006507368729
0.013262984246764642,-0.008696054950568577,-0.06727990169873888
0.013116112015421955,-0.007892868987125379,-0.07085003914414933
0.013907598053184866,-0.010106629834186975,-0.07389001210997215
0.015866798755301392,-0.011682118917478723,-0.06260113451962823
0.015717009647279845,-0.0122164031939751,-0.006998836234099137
0.010342211769848397,-0.012827926246522958,0.015240006357783997
0.012978124867039309,-0.012160188191298715,-0.0015294286822307157
0.014635017963763985,-0.011765920893975101,-0.009870577675552994
0.012135698978019693,-0.013438403273311028,0.009941173583158047
0.01343981800852223,-0.012426585448025662,-0.00129831254773638
0.014264745604952278,-0.012379987721529817,-0.0034571455333018974
0.013080319133394358,-0.012343657854384515,-0.003156304397398557
0.01284820367445949,-0.012502290370952185,0.0009505888952778818
0.013628400000000429,-0.012750759999999861,0.000920000000000698
0.013489199999999979,-0.012602500000000072,-0.000300000000000189
0.013381864690280132,-0.013182260690816294,0.0009500067055085992
0.012325274798941965,-0.011621484507842839,-0.0014088317198837075
0.012654775222641579,-0.012911028043700812,0.006176470835729475
0.013711142478677107,-0.012933596326550223,-0.0021363959144871103
0.012771717809459293,-0.013148605431089866,0.0012687500931329865
0.013490218672415288,-0.01106739670468082,-0.002436674084082213
0.013676388692680064,-0.012895102943654368,-0.03311328617976628
0.009078207058911936,-0.011507688684203377,-0.06567655124338145
0.010855066251109768,-0.012458470692733759,-0.07185679533533573
0.008891417168942706,-0.01336065801713815,-0.07733729888229846
0.00910050891704639,-0.013983068769796603,-0.0761893481812006
0.00782262197415129,-0.013617845714162247,-0.06634007947283393
0.006588787481101033,-0.014103333122733819,-0.07311758018574821
0.004301384502306327,-0.015051135766428247,-0.06999672907840537
0.005414498661094669,-0.015163632770659907,-0.08040326811666354
0.002687466867021815,-0.016740859938550567,-0.06556242865917383
0.002797218753218811,-0.01696767187525805,-0.07373996058111043
0.0012337752210251907,-0.015067337640805478,-0.0727594323493781
-7.838522102510126e-05,-0.01874967235919467,-0.07085587765062229
-0.0023495627257941187,-0.015341827813306397,-0.03198528133064116
-0.003199278078239498,-0.01995400222960897,0.0161940670759817
-0.007136911047671113,-0.018693621427322116,0.05136788515984936
0.00017001633058688626,-0.018015523485484408,-0.013712382758050978
-0.003796014478882448,-0.017447975044277975,0.011285711852861091
-0.0011982783990842627,-0.019839046469784183,-0.011013338843500975
-0.0024072832631176766,-0.016773154977560267,0.007448631888674839
-0.0008544383377979692,-0.01740819855265552,-0.008235293045173897
-0.0032447133223207913,-0.018481615425486764,0.005728572401696219
-0.0014788468517168418,-0.018416570711120794,-0.006778578361882559
-0.0025923597512584884,-0.018869542022019292,0.0023233302866589867
-0.0014189218563713801,-0.016041581967032315,0.0018031482416862588
-0.0022735698498039802,-0.01932385558449079,-0.0026764725681589496
-0.0017739249199593132,-0.017751803196525806,-0.00048571866485058734
-0.002713927426242435,-0.016715235220780444,0.007197483948218952
-0.0015076044095003738,-0.01940627862376565,-0.006211717601880551
-0.0017334306978971092,-0.01750916115794099,0.0018749526910406544
-0.001705222898921388,-0.01789787456324876,-0.003253578369803556
-0.003302877094114809,-0.019212513126278807,0.006198576725697791
-0.0007974009218933986,-0.016920018401309855,-0.004419998728423025
-0.0029005263216452803,-0.019849774945163157,0.0030399990463179094
-0.0014564951817348515,-0.017793509230004112,-0.0007685748539500992
-0.0025495780141713276,-0.017400796272359242,0.0032285758076326943
-0.0012795275384296367,-0.0174443179407493,-0.005713332485616007
-0.001922772944018547,-0.01826455161172391,0.0023133324856159376
-0.0018109771014986897,-0.018275371447547872,0.004171437329699934
-0.0025303219959131873,-0.018548310498978093,0.001442844005450361
-0.0018370185820688611,-0.016949331020670533,-0.00019663551379611732
-0.001145462587232693,-0.01811529528851774,-0.008450978624863659
-0.0034135471687157803,-0.01875070604771123,0.014853331214063736
-0.0008297725645709519,-0.01841398569657482,-0.014419998410554413
-0.002720921411428101,-0.018500636368115497,0.006639993642216346
-0.0017685016489892291,-0.01668296599640806,-0.002398816429156625
-0.002120676367373342,-0.018927273105164844,0.0037188221511517128
-0.0015645005722091376,-0.018232424530311597,-0.005759999364211232
-0.002681212022761059,-0.018158166821375055,0.0069399974568460365
-0.0021750479772393305,-0.017944613178624724,0.0012600025431535045
-0.0013733193472922345,-0.01718758051218039,-0.003429402689928196
-0.00262984065270766,-0.018663919487819758,0.0020094026899286632
-0.0022119823587751775,-0.018386978797723774,0.002259997456845575
-0.0024351261533488433,-0.017732453140062887,0.005824710900446561
-0.0008978765201423933,-0.018326321774900123,-0.011938043386061636
-0.0025717292600324626,-0.018564407817949657,0.0020733366182161816
-0.002946122864382339,-0.01708629519521354,0.010035289558315341
-0.0019587428433185394,-0.018415763274149732,-0.0003352911477616516
-0.0014995525945251664,-0.018540738628968878,-0.006152942331426381
-0.002035080997362382,-0.01788121986198732,-0.00044704813174600844
-0.0021251674253579544,-0.018451036486394568,0.0020199936420643994
-0.0023605755092854785,-0.01659049872844287,0.005929992847492294
-0.0007955234734691174,-0.01863910629420662,-0.010449996026384412
-0.0024130480596893378,-0.01787629940815938,-0.00017058749281240182
-0.0027333690862594295,-0.018469534302363755,0.005970596662749017
-0.002397216401433422,-0.017873669716376828,0.002859990194274964
-0.000886315095869783,-0.016675079058310782,-0.006559985953193959
-0.0026932792297174046,-0.018591376808427817,0.004419991675290724
-0.0028371597502725443,-0.018815572434339067,0.00425646154202397
-0.0010219267262772114,-0.017702385797254916,-0.0071697845970204455
0.0007726145470665635,-0.02117537610555731,-0.03262096336646181
-0.004210906193800934,-0.017998424255790457,0.016071420299727635
-0.0014488940037464815,-0.01660038211341952,0.0008428610354220822
-0.0010997921338318228,-0.020157318923945233,-0.010166669315744059
-0.0027413604922847945,-0.01638397778587075,0.0062372568085571345
-0.002040776685373391,-0.01909921599262443,-0.001013446095357473
-0.0013419299471806312,-0.01799041750069419,-0.004217143940610235
-0.0030812821331167584,-0.016969365151964677,0.006989414637847524
-0.00151225860821258,-0.019009304644900915,-0.003929412094692886
-0.002290081465973426,-0.01786036390499035,0.004112500558791865
-0.0024436244276926367,-0.017990008328975904,0.004020830125464947
-0.0018664941063342155,-0.019304327766033857,-0.0034333306842571076
-0.0015280999999998102,-0.016402399999999595,-0.0002999999999993008
-0.0027790121253410405,-0.020191556362398,0.006042847411444008
-0.0014893746973925204,-0.01737388197580314,-0.003992838470632698
-0.0021703010100568854,-0.019421529324518794,-0.005883339625068373
-0.0022934297639554124,-0.01834833449645412,0.005470829380407771
-0.001955623913429072,-0.01612747453184893,-0.003296325112992271
-0.0022001584898250215,-0.02051894330897719,0.0006588264168403413
-0.00341817222136509,-0.016362984145688042,-0.01173531127722427
-0.0021602866645316077,-0.013900763642935132,-0.0912940811832268
-0.0029361433409529347,-0.014249172283538503,-0.06883730016757994
-0.007770230031214798,-0.015239390378688267,-0.051633273993335393
-0.005132041120682551,-0.011919232709912908,-0.0757572132151445
-0.005390326621252939,-0.017592236839237163,-0.08314282016348784
-0.0048493015483219715,-0.015263884969777042,-0.0992588502587548
-0.007683854495546871,-0.008124316818349797,-0.0888077872680686
-0.009816731117278543,-0.015500477569573068,-0.07255338965292069
-0.011069754451407565,-0.010828593214281756,-0.057379933551221285
-0.01219953280172481,-0.010641660972221523,-0.08145342007457934
-0.010868783574865315,-0.012025748003557712,-0.06557014415133011
-0.013245869822982481,-0.008658117773545637,-0.07746974691787756
-0.014000753551321132,-0.00773999474201803,-0.06452673321155622
-0.01443041863655159,-0.00830970593667546,-0.05762999491369136
-0.017313167377690064,-0.007376024738531939,-0.06698997202530421
-0.014238801474952822,-0.004445430333484435,-0.0789011454592341
-0.01732969383928573,-0.00350481901006372,-0.06696556147404031
-0.01446006349578477,-0.004038592185105827,-0.08042661834731035
-0.015357845663400482,-0.0012492094968070688,-0.06511961912119091
-0.014732156989385015,-0.006309259076664908,-0.11044696154405109
-0.01749525613104952,0.0008512542926082389,-0.04964011666530155
-0.017509244448163486,-0.0001882868718476871,0.015406665006549858
-0.018597145554743122,0.0022571252502787686,0.008390478226862896
-0.019226725025544678,-0.0008650578303814882,-0.010157145776567233
-0.018198860000000483,0.001866580000000173,0.010740000000000194
-0.01780870527799827,6.81187888229573e-05,0.002019996185268269
-0.016640277485904242,0.0007960885122439976,-0.0019224954402012884
-0.01910697501087233,0.0008086920981225099,0.0038025008443796082
-0.017891465718353317,0.00012142021764249833,-0.00026143344517137734
-0.017806951888343026,0.0007071004785359492,0.0013071437085852011
-0.019367369814284885,-1.2679036462071025e-05,-0.0009214265034955815
-0.016734356497906333,2.907988135536499e-05,0.0031857168858060447
-0.017768963934566173,0.0002989649041316156,-0.0004833392772116696
-0.01895805986307675,0.000713967938231086,-0.00201999290042032
-0.0180298378814987,0.0013514269262691059,0.0014466622161624088
-0.018568141665184168,0.0004076259618002176,-0.0031066647593167573
-0.018937384962011805,0.0002962633293064343,0.0013133324856156037
-0.016962649999999524,0.0008495500000003098,-0.0005000000000006111
-0.01892469299849031,0.0006494321147578752,0.0012333227370273647
-0.017547370415707864,0.00015309249631645372,-0.000658321246891802
-0.018948375688322416,0.0007376466389255043,-0.00016786082256103896
-0.018634059816656334,0.0008918817500793708,0.0006328577429801641
-0.017071905659873376,-0.00012560551820639532,-0.0007517650963873024
-0.01781759542094985,0.0008754525181271511,0.0022117666858321172
-0.019063866649369654,0.0010392823499714154,0.0010823499712504514
-0.018599926376975384,0.0003538609003141957,-0.0019252051678559923
-0.01795316830187299,0.0008961578551178739,0.003606489589826012
-0.017190318901459944,8.714864094372388e-05,-0.002280302605202067
-0.018870459051159694,0.0007112589863402796,0.0033893950906271897
-0.018331023514556843,0.0008592623989622794,-0.0017491963119091736
-0.01772198858743934,0.00024107227434511103,0.0006050389155536351
-0.018793355970708525,0.0007054276634872458,0.0007285728882830966
-0.01789875280016573,0.0002955995675084644,-0.0016924363232249107
-0.0181078413419844,0.0004658227349136901,-0.0009513719722598069
-0.018280031110962325,0.0006953129834279537,0.0010866659249124666
-0.01841977214910573,0.0007053171640150069,0.0013823527761811505
-0.01916451713091205,0.0005730434042798827,-0.0010423543656266077
-0.018137347538499826,0.000541533958522411,0.001260001589445281
-0.016831528353322245,0.0003154461902035166,-0.0005823527761812386
-0.019924602221505383,0.0004824529276468148,0.0005823527761812386
-0.01726521717038554,0.0004401111566134652,0.0001588278193072057
-0.018240865860418287,0.00036271568637857854,-0.00029882845509554556
-0.018319031958722976,0.0005812292255353846,-0.0005742889709967613
-0.017786719141695606,0.0007406233325788492,0.0013542953287011272
-0.018666173450676338,0.0004720193495493241,-0.0006399961849350433
-0.017404967670194393,0.0006040074650717209,-0.0011411845226056982
-0.019137464952945216,0.0007969472373443587,-0.00015215728807760343
-0.01798989754530589,0.00032859107643989915,-0.0002844440323261921
-0.01681346224965563,0.0007236554704883602,0.0010777763060279
-0.019915732137322673,0.0006629054476103846,0.0010000000000012221
-0.017524834798150035,0.0006799354076134634,-0.00026470835729242026
-0.017948729341775493,0.0007475875081959238,0.002293279542577409
-0.01785633632413952,7.729116546473236e-05,0.0008914297683908501
-0.0178583586352572,0.0005663999454039725,-0.00040749890477087547
-0.018253508763355075,0.0007780805257118217,-0.0003125020489047614
-0.019858616975284127,0.0005366545021057156,0.0003266709051885641
-0.016479646531160297,0.0003102336414504414,-0.001203143143383656
-0.01893441649355565,0.00046971185644384406,-0.001143527761804819
-0.018885687012111685,0.00068783369361336,-0.0005666675143860544
-0.017733171110752455,0.000421013187098751,0.0003533288828982961
-0.01792124910849724,0.0004831233450972583,0.0020190509709845372
-0.01832151059307363,0.000448286167520795,-0.0030732117807055204
-0.018216957048884153,0.0008710636848716646,0.0021341663198040095
-0.01786440512668097,0.0003145399217983069,0.0010133331214028374
-0.018263539999999967,0.000583839999999558,-0.0005599999999983396
-0.01897240989112281,0.0008079405340537527,0.00024666454740440713
-0.016876621419883442,0.00030131817513501247,-0.0014054873343454233
-0.017976912393097733,0.00036534124948506275,0.0009588227869414823
-0.01821848153947858,0.0006446860637372431,-6.0006357784914144e-05
-0.017737724369005337,0.0006246190556673525,0.0003599944374119701
-0.019427100487035665,0.0004732945677043965,0.0015285809161316166
-0.017430716154250625,0.0005720588819091432,-0.0002815092647523443
-0.017730540851015997,0.00040252982903909995,-0.0006999985975344458
-0.018414447932144418,0.0005588311953559355,0.000552937277056742
-0.018422644962965418,0.0003052804479133364,0.00020000158947119928
-0.018151659206866344,0.0011391534641975731,0.001293333863147339
-0.018192567253404013,0.00014333270112354413,-0.0009933372690262843
-0.0170154021832839,0.0009608435174457419,0.0031705983234147084
-0.01876785938136849,0.00011771048635278447,-0.0026772611603433916
-0.01867356807457643,0.0003139394780231619,-0.0017066692097884584
-0.018297075343922664,0.0012877201907284253,0.003893322100823937
-0.018239754079903192,0.00033258595883856046,0.0014000117623247377
-0.01774648302217785,-1.3274240393990056e-05,-0.00459176509638759
-0.018008352209483935,0.0013105354722142692,0.003385102138429019
-0.02040468795011663,-0.00011725283894481464,-0.004220393781137588
-0.0177729912948964,0.0006934058104146601,0.005547058328543741
-0.018924306794915746,0.0005370122904526653,-0.0026687508381897374
-0.017125135761498544,0.0004234053553684447,0.0012569855548196784
-0.01774297126828228,0.000699452753184282,0.0016117652833695928
-0.019309586175303428,0.00020302960099449763,-0.001900000000000901
-0.017869451118175395,0.0008309934530714713,0.0013533370420404367
-0.018616467286313276,0.0006575264868464714,-0.0007266704813382319
-0.018442280260376642,0.0003750062144174393,0.0017133318498512295
-0.017030232988418215,0.0006269657690274322,0.0009240005213371205
-0.018996268346716527,0.0006238580766368962,0.0002860010681100533
-0.017615501491274665,0.00041897293978809813,-0.002253226352260995
-0.017671915828309848,0.0006979895443794959,0.0034032278423730133
-0.01853854175226377,0.0002971817124306497,-0.0010999860629912206
-0.01854668979208618,0.0008895311187107069,0.001839984096040581
-0.018738169816906458,0.0002473920233727611,0.00090705880537989
-0.017455908638940976,0.0003306923649861737,-0.0005825420506511136
-0.018208233456784795,0.0006962582603988743,0.00035691253682479385
-0.01706921169806419,0.0005787827072296636,0.0011785726753981152
-0.019161751472565824,0.00040887599135519537,-0.0012263178079372494
-0.018420389168660956,0.0007808087846652434,0.002473374646365656
-0.019014970405172305,0.00028104684375129807,0.00040000420739616516
-0.01626203661188813,0.00013722704896101945,-0.002278313187861869
-0.018354621438257168,7.415885648720533e-05,-0.002843752700830038
-0.018449093552171558,0.0010454547281857351,0.03431049512549578
-0.014270161806081427,0.0001328587547644311,0.0814486154806282
-0.015570422904239323,-0.0023357178785041732,0.0663746378049872
-0.014581845520037384,-0.0028545742784960026,0.06482870928026507
-0.015521065849750715,-0.0029382305039113987,0.07510091219428716
-0.01580581473430287,-0.005314711953213536,0.06919406476585799
-0.01465798275019009,-0.005826356041148006,0.07537549892303197
-0.014897071312051369,-0.007607591024193283,0.07024206695778723
-0.013023578311696316,-0.006978285424229291,0.07057741032424758
-0.013482122027700327,-0.009056571862280371,0.06848135578657555
-0.013198756899429204,-0.010311648696408326,0.07387060011500246
-0.012388025749428905,-0.011108176990278995,0.06958115302328416
-0.011676763419827624,-0.011994876023360579,0.0762207880271113
-0.009895643227597478,-0.011884886353111135,0.06422999956949127
-0.008714720894031358,-0.013004982004019006,0.07001515417275961
-0.009485242517145165,-0.014381784042746926,0.07705312399197695
-0.0069581851058160005,-0.01440534270507543,0.06647632778424395
-0.007052951052948314,-0.014465583497023093,0.0752252827230464
-0.0055292805058918815,-0.016043017633233347,0.07162362632147357
-0.003803925040994638,-0.01461242209165059,0.061132254392866514
-0.004591890008302291,-0.017728417620694437,0.09543060745584331
-0.0010667436323339163,-0.01677749559972863,0.040669185223164206
0.008185977311141263,-0.01088651930567508,-0.01823392162976667
-0.011273996840245132,-0.018244020330140387,0.20072098732072963
0.004033924440766862,-0.030263237455646852,0.04141152686422789
0.008786109486407706,-0.028228362079391722,0.035699745219726964
0.007864131056458112,-0.020638824719930948,0.07614672409792256
-0.0025013170613853997,-0.008154745565374544,0.13375337921607233
0.009626693917093199,-0.0029080456353116624,0.03646657500715289
0.006336960717354179,-0.01754768565229181,0.06012763140772481
0.008777485365552645,-0.01181506871239657,0.07434579358512305
0.01226551255745939,-0.017483132178847338,0.07291999618526823
0.010059915770112421,-0.009622232691816723,0.05834008725733408
0.0004658564652138819,0.0026434052406343334,0.06815870791259915
0.011256479355707338,-0.012038615567367295,0.07763531548462232
0.012744955212178916,-0.010371871510595376,0.05984431703135673
0.014042971710516161,-0.009138736719304763,0.07008511618267299
0.01267886892881187,-0.008389516572703037,0.0739764599461461
0.01237644204879601,-0.008032351831836593,0.08575286497655554
0.014704780169452536,-0.005691149204490653,0.07023714448072393
0.0068475402487827575,-0.0023395315137033634,0.06536621847042046
0.00287129100027117,-0.0003047127394788518,0.0518723790205291
0.015090782517756751,-0.007311343274425841,0.02438426756500256
0.0015771640149407906,-0.0011176114360647027,0.000687125486768636
-0.002534477938488433,0.0018952825319877853,-0.013760120797901898
0.00040329227869850826,-0.00019289266900823776,0.00504275687212008
0.0013729493655119662,-0.0005386354471075272,0.0010173026178801337
-3.7637057220263337e-06,-0.0002451544158716956,0.0053000613079010606
-0.0006405823739781824,0.0002509924931874963,-0.001835596049046373
-0.0005584399110646343,0.0006349326698718016,-0.00770719784070284
0.00044519840806711564,-0.0003448890018882267,0.0035370844525592915
0.00015925520307707997,-0.00014300039543169163,0.0034341558192343413
-0.0006976064035868479,0.000311432485074814,-0.004963104253776329
0.0003176087048677445,-4.2981152213794616e-05,0.0007036232862072112
0.0004568455722089859,-0.00014311895316465595,0.0028738275010562475
-0.0007161636171661989,0.00028351338555854255,-0.005842477861035533
0.00023944710217443932,-0.000165126749288369,0.003411619927202736
-0.0016501626845994988,0.001061145218293813,-0.018211934981698263
0.0017001325273831025,-0.0009959242836905524,0.0170822658233174
0.0004260059058593946,-0.0003209050896062493,0.005389416737990871
0.0025476039627265745,-0.0015500397480434636,-0.007038346578855936
0.014282385605657755,-0.004179805443544904,0.0021254806171295826
0.018613109493406166,-0.004540765886517306,-0.001258800705120855
0.016198655491236835,-0.003929953320247925,0.0029764549412680807
0.017438538072000187,-0.003998464472937613,-0.0028364701999405995
0.017612494411013924,-0.0045216067049471675,-0.0008733344989373393
0.016122935101735902,-0.0038179502379236396,-0.00026666613685133456
0.018504765320027927,-0.004703214363142916,-0.00045000596018596184
0.017087064894753645,-0.004561900550515752,0.0003853004078253619
0.017231988442281576,-0.004705800042074326,-0.00010000000000065512
0.017849854699887313,-0.004309462233112349,-0.0014294083823411796
0.017360669447764154,-0.00465451267397432,0.0014588194870635007
0.017941789246182283,-0.0046504880345690225,-0.0016647005852927776
0.018783071495200976,-0.004719398553554743,9.676944976622082e-05
0.016530683547570035,-0.004125731037610603,-0.00031011156486915326
0.017930119500789155,-0.004851330983720814,0.0014074566100488184
0.01751051684777427,-0.004242031587031736,-0.000909901670795854
0.018670503666817106,-0.00448195645127214,-0.0002579014733949947
0.01785705473588972,-0.0048426413076052555,0.002507014366432969
0.015906404184258927,-0.004427547129794984,0.0015021530378547254
0.016901310093049737,-0.004572217307166504,0.001329217622853207
0.01843569801334166,-0.00431106241939494,-0.0015999924927259102
0.018595945293391702,-0.0048472901380005595,-0.0002647088522387264
0.017331940517229194,-0.004643445731596252,0.000582361190973657
0.017155009117835296,-0.004106274830150802,-0.0019178464512732418
0.0175729144204273,-0.004604155770786544,0.0004917385199227908
0.0179455262478615,-0.004772677903613687,-0.0018974198304544387
0.017455795587021705,-0.004432982446970435,0.00046116275613083957
0.01805951410962492,-0.004472163316882494,0.00038000381470038036
0.018158018400953768,-0.004693088837916637,0.0015241320343655218
0.015609660027723904,-0.004130526029620274,-0.00021235553127230133
0.018160022302006862,-0.004605342770991339,-0.0008411876078149305
0.01851619926931547,-0.004752142361471812,0.00042941110472227706
0.016856930448465812,-0.004649837486589092,0.0021750017881414507
0.018286248578483155,-0.005015275838642808,-0.0011814529048583822
0.016193534566030787,-0.003941922335382042,-0.0010806457815242254
0.017552981199405848,-0.004920902376303715,0.002797620043891058
0.018090893201107017,-0.0048048659460842025,-0.0016575786692598626
0.017565912006507367,-0.0040997960169981695,-0.0023529444763905616
0.018146475414623997,-0.004502234014811535,0.00027812662981130387
0.017311226235499744,-0.0046841254561447165,0.005553449081373785
0.017383298349876286,-0.004360890529043537,-0.003231575711184931
0.017451692489079074,-0.0043330102134993,-0.0010935473451052502
0.017256093329189426,-0.0047493893314007884,0.004370006961109674
0.01820298229106765,-0.004448996831830421,-0.0034411665708313777
0.017406749372970598,-0.0043196686021884645,-0.0015037164753790577
0.018093014243457217,-0.004858981893804515,0.001818434688932058
0.017814361491642172,-0.004865886084269189,0.0003048270788115204
0.017116805741239638,-0.004349596852733395,-0.0017870934001029681
0.017277837263726115,-0.004496772204186428,0.0007793155360316106
0.01812417379824427,-0.004583610387388859,0.0004882311692417929
0.01817894256750563,-0.004751977839127619,0.0023594430199267435
0.016515762881073037,-0.0038023669093401047,-0.013477109878263782
0.016120973546850825,-0.004439039482565299,-0.001567625181735366
0.01757045562863979,-0.00456146448921757,0.0003735295616351664
0.018253063744863463,-0.00472768367670362,-0.0006823527761801174
0.017969156156453225,-0.004726714545216559,-0.001809597308635169
0.0185334997806903,-0.005056598516874455,-0.002569091186624739
0.01656598245733809,-0.004866957102775515,-0.0020141002998661506
0.01577223412420614,-0.0034457975489741166,0.0029751415713068496
0.018560617339390406,-0.005136386564778661,-0.0009797585820843224
0.017168609515488598,-0.004145088641977601,0.003004055144211648
0.018182892071393342,-0.004619111889158312,-0.0012831173691063569
0.017856555790898954,-0.004635507057651811,-0.001401547688717919
0.017896928257528755,-0.004610581615343001,-0.0012256604823104311
0.017936131802749777,-0.004646227636563083,0.0003689494418788186
0.017907366586059847,-0.004838479346698676,-0.001495924104878199
0.01683652529296742,-0.004272945008212403,-0.0024533865586864323
0.018593822262923165,-0.005187177533923837,-0.003633611202772613
0.017582103505696445,-0.0037224988602631015,0.00700980557152775
0.017318777221893678,-0.0049121160318401635,-0.0025333333333330543
0.016009492560799865,-0.004071985605300643,9.13070520063286e-05
0.018478389695300246,-0.004523621871852512,-0.0006364679453803035
0.017681207188672943,-0.004757709824339873,0.0018451608933736097
0.018216806277070674,-0.004629218600739282,-0.001016665562869612
0.015251039817921086,-0.004060545189250142,0.0024863625544604417
0.018723816246869918,-0.004998414008070551,0.00053030300840895
0.016990337658138177,-0.004137222201940016,-0.0012999999999996348
0.01796186529675614,-0.004803394546186279,0.0011812499068675208
0.0181692143395209,-0.004914009488411253,1.8755391356428674e-05
0.01853692878412616,-0.004659062602150321,-0.0019823552694733237
0.01597652097282931,-0.0044999535638616805,0.0017394947746414147
0.018267095133696287,-0.004615400238079381,0.0005007493390563056
0.017997775473071354,-0.004634279561311239,-0.0006578941424484341
0.016772200907633428,-0.003938172671517304,-0.0018448275578579754
0.017354777062523086,-0.004692231624943588,0.001841379537140142
0.017342812626311988,-0.004450220055950638,-0.00023772696490720335
0.016998884630029965,-0.00497760215984977,0.0023911715796307575
0.018791646370912796,-0.004381812333106527,-0.003142854223432856
0.017622783277529974,-0.0055183408569057235,0.0069178693641553934
0.016294131614476015,-0.004915974337749596,0.004910470945392653
0.018896688012343787,-0.0038156401144067154,-0.011435482680120401
0.016963400094917036,-0.005785103947771653,0.0079466597790665
0.016853075403321816,-0.003396601897798668,-0.006346659779066677
0.01806141570340669,-0.007041280540790673,0.013447058328541317
0.018479318478192397,-0.003564106504332809,-0.007499690964189121
0.017198304867248826,-0.00431591786210328,0.0021349840093627392
0.017380717871851026,-0.0044071441710129555,0.0026692625715103446
0.0170336968279714,-0.005051801068112205,0.002116080732543324
0.017272927360119095,-0.004550813627963279,5.583588896751479e-05
0.018586165154323542,-0.004248658240441294,-0.0025393213612954213
0.018577527759017887,-0.0048284480874829505,-0.0009724439220732961
0.01698991696254115,-0.0047205720318443944,0.0004688850631096031
0.01706908937111118,-0.004387089976388925,0.0009580566515152711
0.018688030309967463,-0.004666395135224821,-0.0022563570267424282
0.0183357042567045,-0.004644790848881808,-0.0013473540839257225
0.017882876434268447,-0.004819274351337111,0.0021544836087361574
0.017842342655107757,-0.00451351212277018,0.000860531679788501
0.01669692859401506,-0.004346177942868845,-0.0021338794145453477
0.016801371697058087,-0.0047734188572508,0.0015662210148770228
0.018133464649453757,-0.0047367298514786604,0.003599990182741486
0.018070048927690152,-0.004107401608834049,-0.006354565696248926
0.018001681858138774,-0.005236987604801957,0.0005847292565714923
0.017652338668141976,-0.004899158327731357,0.0009408293572228388
0.016037160656893423,-0.003899006542435135,-0.00010116885908395545
0.018177406814230412,-0.004862312366865407,0.00102907543891817
0.01739313487186589,-0.00390657905247993,-0.00472408986774564
0.01836820876936196,-0.005424385225405892,0.0024016716008299355
0.01664755430764231,-0.0032881074142738775,-0.002823338929085928
0.01685726595463022,-0.005373701526037777,0.0049832558921538705
0.018395455017282458,-0.005162659564744487,0.0005812469264636633
0.018296499977651592,-0.004260331579934551,-0.0027894776136268007
0.016993414224014458,-0.004899009585877856,0.00408947270512261
0.018372279748397613,-0.00497598859795545,-0.002682337349058983
0.015925156946685615,-0.0045217303624847105,0.003982350205030016
0.01763295708918955,-0.004707421908808129,-0.0011588210407600386
0.017506091318851613,-0.00449154242916272,-0.003978672191662369
0.01809787975106225,-0.004775199870317159,0.0025690850693118605
0.016645607805572116,-0.004398376654261682,-0.026752724503547043
0.01457774832057357,-0.0048378044986359114,-0.07281109304216749
0.013685615040592403,-0.0060393429136942345,-0.0665500361408764
0.017790010215558816,-0.0074718497398427175,-0.0854589792855851
0.011636038418937567,-0.006585869782632869,-0.06635345824902572
0.015067408531401316,-0.01001559181645817,-0.07828769289468429
0.011881942061620077,-0.009424484209430872,-0.07316757506249694
0.011119129906822067,-0.00998191888590405,-0.06813240835503631
0.012829153022090978,-0.011705758840347968,-0.08134110321276289
0.011059662099323297,-0.012190407033875417,-0.07663438688908641
0.010792343003143134,-0.01458071361509461,-0.07574836933155371
0.007859107720276093,-0.0123700772213855,-0.06499376089645192
0.007748963199304182,-0.013909377313017224,-0.07364128858533281
0.006147345677195215,-0.013881468465143598,-0.06998949672809562
0.006278254427989793,-0.016690802958217787,-0.07974582576885414
0.0038690451681304694,-0.015430898221911349,-0.06585491027494239
0.0036265730177205135,-0.016416917319074464,-0.07839754173881897
0.0014923360881629044,-0.015448802309595777,-0.06331799102510072
0.0004791755994859592,-0.016214853791652217,-0.0665449094058923
-1.606064202785973e-05,-0.01671176977874289,-0.07350670735669507
-0.0017223683114546695,-0.015337577637128064,-0.06288078522512741
-0.002572764224506585,-0.016281482205516618,-0.07410585389113944
-0.0025790628010042838,-0.014972509100599218,-0.0716235628234454
-0.005400197198995649,-0.015238010899401466,-0.06501643717655448
-0.0003157699976155115,-0.02022807347055533,-0.1118933052531208
-0.007441441241711644,-0.013218237866523097,-0.06249166010175067
-0.008799081937451714,-0.01433809127586727,-0.07357534457479886
-0.009060374527525283,-0.013009303791273297,-0.06729967324074337
-0.010619577108538447,-0.013219078653397887,-0.06940004861851001
-0.011416032787691321,-0.01176599288560709,-0.06659329243144185
-0.011511849000169327,-0.010609067673393646,-0.06223173389491343
-0.012786813399296548,-0.010062434383382168,-0.06837494188472171
-0.013632813617940442,-0.008592030398440365,-0.06736471396715338
-0.015402857784291069,-0.006569356451863406,-0.04857533753171772
-0.013968913835213481,-0.008270410830515829,-0.08342356555468555
-0.015042152383248908,-0.006540724598355752,-0.06718600745472791
-0.015588557929828717,-0.0040892194112087665,-0.07500041348959918
-0.014311209114077794,-0.005019893278691789,-0.06422642722798244
-0.01623026149046103,-0.0025613962219717124,-0.07053604874394459
-0.01628956941730708,-0.0019707086792513095,-0.06896746822811117
-0.015926664427631465,-0.0028436601297006092,-0.0826200178020784
-0.014758521015615589,0.0009479594111327927,-0.06860039055185929
-0.015744632771850675,-0.0012283887571822305,-0.10314245403917077
