x,y,theta
0.9803894500171363,-4.992335437504656,1.44859633
0.9803266000817424,-4.992368250029802,1.44859633
0.9803415666671965,-4.992382760004133,1.4484696634392982
0.9803648941671459,-4.992356529450373,1.4483022133429169
0.9803488266268239,-4.992330166649712,1.44869633
0.9803526000272479,-4.992323428610354,1.44829633
0.9803401411749856,-4.992362047096195,1.44869633
0.9803707200365572,-4.992355193352936,1.44839633
0.9803537750525265,-4.992324375003353,1.44859633
0.9803619714475477,-4.992347357157698,1.448467758814714
0.9803544573910082,-4.9923706425068115,1.44869633
0.9803634118003449,-4.9923268881996545,1.44849633
0.9803805599268854,-4.992348506813955,1.4486229977262974
0.9803996687970317,-4.99239914373929,1.44859633
0.9803229999999999,-4.99232342,1.4487163299999999
0.9803855599742507,-4.992460340025749,1.44849633
0.9803267118015819,-4.992296311767923,1.4488022118579602
0.9804055334027402,-4.992407200082653,1.44849633
0.9803635333227371,-4.992352680050862,1.4486829961368513
0.9804291001509974,-4.992479833259159,1.4485296606842566
0.9803113385760921,-4.992296069249533,1.4489347905509298
0.9804175764694333,-4.99243180000561,1.44849633
0.9803571643262206,-4.992373507159279,1.4486891860480917
0.9804427,-4.9925286,1.44839633
0.9803606706898729,-4.992374964733601,1.44899633
0.9803947199698005,-4.9923642465962015,1.44849633
0.9803569800139873,-4.992346979994913,1.4485563293642114
0.9803928499888241,-4.992500062554948,1.44859633
0.9803746007748242,-4.992353850792705,1.448696318079628
0.9804177353584652,-4.992456511744082,1.44859633
0.9803409666671965,-4.992344699926885,1.4488296628035096
0.9803898600969562,-4.992418626694747,1.4485429961368512
0.9803990624983236,-4.9924485498860065,1.44879633
0.9804104,-4.992436,1.44859633
0.9803923117722957,-4.992404899971951,1.44849633
0.9804088534149249,-4.992433473459429,1.4487696622737025
0.98037825,-4.99236035,1.44874633
0.9803618499977649,-4.992500950052899,1.4488213296274717
0.9804108498748302,-4.9924154399256135,1.4482863307152565
0.9803938293045174,-4.992458917596735,1.4487845661190974
0.9803548000015895,-4.992287913330896,1.4487229965607018
0.9803474465868384,-4.992413562728318,1.4490845287749332
0.9803431236013642,-4.992420221119738,1.4490596840308285
0.980338800624479,-4.992426879497929,1.4490348393360857
0.9803344776390047,-4.992433537889349,1.449009994591981
0.98039994,-4.992474619999999,1.44877633
0.9803392142827949,-4.992353514247032,1.448832044650636
0.9803939666242808,-4.9924196067361795,1.44859633
0.9804055573092643,-4.992457857118529,1.4485106147411444
0.9804121667371332,-4.992451140046731,1.4487829959249134
0.980372956245809,-4.992379249993294,1.4486150800931321
0.9803479533442477,-4.992388740011762,1.44889633
0.98040572,-4.99244842,1.44839633
0.9804265,-4.9924728,1.44879633
0.9803693571525885,-4.992365735739101,1.4488034723705723
0.9803554249836085,-4.99237182499553,1.44869633
0.9803997133116109,-4.9924791467217675,1.4486429961368512
0.9803699,-4.99240366,1.44863633
0.9803810118480288,-4.99245048823612,1.44879633
0.9803498,-4.9923578,1.44879633
0.9803882705945052,-4.992476547083573,1.448661035552361
0.9803726471060124,-4.9924469528631334,1.4488492702689928
0.9803964000476841,-4.992457199938011,1.44869633
0.9803300732766431,-4.992413599928475,1.44899633
0.980413100206628,-4.9924594669315745,1.44859633
0.98039404,-4.992446920000001,1.44869633
0.9804143175953326,-4.99249759418117,1.4486492702689928
0.98034796,-4.99239202,1.44895633
0.9803841646662834,-4.992448717565881,1.44879633
0.9803786,-4.99243185,1.44899633
0.9804579927027809,-4.992479264157627,1.44849633
0.9803704999957926,-4.992487447056926,1.4490551536119096
0.9803897333847255,-4.992445266798061,1.4487629961368513
0.9803954666767333,-4.9924536466668785,1.4491229965607018
0.9804199,-4.9924552,1.44859633
0.9804176333328035,-4.992486133305783,1.44869633
0.9803539178267394,-4.992492005912794,1.44879633
0.9803843,-4.99245563334234,1.44889633
0.9804225,-4.9924576,1.44869633
0.980383247080768,-4.992432464722382,1.44879633
0.9804158250357626,-4.992475816764683,1.44879633
0.98039654,-4.9925003,1.44879633
0.9803904999657275,-4.992534550048429,1.44879633
0.9804179999523162,-4.992531757200272,1.4486891876294277
0.9804004883034374,-4.992604611676928,1.44889633
0.98034522,-4.9924359,1.4491163299999998
0.980430414349455,-4.99250067150545,1.44849633
0.9804102999761578,-4.992466506239197,1.4488275796274661
0.9804022599825161,-4.992505753319558,1.44869633
0.9804052588264168,-4.992509811812967,1.44899633
0.980403649976158,-4.992498992735014,1.44889633
0.9804176133433998,-4.99252951339903,1.44849633
0.9803945374793247,-4.992514187456228,1.44899633
0.9804410142913098,-4.992448328545154,1.44869633
0.9803938,-4.9924751,1.44909633
0.9803961624893829,-4.992469037513597,1.44869633
0.9804219666815017,-4.99248009994119,1.44879633
0.9804375470653409,-4.992536682348569,1.44859633
0.980367847062536,-4.992426452916427,1.44899633
0.9804333200063577,-4.9925355200460935,1.4486029961368514
0.9803987749836085,-4.992501300011922,1.4488088292549324
0.9804383072121934,-4.9924881927980245,1.44889633
0.9804017000953675,-4.992478199895095,1.44899633
0.9804242234716631,-4.9925192470625355,1.4485022119404514
0.9803873,-4.9925052,1.44899633
0.9804454588502588,-4.992569364671893,1.44869633
0.9804106428943649,-4.992471671425895,1.4490534731004239
0.9804460500154972,-4.992568649936819,1.44869633
0.9804367176822855,-4.992536499950914,1.4488080952833682
0.9804224999745684,-4.992539960015258,1.44879633
0.9804375999880791,-4.992568525005588,1.44899633
0.980421700030654,-4.992575107167916,1.4490749011852861
0.9804550799999999,-4.99256536,1.44883633
0.980442552928307,-4.992577105856614,1.448925742094693
0.9804622,-4.9925145,1.44879633
0.980443041167396,-4.992557917693257,1.449072799763267
0.9804254799885558,-4.992486946673236,1.448842996878596
0.9804683538898874,-4.992583584620181,1.44879633
0.9804168399974569,-4.992515266659249,1.4489696634392981
0.9804644,-4.9925421,1.44909633
0.9804389866675144,-4.9925187865721465,1.4490029962428075
0.9804600176752731,-4.992550617717347,1.4486492716714585
0.9803905599834695,-4.992519160018438,1.449142996878596
0.9804251143985968,-4.992469642970999,1.44879633
0.9804690000752898,-4.9925719422049895,1.4488384346027203
0.9804657,-4.9924359,1.44869633
0.9804402941546057,-4.99254575285538,1.44879633
0.9803719801506819,-4.992457719901771,1.44909633
0.9804587284911445,-4.9925390786188695,1.44869633
0.98041,-4.9925063,1.44879633
0.9804271,-4.9924890600000005,1.44859633
0.9803581293970801,-4.992501841183401,1.4490375063880903
0.98044594,-4.9924931,1.44879633
0.9804000799895096,-4.992473240040054,1.4487763290463247
0.9804323500000001,-4.99253455,1.44859633
0.9803826399974568,-4.992428679893187,1.44889633
0.9804337999369901,-4.992527700008514,1.4486463291485159
0.9803716125094994,-4.992506062487893,1.44889633
0.9804107923504383,-4.992519815348641,1.44859633
0.9803942,-4.992461,1.44889633
0.9804109000317894,-4.992537446657342,1.4485896637571924
0.98038576,-4.99246186,1.44893633
0.9804504562860421,-4.992552412446915,1.4484525802793962
0.9803477143000682,-4.992429442861035,1.4491391876294277
0.9804189706183472,-4.992510688229107,1.4482904480595487
0.9803754285984333,-4.992486028726158,1.44899633
0.9804365428746594,-4.992527814444823,1.44839633
0.9803513294681925,-4.992414629367216,1.4491375072130595
0.9804408749319505,-4.992552274991556,1.44849633
0.980331646720178,-4.992412579939601,1.4490829961368512
0.9804484494933842,-4.9925588999403985,1.44849633
0.9803637000476834,-4.992458266664547,1.4491296638631486
0.9804152176261869,-4.992476558512265,1.44839633
0.98034196,-4.9924193,1.4491563299999999
0.980420939933878,-4.99243173992752,1.44839633
0.9804194249057504,-4.992474799968708,1.4487213296274717
0.9804210733270814,-4.992498206677369,1.4484229965607018
0.98036938,-4.99246434,1.44919633
0.980398623521822,-4.9924160058832605,1.4489139769763266
0.980413,-4.9924506,1.44889633
0.9803615588887018,-4.9924558000140244,1.4487198602367328
0.9803409200464126,-4.99247276004069,1.4488163303178943
0.980408233251212,-4.992406900007947,1.44879633
0.9804185175995399,-4.992446405827245,1.44899633
0.9803904,-4.9924808,1.44859633
0.9804100235305667,-4.992473647047109,1.44849633
0.980383873308432,-4.992479053295716,1.4488829961368512
0.9804075266713291,-4.99245740003179,1.44879633
0.9804143294125072,-4.992495635350546,1.4485669174928124
0.9804094584252251,-4.992498816707397,1.44869633
0.9804105941110471,-4.992502323471664,1.44869633
0.9804198333020743,-4.992464000042915,1.44889633
0.9804039200305178,-4.992454580079156,1.4486363290463171
0.9803785357135559,-4.992443971324931,1.44859633
0.9803747249653548,-4.992432012460326,1.44879633
0.98040025,-4.9924695,1.4486463299999999
0.9804112529669159,-4.992475476461019,1.448661035552361
0.980387479939601,-4.992445139945959,1.4484229977262975
0.9803965199580382,-4.992376079977589,1.4487563304768376
0.9803965749988824,-4.992371781258848,1.44849633
0.9804012428542235,-4.992405828610354,1.4486391876294278
0.9803902882220945,-4.9924540058552935,1.44839633
0.9803678429427792,-4.992393585732289,1.44839633
0.9803691,-4.992344433333334,1.44859633
0.9803742295289118,-4.992387411777905,1.4486845661190975
0.9803398996066277,-4.99235219967815,1.448646324039814
0.980339411737234,-4.992415847091988,1.4483198591642708
0.9803559715395096,-4.9923517499438015,1.44869633
0.9803969856831457,-4.992357900003406,1.44869633
0.9803500823387515,-4.992371876452604,1.4486786827761804
0.9803893,-4.9923907,1.44829633
0.9803097533363003,-4.992307466636997,1.44879633
0.9803998647972063,-4.99239995298721,1.4488551527869404
0.9803885199494548,-4.99238525998188,1.44879633
0.9803733199747277,-4.99244313999237,1.44849633
0.9803951988675647,-4.992411100727143,1.44849633
0.98036696,-4.99235644,1.44887633
0.9803916766166921,-4.9924094412100475,1.44869633
0.9803864600000001,-4.99251078,1.44829633
0.9803426866547986,-4.992387213313411,1.44849633
0.9803998,-4.9923722,1.44859633
0.9803870066662428,-4.992403320003497,1.44869633
0.9803839117751006,-4.992452635266399,1.44849633
0.9803878778404725,-4.992452338912289,1.44849633
0.9803808199907811,-4.992329833323267,1.4485229965607018
0.9803765175644783,-4.992382170542614,1.44879633
0.9803881000111263,-4.992422980012398,1.4485163303178943
0.9803696412338893,-4.992431294091412,1.4484433883285415
0.9803836398893728,-4.99237735998188,1.4485363290463171
0.98039018,-4.99238178,1.4487163299999999
0.9803722470274743,-4.992374994132084,1.44859633
0.9803594800429151,-4.992461326683621,1.4484096638631487
0.980362733415456,-4.9923981332867085,1.44839633
0.9804085529556961,-4.99243597058609,1.44869633
0.980386799955722,-4.992382249998298,1.4487749011852862
0.9803946,-4.9924426,1.44839633
0.9803591667011047,-4.992413219903043,1.44889633
0.9804297066710113,-4.992477913343612,1.44829633
0.9803315998457288,-4.992410752924842,1.44919633
0.9803935467392514,-4.9924297466359375,1.4482696638631487
0.9804000356737794,-4.992474856952368,1.4487034739519082
0.9803929,-4.9924102,1.44859633
0.9803933199634427,-4.992415473337042,1.44889633
0.9803859499813736,-4.99246034993965,1.44859633
0.9803785072818924,-4.99247355002299,1.44869633
0.9804080059170021,-4.9924887705720655,1.44869633
0.9803712764683609,-4.992361088240491,1.4489139769763266
0.98038556,-4.99241472,1.44879633
0.9804102882613634,-4.992455200016829,1.44859633
0.9804206998867497,-4.992533337569291,1.44869633
0.9803828499105972,-4.992425350578138,1.449046324039814
0.9803748940661683,-4.992400229454581,1.44879633
0.9803802000206632,-4.9924514000508635,1.44879633
0.9804263856882547,-4.992466257163536,1.44879633
0.9804200117779056,-4.992462805897368,1.44869633
0.9803799,-4.992416,1.44899633
0.9803984749988824,-4.992435837488265,1.44869633
0.9803595999427794,-4.992390539653816,1.44919633
0.9804410866452619,-4.992448113345201,1.44859633
0.9803910352860329,-4.992421976459616,1.44899633
0.9804102,-4.992433049207295,1.44869633
0.9803781000357628,-4.992422025090525,1.449171328882415
0.9804151000461935,-4.992390075080839,1.44869633
0.9803626602034491,-4.992426953538902,1.4491496622737026
0.9804000529325143,-4.992454658814372,1.4483786830236733
0.9803558,-4.9924409,1.44899633
0.9803897249981374,-4.992380424992177,1.448715080093132
0.9804024882220944,-4.992479699998597,1.4488551536119096
0.9803929732893587,-4.992437439950727,1.4487496638631487
0.9803968750391154,-4.992454099937415,1.4487275806519244
0.9804153059843204,-4.992424888334291,1.44869633
0.9803876952179836,-4.992457495183924,1.4490915684196184
0.9804190647420165,-4.992482317683688,1.4486433883285414
0.9803807937072524,-4.992451006172049,1.448952580279396
0.98041344,-4.9924285600000005,1.44849633
0.9803936627263109,-4.992504750145286,1.44899633
0.9803919,-4.9924094,1.44869633
0.9803847352743185,-4.992433341279591,1.448872799763267
0.9804147401850144,-4.992437600095369,1.44869633
0.980407100103314,-4.992531480060399,1.4489429961368512
0.9803990750078231,-4.992435362514715,1.448658829813736
0.9804213,-4.9925468,1.44889633
0.9803637764497988,-4.992367382366801,1.44889633
0.9804351,-4.99247104,1.44873633
0.9803657200225705,-4.992455260032743,1.4488563293642114
0.9804010401653025,-4.992501606604148,1.44859633
0.980403760066122,-4.992498066726006,1.44879633
0.9803909000619884,-4.992465000069936,1.44899633
0.9804151352930451,-4.992500294108242,1.44859633
0.9803780928594541,-4.992484978581768,1.44899633
0.9804260293297618,-4.992477870503345,1.44859633
0.9803811067471987,-4.992483726877533,1.4492896622737026
0.9804587999761584,-4.992548653356115,1.4485229961368513
0.9803509125273808,-4.992460812527381,1.44899633
0.9804509857186648,-4.992530771393051,1.44859633
0.9803958467265358,-4.9924883266963365,1.44909633
0.9804883,-4.9925712,1.44849633
0.9803588250357625,-4.992516750135103,1.44869633
0.9803984249590225,-4.992496974924751,1.44859633
0.9803745000270211,-4.992451466662428,1.44879633
0.9804258399618533,-4.992527426699515,1.4485829961368513
0.980373750542377,-4.992452249743712,1.44879633
0.9804106427410978,-4.99252611425725,1.4486891860480917
0.9804125999836087,-4.992450350042468,1.448933830186264
0.9804211666534213,-4.992484893268696,1.44859633
0.9803682266681502,-4.992469320005086,1.4489696634392981
0.9804363133481682,-4.992516699968212,1.44869633
0.9803623,-4.9924019,1.44909633
0.9804733598950965,-4.992550379844234,1.44849633
0.9803901062540047,-4.992434487494971,1.4490775799068678
0.980430939933878,-4.992473466586134,1.44859633
0.9804274199968211,-4.992516606551697,1.44899633
0.9804170333057824,-4.9924334001096735,1.4486296628035096
0.980385613383136,-4.992470113406977,1.4489429961368512
0.9804380999705482,-4.992471447016254,1.44849633
0.9803948,-4.9925373,1.44894633
0.9803914,-4.992498324992177,1.4488088305587923
0.9804003249728054,-4.992526300016391,1.4487713303725283
0.9803759466636996,-4.992427619976476,1.44879633
0.9803810763740656,-4.992462399911645,1.4489551550143753
0.9804194,-4.9925029,1.44859633
0.9803927333642396,-4.992506155677709,1.4487074403752467
0.98042482,-4.99256134,1.44869633
0.9803271000613079,-4.992383449984673,1.44889633
0.9803823799036788,-4.992463640023365,1.44879633
0.9803505470485112,-4.992435705902977,1.4488904480595486
0.9804285,-4.9925377,1.44849633
0.980380300021037,-4.9925085764582136,1.44909633
0.9804173332790272,-4.992483400023842,1.44869633
0.9803940533267635,-4.992452073369997,1.44879633
0.9803882647532361,-4.992453658865686,1.44879633
0.9803585928099455,-4.992495300020436,1.44899633
0.9803690823415565,-4.992554841197425,1.44879633
0.9803565799999999,-4.99244104,1.4488163299999999
0.9803796999809263,-4.992462539846457,1.4488563309536828
0.9803826,-4.9925145,1.44859633
0.980357,-4.992471946585074,1.4489829961368512
0.9804003766058005,-4.992507835176147,1.4484022132604062
0.9803024799949137,-4.992448619973297,1.44889633
0.9803288666407057,-4.992414799949138,1.44869633
0.9803731624953433,-4.9924728187188006,1.44879633
0.980419,-4.9925247,1.44879633
0.9803945284502725,-4.9924610714117845,1.44879633
0.9803973500439583,-4.992469499809266,1.44889633
0.980384918124282,-4.992432836439301,1.448650876242712
0.9804219,-4.9924773,1.44869633
0.980416749743712,-4.992472598664918,1.448646335960186
0.9803944142521415,-4.992480157144803,1.4487820437991519
0.9804362438614791,-4.992493225077114,1.44859633
0.9803810857118529,-4.992484528508175,1.44889633
0.9803915066153797,-4.992498073284166,1.44859633
0.980329,-4.9924317,1.44889633
0.9804466356692779,-4.992523064007153,1.44839633
0.9803693529276468,-4.992419235293045,1.4491375063880902
0.9804755934943972,-4.992593326705872,1.4483429977262974
0.9803356532790793,-4.992473020119529,1.44909633
0.9804147353351191,-4.992495605975906,1.4483845647166318
0.9803636512933603,-4.992482601692693,1.44929633
0.980456576483458,-4.992541429669159,1.44819633
0.9803630714305177,-4.992530993004087,1.4491606147411444
0.98040142,-4.9924247,1.44847633
0.9803827999936422,-4.992492279880472,1.44889633
0.9804095,-4.9925231,1.44859633
0.9804052199796548,-4.992457826804845,1.44869633
0.9804221823247269,-4.992544788111299,1.44899633
0.9803755401366924,-4.992383146775809,1.4487429945474053
0.9804489561862045,-4.992628149959022,1.4486900804656604
0.98036744,-4.992421800000001,1.44883633
0.980442399885558,-4.992586859967575,1.4486163319073655
0.9803940411890103,-4.992435858844649,1.448861035552361
0.9804453625072643,-4.992559612505029,1.4485088305587923
0.9803728468451537,-4.992459923513738,1.4488845661190974
0.9804304265505293,-4.992543359888101,1.4485829975143847
0.9803816999682111,-4.99249636657077,1.4488296638631486
0.9804201529669159,-4.992565917651431,1.44869633
0.9804097532718747,-4.992472080011126,1.4487829961368512
0.9804207,-4.9925122,1.44889633
0.9804413998887388,-4.992531513351347,1.44869633
0.9804078933036636,-4.992540093367241,1.44889633
0.9803769647420165,-4.992432664649454,1.4489492716714585
0.9804855501221911,-4.992593512570781,1.4487213285098646
0.9804221856880109,-4.992497885701635,1.4488891876294276
0.980429411679733,-4.992593799943902,1.44869633
0.9803662799678926,-4.992453179940871,1.4488163303178943
0.9804312399999999,-4.99254858,1.44875633
0.980403550012666,-4.992490206268905,1.4488775799068678
0.98044116,-4.99264666,1.4488163299999999
0.9803324,-4.9924714,1.44879633
0.9804635266073274,-4.992611046467457,1.4485896622737027
0.9803787000794724,-4.992425859925296,1.44919633
0.9804759999836088,-4.992621524993667,1.4484463292549434
0.9803734199876022,-4.992552093336936,1.4489696634392981
0.9803847400127156,-4.992505086596201,1.44869633
0.98040795,-4.99251195,1.4490463299999998
0.9804551500342727,-4.992542266666004,1.4486296630021955
0.9804088124903141,-4.992549875013411,1.4487275796274661
0.980451424953434,-4.992580400074505,1.4486025795343396
0.9804257705720657,-4.992550958813794,1.44869633
0.9804171470555236,-4.992539264711162,1.44879633
0.9804124181802418,-4.9924952545472285,1.44879633
0.9803890286035422,-4.992461100003406,1.44869633
0.9804245882333141,-4.992540052815449,1.44889633
0.9804406,-4.9925461,1.44879633
0.9803648998524788,-4.992500381229045,1.4488275791618113
0.9804104200813809,-4.992588839956131,1.44879633
0.98040516,-4.99256042,1.44867633
0.9804290059310267,-4.992585411819979,1.4487080938809025
0.9804141,-4.9925268,1.44869633
0.9804106293241518,-4.99257484697418,1.44859633
0.98038292,-4.99255548,1.44903633
0.9804594866740841,-4.992622786753556,1.44849633
0.9804304647293943,-4.992624270600115,1.44899633
0.980449466677263,-4.992526613414925,1.4486029977262973
0.9804082352916427,-4.9925691823415566,1.44879633
0.9804295400031788,-4.992537686702694,1.4487229961368513
0.980447800027021,-4.992589499995232,1.4486296628035096
0.9803978000206628,-4.992525366566001,1.4487296638631486
0.980375888857983,-4.992538377755702,1.44889633
0.9803881,-4.9926148,1.44879633
0.9804169881744107,-4.99253154113712,1.4487257425071876
0.98043934,-4.99255052,1.44879633
0.9803916874994412,-4.99245877496759,1.44869633
0.98045941997139,-4.992550633322737,1.44859633
0.9804110467154097,-4.992565713305253,1.4489229961368513
0.9804395293830555,-4.992571546999424,1.44859633
0.980394206691568,-4.992514713462608,1.4489496638631487
0.9804057142506812,-4.992531271422003,1.44859633
0.9803949,-4.9926012,1.44879633
0.9804390999745685,-4.992534219979655,1.4488163303178943
0.98042684120023,-4.992492123558616,1.44879633
0.9804293799656677,-4.9925430800896455,1.4487763290463247
0.9804044539082273,-4.992567246128452,1.44879633
0.9804285005721778,-4.992575149493384,1.44879633
0.9804057733322737,-4.992517840081061,1.44879633
0.9803960706201615,-4.992511088253114,1.44869633
0.9804232000190737,-4.992538586661157,1.448742996878596
0.9804589857512644,-4.992610328497471,1.4487677575983038
0.9803859932511046,-4.992485513332485,1.4488829975143847
0.9804299,-4.9925158,1.44859633
0.9804068692752081,-4.99248961538532,1.4488809446792354
0.9804535940745831,-4.9925523647504315,1.4488433883285414
0.980408580012398,-4.992499640070572,1.4489563309536828
0.98041382,-4.99257544,1.4488163299999999
0.9800655967814995,-4.992367797043747,1.450296341920372
0.9797005001771087,-4.9921721001089905,1.4510820437991518
0.9802194645195221,-4.9924929645069005,1.4493375072130594
0.9800557001462314,-4.992454280114123,1.4499763296821058
0.9800358997297942,-4.992772540073115,1.45059633
0.9801947465405706,-4.993051559837877,1.4499696638631487
0.9799017532663635,-4.9934392799726615,1.44719633
0.979614705874928,-4.992349182392045,1.4488492716714585
0.98010288,-4.99284792,1.44703633
0.9803675,-4.9932848,1.44609633
0.9802116,-4.99229005,1.44909633
0.980489661405568,-4.992671161378058,1.44769633
0.9805067401891441,-4.992643313518239,1.4484896622737027
0.9802945222866831,-4.99238623337042,1.44949633
0.9804209,-4.9925811,1.44879633
0.9804138999508263,-4.992585724971315,1.4483900789755473
0.9803865000699357,-4.992522866705873,1.44859633
0.9804685333375719,-4.992583960008901,1.4489496631214038
0.9804220055406175,-4.992462488807503,1.44909633
0.980363,-4.9924505,1.44859633
0.980430523522152,-4.992540294136291,1.4482139772238196
0.9803585800028611,-4.992572433340751,1.44889633
0.9804044401144402,-4.992501273500755,1.4489496622737026
0.9804556059014923,-4.992535305893078,1.4486669179053069
0.980393999949932,-4.992507400014305,1.44869633
0.9804035469580948,-4.992575282165096,1.4485022132604062
0.9803883933782624,-4.992555433261278,1.44899633
0.9804261333354526,-4.99255986665819,1.4487629961368513
0.9804028999614859,-4.992551376866787,1.44869633
0.9803974124975786,-4.992540268759779,1.44839633
0.9804025199876021,-4.992571140051499,1.4489763296821057
0.9804533646915278,-4.992514458808184,1.4486139772238196
0.9804138999618527,-4.992563020092507,1.44859633
0.9803959,-4.99247384,1.44847633
0.9804214494337824,-4.9925905505781385,1.448546324039814
0.9804449600301994,-4.9925655466327585,1.4490096638631487
0.9804655118731067,-4.9926941529114774,1.44859633
0.9804090714918257,-4.992503700071526,1.44869633
0.9804510882333142,-4.992667353056674,1.4485551522094442
0.9803728,-4.9925281,1.44869633
0.9804256852997275,-4.992641828807902,1.4487534757765668
0.9804173124692664,-4.992500637476344,1.448733830186264
0.98045393997139,-4.992508953570691,1.4485429977262974
0.9803778333391614,-4.992503546678005,1.449069663439298
0.9804684411160821,-4.992609482400461,1.44859633
0.980415,-4.9925357,1.44889633
0.9804394500067055,-4.99250332502347,1.4488650808381887
0.9804308499649823,-4.992480600011921,1.44869633
0.98098382,-4.9894962199999995,1.44899633
0.9817978744158693,-4.971623385252885,1.4411096624856152
0.9849385,-4.9585422,1.44549633
0.9868044777009537,-4.936054766008175,1.4456534757765669
0.9883636468633858,-4.920144959979243,1.4501727994332636
0.9914227470036273,-4.902190861938659,1.4477963282970319
0.9950248345904099,-4.883991693369143,1.4425669202977434
0.9959497689119825,-4.873462313638786,1.4374081119477167
0.9949842696594006,-4.875186463538829,1.4514534757765667
0.9947227702092449,-4.872562870251318,1.4449904481420397
0.9958453798629876,-4.877039159983469,1.44339633
0.9964344,-4.8764251,1.44009633
0.995651806596306,-4.874611848132371,1.44359633
0.9952704858821526,-4.873930530151567,1.4475534740735696
0.9955799411988275,-4.874499294249891,1.4452551536119096
0.9961067067353112,-4.875818357425979,1.4419213266472455
0.9960530869824366,-4.875852834451243,1.4427029977262973
0.9956555661050625,-4.8747368785822145,1.445709665452595
0.99550028,-4.87426342,1.44593633
0.9958348267221921,-4.875168166897669,1.4435029962428076
0.9959886528834287,-4.875744017620329,1.442925742094693
0.9958736064055694,-4.875277919089551,1.4441696650287694
0.995591035260294,-4.874500805914114,1.4455080951183665
0.9957505665718281,-4.874839699636011,1.4443629971964904
0.99588564,-4.87541968,1.44345633
0.9959455999368891,-4.8754828704696855,1.4435728008357294
0.9956940466883891,-4.874842533553207,1.4449696622737025
0.9956946,-4.8747689,1.44479633
0.9957829667726298,-4.875146980473654,1.4441896622737027
0.9959443400022253,-4.87541408667864,1.44359633
0.9958047998841962,-4.875089942615804,1.44439633
0.9957276769687856,-4.874901323108242,1.4448655611924586
0.9957399570980926,-4.87501327875,1.44429633
0.9958818,-4.875301,1.44379633
0.9958110999316527,-4.875183799920527,1.44429633
0.9957792000000001,-4.8750093,1.44449633
0.9957136,-4.8749535,1.44469633
0.9958355933529365,-4.875219373228959,1.4441096638631488
0.9958025058188295,-4.875161529340981,1.4442433897310072
0.995821150130277,-4.875114050108139,1.44429633
0.9957386125050292,-4.875016424993667,1.44469633
0.9958390410655933,-4.875186529298907,1.44429633
0.9958034,-4.8751851,1.44439633
0.995821470581883,-4.875178423536177,1.44419633
0.9957921857901907,-4.875083728593324,1.44439633
0.995801433397441,-4.875100133283001,1.4444296638631486
0.9958346293746406,-4.875155482234969,1.44429633
0.9958458492311361,-4.8752072001192035,1.44419633
0.9957872875678012,-4.87511368756184,1.4446338292549323
0.995819185647139,-4.875163171324932,1.4442606164441416
0.9957953428500878,-4.875103471408866,1.44449633
0.9958376941755607,-4.875189988245936,1.4443198591642707
0.9957888,-4.8751273,1.44449633
0.9958333374033289,-4.875139687588848,1.4442838294412077
0.9957601764694333,-4.875037347051316,1.44459633
0.9958458637037518,-4.875146454515899,1.444269056878644
0.9957730332226019,-4.875131566764683,1.4445629961368514
0.9958101823752157,-4.875190652951489,1.4441904480595487
0.9957691,-4.8750889,1.44449633
0.9958452116741231,-4.875137758711415,1.44429633
0.9957779,-4.87511088,1.44479633
0.995832,-4.87522954,1.44425633
0.995755194122267,-4.875040405880538,1.4445786827761804
0.9958915496364286,-4.875156649576827,1.444146324039814
0.9957569470919877,-4.87507879401568,1.4446492716714585
0.9958254076917434,-4.875220276926603,1.444119407064153
0.9957097998601265,-4.875061880071208,1.4444829975143847
0.9958798,-4.8751973500000005,1.4439463300000002
0.9957778,-4.8751121,1.44449633
0.9957791057991949,-4.875150135342132,1.44439633
0.995777399885558,-4.875111800023842,1.4443563309536829
0.9958100363786115,-4.875153363569369,1.444323603121356
0.9963662125163905,-4.872808888842532,1.4485464313231613
0.9969211997138998,-4.856464557119923,1.4507096400214574
1.0013652644043551,-4.838734315986649,1.4453630009051897
1.0030513647840904,-4.819472168422086,1.445972805043126
1.0026234072530653,-4.799501845463215,1.4067820691008175
1.0057829064176824,-4.786116090055117,1.331961014515378
1.00857296,-4.7726560000000005,1.27255633
1.0137790219013256,-4.758741595938901,1.2031963061579298
1.0230068,-4.74375895,1.1230463300000002
1.029002367678614,-4.73035509345943,1.057656310926647
1.0361607960740682,-4.710973538695065,0.9922965525224509
1.0455809,-4.7003098,0.91239633
1.0577855480049727,-4.686281368420157,0.8188677303508114
1.0676530354006168,-4.677725502422924,0.768790090896452
1.07914426,-4.66614366,0.69819633
1.092524791922751,-4.655846106342058,0.6272963803337924
1.1082121137169196,-4.646262524008583,0.5951630390518954
1.12178044,-4.63479392,0.5998763300000001
1.1366303876658983,-4.624660596858195,0.5942074428771623
1.1512523361633644,-4.614417528152493,0.5895363342915385
1.1668968848730479,-4.6037129453450945,0.591346324039814
1.1817550246609538,-4.594094666238448,0.5918080938809026
1.197171247418256,-4.583840662346731,0.5918177520027248
1.2126538,-4.57349122,0.5957563300000001
1.2271387979804498,-4.5638362424231795,0.5961492688665274
1.2419477,-4.5537697,0.59529633
1.2572232834747488,-4.543115679885839,0.5949786799712494
1.2730866991093477,-4.532582492030109,0.5911820472050885
1.2885842573195154,-4.522054968595225,0.5948896637571923
1.302371879208452,-4.512946997049577,0.5926963270197738
1.3173071973614776,-4.502912399208443,0.5911363274568459
1.3321342700204144,-4.4935745538020235,0.6032963344703394
1.347838376165641,-4.482668511779344,0.5985275806519245
1.3624439193642217,-4.4723484033314795,0.5995429977262974
1.3762804664198363,-4.462957502451475,0.6017786816212274
1.3918247377785549,-4.452606353174175,0.6057630051438472
1.407421119974966,-4.442801186740974,0.606615080093132
1.4225818827129098,-4.432750651543377,0.6055363338147313
1.4373596726345068,-4.421866395301597,0.6010296622737026
1.4516484833359045,-4.412672599377306,0.6030551536119098
1.4670613464006994,-4.402635435759358,0.6046696638631487
1.4834655,-4.3914399,0.60319633
1.497474796318528,-4.381480374946356,0.6016433883285416
1.51324664369891,-4.370628803729565,0.6038391944414169
1.5277937657776364,-4.360802397239132,0.6044563268211078
1.542373569887944,-4.351069459405547,0.6043963617889215
1.558443,-4.3400467,0.60329633
1.5731131272130596,-4.330773846486873,0.6064139755738809
1.5886222630002862,-4.320750125005563,0.6068229981501733
1.6038269742128268,-4.309966575594055,0.6038496654525948
1.61814820509095,-4.300968814371065,0.60859633
1.6338027,-4.2900833,0.60459633
1.6489523863329734,-4.279761567430542,0.6054198577618053
1.6647118733529365,-4.269204383803545,0.6050096575053644
1.679594774427793,-4.258426940550068,0.6036106147411444
1.6928893807924421,-4.2480246334232366,0.5957088409895841
1.7086475,-4.2371437,0.59529633
1.724101689552817,-4.226659200882147,0.5962338316763772
1.7395403736873105,-4.216730268928812,0.5979786844261191
1.754300993230549,-4.205840670728762,0.5943629945474053
1.7701152831566593,-4.195439313311081,0.5929732474338847
1.7843656287870076,-4.185968920203918,0.5948669202977435
1.8006871596535008,-4.175095115864261,0.59629633
1.814832152358104,-4.1657170860316795,0.5946088305587924
1.8305776596645096,-4.154897520018733,0.5955820588828338
1.846140208447906,-4.144384827241119,0.5957629953421283
1.8615020729953111,-4.134149148543273,0.5973163268211079
1.876151,-4.1236916,0.59409633
1.8903960466883891,-4.114288797801796,0.5958496622737026
1.9056308226658614,-4.104021491629844,0.5962896637571924
1.9208458263323531,-4.093553471513947,0.5948296638631487
1.936598381473122,-4.083072357036589,0.5956896637571923
1.95198301119891,-4.0730096303099455,0.59429633
1.9669914595270381,-4.063384947592723,0.5907650808381886
1.9819728130779624,-4.053225489322101,0.5934896654525947
1.9975316989286964,-4.042970809250724,0.5910829975143846
2.0127641,-4.0326968,0.59269633
2.0278612529478885,-4.022288362498297,0.5933606164441417
2.04287857727861,-4.012160952792915,0.592882041852861
2.0571866192920454,-4.0025319849826095,0.5931786816212274
2.0728132614092254,-3.992319072397241,0.5943496631214038
2.087949756610603,-3.981838057765833,0.593023606865057
2.104064723608418,-3.970971537533776,0.5921163303178942
2.1191268901874967,-3.9613441610105413,0.5934249006987279
2.1335727778172027,-3.9515941557550174,0.591961035552361
2.14913692,-3.94135224,0.59253633
2.1647076505388307,-3.930915086206568,0.59089633
2.1787285777826977,-3.9210895253950953,0.5922677605177111
2.195602793282894,-3.9099897709969165,0.5914963284105287
2.20966842452211,-3.9003524874998248,0.5922198591642708
2.2249116929698802,-3.889877015698959,0.5919429945474052
2.2397875572635564,-3.8804332055581217,0.5977463307450566
2.2550412659047923,-3.872782943898911,0.6068029961368513
2.269904116601764,-3.861961546753556,0.6036963339736152
2.284956240553693,-3.8518471158142016,0.6025904466570832
2.300268792027212,-3.8416886057507074,0.6064563261852688
2.316602779960264,-3.830077290593658,0.6043296606842565
2.3308910161704275,-3.8200503087317506,0.6056551522094442
2.3459724334069776,-3.8100281826209965,0.605836331589446
2.3608713633669502,-3.7997854887013327,0.6069463240395299
2.375021600405311,-3.789778857351473,0.6050650748777362
2.3894055,-3.7801176,0.60799633
2.4052922206597196,-3.7694888531702735,0.6096375077905558
2.41968146,-3.75940912,0.60825633
2.435521781614441,-3.7485731159196187,0.6063391910354223
2.4496854085235737,-3.73959419317518,0.6068463270197294
2.4648418137630133,-3.7299773290948104,0.6083629993157434
2.479824679236498,-3.71930535514214,0.6060492716714584
2.495174759827701,-3.7090828712862,0.6070963315894713
2.5103352511348467,-3.6988225914934194,0.60599633
2.5248186926433114,-3.688935832029981,0.60719633
2.539268513758245,-3.6791198970801875,0.6082429945474053
2.554644202098088,-3.6688376042901423,0.6078080938809026
2.5702816209065538,-3.6582796648359817,0.6096080966858337
2.58557375,-3.64720795,0.60784633
2.6008565080406103,-3.6365135272748947,0.6038963240395773
2.614824968454343,-3.6277281599974756,0.6066198577618053
2.630390372976517,-3.6168134568720944,0.6073463359601861
2.6451653639496935,-3.6068449906659317,0.60539633
2.660783025,-3.596741,0.6076213300000001
2.676003511506183,-3.5863616317210796,0.6091163223705376
2.6918131,-3.5758185,0.60949633
2.7056798,-3.5663467,0.60909633
2.721272179122898,-3.5554793668877887,0.6098551550143753
2.736049106778988,-3.5455526292632915,0.6103629977262974
2.7518526586009586,-3.53498476711251,0.6097763314305128
2.7665916,-3.52487245,0.60844633
2.782699165081744,-3.5138165614645778,0.60719633
2.797073434242799,-3.5041672213101074,0.6096525802793962
2.811928330883428,-3.4942184130590968,0.6077163319073656
2.827193026208376,-3.4839456374823174,0.6062296606842565
2.8419174,-3.4740236,0.60779633
2.8582993262512915,-3.462803835821346,0.6080229977262973
2.8730482267953077,-3.45241100453953,0.6061629956070191
2.8873010716491594,-3.442893858175673,0.6065551536119098
2.9028742123945004,-3.432673781724549,0.6080829881896209
2.9182182057411707,-3.422278596013606,0.60719633
2.9335107469713106,-3.4118919044345546,0.60759633
2.948928784060781,-3.401088897490225,0.6053563309536828
2.9634131828576638,-3.3915278080838114,0.6060375091930214
2.979140006596306,-3.381248762285024,0.6068629971964904
2.994223221833756,-3.37089801732089,0.6048249058076327
3.0104228,-3.3604806,0.60659633
3.02572808,-3.3494667000000002,0.60565633
3.0396533412198647,-3.3400490686254436,0.6057492702689928
3.054102326957006,-3.3302300354128587,0.60779633
3.069856238538016,-3.3193957666404406,0.6070763314305128
3.084215,-3.3099827,0.60969633
3.1001383665962012,-3.299172790522133,0.6078296606842566
3.114142633584842,-3.2893834089841945,0.6070904466570831
3.1292886732257807,-3.279507884757212,0.60949633
3.1449582682322887,-3.268880938043256,0.6068177588147139
3.1604561334339984,-3.2583668429547803,0.6073029977262975
3.1755369,-3.2487884,0.60869633
3.1908889889528447,-3.237896469191601,0.6067249024016962
3.205403430980941,-3.227859795283792,0.6072275776716982
3.2201859125884127,-3.217651522347612,0.6057829945474053
3.2353447654923353,-3.207380894944112,0.606625738299791
3.25047238,-3.19703224,0.60661633
3.266179311934605,-3.186659563201635,0.6457821201907357
3.277904506890283,-3.1772620817088617,0.7108462964724552
3.289579434714054,-3.1639587392313318,0.7659430382048511
3.2985829533357642,-3.147623756955528,0.7747375105954869
3.311296820652248,-3.1342228903695504,0.7817248977792915
3.323909307404632,-3.120932021842643,0.7796249028882833
3.336074165485807,-3.1091379402095254,0.7782727997632671
3.34834157687955,-3.0954565430937473,0.7775763296821057
3.361439,-3.082666,0.77989633
3.374098395891758,-3.0690814036135246,0.7810963270197738
3.386930308203131,-3.055811663778113,0.7810630167996503
3.3998723163692097,-3.0424076684230243,0.7835677554087194
3.4113935908881814,-3.0306654739548127,0.7854022133429168
3.4242767567126817,-3.017439143230098,0.8194063865052572
3.43378423081357,-3.0053121336058792,0.9044786939959047
3.44373332579712,-2.9929781876895447,0.9732363226884319
3.4537659284653897,-2.981110966448383,1.0526763999356274
3.4598583093402895,-2.9684285806855155,1.1135139559396388
3.4688067426916107,-2.951531569143593,1.1833829514197158
3.4734913376725007,-2.9386517814400315,1.2634669417468867
3.4782535947102398,-2.9240154366182405,1.3413162524337985
3.482315211712628,-2.9076641997027735,1.4158429627584836
3.483689834716632,-2.8912090861296162,1.446866885236105
3.4865318,-2.8708223,1.44379633
3.48878860080221,-2.853871594951124,1.442161035552361
3.4909878921849455,-2.83553146033549,1.4415177622207085
3.4933027566178474,-2.8171985033787466,1.4431391876294277
3.495218410508674,-2.8004198679957364,1.4422727994332636
3.497800639241864,-2.7811765880557875,1.44499633
3.500129234879318,-2.763168733098187,1.4458669174928125
3.502197664627014,-2.745199601214535,1.4440904480595487
3.504237687664309,-2.7264052985981087,1.4429696638631486
3.50662094934094,-2.7088928252605586,1.4427106147411444
3.5093,-2.6917262,1.44319633
3.512081072238735,-2.67132760071684,1.4456429929579593
3.5140666948739883,-2.6549513243397893,1.4448375077905558
3.516282786297684,-2.6364089676958447,1.4445677588147139
3.518598754982944,-2.6182519929960018,1.4444732547698347
3.520555947762595,-2.6011697720112057,1.4444025810244527
3.5228608,-2.5817558,1.44619633
3.524940057049493,-2.5647830935304263,1.44399633
3.5272223297581746,-2.5457943316042235,1.4435748977792915
3.529224848053167,-2.5274102112443932,1.4431463277648302
3.5313238483598166,-2.5109498874198843,1.44399633
3.5336849980449814,-2.4925015351506,1.4444630152102043
3.5357058272139352,-2.474170031115052,1.442971328882415
3.5382010269073567,-2.4549540695759537,1.4444534757765668
3.540348301482977,-2.4371288054010236,1.4468163271389516
3.5422462056617534,-2.420930925998906,1.44639633
3.5447026675196693,-2.4012821448478103,1.446802992957959
3.5468499,-2.38325,1.44439633
3.548914484441729,-2.36624673834061,1.4418275836321508
3.5512716,-2.3474443,1.44249633
3.5534039,-2.3293128,1.44099633
3.555667112703055,-2.3112570531741743,1.4393696650287693
3.558048601982255,-2.292719956400606,1.44049633
3.5602929515221504,-2.2758572875664966,1.4398463307450566
3.5624698280251135,-2.2573638122053565,1.4392429977262973
3.5644774,-2.2381306,1.43719633
3.5667815,-2.2205251,1.43589633
3.5688071576634877,-2.2018706466672344,1.43589633
3.5710432928712676,-2.1848787907226908,1.43389633
3.57334662,-2.16622308,1.43279633
3.5755494386559428,-2.147519557879009,1.4328829959249134
3.5774624,-2.13019295,1.43159633
3.580115869380109,-2.1111518723841964,1.4318391910354225
3.582238346085018,-2.0935181409155295,1.426825741104722
3.5846154400900025,-2.0749185945893993,1.4282900715249818
3.5871232,-2.05675395,1.43019633
3.589386428757556,-2.038304289254309,1.4295257397022567
3.5921370548851623,-2.0207273382166413,1.4312229977262974
3.59426563283212,-2.001618196776552,1.4309496631214038
3.5963218706576163,-1.9846259281432759,1.428961035552361
3.5987745423705726,-1.9669887245759536,1.4335034706675749
3.6017764756335637,-1.9500207209822868,1.447937500778228
3.6044628455026624,-1.9334154950520543,1.4576029961368515
3.606255427017834,-1.9132825364275041,1.4498896605782496
3.608126534791877,-1.8948240581734546,1.4319728025681588
3.6102562,-1.8761434,1.43089633
3.6133353409079434,-1.8592963364032873,1.4457669165028608
3.615777313151286,-1.8415999216660839,1.4521829975143847
3.6176079999999997,-1.82244784,1.4393963300000001
3.619768525904126,-1.8052735446184567,1.439096331490113
3.6226074440652165,-1.788120978648718,1.4531424749583683
3.6245735657545968,-1.769297391537523,1.446513973016423
3.62698696,-1.7504772,1.4419763300000001
3.6295735316266318,-1.7333054810574,1.4501463270197295
3.6316767297694796,-1.7153771474288098,1.447421332607698
3.634144789289067,-1.6971282127196055,1.444308836519245
3.635931221841638,-1.6796518064094412,1.449618553105248
3.6387319316251543,-1.6623672939442387,1.45746104165713
3.6412998398877834,-1.645434928256032,1.4678163303178944
3.643520851446155,-1.6256412881103877,1.460846323294491
3.64521588219009,-1.607938720042635,1.4550845661190974
3.6475145,-1.589626,1.45429633
3.650436523959721,-1.5723230856836319,1.4640904494620144
3.6528789481684574,-1.5540875132746377,1.4681463342574208
3.6546800072369146,-1.535435352928878,1.4595424859622932
3.656684386233075,-1.5174882951337039,1.4581331735582437
3.65836029362622,-1.499584273719681,1.45519633
3.661362762001599,-1.4820475829530313,1.463090441047221
3.663436728882834,-1.4628814347513623,1.4579248994822889
3.6657294047557607,-1.4447970187257198,1.45809633
3.6677845480576377,-1.4265384104799654,1.4542963240395477
3.6703082206933275,-1.4080804150634199,1.45999633
3.6729570000000002,-1.3902707,1.4622763300000001
3.674673,-1.3736134,1.45809633
3.676831942403441,-1.3533633369079314,1.455704663664468
3.6787245352449376,-1.335781953857647,1.4535296675719236
3.6811919,-1.3190415500000001,1.4566463299999999
3.683700798542234,-1.299950199407357,1.4568820452588556
3.68612596460738,-1.2832315482293872,1.4572316244476389
3.68825136634575,-1.264820605251984,1.4567963311353187
3.6905107751825397,-1.246373240510416,1.4569796634989023
3.692546,-1.2292113,1.45779633
3.6950072499999997,-1.21128765,1.45944633
3.6974887652497093,-1.1933087068075678,1.4606728022381947
3.699641,-1.1740855,1.45889633
3.7020820776190098,-1.15674408935389,1.4583363236422158
3.704228265416602,-1.1400221346871802,1.4597198577618054
3.706821512378606,-1.1203360140252723,1.4626229945474052
3.7088436279861994,-1.103328621976635,1.459672807848057
3.7116663281839477,-1.085489667596034,1.4634257481170498
3.713325500752348,-1.0665392843503716,1.4584852183001973
3.7159121958277455,-1.0482204308001788,1.4604713262747728
3.717499,-1.0280597,1.44829633
3.7200988,-1.00993292,1.4510563300000001
3.7222174371453547,-0.9935702237860606,1.4531963061583089
3.72443364,-0.97515852,1.45219633
3.726785922897924,-0.9564056185650253,1.4523763249136916
3.7291088642665806,-0.938158717822532,1.4509728022381947
3.7313861655019624,-0.9205310907838462,1.4539963211968603
3.73351853069782,-0.9027487415458434,1.4508088365192449
3.736211661948056,-0.8845474072384525,1.4485829975143847
3.7384797224759128,-0.8652750360012903,1.4499022119404514
3.741320861055392,-0.8485606656870381,1.4526629993157434
3.7431165064929908,-0.8290531948215024,1.4511496631214038
3.7454072760654467,-0.8132348153692556,1.45239633
3.74713702,-0.79541928,1.45457633
3.7495332,-0.7784859,1.46339633
3.7517305456019328,-0.759669419639508,1.4583163287284229
3.7541377711959947,-0.741116866075169,1.458632044650636
3.7562549991059186,-0.722442515578868,1.455637996169955
3.7585831121327296,-0.7058971609427374,1.4587845633141663
3.761197107664431,-0.6877849934450202,1.4574829975143846
3.763249407055804,-0.6689371729716842,1.4536727994332637
3.765766900705041,-0.6506414603763624,1.45579633
3.767819825630109,-0.6324088048790872,1.4556963214850136
3.7698513305218575,-0.6160260196499446,1.455325741104722
3.772448475092616,-0.5975562419304552,1.4559655593584713
3.7749300237408354,-0.5786572489688263,1.4561275781373308
3.7771417991212535,-0.5614885149591281,1.454724906294278
3.7793972656981643,-0.5420053078709369,1.4538629977262976
3.7814195464889275,-0.525810116647266,1.4535022133429167
3.7839518,-0.5065498,1.45469633
3.7867469538467273,-0.48895258485449045,1.4542463411758484
3.7889716575807633,-0.4704795584867424,1.4534606153493639
3.7908864051784152,-0.4517434812651991,1.4535229961368512
3.793562833603014,-0.432873765060241,1.4538629971964905
3.7959416,-0.4165752,1.45459633
3.797967185013624,-0.39600745747615806,1.4546677605177112
3.800127657223399,-0.37946631611713394,1.4551257439096532
3.802559253975268,-0.36150067667609753,1.45569633
3.806043430979894,-0.3413665420885321,1.4868296241269967
3.8079501494300314,-0.33115025056847813,1.5633525981607534
3.8089378019550186,-0.31327357083366447,1.6339563252316618
3.807252195386572,-0.2981887189623429,1.700407411235016
3.8054590184627517,-0.28196004366540733,1.7747270419539303
3.8010959984168866,-0.26438959199383283,1.8084296500877388
3.7973145351890207,-0.24707055309421985,1.8027400707799253
3.7933662,-0.2281809,1.80879633
3.7896586652342816,-0.21156663861969344,1.80629633
3.7854281771275073,-0.19421781121213083,1.8065363274568458
3.78092224,-0.17602985999999998,1.8066363300000001
3.7766483085055658,-0.15888318588862893,1.8118338346566034
3.7730988500000002,-0.1415229,1.80414633
3.7690560003576237,-0.12400763070234488,1.8081492709289801
3.7646171690307404,-0.10476534252153734,1.8098963331789426
3.760154197438275,-0.0874526219375861,1.8109629984327646
3.7560913564946583,-0.07004888263273182,1.808477579906868
3.7523099,-0.0529076,1.81139633
3.747819861681025,-0.03300111956957116,1.8134629987859618
3.7436422467904573,-0.01593237521703154,1.810608095283368
3.7405589,0.0010279500000000001,1.81014633
3.7363452,0.0189898,1.80659633
3.7316693354801793,0.0374333739930699,1.8059963363578853
3.7279430420074706,0.05470964967813717,1.806762991368513
3.7234271429718815,0.07181835430717191,1.80499633
3.7190736439386716,0.08961776006125519,1.805680942845248
3.7148611588326923,0.10797965333947929,1.8054829975143847
3.7103808,0.1255263,1.80659633
3.7062388632135557,0.14417696060626703,1.8057106147411444
3.702111194600741,0.16192666878920148,1.8057809355092984
3.697771297870108,0.17892454146294942,1.8066963315894715
3.6935695880567123,0.1971422218917888,1.805549655174047
3.68943785,0.2143476,1.8059963300000001
3.6852915514178424,0.23168856993845832,1.8066463322351696
3.6806753999999997,0.25106386,1.80681633
3.6767587930143844,0.2675171758642613,1.8045352197719147
3.6727801,0.28631514,1.80883633
3.6682953,0.3042458,1.80749633
3.6640923050178813,0.3217682412302313,1.807676333178892
3.659910568118384,0.3397163591140287,1.80589633
3.656128791092941,0.35648285685174536,1.805519852151943
3.65205339834695,0.3741601929618209,1.8067829975143848
3.6476817983996184,0.3928662201627204,1.8048588283236229
3.6434442488889593,0.41051598722382937,1.8058363338147312
3.6392883230914728,0.42842510931892236,1.8066429945474054
3.63472457163413,0.44496862002271964,1.8043904481420396
3.630895130498776,0.4626682745271323,1.8048296564456243
3.6257200979564033,0.48062381410422345,1.8032177571117167
3.6211061069777792,0.49914260507836095,1.7995296628035096
3.6163218219423032,0.5171172859810856,1.7960096654525948
3.611995369208869,0.5330043401259414,1.7912845745338906
3.608161122579671,0.5512191522737026,1.794236331589446
3.6034053509684023,0.5697526284167567,1.79209633
3.5993468009536764,0.5870258371260676,1.7922610299424988
3.5948905444479764,0.6044506281463585,1.794003002600693
3.59095756,0.62286116,1.79769633
3.5869342996620106,0.6389993011948839,1.7967492709289803
3.5824256939339234,0.6589085429189373,1.7983534689645777
3.5773965551020983,0.6757567018035454,1.7952492695265343
3.5742757023794387,0.6937938588136187,1.8014629971964904
3.5692541580704122,0.711850354812048,1.7978029977262973
3.5642968630362546,0.7291850986797598,1.7960213311175848
3.5606368989100816,0.746376986178474,1.8028392046594006
3.555415505482238,0.7643847438032061,1.7956728022381947
3.551558823059684,0.7817466028387507,1.7982229977262973
3.5470358410606906,0.800037246085989,1.7973741068947522
3.5429841038400216,0.8166398814838546,1.797371324412076
3.5383098,0.8360612,1.79929633
3.5346406268375805,0.8521474469545461,1.79919633
3.5305302836021184,0.8706988642836464,1.80239633
3.526143386009584,0.8888604612402546,1.8019563400135898
3.5217977839407357,0.9066698178491145,1.8015606164441416
3.5176106763738226,0.923478909357492,1.8000963538407437
3.5135573,0.94172245,1.79929633
3.5095718762759094,0.9595979197484689,1.8008963314901132
3.504984258505475,0.9770503804294886,1.7998749032531802
3.5010969959643323,0.9952106161871762,1.8009696618498268
3.4966609716713024,1.013133980969562,1.8006363315894462
3.4929591322138966,1.0318434147888285,1.80469633
3.489064044152051,1.0475210582559715,1.8038775769266417
3.4849538223994467,1.0652192534415754,1.8051163333378633
3.48124684,1.0840711600000001,1.80651633
3.4761528882412778,1.1024588850051655,1.8015029961368514
3.4722849952145776,1.1195047860047684,1.8037391910354224
3.468231990649401,1.1370264018701197,1.8051463270197294
3.4639838378606056,1.1549055548358897,1.804276326821108
3.459251677083367,1.172913223638242,1.801476333178892
3.4549733,1.1907079,1.80219633
3.450793002590797,1.2088143322482714,1.80509633
3.446677046090627,1.2252795345777876,1.8040316244476389
3.442196344968171,1.242368958379229,1.8025763242779487
3.438448397792224,1.260845007074737,1.8051963284105286
3.4337009638364453,1.2795709239163153,1.8046400767403776
3.4291387,1.2969455,1.80379633
3.42504272,1.31500346,1.80573633
3.4214083674964586,1.3318499580592682,1.8067316286550357
3.41718792,1.3497656,1.80875633
3.4127494,1.3678647,1.80799633
3.4089677,1.38499105,1.81029633
3.4050026636551483,1.403812909368344,1.8116229981501732
3.400250694384528,1.4202988458199515,1.8112375063880903
3.39622403721688,1.437688183581022,1.8104363331788922
3.3917639,1.4560278,1.81249633
3.387922,1.4736859,1.81119633
3.3826055352846742,1.4928466921337062,1.8089296659824523
3.379327652756546,1.5087471364304448,1.8114904480595486
3.3749718729328926,1.5269690814890167,1.8102229965607017
3.3705111248190596,1.5459407912654757,1.8110177618557246
3.3656458418348856,1.5635990274056648,1.8104696650287695
3.3608375646268773,1.5814006547119128,1.8069563363577843
3.35715045,1.5995228,1.80909633
3.352156398904767,1.6168555061333056,1.8096963329802263
3.3471564271215484,1.6374797743596239,1.8103775813969811
3.3434481219692453,1.6543569185361784,1.812346335960186
3.338386411716621,1.6732479678388965,1.8114106164441417
3.334090619906421,1.6907270953687286,1.810621331117585
3.32935566,1.71123924,1.81141633
3.325608098350701,1.7273536776096376,1.8109610383572923
3.3208721,1.7460858,1.80959633
3.31687841699087,1.7644756142911238,1.8112080938809025
3.312920276109036,1.7815952634173091,1.8115030009051896
3.30834985,1.7996212,1.81339633
3.303677548732417,1.8190382991814353,1.8131096654525949
3.2991339368566615,1.8376144472994882,1.8126296675719236
3.295237156255588,1.8537943510401145,1.812221334470406
3.290663738671838,1.8729607848443908,1.8136763296821057
3.285487516690742,1.892582087084695,1.8101728022381947
3.281299382714774,1.9111840109433362,1.8113430040840817
3.2775822292813355,1.9285385600919618,1.8106677571117167
3.273436310479965,1.9449545341086887,1.8079400871711693
3.2687696,1.9642257,1.80599633
3.268000913382326,1.9829912121677908,1.8433669076755537
3.2646559455183417,2.0019918147074547,1.855767656467108
3.260045908845217,2.019289858895455,1.851232044650636
3.2567858469340925,2.035833051504269,1.8573713318626415
3.25173665,2.05423925,1.85119633
3.2479660619207897,2.0726410048075845,1.8565433904734656
3.2430539687923194,2.0895982584941346,1.8497296628035096
3.239479738811308,2.1078259758429834,1.85119633
3.2351188752685927,2.1241049862149635,1.8476213296274717
3.2330622,2.1417248,1.87229633
3.2282742227732353,2.1589490318121256,1.8644080938809025
3.223458310311473,2.177254386910986,1.8596249024016962
3.219214691537982,2.194642765462348,1.8609347923849173
3.216355239173667,2.2125881063110953,1.8708786771663184
3.210594766372006,2.2296040389612295,1.8584809391772732
3.2062874,2.2489391,1.86159633
3.20207938629245,2.265967984970719,1.8598088305587923
3.198235011444012,2.2839287752602715,1.86529633
3.193276364284437,2.301878790320081,1.860071325529594
3.189128098604547,2.3183215708581684,1.8571904480595487
3.1849391,2.3376651,1.86039633
3.182013069870833,2.3533233227774426,1.872531630057501
3.177727943018358,2.3708512386950646,1.8685430040840818
3.1724300974314144,2.3892241264805922,1.8649763376294626
3.1686617844284255,2.405220362885152,1.8696198605667365
3.165077571076474,2.4230740488674973,1.870446344901353
3.1603071710264645,2.4414573105142843,1.8685610369548267
3.1549638321454685,2.459689674492164,1.8635630019649045
3.15137558,2.4774191599999997,1.86989633
3.1464708,2.4944115,1.86169633
3.14206284,2.51329912,1.8613763300000001
3.138943562803809,2.529125243148255,1.8673669273100713
3.1346866446696184,2.547437492918937,1.8657677639237058
3.130497601970913,2.564721610820949,1.8649296527370263
3.1259903,2.5843312,1.86929633
3.121331145885719,2.600988967778749,1.8662963379472304
3.1177646728610355,2.6189911678457083,1.8719391910354222
3.113114598395602,2.6350858850330976,1.8627492751363177
3.109527030896144,2.6542627080824617,1.8723629924280765
3.1037238590093126,2.6723783165811175,1.861466917905307
3.10135831263624,2.6884903641927793,1.871810618147139
3.095696868616387,2.7073818718683937,1.8639696638631487
3.0924031327587898,2.7257295606748664,1.8725492716714585
3.0876170937756506,2.7425506093833554,1.864532044650636
3.0842886126498636,2.759944028722752,1.8722891876294276
3.0787978,2.7783552,1.86519633
3.0759856645367845,2.7959355625204356,1.8729534825885559
3.0705725668120554,2.8131970634896146,1.866366921700209
3.067314891305592,2.8311446913755285,1.8725430000575387
3.061185469029643,2.847940179553366,1.8625563363577842
3.0593113854094645,2.864202199582787,1.8682963896018596
3.0531136770988967,2.8834090940458403,1.8589430000575389
3.050211654754768,2.900565878208447,1.8659106215531336
3.045784356722645,2.918138604795184,1.8619088305587923
3.0410332,2.9374565,1.86304633
3.036851724648332,2.9540577022271153,1.8587728008357294
3.0328322317189857,2.9716768080648492,1.8641629993157434
3.027962373606948,2.9899173641348775,1.8615391910354224
3.0245084523694654,3.005244797318486,1.8617786841786461
3.0198997,3.0247516,1.86339633
3.015580911362776,3.0417391907100684,1.8645551550143753
3.0112597867472752,3.0599057391502043,1.8652820452588557
3.0064966,3.07746955,1.86284633
3.003055214502896,3.095091162066112,1.864390441047221
2.9986874278065394,3.1120566072683924,1.863824906294278
2.994762692471565,3.1305796337180762,1.867302218952779
2.9894845142430264,3.1485951079519987,1.8903630867352776
2.9863760152586822,3.1655725794405147,1.9863963061583088
2.978671995429365,3.1784277490400124,2.040908074246385
2.973142997986172,3.1931907005276963,2.112229636842565
2.964695287667824,3.2083747378220506,2.1927464037605984
2.955064278756948,3.2228993204145495,2.26449631062853
2.9450990747814476,3.234724566392218,2.3293363719620435
2.9345762,3.2475155,2.40819633
2.9225364038034867,3.2603615397669103,2.4667199348974096
2.9103163,3.2697853,2.54339633
2.8976388080501523,3.2779449454006144,2.6178374881560385
2.8848655246880712,3.2886847733449893,2.672912989381705
2.8664141640403717,3.3002494582214097,2.6627163236422158
2.8488938,3.3095591,2.64759633
2.8301546,3.3193191,2.63899633
2.8152641185994978,3.329457346411792,2.6417080952833683
2.79943769910991,3.3391962106016053,2.641876326821108
2.7844404119639505,3.344909347599898,2.592389663757192
2.7713523018218025,3.353591045878855,2.5949610523819473
2.753655766392218,3.364048717182185,2.5879163350863084
2.7392639536429044,3.373718932110851,2.596366916090347
2.7244923215190737,3.382796218089237,2.5950677571117167
2.707661206392752,3.393116429045538,2.5920296606842568
2.691971878035115,3.40254525280564,2.590882043799152
2.6762331,3.4120325,2.58999633
2.6600332399999997,3.4225276599999996,2.62297633
2.647910615746883,3.4279335970632374,2.7007668796262427
2.6347952452356354,3.435526042740205,2.7775163490733528
2.6178752955023845,3.441724239936989,2.8368391433514986
2.59966205,3.4458953,2.89679633
2.581356356779095,3.449094347216836,2.974336276593763
2.567580860056379,3.450195064265178,3.0500316188377767
2.5526790999999998,3.4535256,3.10149633
2.5343932,3.4533928333333335,3.08349633
2.5160113,3.455405,3.09869633
2.4965194580704124,3.455922421115791,3.0991430040840817
2.480266296561203,3.4560009059688097,3.092702214662852
2.4616862452197408,3.4568995805531273,3.088416333178892
2.441566569882258,3.4580810391336243,3.0929655611924587
2.4245772762674784,3.458832641447064,3.09229633
2.4057288144289917,3.4598685861543355,3.090976328410554
2.3895150894649,3.460911875508501,3.0920025780442266
2.368599675,3.462280075,3.09267133
2.350588425637765,3.4629428735659222,3.0925096622737027
2.333319394604715,3.4645452052438186,3.094919857761805
2.3146467658768293,3.464754923696952,3.0913501740377067
2.2947844417865375,3.466680779750457,3.096342996136851
2.27835306062578,3.467130936186416,3.0952786855811114
2.261140207462449,3.4684718188921564,3.093336331589446
2.242072064478684,3.469853381968141,3.0927900789755474
2.2232058,3.47082998,3.11899633
2.2071382440633824,3.470336258056707,3.1975963638593354
2.192673116657083,3.4691782234646507,3.263325745296636
2.178471402342881,3.4660342741965224,3.3444363882152857
2.1646459,3.4606329,3.4003963271795863
2.1498527875607976,3.458177070750548,3.447956313828027
2.1284532891519765,3.455209229227078,3.445221340218076
2.113581424978963,3.4495674229089532,3.456437517014659
2.0967077580172933,3.4437334530295325,3.4485629959655477
2.0774423332114758,3.439589603353731,3.4688163144640174
2.0670812445788878,3.436478019619121,3.4641713286697216
2.068633718396249,3.4394668077374235,3.4945763335373705
2.0713795131099597,3.435051926404298,3.4581963240006437
2.0709412570326635,3.436503670120472,3.452337502165211
2.0710214778167577,3.436842257316076,3.464389184809014
2.070411565072998,3.4356885574449882,3.4502316047976387
2.0713078527102646,3.437126435678723,3.4631551521939614
2.06999438,3.43825322,3.475476327179586
2.0701387529451365,3.437911982612476,3.4712727997477453
2.0704577291604225,3.4378078002247956,3.470996327179586
2.070252970587905,3.437917358841019,3.4706963271795863
2.070444646415742,3.437937213701243,3.472042997237125
2.0700907798750685,3.438004679941826,3.4725163281332616
2.07024490013411,3.437936024889359,3.4718463249444165
2.07033135,3.43788185,3.470796327179586
2.0703442881744105,3.437887135274813,3.471719856343857
2.0702438499999998,3.4378946,3.4715963271795864
2.0701999999809266,3.437960599996821,3.47204966030099
2.070360856283062,3.4378250437348195,3.4712775770864543
2.0703909,3.4378059,3.470996327179586
2.070351914444823,3.4378554285354226,3.4714963271795862
2.0702581,3.4378902499999997,3.471446327179586
2.0702699998893053,3.437871499667916,3.471696327179586
2.070312314264305,3.437820685774864,3.471439184809014
2.0703293058538907,3.4378460823471664,3.4716022091200376
2.0703343,3.4378388,3.471696327179586
2.070260994242879,3.4378733235530063,3.471396327179586
2.0702865466899785,3.4378557600015895,3.4714429933164372
2.0703162212891693,3.4378491285013624,3.4715320407354446
2.06789001030377,3.437095989602266,3.4704080922979528
2.0522012341161044,3.4325855198712603,3.4694466073083263
2.034091380461637,3.426736001816448,3.4661963286696995
2.0162945675374657,3.422670039514646,3.4766249000678693
2.00035056,3.41632642,3.4685963271795863
1.9836472449654294,3.4113702600439746,3.471374112021569
1.9647386711580381,3.4055177627043594,3.470182042438442
1.948262909378772,3.4002553493048624,3.471258828483435
1.9308943,3.39452934,3.468916327179586
1.9140472845611982,3.3894294282918263,3.467241783104332
1.8958564,3.383851,3.4664963271795863
1.878272145529632,3.3783002513113076,3.4646891831060165
1.860403732845903,3.372825664165938,3.4652829917269914
1.8446962964195557,3.3679171434744193,3.431990516846365
1.8304508654814509,3.365904013057507,3.3469696574399417
1.813123402059568,3.361689509839343,3.2755887161316455
1.7970296,3.3603564,3.201496327179586
1.781111993039705,3.360385158908987,3.1318363862672856
1.766008575197397,3.3587091579246318,3.0462845296549936
1.7497683080680284,3.360914365822141,2.976263024746881
1.7325317413612233,3.3639212284292848,2.932696387220968
1.7164029903776463,3.3655227735838262,2.950456362424185
1.6962604914804336,3.3707442020917444,2.939836333814731
1.6802090368385623,3.3741009217157765,2.946490446657083
1.6613365214013238,3.37809095336587,2.9418257420946934
1.6435366050402136,3.3814877587182504,2.94139633
1.6257372523293332,3.3854402816403084,2.9433229977262974
1.6070795411021395,3.389540765131767,2.9426963315894716
1.5884712800365572,3.393196554851784,2.94109633
1.572443010528309,3.3965828708609735,2.9410375063880903
1.5546226200000002,3.4003838,2.94111633
1.5363454799713898,3.404164488763446,2.9409316244476393
1.517586607043233,3.407507594780656,2.940229668631487
1.5001284249489102,3.4108284007459124,2.940639187629428
1.4838100013589832,3.41408852477164,2.940515080093132
1.466346082436272,3.417721723462677,2.938996331986847
1.446622200834467,3.421223095378876,2.937431624447639
1.42999926,3.42472294,2.93583633
1.4115662,3.42826215,2.9441463299999997
1.3952189363712226,3.431650349210228,2.942071331490135
1.3741946,3.4363251,2.94239633
1.3581629925430907,3.439429251328836,2.9419492744763893
1.3396431,3.44392,2.94639633
1.3218207340474446,3.447938549098278,2.94809633
1.3055627618516146,3.4498596410213236,2.9402588402445273
1.28714725,3.4537236,2.94114633
1.2691607506615807,3.457218963881273,2.9430962465573964
1.2513066679382354,3.461911018011865,2.949031621642708
1.2343762084502725,3.4644243984673024,2.948253475776567
1.2174052109315396,3.4690078996832425,2.9513820452588555
1.1979256,3.4740189,2.94959633
1.1801360362840598,3.47726844505109,2.9492534757765667
1.165914523997139,3.479550310067354,2.9581588322352026
1.1424711,3.4829810500000002,2.93604633
1.12867848,3.4845432,2.95511633
1.1093438642932276,3.4897698660617364,2.94399633
1.0897032,3.493428,2.94739633
1.069443722029832,3.496649102691144,2.935302578044227
1.0554734597531454,3.5002783825257677,2.9456347905509297
1.038258390736561,3.5019610580093463,2.939336333814731
1.0235629379268756,3.506333471096588,2.9478375091930213
1.0035050148671663,3.51111112491485,2.9413963129700273
0.985469391881127,3.5131413919905192,2.9350551522094444
0.967343775099342,3.5184202663159234,2.9384429968785963
0.9505146361987126,3.5204861048507703,2.9370145171383055
0.931349590574435,3.525894203054964,2.9403963315894717
0.9130040791801398,3.529987018916986,2.967258758288307
0.8961528616910763,3.535948661188692,3.0587107032970025
0.8839000397711176,3.5330827766012654,3.1258374909609694
0.86843474,3.53490088,3.206216327179586
0.8515673,3.5338064,3.2726963271795864
0.837034832642454,3.531103438229357,3.341263020337021
0.8222697371525886,3.5279842128848773,3.408810645980676
0.8070847091651123,3.523292200677391,3.478661018707292
0.792590620577296,3.5176002593588076,3.5430363262259035
0.7786532,3.5125766,3.6209963271795864
0.7652023580377898,3.50499113942898,3.6840464255285164
0.7462573,3.4962972,3.7545963271795864
0.7348975017600942,3.4878954447835295,3.82051987738084
0.7214256361455016,3.4759570635973502,3.894053504339376
0.7100550239974833,3.4622793801152354,3.9370545344049908
0.7010585,3.4458986,3.898196327179586
0.6893488863784472,3.4320218982516093,3.8854629726536385
0.6762966301347871,3.4168472101424165,3.878336326225903
0.6631045895467008,3.405781734067473,3.889683830904924
0.6501181097888283,3.393810978865804,3.8893677491823113
0.6370945342482084,3.380390081472028,3.8885198549413915
0.6237786006008201,3.366539949534285,3.886963002323433
0.6113048728274383,3.35387134397575,3.885289183227678
0.5990447425269624,3.342450001332342,3.886249267448579
0.5849668409759199,3.3295546656441233,3.8932463232059713
0.5704983243330234,3.316119485108361,3.8995163329016376
0.5579107,3.3035212,3.896696327179586
0.5460620968830467,3.289537115886766,3.8786763189143354
0.5357251982988093,3.2755579707585936,3.856949277265838
0.5221845,3.2619689,3.8582963271795863
0.5079922221631629,3.250846865270746,3.8747316328469497
0.49467930770697977,3.238741808821601,3.8815213376105335
0.4812673822061511,3.2241020869824366,3.87503631764291
0.46995093750140243,3.211476062798721,3.8669375085999835
0.4567601480528976,3.1987896092570813,3.864202999780279
0.44239052610380125,3.187394794929145,3.8862962973773243
0.4248507,3.1773624,3.9237963271795864
0.4128231122625765,3.161925586052611,3.9102163303584785
0.3996160193119891,3.15087771897139,3.9148534695501582
0.3882269959342524,3.13859432523877,3.9072316216272256
0.3742004782296243,3.125343607349886,3.91062490250059
0.36091213362411123,3.1121744395060515,3.9083963271795863
0.3487247410194869,3.099859034420002,3.9079629943760765
0.33602876,3.08767058,3.908656327179586
0.32331293922360593,3.0756555155839784,3.9105845634636656
0.3095209,3.0617111,3.9106963271795863
0.29701712722427914,3.049227657068327,3.907955145759189
0.2849631714308421,3.038067438358712,3.9116629880181915
0.27263625299213223,3.0250227734959867,3.9144429933164373
0.2586719497903314,3.012332114902599,3.912319856343857
0.24564832,2.9994865,3.9166763271795864
0.2330119,2.9864704,3.9142963271795863
0.22083631389334815,2.9752035875196694,3.9132563255901402
0.20733800590488602,2.961051938253807,3.91002965362521
0.19501873434918587,2.949504028488282,3.9168727980153153
0.18168692602333517,2.9365010385730677,3.916371327552114
0.1683604,2.9230287,3.9140963271795863
0.15578679502973186,2.9105116776730617,3.9098786788008137
0.14163542722446515,2.897447007247989,3.915136327815375
0.12857333020095368,2.8842167236035423,3.9159820424384417
0.1161427,2.8720866,3.913996327179586
0.10305098371677196,2.8593797865419,3.909846345060144
0.08970454618178758,2.8466021645723183,3.9157963271795864
0.07729966766680116,2.8344782293786452,3.920296327179586
0.06430080791382835,2.8169093364611717,3.916810608514736
0.05068725,2.8027703500000003,3.9118463271795862
0.038992,2.7910927,3.9134963271795864
0.02554105964966411,2.777729312648837,3.9171080924629544
0.012492548021117166,2.7650826907697548,3.9137106119207306
-0.0008541373324704959,2.7521418348325133,3.9152391857821303
-0.0146952,2.7411105,3.952296327179586
-0.023763084920925055,2.7301882435714853,4.022056370094631
-0.034341201411137105,2.722713373067696,4.109983837051586
-0.04301724606251341,2.7093437185537512,4.183056287125226
-0.05113006743967956,2.696244330114124,4.250416381539506
-0.061814525139645776,2.6839509526941416,4.334339145640077
-0.07072182673800541,2.6680783579947547,4.417760993462912
-0.07674023038147139,2.653384858310627,4.471439229086943
-0.0845824623134747,2.6355644893442163,4.490172796942853
-0.08840676565470325,2.6191758897892363,4.474909659665202
-0.09443454258602876,2.601415833081141,4.485516328769032
-0.09830578339901547,2.5858305410810205,4.471484556286356
-0.1061156,2.566115,4.486396327179586
-0.10987345321515224,2.549037657660968,4.475566914672399
-0.11583849726615275,2.532946361265199,4.454696366915738
-0.12010521397463203,2.5177717553867183,4.348489629147352
-0.1255466,2.504777,4.279796327179586
-0.13297930317894266,2.4902640325873415,4.195716284581755
-0.14055380312329074,2.4786078211449727,4.128872816247368
-0.15001118,2.46527758,4.051896327179587
-0.1617104,2.4527619,3.9872963271795863
-0.17273620405987639,2.440647648629962,3.9202819779689118
-0.18587932638794277,2.4310736160779975,3.8510106255447085
-0.19870032545497893,2.4216830149487403,3.8077896594532885
-0.2138157099771398,2.41057236855532,3.814072802222712
-0.23107604,2.4001225,3.8347363271795865
-0.24310899605486447,2.3893726279918095,3.805513974403406
-0.25863166594293885,2.3786742510625447,3.817816320821802
-0.27472246784499477,2.3666869739612806,3.8268763252722207
-0.28735295332161587,2.3560616196757653,3.8598692398621735
-0.30009241777249895,2.345287878525241,3.895411686660045
-0.31261954811331133,2.3346937079326584,3.9303617322749895
-0.32546516696372196,2.3238301922059024,3.9662003443561127
-0.3380984517040619,2.313146247037088,4.001446555254309
-0.3509440705544725,2.302282731310332,4.037285167335432
-0.36357735529481244,2.2915987861415172,4.072531378233628
-0.3765291285447506,2.280645495838529,4.108666155598002
-0.389056258885563,2.2700513252459467,4.143616201212947
-0.40179569802543047,2.2592776055009005,4.179158577394395
-0.41400677236862404,2.2481823660799685,4.224461090233034
-0.42256616844740386,2.2284311199059963,4.257724879145663
-0.4293771,2.2165529,4.346496327179587
-0.43891491112435665,2.1965612246174775,4.4177316146148975
-0.4443937175300008,2.1820932093888583,4.496076285853988
-0.4477186204853542,2.1639998315769753,4.5381248864438914
-0.4476918808886021,2.1518963728664993,4.6000728414917464
-0.4504133851416219,2.1339479527545535,4.67989629539016
-0.45436871707898574,2.112195608891507,4.74681693113224
-0.45482171454648407,2.0951751964088277,4.7312191522669815
-0.456135522158986,2.0802425269234908,4.75121066874299
-0.45759105939441536,2.0648007824228998,4.751987526132365
-0.4577515,2.0439976,4.751681637179586
-0.45748938204702244,2.0257963121524654,4.738049392884347
-0.4581855363614928,2.007565698220642,4.744599164655671
-0.4584991195362325,1.9887974685506493,4.74379284297809
-0.45880242142600797,1.9706445828565287,4.743012957741008
-0.45912628588571186,1.9512610092106646,4.742180199622929
-0.45942444682659517,1.9334158138433954,4.741413533393972
-0.4597328896652629,1.9149552378224233,4.740620429148763
-0.46003362077418214,1.896956215630644,4.73984715420362
-0.4603446337808858,1.8783418127851619,4.739047441242225
-0.4606582169556255,1.8595735831151694,4.738241119564645
-0.460961518845401,1.8414206974210487,4.7374612343275615
-0.46126996107124846,1.822960158077908,4.7366681316581065
-0.46157840390991617,1.8044995820569358,4.735875027412898
-0.46188684613576364,1.7860390427137949,4.735081924743443
-0.4622004293105033,1.7672708130438024,4.734275603065862
-0.462508872149171,1.7488102370228304,4.733482498820653
-0.46282759627280295,1.7297343170259865,4.732662958134946
-0.4631360384986504,1.7112737776828455,4.731869855465492
-0.46385262363763524,1.69456809147017,4.731631635987492
-0.465106476442802,1.6775169215649168,4.721944139973548
-0.46631728289973773,1.6592948561729521,4.731316931627226
-0.4669777055046772,1.6434878501577774,4.7146286870933345
-0.4655522341047445,1.62563470596837,4.704129667400519
-0.46462268717475963,1.6078789546117778,4.681296335126817
-0.463089,1.5901782,4.649096327179587
-0.46516948,1.57105438,4.661576327179587
-0.4667928101931195,1.5527296430164228,4.69368455207896
-0.46948286,1.5320932,4.726601637179586
-0.46780007267881474,1.5136405411920981,4.70719633739757
-0.4672171520889724,1.4961376766629735,4.697837500762745
-0.4699528642464317,1.4779724851479799,4.716408289435046
-0.4701406658189621,1.460132558803147,4.704196314464017
-0.46980951192095705,1.4443792223118241,4.695149268851045
-0.47088695,1.4272348750000001,4.721706637179586
-0.4709705,1.4098585,4.826881637179586
-0.4672146,1.3950908,4.863481637179586
-0.46430945293809106,1.3779009595803862,4.952915007599995
-0.46567897616369575,1.3647655361289146,5.060416921809966
-0.46678579946696186,1.3508041402333106,5.170953081321276
-0.46283721143149653,1.3342073323184158,5.236363994163163
-0.4618598,1.3188857,5.2468816371795866
-0.45599018141272213,1.3012170717296627,5.283154972208356
-0.4503090712214457,1.285923242568061,5.28233163196419
-0.43027649896048575,1.2682692584798296,5.196948312323434
-0.4239523720011781,1.2496339821255769,5.202534581655976
-0.4135406369504403,1.2326933155370825,5.182441625417499
-0.4052817,1.2155539,5.171181637179586
-0.3978830470010218,1.1989583047479564,5.166645923623728
-0.39175839095948384,1.1831394950498442,5.171331639414755
-0.38437391496006673,1.1656983331863153,5.169231571617541
-0.3777305247493093,1.1488819628599076,5.169963987150836
-0.3706156359220523,1.131991951975713,5.167641630185912
-0.3640546916467984,1.1147269598603542,5.169981628664599
-0.3571806818338639,1.0994322542585866,5.170269866286357
-0.3499685,1.0825766,5.167681637179586
-0.34245447317083433,1.065366728948291,5.168816935834622
-0.3358106060473433,1.0480486822411443,5.171331638882584
-0.32877034031629976,1.0309291008964476,5.168814975811073
-0.32197241631628404,1.0155580666451622,5.164505166343857
-0.31492886199420983,0.9966596091808583,5.168581637179586
-0.3075892345691338,0.9802126669075684,5.166369136620794
-0.3001733562568545,0.9640104871827069,5.160668300137545
-0.29354629454020165,0.9478526187790135,5.160699284403406
-0.2867793635078468,0.9306127985624728,5.165381637179586
-0.27963589245954795,0.9149934022856598,5.1584016359080085
-0.2734258705300803,0.898605672189462,5.165068304905883
-0.26499890586517255,0.8797102478869882,5.16179414239506
-0.2574677404974966,0.8628229778637845,5.160041643537371
-0.25047062,0.84479438,5.162941637179586
-0.24361824346521185,0.8306590497454525,5.154840459389031
-0.23659894,0.81184142,5.161521637179586
-0.22988473256384725,0.7953472247521142,5.162240462193962
-0.2221993,0.77861042,5.155841637179586
-0.21636093440569668,0.7621042763073402,5.161828304058182
-0.2090016,0.745659,5.157781637179586
-0.20282033763964577,0.7279319846764306,5.182888772738169
-0.195746700590438,0.712266889501143,5.166063992760698
-0.18671826115014145,0.6919108499793368,5.165381634000643
-0.18139097065045406,0.6763281958601556,5.173027090936874
-0.1746087848708817,0.6616123987542655,5.168850389507888
-0.16613974595088613,0.6404969783755861,5.169788289011422
-0.15995690809772242,0.6261409314624705,5.166369879073449
-0.153743285772642,0.609626454633309,5.1718616400406345
-0.14589438000000002,0.59212904,5.164481637179587
-0.13932035094450354,0.574337653941239,5.169666253692809
-0.132131,0.5580685666666666,5.160314970512919
-0.12492519179836512,0.5416444063215259,5.166181664427542
-0.12007859759858008,0.5283715936633244,5.171214972278994
-0.11075036195600343,0.5081538591760181,5.162148290070834
-0.10311822210283716,0.4926148472097274,5.152441627642911
-0.09805200703301943,0.47671321318393134,5.167831595458284
-0.0892369,0.4590283,5.152081637179586
-0.08329097194117034,0.4420921103577762,5.160306639787284
-0.07620524,0.4258039,5.157301637179586
-0.0694888633499698,0.40885109251676893,5.157048304376077
-0.06328072056855953,0.3937941841072606,5.160834576046113
-0.0568265302344433,0.37467279242152113,5.174181638769032
-0.050178652249325724,0.36018785522955193,5.165156637552115
-0.043091931290884976,0.34293007967038697,5.167862881126002
-0.0354595,0.3247705,5.169081637179586
-0.02877460704124613,0.30773031637924186,5.173634978989965
-0.021110212509139463,0.2904040185745621,5.170101642265895
-0.01477970365822766,0.2741117097065967,5.172731633454304
-0.008164812229392504,0.2577587504466415,5.171501635908009
-0.001523431709449257,0.24062094434554557,5.178648282653638
0.0043891673973409625,0.2222630594665096,5.193952220877556
0.014570077906699515,0.20518738255185567,5.163989993692342
0.020966044036103543,0.18976264945844687,5.163881650803565
0.026468837876386687,0.17241330217802897,5.182522812165211
0.03336376725689036,0.15555657893473632,5.180321636225903
0.04184483844516349,0.1396172256999319,5.163724491403019
0.047120736812156276,0.12119239633626856,5.1859149779304525
0.052355763243475226,0.10633067393425948,5.18291497475151
0.0598220596656569,0.08988243906092225,5.177893400895507
0.06735846976666561,0.07297039224179037,5.174248301197134
0.07330381773186045,0.0568245071922435,5.179274966274397
0.07961659533331214,0.04036049152811775,5.179754972208356
0.08639876987522849,0.02243859187951999,5.185581637179586
0.09244211229541534,0.0069538752927646805,5.186534578851044
0.09917734310418819,-0.011161047411587062,5.192088303316438
0.1056487203746594,-0.02706949765667575,5.195567338814464
0.1123406,-0.04303315,5.191181637179586
0.1196320038385733,-0.05987559000699367,5.189254969029413
0.12728407936581101,-0.07621445462608281,5.180888301726991
0.1335786079350387,-0.09138517789044093,5.180263991605705
0.14108088446525888,-0.10854518917745232,5.1792102066618755
0.14823469890889712,-0.12570630954224168,5.179334579511012
0.1554971301999555,-0.14218505953523858,5.173348305965548
0.1629065963454301,-0.15857733315338635,5.206267379929199
0.16830193334873117,-0.17280991249310823,5.288000415584867
0.1779483,-0.1865312,5.347381637179586
0.1880511176191745,-0.200372350111496,5.4133463876108445
0.19618712,-0.21344232000000002,5.497841637179587
0.21062760990463214,-0.22544612432901906,5.546824474373047
0.2200790154986466,-0.23568693350209668,5.617158098198057
0.23375515472642747,-0.24666405922040768,5.693332072273161
0.24637546169165392,-0.25684293325526275,5.773740449571771
0.2615211590737503,-0.26606437352380197,5.806781629232356
0.2778625730255106,-0.2748468695398554,5.795148301726992
0.2929980285163317,-0.2838673784300801,5.78756397032125
0.3092182626986242,-0.29343071202754445,5.788499280196009
0.326510480027248,-0.30504569528610354,5.799567345626453
0.34130826504939726,-0.31417402619022783,5.799819134385624
0.3568736871970845,-0.3222084931489586,5.787231646545912
0.3728704814604063,-0.33242706762405827,5.788494971254672
0.38801615095578024,-0.3418741042761174,5.788752223269933
0.4031169,-0.3523449,5.796781637179587
0.419352526231951,-0.3612949818787346,5.788887886713926
0.4353453426677687,-0.3702056085132085,5.782801639086951
0.45157502010649286,-0.3805054181753159,5.787061641947925
0.46527790896315724,-0.3900856606594393,5.795075753836669
0.4834578524318801,-0.40033987555177114,5.790253074509287
0.4988745,-0.40881705,5.785131637179586
0.5144151560356527,-0.41795310432087446,5.785497018832375
0.5294896001780179,-0.4285205299451641,5.7968016419479245
0.5447071730241984,-0.43719484890928595,5.789731607378656
0.56166196,-0.44668346000000003,5.785421637179587
0.5761897232318416,-0.4557879556021486,5.789358112222712
0.5921184971011444,-0.46537032258078087,5.788181637179586
0.6080401360190101,-0.4749862374845027,5.790641636543798
0.6237952,-0.4841787,5.788881637179586
0.63852115,-0.49292274999999997,5.786281637179586
0.6554466786817299,-0.5036312008418002,5.788627789473905
0.6698896279202838,-0.5117983913299581,5.785922814970142
0.6852125800000001,-0.52062614,5.784941637179586
0.7013158,-0.5306979,5.787181637179586
0.7173668869983311,-0.540978568576651,5.788381637179587
0.7324573836171663,-0.5496950507152589,5.786367352438441
0.7473511885769182,-0.5589955444735846,5.787569870493752
0.7628011940109672,-0.5683458626988794,5.78698163559014
0.7786524406096731,-0.5780415755449592,5.786524498215009
0.79378,-0.5871478,5.787381637179586
0.8093744840003815,-0.5973233821613632,5.789601637497481
0.824177484593916,-0.6061911262134834,5.788840464998892
0.8404953590480245,-0.61573921998297,5.786517350735445
0.8561458459733315,-0.624985349971901,5.78395306477789
0.8701939350406014,-0.6343720090795619,5.7904992830009405
0.8860929076009728,-0.6438434922655095,5.78762163527219
0.9037662733566076,-0.6547777535592644,5.7896959253267255
0.9170912653936134,-0.6625819545381395,5.809512868460041
0.9314180861718191,-0.6714255373201939,5.90261530959475
0.9427267388230509,-0.678903269114904,5.995752203635416
0.95596022,-0.68123652,6.039441637179586
0.9753183569316846,-0.6850409328035095,6.043754978566241
0.9943573873427908,-0.6895558261935983,6.024644131964113
1.0134854251370897,-0.6932808177795439,6.009594971042735
1.0304765003323844,-0.6981556928263888,6.015040449571772
1.0476616084349455,-0.704060917474455,6.020353074509287
1.065439119648848,-0.7085228781594318,6.022610209581282
1.0802721737093812,-0.7140254719801411,6.034534583058441
1.0981396048080743,-0.7186804033616785,6.044934963095504
1.1163634852067936,-0.7239063788353927,6.0411286884958
1.1345685555099538,-0.7282215852454829,6.034767350978738
1.1508368096862382,-0.7333171826842992,6.042021644173261
1.167954283557494,-0.7385456650435466,6.046605166343857
1.1863718929141367,-0.7425619029754904,6.042261632093278
1.2044524158183334,-0.7472339816545477,6.042981601418471
1.221622,-0.75233635,6.046856637179586
1.23965254,-0.7572904,6.045221637179586
1.2575220905316697,-0.762027375222125,6.047928304905883
1.2730072378187212,-0.7661069330410479,6.04316497029216
1.29077226,-0.77136298,6.045701637179586
1.3088459113136894,-0.7760323451131089,6.04139928300094
1.3262901,-0.7812024,6.046981637179586
1.3434311867311006,-0.7858686236474343,6.04093548305128
1.3605123952807034,-0.7907283003393967,6.0407992844034055
1.3789856854452258,-0.7957711250923828,6.046331619299028
1.395790076435774,-0.799893110354403,6.046105164941392
1.4140739897002257,-0.8052611226690403,6.044741636543797
1.432466489305177,-0.8098295154853542,6.042781638882584
1.4485159305877628,-0.814778115549867,6.046813216259042
1.468194041293809,-0.8193082170388619,6.038774969453289
1.4860876768260076,-0.8250797995759609,6.041095923380435
1.5025402266331818,-0.8292207960374479,6.037881637179586
1.5209546585869824,-0.8342503644154812,6.039148304905884
1.5384433997956402,-0.8391316320640326,6.036953060885309
1.5563395,-0.8441911,6.037381637179586
1.5742816959621935,-0.8487684312397821,6.03642449140302
1.5911328870987196,-0.8528817101258012,6.031546345536878
1.607476154323362,-0.8579185036907525,6.033121631457489
1.626189987959946,-0.8622698734138652,6.026659414074339
1.6430606412921684,-0.8674395640958398,6.031231619299028
1.6614900607820073,-0.872343814780259,6.024014967863843
1.6778744719959608,-0.8769613727252328,6.028687516232655
1.695859478879428,-0.8814893409094005,6.0249959219207305
1.713049113475538,-0.8868303440140509,6.024541638133269
1.7292339860689327,-0.8910469245823958,6.020656637552115
1.748137665690217,-0.8964665908622745,6.021581637179586
1.7646579611306679,-0.9005904888756434,6.018499284403406
1.7821385676617847,-0.9060050560149864,6.020038779550158
1.799870487824843,-0.910779702829214,6.020388304905884
1.8161612094532775,-0.9155188209599309,6.021756636062001
1.8366151716867471,-0.9211896328257622,6.018314969983096
1.853301,-0.9260996,6.017981637179586
1.870009854419381,-0.9310583051564963,6.0183649702921596
1.8880388545411197,-0.9361945969333472,6.0181941332680395
1.9060549789461876,-0.9412764843106181,6.020146341329482
1.9231895,-0.94690362,6.024481637179586
1.940923714519662,-0.95150735494047,6.02142538690019
1.9567943309131453,-0.9560688031485352,6.024234574643648
1.9737665254760466,-0.9609543894904156,6.029521634636432
1.9919870941447064,-0.9663367630253986,6.028769873298684
2.0090769820435965,-0.97057534621594,6.023738782956153
2.0267081596253407,-0.9758815250783378,6.025545923623728
2.0436799670593517,-0.9802761181448446,6.020593400895507
2.0617185350637377,-0.9860471184489938,6.02340163749748
2.0789509,-0.9904156,6.020581637179586
2.096536092895095,-0.9958855982425068,6.021167352438441
2.114064271859673,-1.0009760327111716,6.021095921920731
2.1312160423937283,-1.0059835944770907,6.022475755239134
2.148960507923389,-1.0106171821044267,6.020701638769032
2.166946732654099,-1.0160696082239247,6.023594969665202
2.1842755452890072,-1.0211937399380113,6.026231639414756
2.202026005005245,-1.0263715861255047,6.0262083037402885
2.2194987494397203,-1.0309476386791703,6.023974982168857
2.2363374845043755,-1.036160469791316,6.0256110506767255
2.253141440911403,-1.040661769509171,6.023814973162039
2.272154805584944,-1.0461433228374732,6.023487886713926
2.288057912016212,-1.0507197188508304,6.023381621285125
2.305986835585831,-1.0561786514952316,6.024024501621003
2.324020066666667,-1.06113815,6.023048303846252
2.34017490337358,-1.0652954844093254,5.987010243640648
2.355716384065803,-1.0691749319558135,5.906459440565106
2.369629126292575,-1.0789879530381472,5.856610250939804
2.3841572002213898,-1.0841676073399182,5.768281552029722
2.397206747436989,-1.0931111266144415,5.709588791471139
2.4102825,-1.1013498,5.635481637179586
2.4230184271004864,-1.1123302967193311,5.560655010355668
2.4392836132532993,-1.1222379377179081,5.463993392645696
2.4487393500000003,-1.1353355,5.405681637179587
2.4603805624291137,-1.1476095606171557,5.324181705298317
2.4672902790948488,-1.1595968224983522,5.268734560618992
2.4769310015131527,-1.1731150414988476,5.18986168009463
2.483720177615521,-1.188617551924481,5.121831600671815
2.491599924517206,-1.2044269399030438,5.044488328747574
2.497695568231236,-1.2202259735432495,4.9640482709971785
2.500921762541548,-1.2343439734765718,4.8950228626539705
2.50520545,-1.2501378,4.8185316371795865
2.500782899907613,-1.2703557453709635,4.815156658413698
2.50350986,-1.28622348,4.760221637179586
2.500553044223861,-1.30546564422704,4.7923816085691024
2.503125217926063,-1.3218978024262313,4.776799279948576
2.5017365,-1.3406613,4.785081637179586
2.5028278,-1.3592407,4.774081637179586
2.501952724728427,-1.3767562688476955,4.782906639787284
2.5027268995032883,-1.3957264573622619,4.774331642146704
2.5024942659280924,-1.4148492837905713,4.77681497475151
2.502377168171184,-1.4319644817297232,4.78080664276751
2.5031153600979117,-1.4495008330737198,4.779088303422394
2.503637023641361,-1.4683783776685413,4.778434577448579
2.502365873393839,-1.4893333549225927,4.788748304376077
2.5037272331595513,-1.506398932774899,4.778861638451163
2.503661381850948,-1.521899381944912,4.778975758126517
2.504564233246972,-1.5426331385653431,4.78393497030099
2.5037541237335916,-1.5602591604720633,4.781234578108567
2.5046908002145787,-1.5783641752932573,4.781781637179586
2.504701656537806,-1.5968029324727522,4.780695923623727
2.5048551247552493,-1.6132524676407038,4.7815441399735485
2.50454944,-1.63420458,4.7822616371795865
2.5059802237381317,-1.6503970619314754,4.7716816371795865
2.5057556599999997,-1.6690625,4.779981637179586
2.5053796994754745,-1.687368608680103,4.781114977930453
2.506835881305041,-1.7057345733910503,4.772412886341398
2.5059171189385507,-1.7245775590917762,4.786888309780279
2.5062049763782728,-1.7417128635555306,4.778716931627225
2.5064578608608574,-1.7600423902438247,4.78212163145749
2.50700294,-1.7783381,4.775661637179586
2.5065145,-1.7971447,4.786781637179586
2.5069342428610355,-1.8156861577622616,4.7797244914030195
2.5074127000254314,-1.8335497140000636,4.780468304693971
2.507754699437336,-1.8497027416418979,4.784814974221628
2.5073432,-1.8696047,4.788381637179587
2.5076622,-1.887915,4.787481637179586
2.5072533,-1.9037403,4.790381637179586
2.5088816534316685,-1.924627276475824,4.781014968393625
2.5077790921335708,-1.9416709519262865,4.789816948456812
2.508945855572207,-1.960026829346049,4.780467359250431
2.508323892772789,-1.9780855986044663,4.788361640358478
2.5093462265250976,-1.996526951746829,4.783741638133269
2.5080728937773187,-2.0162737792577285,4.790968301726991
2.5093255,-2.0323829,4.783781637179587
2.5086737000196346,-2.0507619622372126,4.789422810762745
2.50954306,-2.0688088,4.789081637179586
2.509370951017002,-2.0883352938979867,4.7903316304740775
2.5101119288874507,-2.1059263130753902,4.7856744932276785
2.5099299284741146,-2.1246280500544956,4.789524494809014
2.5099469117891253,-2.14235523295233,4.788181637179586
2.5103567,-2.1607321,4.789881637179587
2.5111429,-2.1786343,4.786881637179587
2.510807633333333,-2.1964982666666666,4.791048303846253
2.5110046605896845,-2.215734374473496,4.79412163559014
2.512038819043929,-2.232335725195208,4.784400383081715
2.5116878142541523,-2.25068036786299,4.786561630821802
2.511273925046194,-2.2691030388150444,4.789781637179586
2.512400144909799,-2.2867335353890166,4.786068317621452
2.5119683997547724,-2.3057711024556804,4.783238783685946
2.511643623642764,-2.3228885654137974,4.788869870493752
2.5124379941139345,-2.3414558410930666,4.780369872061219
2.512218320348412,-2.3596204733413866,4.786528307237125
2.5124786356880398,-2.3779214774136093,4.781387516232655
2.511771399705948,-2.3968793243554694,4.786781637179586
2.512819839596281,-2.415554638955734,4.780694971042735
2.512281241231084,-2.4320384917128313,4.783275753836669
2.5129441421662126,-2.451641927520436,4.78069592873272
2.512700723516542,-2.469810472222768,4.7828698704937525
2.5128954751732255,-2.4869919600262262,4.7819816356894735
2.5127272867310935,-2.505611759958038,4.784134967122047
2.513328411640464,-2.5223773916567325,4.781863989955767
2.5125931,-2.5425048,4.785481637179586
2.5133702646999425,-2.5592905628500904,4.777958112222712
2.513173238888006,-2.5785763543185936,4.7785616400406346
2.51346684,-2.59673618,4.777961637179586
2.5131414563799193,-2.6129175111743583,4.781969136620794
2.514860494195343,-2.6327998684781053,4.764414967863843
2.514156835385608,-2.6493673576329186,4.77249340106049
2.514127267130255,-2.6685642344512437,4.780934963095504
2.5136111071645093,-2.687875403288488,4.777838776144164
2.5143823,-2.7040389,4.778881637179586
2.5143879657633312,-2.724507924350314,4.772708309674221
2.516977028953901,-2.7430353607239524,4.752422816372608
2.515760053501082,-2.7607148558009027,4.760773947270185
2.5144105673084183,-2.778706132204804,4.77245663270918
2.5152548946674083,-2.7984768767225625,4.760674969453289
2.515396564848604,-2.815289212319257,4.76469928300094
2.5150929273331064,-2.8352021378916894,4.765581654209559
2.5177351958164453,-2.852299363704192,4.740111037064584
2.516751061598983,-2.8706469193594533,4.74979495673772
2.513768927036785,-2.8885601415463213,4.749781582683673
2.5157889747415956,-2.9040790973858046,4.646455212499979
2.5152740097508643,-2.9217030214685895,4.559396148374008
2.5082781336278264,-2.9338350757857925,4.525385224751675
2.5063295466233533,-2.9493295603385588,4.421829586999578
2.49875538,-2.9630501,4.367176327179586
2.4920389573678774,-2.9785312669522375,4.304742967885301
2.4885316,-2.9949931,4.1910963271795865
2.481189475926679,-3.0046843536078427,4.115608085450627
2.47366032919382,-3.0195006734017866,4.030229631372611
2.461493334758007,-3.0317348708797587,3.974016403472998
2.4505262376037127,-3.0423750098420066,3.8926630213970896
2.4384392,-3.0532342,3.823696327179586
2.4246915647104905,-3.0646093890020434,3.7570820220024745
2.4122255387767697,-3.0728833308177776,3.6851021936929165
2.399181612227803,-3.0797351873795975,3.60822965362521
2.3833796559078864,-3.0872081255038357,3.5480198282945463
2.366760401362177,-3.0940140728788506,3.4636696669767697
2.350091564455041,-3.098705573555858,3.3995962999316296
2.3358201396499494,-3.1021371228710874,3.3359081133346407
2.319759738598722,-3.1045763269049815,3.2595096548967875
2.303942521153938,-3.1075732308193595,3.1863163716840766
2.2913385921832425,-3.1114056827826975,3.074853431498637
2.27262918,-3.1090682,3.040636329999999
2.254335213456657,-3.106362825611826,3.067484554899372
2.237684607898815,-3.1052708792289536,3.0620363366757255
2.217657010696526,-3.1033802504342645,3.0658320435558575
2.20047355,-3.1031812,3.057996329999999
2.1813425,-3.1013919,3.063696329999999
2.164893077601223,-3.1004567240046,3.0631492716714575
2.1449167,-3.0990858,3.065796329999999
2.126913004847338,-3.098428443736309,3.063196329999999
2.108768015055233,-3.0968042672462848,3.066796329999999
2.0908267099087645,-3.0959084800044505,3.06602966439298
2.0717286630517364,-3.0942156805753798,3.0700763331788914
2.055272290881169,-3.093657194206415,3.0648139772238188
2.036254625799889,-3.0920241399888737,3.0677363347683375
2.0187982128479867,-3.0909185757149067,3.0670080966858326
1.9994203023603274,-3.089622073893348,3.066976326821107
1.981193925294847,-3.088134466821375,3.0692629940175467
1.9636071721523514,-3.086979700691423,3.0669463329802698
1.9442544,-3.0854543,3.068696329999999
1.928009491393069,-3.084368741043154,3.068166918895277
1.909213209098134,-3.0831707008710305,3.068629659624566
1.89002556,-3.08184164,3.068216329999999
1.873124135534727,-3.080878848588118,3.0692838309313197
1.8552865732901906,-3.0796943871730242,3.069553468964577
1.83635792888197,-3.0783695694827777,3.069249269526533
1.818610774819595,-3.07748286737769,3.0681963284105276
1.79952236,-3.07587866,3.070996329999999
1.7833092224913398,-3.0751558593495365,3.0692551522094433
1.7645259981165171,-3.073835878527273,3.069703472248939
1.7461619,-3.0722546,3.068496329999999
1.7275225515028212,-3.0707979594500516,3.0690696622737015
1.7096487413977812,-3.069687733514003,3.06682966439298
1.690404065230867,-3.0683424395772074,3.066476326821107
1.6737422848337375,-3.0675264705075524,3.0643022133429163
1.6542527453071605,-3.0661112070094574,3.0635963141055385
1.636353458707476,-3.064552680934003,3.070196329999999
1.61812256,-3.06346334,3.0669763299999993
1.599118514729257,-3.0621336549645015,3.067107440522411
1.5805734,-3.061023,3.065196329999999
1.5624806777520437,-3.059419814366485,3.0674820452588545
1.5453270423609353,-3.0579023817699564,3.067115078603018
1.5264653986904173,-3.0566745290611537,3.067624900698727
1.5084756812347015,-3.055229179359125,3.0689096624856145
1.49042015,-3.0543607,3.0665963299999994
1.4734669536914884,-3.0534442013073195,3.0662296606842556
1.454960060291466,-3.051780781591143,3.066852580279395
1.4365151892011316,-3.0506587605302475,3.0671763312715763
1.4182537400000002,-3.04900412,3.070556329999999
1.4003174,-3.0479516,3.072896329999999
1.3810606195152189,-3.046816812745768,3.0694229977262966
1.3624806413628126,-3.0451317997520424,3.070296333178942
1.3458425163106742,-3.0440946528364865,3.0699139772238184
1.328274116369445,-3.0429354599847414,3.0681763366755663
1.3089643984375496,-3.041583319804813,3.0689163303178932
1.2925703,-3.0406585,3.067096329999999
1.274282196948203,-3.0392874525421707,3.0690963359605403
1.2564835629861295,-3.0378999078299653,3.0695375021806925
1.2371882099437328,-3.036758319897002,3.069116328728422
1.2194218008191278,-3.0353082015871666,3.07083919200848
1.2025469490336618,-3.0341564310092535,3.069721328137358
1.1827808,-3.0326225,3.069596329999999
1.1650217949833808,-3.0313673111832604,3.069155152209443
1.1472799550488753,-3.0297963543368036,3.0667229977262966
1.128956661442015,-3.028525305151256,3.0670492688665263
1.1107234,-3.02764726,3.066156329999999
1.09197388,-3.02646994,3.064796329999999
1.0742840466990915,-3.024916399945164,3.0663363319073498
1.0557385334716163,-3.023124398998641,3.068546335960469
1.0376180331267135,-3.0219363090833236,3.0680463121194412
1.019961663314821,-3.0207574752215867,3.068819860236732
1.0019283974250464,-3.0194802179352687,3.0683129956732422
0.9830999547683924,-3.0183581695418935,3.065224906294277
0.9658449944552892,-3.0167631999672175,3.066421331117584
0.9482357,-3.0154185,3.066596329999999
0.9297315036169587,-3.013716405259246,3.067843391133472
0.9106631920003179,-3.012643932814114,3.066129668631486
0.8922129,-3.01099295,3.069496329999999
0.8760113366292701,-3.009626093624912,3.0699407754746537
0.8562400995899164,-3.0085826992561273,3.0684296612140374
0.8387149365566666,-3.0069264126053605,3.0714080938809016
0.82146855,-3.0056199,3.0721963299999993
0.8020090625526504,-3.004438267209727,3.0726629993157424
0.7844389,-3.0033195,3.071196329999999
0.7675650833139951,-3.0015312988651357,3.0726296622737017
0.7491670609012159,-3.0000250277723914,3.107489619358658
0.7349063191917988,-3.0004612644057693,3.1756458682452666
0.71505176,-3.0009097,3.2546563271795854
0.7007368826175414,-3.0022738729154086,3.330989718157746
0.6872144399281938,-3.005452304952106,3.3905139547688874
0.6716987435292622,-3.009393378691547,3.465696311284872
0.6554096848276684,-3.0152318863013905,3.535583808739436
0.6412466406173507,-3.0210678966636997,3.606862962586649
0.6244099252721926,-3.028433005141858,3.6437563049273405
0.6092354,-3.0381131,3.6351963271795853
0.5918978779427793,-3.046779274335831,3.6408677576972965
0.5772305973437303,-3.0554866866008443,3.636772798015315
0.5609647795803862,-3.063777254039577,3.63874966263218
0.5446009743590559,-3.0727287924342366,3.6370763303584774
0.5291864942498913,-3.080882185678022,3.6352963271795855
0.51272685,-3.0898008,3.6333963271795855
0.49704690715537914,-3.0984581018849138,3.6315610327319465
0.48081917292378606,-3.106977436620838,3.6311963271795853
0.4644006700893283,-3.115724094907334,3.6315896609367777
0.44776224690773264,-3.1244920296511167,3.6299763303584776
0.4318779,-3.1328177,3.6296963271795852
0.41526757999999997,-3.14150974,3.6311763271795856
0.4004271456151915,-3.149606858910565,3.6312610439516706
0.38424432,-3.15841036,3.6318763271795853
0.3677820726021799,-3.1671388360013624,3.6306106051087403
0.3526550575928713,-3.175094745688358,3.62982132829717
0.3371840010285753,-3.183596055750826,3.6293534641980796
0.32140797763067475,-3.1918425465057574,3.623578679955766
0.30410418045640325,-3.200178559216621,3.6286606119207296
0.28749066,-3.20869988,3.6271963271795853
0.2710466466200429,-3.2174007695382656,3.6274229949058827
0.2564402,-3.2250012,3.6269963271795853
0.24023809238552207,-3.233615778585585,3.6303963271795854
0.22309816937159402,-3.2427229902350136,3.6291891865120105
0.2066234,-3.2511305,3.6315963271795852
0.19145691910762944,-3.258725811580381,3.6651679722749533
0.17726628,-3.2673918399999997,3.7472763271795855
0.16514136019162856,-3.2752523398620155,3.816740090311207
0.15373480727771238,-3.2855001447987604,3.879846281731136
0.14171702900944144,-3.296770705173729,3.951596352611127
0.13054589474776657,-3.3083027700840075,4.02549636644862
0.1209531,-3.32165932,4.091736327179586
0.11259279495912806,-3.3346656713300407,4.16466767425043
0.1026677820835028,-3.3495561572879122,4.239255209695047
0.09476949999999999,-3.3648193600000003,4.273636327179585
0.08712970891126601,-3.381892287771903,4.274208091060488
0.07845686432561308,-3.3982137741280654,4.27543917459103
0.07036028354081163,-3.414833126479454,4.273289183227677
0.06335688444805969,-3.430759101804973,4.273661032731947
0.05582048554451088,-3.445737890538459,4.274357864794668
0.0476766,-3.4634263,4.275096327179585
0.04165921016291822,-3.479484848131606,4.2642896562743955
0.03189795168960804,-3.4974334760911723,4.272276328451162
0.026276471041891646,-3.5095440697614406,4.301737496555348
0.021074127917474646,-3.5248438045331723,4.368036311920661
0.015141057827227212,-3.5397575414527536,4.44476302033702
0.010147529102562305,-3.55628254963606,4.524719866161115
0.006948536306127314,-3.5721820598092666,4.599889735746699
0.003795193832949217,-3.5879465330286897,4.679749637201043
0.002002192237353267,-3.601667137478086,4.742922859849038
0.0055111686084399585,-3.618550074761583,4.800631579562165
0.00794452956537593,-3.634359960704318,4.87518167644862
0.00904968,-3.65170866,4.957201637179585
0.013407439000548364,-3.6668892282216343,5.021771718957236
0.018578197778494593,-3.6835589355623184,5.055146353951671
0.02573792475442668,-3.7014350191626666,5.0443816562532415
0.03149391568938193,-3.7184033468367392,5.047487519120036
0.03731318936007884,-3.735462467940363,5.045354972208354
0.04303213610267821,-3.7529661747834377,5.049414969453288
0.04889771155880731,-3.769666909848157,5.048706636807057
0.055179948751703,-3.78731136763624,5.048317350735444
0.0612832,-3.8042017,5.046781637179585
0.06735009753790888,-3.8222073257446674,5.046114971572566
0.07331326392752126,-3.8392958187348007,5.047461635590139
0.07924898077903113,-3.8564782486030187,5.046456637552114
0.0850471,-3.8736777,5.047481637179585
0.09168230469529835,-3.892684347525193,5.0477949696652
0.09731480186247422,-3.908790510932219,5.050746342731946
0.10345165,-3.9263728,5.051031637179586
0.10911240365286695,-3.943279511379234,5.04928164228849
0.11492943706576161,-3.960408194168548,5.050775755239134
0.12122248556624017,-3.979033628950171,5.052901634000693
0.12728764315185684,-3.9948710174520365,5.047869872061219
0.13294180791553134,-4.011933779441416,5.049188772738168
0.13903560422478123,-4.029784273292325,5.048141644808988
0.1450256,-4.0473853,5.049481637179586
0.15063161819279983,-4.0627296854772315,5.04882830172699
0.15698280364630673,-4.080893710474005,5.047381637179585
0.1624690059233357,-4.098667341783888,5.05070386293391
0.16889209695139398,-4.115988789641415,5.053541634954326
0.1746104,-4.1315589,5.086481637179586
0.18048982632833788,-4.145960836863079,5.162795894672773
0.18601159449999255,-4.159801169974221,5.240337891929321
0.19578335440442507,-4.172407332733573,5.298001600939639
0.2048409,-4.18606556,5.372101637179585
0.2144623373493976,-4.198379930899323,5.442914993825165
0.2250723115902408,-4.210804592411984,5.5183283414631426
0.2367609,-4.2219791,5.584281637179585
0.24903870684683674,-4.2315908418313395,5.654722817775072
0.26404024136758114,-4.241398374431764,5.68072163304696
0.28057990642623265,-4.252660470427886,5.673181643537471
0.29540168769431285,-4.2640542760975295,5.675961638451163
0.30982907586124686,-4.273512996984145,5.672331595458283
0.3250945388842141,-4.283493353462639,5.671040459966526
0.3393547322885208,-4.294125474562101,5.674341636543796
0.3554352922784709,-4.3045461285814195,5.6710816387690315
0.3685563744414681,-4.314053392635653,5.671363989955766
0.3861715281590599,-4.325656075570504,5.673253069400294
0.3997625898110879,-4.335277238292919,5.671216930224759
0.41469828,-4.3453608,5.669061637179586
0.4304654127078234,-4.355805108044314,5.667761635272219
0.4456247,-4.3661271,5.669406637179585
0.46080458770067073,-4.37704132489748,5.67146163527222
0.475885293397441,-4.387458804617341,5.668694971042734
0.49037865404605635,-4.397532453730506,5.669611049274279
0.5054296,-4.4076999,5.704981637179586
0.5177462634676877,-4.415870032179121,5.781281665228503
0.531261955017961,-4.423018291089424,5.858788277990851
0.5465619401970913,-4.428880242263371,5.928868333515912
0.5590236566750347,-4.433669583438284,6.004681659619034
0.577334,-4.4391534,6.071881637179585
0.5923635017586918,-4.440423799284742,6.144222789725761
0.608684,-4.4424114,6.178281637179586
0.6270046666666667,-4.445595266666667,6.173681637179586
0.642724093164383,-4.447508394200805,6.172916937237087
0.662217078746594,-4.449396037142371,6.170074494809013
0.6804509,-4.4514886,6.171781637179586
0.6969579,-4.4536289,6.170081637179585
0.7166468010237229,-4.456014023481552,6.172931628238773
0.7359275421997934,-4.457417494913773,6.175054974221626
0.7527948422238447,-4.459163936777482,6.173394137738378
0.7708526,-4.4613258,6.175781637179585
0.7892547,-4.4630838,6.177481637179586
0.8080744061919927,-4.464999029520955,6.175403063926405
0.8266408896389645,-4.46697188462534,6.172310210067868
0.8430408188210875,-4.468957764447499,6.174087520522502
0.8621995153829036,-4.470834759400133,6.170301639086951
0.8801988890495491,-4.472677446000869,6.170211048284307
0.8982622486920981,-4.475116613719345,6.17123164058558
0.9160971,-4.4768785,6.166281637179585
0.9337852953858884,-4.478925764858421,6.167458108015315
0.9527427635475028,-4.481178385647873,6.1697816133388415
0.9714623384395303,-4.483000760587411,6.170531634199315
0.98939211988776,-4.4851792310640795,6.170950866538057
1.007819644874831,-4.48702750476357,6.169481637179586
1.0246122938529936,-4.4889337589806875,6.170916928822293
1.0433328,-4.4910096,6.170381637179585
1.0611247701813469,-4.4927669314667185,6.168444136993322
1.07931066,-4.49483112,6.168061637179585
1.0974047829004672,-4.497253347137362,6.170261638451162
1.11585976,-4.49908294,6.168341637179585
1.1335007927166527,-4.501068310549529,6.166981625259213
1.151737764403951,-4.503118670275886,6.168453064291302
1.1696176110822827,-4.504889294819292,6.16852281216521
1.1879433913037,-4.50713485047162,6.169325386900189
1.20613346,-4.50905662,6.167761637179585
1.223056362237213,-4.511376334255221,6.171411045479377
1.2420583900464894,-4.513325563177971,6.1697316550601435
1.2601702928011445,-4.515423817565881,6.170016931627224
1.2790777590326974,-4.516876369713896,6.167138782956152
1.296473471262358,-4.519335199329243,6.169861638451162
1.3132780663618642,-4.521367592517846,6.169093403865419
1.3317326,-4.5233639,6.170181637179585
1.35322242,-4.5255225800000005,6.168781637179585
1.3713632785694823,-4.527570229390327,6.170153067697297
1.3876570921812548,-4.52936616845294,6.1713463385245495
1.4083921,-4.5314809,6.170981637179585
1.4252504623671935,-4.533287449504537,6.170075387645245
1.4421002521684625,-4.535438848869046,6.171584863531846
1.4644294930882387,-4.537481538850344,6.170121636702747
1.4802255796168517,-4.539324823328285,6.171716931132239
1.4994665282369584,-4.54139887354166,6.1741083037402875
1.5175243,-4.5434149,6.170681637179586
1.5387021539848047,-4.5458854850398955,6.171421634636432
1.5555384660210652,-4.547664786797189,6.173481637179585
1.5740041333333334,-4.549453733333333,6.173448303846252
1.5921188495572207,-4.551907848235695,6.174781637179585
1.6087477212010715,-4.553446523848926,6.174952224672398
1.6271443382881665,-4.555865799213224,6.176448306495329
1.6497207924978146,-4.558083885845983,6.173741638769031
1.6669270935213147,-4.56029093929809,6.1715949696652
1.6843843858409064,-4.562472624772804,6.171658109747744
1.702549129897956,-4.564745219585466,6.173474970936778
1.72532866,-4.56711022,6.171081637179586
1.7430695,-4.5688093,6.170481637179585
1.7588994461879448,-4.57103979975275,6.173337192342681
1.7782629617771089,-4.573106551984086,6.175681638669698
1.7962855198569483,-4.575065670504087,6.175788782956152
1.814172418085831,-4.577165388266349,6.174553069400294
1.8324316629991655,-4.5792333416617,6.175581684861074
1.8527151596544373,-4.58145006036127,6.175705167416318
1.8709925250262263,-4.583597199829926,6.173654970618884
1.8891055554026668,-4.58568076401628,6.174581637179585
1.9065352152504103,-4.587757494478493,6.1741816371795855
1.924452917110387,-4.589739511094334,6.174641630821801
1.9429901711394895,-4.591820063566735,6.17160663829717
1.9614496649177462,-4.593679232408805,6.170728304905882
1.9790098428547849,-4.595619455406594,6.172143169292706
1.9963365926202263,-4.597363405319552,6.1721875205225025
2.01440264,-4.59944398,6.171221637179586
2.0336568811101916,-4.601609362702831,6.171105164941391
2.051519,-4.6034881,6.170581637179585
2.0706132463680578,-4.6056287782671586,6.171081637179586
2.0869719099301136,-4.607775051262871,6.171431639414755
2.1053907248525787,-4.610202965515378,6.172681638769031
2.1244727368101084,-4.612127067791155,6.169231643139772
2.142738478559107,-4.614466517233496,6.168928695508127
2.1601788934468664,-4.616596297190054,6.170281637179586
2.1790705785047684,-4.618509343916894,6.1708673524384405
2.195982489882132,-4.620735055220611,6.17171288783151
2.2144315895081137,-4.6226855264808,6.170894136248265
2.233147282261616,-4.625217893437864,6.173187519120036
2.2513493678184604,-4.62671298525545,6.168238779550157
2.2689912,-4.6290095,6.167581637179586
2.2871799,-4.6310006,6.165981637179585
2.3070616767305094,-4.634041521258841,6.170841630821801
2.324028015463368,-4.635428511345787,6.166652225084892
2.3418996364475877,-4.6379532818469364,6.166061640358477
2.3606023815827957,-4.640287920259402,6.16880163749748
2.3771446679634796,-4.642146917310632,6.1695816371795855
2.3966549,-4.6443525,6.168981637179585
2.4132788659643265,-4.646223112965474,6.166794133268039
2.43100492,-4.64874516,6.170361637179585
2.4496104346695486,-4.650603821871125,6.170021636225902
2.466718337636565,-4.652726281551968,6.167593402462954
2.4849774651094627,-4.654767271270494,6.165599283000939
2.504301013714177,-4.657361382051405,6.165961638133283
2.5213169248163436,-4.659331446831274,6.164969139601019
2.53951098,-4.66179522,6.164821637179585
2.558213333559831,-4.664039191817467,6.1644516178676625
2.5751105,-4.6662124,6.164481637179585
2.5946584000374657,-4.668098663116486,6.164610206661875
2.6119125903083042,-4.670453550283866,6.165794137738378
2.6301708,-4.6726296199999995,6.1648416371795856
2.649331373897702,-4.674883967357027,6.2008483457023305
2.6638428910396477,-4.6759210244926575,6.268187470033743
2.6799357781976396,-4.675932944141137,6.346381196125824
2.694671433194957,-4.675924565782646,6.419234512935163
2.7097128923403377,-4.6737330677798266,6.49788160697963
2.7261297996741636,-4.670246711571167,6.572041670557953
2.7406298301285967,-4.666377219150934,6.638675381684793
2.7568876,-4.661035,6.706381637179585
2.771690103835394,-4.65427103809327,6.790701656571136
2.784651683244744,-4.645340422877018,6.823675753836668
2.80137998,-4.636171500000001,6.816761637179585
2.818581064635429,-4.627637182643087,6.820193401060488
2.8327356779087194,-4.618708332493188,6.818010210067868
2.8497131290237467,-4.609083992809232,6.81746830469397
2.8653071705566386,-4.600137378172026,6.815787517717571
2.8810784340923026,-4.591056919916553,6.817024496512011
2.8979807959468746,-4.582339719938852,6.854946310475239
2.9107441033124584,-4.573306980570302,6.920861581230194
2.9227498465701633,-4.564977424642371,6.988367383092392
2.9343412656494117,-4.55404728749702,7.062658112222711
2.946467844882778,-4.542560200934594,7.127528336694804
2.9567054,-4.5302701,7.198281637179585
2.9667262022331715,-4.516664493602479,7.263701703936321
2.9754198695509815,-4.502600199438925,7.334968276295854
2.9830288791186907,-4.489297335685736,7.398016903577913
2.9897668638368526,-4.474396930705041,7.465910290108741
2.9961522289249696,-4.460963723314975,7.546381622874456
3.0006126,-4.4425368,7.610181637179585
3.004160316879649,-4.427364793491321,7.675401578053131
3.006762070756131,-4.41159354589237,7.75528162185261
3.0069537625206753,-4.397394483887407,7.7718628617545304
3.0093969135007548,-4.381997002091711,7.68346168804186
3.0115103012016307,-4.364676132379659,7.607361588542149
3.015505841850445,-4.347448203170927,7.526881654209268
3.0207932595574913,-4.334134854377404,7.457648307555019
3.026003169050391,-4.319300225761889,7.38981109456567
3.0328322053303816,-4.302796905177112,7.304338670558332
3.0430804771461353,-4.290182487398114,7.295187834559966
3.0498329434400544,-4.27469159770436,7.37574599004062
3.057018840742507,-4.260833120435967,7.449995894672774
3.0633719807862456,-4.247268095009139,7.516281661021277
3.0695013,-4.2325183,7.570681637179585
3.0745543957128807,-4.21393659988824,7.560912883826781
3.0799330354128585,-4.196518392860208,7.556881641947924
3.08419224,-4.179831920000001,7.564521637179586
3.088826079585712,-4.161881589094428,7.558387514912639
3.0940872982563774,-4.145104140352857,7.562314966274395
3.09934673153829,-4.125630392523127,7.559634973479931
3.1043654728959513,-4.109573323698863,7.5576934010604875
3.1095522018723973,-4.091818910261627,7.562341633364854
3.114354268692098,-4.0734874931130785,7.554217352438441
3.119314820513863,-4.056766028810849,7.5536051649413904
3.12554857853141,-4.039334669769937,7.592031154404523
3.1296193999999997,-4.023746,7.670998303846252
3.1338006287114992,-4.007707487120952,7.740531706469844
3.13368396,-3.99287666,7.822581637179585
3.1347441,-3.9762594,7.883681637179585
3.1331185302974727,-3.9588201005098487,7.943335516063054
3.1307319333913015,-3.9434875752885574,8.01002285003178
3.12849752,-3.9283735,8.087101637179586
3.124592745752569,-3.912905360620366,8.155321777369844
3.1197635038593927,-3.9003352641806615,8.240787853931437
3.112462217973742,-3.882175183367772,8.312941588859657
3.104361131666269,-3.869446218969749,8.350981655411637
3.0955051326941416,-3.853042149322207,8.337924498215008
3.0875690276425813,-3.8367289698148874,8.344381637179586
3.0783529,-3.8200334,8.337881637179585
3.0694797,-3.8038028,8.340581637179586
3.0610991,-3.7881781,8.339481637179585
3.0534438028621382,-3.7730436386314867,8.340981634908948
3.0445453827316076,-3.756724908072207,8.339481637179585
3.0357683040419614,-3.7401054404800127,8.339914969453288
3.0275327499999998,-3.7241789499999998,8.340581637179586
3.0195794,-3.7094778,8.339881637179586
3.010249445636204,-3.6930574786422086,8.337781637179585
3.0018512515417872,-3.676547645705248,8.340801634318536
2.99301514,-3.65959144,8.341641637179585
2.9848355,-3.643646,8.342781637179586
2.975468317438692,-3.626396521287466,8.33469592192073
2.967762691071337,-3.6113957791386384,8.370253020500714
2.9602864817749603,-3.59809488147904,8.441375759446531
2.9526057,-3.5865616,8.507261637179585
2.9412801289697046,-3.5755450154274087,8.583108333940242
2.930561119173488,-3.5612219060796315,8.67511493607492
2.9175814947038816,-3.5494457260323613,8.737161593945965
2.9061450950731387,-3.5405893595416744,8.803593396853092
2.8930681343926623,-3.5293024780401945,8.892487503692916
2.8793961296822124,-3.5225764559112163,8.957210701044717
2.864379,-3.5136331,9.009381637179585
2.8477099471032346,-3.5075328209171106,9.083275033031132
2.8331513907044585,-3.5032229402746027,9.152328712337713
2.8157216479913214,-3.4995159544977708,9.188731695592192
2.79647481765188,-3.493813910833122,9.180519138855963
2.7796677545990622,-3.4900907877437812,9.181708303316437
2.7613771042870554,-3.4860653948337776,9.186531639414754
2.7450745878855027,-3.481461414678204,9.18304046219396
2.7269830864147884,-3.4769892769081605,9.180481637179586
2.7093442255360682,-3.473206357996692,9.184212884851283
2.6912713551006133,-3.468995398629876,9.18426163527222
2.673706411409044,-3.4641061283000876,9.183908304905883
2.6561145039591048,-3.4599616204224164,9.180775751114288
2.6390136716851575,-3.455863346350574,9.183588303422393
2.6205100036595543,-3.451337112248182,9.182956634199492
2.6026340682047038,-3.447070865734962,9.183769870493752
2.58429675905269,-3.4430799646157513,9.183048308084775
2.5673176899736148,-3.4389515675302795,9.18246830469397
2.5510013727346674,-3.43448626968711,9.182852224672398
2.5322765,-3.430241,9.178781637179586
2.5146264176402116,-3.4259676603551044,9.176434581655974
2.4972140082112086,-3.421267733637982,9.178494971254672
2.479439544224383,-3.4170156484085763,9.179353066480857
2.462546077523134,-3.4128906382258712,9.176931636434528
2.4442997445328833,-3.4081169364339945,9.177881637179585
2.4265366,-3.4038116,9.179981637179585
2.408711652951648,-3.3998937749181426,9.179581637179584
2.389865447408038,-3.3953058683106265,9.180224501621002
2.3736945331699175,-3.391624580647901,9.178794133268038
2.356138734734165,-3.387029388509894,9.181181637179584
2.337447691724051,-3.3831220525265415,9.176775753836669
2.3198862224470638,-3.3787808743685646,9.17891913736585
2.3015692587897765,-3.3744936657913978,9.17594829642872
2.2840720134419454,-3.370555269093221,9.173434964684951
2.267580778957407,-3.3658854593916105,9.176487520522501
2.248366618752285,-3.361649183908448,9.168668303316437
2.2319167514089018,-3.3573703146493017,9.17610039323317
2.21362052,-3.35277302,9.177861637179586
2.1960496247957533,-3.3485029210287056,9.17864163972274
2.1797353,-3.3447932,9.174581637179585
2.1606274284707085,-3.339484816246594,9.181338776144164
2.1430583675557675,-3.335351723597431,9.179131634944415
2.1260379694897846,-3.3313563964090527,9.176427787639916
2.1077133917665383,-3.3266117462615634,9.178534970300989
2.091579051799338,-3.322762711515483,9.178199284155912
2.0716389,-3.3177306,9.178081637179584
2.0561210923363484,-3.3136167808982404,9.178806636807058
2.0383472833932035,-3.309487099071749,9.17616830469397
2.0204980390288485,-3.305310464507669,9.176241638769032
2.003285360681879,-3.3010094050839376,9.178428695508128
1.9858469,-3.2965979,9.178881637179586
1.9670045595924597,-3.291777361617446,9.1785949696652
1.949367406998303,-3.287639269534241,9.176181637179585
1.9311489004386941,-3.2832362701688016,9.174521634636431
1.9139417846972087,-3.278763134955801,9.175481637179585
1.8952236552929396,-3.274175518968751,9.17486163686169
1.8777378,-3.2697878,9.174181637179586
1.8610325857651744,-3.265593552314036,9.174516931132239
1.8436291447690498,-3.261256521082748,9.176581637179584
1.8252483,-3.2569478,9.175581637179585
1.8074409836782377,-3.252816010843029,9.174321628596713
1.7893526248335054,-3.2480325643852814,9.178648304905883
1.772740098897662,-3.243847158565558,9.178758108015314
1.7545644606355975,-3.239431922788662,9.178375753836669
1.7366137,-3.2346642,9.180781637179585
1.71851727185091,-3.2301495953588173,9.178728311263667
1.7008674814047748,-3.2257282203770226,9.178861636861692
1.6834334216414457,-3.2214199985526557,9.179563987150834
1.6661359532748636,-3.2169429276515666,9.178767350735443
1.648489325772868,-3.212624531359771,9.18006163876903
1.62983108335437,-3.2082986870778636,9.180228697653051
1.6116835952570174,-3.2038894191594878,9.181681635590115
1.5942685778474115,-3.199489826808583,9.18329592192073
1.5779962969333472,-3.195385883769688,9.184787885223813
1.5591634342811729,-3.190950648452674,9.183108304905883
1.5419711206122644,-3.1866117518930603,9.18226830469397
1.525103524638787,-3.182336415807544,9.183361638133285
1.50661848928985,-3.1777474919703677,9.182424494809013
1.489358961780089,-3.173462452690399,9.183831637924643
1.4712745180688012,-3.1689481008549047,9.182067352438441
1.4542518530313353,-3.164842230514305,9.18172449651201
1.4360417,-3.1604366,9.180381637179586
1.4178382274978543,-3.1562686303906924,9.17872163463643
1.4010793519024445,-3.1521656946986805,9.18051105389417
1.383949905437495,-3.148029451273941,9.178208303316437
1.3651388706407865,-3.1431351368133176,9.181975755239135
1.3469716609485693,-3.1388665008651224,9.179981637179585
1.3296947365874592,-3.1343605443741556,9.182181637179585
1.311393676205614,-3.1298493805607652,9.181374970936778
1.294587423374893,-3.12544772654166,9.182581637179585
1.2754567,-3.1206534,9.181681637179585
1.2591173181614985,-3.1167179273569863,9.182519138855962
1.24130065369891,-3.112475920751022,9.182603065994298
1.22301746,-3.1081970400000003,9.181421637179584
1.2068274529697207,-3.1045702380110236,9.179793401060488
1.1887456336565208,-3.100023305873003,9.180531633205971
1.17166655,-3.0953036750000003,9.180231637179585
1.15359942,-3.09092474,9.180181637179585
1.1361732199999999,-3.0865985400000002,9.180621637179586
1.1191480611138382,-3.082267300650744,9.180346342731946
1.1017874,-3.0778165,9.180781637179585
1.0837827610409931,-3.0733641370933853,9.17892538690019
1.0663745592402447,-3.0689806312675834,9.175181640358478
1.0482824348507487,-3.064432623716502,9.176701634318537
1.0321702199823288,-3.0604302638668783,9.177828695508127
1.0134621411729645,-3.055867026546668,9.179031619299028
0.9949768696401716,-3.0511147100172393,9.180304712409752
0.9783459147241145,-3.046894873201635,9.179403064291302
0.960650993030279,-3.0422637313152667,9.219848346231482
0.944672646324406,-3.0397290578558374,9.291541567243957
0.930895757621699,-3.0381797877620857,9.352834591473234
0.9128052702280856,-3.036692826848923,9.437608276654332
0.898433323013057,-3.0369346942428788,9.50317578467543
0.8815550068012398,-3.0387694327060317,9.538581655021972
0.8616960144993189,-3.041125372479564,9.536695925912307
0.8445396,-3.0429944,9.532781634359171
0.8243137948278603,-3.044680860713037,9.537641633723384
0.8069955423095803,-3.0468534166739127,9.536552226059381
0.7890758564929904,-3.0487929928664523,9.536568301873556
0.7705591012524835,-3.0512372789859334,9.535794968222321
0.7530010867803075,-3.0529089868160684,9.537581646279545
0.7338158123436382,-3.055054934276405,9.536341632769727
0.7172738326157385,-3.0567940120359594,9.536099281582992
0.69883708,-3.0589215999999997,9.537761634359173
0.6805085647057888,-3.0613315796484093,9.534441633723384
0.6621172,-3.0633673,9.534381634359173
0.6445171074859936,-3.065374358493265,9.533581646279545
0.6257525467574931,-3.0670622853388965,9.536181634359172
0.6086431176491626,-3.069223555498599,9.536681634359173
0.59094232,-3.07128556,9.535701634359173
0.572503508352539,-3.0734310778828577,9.536074966632874
0.5561887613971416,-3.0750547005298223,9.538148303233433
0.5359760038674409,-3.0774725517702355,9.538281634359173
0.5194082010841058,-3.079360288135142,9.533840457971083
0.5014399586267185,-3.08127020051657,9.536241635948619
0.4825265984137076,-3.083711120156086,9.535901634677067
0.4636911875223515,-3.0854233998552476,9.537924491258748
0.44762033264774137,-3.087462166268239,9.537094966844787
0.43041705746322034,-3.089171117056786,9.538922809344797
0.41213278506055884,-3.0913722223145883,9.53832163340549
0.39373672599800325,-3.093521392647782,9.536075384824834
0.37589701877244486,-3.0952855482602932,9.579675347572007
0.36061738,-3.09867714,9.651181634359173
0.345660958674402,-3.1012050688309625,9.72558167012171
0.3304947030922919,-3.106829409016999,9.788591619338789
0.3153469,-3.1122222,9.867281634359173
0.3006247038104989,-3.1193336655666664,9.941658115012162
0.286675727044425,-3.1272244709083683,10.014815001600688
0.2727617022697651,-3.1364749380837336,10.087148290429363
0.2607357561196584,-3.1465637311333325,10.15020518035303
0.24913152845153702,-3.1573381716851574,10.219081662969657
0.23727437514831073,-3.169561748584211,10.293152231669243
0.2269982936611883,-3.1820549234192708,10.36368158349609
0.21774381283408437,-3.195270871904728,10.435021683950284
0.209528351761472,-3.208826860411758,10.504028703247315
0.20167075808072207,-3.224296894805858,10.53306738027198
0.1934514,-3.2408026,10.535981634359173
0.18497786851575165,-3.256485602272944,10.53830163944548
0.1767202632075022,-3.2731010126583486,10.53650163594862
0.1696993084344277,-3.2879826887283845,10.534163984330421
0.16261761151744122,-3.3053827174962405,10.527781616019297
0.15336924964236895,-3.322686759026608,10.531021638173902
0.1448157,-3.3395505,10.533281634359172
0.13834243778332325,-3.3550425844708647,10.525601634677066
0.1284153852585652,-3.37252870917674,10.531061635789685
0.12099682573723346,-3.388142828560998,10.53381913603555
0.1121599,-3.4040215,10.535131634359171
0.10414773316503984,-3.421424757483451,10.535740458548558
0.09785374059191913,-3.4334814321518263,10.567608291383046
0.09092310160422343,-3.448297504851839,10.640695902070345
0.0850805,-3.461621,10.714481634359172
0.08137163512675832,-3.478974952103632,10.787141605749143
0.07908973478956005,-3.494907957191142,10.848187534531675
0.0745112292506812,-3.510324040064714,10.939967332588054
0.07275096,-3.5262015,11.004206944359172
0.0752528188783238,-3.5407178881815886,11.061555144179659
0.07934927872275205,-3.556707091658719,11.117981317656174
0.07772741633014946,-3.5751367382318318,11.218741894067854
0.08220556074959469,-3.590586649696411,11.280433622681961
0.08747076000000001,-3.60639572,11.347306944359172
0.09189954432081889,-3.6218559365959884,11.433640330251025
0.10051304999999999,-3.6359622,11.487316944359172
0.10736999380470692,-3.6497951256769183,11.561838423532226
0.1162367607101879,-3.6638481216126,11.631866926477816
0.1261923818418794,-3.67566502907461,11.70137362331775
0.1363049101660971,-3.688675440987046,11.775700324316258
0.14757248472876697,-3.6985492252650625,11.839366916310254
0.161045,-3.7098872,11.910766944359173
0.17264612766184226,-3.7192990496465836,11.983308136999137
0.18683967081412722,-3.727827813903106,12.051346885230839
0.20029743486043355,-3.736302798081649,12.124397696660827
0.2136928097499404,-3.743273363740656,12.19661399146799
0.23103421269733143,-3.7493877320532687,12.269795578067725
0.24666738916595374,-3.7535410413643184,12.336878713849938
0.26131936604069955,-3.7584349129784163,12.418043444646678
0.27707621656229137,-3.759661580478113,12.486407024468528
0.29350353862384665,-3.7613833988834053,12.55731690422534
0.30855309212258003,-3.761186033196109,12.631133603608307
0.3237630601783936,-3.760066899882193,12.695461094675428
0.34050265890805054,-3.758789367864579,12.769933581885994
0.3585628068569794,-3.754217823028261,12.796906916384478
0.37664835409462866,-3.7499653463668245,12.79982500133327
0.392884755687699,-3.7467998415606636,12.799296355463895
0.41119255127834736,-3.7423043435732017,12.79673752764459
0.4287607579865635,-3.738686724213861,12.796652662294134
0.4469954,-3.73419325,12.795716944359173
0.46451932023430753,-3.7305748226061577,12.79705660111915
0.48170038091244405,-3.7261703313437025,12.795537536059381
0.4998695975583075,-3.721391894411175,12.789243413792436
0.5177795849646137,-3.717469531069618,12.788351153564614
0.5359450788704543,-3.7136758139320927,12.788014005492645
0.5541983302231323,-3.709549901178071,12.785937533254451
0.5691991747110962,-3.706248859085044,12.785137528057142
0.5888827907016535,-3.7019010229878124,12.784561062418721
0.6066987851928072,-3.697771602670314,12.786298523834898
0.6234569096657925,-3.694108685219416,12.784014011102506
0.640718703647019,-3.6904353717882854,12.781902428577471
0.6580978,-3.6865832,12.781366944359172
0.6759141752927647,-3.6827260518898224,12.783443416597368
0.6944454350251743,-3.6786279305316745,12.781337544474175
0.7125458224614767,-3.6747563321713597,12.781819569465833
0.7323277894559597,-3.6709146410943387,12.783148195756153
0.7477638783599568,-3.6673610435227126,12.783884588778061
0.7656199648978201,-3.66323571244891,12.782781229100317
0.7841361151362398,-3.6590598315122618,12.782038374876883
0.8000153999887802,-3.6556621690826474,12.782308124954659
0.8177703432084469,-3.6522118883991825,12.784438374876883
0.8358004594580949,-3.6481473799786825,12.780761065306104
0.8541589877895095,-3.6442665891825614,12.777659803691597
0.8723409300314715,-3.6403296739517437,12.781080276844788
0.8889208615387851,-3.636733992282232,12.780508122149728
0.9063869,-3.6332813,12.780966944359172
0.9250235,-3.6292216,12.780066944359172
0.9429659001447522,-3.6252619248190596,12.778395509948995
0.9612401234701339,-3.6213019940394826,12.77857361060198
0.9774677482490217,-3.6177659938586033,12.779266944359172
0.9951095149044727,-3.613687240938424,12.780126943723383
1.0136208,-3.6096553,12.778766944359173
1.0319531812294012,-3.6057962341612555,12.779596355463894
1.0499110123579434,-3.6016888415878565,12.777313610496025
1.0671655,-3.5977123,12.775866944359173
1.0843704566441805,-3.5943237641950545,12.779325769373548
1.1028280707700866,-3.590239382603513,12.778020270275091
1.121097737922668,-3.5864752312287003,12.776925766568617
1.1389466920289277,-3.5826792350695382,12.77736694594862
1.1571380717900626,-3.578582190796961,12.777180276844788
1.173524588438074,-3.575139149536485,12.777455181880736
1.1933623447277235,-3.570798219022793,12.778926945312856
1.2096333261139083,-3.567369336133122,12.779443415194903
1.2278945901897829,-3.563521781902279,12.776526940544441
1.2464263999999998,-3.55942582,12.776866944359172
1.2635867061747528,-3.5557288717487183,12.777866944359172
1.282275567810538,-3.5516702717348805,12.778653610496024
1.2994139,-3.5483151666666664,12.778966944359173
1.3172436349439722,-3.5445897649129776,12.778613610496024
1.334759910302642,-3.540577654508337,12.776091954417437
1.3528985,-3.5382275,12.785166944359172
1.3699941410179997,-3.5341960827869827,12.783566956279545
1.3889236117938775,-3.5301500269812762,12.783146944041277
1.4050151660815402,-3.526615127510878,12.81401688773403
1.4203350399999999,-3.5230725,12.892726944359172
1.4357226,-3.51702212,12.962126944359172
1.4496527805936346,-3.511731486506139,13.03531664038969
1.464364500180518,-3.5035198228235696,13.102209716838736
1.4775942559935362,-3.495302747696628,13.174972478280601
1.492523610241651,-3.4839907820319818,13.204802674336523
1.5083004774708333,-3.473069879266936,13.204066957074943
1.5213224874661655,-3.4631529316522447,13.201543416597367
1.5369905396487324,-3.4521679949535087,13.20348694118028
1.5505816331326647,-3.4423443944955223,13.203185688491851
1.565187258959415,-3.4316548166843277,13.200078054881583
1.5806611934769133,-3.420116471658587,13.201400278222321
1.5939701654928196,-3.4102904859250533,13.203743414122439
1.6097032438317438,-3.398296411447548,13.202695513841462
1.6251065456395497,-3.387101683591901,13.204124087459597
1.6393592214745523,-3.3768172720895335,13.203784591582991
1.6539423,-3.3658027,13.203166944359172
1.6685987073432773,-3.355115099314548,13.203685694452304
1.6835193334562506,-3.3443241382659146,13.202786942769727
1.699081249281559,-3.3329372680738785,13.203806948173904
1.7123262191885333,-3.3232734242261897,13.200866944359172
1.7273609314079537,-3.312426249979337,13.201740279387943
1.742272982516503,-3.301164347315561,13.200673193893511
1.7563587749552985,-3.2912007433782335,13.200466896677684
1.7715556266604224,-3.2799502399182563,13.199909800285603
1.7858546261153108,-3.2694550229485433,13.199361066626118
1.801018464486442,-3.2587219000476844,13.200293612509347
1.8161646893753354,-3.247749921896048,13.233048165674068
1.828154406900545,-3.2378547350681197,13.302466896675249
1.8405259767259234,-3.2274000848991937,13.379729451623474
1.8490045638654755,-3.215847572654727,13.442890511390013
1.8596065,-3.20300016,13.513526944359173
1.869601,-3.188574,13.552966944359172
1.880460656826501,-3.1722442325343954,13.544531648509068
1.889811645950886,-3.1587546813240084,13.542700282990658
1.90066,-3.14329338,13.545286944359173
1.909990925860062,-3.1291453056589487,13.54433753044952
1.9202246813405768,-3.1139134920386233,13.54479551676087
1.930306260266749,-3.0983577390572625,13.543584591582992
1.9405815574362235,-3.0837395535929426,13.54519361208547
1.9510152374155607,-3.0679189940618294,13.54263361208547
1.9607415,-3.0534548,13.543466944359173
1.9711002,-3.0371969,13.540766944359172
1.9812071401161242,-3.022821321790107,13.541131648509069
1.9918613220848769,-3.0072670357242415,13.542882326011961
2.0020175047525193,-2.992231975983088,13.541513611237768
2.011561972412046,-2.9779960371336185,13.539573195383626
2.0218728,-2.9626388,13.539066944359172
2.0319550729520497,-2.947493034633886,13.539643416597368
2.04183931262835,-2.9319605546857614,13.535700278752154
2.0527758018392057,-2.916615739895438,13.53842408575663
2.0621475826833957,-2.9021843508724614,13.533891942496531
2.0719519,-2.8874853,13.531766944359173
2.0835031172439007,-2.8699399335643325,13.529853610496025
2.0931844506390984,-2.856555054664424,13.53471694502145
2.1033591280176114,-2.8410587273007595,13.53222694054444
2.113774528818247,-2.8266434065437496,13.53310027822232
2.1237609,-2.8119761,13.533766944359172
2.1342971,-2.7960176,13.532666944359173
2.1437850892816166,-2.7814385103115824,13.530491945476758
2.1539255735035128,-2.766521812049782,13.532206948173904
2.1646302883925683,-2.751290297212241,13.532209804664685
2.1735211046716127,-2.737213372723448,13.529390474925908
2.1852971,-2.7205596,13.528366944359172
2.1944491569774547,-2.706154230025779,13.524891943986646
2.205136003798776,-2.6910017927521257,13.529433607317133
2.2148240783005373,-2.6759328962043427,13.523220277480576
2.2247966433460022,-2.6622967914365456,13.523866944359172
2.2356288,-2.645249,13.520666944359172
2.2460259167643053,-2.6297790828235694,13.521702661321026
2.2552463540474585,-2.615963644917536,13.518508120169786
2.2664202451741553,-2.600101656451438,13.521766944359172
2.2766696332429333,-2.585170874913946,13.52338569296219
2.285626,-2.5706321,13.516566944359173
2.2972070623937055,-2.554476166855281,13.519606947538065
2.3065001105030647,-2.5400513464622807,13.517814002687714
2.3167977948931098,-2.5247529396535007,13.51536694118028
2.3279706,-2.5094572,13.517966944359172
2.3379750031976214,-2.4960167882908153,13.519719881823235
2.3490639285297057,-2.4792392971509036,13.516754439330041
2.3587750064583535,-2.4648614989088817,13.517437531851984
2.368692495732337,-2.449433973386315,13.511800281401213
2.3804710432336207,-2.4344783074069367,13.519026940544443
2.389620908500358,-2.41873872694429,13.511426939590834
2.400212305877865,-2.402693967763932,13.550380268897431
2.407310404426119,-2.392394855069842,13.626808100535543
2.413622178704263,-2.3793923562227803,13.700173601065151
2.421116747260782,-2.3653034275193385,13.783022539357583
2.4277918,-2.3504577,13.858066944359173
2.4313979236906937,-2.334320491202416,13.930700330674041
2.4345923463760055,-2.3180022746161426,14.000673604244094
2.4355407344501634,-2.303284324149054,14.065813957808817
2.4384993287210492,-2.2871762253525203,14.144424100353723
2.437976994054949,-2.269864090826473,14.211149255061386
2.4368133,-2.2552848,14.260566944359173
2.433599485727423,-2.2331038480237053,14.238059800407264
2.4317817110432283,-2.218261218455051,14.247266944359172
2.4310161040599456,-2.200112186389646,14.252495527465438
2.4290558,-2.1815361,14.250766944359173
2.4268036005006834,-2.1635998079060306,14.24963360996619
2.4248864560371253,-2.1450495675579018,14.247366944359172
2.423630818987021,-2.1283420952018357,14.253104444545437
2.4215236,-2.1088849,14.246066944359173
2.419627926124551,-2.0915333068538002,14.245580276844787
2.4174121853133514,-2.072644046221049,14.243581229100318
2.4157411083974796,-2.054891931752384,14.24783837147089
2.413646311430094,-2.036664555299216,14.24641988603063
2.4121194809608246,-2.0185758433578207,14.245941946221814
2.4100006942509733,-2.001049801562426,14.246346947538065
2.408232929041849,-1.9827607186637495,14.248955180643252
2.405442781053803,-1.9636605476515934,14.247360276632874
2.4038209482821924,-1.9460349336242042,14.24681694078289
2.401715528882375,-1.9296722551435423,14.249966944359173
2.400103149264881,-1.9105887749185408,14.25222027027509
2.39772522555991,-1.8915530560163316,14.245966945849286
2.3957853996985747,-1.8739336014270873,14.251681232262989
2.3935900928664524,-1.8550826570556633,14.248353611873558
2.391968936385566,-1.8385434570971768,14.251331644301672
2.3899872448008392,-1.820329967062975,14.249633606787249
2.3885872195309124,-1.8023266323592961,14.252048195756155
2.3866729995597167,-1.7841606358759576,14.249566947538115
2.384505686052452,-1.7651164032833788,14.248766944359172
2.3825668,-1.7486109,14.249166944359173
2.3801068499999998,-1.7298099,14.246116944359173
2.3787675883244743,-1.7124023540678512,14.252619884628166
2.3771287456329966,-1.6932678854565684,14.285513650232176
2.374210482247759,-1.67862851311749,14.360066877603499
2.3703934,-1.6609748,14.428466944359172
2.367122562347612,-1.646852205133911,14.51206023848617
2.3612935358903293,-1.6329293321502012,14.578816966710535
2.353722402156992,-1.6184048923705876,14.649161017539823
2.3449790970928572,-1.6046959275582542,14.714600307362637
2.336652717402845,-1.5912448458586983,14.790140244843954
2.3267369,-1.5788049,14.848966944359173
2.3150275000000002,-1.5659115,14.930466944359173
2.3036072260423825,-1.5551517678849416,14.996555244991685
2.2912398764364617,-1.5442523192905773,15.059633565991534
2.2786477255126023,-1.5338857697462533,15.130224096947728
2.2631866499999997,-1.5261946499999999,15.164966944359172
2.2458150667042833,-1.5158144760295638,15.155286949127511
2.2327172675735945,-1.5066552641852378,15.150837533254451
2.2168177499999997,-1.4977612,15.156366944359174
2.201146065553251,-1.4883854091028301,15.155766944359172
2.1861996292841392,-1.4789828810931631,15.158966950319712
2.169569930575754,-1.469666853391346,15.154616938398988
2.15459555,-1.4604077,15.154041944359172
2.13941802213265,-1.450741339575914,15.154566944359173
2.1224284,-1.4403875,15.153766944359173
2.1065489643974313,-1.4304753221921989,15.15350694499496
2.0909780860016007,-1.4207967061426066,15.15460979955578
2.075879156256812,-1.412379075081744,15.15532409013574
2.06026479512584,-1.4023698224515342,15.1572419447317
2.044206667879963,-1.3931437968019837,15.154366944359172
2.0289495199332435,-1.38376309572439,15.156973610496024
2.0138421,-1.374358,15.157066944359173
1.9957887887857628,-1.364279309468665,15.155409800285604
1.9824259838790432,-1.3552698143685926,15.155255834131088
1.96625211578513,-1.345810382914573,15.15589001775535
1.9508742866947468,-1.3360243303711357,15.155420279811768
1.93494628,-1.32608064,15.156346944359173
1.9192636600000001,-1.31649548,15.156466944359172
1.9049326417738384,-1.3080574909611098,15.155561061016256
1.8891996199999999,-1.29828604,15.154706944359173
1.873365841262676,-1.2891795320246686,15.155913614416711
1.8572135989918428,-1.279268712772262,15.157631224599632
1.8412824965285945,-1.270372277230823,15.154946947220221
1.825751726505603,-1.2606324292601128,15.151166944359172
1.8107665497945389,-1.2522757922569878,15.149366944359173
1.795551192823651,-1.242471261988397,15.151966944359172
1.7796981752240437,-1.2326322869472532,15.153455177673338
1.7639619799825161,-1.2229282755050466,15.151720279811768
1.7482753875887673,-1.213593477829056,15.151881227154083
1.7334968777120177,-1.204284061833303,15.153566944359172
1.7164379,-1.1941173,15.152166944359173
1.7024934,-1.1853799,15.152566944359172
1.6867315530922673,-1.1759152842533576,15.15596027822232
1.6705130491485012,-1.1661099752384196,15.152438374876883
1.655721952751765,-1.156710818445766,15.152816943696894
1.6395472,-1.1472637,15.151866944359172
1.624094197890692,-1.1376173163429308,15.155502238806811
1.6079101119114982,-1.1277922952347648,15.154786943087595
1.59225192,-1.1182607,15.152906944359172
1.5774383625445172,-1.1092272052273167,15.153679443427853
1.5625023,-1.1001634,15.152566944359172
1.5451542401239768,-1.089773496304538,15.152253610496025
1.5306260834761511,-1.0809112299819081,15.149243415194903
1.5145697525629818,-1.0715802890487165,15.149726945948618
1.4997539787275795,-1.0615462395205957,15.15490540674409
1.484793,-1.0532034,15.150166944359173
1.4681776059307385,-1.0431459633069082,15.147941945849308
1.453662154536275,-1.0339545976494677,15.149302237404346
1.437912944104651,-1.0244334716978731,15.15001361123777
1.4226232274365218,-1.0146253074385654,15.14770979955578
1.4081970476151073,-1.005462102642245,15.148984590180525
1.3928361,-0.9960867,15.147166944359173
1.3772832483114552,-0.9866717325704029,15.147425768548558
1.3623326744226838,-0.9771541733566077,15.148338373173885
1.3459339266760977,-0.9674493959563849,15.147666942769701
1.3318078144439927,-0.9584814626341107,15.147514002687714
1.3152464276663383,-0.9488056898877832,15.148060278116365
1.2991083044941811,-0.939501645876112,15.143766939888833
1.2832087829200691,-0.929315878039876,15.14530444510424
1.267741583900818,-0.9198633415860763,15.146379444917965
1.251277428969328,-0.9097876035272008,15.146296354061429
1.236317684079855,-0.9001034201608544,15.146000281931096
1.22049116,-0.8904425,15.145226944359171
1.2066774405966412,-0.8818967439583364,15.145216945104229
1.1912838672415162,-0.872433642636891,15.142666944359172
1.1749258,-0.8626558,15.144866944359173
1.1596035847104904,-0.8525412751089918,15.148416947765167
1.1443805634468665,-0.8434150466348774,15.1410598019886
1.129628459387403,-0.8339739039970268,15.140014002687716
1.1140540939237058,-0.8246529248978202,15.144124086729745
1.0987031848939044,-0.8146033575284114,15.143366950716956
1.0830716,-0.8047279,15.144866944359173
1.067455226226158,-0.7950907503678475,15.140081229100318
1.0532144913665433,-0.785718260829687,15.144914003430193
1.0375500931334838,-0.7766197287646629,15.141066949127586
1.0225532332321385,-0.7668359898068823,15.17658698568477
1.0091887,-0.7595882,15.253866944359173
0.9935661932003497,-0.7521328159310181,15.325486910980803
0.9774405959542236,-0.7465072932509261,15.396097806700075
0.9630534925697376,-0.7424024008639187,15.470949277500836
0.9471419514430558,-0.7390892253927621,15.542909076568177
0.9324452336136058,-0.7357352279233887,15.617753578707104
0.9168854471628839,-0.7354612391045203,15.673767006346583
0.9012195568188011,-0.7345800427384196,15.751066887042846
0.8851424491377254,-0.736468699566876,15.82040025235494
0.869852320619891,-0.7373222894754768,15.8931026023017
0.8535551276198511,-0.7393749895756153,15.940197679168513
0.8349917412206461,-0.7449422920133508,15.924316816374853
0.8167627587379799,-0.7486027019470715,15.92891360767561
0.8005350392914744,-0.752585383864634,15.927631649896052
0.7822219,-0.7568837,15.923866941538758
0.7639164382157834,-0.76015298321389,15.92743164709112
0.7462901511006914,-0.7649711097862195,15.92394694471765
0.7285604728867978,-0.7686573781765585,15.927820277839107
0.7119334253411498,-0.7723690100584828,15.9303139998673
0.6936559511837493,-0.7763867924468922,15.931196932240425
0.6742814,-0.7809535,15.92806694153876
0.65752068,-0.78512866,15.924706941538759
0.6397544512143561,-0.7893471366754617,15.885967046443866
0.6241263024025235,-0.7918376151377324,15.81118996908525
0.6090702132406771,-0.7938311262765942,15.741061093257482
0.592814056880109,-0.7940617135899183,15.670966998855086
0.5768636804780283,-0.7937275000447034,15.594466965220755
0.5606119314180616,-0.7913000569881303,15.52935977486274
0.5448386491553133,-0.78810981625,15.460066971607128
0.5304309812997868,-0.7843872939680803,15.382049290370617
0.5152051,-0.7789823,15.311666944359173
0.4981032047847532,-0.7724364681145599,15.275248197246267
0.48205005571097054,-0.763804238322154,15.281126940544441
0.4649710407047716,-0.7569400711812951,15.278966942769701
0.45029760170259314,-0.7497812358119574,15.280819874810907
0.4334284321117166,-0.7418949303508174,15.282174085026746
0.41618767259532996,-0.7343197114381081,15.281016943614116
0.39974985,-0.7267233,15.280516944359173
0.3825954852147376,-0.7191276993642115,15.279866944359172
0.3654296646253406,-0.7112104254427792,15.2818598019886
0.3487791,-0.7039527,15.278866944359173
0.3324109591882771,-0.696237441946961,15.277366944359173
0.31644325627314035,-0.6886473486704814,15.280025767146114
0.29958951672441747,-0.6806896119432877,15.281366944359172
0.28209948147818487,-0.6728666838814272,15.277180278222321
0.2668595,-0.6656065,15.279766944359173
0.24832752769754768,-0.6570735631062671,15.283538368064894
0.2330651754344137,-0.6504617587310492,15.280308123552194
0.21632776091450956,-0.6437567586103542,15.270895515544458
0.19927275173411324,-0.6354202194583082,15.275453610284085
0.1836562,-0.6289176,15.271466944359172
0.16658596322565264,-0.62173917980689,15.267416974160103
0.14967990789588095,-0.6133678688722775,15.270466944359173
0.13358592788842089,-0.6062259937598348,15.269460279811767
0.11715988955717328,-0.5986195816479639,15.271280276844788
0.1014683317476123,-0.5916974856457653,15.268925770776013
0.08391801224210828,-0.5828937155386719,15.27014694563075
0.067362199248192,-0.5760743230120003,15.26948694912751
0.05239558503777437,-0.5687181489621362,15.271329444172908
0.03582003135376479,-0.5619606519008193,15.237976004136362
0.02253634008913179,-0.5548828775886733,15.162613107657416
0.0098685,-0.5477724,15.093966944359172
-0.0032048492672537114,-0.5370780100232063,15.020660303547908
-0.015479032563847243,-0.5280123209416153,14.95590809971028
-0.0272057,-0.5167451000000001,14.886116944359173
-0.03884975370040531,-0.5055380126067627,14.807543458671333
-0.0475307978065439,-0.4953277839375622,14.744761034369409
-0.05693105317735321,-0.4804799706822011,14.664286993950679
-0.06332123679834972,-0.46629879580590655,14.604071317784832
-0.06921269715429154,-0.4532461355619891,14.534066980122116
-0.07503578121116924,-0.4407190463837426,14.462249319574802
-0.07893364471182884,-0.42345242041834885,14.395500320078408
-0.08247966811889057,-0.40669059325439083,14.326700244843954
-0.08336682423519945,-0.3887668658972716,14.304091936536079
-0.08677562,-0.36981498,14.311366944359172
-0.0903713,-0.3500555,14.307866944359173
-0.09334871133678047,-0.33089227039294283,14.302679443427852
-0.09541609982289431,-0.3131364569939716,14.307252643075156
-0.09805226810776443,-0.29328654520384645,14.310620278222322
-0.10129717203623971,-0.27593740699690056,14.302508122149728
-0.10396842842883255,-0.2571821504585552,14.301180276632875
-0.1063397,-0.2394279,14.302766944359172
-0.10961312784741145,-0.2209347589441417,14.298724022015847
-0.1124270377929795,-0.20287847530169092,14.30095154986847
-0.11434625023070558,-0.1867526830035202,14.300919877615838
-0.11879921246761503,-0.1674959146260828,14.28888027822232
-0.12070241424802111,-0.15077844816733954,14.292353611873558
-0.12288624,-0.13264894,14.298946944359173
-0.12579099295387353,-0.11443356184156149,14.293186946266538
-0.12951546890032678,-0.09751512921195461,14.281466944359172
-0.1315855013987348,-0.0797115581206091,14.288600278752154
-0.134887,-0.0615367,14.282866944359172
-0.13667928410762942,-0.04396575776907357,14.292752659618028
-0.13986937577970168,-0.02520979634177234,14.286966944359172
-0.14236358327266946,-0.006724517913057299,14.289513608906578
-0.1442630240088075,0.00888426197635443,14.29241988603063
-0.14711437473893346,0.02923153482158468,14.293820279811767
-0.15045212921335707,0.04697172831577914,14.29047870964254
-0.15246883047946022,0.06413368379228954,14.292136944120754
-0.1546131381632069,0.08251146973010777,14.295106941816018
-0.15792132234267842,0.10041557426756237,14.29167870964254
-0.16052202699141696,0.1183222901671435,14.290872207120806
-0.16291413948331943,0.13736712656119618,14.291409806367653
-0.1657876257640555,0.15517728389485763,14.290460696314947
-0.16861499928157037,0.17444035867281252,14.291933610496024
-0.1707591435647869,0.19139677860679072,14.292702236001881
-0.17335784744178653,0.2089724805833267,14.289533613674916
-0.1755915700564868,0.22717202732824707,14.336320832412579
-0.17870428784540923,0.24189683877643467,14.406686897629086
-0.18269040107627593,0.25782348903629027,14.478366957982919
-0.18754047283970854,0.27234480611244394,14.543041911949212
-0.19444038872615804,0.28703704178133516,14.611166971607128
-0.20214676204359674,0.30058044644414167,14.67994317051721
-0.21067939154732576,0.31544589465469286,14.724680268685644
-0.22065479785884035,0.3300326963083454,14.702531456022493
-0.2305432755130192,0.34689428825292484,14.712116946913625
-0.2404570884478914,0.3620234336675876,14.711019888835562
-0.2503338,0.377498,14.710066944359173
-0.25991865152719273,0.39304795593790565,14.708255836780165
-0.2696073252960343,0.40857772713184454,14.708640273453982
-0.2791234597564714,0.42396955922173024,14.707138368064895
-0.28827722670434625,0.43809187554801343,14.703443416597368
-0.29917682040190735,0.4552306943324251,14.706209798582606
-0.3084033897659032,0.468953940948308,14.710091945476757
-0.31794768766729187,0.4847688615475093,14.70800027716268
-0.328147177833585,0.5002244402288802,14.70360027504343
-0.3386263,0.516284,14.695066944359173
-0.34842646621423706,0.5317702958634196,14.695974088432742
-0.3575538776632447,0.5458011394774487,14.698984589933053
-0.36803167127348446,0.5613916399148043,14.696800278752153
-0.3790069676912859,0.5781804939680864,14.690095520166805
-0.3891181439672945,0.5941689557914813,14.688561061016255
-0.3990412898349824,0.6097269490165358,14.690024089162565
-0.4078339280484251,0.6231507960767172,14.695355834131087
-0.41685683971642146,0.6400064933228616,14.694778705435144
-0.4274339191687999,0.6555464079280229,14.690998524693459
-0.4376833418874381,0.6712801539893132,14.692502238806812
-0.4470942416222946,0.6872155604016,14.697244721253924
-0.4562571,0.7037437,14.690766944359172
-0.4657961918222999,0.7172177649765556,14.688666944359174
-0.4758545210748496,0.7333146118241869,14.683578711045007
-0.48606769331743865,0.7496056694754769,14.685381229100317
-0.4952092,0.7654198,14.691166944359173
-0.5039527103950954,0.7787769794686649,14.688485990680698
-0.5117742725495421,0.797008358209332,14.69676693874931
-0.5164154317740743,0.8121730923920559,14.644166927669856
-0.5234505178197271,0.8245288954644264,14.544484587375596
-0.5274636190058015,0.8377688428872287,14.49160029888512
-0.532486393093747,0.8544600857646947,14.415346948809692
-0.5342467841416894,0.8655930975817439,14.349609928010398
-0.5398409236205722,0.8798187083174387,14.253266910299228
-0.5445845305412064,0.8990652696972106,14.153800664457718
-0.5445032406372714,0.9123967030292831,14.081149279151049
-0.5415016542019311,0.924909898784122,14.029167313890701
-0.5428229811127728,0.9473223843921365,13.919021429913066
-0.5343659007096476,0.9629169087766294,13.886796355463895
-0.5324289117763638,0.9809398623470771,13.887841938771247
-0.5259127832419394,0.9968443732563846,13.917149294330422
-0.52079849239609,1.0138895046491299,13.918733602548793
-0.5185464666666666,1.0353768333333333,13.895266944359173
-0.516805844044763,1.0549408859884666,13.876723194638569
-0.5130747,1.0716352,13.876766944359172
-0.50605924598404,1.0869778610521297,13.9017551832832
-0.501995581956895,1.105114986868205,13.900486956756655
-0.49973369800071527,1.1235998654740211,13.872716929883943
-0.49668023821395046,1.1420571596209153,13.874304443055323
-0.4914140459302233,1.1567869344321704,13.899773527844827
-0.4999730934477729,1.1723796590612028,13.774649293175507
-0.49719013269758017,1.189664093682203,13.761916854956382
-0.4784263028880694,1.2088280916155387,13.872433606787249
-0.47298850975125173,1.226422732663117,13.884993623211592
-0.46700005808650286,1.244276469221923,13.907402218677584
-0.45941707966384554,1.26222541987126,13.938366848996196
-0.45211439453426516,1.2778109108867663,13.96047941362559
-0.45627387412817494,1.293035658494135,13.863680275255316
-0.45207151247556226,1.3126581975792737,13.865366960253633
-0.45234648716175946,1.3296367396233162,13.825166872836942
-0.44952181727861035,1.354153336294278,13.796209784958627
-0.4413349963381625,1.3692277084330253,13.828831668143586
-0.43681316,1.38709906,13.836786944359172
-0.43285639628699496,1.3998267603522268,13.823326934186555
-0.4309468,1.4182418,13.823866944359173
-0.42379182521855235,1.4414929284388214,13.829673591528325
-0.4159782884422815,1.453738769280395,13.842166944359173
-0.41509318,1.47340484,13.823606944359172
-0.4147631318863846,1.4934857410306133,13.802233605197777
-0.4082547236413615,1.509193172901561,13.813902210757501
-0.40398611591646005,1.5268500740511157,13.823026938637257
-0.40015654795151995,1.5456638101291478,13.807650274381027
-0.39485244502194855,1.5632430541099251,13.817896361073757
-0.38865677077008665,1.579956794277994,13.83420028299066
-0.38483343333333336,1.5983452,13.831166944359172
-0.3817696,1.6175922,13.814666944359173
-0.3778516973893052,1.63483922636921,13.81042409013574
-0.3731839961277927,1.6500364342748552,13.817755177673337
-0.3686316265964861,1.6640505702912372,13.832566944359172
-0.3651230243688574,1.688005543426316,13.807611390569667
-0.36283823861008463,1.7053478501490047,13.793416854956384
-0.3581305,1.7250676,13.790666944359172
-0.3535128012902683,1.743707089621755,13.781749311160008
-0.349878441239782,1.7640772705483652,13.770138385094867
-0.3451406660477119,1.7811526831171198,13.779696354061429
-0.339482,1.7851714,13.820966944359173
-0.3373329,1.80962148,13.790826944359173
-0.33445772578044675,1.8268266964386297,13.770341944731701
-0.32905849304117185,1.8476350606535636,13.775829442682795
-0.3232655,1.8693706,13.769766944359173
-0.31998783963283794,1.8844598942700468,13.765940257559523
-0.31460032062942067,1.9006803518985935,13.78481361208547
-0.3103614,1.9178245500000002,13.782216944359174
-0.3052518238164777,1.9378595306501365,13.790341941751475
-0.3013552766859673,1.9559630562363761,13.778774079917756
-0.29760039836512264,1.974595933753406,13.771352666430017
-0.2929019640139646,1.9919118457629428,13.775381229100317
-0.28816499146444846,2.0080751479389636,13.778989160105702
-0.28337870893769834,2.0245706076681222,13.792366944359173
-0.27954614170229675,2.043129594246205,13.779053618443255
-0.27531116656662413,2.063169788431062,13.771561062418721
-0.270986085819609,2.0804125084730223,13.774051560872396
-0.2644479829349705,2.0897389240165105,13.802192273679074
-0.2622057021317476,2.1102558249568744,13.781443410987505
-0.25762372058047495,2.1304195151460728,13.780466950717058
-0.2537005,2.1507333,13.768066944359173
-0.2483851,2.1677133,13.781466944359172
-0.24465428,2.1829912,13.771106944359172
-0.23923881289006071,2.2010493091300507,13.787772840324278
-0.23875333230549153,2.2141297212032107,13.762520270275092
-0.2347748184375745,2.232179285806246,13.75214694118028
-0.22753872395411132,2.251819998695707,13.769796355463894
-0.22267050109671158,2.2712712864341547,13.766616955428466
-0.2176668462170582,2.290086964453063,13.771786922424468
-0.21177802128521941,2.306690685879977,13.789819877615837
-0.20731214982943919,2.3239863165792465,13.78743616271372
-0.20390251114819855,2.343019376454006,13.773437530449518
-0.19891249255491625,2.3625933161553867,13.77694694563075
-0.1935147355431932,2.3784569262783117,13.787933607317132
-0.18982160284560257,2.394540200732087,13.783961055406392
-0.18510945891248448,2.4136363494541984,13.780238371957477
-0.18132892169473935,2.4306152095676197,13.774661056808858
-0.17815583999999998,2.44637932,13.767626944359172
-0.17312325500752507,2.4639304542758795,13.775385697432531
-0.16783699012353037,2.480740016315248,13.786229442682796
-0.16275954376362398,2.501391703598433,13.786316946062168
-0.1585183659298365,2.519780036341962,13.7799598019886
-0.15364178856429603,2.536833157625906,13.785331649911534
-0.14983444613599517,2.5530267426677686,13.782726943723384
-0.14454952802404591,2.5730771232625465,13.786288372808961
-0.1410701877944836,2.5888954236197828,13.779079444917965
-0.13554177713581816,2.6069293153063655,13.784033605727686
-0.13292374685076364,2.6216338493359324,13.778790472120978
-0.12877435037229945,2.639521004966438,13.776243869129006
-0.1232512,2.6578013,13.778916944359173
-0.11821838060109673,2.675422394442029,13.782643416597368
-0.11330401261580382,2.694997956842643,13.786452659618028
-0.10869894499950913,2.7127860557297727,13.783996352658964
-0.1042998836307902,2.7298458497275204,13.780224086729746
-0.10008229791893733,2.748774379945504,13.779481232506312
-0.09505971913777628,2.7656359354454167,13.785778709477539
-0.09014967719144877,2.7843259869983314,13.785750279017044
-0.08600245235810398,2.801452539221267,13.781366947339398
-0.08074351801941416,2.819708224877384,13.783331230803315
-0.07580022870221727,2.8374089320543594,13.785940276632875
-0.07112806113742569,2.854405955432813,13.786226943723385
-0.0664958084979564,2.872998357612398,13.785924090135738
-0.06199777457425068,2.891079711398161,13.782366944359172
-0.057571313488913506,2.9076242715243397,13.785925766568617
-0.05278191297803351,2.9245801349381693,13.789166944359172
-0.04849474343324251,2.943118517917234,13.78421694606217
-0.04354514867360725,2.9607237988381145,13.783660278222321
-0.0390014726243188,2.979301124882493,13.785466942656175
-0.0344371762197944,2.9951497188098677,13.784737531851984
-0.02980456740312172,3.0135833302794293,13.782266944359172
-0.024789115749821188,3.031608432189462,13.783913608906577
-0.020399734774454018,3.048935633747656,13.78084694563075
-0.01506576825081459,3.062166178072002,13.807153615264362
-0.01034934602891884,3.078168116675315,13.808690472120977
-0.00734034,3.09711406,13.796486944359172
-0.00227818173379534,3.1142299755284992,13.795306941816019
0.0029321775588967204,3.130280410170022,13.80170445050589
0.0073838,3.1505457,13.797966944359173
0.012548400000000001,3.16742152,13.798746944359173
0.01627437900789588,3.1842477141312426,13.79182576516615
0.021914,3.2034838,13.792466944359173
0.026199466243626894,3.219728854106298,13.795482327845951
0.031201219999999998,3.2377262200000003,13.796506944359173
0.0349709,3.2549666,13.789866944359172
0.0396523171675806,3.272107497590564,13.794749297135354
0.0444948,3.2905956,13.798566944359173
0.048970949063854255,3.307350819952877,13.796284587375595
0.05304246675749318,3.324236164414169,13.788666954577156
0.05848051894014051,3.343516757077916,13.793240276209
0.0631539066490891,3.359543533026661,13.794261061016256
0.06728501498978201,3.3775150747786107,13.78995265791503
0.07248318901028007,3.3957513553763516,13.790019886030631
0.07713032491019486,3.4133179475379087,13.79307361060198
0.0815270618672961,3.4316026676179576,13.790686945312848
0.08731592742702171,3.4473938300198186,13.77069192312506
0.09188532184216801,3.461157511982834,13.6943602464334
0.11119954487738419,3.475578862608992,13.761988344222933
0.118491959538697,3.4891972188343603,13.690334674683807
0.11706357698438377,3.5049937087975342,13.52339523917704
0.12371361838911091,3.5215651513468718,13.416948732342542
0.13752669958089483,3.5323033361669682,13.410673207400876
0.15204812009335195,3.543592178616244,13.404075871487978
0.16621538501937114,3.5546057031918723,13.397639434666678
0.18038262179759296,3.565619205885616,13.391203010633415
0.19419570298937688,3.5763573907057125,13.38492748569175
0.20836293976759873,3.587370893399456,13.378491061658487
0.22253020469361792,3.5983844179750846,13.372054624837187
0.23752388895025367,3.610040394686326,13.365242731226083
0.25086470639785896,3.6204114452444567,13.359181763982624
0.2658583625066973,3.6320674000738133,13.352369883159557
0.28002562743271653,3.6430809246494418,13.345933446338258
0.2941928642109383,3.6540944273431855,13.339497022304995
0.30836012913695754,3.665107951918814,13.333060585483695
0.3225273659151794,3.6761214546125576,13.326624161450432
0.3364584989691093,3.686951412057203,13.320295003478234
0.3508618676194204,3.69814848188193,13.31375130059587
0.3650291325454396,3.7091620064575586,13.307314863774568
0.37919636932366146,3.7201755091513022,13.300878439741306
0.3933636342496806,3.7311890337269307,13.294442002920006
0.4075308710279025,3.7422025364206744,13.288005578886743
0.4216981359539217,3.753216060996303,13.281569142065443
0.4358653727321435,3.7642295636900465,13.27513271803218
0.4500326376581627,3.775243088265675,13.26869628121088
0.46419987443638455,3.7862565909594186,13.262259857177618
0.4783671393624037,3.797270115535047,13.255823420356316
0.49253437614062556,3.8082836182287907,13.249386996323054
0.5027675,3.8195175,13.236866944359173
0.5183413653495248,3.8317398843818546,13.241620236154322
0.531095690595198,3.843192751321104,13.23547870246531
0.5445756503639889,3.856734907732778,13.220466963432829
0.5591311897224114,3.865571854870572,13.227652656212033
0.5724571,3.8762527,13.230166944359173
0.5885159655169674,3.8888668972820475,13.226233605727685
0.6040467018596694,3.897755207215685,13.228119886030631
0.6184217456886275,3.90936014252563,13.22790028299066
0.633282798718886,3.9211345442635976,13.228580276844788
0.6471461200528189,3.9318121196621796,13.228074632434586
0.6607365438227362,3.942302828693618,13.225848195756154
0.6766855719667167,3.953775349400377,13.225266944359172
0.690360496269494,3.9648053676259396,13.223796356453866
0.7033485426055858,3.9765115541110356,13.208652673242007
0.7177448876782547,3.9877698643415935,13.20828569296219
0.7330029538183619,3.9990556031672964,13.213243863627046
0.74704382,4.01013454,13.206786944359173
0.7603873972790535,4.0204174462844025,13.208848195756154
0.7739874940498289,4.033220467238296,13.193095513354931
0.7880435127301797,4.044929878469349,13.191231652716464
0.8058829257029325,4.0537030313565925,13.22530027504343
0.8201685612772992,4.064242329649999,13.22510027557321
0.833798434222552,4.075103311832258,13.224028055396698
0.8476223873806151,4.087365341165168,13.208502306125157
0.8269134,4.1537284,12.814266944359172
0.8410873342337036,4.165677552409402,12.8086492959804
0.8557976816706403,4.176528816525885,12.8106098019886
0.8718421854215752,4.189014809365534,12.808696357856311
0.8864280574530311,4.199145911921035,12.814580273665845
0.90068934,4.2102123,12.815266944359172
0.9149442592537402,4.221250144777076,12.818554440633834
0.9313460413110247,4.234123506827203,12.816543419402299
0.9483102518151763,4.246523132269447,12.764473620138808
0.9651243817213702,4.257358810490344,12.693026922106927
0.9833203359638797,4.266202455640824,12.640166947339399
1.0033390352929155,4.275344560071526,12.555309764522661
1.0204604622092417,4.282373960362992,12.47575444827072
1.0527070013716113,4.220691315815603,12.83065518047827
1.0700188714285714,4.2248509,12.752966944359173
1.0861452725745517,4.2258355310017235,12.69110539207219
1.1042419250000002,4.226702875,12.620441944359172
1.1189667861826322,4.223294052699635,12.564777644491105
1.137541550536001,4.223288442914386,12.564887319993057
1.1556633043483642,4.223282969943355,12.564994320674614
1.1762012583980335,4.223276767253002,12.565115587915294
1.1943229762057441,4.223271294292845,12.56522258838426
1.2124447300181074,4.223265821321813,12.565329589065819
1.230566447825818,4.223260348361656,12.565436589534785
1.2509533983618188,4.223254191276042,12.56555696516867
1.268622105628524,4.223248855130102,12.565661290817243
1.2867438234362347,4.223243382169945,12.56576829128621
1.3048655772485982,4.223237909198914,12.565875291967767
1.3229872950563086,4.2232324362387565,12.565982292436734
1.341109048868672,4.223226963267725,12.566089293118292
1.3592307666763825,4.2232214903075675,12.566196293587259
1.3779565705480725,4.223215834906706,12.566306860908597
1.3954742382964564,4.223210544376379,12.566410294737784
1.4142000421681464,4.223204888975517,12.566520862059122
1.4326238030078466,4.223199324795008,12.566629645954276
1.4504435137882203,4.223193943044329,12.566734863209646
1.468565231595931,4.223188470084172,12.566841863678613
1.4866869854082942,4.22318299711314,12.566948864360171
1.504808703216005,4.223177524152983,12.567055864829138
1.5230814605420366,4.223172005577212,12.567163757117493
1.5410521748360788,4.223166578221795,12.567269865979663
1.559173928648442,4.223161105250763,12.56737686666122
1.5772956464561527,4.223155632290606,12.567483867130187
1.5949643537228582,4.2231502961446665,12.567588192778762
1.6130860715305686,4.223144823184509,12.567695193247728
1.6322649219479164,4.2231390309585555,12.56780843560205
1.6493295431506425,4.2231338772533205,12.567909194398252
1.6685083935679905,4.223128085027367,12.568022436752575
1.6866301113757012,4.22312261206721,12.568129437221542
1.7047518651880644,4.223117139096178,12.5682364379031
1.7222695329364486,4.223111848565852,12.568339871732286
1.740391286748812,4.223106375594821,12.568446872413844
1.759117054615849,4.223100720204833,12.568557439522591
1.7772388084282125,4.223095247233801,12.568664440204149
1.795360526235923,4.223089774273644,12.568771440673116
1.8128782299889599,4.2230844837324435,12.568874874714892
1.8309999477966703,4.223079010772286,12.568981875183859
1.8491217016090338,4.223073537801255,12.569088875865416
1.8678474694760707,4.223067882411267,12.569199442974165
1.8853651372244549,4.22306259188094,12.56930287680335
1.9040909410961446,4.223056936480079,12.56941344412469
1.92328075,4.22333145,12.563116944359173
1.94166433502718,4.223044933243793,12.56568027843426
1.9585974814615028,4.2239134187188005,12.535110653846722
1.9753592328485479,4.2225930351584084,12.449919912677476
1.9922855092729739,4.2185004376342965,12.373198142857138
2.0058102135341334,4.210299242128269,12.317893647053284
2.0186393349048197,4.208615072954285,12.241709036941772
2.032343089919219,4.20189664845731,12.162161082135453
2.047341071593754,4.194272908761474,12.095716580787828
2.0647463938652044,4.194857001373884,12.041441946221813
2.0842034884079856,4.183803349750454,12.04498696057178
2.09732978,4.1746586599999995,12.061286944359173
2.1130121155463306,4.166145206977266,12.06330812214973
2.1290526,4.1574506,12.050466944359172
2.1460545614896986,4.14857697843569,12.05252576516615
2.1618876400670377,4.138658153652722,12.062531649911534
2.1762405772006232,4.130563381040786,12.058026946902327
2.1944406586263856,4.121685163549667,12.051016943507689
2.2092999,4.1130547,12.054866944359173
2.2252973921628065,4.103221396328338,12.057352656212034
2.2410081212442496,4.095790712619208,12.048014004832638
2.2573146027402484,4.086536491607592,12.050900278752152
2.273279860042575,4.07673634102861,12.05615265791503
2.2878159228770176,4.0692484027684666,12.047766944359173
2.3042756,4.059053,12.050066944359173
2.319363757387487,4.050453306347559,12.050461056808858
2.335585487384411,4.041379691568603,12.049366944359173
2.351506367368672,4.032685537852658,12.052533613674916
2.3668373731553225,4.023647341888187,12.050066944359173
2.38336162420288,4.0145630575801885,12.052446944041279
2.398292316969833,4.005870933161297,12.050466944359172
2.4130307799999997,3.99791838,12.043266944359173
2.4298191333463897,3.9883875487551093,12.043881230803313
2.445307331434021,3.9791334019191797,12.05111696223973
2.4617557,3.9701366,12.044266944359173
2.477893340591274,3.9616070291488517,12.041400276632874
2.493043822558822,3.952374576490486,12.044591943986644
2.5095891999999997,3.9442644999999996,12.042846944359173
2.5252566,3.9342337,12.048066944359173
2.541561179990123,3.9251755480628736,12.048588376214898
2.557869896771117,3.916571487552793,12.045524088432742
2.5729419362917048,3.908025694455289,12.044910694079777
2.5893869,3.8982533,12.047866944359173
2.6057103278576297,3.8890854892200273,12.047474086729745
2.6216953,3.8804942,12.045066944359172
2.6380883594293887,3.8714552639068582,12.041566944359172
2.652977959681921,3.8622426432295973,12.04651988603063
2.6693456334673766,3.8534392163108957,12.042706941180281
2.6847259133868966,3.844242343624833,12.043566944359172
2.699450019593102,3.835461152837956,12.048840276632875
2.71626628571088,3.825798177580863,12.046113610496024
2.7314919854760666,3.8176858538630913,12.047808122149728
2.7485040063561947,3.8086467642104425,12.047166944359173
2.763618,3.7993778,12.047366944359172
2.7788132,3.7910816,12.04443361102584
2.7960637887974062,3.7810228757414883,12.048146942451806
2.8120444800953677,3.7726495177486377,12.015766981825111
2.8244139631235714,3.76466257141074,11.945231658326326
2.8378806,3.7600667,11.843466944359172
2.849263609020658,3.748606476207172,11.781966893870413
2.862360671394739,3.738375061308114,11.703466907801912
2.8722202,3.7248576,11.627366944359173
2.880816948664152,3.7134019820708803,11.563619873408442
2.8878594970913136,3.698912224699992,11.494946988863664
2.8969549,3.6845433,11.435366944359172
2.903372642935707,3.6679596261972502,11.403586934822496
2.910550594028356,3.6502129049861716,11.41043360996619
2.9187471358228527,3.6346107855814505,11.401298189516233
2.92587250426932,3.6175567390278793,11.39998694944548
2.9333980575964547,3.6008565915249005,11.396178702630213
2.94005823131812,3.5849254789986373,11.402124086729746
2.947514296522292,3.5677805402749745,11.399900279811767
2.9553639528303814,3.5507581075,11.399638374876883
2.9617431214114354,3.5357169207125723,11.39950444603555
2.969077468038147,3.5181173429427792,11.400538374876882
2.97641396,3.50148618,11.399746944359173
2.9833775621117167,3.485123661280654,11.401416939250181
2.9905329101175067,3.4673348681403273,11.401995512138463
2.9939588131553156,3.4480526044292565,11.462511399841436
3.001885728658168,3.4300306303175767,11.471793622046173
3.008044748185911,3.4153687445423055,11.464366944359172
3.0153944,3.39797418,11.469486944359172
3.0229888,3.38007926,11.472526944359172
3.0299854429000184,3.3649779553370824,11.467461061016255
3.0378216717903306,3.3455915336847126,11.471945512503448
3.0443617385164434,3.3302071600068546,11.471429444172907
3.0486665978169687,3.3128877617445505,11.461196334275039
3.051290090575403,3.2962543729806155,11.449236430874851
3.054066625102588,3.2786506734626055,11.436578845056992
3.0565370813046893,3.262987562405139,11.42531660031226
3.0591605792755403,3.2463541405935983,11.413356673149858
3.061784072033975,3.229720751829663,11.40139676974967
3.064538740472815,3.21225568701801,11.388838866427031
3.067096650603464,3.196038103230328,11.377177939225854
3.069807597290446,3.178850241736177,11.36481935336922
3.0724310900488807,3.1622168529722416,11.352859449969033
3.075054588019732,3.1455834311607007,11.34089952280663
3.0776780807781665,3.1289500423967653,11.328939619406444
3.08021412482047,3.1128710933154404,11.317378374700485
3.0829250715074528,3.0956832318212895,11.305019788843854
3.0855485694783042,3.079049810009748,11.293059861681451
3.0881720622367386,3.062416421245813,11.281099958281263
3.0907299723673876,3.046198837458131,11.269439031080086
3.0933316042498933,3.029704050352947,11.257578786412903
3.0959769630966734,3.012932026882655,11.245519200517496
3.0986660436953106,2.9958828000948605,11.233260297156082
3.101245814701888,2.9795266146484276,11.221499711221902
3.103891173548668,2.9627545911781357,11.209440125326497
3.1064490784669,2.9465370404380593,11.197779221887535
3.1091162981896088,2.9296264153090164,11.185619977259126
3.111783517912317,2.912715790179973,11.173460732630716
3.1144070158831685,2.896082368368432,11.161500805468313
3.1169649208014008,2.8798648176283557,11.14983990202935
3.119566557896323,2.8633699974755658,11.137979633599953
3.122277499370889,2.8461821690290208,11.125621071505535
3.1249009973417405,2.82954874721748,11.113661144343132
3.1274589022599724,2.8133311964774035,11.102000240904172
3.130082400230824,2.796697774665862,11.090040313741767
3.132858929545592,2.779094108195458,11.077382751686125
3.1353293909601097,2.7634309640903862,11.066120483179178
3.138062198523021,2.7461045009374843,11.053662238589542
3.140576381689396,2.73016415351491,11.042200652616588
3.1433529110041643,2.712560487044506,11.029543090560944
3.1459764089750153,2.695927065232965,11.017583163398541
3.148556179981593,2.6795708797865316,11.005822577464361
3.1512233997043015,2.6626602546574887,10.99366333283595
3.153846892462736,2.6460268658935533,10.981703429435763
3.1564266634693134,2.6296706804471204,10.969942843501583
3.159093883192022,2.612760055318077,10.957783598873174
3.161695515074528,2.596265268212893,10.94592335420599
3.1642971521694507,2.579770448060103,10.93406308577659
3.1669643718921594,2.5628598229310597,10.92190384114818
3.1695441428987365,2.546503637484627,10.910143255214
3.1721239086928974,2.5301474850857995,10.898382693042036
3.17483485537988,2.5129596235916485,10.886024107185403
3.1774583533507315,2.4963262017801076,10.874064180023
3.1800818461091658,2.4796928130161726,10.862104276622812
3.1826397562398148,2.4634752292284903,10.850443349421635
3.1852413881223205,2.446980442123306,10.838583104754452
3.1879523295968863,2.429792613676761,10.826224542660036
3.190575827567738,2.41315919186522,10.814264615497631
3.1931993203261726,2.3965258031012846,10.802304712097445
3.195757230456821,2.3803082193136027,10.790643784896268
3.198533764984006,2.3627045197955927,10.77798619907841
3.2010042211861074,2.3470414087381264,10.766723954333678
3.2036277139445417,2.3304080199741914,10.75476405093349
3.206251211915393,2.3137745981626505,10.742804123771087
3.208874704673828,2.297141209398715,10.730844220370901
3.2111130045776046,2.280848799038385,10.719308297317133
3.20523512901941,2.263544463544822,10.722911046453865
3.199490211491695,2.245828602503378,10.72481498888512
3.194435760686637,2.229006000468417,10.720758104122439
3.187980435523095,2.2108678738977017,10.726281632769702
3.1830208956250745,2.1933388369424907,10.71963163180472
3.1774584,2.1759658,10.716381634359173
3.1725201,2.1601662,10.716281634359172
3.1665229297841604,2.141460807050194,10.720946339911533
3.16065534,2.1234837,10.718301634359172
3.155291233595066,2.106347062580666,10.717781634359172
3.1499025,2.08999505,10.716431634359171
3.143929963982579,2.071918890523572,10.713794966844787
3.1381663945303844,2.0562534895376072,10.710122810747261
3.1312908191782562,2.037710928508305,10.72074163118028
3.1261914262707826,2.0205284851972536,10.717534967480576
3.1218666855456876,2.005017906663885,10.711037886966908
3.1152667,1.9864007,10.711181634359173
3.10918351131963,1.9689338182864735,10.68032442143705
3.104613975383925,1.9555999380026088,10.617693392630212
3.098713621741796,1.9418844691677593,10.550167385623626
3.090258638828338,1.926739872510218,10.474095885040372
3.080715408058812,1.9147056449433737,10.407681701913315
3.084466557774104,1.9033396169056171,10.162081616874987
3.0784031321164607,1.8898771537060153,10.090104923701837
3.0608301571440735,1.8778121634162126,10.062295874822388
3.0453849715243395,1.8680293060446265,10.003364037624113
3.0308045,1.8593528,9.987581634359172
3.0151724197343324,1.8504451457833788,9.90921738027198
3.000872922599055,1.8460989993130579,9.855494124487175
2.985589827623519,1.838304121516341,9.77017392427591
2.967031285173411,1.8305021995215691,9.685501629908654
2.9504232987574155,1.8257488226231715,9.650411051073757
2.934309733328035,1.8231696878945862,9.682874968116366
2.9178735211298035,1.819335386404208,9.690844132682795
2.8993036400524517,1.8144368408770895,9.686422811572232
2.8834622736237274,1.8104983010585796,9.693321633882334
2.865046580039935,1.8058089308185192,9.698294133427853
2.847454909522741,1.800978864150176,9.69946987047827
2.829234515004371,1.7964939218151474,9.698914965043429
2.8126685082619245,1.7927624047641755,9.707505163523443
2.794624179578797,1.7881864845696576,9.708454961864536
2.7768075792114324,1.7833491603972642,9.70086913827072
2.7595020539305177,1.7790218703576295,9.707445917397319
2.742600769714213,1.7729893344088756,9.69282163499496
2.725756898974798,1.7686086891533317,9.693834573225699
2.70785898,1.76455506,9.694721634359173
2.690678547372604,1.7598450051149188,9.69548830060198
2.6731293501328337,1.754837859260899,9.692281634359173
2.65470561037289,1.749540245805385,9.681134967480576
2.6387951147174733,1.7445897628627127,9.67139927597313
2.620288144486124,1.7407788204819277,9.681781629590757
2.602644023718497,1.7354257315274253,9.67532869689511
2.584960452811775,1.7313215345710018,9.678314965573211
2.5666292183236883,1.7260122066454255,9.67170892482019
2.5477317170073435,1.7206978590456814,9.66481496557321
2.5318964704837104,1.717026898415214,9.669940460776013
2.513867788562346,1.7117032084431376,9.662868300496024
2.4954470290969524,1.7072561503933916,9.667558106597369
2.4777180199999997,1.70235722,9.665321634359172
2.459694571818673,1.6973185263534347,9.662874968116366
2.4435719932878,1.6932594128662188,9.665975751016257
2.4233066794004516,1.6877923947642814,9.663194966844788
2.406511279899864,1.6838930704478323,9.665081637008283
2.3890672297771562,1.6797451140604636,9.665941633723385
2.370921228614976,1.674735861034383,9.66445306876935
2.3550117613896795,1.6705584217422402,9.665331638084455
2.3344969,1.6664153,9.650181634359173
2.3190907847229427,1.6631832952274097,9.589034592860218
2.30782152,1.65884758,9.487201634359172
2.28831674,1.65834974,9.411701637179586
2.2749072569357316,1.6600848118389484,9.36628167741264
2.257885989510073,1.6623343102157588,9.277381267648057
2.2417335140905994,1.6640291487908718,9.192388806798114
2.227714523480062,1.6675095855784705,9.128294157296413
2.2111177669670745,1.6710925807262238,9.050841618582918
2.1966742130225985,1.6777560937892748,8.98621020276941
2.1833494,1.6840022,8.920581637179586
2.168669916758911,1.6943339414979308,8.852853000065096
2.154035859893606,1.7031348429852926,8.81250040217385
2.1384048341730906,1.7138020927362314,8.829781637179586
2.1245773194015616,1.7232270365540123,8.82048996802936
2.1093278006212923,1.7341590417499964,8.820663984345904
2.093011306702997,1.7450444809196186,8.820067352438441
2.079675432587689,1.7549037523933073,8.822111048284308
2.0643958907053515,1.7650508041594837,8.820981637179585
2.04902552,1.77619082,8.823521637179587
2.0348315,1.7858748,8.822681637179587
2.0197749,1.7960271,8.818981637179586
2.0034737847084596,1.8075066576077723,8.821106632336718
1.9872322259481197,1.819307371187653,8.822414968393625
1.9727771979279551,1.829479930837921,8.82475436031453
1.9583751688879285,1.8396078212057996,8.825394139228491
1.9431389079273174,1.8507758187105123,8.828395923380434
1.926346650538831,1.86141516178593,8.824294969665202
1.913362692104119,1.8704641736055987,8.825681637179587
1.8982002032361636,1.8820809979003084,8.82496163527222
1.883225,1.8924385,8.826881637179586
1.8671762136273842,1.9030705664645777,8.824538776144164
1.8546934866808584,1.9115769861052452,8.83053877273817
1.8411083859271622,1.9216480341121775,8.822887889787324
1.8249061466009695,1.9335702851323213,8.829014975811074
1.8073235,1.9460561,8.843681637179586
1.791875563220218,1.956799787896368,8.80543486772874
1.7812599628371613,1.9622714704585553,8.715148284243083
1.7727850535405243,1.9722702930886498,8.658540428534788
1.7606376799999999,1.98335622,8.568241637179586
1.7504264381743868,1.9983964685183924,8.543267311566508
1.7412600375903997,2.0114428071811172,8.468961670557954
1.7334934061903953,2.0248287166553136,8.400395911702747
1.7264576763429644,2.038744384727831,8.367069130660342
1.7178270764562131,2.055778372251114,8.368756640532341
1.70990656,2.07174128,8.368921637179588
1.7012034,2.0878201,8.364281637179586
1.69349546,2.10406616,8.366421637179586
1.68494644,2.1215093,8.333581637179586
1.6779003654487477,2.1339259183716046,8.249569167913169
1.673162177923471,2.1489045804744307,8.168831285528615
1.6695176009929458,2.1631001378679717,8.106358120637505
1.6660530056218708,2.1795942537455297,8.034894939253812
1.6639593733821527,2.195237321941417,7.955824535680948
1.664088687313177,2.210530380057816,7.897000391743058
1.6651737,2.2276276,7.8295816371795866
1.6653763820666734,2.243656590676409,7.78055810661285
1.6650381342268392,2.262229478215259,7.764795915108741
1.6686959274258921,2.2816225411984425,7.786908300137545
1.6702466242949103,2.298925080101819,7.783346345536878
1.6740637,2.31744288,7.803881637179586
1.6754432880939962,2.3353853460221434,7.795806633826832
1.6778442755234022,2.353757290214427,7.803456639042228
1.679478220129065,2.3723827229837555,7.800154969029413
1.6814104731463086,2.390496806071684,7.79963996190342
1.6832616054302705,2.407301246228823,7.8027581069428535
1.6849464,2.4259687,7.805681637179586
1.686642237300511,2.4447266734670463,7.80342539137053
1.6887684740925075,2.4625751886392084,7.805731640159857
1.690595947222443,2.480461774823174,7.807374969453289
1.692446127118599,2.498477799202628,7.807942746083134
1.693548079641418,2.5154792541163005,7.800221620013432
1.6956253533058159,2.5340822170677555,7.797606633826832
1.69708316,2.5510692600000002,7.785721637179586
1.6994734592761547,2.570999555105382,7.791541634954326
1.7010926700194944,2.58721540214437,7.763999350319286
1.7038631226158039,2.602502981246594,7.675553258432992
1.7065931222248714,2.6179699851408778,7.6052522372945885
1.711681394754828,2.634701600915521,7.538101694399645
1.7181043338716344,2.6487056680484473,7.461168296746614
1.725797206866407,2.6607734008424067,7.3992683653048354
1.7344135,2.6721872,7.3318816371795865
1.7427402911372034,2.688142237602813,7.2507067832041425
1.7521249197467148,2.6988712483387793,7.190499312452717
1.7636050290201066,2.7114377275435113,7.111681668968508
1.774212095994564,2.7223038508261213,7.042861559931893
1.7876643,2.7335132,6.967681637179586
1.7973314814519012,2.7455811919418287,6.900031321289731
1.8122352155031367,2.754452865903232,6.8584691321504545
1.8310788168155616,2.7609859042733125,6.890528661848955
1.8430276,2.77389876,6.862301637179587
1.856980553485078,2.7800217042073374,6.8920169367420225
1.8726134625674709,2.789587130750375,6.871229345194591
1.8876959149730117,2.79832476769985,6.851145411116442
1.9027783371606455,2.807062387143345,6.83106151727674
1.91811425737027,2.8159468642479166,6.81064006311026
1.9331966795579039,2.824684483691412,6.790556169270558
1.9486593336695703,2.833642380873531,6.769965955059915
1.9636150219551622,2.8423065802394785,6.750050821264377
1.978824178044838,2.851117619760522,6.72979816738051
1.994540330178495,2.860222374603717,6.70887039284309
2.00987625038812,2.8691068517082883,6.688448938676611
2.0247051745537625,2.8776976134907075,6.668702605163685
2.0396608628393547,2.886361812856655,6.648787471368148
2.0555037488750534,2.895539987777398,6.627690936786562
2.070712935182636,2.904351044804421,6.607438242664249
2.0855418593482793,2.912941806586841,6.587691909151323
2.100751045655862,2.9217528636138637,6.567439215029009
2.11634043366957,2.9307841808735313,6.5466802407742
2.131549589759246,2.9395952203945748,6.526427586890333
2.1467587760668287,2.9484062774215976,6.506174892768019
2.161967932156504,2.957217316942641,6.485922238884152
2.176796886540054,2.96580809623104,6.466175865132779
2.192132806749679,2.974692573335611,6.445754410966301
2.2075954608613455,2.9836504705177305,6.425164196755657
2.222804616951021,2.9924615100387744,6.4049115428717895
2.237887069356562,3.001199146988249,6.384827608793641
2.251755,3.0088971,6.361481637179586
2.271616652077439,3.0116040929856633,6.2762883113697505
2.287306378892156,3.0140231066041485,6.188155006010549
2.3017883299304116,3.015290001145897,6.102931603652042
2.32054447415362,3.00350790154971,6.148648342257866
2.335602278390811,2.998578755777457,6.088734623729941
2.3524227727934517,2.993893764461575,6.027948274706408
2.366961783935213,2.9915199429697683,5.9388217029837
2.38165631272457,2.987715047852124,5.885281637179586
2.399492008189686,2.979225706036764,5.904361636225911
2.4161521991290686,2.9712496435577744,5.910934581655976
2.433665707073147,2.9665358899354675,5.888501654981665
2.4506691834132037,2.958721257108457,5.893381634795398
2.465831959932962,2.9520408760122296,5.895240460791496
2.484579,2.9442404,5.894581637179586
2.500772840633634,2.9380269072311123,5.888852224672399
2.516885753770961,2.9306379372089326,5.892668301726991
2.5337635400000003,2.92342964,5.896821637179586
2.5491657152321783,2.9171800891477213,5.893334578851045
2.56627238411746,2.909653034065803,5.8958149758110725
2.5842868104899273,2.9029611789605436,5.89198166102033
2.6005985581075395,2.8957314537613597,5.8952875232448845
2.617362436986998,2.8889650811297964,5.89366830469397
2.6351293178201636,2.8817621501566757,5.893253054073319
2.6503444,2.8748056,5.894581637179586
2.6670346,2.8673484,5.897781637179587
2.6838287577521283,2.860543891597829,5.895858109417781
2.7011339553127236,2.853531171032345,5.895714975811073
2.7180933547938455,2.845745112652192,5.899588305011865
2.7342145150288206,2.839581644207116,5.895963994163163
2.750222792624853,2.832895677826875,5.894741633364855
2.7679223283410237,2.8246451629047864,5.902211048284308
2.7845810760498457,2.818562525673141,5.894941636543798
2.80157104,2.8113774,5.893441637179586
2.816290929042256,2.8047171471733305,5.897358095393126
2.8335804,2.7970979,5.896181637179586
2.8500451866319962,2.7897026478154614,5.895175389042255
2.8670945394357465,2.782727664026067,5.862748250864716
2.8816147681014064,2.7775335330636572,5.767888333515913
2.8946732025936646,2.7692485265480244,5.694210194740894
2.908867818571088,2.760154676323611,5.625234940843259
2.922280120071526,2.7492104374795643,5.549610176007924
2.933677086080854,2.7391397889299496,5.4757441474241135
2.94550111638586,2.7259749237212705,5.445121628278547
2.9583343,2.7121878,5.453281637179586
2.970197016127384,2.6993929345980923,5.447003064291303
2.982682923686989,2.6854780759111034,5.4459673524384415
2.99436958322511,2.673048563620044,5.446075755239135
3.006270471437654,2.6598739943495193,5.447281637179586
3.018408904599099,2.6463762986720076,5.447011625497065
3.0307777,2.6324046,5.4469816371795865
3.042612327847095,2.6190119327298738,5.448321640358478
3.0547148932653605,2.6061859829319944,5.448022812165211
3.0666753611857267,2.592434139141699,5.447048304905883
3.079186944131847,2.5788343715920603,5.446514968526072
3.0902166,2.5663427,5.445581637179586
3.1040966630861173,2.551312036699304,5.443701634318538
3.11602446,2.53765194,5.4457616371795865
3.1281519929554156,2.52544622289525,5.444616930224759
3.1409960373443915,2.511113562689668,5.440138781982979
3.1543712,2.4971903,5.434481637179586
3.165612278696654,2.483793861296988,5.437468303316438
3.1780224611459906,2.470371792734642,5.437908303316438
3.190308140214297,2.457443054070656,5.4324228121652105
3.2028599941428912,2.443658105965191,5.434581638769033
3.215092983804496,2.429744601345368,5.435267352438442
3.2279034534544713,2.4164740310314876,5.434481637179586
3.2398167633022856,2.4023732166830913,5.433241636543798
3.252058291936998,2.389695259777377,5.434631637924642
3.265437737358446,2.375221965681249,5.432281625259214
3.2773209369241125,2.3627330689984993,5.433734578851045
3.290613990386877,2.348217216323871,5.433201642265895
3.30238083770484,2.3346386606262417,5.433588301726991
3.3134479286042113,2.322415095794901,5.4364066382971705
3.3264634,2.3087971,5.434281637179586
3.3393341152461558,2.2938998348909285,5.432931607378657
3.3508752400544157,2.2815519905571993,5.434511048284309
3.363418276222752,2.2670530376430515,5.43432449140302
3.375718329494186,2.2540384024685474,5.436766250024834
3.3871263313698066,2.2415419878151126,5.437114968393625
3.4000325384670402,2.227457160829658,5.435831595458285
3.411688585793024,2.214180667401091,5.4409169330296905
3.423557588123297,2.2014519828610357,5.438938779550159
3.4356330592258306,2.1877500902045264,5.442281640585523
3.447474372787961,2.1745463151171758,5.440758108015315
3.4601164961614876,2.160941750290074,5.43902164353737
3.4723720054761658,2.1477364312923752,5.436944135503209
3.48460877173488,2.134771960290869,5.434714972632181
3.4967375554089712,2.1209355243634165,5.43473497030099
3.509167168459953,2.1081314504018063,5.428740462193962
3.521095872448323,2.0955409481152993,5.408481544196252
3.5315252703080064,2.081159166839023,5.305112914653546
3.541507022293925,2.068966575878183,5.2457416174701414
3.5528455040610347,2.052555979343559,5.168474940843259
3.5572862292757277,2.0390942840176427,5.100695908053719
3.564607170921084,2.022771032353175,5.024134899517661
3.5711029107303505,2.0082057406818725,4.946328336694805
3.5765660208995413,1.9929114420823808,4.865928729167301
3.58010654,1.9776248,4.822081637179586
3.5829512252121942,1.958798539606447,4.830841607933314
3.589044924277929,1.9411664276839238,4.813081664427543
3.588087321440379,1.9224273947944812,4.837381634000644
3.595313897526051,1.9049410786025833,4.808987528937297
3.5930849457680996,1.8873825874910595,4.844534963095504
3.5963038917287165,1.8685002330906357,4.845866253692809
3.6001237,1.8525129,4.835381637179586
3.6012841945132323,1.8325479780990226,4.851974974221627
3.6032596005722035,1.8145690847099494,4.852494136248265
3.6129972327958995,1.7969948145643653,4.80934413103287
3.61699402,1.7793679599999999,4.793701637179586
3.618289240935164,1.7607761943059899,4.808452234489657
3.6174993,1.7416328,4.837381637179586
3.6188355722228405,1.723253521764285,4.854294969453289
3.622826498474124,1.7070037107124232,4.843531648355434
3.622753397510888,1.688340007823378,4.858481656253242
3.625004183152535,1.6705664674341376,4.865510212987219
3.628036,1.6538495,4.865481637179586
3.6309149132765666,1.6348422709094006,4.868603064291303
3.6338451956411983,1.616581947942612,4.865863991605705
3.6365871930285785,1.5987096363194202,4.868694969665202
3.6391841912628147,1.580724621945482,4.871928301726991
3.642114077267381,1.5619333173315955,4.870601629550124
3.645117525138679,1.5433210885607567,4.872961638769032
3.647992636908611,1.526708177748141,4.87231913736585
3.6507399696134195,1.5086253396287466,4.8766673507354446
3.65371,1.4899687,4.875581637179586
3.6569757770360294,1.4714980970632372,4.87474045938903
3.6601004,1.454451,4.872931637179587
3.6630897830248386,1.4353920942823704,4.873736182240057
3.6661820153451847,1.4175503374942258,4.871269138110907
3.668994431939919,1.4001291357514105,4.873594971042735
3.672154420568801,1.3811755501362397,4.870238776144164
3.6750307566536105,1.36323968930688,4.873638779550158
3.6782821681625517,1.3449639526200063,4.87118164247788
3.681070387764891,1.328552032005666,4.8748698732986835
3.6842246244774697,1.309779115862672,4.869481637179586
3.687468851182405,1.291759891224724,4.8722191388559635
3.690473858770436,1.2743948782050407,4.872910206661875
3.693805456653527,1.2554810540420256,4.872121645762731
3.696888022071693,1.2381369098872435,4.868799288363251
3.699411281571669,1.2200365731125027,4.870374964578893
3.7020329424726937,1.20209720672041,4.870694136248266
3.704969980748323,1.1842736554344024,4.871841636543798
3.7080089,1.16530338,4.8747216371795865
3.7102697904323803,1.1499945182474791,4.869952226074864
3.7133197611138926,1.1323537734854445,4.872741637656424
3.7163953673236483,1.1136767540897097,4.87404163972274
3.719782042422316,1.0948441969164746,4.869074969453289
3.722064819730108,1.0774062413977812,4.873581637179586
3.72518721678611,1.0606585223118241,4.873287520522503
3.728200657926624,1.0423329518456188,4.870511049274279
3.731173221886877,1.0238208007461116,4.872016928822294
3.7337023936076514,1.005803908336138,4.8766051674163196
3.7366549862542517,0.9875601029595956,4.8758883034223945
3.739563581022014,0.9696504391718986,4.874334971042735
3.741911240633634,0.9533116145744218,4.874634578851045
3.7452422118064055,0.933013761133275,4.873154972632181
3.7478538198336677,0.9167731239148422,4.874828699715525
3.7507098316856076,0.897780334943972,4.876354974221627
3.7537217938423884,0.8800367898591728,4.87713497030099
3.756539997147924,0.8622112650225752,4.87251289230185
3.759448136279107,0.8444260780497497,4.874014975811074
3.761299266517875,0.8265701354199504,4.880670524155228
3.76502554,0.8088137599999999,4.878281637179587
3.7675691289117847,0.7893642823876023,4.876638777847161
3.769856321627824,0.7734704519669786,4.872244139414789
3.7729262866849447,0.7540205938610084,4.876281672940702
3.775766508068384,0.7371594996676156,4.877234574643648
3.778566434727807,0.7175037257490264,4.87678163559014
3.7815404493128524,0.700349005420548,4.877653066480859
3.7842032352578876,0.6815780895752206,4.877781637179586
3.7874756799769993,0.6647620199360476,4.872346353951672
3.790373899275201,0.644414374101154,4.870381635590115
3.793379559923408,0.6283484440164508,4.8690566405323406
3.7963563579425883,0.6098524889690689,4.867201642265895
3.799502332346817,0.5926200410124771,4.868881638769032
3.8021331555530624,0.5750560160792674,4.864005164941392
3.8054950580585833,0.5569762005722071,4.861438782956153
3.8097486298503904,0.5383012310782619,4.823419176668172
3.8088299208217435,0.5253354279345148,4.754854950379936
3.8106714332740905,0.5106624814317916,4.673623695075897
3.81022435753406,0.4960478670504087,4.613924777452066
3.8083195,0.4789894,4.542996327179586
3.8054776973654802,0.464699139973774,4.466796289926759
3.801896048668839,0.4494248063577843,4.396549692831656
3.795595815185809,0.43319342862955784,4.365663027754975
3.7900754,0.4145635,4.362796327179586
3.784022112095248,0.39889619861866515,4.3646213268070575
3.7781449143921013,0.3824102247521142,4.36370809386542
3.772017718863162,0.3656501096685974,4.367384566103615
3.7655822800000003,0.3477693,4.369076327179586
3.7594412,0.3301507,4.3678963271795865
3.753425402717984,0.31380310652929155,4.367996327179586
3.746613405950886,0.2952768824318525,4.369496320821802
3.7409445196078703,0.2795694989355286,4.3682551493890305
3.7347646029818007,0.2618709738758643,4.365629659453289
3.7278703645833997,0.24407518713481896,4.369709659665201
3.7217133,0.2272458,4.3686963271795864
3.7157414781638427,0.2100122149807674,4.367996325590115
3.709492323104217,0.19345921651823905,4.368578679955767
3.7029696242807644,0.17587340043551514,4.370769662208356
3.696832545763866,0.1591310783416495,4.370353468577042
3.690677542680556,0.1413423288302828,4.370180941858822
3.684522663752682,0.12423479897003895,4.369696327179586
3.678464738625303,0.10804903983843597,4.368396327179586
3.6720116992450134,0.09022762233966462,4.368389659453289
3.6658155652146474,0.07343075762450388,4.367302210522503
3.65930884,0.05575232,4.367656327179587
3.65303334,0.03840414,4.369716327179586
3.647986553865411,0.02163410866066639,4.324133892000472
3.6407518212433687,0.008208951928235083,4.263996285455797
3.6348429406484684,-0.0062788261294552394,4.174046666910185
3.627033278646834,-0.020669276168589483,4.103651893625934
3.6170771380869122,-0.03319335966080682,4.034029691772523
3.6055384111408184,-0.04745613137037857,3.985767736045239
3.5954685006794915,-0.05791908038266104,3.905515084723284
3.5841146,-0.066967,3.8241963271795862
3.5711794982693577,-0.07878486612484747,3.7533198465265984
3.55796030930422,-0.08801897062703648,3.686896283469819
3.54383735,-0.09618045,3.6075463271795862
3.529511597441903,-0.10343760172503261,3.5457433686785413
3.514199653911689,-0.10963295544711829,3.476669636776814
3.499451557243033,-0.11517525467652133,3.396684532444442
3.4833017480528974,-0.11906679962329529,3.3272830010518564
3.4682755410140667,-0.12183350042915043,3.2592096085910143
3.45059018,-0.12458456,3.184676327179586
3.4341883451123754,-0.1225074208316114,3.1489163179606523
3.4157561,-0.1249746,3.153296327179586
3.398974298509887,-0.12379259383838234,3.1512213268070584
3.3784162594452836,-0.12456883356115393,3.146479661837458
3.3616701026703115,-0.12310514017547763,3.1885096405915454
3.3464235,-0.1258713,3.254096327179586
3.3295986203780656,-0.12813650278440056,3.3383963680515207
3.3144520121691934,-0.131340251292372,3.408743351848955
3.2995920885415013,-0.13551422453190068,3.4764963844005545
3.28438368,-0.14037206,3.561516327179586
3.2707492,-0.1471176,3.6185963271795862
3.2559140603409227,-0.156990417403743,3.655246082811962
3.2392176348641764,-0.16420538883458255,3.6533713305323405
3.224196404529949,-0.1735500023254961,3.6502194024097516
3.2075694236509578,-0.18223634377599407,3.6533963112851255
3.1922272588867227,-0.1905736992300464,3.656413980013268
3.1761433321511596,-0.20006483166239494,3.6486463182387743
3.156555325024193,-0.2070348553118382,3.6991257382843084
3.1389704679901267,-0.21400122136515995,3.6944375358243837
3.1293744598213435,-0.22392866949645548,3.5556629705340064
3.113832699996594,-0.23164757464450536,3.463746380823087
3.1001363841459053,-0.23656376415544164,3.390445963608243
3.08268,-0.24088208,3.318476327179586
3.0684315486873106,-0.24408345270952542,3.255590453736301
3.0525462962953456,-0.24596343042951985,3.184780958364709
3.035245813717283,-0.24585250102257072,3.110429714550175
3.0202781,-0.2451141,3.03809633
3.004413969388485,-0.24044458365717009,3.029245894906425
2.986818709804637,-0.241958536175196,3.1073963131704136
2.973030159922117,-0.24099198652149725,3.1796163065167873
2.9555302104495915,-0.24253208645265667,3.2576963459125565
2.9377113989303028,-0.2455939215385838,3.342603021926467
2.921349314621547,-0.24776942642337157,3.4148229873824025
2.9079252813191587,-0.25204847693224686,3.483837507775073
2.8914871677179836,-0.2588749011972071,3.510882033923455
2.8740467,-0.265245,3.4973963271795863
2.8574363,-0.2708527,3.511896327179586
2.8402401815319323,-0.27773820614807515,3.5082696606188843
2.8234546153026123,-0.2844367610435612,3.5080963135560723
2.8075452214606087,-0.2906264639556542,3.509496327179586
2.7895604944304924,-0.2976187889309216,3.508236324636432
2.7727301820049646,-0.3044923916707572,3.5059786813582323
2.75618762,-0.3110047,3.504496327179586
2.7386345275354875,-0.3173329889814034,3.5080809400248345
2.7221721277116333,-0.32303047384106454,3.5121213268070584
2.704664268906762,-0.33013911813904695,3.5143629896076627
2.6886508580003645,-0.3368574148829643,3.502896334191914
2.6721259,-0.344526,3.4900963271795864
2.655299322904923,-0.351752572783161,3.4814749055416714
2.6396503222290786,-0.35778330642749956,3.478743385508128
2.62404428,-0.36663165999999997,3.453356327179586
2.606178766818196,-0.37373701440061036,3.4594630086813187
2.589452631013272,-0.3809895631773027,3.448649662632181
2.572537056811989,-0.3866507474727521,3.4553677645092864
2.555582723341234,-0.393215537883399,3.463031618822294
2.5383098,-0.39967012,3.457996327179586
2.5212974154495913,-0.4064327051702997,3.457753466144164
2.5041339246867036,-0.4128048598205904,3.456965079507888
2.4858802695044027,-0.419442565502114,3.461929661572567
2.4695143585735937,-0.4261059448510754,3.4574891883365826
2.453096749719114,-0.432461896745593,3.460140073919964
2.4359902763976637,-0.43877446967457384,3.457746368900888
2.4166195,-0.441419,3.503596327179586
2.3991881076452355,-0.4474913702376222,3.5417713808233913
2.3846816614855197,-0.45390026861747784,3.6225296901830513
2.3709723414905404,-0.4618097190440795,3.682808063011178
2.35670855,-0.46968719999999997,3.7597463271795863
2.343984189682061,-0.47907359556820894,3.8306786378818005
2.331894494287531,-0.4911254737836764,3.866729641969382
2.316766908255714,-0.5032963936389357,3.859376318914335
2.304342131300226,-0.5145869523245866,3.857925739686774
2.2908825,-0.5265082,3.857596327179586
2.2773599364234323,-0.5383430288374963,3.8614845604937527
2.2641941237085543,-0.5506362369806402,3.8600163322658942
2.2497670959412646,-0.5634964100753124,3.8569492688510447
2.235975831444142,-0.5751725906454359,3.8571034678471614
2.2225995,-0.5855331,3.864096327179586
2.2096582691757494,-0.5975295275238419,3.8596534627381693
2.1954197133921434,-0.6101948913692271,3.857978682760698
2.1819077,-0.62172275,3.8588463271795863
2.1676114392370573,-0.634008770674387,3.859453466144164
2.1539317464261307,-0.6462316882078996,3.8579029933164377
2.1387224396684363,-0.6582213944606924,3.8631963287690576
2.1266124,-0.6694596500000001,3.8616963271795863
2.1131735285714286,-0.6812500571428571,3.863424898608158
2.099379729365483,-0.6938093091744286,3.8633363262259035
2.085133462639773,-0.7058248875354648,3.864806328848518
2.0724056,-0.716713,3.8650963271795864
2.058244948263273,-0.7295271816313758,3.8621525804392087
2.0448930396217118,-0.7418451282476357,3.85969632559014
2.030810624418854,-0.7537645340962735,3.8594963200270223
2.0174672,-0.76509,3.8597963271795863
2.0035610257837644,-0.7770959540350459,3.859846356980516
1.990247397113651,-0.7888411345378414,3.8589963271795864
1.9755578283736528,-0.8009666918094541,3.862156323364855
1.9616623199999998,-0.81328834,3.860996327179586
1.9479527,-0.825403,3.861996327179586
1.9351536104870573,-0.8363401286886921,3.86181061873272
1.9200821915241826,-0.8489130789986377,3.8642106136237278
1.9067779872978696,-0.8608318361008653,3.862896327179586
1.8937675067440196,-0.8730315492617023,3.861049662632181
1.8792065223924723,-0.8850363303334712,3.8648629959655483
1.8664295,-0.8962271,3.8633963271795864
1.8509772412134025,-0.9096758989000858,3.8637429940581827
1.8382255918923467,-0.920300368301474,3.8632375063726077
1.824298647375783,-0.9325863137044219,3.8629763252722205
1.8108966331288245,-0.944667428562346,3.86495632559014
1.7973907,-0.9563219,3.8669963271795864
1.7831295675546373,-0.9692372312214893,3.865649662632181
1.7699980719542239,-0.9804933068717052,3.865868546311219
1.7569241472498391,-0.9922961023746513,3.8678863255106544
1.742461915759358,-1.0046206213740763,3.864963000468945
1.7286218488158438,-1.016659310417395,3.8666896609367787
1.71434244,-1.02885346,3.8649563271795864
1.7007752377404075,-1.0405966819531425,3.866209659665201
1.687251943191731,-1.0520592571560803,3.8663492688510446
1.6733387632215149,-1.0638526742436165,3.8671363314711247
1.6607654776909806,-1.0774607272891743,3.8563786827606976
1.6476929722986935,-1.0899585283545792,3.851229661572567
1.6326154,-1.1017996,3.8613963271795866
1.618841067671767,-1.1112281672159656,3.874302210522503
1.6058273,-1.1241646,3.863696327179586
1.5913845965990212,-1.1360705092464554,3.86700809386542
1.5775009541365335,-1.1486223901374872,3.8654096626321808
1.5639116137861608,-1.1606120660697254,3.864763000910645
1.55076687087872,-1.171907728879882,3.86609632419936
1.5367324014543597,-1.1837345043732972,3.862396327179586
1.5223303507987043,-1.1963713193694514,3.864613974403406
1.5089533,-1.20823692,3.863076327179586
1.4950819328511937,-1.220312466328639,3.8649763252722207
1.481271370027143,-1.2322993475021091,3.865211718002313
1.4684485952599502,-1.2433511432967261,3.864296327179586
1.4528941,-1.2568351,3.8641963271795863
1.4406960202067234,-1.2679362149643074,3.8621551493890305
1.4261903883310627,-1.2803541691348774,3.8635820424384417
1.4129705086951339,-1.2915803888491524,3.864576330994287
1.3995723058348564,-1.3034588276579513,3.8662296626321813
1.3855597451543689,-1.3156159933126714,3.8639963510203303
1.3716201295087098,-1.3282470213503406,3.861696325689473
1.3579276761118353,-1.3394237231283976,3.8640563265437975
1.3434765,-1.35240798,3.8612563271795866
1.3306559628323797,-1.3636387369881073,3.8601316211322394
1.3167233,-1.3755772,3.860496327179586
1.3026300511004485,-1.3877497995201835,3.8647838310911333
1.288508428788505,-1.4004025313602697,3.8612963271795864
1.2748663638294828,-1.4122572377798441,3.861046325987492
1.2616389007138549,-1.4236027337783823,3.862896327179586
1.2481192867831647,-1.4351049729254028,3.8644845604937523
1.2333865801710648,-1.4480805750495462,3.862383831091133
1.2198668822307617,-1.4601604715103151,3.8292316693110533
1.2073304951759545,-1.4690296042407096,3.7518629657655924
1.1944017258698243,-1.4781728557466423,3.681236360557954
1.1811000190384697,-1.485351335138774,3.618672757343815
1.16605964,-1.4933892599999998,3.536756327179586
1.151435526242935,-1.4995270803809098,3.47074332520211
1.13655066,-1.5043904399999999,3.3978363271795864
1.1206482255964396,-1.5086241644520384,3.319723058483727
1.1043809251758254,-1.5102251421027537,3.2569966847907437
1.0887955,-1.5123511,3.1808963271795863
1.07346685,-1.5133568,3.10504633
1.0571061860049271,-1.5120829456409441,3.0415562998005248
1.0410586254121255,-1.5112760566961851,2.959653458746594
1.024424,-1.5083335500000001,2.89174633
1.0097934766599117,-1.5054805276671832,2.8135466816509718
0.9947791202039185,-1.499767383132547,2.7484022259651066
0.9800816524271228,-1.4936441358489367,2.681056300753727
0.9655566521099896,-1.4862635559405548,2.6396363443050146
0.9484198,-1.4772056,2.65279633
0.9343622,-1.4699927,2.65639633
0.9164161733608838,-1.4602758766033537,2.6558629993157434
0.9019590965765817,-1.452461901243987,2.6544139744188886
0.8855612194420964,-1.4439055051433773,2.655214510635932
0.8693567228133515,-1.4352992039066759,2.6582749028882837
0.8525830200000001,-1.42669064,2.6576763299999997
0.8369925739342595,-1.4183496704247067,2.6563963284105285
0.8216041931475534,-1.4101304378693744,2.65639633
0.8048410451498638,-1.401080864346049,2.658082052070845
0.7891926895546901,-1.3931727617049459,2.6555074375790086
0.7729866320469212,-1.3842029725243983,2.656929667571924
0.7564100592227608,-1.3756913964237463,2.6568963268211077
0.7414760906808326,-1.3674421947249995,2.658696331490113
0.7252290815718665,-1.3588083801685968,2.6558391876294274
0.709324667488079,-1.350638837525545,2.6556749011852863
0.6925439388117113,-1.3418007297739771,2.65619633
0.6762484588253993,-1.3331809467495828,2.657521328013192
0.6608212585992175,-1.3246858028287731,2.655790446657083
0.6451091146224798,-1.316252908721632,2.658221326647246
0.6287841,-1.3074691,2.65839633
0.6126416871239327,-1.299318480805853,2.65459633
0.5973761125929812,-1.2906497471771887,2.657836335721915
0.5810424594723039,-1.2820442296050227,2.656029665452595
0.5660603989383336,-1.2739544052283915,2.6575198591642706
0.5493767994579989,-1.2651193097719147,2.65649633
0.5330023140159583,-1.2561955834822138,2.657016328728423
0.5160501097438496,-1.2477171392138162,2.6559650808381887
0.5011729299199592,-1.239733331166553,2.616967695803815
0.4890016946257521,-1.2316580925248588,2.550055185868617
0.47495891343399826,-1.2232657962139395,2.468329708367639
0.461630252779806,-1.2125657022962641,2.3877213489989417
0.449842842110186,-1.2015436428969666,2.3183963520078494
0.4391952182425068,-1.1889269195197547,2.247339214877384
0.42903032289913606,-1.1773944697394256,2.1807786788163357
0.42082035156622527,-1.1629639538220298,2.1171809905289223
0.4110252693990374,-1.148713517470086,2.0466525772991697
0.40426039987602125,-1.1363491315017324,1.9704297406876052
0.39956052,-1.1191999000000001,1.88401633
0.3950354600232063,-1.1047752472629304,1.8245096577172013
0.3942712182222347,-1.0936025217368133,1.7854492632566652
0.3918982854291553,-1.079620965585831,1.7266248722343325
0.38950922636159085,-1.0622913078067024,1.647021363900073
0.38616903330260355,-1.0414331733382078,1.52876303216486
0.38589879624254947,-1.0246995817499802,1.4658295732647222
0.387998204378436,-1.0094503726074273,1.403572841836643
0.39020105,-0.9931664,1.3289963299999998
0.39421769512509813,-0.9778526960282733,1.263178664791877
0.39903399940871664,-0.962748861317036,1.1892096688435008
0.40487855,-0.9479069499999999,1.11724633
0.4122179773666721,-0.9341291702916151,1.0493963091384166
0.4196503578890005,-0.9205785959043613,0.9737178231625824
0.429560903397441,-0.907156828717317,0.9059185213163263
0.43972658,-0.89402582,0.82883633
0.45125738035422347,-0.8810506757084469,0.7531248381743869
0.46208345,-0.87120505,0.69119633
0.4743974108331222,-0.8606429046312715,0.6202962703954761
0.48983035431539507,-0.850074187476158,0.5424820588828337
0.5038694099107422,-0.8425622510870375,0.47794633819562204
0.5190180799999999,-0.83645812,0.40929633
0.53412,-0.8294277,0.33799633
0.5498677,-0.8256797,0.27049633
0.5668811390309946,-0.8199974865991144,0.22733917911444143
0.5852994351204757,-0.8171711307708355,0.2431963255296607
0.6036686179845824,-0.8138369099133752,0.2351763172844314
0.6183347325714467,-0.808374465556156,0.23612299497123057
0.6370148,-0.8029423,0.22779633
0.6586654480137916,-0.801539235680226,0.23669633
0.6739009151768018,-0.7956964325276789,0.22953383167637723
0.6902012279884826,-0.7918064359058063,0.23582710614349117
0.7080524759278392,-0.7881913914599062,0.23952299613685132
0.7277231971748719,-0.784717232983669,0.2345463478805579
0.746359501219346,-0.7810333014237058,0.2388963231880109
0.7617503252289525,-0.7775606602583341,0.24241985215194312
0.7795551898402606,-0.7718633140332194,0.2303163236422157
0.7970846062004291,-0.7676748963808313,0.23178965909481047
0.8126022,-0.7631152,0.23189633
0.8330973,-0.7599259,0.23419633
0.8514564624090027,-0.7557739041453413,0.23247632491369172
0.8683151108677054,-0.7529976551379325,0.24162574671458423
0.8871687,-0.7472236,0.23029633
0.9033651,-0.74277812,0.23163633
0.9193671,-0.7386467,0.23129633
0.9387795,-0.7343803499999999,0.22964633
0.9565206388889668,-0.7313699407163794,0.23310809668583368
0.9748298609028053,-0.7274877840292457,0.2330896559159183
0.9912336277999643,-0.7239222642188711,0.20650889482088575
1.010004468492579,-0.7207452715384157,0.11837126592418191
1.0225045861956608,-0.7199833195025034,0.05554302792577287
1.0391685484257325,-0.7196337924954069,-0.005462525868617028
1.0510750199999999,-0.7167728999999999,-0.09558367
1.066473765659229,-0.7187952127273747,-0.15393310775156724
1.084690219934733,-0.7226948479414088,-0.25025364988347315
1.0952813303763869,-0.7290277376911339,-0.284243640435833
1.1087047861164094,-0.7332110452121953,-0.3414911975675031
1.125846886224271,-0.7385749837971867,-0.42595030275848367
1.140477,-0.7453749,-0.50190367
1.1533919793444876,-0.7539368189038329,-0.5740978357433768
1.1655308,-0.76303702,-0.64614367
1.180949583256509,-0.7743009713227581,-0.7011036731789427
1.1962556038385312,-0.786299510660269,-0.6947099180442265
1.2106721344597386,-0.7972862412213498,-0.7028369948561528
1.2218894,-0.8088536285714286,-0.6996179557142858
1.2374369659270446,-0.8198155274497337,-0.7099970054525947
1.25290784,-0.8328471399999999,-0.70736367
1.264624575263313,-0.8436179326143359,-0.7056977908644798
1.2776387,-0.85504426,-0.7048636699999999
1.2930187,-0.867487,-0.70410367
1.30733016616485,-0.879417031270436,-0.711339381852861
1.3210269000000001,-0.8917012,-0.70656367
1.3340768979720348,-0.9018236395705651,-0.7144271977618053
1.349824,-0.9146662,-0.71900367
1.3631548885961644,-0.9264322384031949,-0.7156286696274717
1.3770022803306048,-0.9382763745211794,-0.712363671589446
1.3910555411386971,-0.9501643677893632,-0.7117103362428077
1.4044356338583803,-0.962807574384487,-0.7066436715894461
1.417751215115392,-0.9741216236458135,-0.7075036986095747
1.4326744,-0.98634736,-0.71072367
1.446131848149252,-0.997534391035346,-0.7108474203725338
1.46001584,-1.00950026,-0.71126367
1.47405384,-1.0214042,-0.71538367
1.486153580812869,-1.032357715403279,-0.7148801422381947
1.499709995919688,-1.0457436824900803,-0.7062393744328265
1.5120616166458634,-1.0572461756335638,-0.7047860227761805
1.5270789142073766,-1.068822854385714,-0.7110836690463247
1.5408111209889692,-1.0807136143402105,-0.7084236687284229
1.5527421635036394,-1.0922984925697377,-0.7032095519404513
1.5677409,-1.1038355,-0.70930367
1.5813057860777247,-1.1168116342103418,-0.70410367
1.5955765644149156,-1.1286114314715325,-0.7051636693642115
1.60928236588254,-1.1402880318127633,-0.70560367
1.6221509427498546,-1.1515610304042676,-0.70380367
1.6361999,-1.1637991,-0.70520367
1.6516504936422158,-1.1770649817483907,-0.7036636731788921
1.664629250298024,-1.1883485974096462,-0.7029389644476389
1.67910624,-1.20085324,-0.70412367
1.691984835430419,-1.2123998605716073,-0.7018786703725283
1.705533931725998,-1.2238158590412613,-0.7049161720489054
1.7206778472168358,-1.2373729854849478,-0.70140367
1.73377785218995,-1.2486867413769407,-0.70270367
1.7473177764948977,-1.2603022569507583,-0.7025836696821057
1.7616876298495818,-1.2725249136828645,-0.7068218545767047
1.7747726,-1.2846641,-0.70330367
1.7886406333481681,-1.296356424881189,-0.7070303377262973
1.8017316728158668,-1.307256648050187,-0.7075286696274717
1.8162970130781702,-1.319867094614871,-0.7089036668210573
1.8305170271628066,-1.331835919420981,-0.7117893852588556
1.8433976320777208,-1.3430929363332935,-0.7087036819203719
1.8573160763359557,-1.3553711222778515,-0.702960820642008
1.8718732389930859,-1.3671070400460938,-0.710925890456171
1.884050125,-1.379448225,-0.70085367
1.8988888631743868,-1.3904806196321526,-0.7118179547411444
1.9122032949187142,-1.4028887640659227,-0.7059724223283017
1.926391224291553,-1.414670534305177,-0.7107465446594006
1.9398333583334753,-1.4270430093254542,-0.7097036631881269
1.95279593518008,-1.438459135625624,-0.7087286681373586
1.9666818207947232,-1.4506986678168958,-0.707843671589446
1.9809271656547032,-1.4630204113011411,-0.7101703387859617
1.9941858815819278,-1.4739877773082197,-0.7083536729802706
2.008625820842212,-1.4867568466047774,-0.7065286711175849
2.021389654627435,-1.498081692101314,-0.7062154310759715
2.0356514395619416,-1.5101290724703562,-0.7078036715894713
2.0498333878534534,-1.522184194651514,-0.7079503424946356
2.062767736223476,-1.5335352109433362,-0.7099036382110785
2.0775080738504768,-1.5471870452179837,-0.7049036682970027
2.090349048921903,-1.557957961595315,-0.7080911694412075
2.1030224,-1.5704776,-0.70180367
2.1185042948606,-1.5827103446408082,-0.709384919906868
2.1310986521283017,-1.5948030123772134,-0.7038303365607019
2.14684072,-1.60618642,-0.71400367
2.159371121236505,-1.6181760368112832,-0.7096255457683452
2.173114922813907,-1.629471345065425,-0.7142566144763894
2.1871837086594397,-1.642566761894014,-0.71060367
2.2005975266272104,-1.6533742993366338,-0.712568369942499
2.214719924360238,-1.6660469645929363,-0.7139503368785962
2.228765926786935,-1.6780367275196695,-0.7155036715894462
2.241546224276338,-1.689182372423707,-0.7118507304734657
2.2553594,-1.7011405,-0.70990367
2.270039003758555,-1.7136936738696287,-0.7126801425681589
2.2846244264130875,-1.72537378567289,-0.717372906694421
2.2973833612413572,-1.7376626940793134,-0.7139836747683382
2.3102598045955087,-1.7478621285639782,-0.7192036744703393
2.3252495,-1.76105065,-0.72220367
2.3379397035314082,-1.772185315117176,-0.718374261700209
2.35179034,-1.78469516,-0.71664367
2.3651441870347854,-1.7963718475621677,-0.7173636633242735
2.379557,-1.80907052,-0.7160636699999999
2.392182422199705,-1.8205033709815375,-0.7149911709313207
2.40591175,-1.8333844,-0.7115036699999999
2.4205009833666127,-1.8441565261976784,-0.7499599403959231
2.4309963121621814,-1.8552182237605712,-0.8278213705175097
2.4423912279887943,-1.8668139214263362,-0.9020972714543504
2.451828656819476,-1.879627659620912,-0.966614866471383
2.461168671214545,-1.8928789231395744,-1.0458198016372362
2.4683608505456727,-1.906569006854941,-1.1182907861256084
2.4759099859497233,-1.920369489788255,-1.1878223411171376
2.4811449611208505,-1.9356351182881506,-1.2578567126489768
2.4859031614739444,-1.9510704406794959,-1.3245393486444141
2.4920028827254965,-1.9675028166615396,-1.4058488585805697
2.4945260028371905,-1.982858365336133,-1.4746229696623676
2.4951370119824974,-2.0004022637972625,-1.509627189017166
2.496986488440879,-2.0188443774721962,-1.501427194956874
2.497999,-2.0371998,-1.50020367
2.4991629696355973,-2.0551110752446924,-1.4995931444767354
2.5005162170037836,-2.0739520276995016,-1.5047520487608441
2.501777141995647,-2.0914744201210556,-1.5014230250371856
2.5028002297533063,-2.108961402186444,-1.5019213158213538
2.5038570878041595,-2.1280245540089475,-1.5010919061190975
2.5048347,-2.1465439,-1.49750367
2.5062947090986305,-2.1649884495328493,-1.4936692975611319
2.5081278349830414,-2.181312310655038,-1.500103667692716
2.5094275470604734,-2.200037408582969,-1.501533082094693
2.511077135792323,-2.2178466190875556,-1.5018213158213538
2.5120169945640947,-2.2362324079074942,-1.5027370006842566
2.5134273179661974,-2.2547893031135757,-1.5025184837682568
2.51472399907464,-2.272494684388085,-1.5051942912281513
2.5161094002785727,-2.297147001942479,-1.5042563051453095
2.517034965389124,-2.3136184434145957,-1.5054703406403607
2.5190985997490336,-2.331854972333484,-1.5180405168604125
2.518870684872372,-2.3507647591649405,-1.4981067873166043
2.519070926485665,-2.3669773606812896,-1.4986411320015496
2.5213963068678735,-2.3854359921265584,-1.5098566032566652
2.5229785362803807,-2.408232747857734,-1.5045213228336816
2.524134061340686,-2.423155280941064,-1.5066423793052768
2.524396245596959,-2.4417759457834873,-1.501491913131425
2.5264484060684684,-2.4599116213763796,-1.5110389658501044
2.527611432231996,-2.478775326621576,-1.5105457776407625
2.5289196788955284,-2.4970471255181867,-1.5099786599417366
2.529828153108376,-2.5149443354468106,-1.5078567917869437
2.5309939579666674,-2.5319348291625325,-1.51110367
2.532158004654783,-2.5504933346366916,-1.5074624894045132
2.532965653586307,-2.5696486530492395,-1.5053194557752347
2.533879928709128,-2.5872293784638964,-1.504060812370572
2.535115511517047,-2.6072475210173485,-1.5040624922094443
2.5360329459747275,-2.6251632974727808,-1.50160367
2.537604788049293,-2.644191170933854,-1.50490367
2.5383746468290553,-2.661680661153938,-1.5035536620527696
2.5399678500664167,-2.680431882144074,-1.5063179547411445
2.540881345939161,-2.6983319708764006,-1.5040566074640618
2.5422600622122222,-2.7198445484450673,-1.508484921396981
2.543156844200739,-2.737680859864108,-1.507053664039814
2.544536188102937,-2.756535995760628,-1.5067661683236229
2.545761243082425,-2.774733139269414,-1.5060893852588555
2.5474250010550157,-2.8042676456577458,-1.5067286625493235
2.5482861988332415,-2.8214087935254586,-1.50790367
2.549243446857615,-2.839322023342976,-1.505450336878596
2.54995866,-2.8580853,-1.5062836700000002
2.55142439999851,-2.8752193305830813,-1.5097536707450565
2.552073334355682,-2.8930841755521874,-1.5088822381442755
2.553234794190988,-2.911613538116208,-1.5094389658501044
2.55401708,-2.9296729999999997,-1.50774367
2.5550828773292005,-2.9486294695329676,-1.5100481056141883
2.5561240557734433,-2.9661235275164284,-1.5088474167403776
2.5571035,-2.9858972,-1.50690367
2.558127334267843,-3.002911713334642,-1.507633081104722
2.55933612,-3.02235224,-1.50808367
2.5601549658666456,-3.039558323460224,-1.5065703333553206
2.5612799837077866,-3.058657196974924,-1.5055389695624368
2.5612516071238973,-3.0753893061416195,-1.504137008631487
2.563702629778103,-3.0960417716200337,-1.5067465251966077
2.564388625203773,-3.1130840718919965,-1.5061661698137359
2.564437184797602,-3.131680021488054,-1.50310367
2.5663063,-3.1501193,-1.50450367
2.5670752283080347,-3.16881708355718,-1.503923673178892
2.568616085616485,-3.187269610536444,-1.5023465276294279
2.569825152976733,-3.204396789524985,-1.505791904716632
2.5711808399577203,-3.2227877551912134,-1.5068836728610484
2.5722879859809265,-3.2413882362397817,-1.5069179547411444
2.5735040552151625,-3.2589927519966624,-1.506903658079628
2.5745853640565395,-3.278232555561989,-1.5090179615531336
2.5755603999999996,-3.2957532499999997,-1.50855367
2.5766166608392274,-3.3138440753826592,-1.507937008631487
2.5774824450951495,-3.3321087488837833,-1.5083582150604709
2.5785382583551884,-3.349436702811943,-1.51260367
2.5796809,-3.3690236,-1.51370367
2.5808968584743983,-3.38653663103516,-1.5126919033141664
2.58170658,-3.4045149400000003,-1.51326367
2.583028020831611,-3.4236028464983947,-1.5132569999424612
2.5840706784996597,-3.441474346292575,-1.5128108140735694
2.5850000492072955,-3.4589441392180236,-1.5117036461592561
2.5860222399999997,-3.47843064,-1.51178367
2.586871653404485,-3.495232809763965,-1.5135389630451734
2.58760726,-3.51318662,-1.5125436700000001
2.5891017151226157,-3.533949817608992,-1.5111893852588556
2.5899524,-3.55071415,-1.51205367
2.5909311736147758,-3.571092576259656,-1.5121436706357885
2.5920495118438214,-3.5873468835911533,-1.5115448463880903
2.59308804,-3.60516392,-1.51076367
2.594034613785763,-3.6232740320180516,-1.5113036751089919
2.594793700667567,-3.642030554524358,-1.5085170038631488
2.5974356773611595,-3.6612169246399846,-1.522603655694758
2.5988755296186694,-3.6794213624013015,-1.526197786657083
2.5991373014050927,-3.6966022753774994,-1.5212703419649045
2.6026031217591963,-3.7519829964935285,-1.5269608157765668
2.6032170064359144,-3.7684903902079854,-1.5254566102689928
2.6044697,-3.78715732,-1.52710367
2.605409868918382,-3.805552045132321,-1.5262036223166178
2.6060179047669805,-3.823732993519207,-1.5232860171663183
2.6068848533322737,-3.8415702653627912,-1.5222303361368512
2.6083267846662124,-3.8606642604836514,-1.5254465242234332
2.6089476010311734,-3.8765613109852772,-1.5264411692549325
2.60983492,-3.89619656,-1.52514367
2.6106776236553864,-3.9143794906750067,-1.523986024178646
2.6118984932305858,-3.9324995751771117,-1.5260536717029973
2.6126143535707738,-3.9514167339691157,-1.5239575158716943
2.6137466306228347,-3.9684889804622525,-1.527074258895278
2.614198526866407,-3.9866867720480013,-1.5209836731788922
2.615667139194445,-4.0047216463022846,-1.5247474271711694
2.6162299862338076,-4.023268098868314,-1.5224503377262975
2.6171962261944874,-4.041221143421178,-1.5228970005782496
2.6183148056982173,-4.057698947300955,-1.5263801450431258
2.6191273593992133,-4.077871343735844,-1.5238536878805578
2.6198958,-4.095014,-1.52520367
2.6209482348535422,-4.113325585003406,-1.5258465242234331
2.621953833259159,-4.131740808943813,-1.526670331368513
2.6226442318922354,-4.149677636738457,-1.5258636668211079
2.6236365,-4.1673746,-1.52890367
2.624240092505762,-4.185467984502901,-1.52410367
2.62570512489979,-4.203421990236779,-1.5267786688824152
2.6263962000000003,-4.22168434,-1.52500367
2.6274612273403126,-4.240716648570562,-1.5249127603179662
2.6281403,-4.2573824,-1.52410367
2.6294729721397463,-4.277121914241663,-1.5255569999424612
2.6302437167075716,-4.294379101520272,-1.5244683769548266
2.631556332495152,-4.312546925437899,-1.5275036684105285
2.632140666246523,-4.330485924974966,-1.5265370022737026
2.633381017146303,-4.348191005405026,-1.5287095490530687
2.6336523,-4.3676854,-1.52410367
2.63517906502861,-4.385286340042634,-1.52680367
2.6357586791731573,-4.4036202847649175,-1.5231836728610484
2.6369833,-4.42215264,-1.52556367
2.6373942000112196,-4.439026544480597,-1.5213272005667364
2.6386762548813922,-4.4587117424722855,-1.52265369980093
2.6392540931827573,-4.477724038353943,-1.5199570031214038
2.6404815830680337,-4.4947983888770455,-1.5574565331333885
2.6402010008201673,-4.510514540717487,-1.6362890197367836
2.6397314854362155,-4.526502023129715,-1.7106675566591167
2.6366218954127856,-4.542183903376037,-1.7780622641656865
2.6334057259445283,-4.558343752974649,-1.8518490181467058
2.629579983089308,-4.572711191677886,-1.9228595566857398
2.6234144520488285,-4.587442335705885,-1.9894089914441937
2.616330427058924,-4.6020331743443466,-2.0582747088828337
2.6095540846399143,-4.615843249081345,-2.131607758405281
2.5992967,-4.6310449,-2.20758898
2.5904200125212125,-4.64282549911224,-2.2734948577330547
2.580091428284193,-4.655410258658508,-2.3499290101994754
2.5679018,-4.66683376,-2.41920898
2.5572388,-4.6764381,-2.48778898
2.5425433641796737,-4.686829490129383,-2.563822285782497
2.5300251099912083,-4.695107926455468,-2.6301139900582635
2.515617542429348,-4.702519365711924,-2.702108969191595
2.5006165918223,-4.7078435443662086,-2.7660423440626243
2.4849143148679147,-4.714977394471819,-2.841555674217503
2.4694626,-4.7182046,-2.87388898
2.4496793679121254,-4.72471110119891,-2.8659318376294274
2.434110866593271,-4.7290189496851465,-2.87228898
2.4159470256397624,-4.733523135554885,-2.8682223175719237
2.3983997858266837,-4.738615031047782,-2.869418388299791
2.3808781177401226,-4.743326293799386,-2.8693675511852863
2.362766611701502,-4.748414604005404,-2.8689756509051896
2.3463149168742286,-4.752709963424212,-2.870647804189386
2.3291622385880837,-4.757230566683356,-2.871308985722051
2.311103825610574,-4.761903448014424,-2.87078898
2.293281561112057,-4.766956774201294,-2.8727175528882833
2.2757024721449572,-4.771733562195025,-2.8784956477262975
2.2595668628837497,-4.776191331377361,-2.877312504956874
2.242158374373361,-4.780769530623858,-2.8762223090948105
2.2247820210287057,-4.786345235842579,-2.8844489825431543
2.2076830402074146,-4.791081080164501,-2.8851390336416736
2.188852915066599,-4.795573881252186,-2.8779889784105284
2.171743576009425,-4.799620796743475,-2.875000742478437
2.154476962406036,-4.8048807125238415,-2.8827007465208125
2.1359826045696573,-4.8097926231184935,-2.8841223106842566
2.1181380304779536,-4.813916283243577,-2.878624271147762
2.1003705733954288,-4.818884435831452,-2.8777089723705376
2.0829744800000003,-4.82339164,-2.88208898
2.065956620118368,-4.827897158064878,-2.881553685552361
2.0480993563555856,-4.831986496457766,-2.8752175494822887
2.0306288330981865,-4.836595134344979,-2.87378898
2.0141731317694145,-4.8407782136648505,-2.879246122370572
1.9934202033378898,-4.847321512582255,-2.8746289806357885
1.9767164788452098,-4.851650812776461,-2.86688898
1.9594048,-4.8560025,-2.86998898
1.945648214752535,-4.859155659711372,-2.874118391104722
1.9289570252642454,-4.863331282101247,-2.8706223106842566
1.9092250419970118,-4.868661471281432,-2.8743888782738343
1.8940621175630759,-4.873243273395229,-2.883812504956874
1.8747686214782016,-4.878917445517711,-2.89918898
1.857088356703084,-4.882621211043014,-2.8885242758501044
1.8390660415551388,-4.887742331218807,-2.8858889784105286
1.8220263472082732,-4.892679863295534,-2.8919389807450564
1.8041674923323903,-4.896893168263026,-2.889622309624567
1.7872834057570404,-4.90142796911113,-2.8894183892898013
1.76812592008456,-4.906939111660361,-2.896768981271577
1.752047907034767,-4.911723115344376,-2.904059563285416
1.7347729033736377,-4.916616268218665,-2.9050675477792915
1.7165807666666666,-4.9208446,-2.8971556466666666
1.6991087376618095,-4.925031281744106,-2.8950183911047223
1.6797732930285787,-4.930078256607432,-2.8928356500575387
1.6634916835675417,-4.934374299618535,-2.891053686047347
1.6452137518874672,-4.939126236008901,-2.890302315452595
1.6267965817337953,-4.944031823279397,-2.8891689749136917
1.6100049,-4.9485969,-2.88558898
1.591796076706668,-4.953662525121196,-2.889608983178892
1.574834184598191,-4.9579252756813545,-2.8879014790686792
1.5567301021362154,-4.962891809705158,-2.8907956445474055
1.538586998553581,-4.967316760387195,-2.8880289806357884
1.5222271554212305,-4.971371825714206,-2.887818396714584
1.5030941,-4.9763335,-2.88848898
1.4849382518008891,-4.980923542407316,-2.88839612224894
1.4681171418411567,-4.985755631166992,-2.922959613774175
1.4536835399189383,-4.988544399066995,-2.9994222836636735
1.4373898584673024,-4.99018575873297,-3.0665890413079016
1.4219540204911192,-4.991348290880915,-3.137138580667541
1.4046135359395364,-4.992045239584194,-3.2158689943458767
1.3895148261493835,-4.99043017789581,-3.280544514485704
1.3746833399999998,-4.98749848,-3.3514089771795863
1.3585722438392092,-4.984078320771212,-3.4235289571522474
1.3431513,-4.9788635,-3.456788977179586
1.323906865502114,-4.97288724897797,-3.4512423071220475
1.3085679188477344,-4.968207153292288,-3.4560242716272254
1.2909408999999998,-4.9620652,-3.453588977179586
1.2724885987252643,-4.956362784247,-3.4515623110427347
1.2562602,-4.9513037,-3.4547889771795863
1.2373222588555988,-4.945147663921164,-3.4564556433164375
1.2216057601335146,-4.93980786316284,-3.455059566074864
1.203662317174593,-4.933962242647574,-3.4539830938366696
1.1860652427656677,-4.928391338964578,-3.4551746924384417
1.168316703256525,-4.922507230498016,-3.4559419188510447
1.1511033609934038,-4.917248568974013,-3.454642309453289
1.1335780103379216,-4.911610132256731,-3.45424231030099
1.11879614424919,-4.906352420805576,-3.4575713271508355
1.1012250155884924,-4.90058870526504,-3.4561056425217145
1.0836325116909526,-4.894629417745396,-3.4561713313582323
1.0664304795403248,-4.889234688880059,-3.4537889771795864
1.0485909337073829,-4.883359715880156,-3.4551356449058837
1.0323930809936075,-4.877827171087335,-3.456695229694152
1.0150198214046082,-4.871652974026328,-3.4540175495812826
0.9973636510174888,-4.866050330604603,-3.4539066272083367
0.9793923259715489,-4.860084517294763,-3.4558156449058837
0.9622949010644714,-4.854233457285107,-3.4563536827319474
0.946130577746651,-4.848952088491857,-3.4547014777383787
0.9286975847092857,-4.843251381441333,-3.455488977179586
0.9104896,-4.8371752,-3.455488977179586
0.8935115005896845,-4.83150388906779,-3.455788977179586
0.8764820016149029,-4.82595074049814,-3.455868976861692
0.8584220120297679,-4.820169954098193,-3.4562889788825544
0.8421383313661417,-4.8144222928039495,-3.4564654480153156
0.8247302093062068,-4.8083609054200105,-3.457702312632181
0.807399204664054,-4.802518159713302,-3.4574889771795863
0.789994908852029,-4.796726507743397,-3.4570889771795863
0.7722485036748576,-4.790693065626092,-3.456775644693971
0.7564447091286481,-4.784163057477245,-3.460394860522503
0.73892125,-4.778878000000001,-3.4586889771795866
0.7223740675512972,-4.773111410450163,-3.4601952296941523
0.7043974209128065,-4.767226168967984,-3.456774692438442
0.6867751744925693,-4.761470935706906,-3.459022309453289
0.6705287414723083,-4.756428284659831,-3.461630157775073
0.652008,-4.7498874,-3.4619889771795864
0.6358424500000001,-4.7439653999999996,-3.4605139771795863
0.61805628,-4.73827974,-3.461068977179586
0.60060744,-4.7325516599999995,-3.462148977179586
0.5842479231240275,-4.726949523490438,-3.4602363445439392
0.5662983140665978,-4.721006994027657,-3.458422311837458
0.5487453504410754,-4.715234630552712,-3.4582595646723986
0.5316782323006213,-4.709642516317205,-3.4587500882171107
0.5145087698350128,-4.7038829809581335,-3.458995643422394
0.4966565390542796,-4.698007597345625,-3.4581689755901404
0.4787442883180355,-4.692434879699606,-3.4597389712194
0.46128720402924583,-4.686423594611778,-3.4597889771795862
0.4449577539865083,-4.680830751087612,-3.458306621598475
0.42750937925026594,-4.675031557620217,-3.4569274395645033
0.409719341104665,-4.66911056895017,-3.457622307863843
0.3934146706379816,-4.663477298141733,-3.4566772132986836
0.3751836,-4.6575611,-3.4556889771795865
0.3592400306480793,-4.652086314532348,-3.456188977179586
0.34125933999999997,-4.64607312,-3.4531689771795864
0.3239360495572207,-4.640265525783379,-3.452324692438442
0.3078655457002787,-4.6351329903962215,-3.452838979414756
0.28967333653593996,-4.628987578006914,-3.451138995060144
0.27273517780317796,-4.6226812912878845,-3.4467654522227122
0.25511858126702996,-4.616688921985695,-3.444603256811739
0.23809206391580526,-4.610876945334718,-3.4448175495812823
0.22093012478245322,-4.607510272964596,-3.4674389712194
0.2032879784169117,-4.600868669207661,-3.464368964464018
0.1863096,-4.5940489,-3.4528889771795863
0.16980516034809043,-4.5896587531001805,-3.465088975689473
0.15252964648841963,-4.583497053252724,-3.4586389720705943
0.1345634679461853,-4.578876388804496,-3.4675746856264524
0.11679689232878346,-4.572850972915301,-3.4633889950612096
0.09908006127554496,-4.567126105526226,-3.504538995912556
0.08562675217631019,-4.56114393069037,-3.576795158168723
0.07171175433923706,-4.553362798165872,-3.6371747026564254
0.05829724146249106,-4.545932100539949,-3.721253643462912
0.0453276,-4.538884,-3.789888977179586
0.0314442818088929,-4.527754818085524,-3.867767570868386
0.020131226780312626,-4.517694089087901,-3.9348014658174737
0.008388466452656675,-4.504742874369891,-4.001160390667325
-0.0020137,-4.4902501,-4.066388977179586
-0.01086900345708447,-4.479012569996595,-4.146417519413919
-0.02019036284928633,-4.464831772874081,-4.220255614176121
-0.028321826212614903,-4.45068166751702,-4.303833479020694
-0.034083878183552116,-4.4375617034612365,-4.364747753685814
-0.03917220188193407,-4.4229061672696055,-4.435609007697436
-0.0423089,-4.4060918,-4.516788977179586
-0.04556775867166212,-4.392099780739101,-4.588146146798114
-0.0473184,-4.3749866,-4.658488977179586
-0.04821555301459966,-4.358707731455899,-4.732071321540973
-0.04753530674243026,-4.34246866665819,-4.8042289469801105
-0.045979218529556394,-4.325920480054837,-4.874045231929322
-0.0428784655741874,-4.310772993370421,-4.9453890121474
-0.03976197897447309,-4.295240312881075,-5.011729009604801
-0.03784877784665442,-4.284011368553918,-5.0654124881118054
-0.02958586961884477,-4.266715583507645,-5.149029070004713
-0.02036303163261013,-4.2504974867158465,-5.230471310321249
-0.0134347400630109,-4.236807829461853,-5.300846197888033
-0.00445709598259522,-4.223323228694046,-5.367314029334322
0.005453817210815663,-4.211024492841916,-5.435059604353378
0.01601429084979564,-4.198449580567098,-5.512538965258606
0.0279477,-4.1871829,-5.5817889771795866
0.040021563840231124,-4.175792106357377,-5.659424267419829
0.05330937801796074,-4.167621715640149,-5.725782349189441
0.06668229451632386,-4.1604801993308325,-5.790648982901683
0.0797527,-4.1532845,-5.8626889771795865
0.0961672,-4.1459448,-5.939988977179587
0.11009334508786446,-4.141130581323367,-6.0116713495902845
0.12671452896334678,-4.137014285755158,-6.0785289905311455
0.14182879089512304,-4.134318309745954,-6.1481556862314815
0.15820474288396488,-4.130680950085681,-6.230764001393924
0.17455895650480807,-4.131063269649527,-6.299855320658883
0.19054416044398528,-4.130917345325704,-6.3763278841705
0.20619942540361036,-4.13201451369891,-6.446810348092392
0.2224021383719346,-4.134983737348433,-6.521924731607379
0.23658252777863484,-4.1382925171311165,-6.592812496526598
0.2521277,-4.1436486,-6.658188977179586
0.2680955377724796,-4.14987641130109,-6.739867522819913
0.28156248984934956,-4.156323326033766,-6.805376490031812
0.29604370902247956,-4.164649710534741,-6.878860380449341
0.310589925,-4.174620825000001,-6.912663977179586
0.32497065,-4.18505065,-6.909038977179586
0.3396766,-4.1967821,-6.904488977179586
0.3543317468729976,-4.206873678828473,-6.9051702285765675
0.3695316512318403,-4.217947452671901,-6.908508975908009
0.3844073885850037,-4.228764789647656,-6.907803265083402
0.3983387,-4.2394977,-6.907088977179586
0.41518968006357787,-4.250441831515537,-6.911615644905884
0.4293018283985246,-4.259991628679018,-6.912747800791496
0.4438072264881189,-4.270968944440912,-6.90852897559014
0.4588771842324443,-4.281836827698128,-6.9106889771795865
0.4734964112603958,-4.291625045065425,-6.910836039715524
0.4896152285500842,-4.302399523066408,-6.9139956434223935
0.5029636159011542,-4.313016073489194,-6.9109125049413915
0.5184257608044429,-4.323876136744082,-6.91002427113224
0.5339126158740503,-4.3341805571287795,-6.912828976225903
0.5484856679675751,-4.344723342544841,-6.912927443232479
0.5616264375109274,-4.354826076984821,-6.9116223317055345
0.57749118,-4.36598358,-6.911728977179586
0.5923122881561785,-4.375659618718707,-6.9136125147586505
0.6070676407002487,-4.386224681233609,-6.91314611419808
0.621785491294278,-4.396788778811308,-6.913817550067869
0.6374694399999999,-4.40758338,-6.915508977179586
0.6521447430047367,-4.418128246577868,-6.913415642150817
0.6661766400992946,-4.428273469796502,-6.915747800791496
0.6811225237822051,-4.439050494106603,-6.914076481091133
0.6956827011135577,-4.4499776786025835,-6.910336039715524
0.7104952808846628,-4.460912983411871,-6.909383098126518
0.7253087632340535,-4.4712951243626895,-6.911535131307892
0.7389674219452226,-4.481652819745783,-6.908476479414789
0.7535385602272908,-4.491594662142573,-6.909622312632181
0.7687411,-4.5026733,-6.910588977179586
0.7854822210382426,-4.513863323460597,-6.9240756383360855
0.8003099671668124,-4.5243091814575225,-6.922902314221627
0.81436825,-4.53531935,-6.916938977179586
0.8287781099986589,-4.54518311080779,-6.92212647736585
0.8434600518453763,-4.556289390768351,-6.920208975908009
0.8586580898461496,-4.566724651260116,-6.923712504941392
0.8734738099438011,-4.577841502098093,-6.921167548364872
0.8883787,-4.58855728,-6.921148977179586
0.9018128094470078,-4.598393853888336,-6.919018388284308
0.9175719864626878,-4.6091217621791305,-6.920788977179586
0.9319759502198733,-4.620232114361969,-6.917722311837458
0.9467483160831063,-4.631037904564033,-6.916146122956153
0.9622138817746518,-4.641598804746578,-6.917463976682874
0.9763457363200168,-4.651793519974966,-6.917826475875738
0.9909094243570589,-4.662677867682868,-6.918488977179586
1.00585069490905,-4.673720137057347,-6.917071331358232
1.0211252378354905,-4.684449435521117,-6.914331836512011
1.0363551336879804,-4.6955839781162,-6.914357726527662
1.0499047352632636,-4.705512709323395,-6.914925819020675
1.0646431,-4.716159,-6.913588977179586
1.0795345171064132,-4.726712788770563,-6.913238981153202
1.09514648,-4.73801054,-6.914308977179586
1.1100045301306176,-4.748920476984384,-6.912388977179586
1.1239112494467274,-4.7585797529795375,-6.914959566074864
1.13896,-4.7695609,-6.9106889771795865
1.15475295,-4.7807191499999995,-6.915738977179586
1.1690645620422004,-4.791462617318569,-6.915766755104537
1.1838153308230281,-4.801968664780494,-6.91624231030099
1.19831436,-4.8129263600000005,-6.911868977179586
1.2125884057630665,-4.823123340838168,-6.914322307863842
1.2278479,-4.8342277,-6.913088977179586
1.2421077951838826,-4.844511203241044,-6.913613975689451
1.2564616941092321,-4.855262907086527,-6.909958202870082
1.2719172,-4.8663023999999995,-6.913228977179586
1.2852684357865563,-4.875894071428571,-6.912076470660342
1.3006512197021913,-4.886811067598673,-6.9136344287694165
1.315100979312231,-4.89758038023365,-6.912771331358232
1.330630646143921,-4.908879317034346,-6.876088984191914
1.3434796370946867,-4.917760709782017,-6.804631865462965
1.356991897469346,-4.925219998630791,-6.72747470606242
1.3698677,-4.9303313,-6.658088977179586
1.3859735146898942,-4.938025665200114,-6.5802556650392034
1.3998963009044987,-4.941897728473082,-6.512257781661846
1.4168680744320095,-4.945882012365365,-6.4441242557053355
1.4318652866804418,-4.948267585783995,-6.369729034399644
1.4478545,-4.9490089,-6.291588977179586
1.4643803,-4.9493823,-6.225388977179586
1.4795281983310733,-4.94872984861196,-6.155420186108344
1.4953932461145991,-4.946975508546452,-6.083095711662619
1.5115789925612741,-4.943106865111104,-6.014422289319969
1.5274834,-4.9385797,-5.948888977179586
1.5428678520657357,-4.933242568586513,-5.876460353201385
1.5571173911636293,-4.92725580487118,-5.811539010707131
1.5714060200000002,-4.92005866,-5.734688977179586
1.584945800209807,-4.911211124296273,-5.661695671926467
1.5972570666666666,-4.902526533333333,-5.589555643846253
1.6113165653681099,-4.890595704901774,-5.5233491717246945
1.6220935599972752,-4.879742317768771,-5.443860386045239
1.632237461620128,-4.868437238604266,-5.3754007606950065
1.6424779600000001,-4.85496118,-5.309968977179586
1.650488,-4.8423424,-5.237888977179586
1.6596952736601895,-4.825428994974541,-5.173581787247534
1.665450436993356,-4.812487870402454,-5.095389037579497
1.6705197533960703,-4.799738198948151,-5.027136031300731
1.6780416271942653,-4.783616131611406,-4.95892897145749
1.6809604468219026,-4.76642869853612,-4.888822276074921
1.6838860789395047,-4.751152491505866,-4.813495668853935
1.6850586012175157,-4.735177825431137,-4.746055608348623
1.685567677625601,-4.7206122630144245,-4.6747000729847175
1.6842873864006993,-4.704337273235317,-4.603502274485475
1.6820473489134877,-4.687940800507493,-4.5362746651904855
1.6798634983898912,-4.6709894597409205,-4.468955616295854
1.6761253154972224,-4.6568543995589256,-4.398928867030098
1.6701169928207789,-4.642455494592093,-4.349124260407501
1.6641639037098261,-4.626276347569698,-4.366988977179586
1.6580140087812365,-4.607950529839515,-4.363063976062001
1.6509729203865804,-4.588059838637602,-4.367474692438441
1.6439939000000001,-4.57007208,-4.369348977179586
1.6385167602883428,-4.5548113516156175,-4.369577213463665
1.6318048882156595,-4.537939186686589,-4.36772231475151
1.6250377500000002,-4.51889915,-4.371888977179586
1.6189743779195827,-4.5026434301053255,-4.364912502136461
1.6125001368433602,-4.484941132178336,-4.363648986716263
1.6065217439043775,-4.467084269361351,-4.367168975272221
1.600500806838129,-4.4512479949470265,-4.358670227086454
1.5951796387412087,-4.43515642082489,-4.309089430153719
1.587195960284981,-4.418979573818773,-4.251153698159069
1.5797737211622216,-4.405036028874337,-4.1736423198378185
1.571502248556374,-4.39127042735379,-4.102488962874458
1.5624225896555592,-4.379126320691687,-4.038777261146825
1.5530872,-4.3670628,-3.9686889771795864
1.5416323006661619,-4.35457525970773,-3.8888889827893696
1.5295630771961999,-4.343254255617503,-3.814119711141366
1.517503704357554,-4.333381206354767,-3.738819804674726
1.505232745768824,-4.325102247254467,-3.677063953710305
1.490254372426947,-4.315973750149756,-3.5991640386467516
1.4762316353617662,-4.309677915080711,-3.5382183462103423
1.46043382579671,-4.303221797035683,-3.4672222808432593
1.4456561073695253,-4.298055637279164,-3.392588934264201
1.429408680092188,-4.294077577572916,-3.323549050294106
1.4124319,-4.291214,-3.2548889771795864
1.3978422,-4.2892405,-3.184288977179586
1.3823054077779648,-4.289075364108606,-3.1221301053225625
1.3659394660796533,-4.2890164175063665,-3.0418889908371716
1.3496063431827574,-4.291998719420161,-2.9621022616225323
1.3347916175742955,-4.293919054683534,-2.9032418964270787
1.3178943599221171,-4.29842334226655,-2.8232489545688626
1.303437534139981,-4.303322407177875,-2.7584139632362277
1.2883856542105891,-4.307888329795133,-2.686831824978798
1.2737816460558584,-4.316122219759877,-2.6148604241416895
1.2610058,-4.3247689,-2.55318898
1.2465341689611718,-4.334325310197548,-2.475846146212534
1.2334931095337436,-4.345007791229194,-2.448388948707625
1.219669175716057,-4.356448151632387,-2.455948982543154
1.205463683131812,-4.368895173399183,-2.4555461240735696
1.192549724718455,-4.379243486589624,-2.45338898
1.1776102342922992,-4.391249290797107,-2.4525223027370258
1.1624829375953678,-4.403626736716621,-2.451331827411444
1.148945019391242,-4.413856221497258,-2.4464423138631486
1.1357715280208942,-4.426223199213213,-2.457434442427119
1.1207307081999318,-4.437260836427112,-2.4500746935558584
1.1075404500000001,-4.44897955,-2.45438898
1.0923468141182548,-4.4604840237979815,-2.44993897205277
1.0795193500378661,-4.471053684567486,-2.45474192092898
1.0653416076072098,-4.482719854022952,-2.452748982543154
1.0511696799999999,-4.49469324,-2.4509089800000003
1.0379605,-4.5053,-2.45098898
1.0223811340220932,-4.518288845839625,-2.453568984768338
1.0092070778828577,-4.528745265116957,-2.451761199131633
0.995109707193833,-4.540961105427958,-2.452855649315744
0.9805131,-4.5522097,-2.45008898
0.9663288406405467,-4.563768298661686,-2.452628981589446
0.9519045507995041,-4.575504155250024,-2.4540089787284227
0.9388618166949497,-4.586237689066379,-2.4527830980595486
0.9244687887329701,-4.597829012006131,-2.452560410517711
0.9103933750103316,-4.609708724347522,-2.455668981271577
0.896151948159991,-4.621431852162572,-2.453965451165713
0.8819200520392918,-4.633251090982929,-2.4512689876294624
0.867802426763093,-4.644461438024319,-2.450888978410554
0.8545099160385958,-4.655394282704795,-2.45458898
0.8400968701793226,-4.667524403773778,-2.4559746920961834
0.8259067230467161,-4.678822582467778,-2.453394867550313
0.8113911936056584,-4.690322604932051,-2.4537223090948106
0.7967916958242507,-4.702548999816076,-2.4886961938964576
0.7856898431000313,-4.709224013977261,-2.5547139304537394
0.7724016457425068,-4.719791421158038,-2.6313175971662126
0.758297905434554,-4.726653197580747,-2.707171313141663
0.7440137136301948,-4.733802695598429,-2.7803427708520707
0.7285979154070163,-4.738788339645777,-2.8513746475749318
0.714865440054837,-4.7448176398059845,-2.933739018743518
0.6979524773989748,-4.748893636786268,-3.0141386402694
0.6821241,-4.7506538,-3.07448898
0.6660861191519073,-4.751952801067779,-3.1514033096046545
0.6506304622047714,-4.750524999450149,-3.215564043117091
0.6358330961018641,-4.749144767861241,-3.2801452363996613
0.6176095,-4.7475611,-3.3512889771795864
0.6021546921925168,-4.742208948259528,-3.42720228423366
0.5869275439350378,-4.73852571313409,-3.492636022885938
0.57149965,-4.730450299999999,-3.551488977179586
0.5563724874068187,-4.725552349517604,-3.635695673515913
0.5433536126881057,-4.71806663854396,-3.7108654704547637
0.5290045,-4.7072737,-3.7777889771795863
0.5180295918728021,-4.695871142149968,-3.81253267688752
0.5063061764984503,-4.684873717661925,-3.8834957053048345
0.4950632045982675,-4.673147438849241,-3.9545222792538133
0.4851132922401582,-4.66259683599568,-4.028918365844859
0.47161,-4.65170755,-4.143688977179586
0.46358736113487015,-4.637502385139102,-4.210651485934001
0.45572408620360805,-4.623981095235636,-4.290089008968508
0.44915914327494677,-4.6090473084400925,-4.3606289460259475
0.4428376419687811,-4.594647913791847,-4.424500732645696
0.43904071796400046,-4.5796389640839195,-4.496088583807313
0.43748662208602723,-4.563390069612779,-4.565394783386899
0.4343419001458564,-4.544913277425914,-4.645536031300732
0.4335607543590559,-4.5312861013669234,-4.709615679873698
0.43434586007724835,-4.515797691798328,-4.7862489813122115
0.4349495766265094,-4.49951592379984,-4.847318414931153
0.43722748053215504,-4.482830256063833,-4.922208998160609
0.43979517989000855,-4.469462981380933,-4.990115637382403
0.4441780572836367,-4.4541259126122545,-5.053315616295854
0.44903838301941773,-4.440190599112559,-5.125089040757429
0.4565462108686323,-4.422072438202337,-5.2142622808432595
0.4647572027513749,-4.409129595759291,-5.270208999750079
0.47635225309734514,-4.39411480425508,-5.357512453050166
0.4851647610185966,-4.381249783252026,-5.421235186327515
0.4954418013383136,-4.369216845811015,-5.490475611527516
0.5069337,-4.3562553,-5.572588977179587
0.5193047236509577,-4.346126157140587,-5.632329047115213
0.5323961843274476,-4.33817463326508,-5.66783599062923
0.5477048,-4.32584956,-5.666128977179587
0.56222892,-4.31528616,-5.666708977179586
0.5771579,-4.3047524,-5.670388977179586
0.5923423,-4.2945234,-5.667688977179586
0.6078370604984582,-4.283362236897988,-5.671622313162039
0.6219437454863802,-4.273835655091792,-5.667001480904925
0.6366683399999999,-4.2632918,-5.668308977179586
0.6511994,-4.2527281,-5.670488977179586
0.6667223638888006,-4.241938777106845,-5.669648976543797
0.6807197548978202,-4.232176092370572,-5.665746109332175
0.6954189280677703,-4.22147989131115,-5.6670327269001906
0.710104027162044,-4.211215337688945,-5.669755644905884
0.7252101719140414,-4.200306942645516,-5.667608975908009
0.7383145465660017,-4.1910957024111894,-5.662335641726991
0.7555427465190918,-4.178815817653963,-5.665104353330413
0.7689134402792472,-4.169242356381409,-5.66873897643453
0.7841871731125029,-4.158961995271323,-5.6670223147515095
0.7984228134880395,-4.148758698113328,-5.668215644905883
0.8140498084332425,-4.137860946764305,-5.668253265326726
0.82860864,-4.12761932,-5.6612289771795865
0.8425569347971211,-4.117626668363409,-5.66238272913536
0.857582536659567,-4.107166832940204,-5.658295649780279
0.8736574,-4.096379000000001,-5.657138977179587
0.8878347072553607,-4.0866150833822585,-5.657051475503208
0.90298972,-4.0762598,-5.657268977179586
0.9182481139093531,-4.065306543957275,-5.657048980040612
0.9327739,-4.0555309,-5.657188977179587
0.947056,-4.0441198,-5.658488977179586
0.9617524631197008,-4.032804647464572,-5.664095226713926
0.9763586915064819,-4.022729717329757,-5.6646764604160635
0.9921772499999999,-4.01130255,-5.6633889771795864
1.0058997786070907,-4.001286996390104,-5.663453674812257
1.0209120849540643,-3.9905675499475475,-5.663162312208356
1.0359246522593404,-3.9797419858942,-5.666300743700398
1.0510526054185079,-3.9692245141606004,-5.665088977179586
1.0659218936024797,-3.9588914578002066,-5.664442311042735
1.0808295566447095,-3.9483892918672217,-5.666343260869752
1.0947055603274258,-3.938170817752523,-5.67064897559014
1.1098808421777486,-3.927744148530917,-5.6694477937791685
1.1247187604700273,-3.917110980769755,-5.6682889703675965
1.1396081073020314,-3.90686297453349,-5.666708982265895
1.1551946400000002,-3.8956571,-5.668728977179587
1.1691539491349892,-3.8856942655768973,-5.66731398276751
1.1851522,-3.8745153500000002,-5.666188977179587
1.1991228275384271,-3.8642905280236732,-5.670436037653052
1.2142786261197827,-3.853637671413358,-5.672055645965548
1.22984704,-3.8428006,-5.671468977179586
1.2442836311002503,-3.83272210448206,-5.671938935458284
1.2589110490514628,-3.8225916243247844,-5.6710318333493355
1.2742256165687278,-3.81191198891351,-5.671383095239134
1.288996739736152,-3.801587668409759,-5.671682317400519
1.3042042896712496,-3.790841625907971,-5.67151119498668
1.3184165,-3.7809761,-5.675088977179586
1.3336638163547503,-3.7700296006437,-5.674438983139773
1.3484258039269035,-3.7596615560004487,-5.6723183882843085
1.3636335293098516,-3.7488582180627525,-5.6729223115725675
1.3785810231876159,-3.7383617662233273,-5.673588972070681
1.3920322179603333,-3.7288894830380426,-5.673263979042228
1.4072626,-3.718247,-5.674288977179586
1.423828796313011,-3.7063723834638966,-5.674767548364873
1.4378461910637919,-3.6967027077903114,-5.67423897196419
1.4528293396048575,-3.6860493957322693,-5.672055644376077
1.4677875770129427,-3.6753836778286786,-5.675074690735444
1.4826621,-3.66520955,-5.673338977179586
1.4981218390932767,-3.65403778098155,-5.6729659019494205
1.512003177102922,-3.644166735811888,-5.67531397829717
1.5275150923164955,-3.633532865680135,-5.676248976543798
1.54274986,-3.62263668,-5.677848977179586
1.5567813,-3.613014,-5.676088977179586
1.5726526398871492,-3.601714095414448,-5.676415644905884
1.5872722107737403,-3.5914079771552387,-5.680306624403405
1.6023501866009695,-3.581043255257093,-5.678595644905884
1.6191615,-3.5738654,-5.661388977179586
1.6322326280507131,-3.5654542885418565,-5.659453681329482
1.6476836,-3.5509371,-5.669688977179586
1.662153606977266,-3.541862958275248,-5.665800741060489
1.6779835067726296,-3.532754130693793,-5.657535641726991
1.69239441169533,-3.520417602552691,-5.66584897972274
1.707302175930203,-3.509930557349983,-5.665776485561472
1.7234074120609084,-3.500477127639317,-5.662795643422394
1.738415668546176,-3.4888984310331908,-5.662503261677466
1.7522463803612751,-3.4787760468746054,-5.665306621598474
1.7670180259685764,-3.469363508440026,-5.662748980040612
1.7824059874532476,-3.4583817844715314,-5.663788977179586
1.79708834,-3.4469886,-5.667808977179586
1.8123226285691578,-3.4373197350669167,-5.664848973364855
1.826007460232857,-3.4281700784468256,-5.663611199254635
1.841410254230245,-3.4163901343664853,-5.665303261920731
1.8568198416420068,-3.406123680006451,-5.662777213298684
1.871768763771053,-3.3959922966758063,-5.662110409035311
1.8860935,-3.3853664,-5.662888977179586
1.900969177451159,-3.3750892405214366,-5.664730153567676
1.9163321326651908,-3.364983873688692,-5.661403261920731
1.9310965,-3.3542174,-5.663788977179586
1.9466227,-3.3429175,-5.663088977179586
1.9596986592148136,-3.332741317708019,-5.66895564649533
1.9749320286454526,-3.322348435006517,-5.670368965735393
1.9905204849473475,-3.312278347899861,-5.664388965258267
2.0048532300251134,-3.302651766099755,-5.658842307122048
2.020389339541113,-3.291108162074527,-5.665077210493752
2.035160687036478,-3.2812333553174917,-5.665442312632181
2.0506199996594003,-3.270420296355586,-5.6635604094002945
2.0642854732974305,-3.2600173350499273,-5.6665478013689725
2.0805255294433187,-3.249515043211348,-5.666039006980516
2.09518419525548,-3.2386170532059784,-5.667963979042227
2.110710648451855,-3.228324968288457,-5.66576897527222
2.1254283728629555,-3.217591995509743,-5.665722313162038
2.1386695241810934,-3.208422031940342,-5.664588977179586
2.1540398,-3.1978018,-5.666088977179586
2.1688541011906004,-3.187219893041172,-5.661263976062002
2.18390652,-3.17647666,-5.661888977179586
2.198021951597419,-3.166322845907111,-5.66272897145749
2.212549688774666,-3.1565089075901436,-5.663812510551254
2.2276073,-3.1461935,-5.664688977179586
2.2433879634798455,-3.1350963125730145,-5.663481833227678
2.257847302321596,-3.125158223566139,-5.662088977179586
2.2731950464754034,-3.114740416005722,-5.66212897559014
2.288234112029973,-3.104228392179836,-5.661803261920731
2.3022076874087714,-3.0945778715339682,-5.660622308305326
2.3175076,-3.0834830999999996,-5.662888977179586
2.332299138235418,-3.0730324467273467,-5.662259564672399
2.34742248,-3.06242662,-5.6604089771795865
2.3624499796662124,-3.0518171897547686,-5.6622175500678695
2.3761842551833587,-3.0423511570042767,-5.6605702270864535
2.3915199,-3.0317225,-5.660888977179586
2.406565166640955,-3.021068233934056,-5.660418388284308
2.4220180001796074,-3.0107046909226733,-5.660288977179587
2.4365605828527834,-3.0003853116285724,-5.658868975272221
2.4507380999999997,-2.99058515,-5.658638977179586
2.4657058307946773,-2.9803564274478833,-5.658626474385624
2.4825560405038543,-2.96855666186601,-5.658622307863843
2.4961690774876235,-2.9587514639131594,-5.658624271627225
2.511865773399031,-2.948330211502821,-5.656562309453289
2.5269923,-2.9375279,-5.658888977179586
2.5416790591353413,-2.9271672725582136,-5.695542398462269
2.555795694459103,-2.918048370421528,-5.773688950158574
2.569137889241687,-2.9118706759855826,-5.83441839389417
2.583611337384366,-2.9052598834885717,-5.906962350355668
2.5977597,-2.9006039,-5.977588977179586
2.613265887961344,-2.8962066483930444,-6.046315616719275
2.63003018,-2.8899108599999996,-6.091148977179587
2.6471756313254704,-2.887700400025244,-6.082959560465001
2.665868549334991,-2.882570643056147,-6.09166040477789
2.68404110052929,-2.8797553184250053,-6.090498976464329
2.7021556,-2.8771667,-6.0867889771795864
2.71989252,-2.8736600400000003,-6.088808977179586
2.737651339224247,-2.8699873025346823,-6.087538973454303
2.7553136354627434,-2.8670070668078482,-6.0885007396580235
2.773121903669959,-2.8636831149046325,-6.0888104059943
2.7904516499999996,-2.8602652,-6.121088977179586
2.806625681158407,-2.8577139205010016,-6.198722263888428
2.8220134565418333,-2.857005184675201,-6.2701889184919875
2.83657045,-2.8569576000000003,-6.336238977179587
2.8510781170844686,-2.8588563971117167,-6.403253207424818
2.8699880510816183,-2.8612560588222204,-6.443115660800345
2.8882451738917587,-2.865287000600811,-6.434055648084776
2.9057059610626705,-2.867818186154632,-6.437867548364872
2.9226852560408543,-2.8712503624197256,-6.438363169437879
2.9416691,-2.8740566,-6.439588977179586
2.9586844082529438,-2.8773587013608184,-6.439488977179586
2.9773858962925748,-2.8802908995657357,-6.440274692438442
2.995954237977127,-2.8837563482345434,-6.437556719040642
3.0135674774567693,-2.8863272474341892,-6.403341851532699
3.028317766392752,-2.888549526759914,-6.330988945390664
3.045818253489897,-2.8887303997317755,-6.268539021883646
3.0617021711697174,-2.888806091807578,-6.194412013896015
3.0774990399999997,-2.88726412,-6.115848977179586
3.093621669768609,-2.884914733699744,-6.050041680085775
3.109508681306537,-2.881199807712158,-5.976183165362412
3.1248416076742913,-2.875167494824902,-5.913241809458733
3.139159944731342,-2.8707165175897447,-5.84020565378037
3.1517596345315066,-2.862918862701429,-5.774071227575782
3.167780733333333,-2.8547556333333333,-5.703955643846252
3.180724640957967,-2.8449594133288034,-5.64073888658044
3.1942678824869444,-2.8355683243041616,-5.5692986608509365
3.205111349877284,-2.823014679411806,-5.513577311471271
3.216549811257591,-2.812852091719843,-5.440941887996803
3.227700606341949,-2.7996807892669313,-5.364177249762787
3.2357705401017247,-2.786251600823863,-5.301977821917196
3.2451100800458956,-2.7731853161498456,-5.219888929495967
3.251786304458452,-2.7593352422852546,-5.156988925025239
3.25929912,-2.74310644,-5.088068977179586
3.264864340590802,-2.728957592661469,-5.007849123091896
3.268361730800286,-2.7144115743161406,-4.944122346010548
3.272255079212894,-2.6975444727850717,-4.862835666310781
3.2756698676463967,-2.683151927430229,-4.787822280489651
3.27575088,-2.6668236000000003,-4.7188489771795865
3.2758588391245262,-2.6507827199413487,-4.6568189392709955
3.2746914432843446,-2.6331484062941706,-4.583546152636408
3.2730276,-2.617228,-4.511188977179586
3.2695971780601787,-2.6010947652472463,-4.467288986716566
3.2674139751314812,-2.5847146067402496,-4.45068309383667
3.26450105,-2.56560055,-4.436388977179586
3.2597917722921177,-2.544791897764369,-4.432919756991052
3.2564649,-2.52734025,-4.423888977179587
3.2520216228371934,-2.5100846148467304,-4.427517553473864
3.248223224215828,-2.4918683098153753,-4.424513979787284
3.243725863001982,-2.475729552663577,-4.432563979042228
3.2396794399999997,-2.45753368,-4.429788977179586
3.2351341,-2.4409032,-4.439388977179586
3.2314996,-2.4216304,-4.429588977179586
3.2274438994665395,-2.405757347197842,-4.4347514769933225
3.2229377039768257,-2.3867691173616574,-4.43433897837168
3.2190906666666668,-2.3699171,-4.43592231051292
3.215272378393616,-2.3528922267927017,-4.437100742462954
3.2103330800000003,-2.3339090000000002,-4.439508977179586
3.2067108176429593,-2.316077085830613,-4.435696668922975
3.202355,-2.299703,-4.438908977179586
3.1988837413294338,-2.282698428515116,-4.432228977815375
3.19392392,-2.26406578,-4.441408977179586
3.1908557,-2.2479185,-4.431088977179586
3.1862454153454474,-2.2282726748011785,-4.4352746892757695
3.1824772526625806,-2.211243045957393,-4.432288977179586
3.1781153227306684,-2.193153107279663,-4.437528970821802
3.1749255,-2.1756557,-4.430988977179586
3.170208563016181,-2.1572177653209144,-4.434602309665202
3.166132500297231,-2.1393848281590744,-4.433615643740288
3.162474467771342,-2.1226611369746013,-4.434459559062536
3.158887392979305,-2.105334218445815,-4.431928976225904
3.1543054,-2.0875097,-4.402188977179586
3.1468367042149183,-2.0756418705892368,-4.369046027588306
3.13927630231586,-2.06195484091935,-4.316455680933918
3.1353269666666668,-2.0471692333333333,-4.230022310512919
3.12726411921194,-2.033222292162317,-4.157002306486259
3.1189840505443853,-2.018755052547087,-4.091849034399645
3.1089072240359856,-2.0052591444861236,-4.012235672668666
3.0972458400000002,-1.99292772,-3.9459689771795863
3.087430612715771,-1.9813006515084084,-3.8683689085144244
3.07504032024459,-1.9716486952049703,-3.8114537276108442
3.0622907173433243,-1.9617862920367846,-3.7364889294956622
3.0487939917857596,-1.9521155878728804,-3.666000783134455
3.0337171246066057,-1.9458224687589407,-3.605402266749475
3.01819404,-1.93805758,-3.5300489771795864
3.004893696104005,-1.9328323924183777,-3.473059609963161
2.990168417462534,-1.9274972511733652,-3.398053277247706
2.9758004,-1.9212432,-3.327188977179586
2.957927633529898,-1.9197846030994692,-3.2558290382152855
2.943093593443535,-1.918461460017484,-3.1840090042001696
2.928460533988752,-1.9179383111692354,-3.119994829683744
2.9093493500000003,-1.9193057,-3.04748898
2.8930721743194536,-1.921588398821929,-2.9701360509507317
2.877730060327426,-1.924696601382818,-2.8988556095795914
2.8628328313634483,-1.9290203429411577,-2.8278489475747848
2.8479720823883534,-1.932805499538065,-2.7565514857741884
2.8345201,-1.9399813,-2.67748898
2.818368534562505,-1.9473921743860765,-2.6075955841484544
2.8058361023224503,-1.9548597574666218,-2.5318831093616065
2.791768722103177,-1.9651750093014246,-2.4639764956464205
2.779598839749659,-1.9752695027111717,-2.38758896126703
2.767873561209206,-1.986201392085887,-2.3179654312012117
2.756578,-1.9995147,-2.24198898
2.7470351637841324,-2.012265690327195,-2.180935992047179
2.7371445067965468,-2.0250783699715607,-2.1094460634965344
2.7300392328591485,-2.0390936755331266,-2.045222255053644
2.7224974666970536,-2.0521390633563805,-1.9708889996345176
2.7176346305757537,-2.0686104226844675,-1.9080886581499583
2.7124971010848022,-2.083852545306889,-1.834839000116527
2.7068688678767843,-2.098210392465906,-1.750122343003465
2.70570034,-2.11462592,-1.68760898
2.7046494119181523,-2.127881032126278,-1.625994850720727
2.7069944929762375,-2.1459104558181674,-1.6033289927155687
2.704780599640969,-2.163936079005091,-1.6021066216139572
2.7054876204259712,-2.181849649948343,-1.610355641368513
2.704041507414766,-2.2007132460383056,-1.603702315452595
2.7031184541485205,-2.2200776956575643,-1.5930556503754332
2.7024084176161223,-2.236615993604847,-1.59218898
2.7020315572053812,-2.2562815103423026,-1.593760408814714
2.70172862332548,-2.273536156557837,-1.5938242767575452
2.7017266667307753,-2.292083568297994,-1.595542313121404
2.70086912011444,-2.3102347163951364,-1.5924156509051894
2.7002133,-2.3284697,-1.59268898
2.699884133497576,-2.347668078803147,-1.5927489768211078
2.6992383046966264,-2.364135961795208,-1.5922890038407438
2.699104886076367,-2.382844371804277,-1.59101206623409
2.6982679104404177,-2.401405791462569,-1.5881344327721183
2.6981453,-2.4204876,-1.59178898
2.69787768,-2.43751726,-1.62926898
2.696801393662258,-2.452744469771258,-1.7134419356961137
2.6951576,-2.4729680999999997,-1.79906898
2.6900761211447373,-2.486688955971644,-1.860588965694758
2.6848729727381095,-2.500712873274526,-1.9244893018500417
2.6781843707823376,-2.5172697447849446,-1.99512225399307
2.672673630979223,-2.5312286830228206,-2.0707889714850136
2.664127238229808,-2.5432392057052295,-2.12950665527313
2.655720957956502,-2.558060390269941,-2.205399976317783
2.648225,-2.5704829,-2.28598898
2.6361062,-2.5819092,-2.34998898
2.6249865547309263,-2.5933115240650544,-2.4207247105858314
2.6136019069230656,-2.6020363440492336,-2.486988933806494
2.6007856940569667,-2.612305470653591,-2.563455674217503
2.5862516343489976,-2.622205333369096,-2.60476902196171
2.570783438967696,-2.6318289326141375,-2.599239069402789
2.55376545,-2.6417460999999998,-2.60033898
2.5399553999999998,-2.6509442,-2.60288898
2.5239797401223876,-2.6601458908082334,-2.6004823138631488
2.5076726459644054,-2.6696394535741836,-2.5968772161190974
2.492509974986245,-2.6789602674192126,-2.596442824037707
2.47636595119576,-2.6885102693724092,-2.5962197561434914
2.461670933253364,-2.6976183436573336,-2.59608898
2.446285286251291,-2.7069808438846064,-2.597042313863149
2.4304825393517806,-2.716766759782898,-2.5958654466283324
2.4145311091062087,-2.725923986323156,-2.5962654508357295
2.3985343522138964,-2.7357124633514984,-2.5970246952588556
2.38290695,-2.74533345,-2.59813898
2.3685185665554043,-2.7540114852306354,-2.5967595632854157
2.3526856,-2.7634747,-2.59538898
2.33727057709364,-2.7728563413184717,-2.5968452266471953
2.3210862032714576,-2.782331969470368,-2.594960408814714
2.305637146928395,-2.7918809726472222,-2.5950156540840816
2.291045668466965,-2.80060704047235,-2.5954301577905556
2.275022453586585,-2.81029678912501,-2.594675646136851
2.259369968479587,-2.8197338835084076,-2.5932713327761805
2.243656722957715,-2.8291057919858313,-2.595760409301272
2.227785411793877,-2.838819084407286,-2.594008978728423
2.2131433648839947,-2.847555848494241,-2.593701479068679
2.197045629659653,-2.8568954410845206,-2.5940827318626694
2.1812264,-2.8664692,-2.59408898
2.1655111770130655,-2.875940446679594,-2.5916423099424613
2.1495835262290393,-2.8850570705793532,-2.588488981589446
2.1346046666666667,-2.8943392500000003,-2.5924056466666667
2.1173381,-2.9046758,-2.58878898
2.102007599645553,-2.914413937701661,-2.5935623122737024
2.0866782594778646,-2.923178785389441,-2.588901480558792
2.07142952,-2.93338758,-2.59038898
2.055710122995494,-2.9416015277734067,-2.5911789807152563
2.0406972,-2.9505266,-2.58658898
2.0239564013383347,-2.959996865840671,-2.587562313439298
2.0093602481059705,-2.969359193467316,-2.5879948619404516
1.9934889090281136,-2.97928706930097,-2.5880139788410212
1.9795455415353962,-2.9892736153164967,-2.598517552401696
1.9629201,-2.9952784,-2.58158898
1.94563758,-3.00596506,-2.58222898
1.9332283084118704,-3.0185363757096377,-2.645918380875126
1.91681445,-3.02381355,-2.69888898
1.9022627708021116,-3.030920332970027,-2.775246200708447
1.8871801828997377,-3.035581984282569,-2.838600771930213
1.871339958674402,-3.0423749306810777,-2.898502313863149
1.8542838090515126,-3.047192533941068,-2.9084713299712495
1.8364812916178475,-3.051122557588556,-2.896274685040872
1.8192055333333335,-3.0555543666666667,-2.89828898
1.8010625599999999,-3.05996426,-2.89800898
1.7841192,-3.0635393,-2.89268898
1.7666567780177111,-3.068627016256812,-2.8988175528882834
1.748749347352814,-3.072770225729783,-2.8954014805587924
1.7310004730660602,-3.0776879781718813,-2.8987197506415288
1.7130331650824937,-3.081752466989859,-2.8956489793642115
1.6956971847820164,-3.0870024897752044,-2.90028898
1.676999886852861,-3.0903940754427794,-2.891160410517711
1.6602760276505386,-3.0953548742121026,-2.8980389807450564
1.6424227401786566,-3.099418643932988,-2.8929489698273834
1.6251271,-3.104428,-2.89538898
1.6062398,-3.1083991600000003,-2.88912898
1.5889471608838557,-3.1133369135762945,-2.8951175528882835
1.5721985874873778,-3.1174767738934706,-2.8945301572130595
1.5559646920605907,-3.122289973818228,-2.8689823058098356
1.5397634794881985,-3.1250087820392594,-2.77629569540968
1.5262036317438692,-3.1313441871866483,-2.7057886683514987
1.50835205414607,-3.1356326497083367,-2.58824901655726
1.4945897847824015,-3.14336476169692,-2.5172756379775567
1.4814398210650324,-3.152677381863316,-2.451577268010322
1.4691466251486156,-3.16181738752265,-2.3766222667088406
1.4563433733559596,-3.173075344613831,-2.3021772301437524
1.4455418806847442,-3.1851654645102836,-2.2373090232336206
1.43417146,-3.19787608,-2.15844898
1.425654680856614,-3.210256907618086,-2.097930144591047
1.4162158023921545,-3.22537773559939,-2.056868966966335
1.4068916,-3.241609,-2.06458898
1.3973679,-3.2569469,-2.06448898
1.3878892711515536,-3.272264347125487,-2.064308981589446
1.3792236963900537,-3.2871037824832054,-2.064900746685834
1.3694575502869502,-3.3029085016331465,-2.063960407598304
1.360213643211368,-3.318891958619703,-2.0685956462428075
1.350462442037502,-3.3346642301992904,-2.0692242716427076
1.3405561559529227,-3.3504066520580014,-2.067561706878644
1.3317270055760033,-3.3650574409155256,-2.068188978509887
1.3218849,-3.381385,-2.06888898
1.3120049283802926,-3.396928967199136,-2.0673654466283327
1.3028920601116347,-3.412641609525412,-2.06908898
1.2930721516832502,-3.428548709540007,-2.067848979364211
1.2839645040260668,-3.444405326235397,-2.070922312273703
1.2746228783680282,-3.458923518273257,-2.065170231396981
1.265124046907357,-3.4754558940497273,-2.0694889834059946
1.2558139877761105,-3.4911169968837217,-2.070000742478437
1.2465501799999998,-3.50634486,-2.07286898
1.2363292651226159,-3.522603551846049,-2.0696389748910082
1.227690029323936,-3.535892419194147,-2.065463983352754
1.2195638302381027,-3.554731180761039,-2.089875647514385
1.2086581141186206,-3.5682257674109086,-2.071488984207397
1.1985929066724945,-3.5839963187824844,-2.066055635010729
1.1909049406081502,-3.6002242193779117,-2.0826428258716945
1.18168068382256,-3.6145315449518254,-2.078283099462014
1.1703262,-3.6311832,-2.07088898
1.1624973554634996,-3.6465124949962,-2.081570229906868
1.1521247619868076,-3.662039773340221,-2.0739889752316616
1.1429293,-3.6774465000000003,-2.07678898
1.134281880406154,-3.6923243679901265,-2.0802419216714587
1.12368515,-3.7089875,-2.07618898
1.114217297699368,-3.7246004710096554,-2.077338997880558
1.1055115778435083,-3.739544345278577,-2.0786139766472456
1.0953997078821884,-3.755267868553899,-2.077248985722097
1.0861934,-3.77089155,-2.07938898
1.0771696,-3.7858326,-2.07908898
1.0669746805722071,-3.802454594284741,-2.0796818240054495
1.0577946772936566,-3.817504959248387,-2.0792702239464154
1.0472930370340936,-3.832814126108241,-2.0762223075053643
1.0387849286041262,-3.8493114556442127,-2.088768968555806
1.0288545730922962,-3.8627808873399436,-2.0749242716427077
1.0192210948705722,-3.8806761091808584,-2.0828032664441416
1.0104105976003814,-3.8951274872754302,-2.0826654466283325
1.00902242,-3.90181898,-2.12870898
1.0092588664891757,-3.902373126696761,-2.1244156449712306
1.0090336949076475,-3.902817822774638,-2.1240242758501044
1.009439760180564,-3.901863945754522,-2.1234156449712307
1.0089012335643328,-3.9023221995454183,-2.1233223138631487
1.009117340204088,-3.9022127731570078,-2.12358898
1.0092684334101565,-3.9019906866867995,-2.1234623138631488
1.0090011005575323,-3.902118430004035,-2.12318898
1.008929,-3.9022572,-2.12338898
1.0090778933512414,-3.902141913299107,-2.12328898
1.0090977355020125,-3.902068317650029,-2.1233419216714586
1.0090332666666668,-3.9021834,-2.1233223133333334
1.0090505643307222,-3.902202700013624,-2.12328898
1.009093,-3.9021387,-2.12328898
1.009065806596306,-3.9020798331722673,-2.12328898
1.0089738588081847,-3.9020849941348894,-2.12318898
1.00904582,-3.9021667200000003,-2.12338898
1.0090611,-3.9021808,-2.12328898
1.0090535,-3.9020948,-2.12318898
1.0090000267185886,-3.902099373233728,-2.12308898
1.0089952375016764,-3.9021423499828636,-2.12328898
1.0090009562622002,-3.9021276187649945,-2.123307730093132
1.0090310600216168,-3.902167660091554,-2.12338898
1.009010252964111,-3.9021096647448212,-2.1232066272238197
1.009022579974569,-3.9021352533640625,-2.12328898
1.009018953365652,-3.902188879988874,-2.12338898
1.009053246636308,-3.9022116666706403,-2.1233023131743876
1.0090254529781357,-3.9021530882248996,-2.12338898
1.0090528053229937,-3.902155268430959,-2.12338898
1.0090352411609609,-3.902184805841269,-2.12338898
1.0090467124707565,-3.9021608562636905,-2.123307730093132
1.00905053083208,-3.902137499969739,-2.1233659038528407
1.0090399470709506,-3.9021492823752157,-2.1233125091642706
1.0090103,-3.902131,-2.12328898
1.0090497588213845,-3.902151188201223,-2.12348898
1.0091278501494367,-3.902127607218944,-2.12348898
1.0090624312089287,-3.9019135812871597,-2.12338898
1.0090088449952728,-3.9021208206174207,-2.12328898
1.0090455,-3.902148,-2.12328898
1.0090313578652812,-3.9021274421121315,-2.123273190460272
1.009035249985844,-3.902120187497951,-2.1234514798137356
1.0090017479591447,-3.9021498639512484,-2.1233809796566785
1.0088697960814625,-3.9020842805572857,-2.123208334268091
1.0090222591994726,-3.9021373588460513,-2.12328898
1.009035310105381,-3.9021392001859665,-2.1232989804768376
1.0090121293924603,-3.902166200009817,-2.123271333023673
1.008984735442191,-3.902135599969236,-2.12338898
1.009019482574366,-3.9021658940605586,-2.12348898
1.0090359999579266,-3.9021664176694157,-2.123371333023673
1.00907054212468,-3.902158247295839,-2.12328898
1.0091650546376054,-3.9022355193095124,-2.122498658982342
1.008837687037678,-3.902160077416303,-2.124318012555779
1.0088249587680915,-3.902173053001234,-2.12428898
1.0088126103649049,-3.9020716997590723,-2.124641612635647
1.0090368884382364,-3.902113388297992,-2.1233654497632672
1.0090845,-3.9020905,-2.12328898
1.0090295723500637,-3.902122834534468,-2.1233717390742797
1.0090368389075062,-3.902138244420308,-2.1234500910375247
1.009035921084927,-3.9021564263251016,-2.12338898
1.009039843767602,-3.9021591624580902,-2.1232577308381884
1.0090610624667515,-3.902172634410693,-2.1233421051629824
1.0090140312700233,-3.9021982624849127,-2.123370229906868
1.0090074374897553,-3.902177712539302,-2.1234264801862643
1.0090105412058399,-3.9021806882305095,-2.1234301563880904
1.0090919427350136,-3.9021672857391008,-2.123410408814714
1.0090754812439464,-3.9021736343642432,-2.1233983550465663
1.0090269883342917,-3.9021427058496836,-2.1233830966570832
1.0069550871730502,-3.9049251308289974,-2.092583081229962
0.9998553922827041,-3.917315192913767,-2.0061952861586376
0.9940780481314845,-3.9313938554794152,-1.9431631707201034
0.9886327617048132,-3.9454071247026814,-1.8700714269875462
0.9842920684725748,-3.960776340762661,-1.799130111509193
0.9803543,-3.9762287,-1.72518898
0.9778328366369387,-3.9930321697244016,-1.643801441163638
0.9775391743678196,-4.009788964433236,-1.5717500384233858
0.9772041331150162,-4.0257211258264025,-1.504421234478353
0.9790045360041126,-4.043435546735907,-1.4733286487658883
0.98093032187145,-4.0664378854900916,-1.4770919047166318
0.9825412783337555,-4.082454882601439,-1.4775349206519246
0.9845503200730519,-4.100083849685762,-1.4835196689318786
0.9860388318124246,-4.119788019522717,-1.4809536722351697
0.9875514188231087,-4.130025412953553,-1.4889911679510945
0.9870894321992062,-4.126565783083461,-1.4737977670225657
0.9870245333165556,-4.128110848922474,-1.478003671324556
0.98695948,-4.12767586,-1.4783036699999998
0.9874998123997504,-4.126985218414978,-1.4813249429477053
0.9870027501113868,-4.127729162378089,-1.479603670745062
0.9874561212832854,-4.12739984242948,-1.4820473943886812
0.986999009806505,-4.127247521598153,-1.4781405093314262
0.9877974003576288,-4.127189788330084,-1.4825154366858337
0.9875458310445214,-4.1274152687396475,-1.4813984047287054
0.9871038830028299,-4.127411616871742,-1.4793471492524022
0.9875021938138759,-4.127173106647064,-1.4812503385210203
0.98743428102788,-4.127287143992609,-1.480722418603019
0.9875162528836019,-4.127376110420117,-1.4811563026356471
0.9872862883086306,-4.12731926263709,-1.4800245066446793
0.9873415321802128,-4.127305432265581,-1.4804004436725529
0.9875983998670635,-4.127327612006908,-1.4818006391934224
0.9873367323186489,-4.127302983806836,-1.4801294775432228
0.9874602000190735,-4.127270559907493,-1.4807736697615812
0.9873064875605359,-4.127341324956414,-1.4801161705587924
0.9874775,-4.1272729,-1.48110367
0.9875156776997761,-4.12723558878366,-1.4813981148123767
0.9874083195759981,-4.127347516034065,-1.480419667825631
0.9874461709684366,-4.127302335570357,-1.4807004436725528
0.9874270294363491,-4.127316082359789,-1.4809213172238196
0.9874569880187369,-4.127224876424554,-1.4808507283285415
0.9875277218416382,-4.127309678213992,-1.4810481122368804
0.9878265005081286,-4.12561162925539,-1.4804099210244528
0.9876137439687672,-4.1259680676913675,-1.4797724208381886
0.9878323706253594,-4.125815351713111,-1.4807977866570832
0.987711847041499,-4.126116605337783,-1.4805919047166318
0.9877495067853453,-4.1259176873194,-1.4806770054525948
0.9881139,-4.1295038,-1.46180367
0.987951188098378,-4.1436549495317285,-1.368734910453892
0.9925575287185442,-4.157109901062111,-1.311635937889005
0.995777379144377,-4.174750009703617,-1.2297910442717073
0.9998819363662103,-4.187665961444814,-1.1548037504661073
1.0072888612890407,-4.202197266089168,-1.0898536183430025
1.0138236396603704,-4.217303876698148,-1.0127262219904019
1.0226296948807163,-4.229845439896288,-0.9520911575203028
1.0327511355272765,-4.2432780539495445,-0.8852286785681502
1.0442555333772523,-4.254911459773879,-0.8234193804853687
1.056874525290661,-4.265481436493556,-0.7620449487680743
1.0676183607426322,-4.27677855665108,-0.6834842797335876
1.0801961901212216,-4.285396990299291,-0.6239880475378679
1.0917380769550096,-4.294552449691462,-0.5477684938527992
1.1061574,-4.3026748,-0.47360367
1.1209436722760613,-4.310214895254056,-0.39810947901224353
1.1373064798035732,-4.317988869153918,-0.3277101350100367
1.1526702546614895,-4.323557426790473,-0.2615036427522756
1.1650668999507778,-4.3240521175368976,-0.1882649137799466
1.1813747587240369,-4.328576870563651,-0.11075066942498912
1.1968067941487226,-4.331440674513126,-0.03575098340661547
1.214821669669786,-4.332781675171366,0.03999620482863444
1.2325084726011286,-4.3325801493650165,0.10534636099419852
1.2435785852126162,-4.328678498067266,0.17538017516585527
1.260910258890254,-4.326539647742361,0.24409629332025087
1.2737188169778646,-4.321204817346785,0.31513839444812525
1.2930876377008358,-4.3167341976489135,0.3860130220539889
1.3063475101505118,-4.309968116120225,0.4573672574512971
1.3190890586456363,-4.304404091167355,0.5291900745052079
1.3338145076742913,-4.297596914751132,0.60538454648458
1.3473785740347792,-4.288382387440581,0.6800588551456586
1.3595911144853894,-4.279063235922156,0.7483400916415086
1.372428752575628,-4.267278975949118,0.8167963636591729
1.381865258646039,-4.255643809095726,0.8941629472165782
1.3937068435992372,-4.241940737690733,0.9649962739021654
1.4012508775212762,-4.228868761994009,1.026274586227389
1.4099983455074934,-4.213787286282357,1.0986463521389647
1.4167332640281614,-4.198091570151326,1.1646903877535306
1.422679061138414,-4.182204680588819,1.1900608232050482
1.429833214205839,-4.166236327021165,1.1898931036725529
1.436271655719799,-4.148736296617443,1.1874838294412078
1.4427372962831904,-4.131478812222055,1.1907121182848968
1.4495384152504103,-4.114962697289035,1.1882551522094442
1.456324587856088,-4.098299281653387,1.1863672976675075
1.4632779833333334,-4.080617016666666,1.18589633
1.4701102,-4.0636933,1.18819633
1.476392415561367,-4.0480195173696325,1.1864463288824068
1.4829714642721905,-4.031469813387936,1.1860080882710404
1.4902345833148676,-4.013982327161551,1.1855139772238197
1.4970636905850565,-3.9969102293852736,1.1857074416998028
1.5032809,-3.9807701,1.18439633
1.510211409399049,-3.963423548682729,1.1840518845253454
1.5171127158146362,-3.945310770919289,1.1859384471510315
1.524328553295385,-3.9285520412448403,1.1529962599646844
1.5306662709984151,-3.9145930221645653,1.0815903709239443
1.5373543,-3.9006286,1.00029633
1.5477110068823017,-3.8857412432647225,0.927016269601049
1.5565556333333332,-3.8747721,0.8643629966666666
1.5690501294715091,-3.860751451533021,0.8294162791377255
1.581620335225397,-3.846841871758427,0.8303117116527895
1.5925117603677263,-3.8349034937436013,0.83379633
1.606099305703023,-3.819944501063356,0.830122996560702
1.617237253070378,-3.8078874160023246,0.8314213266472456
1.6298853454819482,-3.7937599543528613,0.8329677588147139
1.6425119,-3.7797798,0.83109633
1.6549462755253201,-3.766219324506469,0.8315896637571923
1.666909098054518,-3.7528753219581974,0.8313763331788921
1.6790551401525877,-3.7397452030919847,0.8280150786030189
1.6913212336803625,-3.726654357887626,0.8314713280131925
1.7040562911434656,-3.7126583086657976,0.8307696650287694
1.7156039,-3.699179,0.83129633
1.7285425022138963,-3.685165254495913,0.8306177588147139
1.7401130912873086,-3.6726641588222146,0.8326463307450566
1.7524647706345169,-3.659118989485647,0.8325163319073656
1.765191122034491,-3.6455242924517206,0.8333363315894461
1.7774904999999999,-3.6319986,0.8307963300000001
1.7903500941475665,-3.6176292392138474,0.8293629971964904
1.801824184638424,-3.605317684505804,0.8296525802793961
1.814577747836697,-3.591771569626804,0.8307786827761805
1.8270045000000001,-3.57834618,0.82781633
1.8396571,-3.5648324,0.82999633
1.8519685399022496,-3.551071951804295,0.8293320497595409
1.8638319092362712,-3.5393772773472145,0.7943430374624493
1.874990634840658,-3.5277638178097432,0.7210430279257728
1.8878342878071652,-3.5175339522618176,0.6525096561277299
1.8999612389891123,-3.5080037625685447,0.5838562934427403
1.9132846,-3.5023924,0.52209633
1.9280272510171277,-3.494903042288672,0.4459963330763788
1.940982701789521,-3.48720453731067,0.3767610556815887
1.9560513726483773,-3.4829384987633913,0.3114296373719681
1.9717393265523253,-3.478847490883488,0.2421088961237688
1.9870829718091363,-3.4736912603713006,0.16166300355437582
2.002333346809187,-3.472533666677263,0.09212302474688071
2.017667554278221,-3.47180468280437,0.0300316468870875
2.03366242,-3.4685696,-0.05866367
2.049875794835268,-3.4708709126167876,-0.12610998658942912
2.06553884,-3.4736407199999997,-0.19718367
2.0833338705757067,-3.477712303274311,-0.2226636407537273
2.1001788835042006,-3.4817002060025524,-0.22566837695482658
2.1175830952863133,-3.486279438489264,-0.2226625034291685
2.1362970499999996,-3.4908266,-0.22295367
2.1538480731021132,-3.4949700418790233,-0.22122131722381946
2.171439592980609,-3.4992158031272353,-0.22233700068425652
2.1895259774265075,-3.503566755668407,-0.22354365998641013
2.2062041299468027,-3.5079483495522212,-0.2210786703725283
2.2247824,-3.5124568,-0.21900367
2.242564249450935,-3.5167783709900005,-0.2212566116714584
2.2599939195681653,-3.5213503482647632,-0.2221786718626414
2.2773681646457766,-3.5255699301771117,-0.21990367340599457
2.2946031838844267,-3.5295656954894277,-0.21855367670550896
2.3128804430006813,-3.5336472227554494,-0.2224893852588556
2.3301593338863724,-3.5384273618052537,-0.21877425328541575
2.3476724948115546,-3.5422380296946354,-0.18274216793672626
2.3634413546213144,-3.545109464841453,-0.11510371768338233
2.3784854917432834,-3.546882426458448,-0.04783486551773979
2.3949533521227053,-3.5473444932575697,0.02155629662163236
2.41270704,-3.54687964,0.10113633
2.4283956909520334,-3.5456267996617443,0.16994627710098498
2.4444978740803815,-3.54222839678985,0.23583925404632153
2.4594571193511583,-3.5389904745640326,0.3091962891280654
2.4747535000000003,-3.53406735,0.37809633
2.4903967594073566,-3.527525219945504,0.45021056705722073
2.50434180289976,-3.521480476728904,0.5193650629568315
2.517246731844552,-3.513380803997457,0.5878630469991258
2.5307534800037463,-3.5041342986938235,0.6626534782093289
2.5442202,-3.4943346,0.72589633
2.5571053,-3.4814455,0.79629633
2.5670529392227572,-3.471430585353678,0.8684963404307917
2.578554839696416,-3.45645140459085,0.8973574574470847
2.59041246435162,-3.4421607150823736,0.8982163357220514
2.6016052045347258,-3.4277404742460007,0.8957163285694872
2.6124790610955477,-3.4145198043452347,0.8978588262746617
2.6243538067021643,-3.3997234795994595,0.8975963379472304
2.6358240086532123,-3.3851579772996927,0.897008092478437
2.6477675092983466,-3.3704576299075777,0.8959904550718764
2.6587387212701934,-3.3566203432161794,0.8934756468084843
2.669976265720524,-3.342149701573558,0.8938331768604126
2.6819408,-3.32748372,0.8929363300000001
2.692919920832223,-3.313515354365174,0.8921080910759716
2.7041876,-3.3000772,0.89449633
2.7146696971262356,-3.2836775043026987,0.88329633
2.72695555,-3.2710071999999997,0.89319633
2.7381817195314238,-3.2550507374606608,0.8879163350863083
2.7480347143682593,-3.240429068262205,0.8785610355523611
2.7606438,-3.2271927,0.88759633
2.7713232612442678,-3.2117339467834456,0.878719864774133
2.7830568659667803,-3.1972709807216084,0.87959633
2.794022561617446,-3.1830917393664366,0.8784629956070191
2.804722783114552,-3.17020727512622,0.87999633
2.8162869210986425,-3.1559450454509332,0.8790629971964904
2.8282203490026228,-3.1402060658957853,0.876851875842274
2.8393641498394637,-3.1270830649934833,0.87809633
2.850574868557578,-3.1127550658062466,0.8769429977262974
2.8620733420129065,-3.0984085775725596,0.8761896637571923
2.87299661449135,-3.0852115630645667,0.87579633
2.884665470432654,-3.0708081283911373,0.87559633
2.8955620036436054,-3.057188639612639,0.8770786911909737
2.907049278778951,-3.042509534879087,0.8722391893324251
2.9185478921719783,-3.0286434333068426,0.8735407788595725
2.9300594840692007,-3.0147980782279578,0.8732400841909431
2.9407153647752042,-3.00103082317609,0.87249633
2.952715414661169,-2.9867891653904413,0.8706904467395938
2.9642515,-2.9726776,0.87229633
2.9763070095912805,-2.9577115177111715,0.8718677605177112
2.986567460696777,-2.94510705217333,0.8741713303725283
2.99811174,-2.93076624,0.87171633
3.0104371,-2.915965,0.87229633
3.021791675622009,-2.9016417438633537,0.8710748981442754
3.0340065264577656,-2.8876759746355587,0.8725820452588556
3.0442803654194073,-2.8740044989986395,0.8675904480595487
3.0570633,-2.8595765,0.87029633
3.0674376046093936,-2.8449710869204483,0.8622029961368513
3.0807404579966304,-2.830512549254538,0.8660829975143847
3.0917387449336404,-2.816593260351268,0.8671896622737025
3.10364390248297,-2.802283396934605,0.8683391876294279
3.113766809598474,-2.789425095371864,0.87049633
3.1272526,-2.7739889,0.87089633
3.137326808009358,-2.7611084409185054,0.8728463292549434
3.148822327922594,-2.7467591079154414,0.9104296050536438
3.1568693704739803,-2.7340659609546365,0.9828963617894269
3.16600078204432,-2.7214761191305614,1.0534129836418666
3.173211239206103,-2.706947939074979,1.1207967472130171
3.1808237238675128,-2.69018644414041,1.1940655685284085
3.1851728021966492,-2.677029171163811,1.263076363061004
3.1903310993546747,-2.662253255812697,1.3394163160126522
3.192999245112356,-2.647032211661799,1.3788650341783393
3.1967281,-2.6284311,1.37499633
3.200901742337494,-2.6086176233170417,1.37130347224894
3.204099541727557,-2.5922004244968657,1.3721845633141663
3.2075263519033617,-2.5746280348486055,1.37439633
3.2110267853115944,-2.5561610325202655,1.3752270988075415
3.2144881092401913,-2.5396583194295848,1.4069774949704212
3.2169444,-2.5233251,1.48669633
3.218940348256034,-2.5085088090543173,1.5593727629691598
3.2172743363879426,-2.4916011697496594,1.6198535166485013
3.2164565342748155,-2.4755528397663515,1.6916296320742272
3.2151079341977193,-2.4620555264000115,1.7634846222177187
3.2139057844184125,-2.4453588108910576,1.8623162794548114
3.20779985,-2.43238055,1.9082463299999999
3.2032460346721767,-2.416482839879202,1.9937629532218073
3.1946833037113564,-2.4016960462083765,2.063162967526822
3.1878383535701516,-2.3887652054118487,2.12599602007033
3.178144428776921,-2.3731425928474925,2.175962986600175
3.1694014587804915,-2.358067235245645,2.1656713333527544
3.1579106641557857,-2.3413445459882474,2.1638316258501042
3.148600156493168,-2.327413388262379,2.1673713199417364
3.1396418,-2.3130382,2.17779633
3.1288617041961375,-2.2973963659159184,2.1753696654525947
3.1197225483213877,-2.2837303729037832,2.1730088290686793
3.1101277991052267,-2.2688774107681304,2.171590446657083
3.1000818281331957,-2.2531961861591037,2.169556326821108
3.0892896448238276,-2.2374628424771377,2.1703820420961835
3.0793398115969874,-2.2226641698217464,2.16809633
3.069018251213542,-2.2070431996455535,2.165216331589446
3.0599654716197073,-2.192850422592317,2.1669845633141662
3.0496471710943336,-2.177271207055551,2.16499633
3.03911640622437,-2.1617719293034936,2.1635829975143848
3.029012038424073,-2.1462539652390116,2.1629248989957595
3.019233825659306,-2.1318650719226597,2.1623576206947233
3.0088809607107767,-2.116109158127908,2.1617296630925065
2.9991120559485576,-2.1007364918811273,2.162266921700209
2.9895614726573556,-2.086582890998585,2.16194471798991
2.9787793197542283,-2.0703470216371564,2.162856570486258
2.9688559527852045,-2.0550874084858908,2.164753471397456
2.958847335466951,-2.0404889146024714,2.1615727966283327
2.94970166,-2.0256557799999997,2.16357633
2.9392939973505787,-2.009865656697313,2.1638650748777364
2.928964061988397,-1.9946038669427004,2.1592163268211078
2.9188047570000317,-1.9791775755523413,2.159616328728423
2.90922198,-1.9639298,2.16029633
2.899717768857453,-1.9498289006145857,2.161174106894752
2.888150595263451,-1.9328421600651673,2.160136331589446
2.8791233810573997,-1.919565610967396,2.1611088352154737
2.868813094206469,-1.9036720420885322,2.160446326026385
2.85880508863705,-1.8883104522737026,2.160756326821108
2.848973468983072,-1.8736059656452044,2.1572433855236106
2.8384186122450927,-1.8573685072240325,2.159229668631487
2.82934448963578,-1.8428977517972596,2.159549268866527
2.8191247916856077,-1.82771895948343,2.157616331589446
2.8086805950948914,-1.8112787598531328,2.155262990838605
2.7996371527887467,-1.797573024926612,2.157865074877736
2.7883187,-1.7800752,2.15629633
2.7796619855518,-1.7680382459910524,2.157502211940451
2.769234904509537,-1.7517913782493189,2.154239177411444
2.75893184,-1.7360095,2.1552363299999997
2.7493330788880774,-1.7213385863058608,2.157446326274717
2.7388971886354607,-1.7056042364539459,2.153496314105539
2.7293163878050963,-1.6906322300104306,2.15479633
2.7193737799265105,-1.6753908843176304,2.154643391133473
2.7089306555749824,-1.6593804460700947,2.153676326821108
2.698958130490463,-1.644099767583447,2.15289633
2.6901657,-1.6307117,2.15309633
2.679071736878914,-1.6137802458339956,2.15409633
2.669251255137932,-1.5989481797652274,2.150478684178646
2.6596904489302857,-1.584298592868042,2.15459633
2.6500108881514577,-1.5692837656341063,2.15365188604613
2.639958525199501,-1.5541677201688568,2.1534080966858338
2.6291273,-1.5381979,2.15179633
2.619850394693145,-1.5236569362560306,2.14809633
2.6100937352987565,-1.5083271103418554,2.1548809483472104
2.5994298033792163,-1.4918920281495374,2.1471029962428076
2.5907058,-1.4790095,2.15189633
2.5794571,-1.4631028000000001,2.10814633
2.5726992448315427,-1.4494628934464826,2.0443962927471726
2.566072368972423,-1.4362171725995392,1.9786296813470554
2.5620157233445657,-1.423839881476301,1.9223496996792446
2.5557172605023633,-1.4064252422689087,1.8437316567043462
2.5519304,-1.3891998,1.76639633
2.548911256380171,-1.3733815235384275,1.69173916305802
2.5468620122844925,-1.359373709830276,1.6250713199417366
2.5504164350868828,-1.3405787929175492,1.60000811351542
2.551398240734972,-1.3241913474425406,1.5293163032968815
2.551915183104498,-1.3102284767723658,1.4547374825461763
2.5557434662587024,-1.293096840089646,1.3861296993613503
2.559056281432759,-1.2763849780135479,1.3273375049856246
2.5663916643640525,-1.2589705649918936,1.35859633
2.569851215176031,-1.2414838592545496,1.3437029961368514
2.575998957777283,-1.2236371398480466,1.3507163287284227
2.5805471092934913,-1.205630705612334,1.3465896590948105
2.5855804695094244,-1.189181503862336,1.3498551527869405
2.5901053981581925,-1.1720747913015834,1.3488129976600902
2.595122935047286,-1.1543126457982993,1.3488696638631488
2.6006150540896154,-1.1351087541074967,1.3510088320489055
2.6049844,-1.11889346,1.34775633
2.609995379432241,-1.1011637150348095,1.3491829959249135
2.6146126247715173,-1.0839779406500833,1.3488563315894462
2.619645564888798,-1.0649162561765606,1.346024905321004
2.624737446154522,-1.0480783680603831,1.3494700158616406
2.6294193025145436,-1.030797650526115,1.3462363306357885
2.63521906,-1.01217508,1.3491763300000001
2.639277407347438,-0.996485592668111,1.3452745893371965
2.6446726,-0.9794290999999999,1.31619633
2.6472268,-0.9643874,1.21759633
2.655285872951966,-0.9496307277283276,1.1629630035543759
2.661733256364844,-0.9350554916588615,1.082196287425793
2.669480593044152,-0.9227740261052914,1.0225588357741882
2.6779543,-0.9099039,0.94829633
2.6892892239533333,-0.8977675961979845,0.8857029771691515
2.6992371940491138,-0.8852729460828102,0.8058695669069379
2.7105379652414405,-0.8739976085831452,0.7257561990275614
2.717826710870375,-0.8622896389888093,0.6212213415483765
2.7312850521569128,-0.851485357014337,0.5331629733544203
2.745611865041426,-0.8439937753233594,0.46169655054002506
2.7601414039773364,-0.8356286096824862,0.3827963075608662
2.774907140057902,-0.8296394294805858,0.3120963436239782
2.7931112153633126,-0.8234895883395077,0.2710425226420423
2.8091507799293156,-0.8194806113669831,0.2826198591642708
2.82744965,-0.81345925,0.27944632999999997
2.843438943414723,-0.8084375153752297,0.2784080952833682
2.861520298218695,-0.8028550147919824,0.28013204465063607
2.878973163586512,-0.7977897831675749,0.2806820452588556
2.8954081335138127,-0.7928834990094137,0.2831318126801206
2.9131503,-0.7873192,0.28209633
2.9312886080058225,-0.7815744183958239,0.2819015952712945
2.949142868574955,-0.7763037926005919,0.27930220492812363
2.967294059069897,-0.7707166339907546,0.28015188584990136
2.983982489869563,-0.7655889087983757,0.2807995540201809
2.999705589980786,-0.7606392328499503,0.28102574671458425
3.018313364587462,-0.7553871787971808,0.28089633
3.0357052122797774,-0.7500356732055916,0.28100685677809567
3.0519307108928735,-0.748602673982343,0.301799218357514
3.0711439665251534,-0.7433311690862386,0.3023543943424625
3.0870524580689627,-0.7386972753818415,0.3361775724563024
3.102168795850035,-0.7325854117182494,0.416496344901131
3.117064846574311,-0.7267119529814787,0.48950677772373635
3.130724375942106,-0.7180085936636608,0.5599669806037614
3.1430457897138964,-0.7109654085967303,0.6360391229155313
3.156252236375103,-0.7016289080893381,0.6979801874713705
3.1689339838744512,-0.6915987408622358,0.7800845422771833
3.1807556830486248,-0.6797126236186776,0.8492864047434049
3.192488679275507,-0.6675868588743685,0.9192338540280737
3.201940996431428,-0.6541981236602473,0.9844350782310958
3.2101887,-0.6419954,1.05789633
3.2186708532866777,-0.6266478630001543,1.1187315795687418
3.226458722908197,-0.6105303856045776,1.1608068505039402
3.235269782234101,-0.5915892508959495,1.1577700136821765
3.241720290171214,-0.5760419230311881,1.1575963270197738
3.2491681125810827,-0.5604638919077568,1.1557687458342583
3.2565201,-0.5443966,1.15489633
3.263071947092857,-0.5273531902120355,1.1543563261852687
3.2714769764969542,-0.5099343879969482,1.15549633
3.2790002676749768,-0.49307615242068875,1.155833828696151
3.286337077654264,-0.4777019261753267,1.1559744551396982
3.2930283350616385,-0.46172428670743165,1.1603551423921854
3.3008346,-0.4449079,1.16019633
3.3081243284253974,-0.4278049177457569,1.1583338316763772
3.3161690147960114,-0.40992808673267606,1.158008092478437
3.3213663375718143,-0.3945218658475808,1.1442866555577857
3.329635770807194,-0.37812548450580397,1.1519713333527546
3.3378613221535116,-0.36181269570251384,1.1596213355879241
3.3453139039392292,-0.34465459177980584,1.1579407741500987
3.352943802687124,-0.32774383918348454,1.1612551423921855
3.3601026236756293,-0.3116003710376546,1.1579802037463853
3.3675009467494212,-0.29381210135360664,1.157631820643963
3.375068677722809,-0.2783703692977097,1.158133830186264
3.38245564353562,-0.2605439057475284,1.1548963236421146
3.3902180166034857,-0.24404195702024176,1.1524563304768376
3.3973664641959282,-0.22738950648105222,1.1550630015233718
3.4056444848052503,-0.2108210596596898,1.1561015889971389
3.4131603427766013,-0.19368372993983424,1.1574139828336818
3.4203886596422213,-0.1763794024929778,1.1542525799534336
3.427067988907598,-0.16167303339343456,1.1588775769266417
3.434456373545293,-0.14507979917254535,1.156866921700209
3.442193287157623,-0.12803681223090194,1.1555257397022567
3.4500583071778186,-0.11087854121144973,1.159966927310071
3.457412650707106,-0.09433953449824949,1.1592173813106876
3.46386914419331,-0.07926809192713921,1.1575430020708264
3.471926131238731,-0.061062293522478356,1.15429633
3.479535431723385,-0.044605675902223564,1.1573173747723737
3.4871420200002983,-0.028170386715641718,1.1588713348428676
3.494260007547126,-0.013129524812533168,1.163973762454258
3.501646789986435,0.004835332001479837,1.1566790775644347
3.5089306,0.0197124,1.16629633
3.5166377266384305,0.03714535802140163,1.1650551409897199
3.5237232644941083,0.05395572435783212,1.1605910508593191
3.5308604309087617,0.0692829118437491,1.1615523262615755
3.5386699765575407,0.08683715206753193,1.1594182003899627
3.5458186,0.1022625,1.15869633
3.5541931205038546,0.1197877934912183,1.1600563395366765
3.5615517995161494,0.13569955758383237,1.1617080952833683
3.568568046602971,0.1507079635854688,1.1639000369741976
3.5768422359999366,0.1683832071605684,1.1620629940175478
3.5837329408734555,0.1843664448143837,1.1648198633716673
3.59196167071558,0.20226382079028515,1.1651696650287693
3.599322158435129,0.21778613756083195,1.1673786743613872
3.6063992634675905,0.23277979315891537,1.1683629956070192
3.614072109830724,0.2512146675276166,1.169436328410554
3.6218914965965814,0.2668511690071377,1.1719463262747172
3.6295233,0.2847953,1.16829633
3.6365310122940127,0.30119067855069215,1.1669669160903466
3.644260165604564,0.3171251387891689,1.2024534928065396
3.64935935,0.33104015,1.27514633
3.653953401274047,0.34695355508501097,1.3349213504890551
3.6586383205455064,0.3630181172107957,1.4040630178596178
3.6605235584729954,0.3789612971880566,1.4754257677515672
3.66170982,0.39389315999999996,1.55227633
3.661182119731697,0.41144843592682073,1.6127563071116127
3.6598143920183315,0.4291894459535352,1.6469408450864924
3.6581829742442062,0.4469810811552278,1.6434563325431542
3.655250484123227,0.46647614445768976,1.6332106196067848
3.6569809117853045,0.4752272392927923,1.645671325902189
3.65909812,0.47197308,1.67399633
3.6543117705299917,0.473866429523302,1.6260139772238196
3.6546775515457366,0.4723210590240801,1.6364696590948105
3.654657837822281,0.4736805005585641,1.6321677274319675
3.655786292844477,0.4718184384940917,1.6353775769266417
3.6556317334472452,0.4730868331452459,1.6388896637571924
3.65557242,0.47289496,1.63499633
3.6549141,0.4733253,1.63319633
3.6557374525688404,0.47277829518416975,1.6362463598009298
3.6553636995559464,0.47285315018104873,1.6352463277648304
3.6553598670009855,0.4729396000063579,1.63469633
3.6552363364601845,0.47295864535957344,1.63519633
3.6554349823261294,0.4729124940619609,1.63509633
3.6554381856763336,0.472994,1.635482043799152
3.655319062733375,0.4728852692660382,1.6350886419245865
3.6551866708749983,0.4729863353449364,1.6346904494620143
3.655502219807992,0.4729895800839241,1.6354763312715772
3.655375339890328,0.47298926657394896,1.6351696622737026
3.655322771171662,0.4728780498876022,1.6343106147411444
3.655275614904632,0.472933986270436,1.6352534757765669
3.6554971647088523,0.47298472353584653,1.63599633
3.6553663538640047,0.4729166400610357,1.6349696650287695
3.6552760428610354,0.4729158998297003,1.6346106147411443
3.6553496758002026,0.4729930750908982,1.635721334470406
3.6554755066756734,0.47291510671540965,1.6359496638631488
3.655282258812392,0.4729217823457639,1.6349786827761805
3.6553521,0.4728817,1.63479633
3.6552625175967353,0.4730452823499713,1.6352433883285415
3.6554973865675913,0.47288945318127634,1.6354496622737027
3.655268779972661,0.4728849666719649,1.6350029962428076
3.655424511724612,0.4729315238531338,1.63489633
3.655303085531335,0.4730456215497275,1.6358106147411444
3.6554129,0.4727691,1.63499633
3.6552848351144394,0.47289312915404463,1.6350786802187816
3.655458539960899,0.4729136601869218,1.63559633
3.6553597998569485,0.473058299989782,1.63509633
3.6554412996344277,0.4753895566716999,1.6364963220527695
3.65288639809274,0.493432859840267,1.6381468842972942
3.653267444734443,0.5108667070095227,1.6433316160328457
3.6517814228734915,0.527439263314749,1.637080946513223
3.6484683286035424,0.5454151502452316,1.6309534723705723
3.6481796503986055,0.5607458097065968,1.63489633
3.6467426000762946,0.5806584452903965,1.6377696650287694
3.6449874,0.5981194,1.63669633
3.643910407214496,0.6165377246046253,1.6374896638631486
3.64282885,0.63624875,1.63759633
3.641366443119403,0.6530264731273003,1.6388463277648304
3.6403281933275053,0.6713703215067949,1.6419629993157434
3.6388615263915822,0.6897255262676034,1.6418829975143847
3.6375447523086706,0.7095329143844871,1.6425096654525948
3.636202938566626,0.7268422756669767,1.6438163261852992
3.6347125917122107,0.7461300060191468,1.64279633
3.6333121,0.7640514,1.64349633
3.631318664942098,0.7835614996696185,1.63999633
3.630242534602241,0.7990967248847651,1.64599633
3.628473441806275,0.8183406850462536,1.6406163366757796
3.6267839588656035,0.8369085276780392,1.6407163309536752
3.6251853912385266,0.8543695916080581,1.638846335960186
3.6245083,0.8718402,1.64359633
3.6227044530735033,0.8905053401525882,1.6418433911334727
3.621636132777557,0.9084527084860526,1.6450296654525947
3.6202998185682045,0.9269674406618559,1.645076331271577
3.6188368,0.9439587,1.64339633
3.617458471805177,0.9628402122888283,1.6431106011171661
3.6162124663633475,0.9820142267801796,1.6436796626710641
3.615019488530557,0.998849848668839,1.644769671810379
3.6137902202212544,1.0169787504434626,1.6429096624856152
3.6123428253341374,1.0350138070908657,1.6407375134004178
3.6107652369881382,1.0529892605352567,1.645708832235203
3.6098513,1.0721795,1.64729633
3.607987616345736,1.0895650714401919,1.644319854956874
3.606699524187034,1.106941320059548,1.6513034558880395
3.6049990976348854,1.1254361178194217,1.6503963204632477
3.6034733860542003,1.1440524410474449,1.6503096638631487
3.602263259354039,1.1644231699589915,1.6493563261852688
3.600836800412325,1.1804078387697572,1.6469139716139574
3.599852056034332,1.1985151595613128,1.6463496781681635
3.5979510591364914,1.2176610522382454,1.6448448142354708
3.5978143200000003,1.2360820399999999,1.6373763300000002
3.5960668233054385,1.251147634848485,1.6297863533650432
3.5964432198048053,1.2701956565203347,1.6463673038202178
3.59361558342426,1.2882125541828535,1.6347433939384037
3.592627645451211,1.3076388803486443,1.6379617039993215
3.590838631772857,1.3253624403853976,1.6361610523819474
3.589305829677573,1.3447212287112744,1.6356316216427078
3.5872038294630015,1.361529562143862,1.6288363271389743
3.5858198486683124,1.3791153334686939,1.6255189152349199
3.585041663938909,1.3981811575591832,1.6319140106350276
3.5831479,1.4160712,1.62509633
3.5823347061154243,1.4355131340386535,1.630633830186264
3.580570040598434,1.453357228875627,1.6281400800465664
3.5797777781801825,1.4701509648749462,1.631973750322402
3.5778377172881926,1.4891813561477076,1.627466927310071
3.5771390580129867,1.5070079776390897,1.6343904480595486
3.575099932303128,1.5236957509121736,1.62569633
3.574312555585689,1.5436855900102817,1.6334963255296606
3.5723208973155414,1.5608875345224524,1.6256119688534985
3.5716291180875976,1.5783938723756363,1.6309257411047222
3.571134064370863,1.5968013966481545,1.6391022118579601
3.5694032665033046,1.6162160553161053,1.6337130021856499
3.567559971037684,1.6340661559695946,1.6724580013181773
3.5673458677962757,1.6494162388301066,1.7522204834097916
3.563751607998927,1.662092057826819,1.8181307680038445
3.5599326553055475,1.6791356208481725,1.8890400901513955
3.5537800791780727,1.6911797999973508,1.9358407827842044
3.545744779483953,1.7066868520378293,1.9974296478801807
3.5339413241341915,1.7209827014789691,2.031428590446229
3.5218330499273205,1.732346111054198,2.060670539178376
3.518791314372467,1.7457838640814551,2.1925552195277898
3.5114978549440345,1.7599597024996234,2.3032384471510317
3.4984143191401706,1.7704456685841805,2.342528332326957
3.4853038220229164,1.7803942132953732,2.398208106503092
3.474849754335934,1.7934535781488006,2.5012129571507478
3.4644062,1.8089056,2.63439633
3.4491217279180475,1.8177024149528327,2.6774163293642164
3.432076416884046,1.8280078158111746,2.664908102130596
3.4172702795758942,1.837053256146305,2.673690446657083
3.401587410207028,1.8458799261785237,2.677229646555625
3.386711670669247,1.854702207529732,2.6916669445517782
3.3722523740779926,1.8625626881863833,2.6959494570023392
3.3580636846261727,1.871545086934631,2.695784566119097
3.32214323656763,1.8819964457291718,2.601511069809406
3.3057546026464277,1.9003723257172376,2.695696409472304
3.2907601536260747,1.9111424794019887,2.7044904550718765
3.273762771555194,1.9202716582065271,2.700590446657083
3.2587582228915664,1.9286168053787711,2.7099963331789425
3.244793387397182,1.9364906318932837,2.717326335006795
3.230937757537737,1.944844605596865,2.719896331490113
3.2121966935547963,1.953703670344115,2.6995963252316617
3.1955500365103853,1.9633298964952386,2.6929669132854155
3.1774461472636903,1.9714643646847376,2.6806117116527894
3.1610092,1.9800998,2.67249633
3.1446572075896047,1.9895997399825163,2.678689662273703
3.1296017326583487,1.9983706763347373,2.681082992957959
3.117025043568994,2.007266382556134,2.6923080854661094
3.1007760867485774,2.0159723661951237,2.6905763233242204
3.083126029254087,2.0257168034604907,2.6846820384468666
3.0672316,2.033874,2.67719633
3.0531629658348565,2.043078810657236,2.6844629993157434
3.0374028300242886,2.0510845222056653,2.6794463322351696
3.020141693077852,2.061014303865594,2.6789629971964906
3.005398274009378,2.0697045049972185,2.6818896590948107
2.99035646588254,2.078016811213542,2.6793297004204084
2.9737456,2.0873390499999998,2.6805463300000003
2.9564949214918257,2.0971447079019074,2.680703475776567
2.942235365228211,2.105458414659733,2.6821650808381885
2.9253720825220997,2.1140782504896745,2.67739633
2.9091418,2.1236872,2.68289633
2.8952657,2.1310864,2.67629633
2.877504446367507,2.1415088979036105,2.6766249011852863
2.8618546476046225,2.1495234078424774,2.67279633
2.8456764365705567,2.1593682583876403,2.681482997514385
2.8295812923885024,2.16796746324338,2.6727900804656604
2.814189642231042,2.1755131675974364,2.668431621642708
2.798410532926965,2.186802043412541,2.6845496670420412
2.7824899212579535,2.193828892187337,2.6724400767403775
2.767356073623142,2.203507175713264,2.677036328410554
2.749768705307783,2.212693503321462,2.672833822735699
2.7326898666327586,2.2217128629897482,2.6988562791377255
2.7198033759338145,2.229267321990336,2.788956342079982
2.704258958038367,2.2357683395847854,2.859811735494626
2.69028124341482,2.241482826343898,2.940336416467241
2.6744001,2.2491795,3.05239633
2.6594820379114483,2.242174339591602,3.0252022806612624
2.649888219610586,2.2487320341174604,3.114143026336327
2.63185744,2.2482887799999998,3.1656163271795865
2.6148977316971234,2.2469265118620534,3.2260551381693063
2.5978593,2.2451584,3.3029963271795864
2.5799787974615374,2.23609041240621,3.34421396037875
2.5640850924898673,2.23797671328618,3.431023026694805
2.5528777456718696,2.2307386525511013,3.481263139017969
2.5346191338751978,2.227964870076078,3.5740781768880634
2.5183106,2.2213207,3.651796327179586
2.5042746220299286,2.212801916292442,3.726202218937296
2.4912439081412723,2.2029500139857583,3.80106298642872
2.478246323072588,2.1951056324728526,3.870596348854164
2.4605257,2.1874031,3.990596327179586
2.457292657744576,2.172189346467456,3.94758295993807
2.442731109765712,2.15977743526719,3.8686963144638153
2.4322817,2.1501893,3.792396327179586
2.418688183198229,2.137430126774523,3.7047391677790413
2.40427816814909,2.1317886336453946,3.628962940864717
2.3938915500841467,2.1202515750476834,3.5571728390162294
2.379374496116823,2.1126793240232455,3.4825338148863363
2.364151047267296,2.1080615791761916,3.4798198100624944
2.3474711704036104,2.1018076428235695,3.568010608514736
2.3333300486449975,2.0947197660123447,3.6369739848658824
2.321043282596257,2.088167059196567,3.7098967205518596
2.305502,2.0791276,3.788196327179586
2.292918109961406,2.069886098329583,3.831458828483435
2.2766794200000002,2.05928352,3.833036327179586
2.2640334914025493,2.047200230137966,3.8226763205038066
2.2516221,2.0355405,3.8168963271795864
2.2356507201907334,2.0241050194277994,3.818802993316438
2.220369898092655,2.013269148838457,3.8331463279246427
2.207269009657533,2.002583508869059,3.827996325476618
2.1926865454372058,1.990647490661322,3.8287275768070526
2.1775450317700518,1.982593177517075,3.846813943549164
2.1604532,1.971598,3.858696327179586
2.1486436,1.9580427,3.8448963271795864
2.134950993662258,1.9475906261812266,3.847249267448579
2.1197253725296035,1.9362740375649687,3.847096324000694
2.1050799267508027,1.9250131281590743,3.8505629911971337
2.0916473,1.9113325,3.8319963271795863
2.0783838359729154,1.899185757092221,3.829596327179586
2.0638033610226776,1.8890622178365566,3.829013971598475
2.04910266,1.8777979999999999,3.8293763271795864
2.0350630276027593,1.8663852458498902,3.829616329086952
2.0224070931644786,1.855115069784304,3.8278257392742794
2.0069795,1.8434865,3.8315963271795863
1.9927759711713229,1.8323566575732078,3.8291904481265178
1.9785382059478018,1.8209211388053532,3.8301296631620385
1.9634708,1.8079405,3.8281963271795862
1.94818322462409,1.7961982544139619,3.827296327179586
1.9342329337232775,1.7854706583628706,3.8304363303584785
1.921330812399198,1.77502034272471,3.826896327179586
1.9071621207533973,1.7628384749280774,3.8240163287690323
1.8919485682868677,1.7508809693359189,3.8223963271795864
1.8771214447807245,1.7397423984208238,3.828366916074864
1.8624709477731507,1.728434561027752,3.828336327815375
1.8494788610770259,1.7167605343341705,3.823602993422394
1.8353424441918993,1.7058725134758537,3.8256629885480993
1.8214927111937629,1.6940860321436235,3.8250663293253555
1.8064089837049815,1.6812873615771906,3.819802213244884
1.7925826565279588,1.6703997570032108,3.824396327179586
1.77761096,1.65902554,3.827836327179586
1.765010104136554,1.6486304302060828,3.8256338288559637
1.7495943997822458,1.6367641322307875,3.827389664221627
1.7353210394990393,1.6256090915739871,3.8270845632986834
1.7222636656711436,1.6137454214622904,3.8611963669157383
1.7112933515667574,1.6057246804410763,3.942567810490213
1.7017128164866113,1.5931850144838993,4.002852586399661
1.687182825305359,1.584404202461211,4.092157842786819
1.6777232,1.57093866,4.1647963271795865
1.6692534,1.5584961,4.229296327179586
1.6601720065277512,1.541701093024032,4.307176271867742
1.6540778585337192,1.5267144172990463,4.375967742370322
1.6488670848309328,1.5117147777681164,4.439955114327392
1.6448943163776524,1.4966953600953667,4.514696263601743
1.641346079530788,1.4802079673204693,4.577496346253242
1.641313550077485,1.459482112244342,4.667146280347959
1.6397402930269893,1.4415079717391996,4.751828312005539
1.6396877349816978,1.4274027005820231,4.816193373011179
1.6564786,1.4120789,4.776781637179586
1.6596523808937698,1.397675915599994,4.854631576830006
1.6591578794068094,1.3831037335823504,4.944981691221612
1.6640381096934604,1.36872567869891,5.024110189631902
1.6707487755059394,1.3531419846864787,5.07599345715911
1.6654107769053483,1.3339240808074386,5.236964876470694
1.6692217999999999,1.320011575,5.342781637179586
1.679808005170468,1.306194995560677,5.401821662610724
1.69097974,1.29125306,5.456361637179586
1.7036744071581842,1.28123971821382,5.503852237294589
1.7151638,1.2651191,5.486381637179586
1.7289753519141688,1.2526967609332427,5.483253081321276
1.74075970518211,1.2391455186976705,5.472069870493752
1.7513696011660922,1.224916752569521,5.493427088769416
1.7647520259715488,1.2127369008503537,5.473701632411248
1.7758832,1.198427,5.482081637179586
1.7884017,1.1856322,5.477681637179586
1.8025408062049233,1.1766039602670322,5.426006617807827
1.8138957907478344,1.1625977010236033,5.429888308084776
1.826739034769133,1.1485739056743225,5.432441638769032
1.837870469789447,1.1357311012829874,5.433294139228492
1.8508110664032698,1.1217388453201635,5.434895921920731
1.8623730168408061,1.1088843000168296,5.432805167746322
1.8755366946753558,1.0937467390113647,5.431614967863843
1.887222462479564,1.0800871157459129,5.432838776144163
1.8983429940454193,1.0688031915956369,5.4269566446302635
1.9087341362379306,1.0484841176898319,5.496231678900888
1.921731354934575,1.0350468892823583,5.488999274586147
1.9332171030480871,1.0215289103308514,5.493943176628656
1.9458523884574426,1.007683872748947,5.4909149678638425
1.9579419548433243,0.9937552025953679,5.492524494809014
1.9702846987411586,0.9794560400683462,5.494108304905883
1.98200898,0.96688036,5.492561637179586
1.993885652608443,0.9534091975323727,5.492144135503209
2.005888936702483,0.9393434633960644,5.493061636861692
2.0180961655598826,0.9255056603671621,5.493421632411248
2.029731361853294,0.9127744995485972,5.493668296958654
2.042569924523161,0.8988205551532698,5.489881637179586
2.054445483179353,0.8856686231447816,5.496169137924654
2.066504072534372,0.8720600464754034,5.493901640358478
2.078651028166574,0.8586923045807836,5.49338164353737
2.090694480847931,0.8451404301796558,5.494663991358232
2.1030023369307793,0.8318497304776286,5.4980482985481
2.1141403344824203,0.8178187592050826,5.486899278793543
2.127018182023365,0.8040460252562982,5.491428303316437
2.1390114700054697,0.7895736938642133,5.518628747399353
2.149027148403293,0.779956139693982,5.594628668861283
2.161908336941417,0.7688507796951635,5.659467386498387
2.1742483032084468,0.7571142197956403,5.753853013201384
2.1895019220860275,0.7503077820231967,5.801716984920915
2.203808076242699,0.7408635342591489,5.887831309369359
2.218359178291709,0.735477442224474,5.947469090240324
2.2332890665517913,0.7346120171857728,5.960390747004673
2.2487804111873237,0.7286884693650736,6.044612393149215
2.2634806901112157,0.72358322563146,6.12254043133972
2.278892401219105,0.7220497412270523,6.187861651484601
2.2964027386103205,0.7193676683604285,6.271087895654605
2.3115523040343318,0.7192358012806321,6.314610175521917
2.3331559288647994,0.7216667810248911,6.296661638451163
2.348541745136951,0.7203507710292695,6.2965698606764935
2.3679178925705164,0.7208101392950153,6.305197005994463
2.3859155381779167,0.7216269349887101,6.295228698313059
2.4042256451187334,0.7207592998505897,6.302661638451164
2.4226635218755463,0.721481413058889,6.294721640358478
2.440160349133288,0.7211102943705823,6.299593400895507
2.4569853971866666,0.7205323000283121,6.29620663829717
2.4769029,0.7203319,6.295581637179586
2.494159620771917,0.7207266879416013,6.2984228149701424
2.51278222,0.71988632,6.3030016371795865
2.5298624698509076,0.7197784404615825,6.3041816308217005
2.5497678,0.7200862,6.300881637179586
2.5661503891280653,0.7194590279955723,6.307353069400294
2.584435254558714,0.7205867823289342,6.297328695508128
2.601929728807579,0.7197736195727501,6.304901642265895
2.6201271,0.7209038,6.293981637179586
2.6389211270354034,0.7209780845154369,6.294081625259214
2.6556778,0.7208069,6.290341637179586
2.674551455851004,0.721056805721979,6.2905992855583595
2.693256842841947,0.7208617540035946,6.292773945436197
2.711672310660763,0.721344728675068,6.290295921920731
2.7278167568966243,0.7210109179319243,6.291640457986564
2.7482391994897877,0.7212345065389811,6.2915683049058835
2.7655069061413964,0.7212506239667336,6.290281637179587
2.7832458323036056,0.721433657110744,6.287581637179586
2.801474470321391,0.7209794197762024,6.290141642901683
2.819812165572759,0.7217331882755526,6.2910757525167345
2.8407209,0.7216858,6.291781637179586
2.859196676701691,0.7207163000085148,6.295867350978738
2.876051760900922,0.7215150013932558,6.291681626748795
2.894673192545498,0.7216299335452595,6.324848254043609
2.909500109961217,0.7201033213179896,6.413361673419533
2.92515002531887,0.7231506107760163,6.4762311663248955
2.940314208649523,0.7256234156607629,6.55645311027223
2.9540777962806777,0.7290744859884665,6.620119120974606
2.969199411181931,0.7343073442238611,6.693541695354237
2.9833446325799295,0.7395997013685239,6.767241649577365
2.9971732543798386,0.7472218098016942,6.831028669604135
3.0125801,0.75585706,6.917261637179586
3.0254276432822844,0.764900351997083,6.984393451383558
3.038336260261627,0.7757475281193376,7.05384827258665
3.0480394325677502,0.7864181169911786,7.121048250864717
3.0597904262050686,0.7975568733812042,7.187569887323339
3.0708226172502586,0.8112068788985138,7.26249500124221
3.0805527,0.8246952,7.345681637179586
3.088477519433965,0.8393673031723771,7.410211062308964
3.094862548742728,0.8551869725434721,7.469114993825166
3.0991346949160623,0.868623731596146,7.541593409475282
3.104946320709283,0.8850379911458799,7.608806593221905
3.108465677299531,0.9036501234332035,7.631314928127691
3.11212839869853,0.9208979716257152,7.628387516232655
3.1165956991925485,0.9380806906125823,7.633121640994318
3.1207853928418157,0.9567550526205069,7.635622810762745
3.1247129606637634,0.9751056246892583,7.634001635908009
3.1284348200000003,0.99267286,7.632761637179586
3.1323517759168618,1.0095929067009803,7.634387520522503
3.1365980154335213,1.0278233342366685,7.635181637179587
3.140198351100234,1.0467911290156096,7.629205164941392
3.143937574730986,1.0641360952253038,7.628961632411248
3.148521060735695,1.0820498292983651,7.630453074509287
3.1522162879444062,1.0991181399001444,7.631258108015316
3.1560016500000003,1.1172491999999998,7.627131637179586
3.160141,1.1359552,7.625981637179587
3.1644362311469205,1.1542010223619994,7.627440459966526
3.1683781349620115,1.171769740871666,7.630701635908009
3.171793270252044,1.1891772535916212,7.629038777847161
3.1763028322021776,1.205685232189462,7.635501641947925
3.1782922631169037,1.2235233985122784,7.630048298548099
3.184122621143148,1.2423928065931271,7.671115000183051
3.1858175,1.257093,7.733481637179587
3.185982993213556,1.27128406006812,7.81007451013599
3.1865536630511557,1.287413071188663,7.877381588005854
3.1859455,1.3043961,7.959381637179586
3.1844692589792856,1.3190572019382074,8.026711014625135
3.1822999000000003,1.33416804,8.103781637179587
3.17844688,1.35268674,8.136541637179587
3.1720364336423432,1.3691995274672875,8.129493408072817
3.1660631362379306,1.3869741511503157,8.127931666980517
3.1627420749999997,1.4037927,8.134131637179586
3.1569945778865804,1.4217083034809266,8.132845923623728
3.1521506511022808,1.4390810509576413,8.135534969453289
3.1479069485449043,1.4550231168412582,8.133969136620793
3.1425505,1.4732628,8.132181637179587
3.13622077525511,1.4930594744222272,8.130934967122048
3.1320861615640228,1.5085652026866738,8.164106653198301
3.1286784223193567,1.5239165877785548,8.257541571375473
3.120625146484246,1.5392398196456736,8.31090467756399
3.114118601485211,1.5526637804566428,8.373799332087234
3.1064972,1.5663066,8.466881637179586
3.0975350179141397,1.5802883448896572,8.522181640159813
3.088035739126202,1.5920191947905906,8.605181583535781
3.0769441702847153,1.6009993055890008,8.638231622278234
3.064981672664544,1.612821292486992,8.624716931627225
3.0506418,1.6269706,8.613881637179585
3.03883117955065,1.640680814343015,8.626475753836669
3.0254533170565465,1.6559609482034667,8.629458105540408
3.012300311773698,1.669404881327574,8.631946337122084
2.99984195,1.6828952,8.632781637179587
2.987105441050638,1.6959871476403034,8.633203859254635
2.9753067605578956,1.708362836390368,8.631214983758303
2.962710435576854,1.7219434863600602,8.629856631815162
2.9487074358750687,1.7352774728174132,8.63189340386542
2.9368142658011593,1.7484673830641195,8.631556636807058
2.9247491085999187,1.761039127378932,8.630969873298683
2.9110833734779744,1.7745995678582949,8.627116930224759
2.89931535616373,1.787742659480249,8.633934267305571
2.885764746065356,1.8009301292941333,8.629881640159812
2.8736954140086945,1.8135545067790415,8.632641640040612
2.86054608626285,1.8267726020854664,8.630987526132365
2.8484884077500783,1.8402989036925004,8.6367316215334
2.83453667541033,1.853910832452442,8.626634252247598
2.822390108976441,1.8663299661863535,8.627956637552115
2.8089828588043333,1.8801273786347585,8.625756636062002
2.797623012760855,1.8926199106333446,8.629363987398367
2.7844621578193682,1.9062930409512884,8.627481635689472
2.771650765455581,1.9191967291826166,8.623931637841865
2.75838379398434,1.9331678226283693,8.625118484039998
2.7466511512965797,1.9459151899064555,8.629093402462955
2.733265145415604,1.9589462248988707,8.626444971546068
2.7217660700707302,1.9712099971231027,8.62844828265364
2.708136496382834,1.9851001744414167,8.627695921920731
2.696832860266749,1.997014940426069,8.629840464998892
2.6826894400000003,2.01101036,8.629381637179586
2.6705637,2.0242643,8.628681637179586
2.6584415768148766,2.036305474859936,8.628931678900887
2.645090862106016,2.0503104388826197,8.629848311263668
2.6327097345665678,2.062842288958389,8.626805170551254
2.62136902,2.07507024,8.632601637179587
2.607847883692024,2.088603536581683,8.62698164035853
2.5952569,2.1011853,8.629181637179586
2.581064750144642,2.11568527660934,8.627734979837818
2.569271897420866,2.127967508525588,8.63001693302969
2.557552962215087,2.1403512374256923,8.633801635908009
2.543649532883816,2.1543793555543966,8.62740664276751
2.531369721330705,2.167282825280542,8.634754970618884
2.5194417024254947,2.1803990254565684,8.63433496945329
2.5072096737518232,2.1925647672725233,8.634152225084893
2.494215943028579,2.206027296914836,8.631641638133269
2.4821562,2.2200132000000004,8.636931637179586
2.4694128012467917,2.2325848284560257,8.633358103807918
2.45597918,2.24558284,8.634861637179586
2.44352925,2.2590794499999998,8.635181637179585
2.431778788856009,2.2711788635527257,8.635611045479378
2.4178712462929517,2.2851431980818138,8.635431635012145
2.4055311374626593,2.2978237388861618,8.635205166343857
2.3928561062736433,2.3109288936214516,8.636781637179586
2.380570175,2.3237334,8.635106637179586
2.367613463352159,2.3369655615729634,8.636762887086455
2.3551113,2.349962,8.634981637179585
2.3422005393798297,2.3633408840778087,8.635946342731948
2.3297121278666117,2.376390885465874,8.637581637179586
2.316267671493285,2.389611541746801,8.635681637179587
2.304702766666667,2.402074933333333,8.636981637179586
2.292381304332899,2.414820195578091,8.635861638451164
2.2793446,2.4280967,8.634081637179586
2.265910386679382,2.4417309076224,8.634163989955768
2.254017507856757,2.454111172107957,8.631981637179585
2.241328122599936,2.4674840357347216,8.63529830649533
2.228914638823051,2.4799046085003438,8.631034578851045
2.2160810591830247,2.4936033217356752,8.63502164353737
2.2036946140344726,2.506897039507454,8.634922816372608
2.191042718288176,2.5197014239113775,8.63536734927577
2.1780895392232704,2.532574149390696,8.63380385822441
2.16609415,2.54673435,8.642881637179586
2.152637368174521,2.5598011926186124,8.637174974221626
2.1407935155761524,2.5720384595970733,8.638431639414756
2.127595990520393,2.586119609713259,8.640661640040635
2.1147994199999998,2.59866442,8.633701637179586
2.1030062,2.6115632,8.637781637179586
2.0895599379788283,2.6254504421559592,8.637168304693972
2.077308135716521,2.6386905643654353,8.639156637552114
2.0646633223733986,2.6510322639762216,8.635688303422395
2.0516730712437417,2.664552603773345,8.636001649895155
2.039835160150344,2.676844922266945,8.638546345536877
2.0264826287848683,2.69023806875149,8.634381621285126
2.0141690806821737,2.7029674938666948,8.635156634571889
2.00125424,2.71686692,8.637081637179588
1.9885667091939978,2.7287275969556988,8.631300385782605
1.9762704532289597,2.742465707937694,8.633788308084776
1.9635972,2.7555539,8.633281637179586
1.9499929808787466,2.769139303896458,8.63019592192073
1.9385721017895208,2.781505762930551,8.632240461368973
1.9263959091385927,2.793748410676394,8.627541635272236
1.9116051394834301,2.8064146942048795,8.616314971042735
1.9004901572051667,2.819948681031654,8.625246359561533
1.8871097205722005,2.8345325724707937,8.630501634000694
1.8757001858449154,2.8462503259554297,8.630481637179585
1.8624558725025828,2.8602622606675676,8.629714971042736
1.8489699,2.8741205,8.631281637179587
1.8363305278629898,2.8870661584852577,8.629514967863845
1.8244102244365326,2.900167668439457,8.634001635908009
1.8116812579610957,2.9131320126362144,8.631546342731948
1.79899228,2.9263007,8.632141637179586
1.7861903,2.9398587,8.633081637179586
1.7749608,2.9510347,8.629681637179587
1.7464376587300325,2.978914526980847,8.623494964684951
1.7348647287140793,2.9910256238489263,8.625228692703198
1.722065031740463,3.003775690463215,8.621774494809014
1.70823147338605,3.0180399493099155,8.620859414074339
1.6966343,3.0299742,8.620081637179586
1.6826433938709986,3.0443630871952188,8.618321640994317
1.671415345294515,3.0564754770043843,8.621498304067012
1.6580099117813352,3.069438688738079,8.617467352438442
1.6455281,3.0827786,8.617681637179587
1.6329899882508145,3.0953432982881663,8.619821638769032
1.6205232,3.1079388,8.619181637179587
1.6080327725357255,3.1203244646813393,8.618844138483436
1.5958352721958196,3.1335826607216086,8.620848303316437
1.5826060375401343,3.1470690431159998,8.618781637179586
1.5702307,3.1598008,8.618281637179585
1.5573852921576974,3.1729713655194143,8.61741021006787
1.545056588459074,3.1864991114634402,8.619394137738379
1.5317566117460066,3.1990567275318553,8.615003860284833
1.5192435631210859,3.212602856890358,8.617081635590115
1.5071036731198497,3.2260494031039055,8.61833164090487
1.493293115421051,3.2392268975840035,8.612501635908009
1.4785708741174601,3.2527764524930465,8.610661635590139
1.4661520895390097,3.264568133448803,8.608022810762746
1.4527161,3.2783255,8.610781637179587
1.4413403379487828,3.291071939474644,8.608069870658774
1.4303791384111035,3.304760485098774,8.617124476076043
1.4161372593556283,3.3190384378325968,8.640248336165504
1.4086058039521479,3.3298665673127354,8.732652241501986
1.3944348711172572,3.3392134732201613,8.79780158854099
1.3816461,3.3481045,8.863181637179586
1.367826466882376,3.356325266982851,8.935881657615205
1.3522343575233053,3.363240131342536,9.006641651961553
1.3337759624376286,3.3703827596651963,9.094053102243192
1.3228792358091526,3.3739716709058523,9.175575783288446
1.3061300332114758,3.3780979930620676,9.240514832760926
1.2909820660373423,3.383079446604777,9.317237932162376
1.2752248092312506,3.3860804958425845,9.39188158651574
1.2589601592920494,3.386497399076517,9.471348331755618
1.2395191195587845,3.38745023000575,9.50574046778834
1.220284350804625,3.3848835588031947,9.503081729722147
1.2029817330897719,3.3832709121158997,9.498275751016255
1.1843860250464913,3.3823429320480014,9.50191496504343
1.1646107480457168,3.380757306560968,9.498056633241587
1.1465544914742112,3.378856465815783,9.49548163594862
1.1278272600883748,3.3784504463267315,9.493421631816018
1.1111475375355875,3.3776616824130823,9.494840459373547
1.0927374404711194,3.376389005992307,9.495021631816018
1.0741786041936456,3.3750449428324045,9.49137111134557
1.052123628166574,3.3742097077676227,9.492921635948619
1.0360026367039255,3.372901059262584,9.49388751770209
1.0177613,3.3690555399999997,9.486621634359171
0.9994756096170102,3.3691962903439756,9.49186345372324
0.9773909706333943,3.367362759853771,9.488754976169552
0.9595150883859176,3.366386007127076,9.491368302085469
0.9426216845922305,3.3648098747217214,9.48786913380038
0.9252282699844232,3.363989313551833,9.49028830060198
0.9059393188619567,3.362626105822141,9.486088298906578
0.8895019630416642,3.36185760605889,9.487950386221842
0.8688931319737738,3.3600268027929157,9.486181651389145
0.8507077246904554,3.3598815327568943,9.489714969811766
0.8319528931112312,3.358684981233112,9.490721638173904
0.8148117702424863,3.3574339354907927,9.493093395435144
0.7963623596141619,3.3556557181335926,9.487998305661725
0.7780592970568366,3.3548687165437037,9.490681633034617
0.7592638814813637,3.354244619934833,9.49271496504343
0.7404318924659058,3.3524132325603206,9.486614968752153
0.7240039490351908,3.351542220602728,9.486961635630749
0.7053546392808715,3.351228906234633,9.492550379236908
0.6867607042848817,3.349543577554372,9.491481634359172
0.6685214209128065,3.348202170708447,9.4876244919886
0.6502274800000001,3.34801564,9.494801634359172
0.6313610903862378,3.3463723067894215,9.494489318766611
0.6124666436461893,3.3439330323889376,9.484581626411943
0.5956796887157624,3.343612535451524,9.4913934094598
0.5764781247521142,3.3423063892094302,9.490263992745216
0.55791905,3.34095905,9.488731634359173
0.5395154506002964,3.339680357757872,9.493295920560021
0.5217546927166528,3.3383452086780308,9.486781670120289
0.5019844306524677,3.337147419287928,9.486548295727685
0.4851188128676213,3.3373912413671234,9.527293392630213
0.4714135893397309,3.3389258939337494,9.620881661181208
0.4540159846202753,3.3324901416981914,9.680001620371824
0.4379597,3.3300886,9.753281634359173
0.420131312189462,3.325171869840261,9.827261604159697
0.4120402360905393,3.3146891238909832,9.878256646652606
0.40394982167773175,3.3045977298756557,9.914704771944912
0.3902526,3.29543392,9.946341634359172
0.37304921741276786,3.2917865307556378,10.072505182827701
0.36324261745912806,3.272759206791553,10.11809597359623
0.35131351752522016,3.260836055357702,10.19863789059902
0.338163261322986,3.251705170362947,10.276295912881547
0.3246136179135994,3.242337938856825,10.357284067749182
0.31450215937337844,3.2287806388244533,10.43262873476168
0.3053604721360331,3.211250523156963,10.513931628398783
0.2987956590297867,3.1949070573258735,10.562174974474251
0.29147893622395593,3.1813627052730573,10.624948274093201
0.28703959692278347,3.166802104062689,10.710461705567488
0.2830902349620633,3.154644949906736,10.795558162695988
0.28076744140326976,3.1330792917489783,10.813967337697047
0.2766723,3.1183457999999997,10.830501634359171
0.273358064223606,3.1040068444911926,10.836181634359173
0.27089412091267445,3.0838777847792223,10.831901636266538
0.2678455,3.0645057,10.824081634359173
0.2647668619734876,3.046736439151858,10.825754969387942
0.2616795957391734,3.03087173495683,10.831145929926347
0.25893611210098283,3.0134581069538267,10.834242745911796
0.25554096780735913,2.995587675411269,10.83201496504343
0.25272464521410176,2.975903540509267,10.832221638173904
0.2493405817777653,2.960624556726926,10.83836987047827
0.24648951420351592,2.9428905463934893,10.839974968116366
0.24312512,2.92443442,10.833661634359173
0.24039807773476946,2.907184398732189,10.833663985980401
0.23728232206232971,2.890148617489782,10.83485306147089
0.23431244133849433,2.8705841486368224,10.841116928311825
0.23089054771910864,2.8533773131131386,10.838148303145134
0.22827453495191927,2.8336549677533176,10.835434966632876
0.22533252451832095,2.8176250581218616,10.836412883520984
0.22193639945844687,2.8000860678218666,10.844010205544459
0.2190677057050409,2.7806613714747956,10.842281634359173
0.21589738,2.76107738,10.842661634359173
0.2128786565088556,2.7438309248399184,10.844267349618027
0.20986122596671086,2.7267364209182077,10.847431636594342
0.2066897979924977,2.709173625979909,10.848114968752153
0.20244769510960267,2.691688909299749,10.857658100987504
0.19961241465088556,2.6728722609928472,10.853853064876883
0.19583434223020726,2.655435096234737,10.852795918857051
0.19347194282436037,2.6379459895498365,10.853731636594341
0.1903122,2.6195216,10.853081634359173
0.18705965,2.6016191500000003,10.854698301025838
0.18344926217347898,2.582067884574349,10.857119133055324
0.181169845738652,2.5649096363154515,10.85291240373102
0.17797770966648124,2.545651553810697,10.854059408604847
0.17529115469258388,2.529453061706216,10.856322817182015
0.17206842572518477,2.509657326535802,10.85481496504343
0.17005930031441385,2.4920792804974,10.845381638829512
0.16767000100772483,2.4727901418809806,10.838914968752153
0.16466058,2.4552175,10.846521634359172
0.16041295287435312,2.441815587097317,10.852793384215419
0.15605985,2.41940255,10.878281634359173
0.15099514982044138,2.402133579826849,10.903131633614116
0.1504001,2.3863138,10.880381634359173
0.14717657273420862,2.365626743074673,10.878628304416711
0.14363793696618654,2.3482696696169865,10.889369871880735
0.1415851,2.3309148,10.879481634359173
0.13896382103277563,2.312502211724612,10.871005162120976
0.13512206,2.29381842,10.883521634359173
0.13209482194742028,2.2766808534412055,10.878201645803365
0.13054807999999998,2.25965662,10.861241634359173
0.1266104,2.2417173,10.871981634359173
0.12471662623062862,2.2223435251450367,10.86269496027509
0.12092421142588672,2.205680663489615,10.873058106597368
0.11834299934832711,2.187375632008265,10.872801628001389
0.1148743,2.1702041,10.872581634359172
0.11255753322207156,2.1523706238716116,10.868431642554794
0.1092394300681199,2.1336367502861036,10.874610200435466
0.10651260711081971,2.1162861540300106,10.87585038519736
0.10302893499642374,2.0980127086068507,10.876248300496023
0.1001684119083193,2.0787873740534697,10.871394966844788
0.09638863426119092,2.064491654282649,10.885094157456269
0.0927285316825613,2.044527786416894,10.887453058064894
0.08937476600423545,2.027861360456082,10.893869867673338
0.08638940192643926,2.0089567298820614,10.894961638809692
0.0832499579281688,1.990896192866266,10.89086735156426
0.07971707037787579,1.9729971904875432,10.896681610518428
0.07780726370355652,1.9548081469064178,10.8912816303854
0.07356552373672917,1.9366192012257548,10.896293399642541
0.07172242546305264,1.9187040526188737,10.890794134917964
0.06776904826805177,1.900091638755109,10.89400306657988
0.064871,1.881584,10.889181634359172
0.06213828736440577,1.8639330590296819,10.890631640319357
0.058383329059945505,1.8444244498501363,10.892067353024023
0.05706024132977693,1.8283409821588759,10.88365663920204
0.05354104379768392,1.8106514931777928,10.88563878013574
0.0513227629938692,1.7923922574897821,10.882724488582607
0.04787375357789999,1.7739985415583177,10.882961634041278
0.0450764,1.75501375,10.883931634359172
0.04288292472693678,1.7392377944180362,10.87945663026136
0.03968622125248351,1.7205535737264563,10.880554966632875
0.03678976451346282,1.703299187347808,10.878528304416712
0.0336025,1.6851438,10.877281634359173
0.0307458372079375,1.6674118569343066,10.87734316097033
0.027926719909400727,1.650115216830989,10.875269859258545
0.025070984121253404,1.6323595710694823,10.87523877332375
0.0226869,1.6152423,10.873881634359172
0.018947047543548555,1.5955953347852003,10.880406626536079
0.016511909378405992,1.5778476333055176,10.870731629250182
0.013431837700670758,1.559566265468735,10.870141635312855
0.011227823923257085,1.5428386084498549,10.866405164925908
0.0082453,1.5244034,10.866281634359172
0.0061609,1.5055523,10.855181634359173
0.0022461433899286457,1.487275544774442,10.858060204206417
-0.0010003261595193439,1.4702079361859046,10.864174968116364
-0.0032970468591784355,1.4525448437583273,10.855928695492645
-0.005748920164210464,1.435765493227436,10.852431638084456
-0.009483687563976223,1.4170599346631911,10.860694966844788
-0.012702659824522363,1.3982354778523063,10.860834977017404
-0.0151889,1.3800862,10.857681634359173
-0.018538243157434634,1.3636268288603672,10.86241496504343
-0.021499326948228883,1.3447532537159401,10.862153066579882
-0.02396562041908395,1.3266319130731938,10.857426080569667
-0.02717245181123247,1.308144888615536,10.856831636594343
-0.030416405385043314,1.2906322809949933,10.85815496822232
-0.03295767120177272,1.2728946961880987,10.854728692687715
-0.035958957488802984,1.2551651266804038,10.85410306280896
-0.03959616448803128,1.2353009131099597,10.854868301873557
-0.04225612,1.2178622000000001,10.853961634359173
-0.04563175898846044,1.1993586891470898,10.858161632451807
-0.04810056,1.1815783,10.856801634359172
-0.05082728759967151,1.1663049180349148,10.859009412578464
-0.0533116,1.1456499,10.854381634359171
-0.05715037409548787,1.1277753497839302,10.85881913510424
-0.059606832523933534,1.1100207951766128,10.853427784819504
-0.062342120584128066,1.0922385244567439,10.851174490285603
-0.06526784155926119,1.0747564010069701,10.852258100987505
-0.0688639,1.0552059,10.851681634359172
-0.07253138776629314,1.0381933740291431,10.862405163523443
-0.07449845,1.0203376,10.854831634359172
-0.07821967080561715,1.0024958661850607,10.859991636028104
-0.08051156602393121,0.9845335210523178,10.856419140505889
-0.0834022,0.9671622,10.857281634359172
-0.08715056110208765,0.9482180384613093,10.859719139015777
-0.08971034167915531,0.930567153113079,10.860253061470889
-0.09352179802431852,0.9140853415067949,10.86558163118028
-0.09706919548472288,0.8944253822029857,10.863958551793058
-0.09891670428453221,0.8772352502279007,10.856840467788341
-0.10063226341921351,0.8604504923646605,10.838644128212456
-0.10360467169083133,0.8421659430910906,10.839581620948154
-0.10892678088819659,0.8243334030803955,10.858274971295309
-0.11220867579460281,0.8050022195040905,10.862481631378946
-0.11448501703961037,0.7888617281700214,10.856038771377666
-0.11536669309434605,0.7696806960456403,10.831745913991325
-0.11797547999046314,0.7513232814388747,10.824100380261301
-0.12401707794608513,0.7331214050465715,10.856041624186556
-0.12800853685477911,0.7161520879407768,10.86938166296943
-0.12950289208106266,0.6970811503337874,10.84740306828288
-0.13196440222067063,0.6792718705675993,10.839538772350691
-0.13449477157623102,0.6630490133192152,10.83741692880681
-0.13839993241939624,0.6447200789348201,10.84438933343851
-0.14356938454602597,0.626991904521317,10.859681643029004
-0.1465917,0.6079628,10.867881634359172
-0.15067733971929936,0.5916393880583019,10.876648301555663
-0.15243160045061152,0.5722186255775695,10.857641665830455
-0.1537683964798115,0.5525564388707348,10.850463992745215
-0.15926585999999998,0.53694502,10.867001634359173
-0.16169411797680322,0.5168925847369676,10.860128685675386
-0.1639636307557816,0.49841393147897955,10.853934976169551
-0.16855821877548102,0.481684720499249,10.864121631498147
-0.17099727721554492,0.4642679800457204,10.858452217644588
-0.1734227316426925,0.4443351078200747,10.85328163118028
-0.1771475119465259,0.42731082459638964,10.860038775026748
-0.1805327,0.4096652,10.858581634359172
-0.1828381608433735,0.39004471569285054,10.856421633405489
-0.186260110336171,0.37583583098887846,10.86138751770209
-0.18927777344320434,0.35702782266611033,10.8619878824034
-0.1922209517936899,0.3384496809536677,10.86120830208547
-0.19505811120710206,0.32002865050418633,10.858358105194903
-0.19836674817251984,0.30284127138259065,10.857571635074429
-0.20146162782452598,0.28572908234320654,10.860358104122438
-0.20437454185488357,0.26750909167130255,10.85932830208547
-0.2074841,0.2475221,10.858581634359172
-0.21057898320828017,0.2303678239919779,10.858281634359173
-0.2133607683747914,0.21279885909083684,10.85918163594862
-0.2164654012032298,0.19526859254220047,10.8577816327697
-0.2193494796078022,0.17779254149368937,10.858156631751475
-0.222789,0.157878,10.861481634359173
-0.22530078676353027,0.14035370294097024,10.859222812149728
-0.22794113674799332,0.12299408172137011,10.857248303674915
-0.23178388483336454,0.10449553417516731,10.86313163180472
-0.23532889895656564,0.08756422277183289,10.868916928806811
-0.23828665,0.06773145,10.866381634359172
-0.24102880077134523,0.050688341593739486,10.861999271518378
-0.24143806,0.03452324,10.834981634359172
-0.2401778334710875,0.019963037107797947,10.798614962394268
-0.2442836845897087,0.002709939750080642,10.806922784100419
-0.24832978612572518,-0.011917434764364618,10.839294944380631
-0.25233420094245684,-0.029496227067584813,10.92852873476168
-0.2525114456582824,-0.045672107206961736,11.014424075538818
-0.25205783899767936,-0.06143066520170391,11.064786865203498
-0.2504852986966542,-0.07571092183104189,11.142694741122
-0.24729978272863695,-0.09070529788508197,11.200237522034726
-0.2414777,-0.1052401,11.254066944359172
-0.2358339886105774,-0.11942939905894563,11.319519880420769
-0.23301921345708446,-0.13276343135728882,11.406352674945005
-0.2235749111580888,-0.14458291526528277,11.441386946266539
-0.2135268307307188,-0.15831021996662295,11.49561646158411
-0.20714899833446868,-0.1711814671304496,11.583452676648001
-0.19633826497061835,-0.1852046523175743,11.658814027932094
-0.18540490424541048,-0.19462836300882141,11.704733585064886
-0.17350812684094005,-0.20611651585149862,11.771238386797865
-0.1614857,-0.2165022,11.847166944359172
-0.14983504032016348,-0.22702232258855587,11.934738313568982
-0.1374815371451812,-0.23307248163917874,11.983313999222855
-0.12296893587754712,-0.2374492461232794,12.02598693672971
-0.10860734000000001,-0.24578604,12.101906944359172
-0.0956341,-0.2509802,12.178566944359172
-0.0813609,-0.2566462,12.264166944359172
-0.06772005410151045,-0.26216097013028905,12.359808113734935
-0.0502743459190972,-0.26690675884129383,12.437540297295673
-0.034997788927742635,-0.2671979431414312,12.515067015885384
-0.0177236,-0.2673887,12.580566944359173
-0.003133627869829539,-0.2676283880319466,12.6573172721694
0.015506678089485814,-0.2650822026305332,12.700866968200865
0.033705187121339616,-0.26176199737462136,12.687272843046483
0.05054425222462678,-0.2570338443128049,12.675213089317541
0.06867103864640621,-0.252890195784722,12.670426940544441
0.0854613,-0.2520794,12.685966944359173
0.10604839857426687,-0.24733455519987285,12.674853607317132
0.12230240280737309,-0.2454818493108227,12.677091942496531
0.14254716182945243,-0.2409895896686005,12.66484695707474
0.16306835632862574,-0.2368253923944294,12.650031648509069
0.17981744,-0.23388244,12.661206944359172
0.1964652681374575,-0.2324091580379566,12.675706948173904
0.21359665214352772,-0.22869625109001773,12.670654448270719
0.23233788124245633,-0.22451749826252812,12.660791942496532
0.25119212884536785,-0.222573642513624,12.666902663024024
0.2681938279678932,-0.22011562476039098,12.673040276632875
0.2859112178746594,-0.21691312104393734,12.67100265791503
0.30456874774822507,-0.21279843055791034,12.663366944359172
0.32228547983876976,-0.20977846902501898,12.659979444917965
0.3393067,-0.2081217,12.674366944359173
0.3553855641195667,-0.20613671830007899,12.689941941751474
0.3728421658401594,-0.20214727016740178,12.68239553549352
0.3918073834758559,-0.20009672702419176,12.69057361060198
0.4093446028484075,-0.1973547914056912,12.69673753605938
0.42646844149950724,-0.19370336461201004,12.690300277162683
0.44482248105409306,-0.19037800221589554,12.684231652716464
0.4642789251141008,-0.18772507829870572,12.693281232506312
0.48039626702523036,-0.18640561365720937,12.705152250727767
0.5021762088930517,-0.1845894968119891,12.736638381688874
0.5207384286481761,-0.1814476652706032,12.739620284580106
0.5387264159818803,-0.17828661457522052,12.742280263917307
0.5575273504410713,-0.17466148434395612,12.737380279811767
0.575307325113248,-0.17218225523960898,12.737506939590833
0.5914750132967758,-0.16904831680854943,12.742449294330422
0.6110595250751013,-0.16529206842565367,12.73696694594862
0.6289337148536687,-0.16316801434702272,12.73680027570566
0.6473680869837174,-0.15962575897928558,12.740414002687714
0.6643854505865149,-0.15732094037892996,12.746726940544441
0.6838128416886544,-0.15395995271163812,12.74623360837672
0.7017129,-0.1503833,12.735266944359173
0.7207195578558372,-0.14634641440038146,12.741200203518355
0.7370128932429211,-0.14364830486795788,12.741755177673339
0.756151455431932,-0.1403493448223794,12.739066944359173
0.7738536859431623,-0.1372071823526607,12.739166939590909
0.7902658161632568,-0.1338163390394731,12.740241947711928
0.8103048328284193,-0.13001540812048,12.73805361208547
0.8264861579204241,-0.12797061729099757,12.743966949969034
0.8446185056822697,-0.12434803460224111,12.740460284580106
0.8619145304097657,-0.12091246044759513,12.740440276209
0.8796354356678786,-0.11810008449663228,12.742766938398631
0.8988778,-0.1146764,12.741066944359172
0.9157309556231855,-0.11148551347208392,12.741049299940284
0.9328521357799727,-0.10843598444482289,12.73948123250631
0.9510971571947328,-0.10589403175732678,12.74550540674409
0.9693521341570338,-0.10202642016566299,12.740076623415954
0.9875580289089464,-0.09824914194482288,12.738385991816031
1.0059185239240447,-0.09478890319402572,12.73618631847472
1.0224698302174837,-0.09378091201412637,12.754479443520978
1.0399520544934366,-0.0896140457800404,12.742661062501211
1.0583888975022089,-0.08570026738706646,12.737731655521396
1.0770349219221742,-0.08265716024770678,12.736009044470855
1.0946722934757303,-0.07981931438649145,12.737337526242122
1.1120820958416897,-0.07650066684010491,12.739031651313999
1.2346365626571962,-0.10549773144994272,14.050623328647724
1.3192365909655142,-0.12221820475450686,14.886050818874647
1.3365624757555783,-0.11977587592527664,14.884402236001879
1.3550335158113964,-0.1159059395074541,14.886843410987504
1.3767076814736736,-0.13019218762736534,14.760040557770807
1.3857448048816106,-0.14241729473245018,14.677529268339562
1.3966994113866176,-0.15281415114791805,14.620119877615837
1.3961560903301724,-0.2088330475538943,14.159957274531527
1.3977700031190397,-0.21889072800403905,14.08698457029881
1.4168750784497146,-0.1804396799096812,14.474502240209278
1.4245992015309132,-0.18760423888142952,14.457703780388336
1.4078237565347882,-0.25356161660659443,13.890996495710448
1.4138585163262167,-0.2368482894542546,13.984779834287187
1.4129880567816222,-0.2324960881141046,14.012159933433965
1.4317795473330066,-0.18977694108110255,14.412764463465892
1.4460848436721643,-0.19884826369348144,14.53386104286697
1.4477076619355225,-0.2137930040382366,14.331501798364254
1.464900226411231,-0.2260822161507931,14.361655166453614
1.4784867259536632,-0.23594065720857174,14.406055169423686
1.5175749115408887,-0.32350044737107836,14.207714002687714
1.5327284611437837,-0.3353379143672315,14.222320277480577
1.5454211,-0.3477867,14.213666944359172
1.5594678277426328,-0.36109709457990274,14.217833616324077
1.5717748388905666,-0.3733642593960105,14.21128694118028
1.5847184860468704,-0.38581242647293945,14.212125766568617
1.59705529822615,-0.39750093770543915,14.209373613780924
1.611373224986376,-0.41040846188862395,14.210331223991325
1.6231423,-0.4231616,14.202066944359172
1.6373017,-0.4369095,14.198866944359173
1.6514389346981595,-0.4483615923387481,14.206766957074944
1.6634166045888672,-0.4596725646129896,14.199578699825281
1.6786934,-0.4742858,14.199966944359172
1.6917491325834817,-0.4857654294321417,14.202496344244171
1.7046227957624693,-0.497342519137235,14.201033594071477
1.71803612,-0.5110910799999999,14.195686944359172
1.7304920125126222,-0.5224235362532256,14.197766942956727
1.7438201193896408,-0.5355454412171425,14.194216965221067
1.757698269637047,-0.5474001520938516,14.198137530862033
1.7704076018978288,-0.5604935024128175,14.19562028065952
1.78390445,-0.57380735,14.191416944359172
1.7988868003650778,-0.5844733053822886,14.213316949574567
1.8105765,-0.5970337,14.200166944359172
1.823740255401596,-0.6103172484944532,14.191678713849937
1.837644407225622,-0.6218456945879361,14.201413612085469
1.851969,-0.6352221,14.202066944359172
1.843388270540352,-0.6478644617206791,13.968209772308287
1.8583337281558983,-0.6594113160484131,13.989037534656918
1.8615181,-0.6705161,13.885266944359172
1.883111280619589,-0.6851778325127778,13.968135672845664
1.8988167920399277,-0.6978681590790603,13.97730027557321
1.9126056844867596,-0.7101147976348666,13.978940279387942
1.9248188619300732,-0.7212335319285303,13.97886106522365
1.9384821643004737,-0.734040637273103,13.983080270486903
1.9514947704957606,-0.7464591713019118,13.980891938026192
1.9653444055075182,-0.7576196322916998,13.992720277480576
1.979063837400758,-0.7705404673008607,13.987866946743361
1.9913856,-0.78292355,13.987516944359172
2.00582506,-0.79586314,13.990506944359172
2.017586963477328,-0.8073784634326245,13.982566944359172
2.0317943528817115,-0.8194676131767175,13.986966947538114
2.0453336600000003,-0.8330469,13.982446944359173
2.0578979,-0.8444858,13.984266944359172
2.071717569612234,-0.8576538829345549,13.979288376214898
2.0843410811143066,-0.8689160679342562,13.983141943241588
2.0983786715509867,-0.8813220067556764,13.984443415194901
2.11131079443685,-0.8936989144037893,13.978026943723384
2.1254908388063263,-0.9067112916506397,13.982606941180281
2.1381182,-0.9179536,13.985766944359172
2.1531280049479453,-0.932032643670031,13.98579361208547
2.1647583856361496,-0.943508238421407,13.974531653211411
2.178807006849032,-0.9568561051753187,13.977866950717058
2.192731539859065,-0.9688684169492424,13.985244723314349
2.2058774,-0.9815818,13.977166944359173
2.2198609050271623,-0.9947598336813065,13.980695516760868
2.2314646635116,-1.0058166113710532,13.979585700412757
2.24563422,-1.017554,13.984826944359172
2.2598506885115803,-1.0308715454223434,13.98115265791503
2.272050243770582,-1.0415139070243933,13.986166944359173
2.286653785736084,-1.0558910715897891,13.982926959618098
2.298053903587507,-1.0672426757022846,13.969519877615838
2.3126180423403375,-1.0788334956416696,13.985226943723385
2.3260885137264564,-1.0924452810236032,13.969860281401212
2.3398226495724326,-1.1050892812188067,13.977126946902327
2.353095314963283,-1.1164298954032488,13.98477361060198
2.367403772534372,-1.130270392100453,13.975586939590833
2.3797933676421943,-1.1411800303014499,13.98056069333472
2.3937651000000004,-1.1541719000000001,13.981416944359172
2.4067564253565767,-1.166419278071049,13.975437533254452
2.4197441317173967,-1.1783208245728365,13.979240273453984
2.4333591819976474,-1.1910305954922593,13.978400275573211
2.4406416314026433,-1.2047926094443369,13.944567038236297
2.4390769311293012,-1.21950300987046,13.87186689667579
2.4371556129279273,-1.234566083704753,13.806449347624113
2.433578763795981,-1.2498219172717984,13.729502647697046
2.4297345163828337,-1.2643261859587875,13.656752715816937
2.424985225484201,-1.2761235956495518,13.592619843956665
2.4181474101502025,-1.2906988057935311,13.512700243254507
2.4114238,-1.304127,13.441866944359173
2.402658120769755,-1.3171245759673025,13.354752700489962
2.394095404962861,-1.3287614978927098,13.291151665129462
2.4472093354024373,-1.3731259867438959,13.964606063330324
2.3902198106992594,-1.368286671188152,13.39353164339429
2.376307323467791,-1.3802667336601648,13.31962325275298
2.3642805,-1.3889654,13.251166944359172
2.3547875156562927,-1.4015216955812697,13.204146901125553
2.352966263979973,-1.4226155737598347,13.22390027027509
2.3499553762057697,-1.4389717483023154,13.214749297135354
2.347073592485099,-1.4574697944671382,13.221020276632876
2.3434675203712536,-1.4749863720878746,13.212695520653451
2.341252644542637,-1.4937327604482238,13.221126934822495
2.3371186392794985,-1.5126702071263383,13.216826951988574
2.334519383059619,-1.5294932684936118,13.218402241611741
2.3309288076326413,-1.5488249596496806,13.214253605515673
2.328816298556863,-1.5656528713237872,13.219761083455705
2.3256021,-1.5839549,13.219766944359172
2.322139031972216,-1.6024048405537719,13.21690027398374
2.319438930792533,-1.6185302964138957,13.216584587375594
2.3168193,-1.639132,13.224466944359172
2.3132105993120007,-1.6563086652883978,13.219538375363413
2.309430559239597,-1.673741870769622,13.214146961525463
2.3071911501311293,-1.6911817146308512,13.215020302064012
2.304691220003497,-1.7110010350494325,13.228260279705836
2.300248374783438,-1.727219958022729,13.210800275043429
2.2980291301430515,-1.746036693174387,13.220738378282878
2.295244710827162,-1.7634787593094816,13.218885688491852
2.292108648002861,-1.7817768905316698,13.221046934822496
2.2882028577861036,-1.7994328317694142,13.210324086729745
2.286001,-1.8166941,13.221666944359173
2.2825097580283704,-1.8346674049231135,13.215366884757312
2.27932790682019,-1.8527829362284898,13.216572822092228
2.2761401958583107,-1.8697159133855585,13.21075264599405
2.2732334623174126,-1.8892616784900262,13.217166960253634
2.2706706819713056,-1.9049764332117862,13.210690477730841
2.2666653881427323,-1.9241418368910435,13.213120270275091
2.2637656028245656,-1.9413269544338947,13.209449281708233
2.2609546139092425,-1.9607474521370103,13.217933605727685
2.2578890322503735,-1.9786914744937534,13.212433613145134
2.2544372,-1.9970437,13.211966944359173
2.2511313450359323,-2.013791893378972,13.207295526491933
2.246992986333447,-2.032346751413488,13.1986669273292
2.24628444317369,-2.051399355641652,13.224123198457043
2.2419310512898356,-2.067677407073035,13.20112693323305
2.2406944011640464,-2.087144511439911,13.219466944359173
2.236062115099978,-2.1054494210159898,13.211480276844787
2.2334656206859558,-2.12287235576029,13.210645517612353
2.2300454537466865,-2.1393340301333748,13.205796355463894
2.2279326590112567,-2.1578798002571484,13.214224089162565
2.2247014,-2.175643,13.207866944359173
2.222231588901756,-2.194119758864801,13.213845512503447
2.21854837243188,-2.2111955396985694,13.206795518950454
2.2161799998990226,-2.228944524813823,13.21459635686636
2.2126826197523606,-2.2469679283037163,13.209533611555663
2.2095030710225783,-2.2659650064373076,13.210656947458617
2.207178,-2.2831621,13.213866944359172
2.2044303141212533,-2.3020861752861035,13.218924093541734
2.1997932774795244,-2.319171291784472,13.208631656016303
2.197962727506812,-2.336907579267711,13.219481232506311
2.1951969927123898,-2.354487398625129,13.215750271069814
2.190699505575613,-2.3726917361239783,13.201245510435466
2.1902811,-2.3908067,13.223966944359173
2.1844551984049785,-2.4093382663948693,13.205366956280113
2.18226027386786,-2.4254613930760276,13.20714342220723
2.1794156,-2.4463195,13.210266944359173
2.1765192872090053,-2.4624989218082116,13.206309802961716
2.1735140226321747,-2.481911107677177,13.210716941378902
2.1695688458959186,-2.499473815729241,13.205194213145612
2.1677471490035485,-2.5164841446208435,13.214843423609695
2.1634593,-2.5349602,13.205066944359173
2.1608195663899132,-2.553968665183793,13.210290474925909
2.15733492282214,-2.5709570558650916,13.20554386729502
2.1544545,-2.5893204599999997,13.211346944359173
2.152069975653042,-2.6062994348984487,13.214691945476757
2.1484393,-2.6249539,13.212766944359172
2.1455294288080444,-2.642991114041485,13.213655177673338
2.1427258553006183,-2.661028830059044,13.212843409585039
2.1399548928124106,-2.679544249569253,13.216866944359172
2.13638770367165,-2.697792627992752,13.212466925285668
2.133843135761224,-2.7146388252454963,13.215404441565209
2.1303903,-2.7334221,13.213266944359173
2.1278994624405705,-2.751008510552151,13.216037531851985
2.1244656293762025,-2.768777467853068,13.212338373660446
2.1220982,-2.78748705,13.219966944359172
2.119049277396463,-2.8032258008821507,13.214502231794484
2.1156631,-2.8217171,13.215966944359172
2.1117267126292023,-2.8392567023028485,13.207714006895111
2.1096943542029973,-2.857964210376362,13.215224079917755
2.10653052,-2.87538366,13.208486944359173
2.1038050585913832,-2.892483190909346,13.215578710879985
2.100208280768986,-2.910113895272912,13.210826943723383
2.0973397,-2.9290953,13.215266944359172
2.094592673089237,-2.947308893181199,13.214866947765167
2.0872941851637403,-2.962502020611025,13.19412401423196
2.0716019,-2.9682173,13.097666944359172
2.056177467211049,-2.9772949738900905,13.036752625801926
2.0393600890531336,-2.9801699707101497,12.947509819018574
2.0257772100478326,-2.9843071051394,12.882498211402341
2.008472092917316,-2.989169168712846,12.792866901443446
1.9925322063943416,-2.990494313483271,12.744880260738414
1.9759234,-2.9919271,12.658466944359173
1.9587114465888964,-2.990490485616485,12.575381215476337
1.9439534551638056,-2.990966541680691,12.525137543484046
1.9264106933369363,-2.9892917997584005,12.445000254910083
1.9106063468441548,-2.9858836411380434,12.3789136406955
1.8960010544563342,-2.9852230773852435,12.315055166453615
1.88397992,-2.97885298,12.117926944359173
1.8693062640281615,-2.9905794727851562,12.134996362476222
1.85366502,-2.99896404,12.132166944359172
1.8376851444384399,-3.008911416915154,12.137046940862335
1.8249687,-3.0172763,12.123366944359173
1.8111724297453666,-3.0192465089073974,12.049913614416711
1.7968762951811286,-3.027893846344474,12.046184590180527
1.7818685475800682,-3.036434325518557,12.040400286169552
1.7656630651603777,-3.046336360717805,12.04604027779847
1.749197638874319,-3.0563346193818117,12.049966944359172
1.7346893,-3.0652377,12.047566944359172
1.718848056200402,-3.075011806474575,12.050824088189424
1.703247684542025,-3.0847570724794187,12.050466938749311
1.6869140822121935,-3.0944213309230246,12.047766947765167
1.6702737507341907,-3.1048709071567817,12.058296355463893
1.656863593627286,-3.1133636641815325,12.057349294577953
1.6393763373525765,-3.124819961944877,12.061766947538116
1.6242599869856154,-3.1350850068250815,12.07589362797993
1.608670185190042,-3.1448107622618267,12.078666944359172
1.5930629514185939,-3.154266063893525,12.07634929152549
1.5756019759385829,-3.1689021843150966,12.112146958346521
1.5611061617400352,-3.1769889568502503,12.09863970591714
1.5453998889627323,-3.188324151076607,12.115423203579248
1.53052848,-3.19564218,12.101246944359172
1.51433,-3.2059121,12.107866944359172
1.4997500965667965,-3.2140684523881426,12.09956692846471
1.4825693978347096,-3.2252425323493075,12.108321492769342
1.4685472650523774,-3.2326417734223427,12.097104443055324
1.4530824010522894,-3.242553240888648,12.100712396540153
1.4378763624121818,-3.2520481261849508,12.099606941816017
1.4207551214661374,-3.2626246365734963,12.105184591582992
1.405936531759196,-3.270985855023842,12.09805265791503
1.3898877874985098,-3.2809756576591,12.09946694606214
1.37567035564843,-3.2900304549570145,12.10111988603063
1.359206275,-3.2998357499999997,12.103041944359171
1.3441315679244683,-3.3085982629144546,12.098693609330402
1.3289111,-3.3179852,12.098566944359172
1.3125004545951617,-3.328419805998665,12.10337361219145
1.2980153626565503,-3.3367688587548914,12.099519881823234
1.2821109469713103,-3.346152329452436,12.098033613674914
1.2666157602482528,-3.3560316797121104,12.098504443055324
1.2515735000000001,-3.3652696,12.102516944359174
1.2345172322786104,-3.3755694141706405,12.101174095244732
1.2202360862151664,-3.3843922743404904,12.100425772178479
1.2038762796519251,-3.394346890511384,12.099966956279545
1.1884768871969482,-3.4037060713659866,12.101573193893511
1.1730430470044277,-3.412622908690395,12.097745515544458
1.15663584,-3.42214046,12.097006944359173
1.1416437,-3.43136095,12.099016944359171
1.1263666,-3.4407692,12.100966944359172
1.11102682335691,-3.4503783820392595,12.09843365341107
1.0870280279712945,-3.48128358346804,12.347201946624152
1.0802673544338948,-3.475957366994376,12.135819870603509
1.0644094935083512,-3.518758015224446,12.460200312572479
1.0565231289546546,-3.54045506630622,12.528495931315428
1.049568062972105,-3.563863876260466,12.599661075040911
1.0448871905370118,-3.5876194126759766,12.677638294268345
1.0407143445254758,-3.611134742358667,12.741743520379817
1.039200885166122,-3.6348637142616718,12.808890420229753
1.038361994741391,-3.648598467180259,12.855354467642188
1.0085295561841718,-3.6917234667699814,12.785731694790432
1.0070193513077272,-3.694670050833274,12.79709196641291
1.007909179367894,-3.6932486117316605,12.790816977886717
1.007826902399082,-3.6937058994918717,12.796366963730643
1.0071627534201177,-3.693808720263214,12.789400280076695
1.0077437742121027,-3.693620076380217,12.794191949947097
1.0077128528182546,-3.693514753154846,12.79265518047827
1.0074547591577574,-3.6937965046704813,12.792735372808703
1.0074167780785992,-3.6937224777818987,12.791744723608678
1.007682624717251,-3.693635250105053,12.79356694286906
1.0075625134881465,-3.6936731599217985,12.79272694483601
1.0074424000070124,-3.6937227058468785,12.791978708240075
1.0075137841966573,-3.6937091684447623,12.792751154819445
1.0076255942555818,-3.693650064478851,12.793384592737945
1.0075854437333294,-3.6936641031322175,12.793188819219473
1.0074923444064743,-3.6936742776537126,12.792166944359172
1.0075656440141265,-3.693692868786136,12.79304819696691
1.0076133333505524,-3.6936461890169277,12.793111389245128
1.0078380333333332,-3.6936599666666665,12.793300277692506
1.007444064598965,-3.6937150293998853,12.792066944359172
1.0074015057808818,-3.6937310352392574,12.79280811876734
1.007407658067683,-3.693706700265066,12.792966944359172
1.007711511834004,-3.69366530600115,12.792866944359172
1.0075573999949807,-3.6936909579330424,12.792703786200262
1.007558464714462,-3.6936823059042974,12.792766944359172
1.0075838612837729,-3.693678954824916,12.792912105599875
1.0075486856789284,-3.693662914277929,12.792638372606222
1.006729473793381,-3.6964433898262525,12.781748227048528
0.999746086599413,-3.7079284342971883,12.774629451623474
0.9894191677493549,-3.72598243886458,12.79451397678372
0.9811559637321373,-3.742011135598802,12.798966945849285
0.9705864324330769,-3.756448651310648,12.780944742152462
0.960820709510625,-3.772189410175123,12.780047590860176
0.9526811950304729,-3.787021078797181,12.777416943614115
0.9439463523297918,-3.8017876130742523,12.776610689609438
0.9340937388450389,-3.8195488950446097,12.779419578910126
0.924928461778599,-3.8349740684647364,12.778548195756153
0.9154868140842243,-3.8510718718164934,12.776345893312644
0.90628423613976,-3.8669319421733075,12.777605657509923
0.8979559331754138,-3.881202486869347,12.774466944359173
0.8884523379358645,-3.897449914847708,12.775835690261301
0.8800681181122321,-3.9114941609458915,12.76433536904421
0.870124680345848,-3.9283991866527357,12.772890473523443
0.8690094491474585,-3.952323381133338,12.825092762868206
0.8729735650861771,-3.9766995256662283,12.884544413729975
0.8798166513616255,-4.0016504154692845,12.949011358780746
0.899044773263397,-3.9562344131270777,12.875108157211367
0.90600868,-3.9804618599999997,12.952466944359172
0.9137180980807221,-4.004718736370913,13.027766995449092
0.9219009712616788,-4.025655002956384,13.090466917537135
0.9330768664203123,-4.0479356107879365,13.169517284089773
0.9443546682734247,-4.0695072136361725,13.23484928591563
0.95736558,-4.08978944,13.303206944359172
0.9726819980160082,-4.108467524300068,13.377274033936828
0.9878088351562383,-4.126043358570385,13.440191873951328
1.0051537752837207,-4.142604555833359,13.511546926557093
1.023038,-4.1585527,13.581466944359173
1.0423583,-4.1732283,13.650966944359173
1.0632715021406312,-4.185932282231229,13.72469556444398
1.0830831364347553,-4.1969805023245765,13.786129460564153
1.1078516607645235,-4.2086060813240085,13.862793678842205
1.127529187802397,-4.215766655758655,13.925000301004753
1.1521583855757052,-4.222730240469982,14.004054475092754
1.1756615776840407,-4.228902813323919,14.064105502111438
1.2009563034586348,-4.231778248228562,14.14274030365346
1.2236720185647303,-4.233995898458237,14.210433804408446
1.2491867616791552,-4.23368355739782,14.285038385094866
1.2717429,-4.23198665,14.354566944359172
1.2971861760527794,-4.229073663456433,14.424289360005146
1.321426252327106,-4.225953620966945,14.489574093419986
1.3440866093336512,-4.2187223564668015,14.564217355612005
1.3673537,-4.20837084,14.640946944359172
1.387860849888504,-4.20012442147876,14.709513977443335
1.4091028418515936,-4.186889871543851,14.78390539207219
1.428634801449598,-4.181133347022921,14.806420274301633
1.4453767375482098,-4.178671261339635,14.817614005492644
1.4658918635013622,-4.177607277918937,14.81439552065345
1.4835350577016395,-4.1772515296369015,14.813331649911534
1.5007108252487522,-4.174817000478431,14.814666942769701
1.5200822496431694,-4.173336398111738,14.813433599369901
1.5380721122244299,-4.171850380702535,14.811580278222321
1.5564458,-4.1706045,14.810266944359173
1.574028,-4.1689254,14.810266944359173
1.5916137524461058,-4.167437799230905,14.810721781580279
1.609062620525083,-4.16610634286075,14.809014004090178
1.6277080830441917,-4.164653545832573,14.807449299940284
1.6458845335069205,-4.162808978788068,14.806819575145585
1.664376533369538,-4.1606662860484525,14.808600275484913
1.681819271257614,-4.159094522823478,14.812292751902396
1.7005560098960486,-4.157374559843596,14.81244694563075
1.71864324,-4.15574574,14.809266944359173
1.7377994646819468,-4.15410317937502,14.808346945630749
1.7555531367904285,-4.1521826106834,14.817021486266968
1.7741942316842747,-4.150479575523402,14.811529444172908
1.7915533354102426,-4.14893936019169,14.81184694563075
1.809835307939246,-4.147435169843206,14.811137528057142
1.8279827223258487,-4.145936300946665,14.809843423609694
1.8472225082110783,-4.143998432747358,14.811000276632875
1.8654801902724354,-4.1423822604475955,14.809586943087595
1.8823261423788165,-4.140817287602259,14.810773193893512
1.900873,-4.1392681,14.808166944359172
1.9198865143360027,-4.137290282091918,14.811031649911534
1.93783469251356,-4.135795342421172,14.807500275705658
1.955615963711449,-4.134242398554179,14.807866946062141
1.9733348299006095,-4.13268664966696,14.807716942124003
1.992063282045617,-4.130864785714059,14.808840279811767
2.010722253196174,-4.129342134538034,14.807466944359172
2.027777540274025,-4.1278339004895575,14.804866950717058
2.046834178726158,-4.125614999196185,14.807252656212032
2.0637721591265445,-4.12428850773039,14.804908119344798
2.081585273273889,-4.122662180774366,14.81006693959091
2.0999007492163906,-4.121615900956861,14.80012028065952
2.1180274,-4.1195119,14.807316944359172
2.137070200006812,-4.118159258038147,14.802909798582606
2.1542796147387087,-4.116684475191107,14.803016946594342
2.1724963309088596,-4.115097360473026,14.804086946266539
2.190971717491485,-4.113315129202998,14.805766940953179
2.211070720883935,-4.111445913291809,14.81085444380038
2.229258341976305,-4.110005815482522,14.802790023257314
2.2482610389816076,-4.107765257540872,14.82301693925018
2.2660348,-4.1058135,14.833466944359174
2.2852383011886923,-4.10527582138624,14.810109805394594
2.3030407526963597,-4.103051299876321,14.825029445663022
2.32102527922435,-4.101884906767862,14.820800282990659
2.3390595564421273,-4.099841399663032,14.819100278752153
2.355718595231684,-4.0987400119095705,14.821084592737945
2.3744709338779924,-4.097199639361668,14.817706941816018
2.39266055356081,-4.095745463884215,14.817155179240807
2.4104546446498394,-4.094367099461169,14.815666944359172
2.42881346,-4.0927098200000005,14.815046944359173
2.4458083223973746,-4.091205092498211,14.81333753044952
2.46406772,-4.0899115,14.809926944359171
2.482312611545096,-4.0893848296831825,14.793884590180527
2.5006006140697767,-4.086862072601129,14.80508027822232
2.5189728254299517,-4.086150166970786,14.794700281931096
2.5368516145434317,-4.084102586012874,14.798020278222321
2.554503787912743,-4.082716393479557,14.7955669324388
2.5717551,-4.0811468,14.794266944359173
2.5904321470548637,-4.079916275079939,14.793666944359172
2.6086569256906254,-4.078028700324253,14.795100277162682
2.626207691453852,-4.076803196730952,14.790600281224702
2.6432979178926552,-4.075080722784454,14.790049298537818
2.6632640186616863,-4.07288845374235,14.793546945948618
2.6803667988065016,-4.071499287857454,14.789702238806811
2.6980106874985097,-4.069869801115445,14.792116940101753
2.71579473239782,-4.064201899753066,14.832724085026747
2.7331887968320197,-4.063517051614538,14.821641940261362
2.752605971777929,-4.0615276549182555,14.827552666430018
2.770057613397753,-4.060178540030574,14.823531652716465
2.7884553323603543,-4.058540571435627,14.825695513841461
2.807211608352539,-4.056602672389732,14.828126947538063
2.8256886,-4.055805,14.824166944359172
2.8438737646708203,-4.054117399705948,14.824906941816018
2.8608298,-4.0520299,14.827816944359173
2.8799419217899236,-4.049855525659748,14.828798195011096
2.897844789393914,-4.048286699669624,14.830024087459597
2.9162464,-4.0468605,14.828866944359172
2.933993615011206,-4.045124138915646,14.828726946266569
2.952495325076635,-4.043898700555177,14.82599551384146
2.969605171978423,-4.042599187605239,14.825891945476757
2.98791913493658,-4.040934813221222,14.828013611237768
3.0061688,-4.0390765,14.825566944359172
3.024266778651226,-4.037939721951635,14.8262598019886
3.042553821260218,-4.03627008592643,14.826224090135739
3.0598693634910172,-4.034802558937211,14.827608120747263
3.07772998,-4.03261968,14.827226944359172
3.0966253652499405,-4.030940714152428,14.828153610496024
3.1138686085660763,-4.029782926038829,14.829524090135738
3.1336162,-4.0280708800000005,14.826686944359171
3.150211416035791,-4.026811077636284,14.82754929433042
3.16885548,-4.02534088,14.827626944359173
3.187265254855835,-4.023478553143974,14.831013611237768
3.20582335,-4.0218732,14.827316944359172
3.2242303,-4.0207649,14.828666944359172
3.242489644254869,-4.01876790065416,14.828191942496531
3.2602655197488675,-4.016733280216695,14.833289159517191
3.270766238981165,-4.017218563148693,14.821000302064013
3.269862134734864,-4.016410592931574,14.831384628047095
3.269390799022491,-4.016668368687912,14.824433600959347
3.2704998,-4.01682918,14.830226944359172
3.26750254700784,-4.017879193944154,14.818308123552194
3.269311698211853,-4.0171493166212535,14.824752642588056
3.2691131,-4.0161824,14.829666944359172
3.2690980401303347,-4.016612266947469,14.825720276632875
3.2690084332549194,-4.016569119954223,14.824806944994961
3.2691695823625935,-4.016702823655386,14.825984590180527
3.269133,-4.0165501,14.827466944359173
3.2690640857580764,-4.016523600459801,14.826959800407264
3.26909682002416,-4.016640299976158,14.825866945948643
3.2691367699520777,-4.0167552398970034,14.826236946504942
3.2690513692238565,-4.016611438537578,14.825728483808243
3.26916873331479,-4.016800386626401,14.82518027822232
3.2690796399465936,-4.016674339755857,14.825340279387943
3.2726157354414327,-4.013561144879479,14.842402897438351
3.291485706605738,-3.99563879609791,14.94173363592716
3.3096293923228886,-3.9806314051941416,15.00328120866435
3.3342724220092985,-3.9785841787059666,14.956098258062458
3.3426593822624864,-3.9480436364048157,15.145516604628572
3.3559642250003505,-3.9286945144776517,15.212749308355079
3.3705505871076054,-3.9095389975164907,15.27859201191063
3.3829598592883254,-3.8891173117460065,15.344333583872801
3.393605632493406,-3.8694736288277283,15.404704499679623
3.4032715,-3.8456211,15.474266944359172
3.4113713814048787,-3.8239586994114054,15.539485746606262
3.3876569009426696,-3.717096241686535,16.527082332361484
3.4216644806743868,-3.7740758515667574,15.673495568337374
3.4235789773487793,-3.761941662280689,15.639314027932093
3.4247762540992466,-3.7258600194996343,15.8026402892833
3.424323820268432,-3.7015832374121707,15.874343467070643
3.4219849664844073,-3.68770420288648,15.868873620497336
3.4199868925136236,-3.6627438119414166,15.934981192219958
3.416371772100612,-3.6305450232621554,16.051266847661633
3.408732365746182,-3.6082914253762115,16.128502233181464
3.4127373703235695,-3.5893123225306542,16.13159551442704
3.4161220052017445,-3.570107743908391,16.12857870822459
3.41928382,-3.55232386,16.12462694153876
3.4204919598181642,-3.534174024341164,16.13088693867771
3.4232749,-3.51888265,16.136466941538757
3.429005269408399,-3.5098549008753106,16.042266948350516
3.4328088750753825,-3.491917103872207,16.034478708224594
3.434959906144896,-3.472810983068951,16.03498694026718
3.438635414314551,-3.4558335383151872,16.027340283349137
3.4405194,-3.4387685,16.038566941538758
3.443862,-3.4186036,16.03636694153876
3.4466812947829015,-3.402031442050937,16.03409635363345
3.449727412938297,-3.3833917032202687,16.029653609053142
3.4517663068649513,-3.3653633149801068,16.03656694153876
3.454737,-3.3490076,16.03496694153876
3.4561016846934605,-3.3303506404155314,16.040538365244483
3.459208840471119,-3.3113858364815463,16.03452694090297
3.461627458597815,-3.2943981364683115,16.03926694153876
3.464121313780654,-3.276395078746594,16.035266938132764
3.467157743670031,-3.2581967284351903,16.03589361244395
3.4700119807673966,-3.2401357552150554,16.03618693867771
3.472534458114584,-3.221664119927044,16.040926944399786
3.4758455768961065,-3.2057908328873554,16.031702235491412
3.4782330699710493,-3.1880971823143733,16.033095514427043
3.480584700737515,-3.1702339071112946,16.03312027148122
3.482722977922243,-3.1501530244842164,16.03896694153876
3.4860107345863467,-3.132811392407216,16.0362002785808
3.4887864995172033,-3.116761215178292,16.036416942283815
3.49148616229774,-3.0983254424039166,16.03678694026718
3.4939496599999997,-3.07895874,16.041086941538758
3.4972393827942465,-3.0618660142652785,16.033206947896545
3.4995990994567436,-3.0426287746764302,16.036495512724045
3.50216274729768,-3.026321111795735,16.039454443960192
3.504759153617637,-3.0074069046825826,16.04143361032472
3.507716469752841,-2.989420892807756,16.037760289706924
3.5104192,-2.9717655,16.03906694153876
3.5130909608276566,-2.9535147428440056,16.040088368650473
3.515539345599455,-2.9360938679836512,16.038445531457015
3.512986481267268,-2.907396745547873,16.142890474910423
3.516892814375179,-2.889687993740662,16.138153609053145
3.5192702923795616,-2.8720591013351413,16.13379193967612
3.5236875147990463,-2.854691253746594,16.122574085612328
3.526504270686308,-2.835968246210831,16.1256812279829
3.5290663565003366,-2.8191370167788623,16.125119890882413
3.5319747068712846,-2.8007942850796326,16.12522694249244
3.534779367034228,-2.781766138447898,16.12439819070057
3.5371918730350473,-2.7646060939442103,16.126500272223016
3.539937145380275,-2.7452185410394976,16.127873606086165
3.542393858449153,-2.7288585788620394,16.12798458876258
3.54533715,-2.7094345,16.129866941538758
3.5476697814436213,-2.691376042256627,16.13117944209755
3.5503948349026464,-2.6723505920162123,16.13003360608616
3.5530006812905044,-2.654462757316254,16.131248760902825
3.5554118928291936,-2.638162372534115,16.130808116524385
3.558377689914965,-2.6196774286100295,16.13166027381246
3.5613702228959707,-2.5995174845029005,16.132280276991356
3.563834334836755,-2.5831033435852127,16.132225765728144
3.566430980484471,-2.565118243449789,16.132413608417355
3.569003376160958,-2.5466881689395744,16.131655828661597
3.571844072336367,-2.529730221982245,16.13123164989605
3.5744405666666665,-2.5102490333333334,16.134700274872092
3.5773312716856234,-2.493163047023267,16.132784591567507
3.579839901207979,-2.474865925536041,16.131466941538758
3.5823426569655337,-2.456876071082865,16.133723191818156
3.5811373366323997,-2.436208203295794,16.16742575252848
3.5707306239237053,-2.413874670030654,16.24278840271042
3.5606490863287656,-2.3919608405593036,16.306484594372442
3.54794679856473,-2.369766248912024,16.37552024997077
3.5339320514956927,-2.3491041143672313,16.450326870966233
3.5200469500000002,-2.332458725,16.52514194153876
3.503230139566081,-2.3136170389859334,16.59862030242249
3.48365023620605,-2.2970935867803597,16.679955121559235
3.4653484240789307,-2.281575385491494,16.748743454448455
3.44501422,-2.26731986,16.821406941538758
3.4229105972190057,-2.254891223748297,16.896488356729495
3.401216064857347,-2.243944445776047,16.967547017832167
3.3781774085879137,-2.234282580721302,17.036593601741576
3.3576792897087078,-2.2267069915333155,17.09936697519793
3.3329451522547684,-2.2204513703491147,17.172838383977453
3.3088777011324932,-2.2159125048705723,17.244795449713145
3.2852445,-2.2129231,17.31155225153876
3.2647563026226276,-2.2073914492418223,17.34255226425453
3.2504002385551862,-2.197014945822468,17.3352522560091
3.2349378872464514,-2.188877575563951,17.339813800157767
3.2184107593937332,-2.179220207697548,17.337380827833037
3.203276980545953,-2.1706516949219217,17.336802257498945
3.186823616453416,-2.160951118619036,17.336763359117768
3.1717643037774366,-2.152657795799371,17.338258499582984
3.1560486029042303,-2.143137729474437,17.332539750979965
3.140467226560066,-2.1341542959071114,17.333152248359816
3.1263532659593567,-2.1257176900915806,17.327575784910426
3.108684844985218,-2.1161474192707503,17.330318913966835
3.0919562937487086,-2.1065793293729635,17.331485585401907
3.0775014584393365,-2.098228919603663,17.33152871816709
3.062442266435667,-2.0890288419947547,17.328738914496718
3.046907223190387,-2.079520620485107,17.323425586567527
3.0300321,-2.0703474,17.32855225153876
3.0143309361032524,-2.0615808374241027,17.330832249631392
3.0004810768859653,-2.053077709636341,17.3271993098673
2.9836321419423033,-2.0433476402368274,17.32733890972838
2.967036104603109,-2.034548422405188,17.33241225090297
2.952312274097032,-2.0258298069018954,17.330302245578572
2.9359116641002,-2.015991425085037,17.327758917781566
2.920836649542095,-2.00719386295808,17.328134605717402
2.9046947019900182,-1.9981626126680867,17.331792248995605
2.8889259512017333,-1.9891520604232626,17.33062578289953
2.873748276451982,-1.9799090179387735,17.326932251220867
2.85819425922435,-1.9709866958912818,17.329185585401905
2.843201856116853,-1.9621862479068202,17.329064018224592
2.8272768067403486,-1.952705217985048,17.328395106735368
2.8120708,-1.9430575,17.32095225153876
2.7954616798044953,-1.9338362010808376,17.324474473613808
2.779827493305253,-1.9249625629055074,17.32555225153876
2.7636649891458545,-1.9154032781963402,17.323989749303557
2.7524157938137246,-1.9046671494705694,17.298693409694796
2.7544103,-1.8884338,17.20266694153876
2.7513686058118174,-1.8737001849725818,17.143408192257525
2.7513087205010014,-1.8590416523826174,17.082146974599763
2.7528241546213144,-1.843741780481602,17.00893357906558
2.749078937400349,-1.8294101706745742,16.97799196500804
2.7360100146785347,-1.815520648772153,16.979446954254325
2.7245738006942206,-1.8013772517579907,16.979119880405285
2.713541622376222,-1.7869293875832473,16.97474027381246
2.7024973901498637,-1.7734768242438692,16.976252663609603
2.69127759697507,-1.7593757456362038,16.97776693855853
2.6797206030708587,-1.745435903682805,16.97490694376402
2.6675971,-1.7308593,16.974266941538758
2.6566595915314313,-1.716999379256139,16.97411360449672
2.644514795087022,-1.7025339272764841,16.973433606086164
2.6329320186866707,-1.6879051200320156,16.975766941538758
2.6220243548694717,-1.6740830656693289,16.974916923658203
2.6101143759638967,-1.659810233790872,16.97782408390933
2.5979832340610054,-1.645763284568389,16.976710691259363
2.5858698048096636,-1.6315590063323533,16.97686694153876
2.5754763029786694,-1.6181788237323966,16.973486941856653
2.5695969044042744,-1.6031657308461755,16.93922596900045
2.5740850873146672,-1.5888191987572458,16.862960714356113
2.576741938403195,-1.5751930231027136,16.803016930362908
2.5816329017302158,-1.5614490398034775,16.740016910033845
2.5897475878457086,-1.5478447973058582,16.653281207546932
2.595785239553181,-1.534569264025861,16.59554347020475
2.6047572,-1.5216773,16.51786694153876
2.607072556148952,-1.5055992629349269,16.48348567226042
2.603393413370633,-1.4873123828909305,16.49030694535349
2.5994182,-1.46956638,16.494546941538758
2.596869741651824,-1.452780090645555,16.48917870541966
2.5924947,-1.4340452,16.491266941538758
2.5899329921433885,-1.4160763833078551,16.488908116524385
2.5858254556624014,-1.3985404086227449,16.49376694153876
2.5830067656513878,-1.3798769175657148,16.489341943028894
2.579286465294445,-1.361918305302392,16.49224026745468
2.5761832,-1.3451145,16.49026694153876
2.572027,-1.3265438,16.492666941538758
2.570096264228714,-1.3086277126572514,16.48447281927181
2.56466534,-1.29104864,16.49774694153876
2.562828401867599,-1.2725859749566877,16.48730027063357
2.5587166043821026,-1.2543625389557338,16.487306943128207
2.5555022,-1.2358712,16.48416694153876
2.5518160421595164,-1.218924352816852,16.490708119329316
2.5555502379845825,-1.2077684656171024,16.38253361880173
2.5539316856438945,-1.1912275611056362,16.379340270209642
2.5497885267415694,-1.1719645695286771,16.378079440607436
2.5458318070016213,-1.1539155347903487,16.393293608099462
2.543349030286469,-1.1354341803359866,16.388820787410452
2.5409522547547683,-1.118880724483992,16.383359800871183
2.537047030842256,-1.1001053115566346,16.389230572385348
2.5355150534775204,-1.0848008916995913,16.37606694153876
2.5295951399999996,-1.06186836,16.396046941538756
2.52040005,-1.03840955,16.47406694153876
2.5160297740794824,-1.0228152635235215,16.49447942719642
2.5120210776806435,-1.00727090760721,16.49519361922576
2.5081866591559963,-0.9879947598586315,16.488802240193795
2.51163744705873,-0.9714111823746324,16.449026884318698
2.4525847989305176,-1.1229689797717983,14.202524073105765
2.4520630523860913,-1.1088724330589401,14.144708986747899
2.451360472241669,-1.0920115948707667,14.069698777466732
2.4524564965314095,-1.0761458076170551,14.00127664410691
2.4545670117686873,-1.0608698537374157,13.931515305802916
2.4575590053476013,-1.0435192084765017,13.848137544474175
2.4621724462505648,-1.0273062925613612,13.77398264229623
2.4682904,-1.0114331,13.697366944359173
2.4746237399999997,-0.9977006,13.632506944359173
2.483377612419959,-0.9833661600579019,13.559081242724295
2.4934467599500905,-0.9691531740868488,13.53046691574869
2.502405937374304,-0.953893638292919,13.530890469316047
2.5129783822674745,-0.9396660280152587,13.53470812577957
2.52393,-0.922595,13.528366944359172
2.533550036927983,-0.9088261483780119,13.531241947711926
2.5435657059329495,-0.8943577528848623,13.533297715000701
2.553988148398633,-0.879559893721688,13.531173612085471
2.5637007117905277,-0.8649394209850918,13.530378711045007
2.5736106423333065,-0.8496432668012397,13.528866944359173
2.58400420922231,-0.8341206873623508,13.530391945476758
2.5937517,-0.8188260399999999,13.522106944359173
2.6055090477455365,-0.8048343970772618,13.528278736289385
2.6173810635100017,-0.7900641156927258,13.544141936610561
2.6272009721002707,-0.7769170700362732,13.508366932438394
2.636875832564122,-0.764423854970386,13.43098804057962
2.6467741374598543,-0.751773250701934,13.35462569364041
2.65691842123009,-0.7403634456834559,13.28082826197221
2.6692423093097264,-0.730603768495579,13.222480010732825
2.6816458550010385,-0.720740414009829,13.14307335399439
2.6967038750545376,-0.7122985489193797,13.069786848515955
2.7066864980274463,-0.7008681535948446,12.952028984090742
2.722944332880871,-0.6912826905539219,12.85916691257025
2.7375759403825928,-0.686127008302596,12.787237402825156
2.7639331885741134,-0.686197479472112,12.758649221402214
2.7789675491367825,-0.6832110996760306,12.688596348451567
2.7939506283290667,-0.6816764901495759,12.625998543515927
2.811265870263303,-0.6802338594100642,12.538651313817814
2.8262972681105967,-0.6812617392699881,12.469541919213325
2.8422086897115126,-0.6817573464608782,12.39834934481918
2.8620438119588236,-0.6843488902781089,12.304890444071667
2.87562945,-0.69161155,12.252366944359173
2.8892186947028877,-0.6991791878364164,12.197561010527496
2.9065233747945642,-0.7038499018739569,12.114333570759872
2.92235945,-0.7091771,12.024666944359172
2.9352929059094004,-0.717799533116485,11.958009774740644
2.9477114084666964,-0.7271572805155714,11.890916895186173
2.9607678920634477,-0.7372522866373084,11.819237544474175
2.97246,-0.7485449,11.746666944359173
2.9835054,-0.7623098,11.675266944359173
2.992474376165641,-0.7742827554292271,11.607698236734263
3.0024752045808563,-0.7872595174015322,11.531040292103713
3.0105832605219978,-0.8025514281558981,11.455849344819182
3.0185045167847413,-0.8167360063964577,11.377074059481789
3.0243210614686618,-0.8313300546807287,11.305296403147722
3.0294889599999997,-0.84835222,11.234546944359174
3.0340050848058584,-0.8646857225408718,11.15930983264255
3.0367430740180006,-0.8796874006809918,11.090485718573872
3.0374994,-0.8968034,11.044766944359173
3.0392613768158423,-0.9163869182727234,11.055578715252404
3.040355133108688,-0.9341381651142829,11.051093612509346
3.0406949996338617,-0.952206237036154,11.05451694350769
3.0421425065509164,-0.9695670690994769,11.053178711045007
3.0437227187634113,-0.9884616648176111,11.052586947538066
3.044345647767976,-1.0066767793585123,11.056366944359173
3.045595798889646,-1.0247236852997275,11.054781229100318
3.0473906669326385,-1.0438392166004387,11.0161535927999
3.0463637183568713,-1.0564539382901141,10.955652259718555
3.0460491918011865,-1.0739645087093108,10.878163785180316
3.038807543807367,-1.0913935571701037,10.886731604558243
3.034219925,-1.109693675,10.909756634359173
3.03330948,-1.12734482,10.892081634359172
3.029207761540173,-1.146442125741079,10.90519496822232
3.027477267719633,-1.1633523616760042,10.8976315807175
3.0238362128693312,-1.1820067076395155,10.901410206760868
3.0217957364444694,-1.199242074541043,10.898381634359172
3.01863034,-1.2177946800000001,10.900481634359172
3.015869929438011,-1.2360231110013624,10.898845917397319
3.0137896,-1.2521416,10.892681634359173
3.010248071948229,-1.2718848354087193,10.901895925912306
3.0074215238278894,-1.289499769371555,10.896069869075804
3.004417520411991,-1.3073827840035603,10.863101652161252
3.001883819143288,-1.3214517871111817,10.782861600980803
2.9970988447975544,-1.335294210432941,10.722922793917677
2.9922381062624175,-1.3524023544226336,10.629814909412815
2.985079098087037,-1.3656372677909765,10.574734556396113
2.9787497678064034,-1.3808195301726436,10.520805176145632
2.966754238485258,-1.3967326940125566,10.553414961864537
2.9599434475840147,-1.4138062373841962,10.526924488582605
2.949852,-1.4292179,10.538881634359171
2.942008590567725,-1.4444521187244823,10.533531614987991
2.9326264041232486,-1.460381517457891,10.540734567615837
2.924181112906507,-1.4765604127888863,10.532041630544441
2.9152202741455358,-1.4919593250370395,10.575495872876909
2.9083741108560894,-1.5069511009886511,10.647294903265935
2.9024784,-1.52220534,10.716601634359172
2.8969871178337514,-1.5353943459826376,10.791593395435145
2.8930435969228325,-1.553557649563697,10.832514934843953
2.8891134797077265,-1.5712949568854044,10.820781651188758
2.8850659,-1.5876712,10.821781634359173
2.881064065001987,-1.6070449412000318,10.823814965043429
2.8768846174088045,-1.6240676835645063,10.827405163523443
2.872997997576095,-1.6418814812175158,10.822568305264362
2.8687608,-1.6597866,10.819181634359172
2.864679079508576,-1.6777939938263469,10.822105176145632
2.860711140355088,-1.6957496250945736,10.822214967162681
2.856682994802511,-1.7137014791226257,10.820094969811768
2.853179173568374,-1.7301178807969124,10.818381635849287
2.8485945567803683,-1.74789879463565,10.8261102050579
2.8445632861141887,-1.7664166319243229,10.82286399134275
2.84096192,-1.7845284000000001,10.850521634359174
2.83813444,-1.8003715,10.934601634359172
2.8382376878168354,-1.8153962998435382,10.98625034198408
2.837045223883533,-1.8311923941572665,11.072285742135923
2.8358490173162423,-1.8485547891393068,11.155996326012119
2.8394328539313025,-1.8637496061749628,11.20937411896451
2.842209433333333,-1.8793139,11.28233361102584
2.8451380472526084,-1.894616359911085,11.352925772755896
2.8495599,-1.9100528,11.420866944359172
2.8652224643735895,-1.9436716928251263,11.44216694118023
2.872739961276017,-1.9597608936056077,11.443536946504942
2.8791240406189402,-1.9772677281860953,11.451233611555663
2.8852519375426,-1.9930375051189992,11.458184590180526
2.8944335,-2.010885,11.443566944359173
2.9012651732047865,-2.0258283946817865,11.443291942496531
2.908380461356773,-2.0437670296468196,11.446120277480576
2.915493150083446,-2.0598558462369865,11.445886939590835
2.9297651592603504,-2.068346418860092,11.329625768548558
2.9370601,-2.0858432,11.332766944359172
2.944953293077527,-2.1027756978121843,11.329161062501212
2.9512980699757914,-2.119763363428456,11.334082329679937
2.9590422061783688,-2.136418012390797,11.33071694180472
2.96596301913524,-2.1514794738734695,11.331514002687715
2.9732052,-2.169363,11.334066944359172
2.98023587761665,-2.1856506612092055,11.333178708240075
2.98801537721688,-2.2023060120623064,11.329573608906578
2.9950576549893504,-2.2190295629367074,11.33236694118023
3.0025430796468733,-2.235975471602845,11.331916947670562
3.009055682487205,-2.2520447524938807,11.331060278116365
3.0169399264967813,-2.269206298267955,11.32820223600188
3.0236886237721334,-2.2866327088374607,11.336366944359172
3.0296732138474742,-2.3043760749451634,11.34571361282724
3.037726263678474,-2.320475184427793,11.336838361252907
3.044801570976253,-2.3370920072734207,11.338993609330403
3.0515231,-2.3547705,11.345366944359172
3.0590950884366483,-2.369833621825613,11.33659552065345
3.065398697081777,-2.387415525658428,11.34570027822232
3.0734694520112398,-2.403703575827657,11.340566949468165
3.079677118228883,-2.420394574782016,11.346009791770618
3.0880952594382807,-2.438211911728709,11.339480276844787
3.0941644381709046,-2.453774739846851,11.344208119344797
3.1018351459979563,-2.470192020602861,11.34119551384146
3.1088438546073807,-2.4880345783365407,11.344852651346452
3.1158745,-2.5030203,11.341066944359172
3.12336704,-2.5214179,11.343246944359173
3.129867869795523,-2.537035839704645,11.344584589933053
3.137548368773842,-2.553958264243869,11.340581225694322
3.1444127878303814,-2.5707656827758854,11.345502642588055
3.150433625694571,-2.5862186229050668,11.341066944359172
3.159289696881507,-2.605279187044425,11.34760028299066
3.166352681578027,-2.6211163048637824,11.337626943723384
3.170406687687443,-2.640968754019902,11.39084589053879
3.173359579236455,-2.6624179101508014,11.461166944359173
3.192678982944773,-2.6726707356584525,11.3518669375473
3.191002714300941,-2.691775971196163,11.395307613054738
3.1978235945194733,-2.709102565875531,11.398254039049384
3.2059493384482116,-2.7247996754627315,11.39058694213393
3.2118780813387935,-2.7417339514256063,11.371813936771833
3.2177791886237013,-2.7561800224024995,11.275666891656266
3.2233648,-2.7717085,11.205066944359173
3.2255646647772718,-2.7875202174275517,11.13688306753643
3.2286863989612886,-2.803011776182756,11.07224696486319
3.22892765,-2.81963155,11.007750277692507
3.2291827652386687,-2.8364441246574312,10.940229036858796
3.2280871391459467,-2.8527457139041212,10.881128046995412
3.2246567077626467,-2.87047564497707,10.794969957431134
3.2219960962017016,-2.885524609535234,10.725406598968986
3.2167225380187454,-2.899856653572546,10.659250397118265
3.2100621412352917,-2.915183852940269,10.62459341226473
3.204347,-2.9327105,10.620581634359173
3.197922124552964,-2.948725901509053,10.61954635674112
3.1909609600068363,-2.966819459140486,10.61504910628752
3.1843826728286535,-2.982170887306092,10.617336471580279
3.1780515090575303,-2.9992126503874306,10.616056626610561
3.17033065749752,-3.0166035077524747,10.62391066691495
3.164255778005133,-3.0327797540622417,10.592628790860301
3.15747385960759,-3.0475496509403532,10.509699291400251
3.1495594000000002,-3.06360935,10.442731634359173
3.1402692270783352,-3.077754186773756,10.371719216501656
3.1312422563121376,-3.0887002419481995,10.297231679261381
3.121809948392797,-3.0994280218501067,10.219999293957512
3.1083593252633777,-3.1121217763682965,10.162112856698947
3.0971124515199198,-3.1226625660777723,10.0881567386674
3.0838214324702573,-3.1322550618219966,10.0150716207693
3.070245270820605,-3.141400698734894,9.934231578479931
3.0565137436722734,-3.1491658505848963,9.858704224977755
3.041906705495537,-3.155406848023365,9.797281653730643
3.0262272301544115,-3.160617221217901,9.734475661258461
3.0102480803909883,-3.164968211729646,9.656631163504482
2.9950626799856956,-3.167436881988318,9.577181908527727
2.9775081542409962,-3.1703733832211376,9.518958084488197
2.9630464478412906,-3.1713285838747494,9.441914999482059
2.9461035078644415,-3.1704037827196867,9.360895894672774
2.9311691,-3.1701248,9.299181637179586
2.9153166,-3.1671101,9.226681637179587
2.8988925798185208,-3.16326826266777,9.145640411705202
2.884139714154017,-3.1593819480410077,9.082268333515914
2.8687166010278418,-3.153864206249172,9.005848258811948
2.8549520953929006,-3.147057259395818,8.941052287783348
2.8396645710684427,-3.1392332906602665,8.869974990010434
2.8282161039040963,-3.1325492512643613,8.802806660648868
2.8169676373583243,-3.1243709468730514,8.739181604167811
2.804137876646416,-3.1134764322510287,8.692837187927516
2.789964769249541,-3.101650174353113,8.601052164366381
2.781014,-3.0853764,8.519081637179585
2.7696380296662126,-3.075156748542234,8.44626017260193
2.7626220415802982,-3.0637142362284897,8.399363994163163
2.755841961819916,-3.0466105665199077,8.354268276295855
2.7447699395269733,-3.0299557983262866,8.352781637179586
2.7375514499999998,-3.01391585,8.355381637179587
2.7287218,-2.9968644,8.343281637179587
2.7203588084190007,-2.9818825105395286,8.349587520522503
2.7122710073760596,-2.9653453657154776,8.352356631591663
2.703295520127384,-2.9487012607608993,8.353227351757242
2.6956339,-2.9348211,8.356281637179586
2.6867537625733133,-2.916433592237145,8.358381638769034
2.678369952442394,-2.901457716574338,8.357175755239135
2.6688421491679253,-2.8855020454168323,8.357054971042736
2.66069843492013,-2.868622867917031,8.354608308084774
2.6534351265416602,-2.8546965832152926,8.361269873298685
2.643558209795756,-2.836258167371851,8.359941634000695
2.63460429634798,-2.8211532812237916,8.355728695508128
2.626512037434634,-2.80532564034332,8.360248306495329
2.618590541367581,-2.7880116348698225,8.362074977294663
2.6094892279485613,-2.772232012500559,8.358794136248266
2.6011666378818705,-2.755823335510379,8.360321636225903
2.5924969,-2.7395555,8.357521637179586
2.5849805087724267,-2.723600663852298,8.358794152826006
2.5757637175865535,-2.7068185351731064,8.358553068183827
2.5669223,-2.6896479,8.355281637179587
2.5586205981482952,-2.6760374716919655,8.355381637179587
2.550257936048637,-2.659104466449972,8.353668300137546
2.541867329313505,-2.644321127230327,8.349137887458983
2.5341451559213217,-2.628098553680177,8.353238781253156
2.5255433086672494,-2.610967619504093,8.350928300137547
2.5179039,-2.5945114,8.350681637179587
2.5091543782162953,-2.5788004754363096,8.350641638133268
2.501918107047962,-2.5622160048876115,8.349459419078205
2.493139,-2.5460516,8.349181637179587
2.4834635046547833,-2.530141180333226,8.345905164941392
2.474478967395174,-2.5145906748418474,8.345548304376077
2.4672104954718073,-2.4977795883704297,8.34863164824888
2.4587410719918346,-2.481901394915734,8.347981637179586
2.4498162189144086,-2.4664939543113724,8.345088304905884
2.4406455,-2.4491131,8.346781637179586
2.432648843281825,-2.43453688708668,8.34990664723785
2.4231936390292916,-2.4178522934434605,8.343124494809015
2.4154896373472146,-2.401088440206628,8.342514975811072
2.4076362423011655,-2.3863967711835405,8.344946345536878
2.39850659966623,-2.3691691820002387,8.344481589498098
2.3901199350271205,-2.3536760877913214,8.342150384571848
2.38168964,-2.337667,8.342521637179587
2.37364710912342,-2.3211509147421125,8.343159384934493
2.365336133461425,-2.306098543835463,8.337469870493752
2.3569790216482556,-2.2894839996344274,8.341274969453288
2.347923540067038,-2.272844097789714,8.335481637179587
2.33894059684336,-2.2565049934641976,8.34118164353737
2.329465898925517,-2.239607543545157,8.337501635908009
2.3235938919793,-2.2248788673267605,8.340652224672398
2.3134564802378583,-2.2072737817623382,8.334322816372607
2.3049835665133305,-2.1910230203876413,8.333152219062537
2.2979102807710943,-2.175611746821716,8.337746148842907
2.2891627919480246,-2.1612450079393883,8.335070522830671
2.2792293668554144,-2.142118131525578,8.331722262878076
2.271975055160575,-2.1286523284672056,8.345506635391446
2.262883010648348,-2.1129065330507086,8.341862893046907
2.2547292367488043,-2.096137940780893,8.34232281216521
2.2461162891407094,-2.079924690606286,8.339369862078959
2.237624157874892,-2.063927785243629,8.341940897550813
2.229473315887616,-2.0475905905259064,8.342823739800961
2.221126381093402,-2.030431816695084,8.338072548372256
2.2120673447835295,-2.0156153772898757,8.342128692703197
2.2043553635723603,-2.0006075629454583,8.310663977333578
2.197947360808101,-1.984333797328303,8.222475773471187
2.1935101049233334,-1.9714616626652162,8.167437860636948
2.1881879222522453,-1.9545864659143288,8.084074905875445
2.1857314238584094,-1.940920678783799,8.02645223630446
2.18430242277925,-1.9257607368057148,7.9593431698569574
2.178582856585277,-1.9060155384878616,7.85402875441168
2.179795464807007,-1.8907783796328363,7.794281599534654
2.179549,-1.8749273,7.713581637179586
2.1835870944279088,-1.8593552994131808,7.653378376218064
2.1890585621184004,-1.8445574364832225,7.605477309364433
2.190463204796025,-1.8296139041359751,7.514434234085134
2.195690840395215,-1.8131989143135632,7.4276464002330345
2.201091874100286,-1.798497759599458,7.356439429680715
2.2091678174379514,-1.7837267750303982,7.278595005322066
2.2174436343016586,-1.7702715419004902,7.21306285132374
2.226456095429365,-1.7584246100486656,7.14248751210771
2.237505004347643,-1.7459009658836233,7.081346488588363
2.2484158197874318,-1.7343459906891532,7.011871117930477
2.260303655449763,-1.72275945429613,6.933278407775783
2.2741614966399197,-1.711653280915698,6.855143657667279
2.287037954512244,-1.7067188181881807,6.803400984377026
2.3015929,-1.6975351,6.725381637179586
2.315076656840669,-1.6920671797157503,6.6618982643303335
2.331748661796839,-1.6857488195153079,6.577869822809925
2.3462329595702514,-1.6814772477015005,6.512156590613552
2.3622430399999996,-1.67796444,6.442901637179586
2.3778927764189444,-1.676126903497749,6.373416879736
2.3921065555068415,-1.673843240636052,6.307748425263881
2.407797593192432,-1.676330983279806,6.242781670838759
2.424883549999255,-1.6797342368579475,6.189953527686076
2.437068938440122,-1.6831699935249917,6.133417100905234
2.4534253358876907,-1.6840153998443264,6.048263949284266
2.472239947133966,-1.6840621209945792,5.937276325479541
2.4869750400000004,-1.69540952,5.890361637179586
2.500420192685137,-1.6985163814124267,5.8133213777737405
2.509729218226442,-1.700824717762226,5.747005131282219
2.5242964820504086,-1.708540324986376,5.680224757070595
2.5383295,-1.7260927,5.627481637179586
2.556420136163652,-1.7298667345694123,5.497715133698644
2.5664398340003407,-1.7420743633446865,5.443988781253156
2.57512442,-1.74011058,5.375141637179586
2.587095103859393,-1.762652480014603,5.305937973885542
2.59585711009179,-1.7508037720185283,5.221995741162829
2.6051720538729084,-1.793626173266202,5.153628664653886
2.61263858,-1.80270176,5.081121637179586
2.6206059550052454,-1.8110526991655276,5.014781549758662
2.6236165,-1.8408801,4.936481637179586
2.6279475049496135,-1.8613419582096193,4.863781662611127
2.6375401505743095,-1.8795458780808663,4.806875720177497
2.6360610555456656,-1.9001073894935943,4.72792160920489
2.6254703706067675,-1.9342240763423648,4.601947271475494
2.637402205192491,-1.9201805615130754,4.526770020900411
2.6350067865156674,-1.9359330169959128,4.454053527452066
2.6317746869638934,-1.953451495144242,4.381696271548973
2.6165332894543996,-1.9724291803995382,4.485148816764489
2.6229668223627947,-1.9825046443741154,4.473773749809254
2.6207804035984705,-1.9999544916857812,4.527220450992633
2.6173302780275725,-2.0146694581350015,4.626855216707376
2.6169487120029506,-2.030255376771944,4.690746276887895
2.61707335,-2.04514387,4.762821637179586
2.619646360501572,-2.0601264829486357,4.824906626376266
2.6233792120275443,-2.075357601445942,4.885669845249373
2.625993923361191,-2.090788167659238,4.960718432591923
2.6315788,-2.1059227,5.026181637179587
2.637249954334233,-2.120139311176484,5.102539690754723
2.64089595,-2.1254208500000003,5.226231637179586
2.648952311317036,-2.1548418068426742,5.311254943597872
2.6491148314587045,-2.137950170907255,5.382469825614856
2.6623752,-2.1637552,5.452881637179586
2.670722877760062,-2.1741065421657306,5.47968784052042
2.6860123133354525,-2.1854655278947788,5.36784820477078
2.698505495050386,-2.2136197956925323,5.28981487938323
2.702552820600816,-2.201151404702467,5.239522643869346
2.7125043,-2.1965783,5.164681637179586
2.7215355020644294,-2.233096156899429,5.090587918822715
2.732021162234161,-2.246435691836475,5.053761428640946
2.731600205726774,-2.2849923569117063,4.931995327078656
2.737847453498629,-2.2944984276433424,4.829285773548641
2.7372902,-2.3176533,4.789281637179586
2.7373825600279744,-2.34329320442032,4.700404316460351
2.7361981701499234,-2.365008553530707,4.6032782059224155
2.73123514,-2.38497644,4.532536327179586
2.7292360604285215,-2.393143728043043,4.483435898658112
2.7566767975324833,-2.3814402338538563,4.468602239684056
2.7602123524303015,-2.393087399357854,4.4348637779854485
2.6863813746437786,-2.4633648003814654,4.2305720816954615
2.712991524455041,-2.4550647933174385,4.263702601021548
2.716241879345148,-2.456548592744179,4.230482022164884
2.6825049104142162,-2.4874491580570304,4.156496797663103
2.689938636704166,-2.4863745906539747,4.018337086235094
2.6802920697965025,-2.495332241988416,3.9532610271220854
2.66876506,-2.51022014,3.872316327179586
2.6567063,-2.5208495,3.792596327179586
2.644701633150554,-2.5296423448563594,3.730095945727685
2.6288350454175538,-2.537955865006199,3.6971829565466585
2.613964924380461,-2.548137740745831,3.6997786813582323
2.5985484065292916,-2.5575224667983654,3.6977249000678696
2.5832090000762933,-2.566724050355241,3.7358296101804607
2.5712823,-2.5752298,3.8073963271795863
2.558176437939373,-2.584556518804496,3.8801820662804034
2.5450054545608074,-2.596156871641732,3.9591880201719767
2.5356417374674036,-2.6072016510587255,4.02835252828525
2.5239609,-2.622041,4.1056963271795865
2.514599027505154,-2.6350143157244434,4.174437460091245
2.5059747199999998,-2.64983594,4.207116327179587
2.4972250784196186,-2.665714265701635,4.204146320367597
2.488225169476068,-2.680655984878107,4.202558823454249
2.4784307949338418,-2.6975186733698893,4.203196315259214
2.4696091841970182,-2.7129261026604774,4.206696327179586
2.461042670901548,-2.728510193646883,4.204129661572567
2.451701104242094,-2.7447406833909507,4.202682044384675
2.4428889506116915,-2.759208811394895,4.206371327552115
2.4338904,-2.775528,4.2032963271795865
2.4248917927871196,-2.791589113870384,4.199590446641601
2.4154759737754996,-2.8076614899089543,4.2016963286696996
2.4065150248784053,-2.823172811482341,4.20335632972274
2.398252374194634,-2.837630032517566,4.2041551521939615
2.3893345502845156,-2.8521780045903933,4.202076328451163
2.3800453580726875,-2.8695925703080065,4.203196327179587
2.3712215280026228,-2.885946388598975,4.201752575316918
2.362142648703277,-2.9020582223688045,4.197451888916321
2.352811907486291,-2.9180383063561948,4.199816320821802
2.3440602917622266,-2.932609232168924,4.203031811670791
2.334861399812243,-2.949961606896346,4.201408829414789
2.3261238846776178,-2.9653857906643144,4.200156325272236
2.317320494067571,-2.979371480962933,4.1961139842206645
2.3084733216486,-2.995830890539467,4.191189660936779
2.2988427,-3.01199815,4.197346327179586
2.2898090771720128,-3.027827523737165,4.198136329404846
2.2805436094007265,-3.043356357892375,4.19930809386542
2.272247338198954,-3.0577166708721935,4.194931601992708
2.2627499,-3.0747195599999997,4.1924563271795865
2.2535218312001204,-3.09014469769613,4.194791056888967
2.24476386706403,-3.1057098505550673,4.195558829973549
2.2351106,-3.1220761,4.195996327179586
2.226061754913056,-3.1378620440283562,4.194289660936779
2.217675625629995,-3.1529944552560925,4.1933658956419935
2.2083520352060924,-3.169727546854971,4.194131618822294
2.1996448,-3.1851753,4.192096327179586
2.189737276103459,-3.201322050885613,4.194525359735365
2.181798910041223,-3.2153981335107367,4.193241490380226
2.1724304256959734,-3.2321590353940226,4.193855149389031
2.163143991437948,-3.2469522190679214,4.19280220491264
2.1543589115193496,-3.2628740719783664,4.19028580040149
2.1447812939987543,-3.2790103038139407,4.191818906261749
2.1363838266489266,-3.2936557342236816,4.1875156897588015
2.1266563661103577,-3.3097521617726384,4.189733828855964
2.1178047730795853,-3.32532505363779,4.190567294847093
2.1097286222183693,-3.340079431366026,4.191255421192049
2.100357247329743,-3.3566360869109726,4.191019857416319
2.0906132893816194,-3.3727717562440396,4.190906850193188
2.0824821,-3.38741335,4.190146327179586
2.0720824323268303,-3.405924830185266,4.189496327179587
2.0637481024290705,-3.420447836846977,4.189243385508128
2.0547528381418463,-3.436115709010942,4.190217380735778
2.0452455591110357,-3.4523274965888966,4.191496327179586
2.03665985,-3.467477575,4.191296327179586
2.0274763425383453,-3.4836887804800125,4.1906629964953295
2.018342234110767,-3.4996787315849263,4.191213974403405
2.009249619661104,-3.5153599316382835,4.194032040735445
2.0001745017387305,-3.5318516254219103,4.193096327179586
1.9915326245838858,-3.5462625115200646,4.193558825503209
1.9820649611093135,-3.5625824074981693,4.195939182376193
1.9732762671444963,-3.5784886889776333,4.193571323081775
1.963968877929935,-3.594851045139996,4.193321326807058
1.9547900531777929,-3.6109781639339236,4.192696327179586
1.9461429730169415,-3.625750666217884,4.193572799747745
1.9372676405664875,-3.641228624128175,4.19045632972274
1.9277272223695778,-3.6575113124975784,4.190208826248266
1.918989828289411,-3.67275501578504,4.1903829931045
1.9098670290121593,-3.6888478071874755,4.19096299649533
1.9010753904492097,-3.703965389757794,4.189902210522503
1.8917645878542233,-3.7197713896883515,4.1905320407354445
1.8828745,-3.7355440200000003,4.1913563271795855
1.8732207181093443,-3.752076894941066,4.191621326807058
1.8641143149314938,-3.7680743481005816,4.190676328451163
1.8549200399999999,-3.7842873200000002,4.190076327179586
1.8460960913348698,-3.79774917713052,4.225340813126233
1.8395906926073688,-3.8118503811552276,4.2874230000981735
1.8333230501879278,-3.827357887142376,4.3716963734603
1.827647651247735,-3.8429956152462093,4.442429613888427
1.823945365965191,-3.858809739810856,4.509763021926466
1.8196317758060672,-3.873688799889205,4.585549292692959
1.818154047592784,-3.891656073294127,4.660129626074921
1.8173687064176822,-3.9064080690237435,4.729834612510217
1.817698808172248,-3.922886440927264,4.802366178499324
1.8200403361731887,-3.9395072419238963,4.861348318681319
1.824735622332325,-3.9562611808654577,4.916325328785779
1.8265496,-3.9728524,5.014781637179587
1.8333198336633802,-3.9870010792112534,5.06149339124323
1.8381037914360645,-4.002203699901455,5.140568260401394
1.8431929135986302,-4.01549877355268,5.221836140073142
1.8524410641485012,-4.030398882881471,5.289953122193211
1.8602910635396963,-4.042803305563061,5.358668336694805
1.8710743920464117,-4.056160219612175,5.4323616721474
1.8820282755970996,-4.067251063986087,5.493193398255558
1.8938374447829567,-4.078504216663545,5.562495940410117
1.9055805764774134,-4.089037197550625,5.638341620649084
1.9170165,-4.0980801,5.709881637179587
1.9325588356486634,-4.107160503671679,5.782428275447699
1.9455576382466375,-4.114353492400039,5.848316916200104
1.96159215,-4.1240162,5.928431637179586
1.9778463331590241,-4.128767602598744,5.988961675326292
1.9887258783776716,-4.131861935063797,6.075020334948443
2.0061303,-4.1354948,6.140281637179586
2.0222326400199675,-4.13641907522538,6.205919146306528
2.038865507565763,-4.137373906246523,6.274921667379061
2.0554995547000665,-4.13702778000763,6.343881643537472
2.070821222834944,-4.135364705678583,6.404964012395215
2.0875122,-4.1342668,6.4896816371795865
2.1040489110575615,-4.130221385912807,6.558395904890758
2.1182740385160335,-4.125784966390218,6.626795904647783
2.1340850779031695,-4.1208806828146365,6.703528358100208
2.148542033985536,-4.113775503504728,6.767701610159003
2.1634963,-4.1072638,6.838081637179586
2.1774653,-4.09777222,6.908021637179586
2.1884955312819936,-4.0894880267366025,6.989805221040013
2.20173562,-4.07903676,7.052241637179586
2.2137022,-4.0692153,7.121781637179586
2.2212542445878745,-4.053420126869891,7.177395881048796
2.2338505864894938,-4.041814494776997,7.261141684227938
2.24090604598404,-4.028485834157048,7.320916920407501
2.248772017004029,-4.015239265574708,7.385361614768218
2.2565895,-3.9992771,7.464381637179586
2.2621023216657394,-3.9851745597313837,7.537981661021277
2.267901352828277,-3.970037428169518,7.60720667741324
2.2693765822966774,-3.955001015692187,7.667316874126138
2.274492239876657,-3.9407750167180597,7.762074958221008
2.2746542821352786,-3.922530113728155,7.819061667220356
2.2750789,-3.9071541,7.871481637179587
2.2748014747278074,-3.8898267865373914,7.963581605390665
2.273903907605546,-3.876156945160107,8.03943552706698
2.2710300038385483,-3.861787704142883,8.111087545766884
2.265620670094572,-3.8432869073988716,8.17921494084326
2.259995616449518,-3.8276282606608416,8.246664009590283
2.2534528,-3.8134736,8.303181637179586
2.2458988091807863,-3.7978015555869917,8.388861562156539
2.238109135429457,-3.7854407917327295,8.457756704235676
2.2293366522827514,-3.7720941168434856,8.542531297448987
2.2188126920522278,-3.7591308840890285,8.599363928247282
2.2081112140226677,-3.7474725522704766,8.669327798643842
2.1949566354208057,-3.736111942120321,8.746435002831655
2.1805160965583497,-3.725752838738903,8.765887512107708
2.1661413,-3.7142145,8.763381637179586
2.151769044570355,-3.703055837458452,8.765246345536879
2.137239345756153,-3.6919581014983676,8.767512407821114
2.1230024721767466,-3.68142199793372,8.724188352589266
2.113138091920209,-3.671836860728241,8.656381578899126
2.101907997811333,-3.660962332159263,8.587801657842386
2.0913701630130017,-3.649704155354929,8.520361613019622
2.081288111092744,-3.6361996659874434,8.448228339873697
2.0719201591485015,-3.6221881027094684,8.3696959423567
2.0649777064048638,-3.609599659593672,8.29438169337754
2.0579528008723336,-3.5951357374738793,8.227999292818199
2.051948390544385,-3.580303018963681,8.155488271527517
2.04698711564046,-3.5644654724980627,8.080056686354052
2.043991325,-3.54947155,8.018606637179587
2.0428629179108873,-3.535180254128157,7.958858112222712
2.0394258336145805,-3.5150378070731287,7.867048329895853
2.037476435585225,-3.4999628055073995,7.796667344166865
2.0390115,-3.4828381,7.719881637179586
2.040845458601839,-3.4662944762925747,7.651624455640077
2.044293718200892,-3.4498699860668047,7.5773016619751425
2.049107556955151,-3.434332671829717,7.509059383609955
2.054780541144681,-3.419803806282369,7.439970506936
2.0615604407613444,-3.403531293999841,7.359354918591014
2.0700535851549025,-3.390962278669902,7.300440442559444
2.078101309385679,-3.376845438750695,7.223375001242211
2.088277767421662,-3.364100730725477,7.154545891266779
2.099846001502027,-3.3502039113963282,7.122861649895155
2.1127205277871384,-3.337209403935531,7.131641633364855
2.1238476958262624,-3.324652794266721,7.130358112222712
2.1364239152721693,-3.3112657843612627,7.13142538690019
2.1480016784281335,-3.296352693734673,7.125653064291303
2.15996219485911,-3.284146555703408,7.130081637179586
2.1725285891057635,-3.2686408786057157,7.124354972208356
2.1843712873427483,-3.256576518499923,7.128193401060489
2.1964056778809167,-3.242759116040945,7.127274970936778
2.2079665836118516,-3.2283999250406397,7.122190727497552
2.220472691894147,-3.2159436713195855,7.127181672940702
2.23223559030816,-3.20164058359063,7.125756644630263
2.243837897785507,-3.187946408019298,7.124658109417782
2.2562847081946833,-3.174849289639141,7.129331629516229
2.2682867597360357,-3.1600909688709127,7.121067352438442
2.2805305,-3.146459,7.122081637179586
2.291554,-3.1337758,7.120481637179586
2.3049747309434605,-3.1194453838998637,7.122974494809014
2.316345364468536,-3.10586234617758,7.1182933954506264
2.3282608,-3.0925779,7.119431637179586
2.3408935182671136,-3.078230248755312,7.118958116430108
2.3518818637210215,-3.0663446600381468,7.1228581094177805
2.3651038973076073,-3.050212774114882,7.117981635476618
2.376830750072227,-3.0380899508758397,7.121287520522503
2.38866085477708,-3.0231715732019393,7.119288308084776
2.4009825007685515,-3.0098788350279793,7.120658116430109
2.4127348914503695,-2.9958506401875544,7.116888300137545
2.4253898457263428,-2.9823315685024916,7.118601623828133
2.4371611708758696,-2.9687607840236687,7.12083618125484
2.448799413535938,-2.955209625228089,7.11884163972274
2.461198246032574,-2.9416956555543967,7.1528003485297775
2.4701967752758853,-2.9304006832254768,7.229053040449341
2.477797470496702,-2.9160527945625048,7.299581678505184
2.4871137582639475,-2.9023583129424493,7.366020013367093
2.4935353833387097,-2.889883503291587,7.439081654009173
2.4987609,-2.8749671,7.5136816371795865
2.503771,-2.861255,7.587581637179587
2.507969092631256,-2.844995601822176,7.659481630367713
2.5108711440633513,-2.828720979979564,7.727781661021548
2.512635833734906,-2.8121069037431803,7.788610999198014
2.5148008708719347,-2.796551570197548,7.870981691675499
2.51308,-2.7801472,7.941481637179586
2.5115432394538577,-2.764196015160378,8.010061657524819
2.510158757638083,-2.7483401859492966,8.0881750457467
2.5065221423763044,-2.7341218268133627,8.152711038054711
2.501760090466039,-2.717575752460626,8.220693402462954
2.4956374471527916,-2.7031162253844627,8.294698354843009
2.489146703871952,-2.691121772637251,8.386814944551555
2.48198352,-2.6754691,8.453461637179586
2.472828006271886,-2.6625676067099793,8.519781585025628
2.4630761242971113,-2.650559974965612,8.590781681196093
2.449396855023842,-2.6366796202179836,8.629653081321276
2.437034859770276,-2.625114229917395,8.616263989955767
2.42544705,-2.61314955,8.588881637179586
2.414836008187237,-2.6019143283000874,8.502041602211772
2.406905298538651,-2.5888221149388535,8.445087558306032
2.3969138077576444,-2.573927652443822,8.359219096200865
2.390651332435768,-2.5597515374004267,8.303875724467817
2.3837391725816195,-2.5442288308579966,8.222421628278546
2.3783309619771797,-2.528107547438692,8.149488736975227
2.375487221073447,-2.5126641625597803,8.11278754015702
2.370989,-2.4939751,8.123081637179586
2.365460832270732,-2.4774894018540596,8.118058112222712
2.36071996,-2.4606195,8.125661637179586
2.355900641730245,-2.4419840108055175,8.121524494809014
2.3521369770954714,-2.425772245508054,8.128044139973548
2.3469160158183335,-2.407060534485636,8.12588154181661
2.3418914147938428,-2.390300369878854,8.12654413997355
2.337300769235354,-2.3723960328252724,8.126038777847162
2.3327665550902013,-2.354075567996503,8.127374969453289
2.327649090182221,-2.3371031900987735,8.120153064291303
2.323608961074569,-2.3205997443375455,8.122193402462955
2.318552824269877,-2.3022587621647395,8.120531595458285
2.3146612511093894,-2.284557455572278,8.122931634944417
2.30933141420695,-2.2681275642456935,8.114937883826782
2.3048341,-2.24975552,8.123901637179586
2.3002947219375347,-2.231344647451323,8.122888303316438
2.2954741923518394,-2.2141093608327655,8.122260211770868
2.289016677410792,-2.1969957096908526,8.10956164353737
2.2857711394554467,-2.179531111693741,8.117814969983096
2.280798670571406,-2.1616616490582534,8.114261634000693
2.2763394,-2.1436668,8.111581637179587
2.271578386296214,-2.1252512802183205,8.146595914865593
2.2679459989926833,-2.112551291093594,8.219381692313771
2.2610057362632126,-2.095694574422634,8.282481610159003
2.253783427284865,-2.0824513061989385,8.353848363186517
2.2468697414232923,-2.069978240958398,8.433081386851775
2.237572835582929,-2.054547774861321,8.498981668968508
2.227767,-2.04321072,8.575361637179586
2.2172450335913836,-2.031398550273477,8.639028713079956
2.2062330385971327,-2.019121558692819,8.70284830914449
2.192392291628065,-2.008885266784741,8.783481705299478
2.1801370653209142,-2.0001016414629493,8.850061581230195
2.1656199999999997,-1.99106954,8.922701637179587
2.1504708987391834,-1.9837569170105045,8.956769869091287
2.1337669063259956,-1.9754096163236112,8.95062164353737
2.1174208818647817,-1.9665403626175069,8.953095913405743
2.10164925,-1.9588756,8.952781637179587
2.0846510326954255,-1.9508494130559175,8.943168304693971
2.069605877538112,-1.943147729966481,8.946840460791497
2.0523130584128064,-1.9341070940395095,8.94762449140302
2.0365153608344686,-1.9254966374403952,8.947745923623728
2.021997,-1.9182378,8.945381637179587
2.0035903,-1.9087922,8.948531637179586
1.9879885881578947,-1.9009765281978304,8.948325389042255
1.9722804112551091,-1.893193555585831,8.947353064291303
1.9560689218335834,-1.8848290409015047,8.945546345536878
1.9396067160266395,-1.8761975978875924,8.945801639086952
1.92317902,-1.86800034,8.946541637179585
1.9066250471014987,-1.8596790802418257,8.944617350735445
1.8913200012725566,-1.8516484606133305,8.946381637179586
1.8739929741804744,-1.842536263332936,8.945431631219401
1.8589867157143234,-1.8346178747768151,8.94499274873221
1.8423789472780736,-1.8265687063164586,8.944681646716262
1.825992265606267,-1.8186751900613078,8.939381637179586
1.8104854255256373,-1.8109205502779062,8.935006633826832
1.7947859,-1.8028193,8.937781637179587
1.778100842489085,-1.7942901306426857,8.937100387272718
1.7618544613572888,-1.7857378481794959,8.939031638882582
1.7453634926226158,-1.7771583298433242,8.940238776144163
1.731102795967754,-1.7701043917358328,8.938300385782606
1.7148865906915756,-1.7605029800071526,8.936081637179587
1.699551191466122,-1.7496531582336199,8.950319143326302
1.6827517089456925,-1.7426608009213058,8.93943878028001
1.6670510335394348,-1.7344772666528911,8.939841642901683
1.6511423187464402,-1.725656148754255,8.943626078680573
1.6352884554128158,-1.7176152161269511,8.939528695508129
1.6189943325661607,-1.7093929158817454,8.939301635590141
1.603348793124618,-1.7007267089779314,8.943006633826831
1.5850084468235244,-1.691649571506197,8.942696563572463
1.570107526043488,-1.6831209960501636,8.944148305965548
1.5550691,-1.6759311,8.941781637179586
1.5368591366547986,-1.6661007378310075,8.945241636543798
1.5219713270213036,-1.6590043457428159,8.941258109417781
1.5058768602463641,-1.6504281237606293,8.939981637179587
1.4892229453825858,-1.6414190192675717,8.939914969983095
1.4743300921195461,-1.633474987323114,8.941411049686774
1.4561415,-1.6244989,8.943281637179586
1.4411136083054008,-1.6167204246020503,8.942952223269932
1.42515827324125,-1.6082701031582796,8.945281641948
1.4086109794723038,-1.5998494695938965,8.944801640358477
1.3938181003197623,-1.5918713705678582,8.946146345536878
1.3753179492648813,-1.5850268878327902,8.937981748440812
1.3581012,-1.5766934,8.935581637179586
1.3432663241212535,-1.5676148484434604,8.939731632070595
1.3275045,-1.5607597,8.932281637179585
1.3108440245112376,-1.5509401424516005,8.938041636543797
1.2944074152103946,-1.5430856103230421,8.93378160141847
1.2777516,-1.5339293,8.937481637179587
1.2628032246932106,-1.526305053449364,8.936558108015316
1.246058162672855,-1.5174396148742728,8.938281637179585
1.2299674413480697,-1.5091119491067932,8.936810209581283
1.2149485,-1.5013161,8.936481637179586
1.1986504040032946,-1.493092215709734,8.936299817815518
1.1816744368469771,-1.484731032719521,8.934134581655975
1.1662855258571088,-1.476083699273623,8.932834969453289
1.1494219118956035,-1.467140925865467,8.936381637179586
1.1346359419014629,-1.458949055916301,8.936381637179586
1.116947073233728,-1.449504257170786,8.937974964684951
1.1014638743376857,-1.4416553742353055,8.93694634834181
1.0867693584136908,-1.4329432731641412,8.941803858224409
1.0695884391607724,-1.4247765372947627,8.939481637179586
1.053560820025431,-1.416378876654216,8.940488300137545
1.038383126415544,-1.4079935912385266,8.942731619299028
1.0210042177364147,-1.399046101828988,8.94123878028001
1.006030340751441,-1.3911620637855349,8.939258102405454
0.9898886165302392,-1.3825180780576969,8.940114959916611
0.9740953793739394,-1.3739748042102016,8.939399287208337
0.9578969087668807,-1.3652560650619028,8.94065306648086
0.941440352745017,-1.3567839278554854,8.942041638133269
0.925794451880005,-1.3487123906006762,8.939069870493753
0.9090769444352609,-1.340002942173443,8.935801640676424
0.8929916,-1.3313233,8.939881637179585
0.8767785201430518,-1.3229668251396458,8.933753060885307
0.8605231320214578,-1.3139331020521117,8.937310208364872
0.8459288105872123,-1.3062405112042972,8.936711048284309
0.829604659572439,-1.2978327026432488,8.934908303316437
0.8128488736151951,-1.288695687928157,8.933788304905883
0.7970733667689878,-1.280298683333085,8.933731634944415
0.7811187601589447,-1.2718106970309146,8.935314975811073
0.7642843479718345,-1.2630008873414502,8.932354970618885
0.7493150280380909,-1.2549733053013197,8.931211049686773
0.7332003818450584,-1.2465802609148997,8.930968304693971
0.7172678582191493,-1.2376903589610537,8.934516928822296
0.7010309358266841,-1.229491037563976,8.933681637179586
0.6843925823387008,-1.2207249108517038,8.93357394360221
0.6704355,-1.2128977,8.934881637179586
0.6515115,-1.2032972,8.933681637179586
0.6370136760823527,-1.1954635757022847,8.93219340386542
0.6199539322021775,-1.186361769506477,8.935614967863843
0.6052005962677186,-1.178310038471542,8.935408911877232
0.5893697929708428,-1.1702506524073322,8.930246342731948
0.573167273777248,-1.1609792471321527,8.934303064291303
0.5566329971109211,-1.1521342137357475,8.933869871896219
0.5405760258602877,-1.1432738302233172,8.933581637179586
0.5240094359697365,-1.1348997682391837,8.932781637179586
0.5088490199108032,-1.1265612041667252,8.934887520522503
0.4927083,-1.117757,8.934381637179586
0.4756606945114682,-1.1091423644890563,8.93254164862396
0.4594706028896589,-1.1007032414025495,8.930268304693971
0.4437031162401653,-1.091983190046094,8.933681637179586
0.42723052539679834,-1.0830760409587874,8.933510210067869
0.41220826277697475,-1.0752264026881642,8.930069138110907
0.3948197,-1.0658602,8.931681637179587
0.3795948916118536,-1.05749215462463,8.933552224672399
0.36328377924386923,-1.048860439468665,8.935181637179586
0.34714264890326973,-1.0407095863147138,8.931281637179586
0.3324215291891058,-1.0323307909836754,8.935193402297951
0.3150594310644892,-1.0228410943020623,8.9381316312194
0.2993967542277324,-1.015086403314026,8.932711048284308
0.2834620232527248,-1.0063650765974115,8.933153064291304
0.2670099526650673,-0.997476523373914,8.934837887458983
0.25194194929946845,-0.9892413779139728,8.932693401060488
0.2356807,-0.9802276,8.936681637179586
0.21849610317692114,-0.9715162164866114,8.90794411762185
0.20500640305006812,-0.9648902864833107,8.816524513541985
0.19150835,-0.9558122499999999,8.741331637179588
0.17965108142732258,-0.9448451354208058,8.680328271527516
0.16818979657873673,-0.934735125706306,8.613245978726903
0.1566272,-0.9223761,8.546381637179586
0.14539686064462293,-0.9097675811441088,8.467581714665467
0.13453076983821524,-0.896895440057902,8.398510194740894
0.12794745385838036,-0.8820106909322101,8.325755029852239
0.1204795,-0.8713983,8.252981637179586
0.11560318390865279,-0.8559922019788491,8.173395899538878
0.11050836815141019,-0.8393476813836724,8.115905136892081
0.10805030090757371,-0.8271037723690693,8.044381664200168
0.10292255036716788,-0.8086868319070477,7.967941588859658
0.1017152,-0.7938687,7.902081637179586
0.10049786645897575,-0.7759308073528944,7.822681672147955
0.10192135833695637,-0.7597528135492195,7.7516463791960515
0.10342264201131704,-0.7437538088438186,7.684501581865984
0.10559053932034206,-0.7293561244333534,7.610481656253243
0.1096436290550743,-0.7139246674401971,7.545114689710779
0.11481643701123978,-0.6975284971083107,7.467467338814464
0.12163890998648971,-0.6823960742827625,7.430808285832531
0.12911868898513867,-0.666282533942621,7.445841638769032
0.13655255672574107,-0.6491837468075976,7.442974972632181
0.1441666,-0.6331786,7.441981637179586
0.151701553604069,-0.6157144452276881,7.441488304905883
0.1548562799096812,-0.6056912147567424,7.437116926017363
0.15452796166220215,-0.608793246532404,7.43827574121448
0.15518072853542234,-0.6084872570963896,7.438781637179586
0.15488571324008582,-0.6080510454819995,7.438868301726991
0.1550552,-0.6085951,7.437981637179586
0.15491197176430518,-0.6082039000408719,7.438738782956153
0.1548860498919668,-0.6084761998554591,7.439181637179586
0.1548684400206628,-0.6083544266645474,7.437974971042735
0.15495470002543155,-0.608441946644626,7.438308302150817
0.1548885733668182,-0.6084406065645166,7.438788303422394
0.15485166778748538,-0.6085022484156771,7.438781637179586
0.1548280311910474,-0.6085174500201165,7.4383378874589825
0.15491518672176746,-0.6084430402161647,7.438534972632182
0.15492712675398163,-0.608427466668786,7.438588303422394
0.15494240001589446,-0.60842812011444,7.438781637179586
0.15490977335251296,-0.6084538999888738,7.4385816371795865
0.15492323072295786,-0.6083907384183692,7.4385816371795865
0.15489030001963452,-0.6084343705664559,7.438763989955767
0.1548811,-0.6084058,7.4385816371795865
0.154855612569104,-0.6084845374986962,7.438381637179586
0.15485576669474688,-0.6084097666152746,7.4386483033164374
0.1548897799968211,-0.6084714866327585,7.438428303316438
0.15494719998737783,-0.6084542823247269,7.438605166343858
0.15485617340856714,-0.60848316005722,7.438388304905883
0.15489112498323623,-0.6084263000491738,7.438681637179586
0.15489922142334087,-0.6084699642717256,7.438481637179587
0.15493499996253407,-0.6084114142915531,7.438381637179586
0.15494209412507187,-0.6084677823373491,7.438511049686774
0.15494431344692755,-0.60839673322313,7.438594969665202
0.15491903124171125,-0.6084620499992549,7.438600387272719
0.15487161422513623,-0.6084757713504768,7.4385816371795865
0.15488754128437796,-0.6084785350981025,7.4385816371795865
0.15488240001823206,-0.6084873529851479,7.438781637179586
0.1548937578389299,-0.6084407106748482,7.438392165212513
0.15491313870853618,-0.6084945806434245,7.4385816371795865
0.15485311290079448,-0.6084839064288625,7.438481637179587
0.15485146671223077,-0.6084930668584598,7.438648304905883
0.15484678713458389,-0.6084726096790568,7.438410669735365
0.1549151,-0.6084606,7.438381637179586
0.1549500059660884,-0.6084840588895278,7.438575755239135
0.15484558387913,-0.6085000806312681,7.438349379288735
0.1548715941110472,-0.6085122882291067,7.438681637179586
0.15487735291221968,-0.60845484120023,7.438658108015315
0.15489244737991265,-0.6085092157795011,7.438481637179587
0.1548594,-0.60852185,7.438481637179587
0.1548488129438638,-0.6084867354698784,7.438381637179586
0.15487445009205664,-0.6085146000450349,7.438531637841865
0.15484792348816337,-0.6085008529563558,7.438681637179586
0.15486258777660225,-0.6084538437079975,7.4385816371795865
0.1548897126257283,-0.6084905373452145,7.438456636062002
0.15492585002011652,-0.608494012490128,7.4385816371795865
0.15490649417704477,-0.6085145000546954,7.438575755321626
0.1548564599485011,-0.6084807999078107,7.438481637179587
0.1548616500506646,-0.6085258623532217,7.4385816371795865
0.154859,-0.60853085,7.43866497051292
0.15488201761636958,-0.6084940176416139,7.438681637179586
0.15624138131305526,-0.6072512663655072,7.460155270668519
0.159922860867553,-0.5911137195346685,7.546716953571374
0.16525596581604793,-0.5794429342200995,7.617752574629114
0.1689375,-0.5652768,7.682181637179586
0.1705037363827609,-0.5478476656942906,7.718658101002988
0.17340935475604505,-0.5298668499646219,7.7183171213978845
0.17611443084534115,-0.5118052652818549,7.718925386900191
0.1785928,-0.4932492,7.713981637179586
0.180969164566197,-0.47567775742793794,7.713951632172791
0.18336850565361512,-0.45623270053221354,7.712771958891898
0.18655097358849038,-0.4393956347993563,7.748031576830005
0.1886031021159606,-0.4254941169485464,7.825431685608262
0.18813626979692583,-0.4078508490182879,7.900875661357753
0.18836181257340762,-0.3924322285837976,7.975302638032871
0.18629807745877683,-0.37538347359102936,8.045110673357524
0.18293948426941414,-0.3605426928474115,8.11348160993163
0.1785786626592014,-0.3438192275672184,8.190723540212872
0.17229983657156484,-0.3276593658888977,8.258328339873698
0.16509640932051178,-0.31166486710164504,8.331134996473873
0.15849269550919617,-0.2986553488181199,8.398110256048795
0.14812554833647615,-0.2829910326614214,8.435963465213485
0.13866057256552772,-0.26762093199272824,8.430656640532339
0.12938223999999998,-0.2532335,8.427301637179585
0.11920436394822097,-0.23649975696254014,8.425940462193962
0.109724995239609,-0.22128851918143527,8.427928301726991
0.0913133514968186,-0.19111822757603303,8.426431636434529
0.08190185377202917,-0.17577940628638414,8.425281637179587
0.07223109529753306,-0.1603347279427233,8.428169871896218
0.06185034316776603,-0.14447666641659382,8.424181637179586
0.05186759510760721,-0.12901228963664685,8.42043497030099
0.04354260466703423,-0.11587716870464468,8.421644144443887
0.0336876,-0.0996161,8.427981637179586
0.023531797561112434,-0.08518415328247059,8.42270516494139
0.014295087557618337,-0.07008889460215532,8.42547497093678
0.005147505874592704,-0.05401674855280934,8.430274972632182
-0.004937395638559962,-0.038719740521338315,8.431714971042735
-0.012927322385899182,-0.025172953445163487,8.430081632070594
-0.022275627985243185,-0.0082357361240777,8.445281637179587
-0.03160079703034558,0.010692220465713869,8.473981605390243
-0.040493556292219665,0.024972890254708734,8.471098284640446
-0.05228189122615804,0.03783709478882834,8.44081736606242
-0.06222103043257983,0.05100969256433563,8.412587888204039
-0.070458,0.0678626,8.432081637179586
-0.08032124249119182,0.08198116142149461,8.423176084714619
-0.0905006294560829,0.09845995986425914,8.426248305965547
-0.10028501598406021,0.11422904575705455,8.431210207878314
-0.10985843524119844,0.12836514561869186,8.425268303316438
-0.1205572,0.1443448,8.418981637179586
-0.12928123020344912,0.1595301058398898,8.426548306495329
-0.14011336569761898,0.17578709233397974,8.420874975705193
-0.14999384999999998,0.19128495,8.456431637179586
-0.15767234075310316,0.20381416548153003,8.534956591358608
-0.1677921,0.2142982,8.595981637179586
-0.17688733650617786,0.22874972504803445,8.685552237294589
-0.18731018457191903,0.23757419026297594,8.752431593072107
-0.20206140635470643,0.2502707061162857,8.801101623192238
-0.2181225943256775,0.2614274291265994,8.77771496468495
-0.23093112478356106,0.2713822178113219,8.787644139973548
-0.2474216662608281,0.28358573498847656,8.785241634000695
-0.26067361781692217,0.29400388090963914,8.785458103807919
-0.27480129431455136,0.3055808957466423,8.785048304905883
-0.2906269927416591,0.3166712614969676,8.77584413699332
-0.3047443,0.327175,8.776581637179586
-0.3185014,0.3392779,8.781181637179586
-0.33197744035226273,0.350283778287562,8.784300385782606
-0.3477703321951635,0.3604420415701635,8.77462448459103
-0.36307156,0.37208624,8.766021637179586
-0.37750916276075813,0.3828043028608893,8.763831655060144
-0.3914895630745389,0.39365324756220094,8.768553068183827
-0.40524144468192524,0.4045432486873107,8.772805168818765
-0.420134350640557,0.4175204647741361,8.775574970936779
-0.43764086032583643,0.4296616990813002,8.768414967863844
-0.45325105158470297,0.44066605064373593,8.762014968393624
-0.466449151893733,0.4504154672070845,8.766838776144164
-0.47752676193568294,0.4622568912009312,8.777722814970142
-0.4921237133472645,0.4740299722648416,8.77764045938903
-0.5075252963156054,0.4865039530692692,8.776761638451163
-0.5205628020725124,0.49899299943461456,8.787374493227677
-0.5359948703778757,0.5092868975205627,8.790381637179586
-0.5491568,0.51959588,8.787481637179585
-0.5609818255427466,0.5318288029283069,8.78056398319103
-0.5751025301226158,0.5446821084196185,8.718067413746343
-0.5864755504535135,0.5552806936815626,8.661948148355888
-0.5974375205614013,0.5607947019550498,8.530901108203524
-0.6051449368592546,0.5751146936279107,8.497661616516787
-0.6142519406111945,0.5910324873034795,8.424593406670352
-0.6228996,0.6040026,8.346481637179586
-0.6273652925216562,0.6185789296193276,8.275137220108936
-0.6335192428625924,0.6311939267678615,8.197668263580285
-0.6395118140258855,0.6437071840224796,8.108853077915281
-0.6368861429692955,0.6541124317637642,8.059124478752448
-0.6418708546533154,0.6699691358409066,7.970822874697818
-0.6477822,0.6892696,7.874781637179586
-0.6507076120259734,0.7048261342968136,7.806258109747746
-0.6503402385351432,0.7214223589566711,7.738161746535215
-0.6436361500000001,0.7407094,7.645481637179586
-0.6423620696997321,0.7563117568545503,7.58119927037875
-0.6368208500000001,0.7732136000000001,7.5049316371795864
-0.6309542614939062,0.7859177311094906,7.455099250744233
-0.6281213427417945,0.8012034824318525,7.362941697578537
-0.6193567511746193,0.8134942179387736,7.2596019029391945
-0.6055098400562072,0.8248890271194774,7.241886891018292
-0.5906023480366119,0.8339445159298924,7.2408572419573956
-0.5754422050393788,0.8431534764374871,7.239810142486899
-0.5602820319216191,0.8523624552416598,7.238763040936
-0.545121888924386,0.8615714157492544,7.237715941465503
-0.5292037327531858,0.8712408279415444,7.2366164866054
-0.514801572809393,0.8799893550610218,7.235621740444106
-0.49964142981215987,0.8891983155686165,7.23457464097361
-0.48448125669440006,0.8984072943727892,7.2335275394227105
-0.46932111369716695,0.9076162548803839,7.232480439952213
-0.4534029274054402,0.917285685369252,7.231380983011709
-0.4384954353858449,0.926341174179667,7.2303513339508125
-0.4233352923886118,0.9355501346872617,7.229304234480315
-0.408175119270852,0.9447591134914344,7.228257132929416
-0.39301497627361887,0.953968073999029,7.2272100334589195
-0.3776021521782212,0.9633305245003815,7.22614548149842
-0.36269466015862595,0.9723860133107964,7.225115832437523
-0.34753448704086615,0.9815949921149691,7.224068730886624
-0.33237434404363303,0.9908039526225638,7.223021631416127
-0.31721420104639986,1.0000129131301585,7.22197453194563
-0.30180134683047555,1.009375381928089,7.2209099779047285
-0.28689388493140694,1.0184308524419259,7.219880330924234
-0.27173371181364714,1.0276398312460986,7.218833229373335
-0.256573568816414,1.0368487917536933,7.217786129902837
-0.24166607679681879,1.0459042805641083,7.216756480841941
-0.22600057160325654,1.0554202210592185,7.215674476391439
-0.2110930795836613,1.0644757098696336,7.214644827330543
-0.19593293658642819,1.073684670377228,7.213597727860045
-0.18077276346866838,1.082893649181401,7.212550626309146
-0.16561262047143527,1.0921026096889954,7.21150352683865
-0.15045244735367547,1.1013115884931683,7.2104564252877505
-0.13529230435644235,1.1105205490007628,7.209409325817253
-0.12013213123868255,1.1197295278049357,7.208362224266354
-0.10497198824144938,1.1289384883125304,7.207315124795857
-0.08981181512368963,1.1381474671167031,7.2062680232449585
-0.07465167212645651,1.1473564276242978,7.205220923774461
-0.05949149900869666,1.1565654064284705,7.204173822223562
-0.04382602393566115,1.1660813286270026,7.203091819853462
-0.029171182893703795,1.1749833457402379,7.202079621202166
-0.013505707820668178,1.18449926793877,7.200997618832066
0.0019071162747295034,1.1938617184401226,7.199933066871567
0.016814608294324684,1.2029172072505374,7.19890341781067
0.03197478141208454,1.2121261860547103,7.197856316259771
0.04713492440931766,1.2213351465623048,7.196809216789274
0.0622950975270774,1.2305441253664777,7.195762115238375
0.07745524052431052,1.2397530858740724,7.194715015767877
0.09261541364207038,1.248962064678245,7.193667914216979
0.1077755566393035,1.2581710251858398,7.192620814746482
0.12293572975706324,1.2673800039900125,7.191573713195583
0.1378431916561319,1.2764354745038493,7.190544066215088
0.1532560458720562,1.2857979433017799,7.189479512174186
0.16841618886928933,1.2950069038093746,7.18843241270369
0.18357636198704907,1.3042158826135473,7.187385311152791
0.1987365049842823,1.313424843121142,7.186338211682293
0.21389664798151542,1.3226338036287366,7.185291112211796
0.22905682109927517,1.3318427824329093,7.184244010660897
0.24421696409650828,1.341051742940504,7.1831969111904
0.25937713721426814,1.350260721744677,7.182149809639501
0.27453728021150126,1.3594696822522714,7.181102710169004
0.289697453329261,1.3686786610564443,7.180055608618105
0.3048575963264941,1.3778876215640388,7.179008509147607
0.31371173064715613,1.3892989992311018,7.225494131777926
0.31940606062437765,1.402607217410207,7.265358032282176
0.3212094973639899,1.42038349723286,7.276006607004796
0.3432634159993869,1.4254670332300199,7.454845942964569
0.3486098985919246,1.438773501406673,7.518058092588194
0.35361786,1.45453402,7.592161637179586
0.35922439120559485,1.4768060209568465,7.6909015831384195
0.3593360207203484,1.4938941548764981,7.747981624463816
0.3613582,1.5099382,7.825581637179586
0.3628892866468513,1.5269049719919254,7.902261630503807
0.3615129489621362,1.540953439382199,7.963931584280571
0.35946694990292916,1.558384630137943,8.037074537383946
0.35859211335439356,1.57528975493898,8.126406593593778
0.3545801270473239,1.5922625764215044,8.20578197095
0.35126780666171126,1.605839755585319,8.279193387035834
0.3448161121265404,1.6214293210970212,8.353544081859136
0.33275658756631105,1.6386729921499672,8.434856710196216
0.32669270499086067,1.6512455239132162,8.502434909054339
0.31366506846488856,1.6614648643004737,8.536334986195705
0.30068174021298577,1.6700673779670985,8.574608301726991
0.2818606930206313,1.6803835863241885,8.58496165911429
0.2747759126025553,1.695820429945444,8.59491182665268
0.2635206613806148,1.706862139792415,8.584681645126942
0.24524115586732032,1.7194723063717237,8.572144139973549
0.2333810890928597,1.7329014544403385,8.572881613338842
0.2190777875276166,1.7466082126233808,8.574254977400518
0.2041710639714531,1.7609330764901294,8.57138164035853
0.19198067777936723,1.7728687425863672,8.573421639086938
0.1801642043167284,1.7848103857904185,8.576169879073449
0.1666563952760912,1.7980987577613885,8.573448305965549
0.15344253038539213,1.810688746143274,8.57356987206122
0.14035185438853037,1.8238050056442128,8.57617497093678
0.12390196559802909,1.8396083409250574,8.575534974221625
0.11095823905331087,1.8522211944130083,8.578581637179585
0.09817150990224906,1.8652148815942144,8.576314967863842
0.0853316,1.8772669,8.577181637179587
0.072318527457681,1.890046852257808,8.579088303316437
0.05718101775825074,1.9042211106740234,8.573110212500591
0.044662289206625246,1.9170083579330464,8.576522813567676
0.03073174,1.9296794,8.572001637179586
0.017627439430978303,1.9426983277040453,8.575114969453288
0.005513334065410075,1.9546888720871198,8.57286987206122
-0.008216780727966303,1.9683091969482636,8.574014967863842
-0.021512725861877136,1.9815796788555988,8.576514967863844
-0.03507824987657219,1.9945895089007406,8.574001635418952
-0.0472246012022956,2.007583529842816,8.573195923380435
-0.05974476865463215,2.018298468790872,8.576603071103293
-0.07324844554875626,2.0315685196280695,8.577594971042734
-0.08621952528610353,2.0441121394959127,8.576245921920732
-0.09836478557272497,2.0569654477625954,8.576694136248266
-0.11162395700162125,2.0689100361302732,8.575421634636431
-0.1250086182741259,2.082451041510175,8.577746341329483
-0.13806947443058093,2.0950747811205597,8.573908301726991
-0.1512519833259537,2.1092776258787467,8.574938779550159
-0.16378240467299468,2.119773824436365,8.574125388390303
-0.17686324127698128,2.132746734265823,8.576814969983095
-0.19000192219661446,2.14582296226655,8.576461634000694
-0.2026844,2.1587635,8.578881637179586
-0.21605875579434955,2.1712066919381483,8.583717351830222
-0.22742365871492648,2.182889608672458,8.58723164090487
-0.24168822770086626,2.1949286278772946,8.582681637179586
-0.2548007,2.2086918,8.583481637179586
-0.26710600073611585,2.2216456637753503,8.589550389507888
-0.2806904033076899,2.2349059836491083,8.587001637497481
-0.295189481782419,2.247504902338888,8.583381637179587
-0.3102151664422753,2.260618678609896,8.588316933937131
-0.3193570517370572,2.286167209400545,8.714760210067869
-0.3299989,2.2969642,8.712881637179587
-0.34135003015592963,2.3088617105240568,8.711561638133285
-0.35616694019391243,2.3220707057458476,8.708614967863843
-0.36909575982216736,2.3341227950240526,8.705905166343857
-0.3847617,2.349091,8.708481637179586
-0.3963169799727922,2.359765503379942,8.687258124844902
-0.405937471024398,2.372364404410713,8.596914937664367
-0.4151606651079251,2.383680545875322,8.52140158822387
-0.4250184184241897,2.395495272287281,8.426405153721667
-0.43312049865299795,2.4102050154249612,8.353881172285082
-0.4380628735002769,2.4215212756045035,8.29250096899525
-0.44045257943224086,2.433794238841911,8.234621644173261
-0.44959276295319084,2.453253473554796,8.15944157042285
-0.4542835558335178,2.469367716583505,8.07191023342284
-0.45794225,2.48482855,7.996331637179586
-0.45747635646946627,2.500582091870168,7.936595900998938
-0.46025544084900544,2.512728559884048,7.831006239633283
-0.4637362835816861,2.524071129731141,7.719034483847853
-0.4644692321900545,2.5415472910797003,7.605624283637352
-0.460460807118024,2.5543736845334304,7.5657533355345015
-0.455577947810538,2.561715941802432,7.5254483621259425
-0.45645342518687854,2.5690559441930914,7.43138164559438
-0.45094233437549675,2.5822590936945673,7.366481684863726
-0.44755073333333334,2.5987587999999997,7.257981637179586
-0.4305175085031485,2.6201137433165504,7.242922726614814
-0.4225520902026544,2.6286881526392754,7.170514936074921
-0.4140311125112196,2.6468049343963873,7.0713581125526375
-0.40314815954019073,2.6594136544635556,7.003438794877134
-0.3878812746034269,2.6661379043742253,6.994021656889031
-0.3754926792962371,2.6759920830700676,6.989771658963066
-0.36117829370886506,2.686281410662373,7.001461298431428
-0.3475678713684932,2.696064722232048,7.012576056323059
-0.33301884069008847,2.7065227151292546,7.024457315368836
-0.3189391001937491,2.7166433774166596,7.035955335259785
-0.3046247146063771,2.726932705008965,7.047644974728147
-0.2907796471749725,2.736884681883541,7.058951352197193
-0.2766999346525353,2.7470053240630175,7.070449349243652
-0.2626201941561959,2.757125986350422,7.0819473691346
-0.2485404816337587,2.7672466285298984,7.09344536618106
-0.23422609604638667,2.7775359561222044,7.105135005649422
-0.2203810286149821,2.78748793299678,7.116441383118468
-0.20630128811864276,2.797608595284185,7.127939403009416
-0.19222157559620554,2.8077292374636613,7.139437400055876
-0.17767251694389868,2.8181872504687964,7.151318681946141
-0.16382744951249412,2.828139227343372,7.162625059415187
-0.14998238208108958,2.838091204217948,7.1739314368842315
-0.13590266955865232,2.8482118463974238,7.1854294339306914
-0.12182292906231301,2.858332508684829,7.1969274538216395
-0.10774321653987573,2.868453150864305,7.2084254508680985
-0.0934288309525037,2.878742478456611,7.220115090336462
-0.0795837635210992,2.8886944553311866,7.231421467805506
-0.06550402302475983,2.8988151176185917,7.242919487696455
-0.0514243105023226,2.908935759798068,7.254417484742914
-0.037344570005983235,2.9190564220854727,7.265915504633863
-0.02303018441861121,2.9293457496777786,7.2776051441022265
-0.009185144961108782,2.9392977064444255,7.288911498726782
0.004894595535230584,2.9494183687318305,7.30040951861773
0.01897430805766781,2.959539010911307,7.31190751566419
0.03352336670997469,2.9699970239164424,7.323788797554456
0.0473684341413792,2.979949000791018,7.335095175023501
0.06168281972875128,2.9902383283833234,7.346784814491864
0.07576256022509059,3.0003589906707284,7.358282834382813
0.08984227274752782,3.010479632850205,7.369780831429272
0.10380466272444872,3.020515942377231,7.3811830186870235
0.11776705270136961,3.0305522519042567,7.392585205944776
0.1320814382887417,3.0408415794965626,7.404274845413139
0.146161178785081,3.0509622417839672,7.4157728653040875
0.16024089130751823,3.0610828839634436,7.427270862350547
0.17432063180385765,3.0712035462508487,7.4387688822414955
0.18816569923526222,3.0811555231254246,7.45007525971054
0.2024800848226342,3.09144485071773,7.461764899178903
0.21655979734507141,3.1015654928972065,7.473262896225362
0.23063953784141084,3.1116861551846116,7.484760916116311
0.24471925036384806,3.121806797364088,7.49625891316277
0.25903363595122003,3.1320961249563934,7.507948552631133
0.2728787033826246,3.1420481018309694,7.519254930100178
0.286958443878964,3.152168764118374,7.530752949991127
0.30103815640140125,3.1622894062978504,7.542250947037586
0.31511789689774056,3.1724100685852554,7.553748966928535
0.32943228248511264,3.1826993961775614,7.5654386063968975
0.3432773499165171,3.192651373052137,7.576744983865943
0.3573570624389543,3.2027720152316133,7.588242980912402
0.37143680293529374,3.2128926775190183,7.59974100080335
0.38551651545773097,3.2230133196984947,7.61123899784981
0.39983090104510305,3.2333026472908,7.622928637318172
0.4136759684765075,3.2432546241653757,7.634235014787218
0.4277557089728469,3.2533752864527807,7.645733034678166
0.44230473965125167,3.2638332793499876,7.6576142937239435
0.456384480147591,3.273953941637392,7.6691123136148915
0.47022954757899554,3.2839059185119677,7.680418691083937
0.4845439331663675,3.2941952461042736,7.6921083305522995
0.49689869274863757,3.3063717841995914,7.712303043855336
0.4971347173218518,3.325641657149068,7.734887520522503
0.4984674598881012,3.3443858565374955,7.7285483027866055
0.49955142,3.3624547000000002,7.733061637179587
0.5008074294026899,3.379915900695623,7.735193401060489
0.501531708797584,3.4002334697289993,7.726834978989966
0.5034138254687741,3.4151175473416266,7.741663999773025
0.5042298263244059,3.434064268940634,7.739868292190315
0.5043287457299531,3.4530366632059124,7.730681637179586
0.5055694838841278,3.4705501007920843,7.727864951748377
0.5056605012397397,3.4892577207247713,7.723581640585465
0.5069981578909724,3.50760523223567,7.72629340386542
0.50787924,3.52578916,7.722841637179586
0.5093409467431732,3.5435110482992656,7.724588303422394
0.5098100174116097,3.559659891926006,7.7216286955081275
0.511049961073141,3.578578753850433,7.720414975811073
0.511627451057996,3.596249100229481,7.718981643140128
0.5129073874187876,3.614252789384276,7.718831640159857
0.5137779994421044,3.6327348260875785,7.720981634000694
0.5151090931897139,3.651513139185967,7.719881640585581
0.5163372655077626,3.6673485894015676,7.722016935834622
0.5172654,3.6879842,7.7186816371795866
0.5177977189140056,3.7051436164612794,7.7167816371795865
0.5163974135354223,3.7235440267166213,7.6948101896319026
0.5182246938794277,3.7415069644346053,7.701860216879859
0.5194599664865295,3.760258331747596,7.701141640358479
0.5201066531423849,3.779093411611088,7.699241636543798
0.5212434348358415,3.795780133082759,7.701622816372607
0.5223409,3.8137502999999997,7.706031637179587
0.5237091996868742,3.8316760147216833,7.710781637179586
0.5241705006318174,3.849325735012219,7.708019134944383
0.5252639876201404,3.86777467022456,7.708675387645247
0.5291652730656494,3.884834706106335,7.7326345928757
0.52840825361205,3.903510976672791,7.718287526132365
0.5312163636016848,3.9204169943765397,7.70381499329498
0.5306678,3.9372762,7.6085816371795865
0.5343260228657712,3.9538860726615277,7.544114951969382
0.53892328,3.96876508,7.477101637179587
0.5413922362018773,3.986659356412187,7.380639540105852
0.5484230006628096,4.00281734143116,7.313141630185912
0.5559026902996106,4.019939253608837,7.22945494084326
0.564635285176134,4.032435641366156,7.166206546281333
0.5737565050973537,4.047031439615354,7.091714939253814
0.584935080136959,4.060449370076957,7.023581615986691
0.5933804777247956,4.071995488814713,6.9413962863621474
0.6063180647391677,4.078959631083702,6.889795020528284
0.6198203674227132,4.089659423032663,6.821508333515912
0.6447936455145119,4.090946299252948,6.884461643219578
0.6436036900803612,4.1058841112547855,6.737834639157063
0.6668288000667578,4.106816083676129,6.691988277990853
0.6827966579192061,4.11588530078231,6.612594101975664
0.6962621336025511,4.116762992610419,6.549044148355601
0.7137443875832472,4.1210057761869185,6.481034921769907
0.7309893375504505,4.124958649409922,6.446224485564321
0.7485345623143487,4.128855196172672,6.4382110258448595
0.765995,4.1306343,6.460581637179586
0.7831733167566582,4.132076404574843,6.4586875261323655
0.80225826,4.135451600000001,6.454861637179587
0.8204721505896939,4.137671338957943,6.458981634000644
0.840375825,4.1424314749999995,6.4435566371795865
0.8564958105972106,4.142691191465014,6.4624316192990285
0.8732442595206373,4.146259822140724,6.462040470608755
0.8920293249976159,4.148384732383889,6.460048304376077
0.9098321042040849,4.151116185655249,6.463001648305709
0.9293161297009344,4.155746499903143,6.446900387272718
0.9448975,4.1566714,6.457581637179587
0.9641154429877706,4.161371230503198,6.440875758126517
0.9812791533634196,4.162501407518732,6.457167352438441
0.9989796089883175,4.166186491051418,6.4537483223897905
1.0169000044301064,4.168711825516697,6.450281644630152
1.0360477460862179,4.172002267777794,6.446106641277397
1.0547389,4.1746692,6.450681637179586
1.071375951641586,4.176565835750249,6.452258070148746
1.0890275469499318,4.178267388148842,6.459653023419369
1.1097437465710733,4.182864171672826,6.441238780280011
1.1259106692685485,4.184715950462522,6.454481608570012
1.1434753,4.1874365,6.449581637179587
1.1620974623948166,4.190284564321777,6.450858106942853
1.1815053557356947,4.1934034339168935,6.450945921920731
1.1989824724094926,4.1957303185379455,6.454997020666363
1.253297958050336,4.204221249483676,6.4534753891353605
1.2709202872104906,4.206756616987398,6.454881637179586
1.2882252977166855,4.209612422801966,6.454158560115434
1.306493,4.2120821,6.455881637179586
1.3259387634468665,4.215165213126703,6.454238782956153
1.3417288889001475,4.217479748363111,6.457181631219134
1.3595730252026577,4.220448539164574,6.455588303422394
1.3783778375,4.22311293369891,6.455845921920731
1.3965678002511364,4.225779194185714,6.458294969665201
1.4150576,4.2281383,6.460381637179586
1.4324746964117847,4.231090414993187,6.456095921920731
1.4496524820708805,4.232434717934729,6.461405159331529
1.4670572169850908,4.235248982677941,6.460821636225903
1.4849071169181984,4.239261049455212,6.446111639802194
1.5028868078933924,4.24243363148842,6.439953060885308
1.5202305849386921,4.2463042678337874,6.421910227097842
1.5354746278189162,4.250372877793672,6.405846346031824
1.555469230180882,4.252633738659122,6.412781637179586
1.5728494557050408,4.255451140275885,6.413867345626453
1.589977454965429,4.258109506786531,6.4129698732986835
1.6080376610970086,4.260595757597857,6.415775762251463
1.628567355578979,4.264076066503539,6.4112974254644834
1.646396805759373,4.266405157905168,6.414944136434518
1.6628601391466027,4.269053855760485,6.414699546352664
1.6816788796741635,4.271388940208218,6.38512826199084
1.6996812407089024,4.271632466753646,6.316270518857004
1.7143006611321714,4.271860299849796,6.25469164838527
1.7299333484979158,4.26891713392373,6.21805396816055
1.7451475605831925,4.263395475373732,6.221048889131731
1.7603617424405766,4.257873827794273,6.2240438041525445
1.7753223727370733,4.252444201092149,6.226988807493231
1.7907901363832375,4.246830521664816,6.230033640144539
1.8060043484685142,4.241308863114818,6.233028561115719
1.8212185303258983,4.235787215535359,6.236023476136533
1.836432742411175,4.230265556985361,6.2390183971077136
1.8519005060573392,4.224651877558029,6.242063229759021
1.8668611363538359,4.219222250855904,6.245008233099708
1.88207531821122,4.213700603276445,6.248003148120521
1.8971627242881604,4.208224966135653,6.250973107301271
1.912757293942661,4.202565265299115,6.254042901743009
1.9284786091497128,4.196859564994448,6.257137646074443
1.942805330316098,4.1916600014561975,6.259957864264447
2.1144434840161,4.109092559537467,8.38259340667035
2.1846317295459627,4.218170275504031,9.648581646280078
2.200790926172776,4.203700246538901,9.495680900198819
2.1600327,4.1082342,8.327981637179587
2.1800138,4.1076719,8.330981637179587
2.1831912075817437,4.107680914209809,8.243138782956153
2.218865676208908,4.108281935055537,8.350105164611428
2.2371254459802272,4.107647479759672,8.344754972208356
2.2561224398411537,4.107582751110879,8.344431634944417
2.2742568380137964,4.103525169094319,8.337894985559915
2.2836015592319483,4.097614626941417,8.314267338814464
2.288669753863091,4.015571255808311,7.726798273225755
2.302212450378741,4.07261459357677,8.176292432952394
2.3062881631966383,4.057788371231448,8.0920379732349
2.3132986200000003,4.0456605,8.028081637179586
2.317257232189462,4.031061605839625,7.957348323979237
2.3534514045748423,4.021210544434315,8.204226774130346
2.32750835,4.0000627,7.825881637179586
2.329129905536644,3.984073132214525,7.754014964331659
2.32899272,3.96858136,7.670901637179586
2.3298012399020886,3.9529884160409448,7.608568314230799
2.3285587414666984,3.9400846314923634,7.548575765056394
2.3131623142350506,3.930706030896005,7.3505941287977
2.312148841222284,3.9134560684256536,7.292834899517661
2.3059110167805,3.901374454928965,7.219422798140556
2.3020361851068905,3.8889514018914406,7.158628279474747
2.337143535925613,3.8557491424995125,7.55954526723789
2.326398259261181,3.8401452718314797,7.457864033432198
2.3134706,3.8232832,7.3802816371795865
2.307610686462,3.8089780778817164,7.326581659619035
2.2695790799999997,3.81883492,6.911301637179586
2.259528110670139,3.806908255690863,6.844958580289295
2.271512830595458,3.7716608185432436,7.114731604396609
2.2546150313411957,3.760548386659567,7.027261682956361
2.242365272808998,3.753918896354992,6.990211058101567
2.242423987546106,3.710664313235067,7.269805103232907
2.1797392494524956,3.7725605890073397,6.357603145668883
2.180437,3.7653776,6.405181637179586
2.1650608328459033,3.7613275144719065,6.3299482508647165
2.149591106765494,3.7590323716772085,6.252663918430025
2.1368762094007265,3.7561534890243045,6.1959992984280605
2.1174335268874973,3.755073734822138,6.094984447364919
2.1095407397374584,3.7328193144916764,6.156534588668303
2.097502871135659,3.7209230927394104,6.154681629232355
2.085859774281994,3.70655181314052,6.163312405987128
2.072046703676164,3.694524681643023,6.135144108121948
2.060690844945504,3.680813767018052,6.14011734732945
2.048901,3.667897,6.140481637179586
2.037690177983073,3.6496187422219575,6.165481184205453
2.0381558135913536,3.6223194901883495,6.262128333515913
2.0346821500737606,3.6003217630198634,6.328119156737321
2.0332948324167526,3.576791177549074,6.396314936074921
2.0322974932701787,3.564543158549766,6.3782483313970895
2.0337134146928393,3.5397253569021694,6.458195002831657
2.0374296884269247,3.518358480403703,6.518652771851704
2.0441041044375567,3.494550585601037,6.600500367901248
2.0500900256238674,3.472416420763264,6.669321707752114
2.06084766201124,3.445617962588556,6.759588767629178
2.073230715466621,3.4213206878031337,6.82790300979539
2.1778778583480927,3.3624248688862397,8.014695894672775
2.143644528531359,3.358607392168742,7.544801905327236
2.1325306052325987,3.3435186792294855,7.356387517717572
2.1350472,3.32335985,7.347081637179587
2.1371223250011178,3.3064871434755396,7.33133161706306
2.13924934,3.28925144,7.317841637179587
2.1440021564643796,3.2715730692182983,7.324281624463816
2.1479527116460737,3.2568032904632345,7.333640462193961
2.1523993,3.2370799,7.340881637179586
2.154445981211169,3.220133006079688,7.330269873298684
2.1591673975084937,3.2014787309948143,7.341231640159856
2.161511667336883,3.1839375127314633,7.329861634000694
2.1653772251458543,3.1670117784977,7.334593395285723
2.1677921277458116,3.1497354338048766,7.327501635908009
2.1727918136177493,3.131082069499607,7.33634633761715
2.1755487365641986,3.1132232388752903,7.329481637179587
2.1791311377255025,3.094680915274577,7.329728303316437
2.1817307662707037,3.0784338376197353,7.32449340386542
2.185753187643052,3.059443371897139,7.328960210067869
2.189434610636742,3.039831819986013,7.324461632093278
2.19223079156417,3.023165970243889,7.322952226074864
2.1962079416981912,3.0050872704930542,7.325281637179586
2.19951386,2.98666404,7.321941637179586
2.2029154592554914,2.9700535846822644,7.324281638769058
2.2063024,2.9502663,7.321481637179586
2.2098435061385917,2.9337077742254887,7.324411048284308
2.213821277925773,2.91493113647143,7.32534831444256
2.2167023168392372,2.8963522421389647,7.321567352438442
2.219675575293925,2.880572694587909,7.318381635689473
2.2240508,2.8602478,7.322081637179586
2.2273698937660407,2.842689295427962,7.323352224672399
2.23611436306922,2.824304605205436,7.3521816769157375
2.2547357576782776,2.8078545026941324,7.432111627881253
2.2698865247352846,2.7942330717950155,7.4871934291098
2.290055259112787,2.7796852055014973,7.56270657571242
2.3116971449804495,2.7662922168881328,7.637641654027982
2.3300057,2.75656635,7.692231637179587
2.3537603251227845,2.7462425165922277,7.772475012368333
2.3682030081749716,2.736465153153444,7.803793387035834
2.3799427,2.7213878,7.798481637179586
2.3917941021049045,2.7067825113794277,7.796210206661875
2.40387894202566,2.6935445585182314,7.8016816267487945
2.4143226383030805,2.6797016273071175,7.796548304376077
2.4268465288246044,2.6653897994881985,7.798394971042735
2.5038089395980925,2.670970742043597,8.512910158977952
2.427019703133515,2.6399846828950957,7.542124484591031
2.437750737748233,2.6274010675782566,7.544528696250606
2.4390860249769526,2.6166370021871126,7.448754972208356
2.460930894416276,2.5985898391607725,7.547368295369208
2.470746,2.5851167,7.536281637179586
2.4837533143188013,2.5716936194959126,7.548067372874409
2.4948961215601027,2.557290049090501,7.549199287208337
2.5065550412381787,2.543532112691727,7.547554966274396
2.517529305947802,2.529499793219315,7.5455816387690575
2.5297555468470616,2.515643165132912,7.5487316789008885
2.5418676,2.5007227,7.550381637179586
2.5524547065481116,2.487196851892627,7.54607575383667
2.5642497639571413,2.4730243089476045,7.546328697653052
2.576064717299806,2.458031222017357,7.545588303422393
2.5876572,2.4438579,7.548781637179586
2.599766545633722,2.4292941746081955,7.548581637179586
2.6112452157673047,2.4152745992847495,7.5475483064953295
2.622694470814692,2.4016082048553358,7.550652226074864
2.6341898937892396,2.387637874175475,7.5508149718374575
2.6453601,2.3736276,7.5498816371795865
2.65742646,2.3592015799999997,7.548621637179586
2.6696573061162856,2.34431573307372,7.550581637179587
2.6800373259161607,2.331584686714444,7.548305164941391
2.6922768939850132,2.3173044463623977,7.551467345626453
2.703396813115858,2.3030173459770276,7.5497051649413915
2.715009372407216,2.288635733492808,7.550021638769032
2.7260911951457545,2.2752053729313033,7.5475483027866055
2.7379115858975696,2.262018048680505,7.5513566345718885
2.749246088854858,2.247950410605949,7.5498816371795865
2.7606888102588556,2.233616787506812,7.550324498215009
2.772458428380293,2.2197443164326884,7.5491463413294815
2.7843678400000003,2.20539788,7.550061637179586
2.7959036887592585,2.191042064389484,7.550228304058182
2.8064797846706244,2.17765617539804,7.549427631028381
2.818092506639647,2.1635196634759803,7.545131678900888
2.8283673902472546,2.1494775224983522,7.547822817775073
2.840405942566571,2.135202881111326,7.547756636062001
2.8513822222173024,2.121633794291553,7.544345923623728
2.862646451801467,2.108147124299118,7.543252223269933
2.8740825858930994,2.0936635759912976,7.543187886713926
2.8858649915123977,2.0791635897901943,7.543552225084893
2.897221361137602,2.0651402140923025,7.540238781253155
2.9094859495878747,2.050079856357289,7.541031632070594
2.919876271295738,2.03711028931742,7.540705167746323
2.9319954483991824,2.0228235398228884,7.542481637179586
2.9434470212728545,2.008592979080302,7.5418816371795865
2.9552908799999997,1.99355714,7.542061637179587
2.9665251336522873,1.9795502076135678,7.5405816340006435
2.978109298586315,1.9663641252555992,7.544452226074864
2.9897219,1.9522179,7.5441816371795865
3.0022650973450724,1.9365287010302958,7.543503069035311
3.013336757989145,1.9236360892795534,7.546440460791496
3.0246561074972367,1.9094871839131282,7.54589072966501
3.0360871201855346,1.8947668976591456,7.544081637179586
3.0469413996732255,1.8816470843036057,7.541775749629273
3.0596013561433066,1.8662315583908191,7.542554972208356
3.0704866761959524,1.8526806307700938,7.5462110482843086
3.0814221866162383,1.8385966297195369,7.54350890754241
3.0929341386464064,1.824178793268589,7.541914971572567
3.1038799339396657,1.8109821722550243,7.545887520522503
3.115517205062386,1.7963901990065962,7.542248274706409
3.1275836329355005,1.7826072441117484,7.546740462193962
3.1385333451568806,1.7690221327081412,7.542061632093278
3.1508192823331664,1.7545855073862147,7.54983163837168
3.1613959457839944,1.7416690885559882,7.546964971837458
3.1730909,1.7269223,7.544381637179586
3.1855311734485228,1.712716024947057,7.549393398255558
3.195527815428523,1.6981069444707795,7.53076399837056
3.20697558,1.6844846199999999,7.528301637179586
3.2182676429252624,1.6696482169179416,7.531987519120038
3.2305101512024157,1.655666708025113,7.533048298548099
3.2422707547207086,1.6413151028474116,7.532681635476589
3.2523292008583087,1.6285945931026744,7.5304875191200376
3.264234865333969,1.6141417027803249,7.534612405987128
3.2756189,1.5997303,7.5311816371795866
3.2875171827847236,1.5849949181093446,7.533194136248266
3.2989860015624255,1.5711376863879838,7.528601638769032
3.3100674632511957,1.5575741179207045,7.534022812165211
3.3214376167018997,1.5431515791385202,7.533328301726991
3.332698927673271,1.5288499303340246,7.5311116421863815
3.3436435,1.5144766,7.528981637179586
3.3559015180545178,1.4993972739632837,7.537054969453289
3.3663887427483647,1.4866620084936446,7.532181640159813
3.378903137940681,1.4725364600915536,7.530781634000643
3.390605221740443,1.4581575397520465,7.540581629232356
3.401549,1.4445118,7.545481637179586
3.413224166941417,1.4291158914918256,7.539110206661875
3.4239479373154005,1.4161876772141424,7.536834585863372
3.4359483183091877,1.401414240299847,7.54041693022476
3.4478664061020132,1.387075970209659,7.54463163196419
3.4591769477792913,1.3728110152282016,7.541853067697297
3.4705937689565287,1.3586750461718191,7.539928308084776
3.4831341143211367,1.3433696265918555,7.5463416397227405
3.4929290847243455,1.3309918637546807,7.541499278793544
3.5051976,1.316571,7.544081637179586
3.5165881320731947,1.302310980275373,7.5422503865276616
3.5290215692779294,1.2873821886410082,7.550567352438442
3.539880992203767,1.2735720336962568,7.544114975811073
3.550893965859782,1.2598962375888814,7.5444992759886125
3.562865731774617,1.2458060938726854,7.549054972632181
3.5735214311319066,1.2312600726053526,7.539231646120398
3.5845496377907584,1.2171702177532076,7.535469141091133
3.5950185696343726,1.2023869884044889,7.528981640585522
3.6060996040769675,1.1888353254238953,7.530740459389031
3.617300653260031,1.1751380010728862,7.527981637179586
3.629393903063536,1.1598603308737632,7.5289816014184705
3.6409641964907835,1.1459987543012116,7.531881637179586
3.6527441293536786,1.131963619242614,7.536331636186163
3.6627595579893506,1.117959014017325,7.520454963095505
3.6734086397037995,1.1038851809769574,7.514322803750417
3.6861018,1.08877205,7.520481637179587
3.6971214504172334,1.0751819676577423,7.519852224672399
3.708237325507836,1.0613644877865023,7.521034968711518
3.7198489228244456,1.0463744391560041,7.520268309674221
3.7314718,1.0331026333333333,7.529981637179587
3.7420236332016352,1.0193798584162126,7.526353067697297
3.7539851292442115,1.0055729817945949,7.528569871896218
3.76540922,0.99090082,7.5276416371795865
3.7770715868232823,0.9774207119877929,7.534461644809048
3.787327,0.9636679,7.527881637179586
3.7951781370219666,0.9492164565788218,7.511581573600732
3.7892560579639003,0.9327010955962582,7.417975731397221
3.7845337386589626,0.9186013872670155,7.332693370206247
3.7797289363347373,0.90094015256828,7.26304833033702
3.7736799036936506,0.8901724086050691,7.198596969314714
3.7680322,0.8759159,7.141981637179586
3.759396342358738,0.8641076212906302,7.05931491223323
3.7512087400318883,0.8512131839291303,6.995775407016716
3.7410607825873416,0.8402260429173157,6.921461652756405
3.730574606253897,0.829410490648498,6.856104765595387
3.720815794218275,0.8194330811408476,6.803106731058111
3.7057887952506596,0.8091592851193693,6.714675015441976
3.693958865583496,0.8039345004782408,6.6483110538941705
3.681228726086512,0.7968767695112398,6.586867338814463
3.6712570500434256,0.7863963261065037,6.543931643139976
3.6674902,0.765471,6.545081637179586
3.6591437296657077,0.7493328118850155,6.541510197660505
3.6567589657354422,0.7272443217883989,6.573534599145255
3.6648751973297307,0.7030372750758961,6.653014936074921
3.6714400527673705,0.6790612742421662,6.725196001961603
3.6801395835027977,0.658894044779322,6.795916893760656
3.6875443499999996,0.63733305,6.846681637179587
3.68325732,0.61726712,6.829341637179587
3.684155905570515,0.6006677196777179,6.840405164611427
3.68247985,0.5814452,6.836381637179587
3.6825592512032665,0.5629322398098616,6.838981637179586
3.6816947,0.5459569,6.836881637179586
3.6810918421586827,0.5262473964935883,6.8360530613719535
3.679799606338941,0.5090264324755248,6.834750388017775
3.6800905999841054,0.48988093633155844,6.8401349646849505
3.6775587590457315,0.4732439830678449,6.826594155619736
3.677423793743188,0.4543699769959128,6.826538789768142
3.6767570598118064,0.43624095013192615,6.826861638451163
3.6762188883216695,0.4207137488058006,6.8208522288797955
3.6752390994786532,0.403466502660775,6.818761638451163
3.6747961,0.3848941,6.819181637179586
3.674587879737419,0.3664947288202944,6.821781637179586
3.67346276720178,0.3495663575554319,6.816381645126817
3.6728390082531712,0.3317197074839068,6.815565314759979
3.672391566463744,0.31355597861684203,6.817141636543798
3.6713786,0.2958216,6.815081637179587
3.670404235325302,0.27793311458704406,6.811875756641601
3.670280643651226,0.2586030551226158,6.816767359250431
3.669522139949773,0.24025259071748736,6.819001632729067
3.66833477510021,0.22392180271051573,6.815156637552115
3.6679568710081742,0.20499956404632153,6.819395921920731
3.667179848289693,0.1855084867803599,6.82316399837056
3.6663393671360907,0.16813690905362877,6.819348302786605
3.6654215724946355,0.14918202677421918,6.822594964684951
3.6643980250666828,0.13309463994546186,6.819481637179586
3.66422678,0.11269972,6.826921637179586
3.6629369,0.0962661,6.821881637179586
3.6622040406713925,0.07651125449025654,6.825441642901683
3.6613640538265915,0.058347441413017564,6.8229216355901405
3.6608359749854715,0.04077598310062734,6.826850388017775
3.6595561,0.0226563,6.826881637179586
3.658526275546611,0.004722097857032663,6.825287514912641
3.6517567094264556,-0.010390263240399947,6.782331617063059
3.63878359098134,-0.01718151497599898,6.70796162255645
3.62590518,-0.02534716,6.629041637179586
3.6134436,-0.0319375,6.555881637179586
3.598213747214496,-0.04022865911149964,6.4891615704228505
3.5852485102907212,-0.04382936328212311,6.416431627493851
3.57091168,-0.05058944,6.365001637179586
3.556642953996935,-0.05498478666382834,6.29322448459103
3.541371877396463,-0.05451982396953845,6.22111102584486
3.5255314,-0.0570291,6.133781637179586
3.5116034362701463,-0.05600957873446292,6.072381614926988
3.4957417381958753,-0.05247407430561469,5.989253117569906
3.480017633512453,-0.04768973239372042,5.908281598665849
3.4668133059001724,-0.044910242921055214,5.836505197198099
3.4516181210287895,-0.043270921648685706,5.777981333191985
3.436416347930978,-0.037440561720484586,5.700331626003738
3.4228571878548495,-0.03278920051657819,5.635081643537472
3.41070144671382,-0.023550616641500436,5.553041614927341
3.395493366199178,-0.021097696460176993,5.5238698831159425
3.377044112257808,-0.03020902819836287,5.528221634000694
3.3595498552478,-0.03194605241891177,5.529816419337585
3.33991032,-0.04211832,5.567061637179586
3.323910806898196,-0.059168545911149964,5.636981605390665
3.3089413546697326,-0.0762703954881233,5.7034236322804714
3.2939376101925255,-0.09463554612862848,5.766131681883645
3.279729518560019,-0.11096743655978067,5.807431595458285
3.262986867334231,-0.11887578481571862,5.810705168818765
3.2473977259751408,-0.12796033752264996,5.808514971572567
3.2311720141142812,-0.13777683801160295,5.808268301726992
3.2152517,-0.1468611,5.811081637179586
3.1994635,-0.15603634,5.809361637179586
3.1847910070473895,-0.16486045832012677,5.811052226074865
3.16902743515327,-0.17252338103201634,5.797410206661875
3.153132574230245,-0.18187609183923706,5.802553054073319
3.1382215823317394,-0.19039879746293983,5.803340463596427
3.121605240173706,-0.20019059747956405,5.802253077915282
3.1062303663534494,-0.20937193747107416,5.8043051649413915
3.090140104161057,-0.21881386525580612,5.806381637179586
3.0747174195473037,-0.22766452806031978,5.808506636807058
3.0585515,-0.2373542,5.807781637179586
3.0411603,-0.2469049,5.8101816371795865
3.0260864400000003,-0.25565418,5.808301637179587
3.0110004274493734,-0.2638810210597684,5.809119138855964
2.9950093591893827,-0.27392439942303104,5.809588308084776
2.978925515023842,-0.28209368918256134,5.807888779550159
2.9619607,-0.292846,5.812281637179586
2.946237293855586,-0.3013942892302452,5.809910210067869
2.9307685095322533,-0.31043244353961463,5.811881632709246
2.9152255259481197,-0.319135770658359,5.810448305965548
2.898640481895436,-0.3288790364271117,5.812910204958878
2.8827984,-0.3380041,5.810381637179586
2.866248831057561,-0.3475166228405994,5.813545923623728
2.850854643957477,-0.35655672231182417,5.815211048284309
2.834953571041338,-0.3653629398011957,5.814173939934236
2.818855087115549,-0.37458914418748157,5.814075755239135
2.80254584,-0.38416672,5.815861637179586
2.787401214407357,-0.392521949979564,5.8148673524384416
2.7716441336016717,-0.4015325679803094,5.814087520522503
2.75526076,-0.41080886,5.814341637179586
2.7394167,-0.4197677,5.814981637179586
2.7237514057442582,-0.42905517789398395,5.815201641947925
2.707442603881131,-0.43818985196355587,5.813145923623727
2.6914055,-0.44711515,5.813081637179586
2.676576014136853,-0.4560333608361499,5.816258108015315
2.6612043931176985,-0.46469276477946436,5.813461638769032
2.6451645921857305,-0.47460681000178817,5.814881637179586
2.6289220799999997,-0.48277423999999997,5.814001637179586
2.613454434459191,-0.49191635636970515,5.811934971042735
2.599075008960352,-0.49994184668667513,5.810152226074864
2.582273132591791,-0.509262202332832,5.810097022500351
2.566053603227943,-0.518721803671669,5.810026078680573
2.5509640056568386,-0.5274338975490741,5.80894830649533
2.534696531948374,-0.5364471450710493,5.807341639722741
2.519263792839011,-0.5457090331739197,5.811487520522503
2.503096984086213,-0.5503733017659027,5.785481659432185
2.4900498446937718,-0.5431998904730516,5.7150169568716045
2.4755323777887273,-0.5406347207521378,5.652621634636432
2.45729119205118,-0.5503379025288087,5.666981637179586
2.4422905929975878,-0.5549878004838438,5.664881637179587
2.4250415143977113,-0.5627246132561042,5.66957575383667
2.4064684404577603,-0.5695302819740921,5.667421630821801
2.3912325665497947,-0.5748589203357503,5.659016928822295
2.373891947119129,-0.5815123419613765,5.656981629232356
2.357129003293597,-0.5868143842983652,5.644367352438441
2.3409005,-0.5942304,5.653281637179586
2.3228388,-0.6008828,5.648081637179586
2.3064943033743317,-0.6077947412352916,5.6489816371795865
2.290806005135829,-0.6141935086265655,5.651475753836669
2.2721032284378673,-0.6176672900563682,5.620867429315279
2.260891832587283,-0.6079927026509112,5.548581622278455
2.2483142,-0.5991192,5.463581637179586
2.236887533841493,-0.5902001463991697,5.40056982421239
2.2242992947547684,-0.5847177780143051,5.362110170898933
2.2036015324011156,-0.5886357486636626,5.369531635987492
2.188196867328163,-0.5889971987335736,5.361675749629272
2.1690358111217067,-0.5907817063416378,5.3648815775777265
2.1520409212431453,-0.5925475176121622,5.364246345536878
2.133575794516302,-0.5940959254872743,5.364512888297188
2.1143242359911443,-0.5959277851396458,5.367453067697298
2.0963299600000003,-0.5975515,5.365601637179586
2.0796307,-0.5994492,5.365381637179587
2.0601161628122817,-0.6004441594506225,5.363103069035311
2.0425949844000058,-0.6018342002026554,5.365056637552114
2.0245483069856154,-0.6038124752841135,5.365673300534907
2.0061464250723207,-0.6052456668229647,5.365221637815375
1.9866729693891452,-0.6069341388157559,5.366110212987219
1.9697514601773851,-0.6078230728645452,5.364368304693971
1.9521149187649889,-0.6102017058160246,5.3683992815984745
1.9334778717042311,-0.6120200535572369,5.3690016374974805
1.9145539114312962,-0.6131933551966939,5.368034974221628
1.8963141223753002,-0.6158374999420991,5.373424495782131
1.8778953048652944,-0.6170986488579829,5.368734972632181
1.8610424213564456,-0.6186047291231908,5.368593400895507
1.8420174239135962,-0.6209932010665353,5.3755149699830955
1.8242650078915998,-0.6228282930827307,5.375228301726992
1.8054877958321536,-0.6239778201791116,5.375125394350755
1.7873279,-0.6262007,5.3764816371795865
1.7684357273569482,-0.6279185926498637,5.377760199849885
1.7518367809993969,-0.6296506763656508,5.375381637179586
1.7330881999777474,-0.6309405638681375,5.3770016486237795
1.7146103544244042,-0.6331041495929047,5.380156636881566
1.696912113160823,-0.6344225054391709,5.3779816371795865
1.6782149,-0.6370297,5.378081637179586
1.661301440891114,-0.6378625580654662,5.376328700457944
1.6436434583383668,-0.639723213421496,5.376608303740288
1.6252618,-0.6416801,5.378481637179586
1.6067456125091393,-0.6429502593667547,5.372514968393625
1.5886706153031869,-0.644731392556624,5.376954971042735
1.5716480276846696,-0.6467348886035651,5.378834578851045
1.5536894265850378,-0.6488068848520971,5.380353071589763
1.5351981488305557,-0.6496394514984623,5.374061638610098
1.516743,-0.6520795,5.381981637179586
1.4974765953984805,-0.6547700602520901,5.3890616352722205
1.4804313151723316,-0.6554943488712393,5.379506651708189
1.4614382545530407,-0.6577903510691562,5.38792539137053
1.4424183799999999,-0.65879692,5.385941637179586
1.425074313626164,-0.659929747071693,5.389258104137961
1.4057474743824905,-0.6613690990272435,5.385521645762731
1.3879098547041777,-0.6636481535597697,5.388543163790744
1.3716855204309406,-0.6646146870926404,5.385269136620794
1.3502631661082412,-0.6666012412254629,5.387961640358479
1.334292439179277,-0.6696755351065172,5.3964698747011495
1.3152206261989101,-0.6707192449182562,5.3910316439915755
1.2969559633685286,-0.6720613706573569,5.386481633773592
1.279363792850331,-0.6736511177774038,5.390958106942853
1.2603964,-0.6751862,5.3882816371795865
1.243798379595529,-0.6765517415845055,5.3890757566416
1.2229110470197548,-0.682377339339237,5.417495904890758
1.2043775995629025,-0.6975496978065644,5.496301664200169
1.188081137455647,-0.7109628734359004,5.553446353951672
1.1694165119686648,-0.7305908065633515,5.648110291811738
1.1550603554754206,-0.7449199333025377,5.700431670707131
1.1407182604672996,-0.7627509973088558,5.759250417820037
1.126861665327272,-0.783455383307372,5.833201651802723
1.1241692365493126,-0.7911791687387746,5.748180909213282
1.11781705,-0.8073413,5.766531637179586
1.1041244052584185,-0.8335374923529352,5.872494470622695
1.0905874460394929,-0.8679963758667115,6.0546051814407775
1.0810182507851989,-0.8898369538878469,6.1082016820026785
1.06455392,-0.90533604,6.134201637179586
1.0563888,-0.9160296,6.109581637179586
1.0441607,-0.9306085,6.107581637179586
1.0305935212894268,-0.9456720665918685,6.113646122544858
1.01806946,-0.95894476,6.111121637179586
1.0079157467908575,-0.9718123554661919,6.10690131801374
0.9971315260157356,-0.9841642459069044,6.097216935834622
0.983724891842643,-1.000208734349455,6.11695293486351
0.9719181977027614,-1.012970743453992,6.107863970321249
0.9604341089088453,-1.026520366043074,6.11062189466985
0.9500780523794385,-1.0394984410846553,6.096994969665202
1.0986247224721504,-0.9934345703539277,3.982958396485296
1.0868530044759515,-1.0068261613345202,3.9882696622083555
1.0745442115600414,-1.0210974202447747,3.991209664221627
1.0630363364963606,-1.0353203052508309,3.9858198605512536
1.0512194069493828,-1.04913468795157,3.9853963302893938
1.0391815413227476,-1.0625186599066987,3.9884963232059394
1.0278593014599666,-1.0756711334179487,3.9877727853931257
1.0158276986606454,-1.0896391348260241,3.993655156401358
1.003421119905163,-1.1041051231661767,3.9904741040743383
0.991446978800331,-1.1175945344978473,3.994702210522503
0.9796114528032961,-1.1315272782814398,3.992846324571869
0.9691051,-1.1438372,3.9963963271795864
0.9564170912864816,-1.1582085623480078,3.996766916074864
0.9442247243956714,-1.172704641873187,3.996429662278994
0.9320763138605669,-1.1871182900368848,3.9957022021077098
0.9192707906598319,-1.2017003393157297,3.9960588115331657
0.9083298549021719,-1.2139629867193749,3.9991640685196463
0.896277248587016,-1.2282287107498984,3.9985963369968447
0.8836636627525779,-1.243106297752876,3.996652582767594
0.8720422500426642,-1.2561680601089193,4.001170010861762
0.8610980951362398,-1.2701235483719346,3.9960677576972974
0.848604745291222,-1.2842710017979608,3.9986904466416004
0.8379367568324251,-1.2972729522990463,3.9934820458444364
0.8254790692589667,-1.3116010442116557,3.995815075782605
0.8128768199031258,-1.3259346743120302,3.9978331657184425
0.8018381737023161,-1.339413311154632,3.994032044141439
0.7900205801398203,-1.3535578486863964,3.9923931016212277
0.7787385501152349,-1.3659832520384645,3.996129665811073
0.7656173214268684,-1.3812236061301768,3.9949551521939615
0.7539982804396927,-1.3950151480700699,3.994164745590468
0.74272645520273,-1.4072188629900608,3.965493120456196
0.7315612257669797,-1.4189767025126325,3.8953543584509767
0.7202741124174298,-1.4292314062802405,3.8283610649886546
0.707519335880175,-1.4401793152025133,3.7610022847696234
0.6946771567619876,-1.4473868065481117,3.684425727064584
0.6799755989860965,-1.4557995863474378,3.615948934718612
0.6641904407098899,-1.4614640311090912,3.557996380823658
0.6521325550544149,-1.4675881107735893,3.488719868635886
0.6358458672159657,-1.4727670438256455,3.4153904045676344
0.6201716382185882,-1.4769582075957532,3.341178793555475
0.6041550555651759,-1.480161368989359,3.2618962958088087
0.5896050880493523,-1.4808263480966384,3.194921372876161
0.5732399142813503,-1.483021624714455,3.110302559464226
0.5573537458364705,-1.4822761578175978,3.0419333274401446
0.5414752154467554,-1.4810286475407768,2.9695550582442536
0.5247746628991881,-1.4774894104520708,2.8978963141053287
0.5097808636702738,-1.4738183598286456,2.831089843455312
0.4936776915876123,-1.4691570822980977,2.7561963990157103
0.4789044388034164,-1.462868449342945,2.6931198184927703
0.46440773818632086,-1.4576207763457234,2.603309307703945
0.45043676666666665,-1.4487939333333335,2.52829633
0.4382601859949792,-1.4391094709423167,2.4665022680390725
0.42593790473976584,-1.429239424213814,2.3953363640938896
0.41423933707273003,-1.4186659841941476,2.3162174111624756
0.40253334209271485,-1.4041679738827877,2.252615109895394
0.39341325430634105,-1.393572490979143,2.188216342016365
0.3854208,-1.3809615,2.12219633
0.37759898656999,-1.367926508347475,2.0546021937083996
0.37112907657296806,-1.3525837441098634,1.9754063006744869
0.3642761269437601,-1.3371222883228695,1.9068408318411083
0.3592675545629386,-1.3219642681138688,1.838016354795556
0.3574281600003668,-1.3102775448615784,1.7873309174865888
0.3537689417380679,-1.2921522231667883,1.7121212864141917
0.35065685378494366,-1.311305762576742,1.6156901980932228
0.34751016586664546,-1.2189440789859334,1.537449121862036
0.34618484596141075,-1.268233976327038,1.4501105003990056
0.3495034825505238,-1.2296057604939485,1.4106845380697868
0.3525309,-1.2109017,1.32999633
0.3559127405221356,-1.1964719425010057,1.2644526294531286
0.3615021941539244,-1.1782932506914199,1.1883096497698444
0.36764345014066596,-1.165102366840976,1.1179963617889217
0.3743521,-1.1496677,1.0477629966666666
0.3821226021099058,-1.1361307865776613,0.9797466697305995
0.3904787930381916,-1.1245047576986693,0.906996374703393
0.40144547077439047,-1.1092755952141018,0.8366629654070636
0.4128568081861685,-1.097485748784932,0.7662820369872788
0.4246206,-1.0861804,0.69779633
0.4371468057594387,-1.0751263529725312,0.6179248717482673
0.4504633833923706,-1.066067514870572,0.5543105534332425
0.4625570616650071,-1.0579319379479124,0.48436105799180956
0.4790059082429984,-1.0511426928044632,0.4136163239600089
0.4923497,-1.0442083,0.32559633
0.5108680496095847,-1.0422958434940692,0.31019663398760206
0.5275764061861241,-1.0382367651736468,0.23699629662163235
0.5428199342519354,-1.0348046493226186,0.16465520327499159
0.5606011416123597,-1.0336394650936198,0.12142967234033761
0.579181893851179,-1.0318290886798749,0.13453635336504305
0.5968463,-1.0294154,0.12589633
0.6143710378224589,-1.0270429744226337,0.10270965114758007
0.6300782955121103,-1.0252655290885375,0.10313750498562473
0.6481490874983744,-1.0232755984047857,0.10109632566517837
0.6676078182185206,-1.0205532326509201,0.09566966502876943
0.6855994464118256,-1.0190737728284194,0.10322965273702615
0.7045322647789045,-1.0166860593095337,0.09605632936421146
0.7209460635064444,-1.0154966183063827,0.09853750498562473
0.7405309839992708,-1.0137116103824524,0.09664926746406181
0.7583694419560782,-1.0117245781424673,0.09645188378950437
0.7768124,-1.0099322,0.09459633
0.7950292010696972,-1.0087244590606375,0.09950966386314869
0.8138380295618263,-1.0060928284770356,0.09765347480339232
0.8304075808356554,-1.0047394992415324,0.10072133111758483
0.8482995920572207,-1.002928654938692,0.09728203844686648
0.8671529727851562,-1.00128660621152,0.10163750498562472
0.8858881755511404,-0.999090932086148,0.09899633
0.9043307354019073,-0.9974680439271117,0.09865347577656676
0.9209014841347658,-0.9964022261052914,0.09737132888241518
0.9394824,-0.9945925,0.09979633
0.9580323499417978,-0.992870646716127,0.0985551522094442
0.9757651394294958,-0.9908333567574932,0.0950177588147139
0.9948163945815783,-0.9893896864642772,0.09798966545259477
1.0126771345490275,-0.9871083175158223,0.09748117813455481
1.0293306814336804,-0.9855175987840739,0.09723632682110785
1.0486454472091327,-0.9839512164731292,0.09689045094693145
1.0672260098466673,-0.9820901614999479,0.09739008195577344
1.0852891364032697,-0.9803426276634878,0.09936775711171662
1.1032204496166966,-0.9784714234236878,0.09893479238491729
1.1208908120484125,-0.9766066534373948,0.09603750440816784
1.1401475030277743,-0.9755029125283109,0.09824633596018596
1.1572397443919593,-0.9742902504671505,0.10249633
1.1759664066551165,-0.9716518812045014,0.0966563309536828
1.1946857,-0.97006016,0.09761633
1.2112250032551224,-0.9684196592934379,0.09920221334291685
1.2303299,-0.9675313,0.10649633
1.2484420701560148,-0.9651187936565886,0.09954633074505656
1.2661228080267026,-0.9631913326535803,0.09969633158944607
1.2849252507554987,-0.9619337253561423,0.10495258111760147
1.301280297701359,-0.9602365526177019,0.10197280083572921
1.321270156863079,-0.9578899502418255,0.09927489607629428
1.338273110964252,-0.9564704805540241,0.09990257804422656
1.3565217314249385,-0.9552779155384249,0.10302966863148694
1.375149141602823,-0.9528081666258702,0.09933633063578853
1.3930586508781688,-0.950896327322578,0.09704298818962091
1.4112569666401755,-0.949280027790317,0.09745633254315415
1.429904737366742,-0.9481885001112612,0.10325347172182422
1.4468233486220776,-0.9454273759869851,0.0958198633716674
1.4647235985694986,-0.944581052984185,0.10054634192084559
1.482962447146899,-0.9431169457672378,0.10599633
1.5023177,-0.9407303,0.10149633
1.5194796431530324,-0.9389806239308598,0.10099632701981821
1.5370485631109492,-0.9378907363687363,0.10311398002875054
1.5556452,-0.93638682,0.10681633
1.5742199171645095,-0.9338903719380109,0.10225347066757494
1.5917875399094052,-0.9323260853141018,0.10029630615925617
1.6116105777384195,-0.9307348295231608,0.10128204866485015
1.6296088393007404,-0.9286354763295186,0.10032574770447661
1.6459375432558732,-0.9263450139841689,0.09669633
1.6650584238794108,-0.9253148302638551,0.09899631940341211
1.6815537,-0.9230517,0.10329633
1.7010062,-0.9205089,0.09959633
1.719214468987258,-0.9182510867334234,0.09375187849135076
1.7372030896869273,-0.9161569506698058,0.09374632776483036
1.7560127,-0.9145507,0.09519633
1.7738243529632154,-0.9126670954274524,0.09519633
1.7920720552475562,-0.9109386518254788,0.09550299295795915
1.810652792632834,-0.9088707282629428,0.09615347577656676
1.827850201608545,-0.9070218198207076,0.09802299656070192
1.8456253546896606,-0.905297692364301,0.09652966068425654
1.8639927515192456,-0.9036374995946913,0.09802966465787173
1.8826752956622808,-0.9017288365629051,0.09892133111758483
1.9011606744584468,-0.8998622803763624,0.10061776222070845
1.9178035936580786,-0.8981603732554501,0.09914633521539586
1.9359205353836721,-0.8967199862470624,0.1006249019151255
1.9549922,-0.8948113,0.10099633
1.9726161860115803,-0.8926220938726158,0.06601066242506812
1.9885855197964237,-0.8916236951911967,-0.012842057895460798
2.003981393244854,-0.8915198931892235,-0.0916837065572598
2.0187177074974754,-0.8936587346291933,-0.14969185579602826
2.030506007146689,-0.8968672931215353,-0.20056202965905703
2.0468279141873413,-0.9012104118340042,-0.27683890554408647
2.0612972959383518,-0.9054607586341962,-0.3379608259945504
2.0760625068743543,-0.9122212980847175,-0.4076503440840817
2.0891216125646888,-0.9187006754582556,-0.47458604802056015
2.1060427939918935,-0.9261733770706508,-0.5607836334427402
2.1196768266377917,-0.9336386150573525,-0.6438814667628281
2.1329186,-0.94452938,-0.70752367
2.1442098071685156,-0.9548053419525065,-0.7751036986104841
2.1568262320799967,-0.9665113911490401,-0.8553801197987462
2.1667791800000002,-0.97896876,-0.89628367
2.178772909031878,-0.994344484720138,-0.8825389616427078
2.191084528241363,-1.0074417674281504,-0.8886309533672895
2.2016231952808596,-1.0229057606478686,-0.88170367
2.2131905101594604,-1.0359833510427332,-0.8867919061190974
2.225068842686852,-1.0510458792466324,-0.8872537117213017
2.235244376493106,-1.0644163650674863,-0.8838481141500987
2.24821850081343,-1.0792005127245698,-0.8863213172238195
2.258306987547955,-1.0925373256908772,-0.8872218441335588
2.2705950944336712,-1.107980767802079,-0.8532503289312394
2.2807604,-1.1188318,-0.77860367
2.293373396789268,-1.1305932357440316,-0.7073170342750421
2.302459027740768,-1.1404732455001894,-0.629809519683744
2.3108364943892554,-1.150289061773822,-0.5304303726941111
2.3259341864698406,-1.1585341989549391,-0.47157017242390525
2.3409700364814925,-1.1670097905406212,-0.43125367894081185
2.3602276,-1.1746725,-0.44860367
2.375486310127204,-1.1826742383644446,-0.4514977866570831
2.3939263778065394,-1.191305974366485,-0.4569036734059946
2.4092274231092796,-1.1995415396297746,-0.45308224325318025
2.4253396212108886,-1.2070947314376674,-0.45769190471663185
2.4420643,-1.21556415,-0.45625367
2.4583080714494328,-1.2240938671459864,-0.45400367
2.474711024886751,-1.2321224684950143,-0.45539778665708314
2.4909375919064116,-1.2404167561178752,-0.4574236687284229
2.5080766,-1.2487397,-0.45750367
2.5224278,-1.2557731,-0.45840367
2.54103828244891,-1.2646985268188011,-0.4571750988147139
2.5548863909101747,-1.2730202208171904,-0.45824116925493236
2.5708553026598517,-1.281054619724627,-0.45564116869615107
2.589791252324565,-1.2902086718429626,-0.4558370086314869
2.6036714,-1.2970836,-0.45910367
2.6212766076771117,-1.3062753470095367,-0.4584893784468665
2.6368995127077404,-1.3139291677839642,-0.45954484779055577
2.653042600166892,-1.322327890232854,-0.45840367
2.6693163680738787,-1.3305967074069365,-0.45791033624280764
2.6866672340219,-1.3396694563920915,-0.4562536691485159
2.7029979495724326,-1.3474874547827194,-0.4594970037571924
2.7180845657966706,-1.3552432949132573,-0.4583154324784371
2.7340871155096362,-1.3633081919968209,-0.4595703340174846
2.751426112713645,-1.3723423905020191,-0.45793491767169825
2.766510883168435,-1.3797168446656336,-0.46075365211944214
2.7835755470587302,-1.3884903168544862,-0.4586170038631487
2.7991819787091705,-1.3960082119868729,-0.45900367
2.815743767967893,-1.4045698102884845,-0.45774367317889214
2.8320114,-1.4126559,-0.45810367
2.8482253449745936,-1.420944319341668,-0.45718491990686794
2.8648949859985695,-1.429363729976953,-0.45924366682110784
2.8805661493562704,-1.4375885176209515,-0.49801907549462643
2.8930536024893763,-1.44479781556316,-0.5639448253511072
2.904556231159996,-1.4546201230505134,-0.6210636979746956
2.919235750253145,-1.464034017551856,-0.7083094818171747
2.933135765282767,-1.4746352256461202,-0.7914303286133452
2.9440823032504175,-1.4857967392752127,-0.8637036858944608
2.9544434897045004,-1.497656523624532,-0.9345507816222318
2.9637495137684984,-1.5120283281347389,-0.9689037159801435
2.9752987,-1.5271612,-0.97400367
2.9838965487661926,-1.5409410994397201,-0.9723536779472304
2.9954833091726933,-1.5576097331685608,-0.9727636747683382
3.004952945542263,-1.5716778242135674,-0.9741507283285415
3.0153796208983694,-1.587107761262994,-0.9731303365607019
3.0257278774839067,-1.6023496857633315,-0.9726770054525948
3.035962032611531,-1.617402461376099,-0.9725566116714585
3.0462814,-1.6322067,-0.97430367
3.056802669440234,-1.6475687398068832,-0.9718893837991519
3.066943708737633,-1.663029628298963,-0.9697537117213018
3.0778758847874115,-1.678611273885401,-0.9726436636422157
3.0868365544787735,-1.6922710961754766,-0.9712154366858337
3.0976809240324243,-1.708008919868076,-0.96970367
3.108134218823389,-1.723444690540621,-0.971128674470406
3.1174762,-1.7371066,-0.97140367
3.1286494556401494,-1.7539406532003496,-0.9686170022737026
3.138435691083124,-1.7681670452393308,-0.9699389644476389
3.148101,-1.7834268500000001,-0.96565367
3.158547531402686,-1.798731672891997,-0.9651636747683383
3.1681120581902835,-1.8122682312478964,-0.9660801369583754
3.1796968,-1.8293556,-0.96550367
3.1889369419064506,-1.8433783198497966,-0.9670286666472455
3.1997939482976765,-1.8585143290841466,-0.9700836712715771
3.2095839551553387,-1.8733945819352236,-0.9705652076150827
3.2199970728847314,-1.8874540622203835,-0.9755566116714585
3.2293316941840886,-1.9028400992579235,-0.9688161616181138
3.2416239,-1.9194344,-0.97550367
3.250423535297799,-1.934022240262856,-0.9661974219557735
3.2825528472615804,-1.9804060200851499,-0.9696608157765668
3.292324631213542,-1.9953720864801716,-0.9674503345474053
3.30212529740828,-2.0093008869796924,-0.9695742579053069
3.312565772316178,-2.0246830284404105,-0.9691836680926343
3.32272892,-2.03992658,-0.9701836699999999
3.3328570884366484,-2.0552175147854226,-0.9700608157765668
3.3438383219438927,-2.070690193213065,-0.9703970038631488
3.3549671426089582,-2.087272443953651,-0.971523668728423
3.3651708839837875,-2.102427618413234,-0.9709652094490702
3.374040582151425,-2.1164652411330818,-0.9695661683236227
3.385017948519431,-2.131862579839466,-0.9705103329579592
3.395927819526254,-2.1469623581426007,-0.9715213197812185
3.405303831147357,-2.161525441167973,-0.9681330825071877
3.4156550297094133,-2.17714230544149,-0.9686095490530686
3.4265366189461974,-2.192934666751437,-0.9688481162104956
3.437495235886288,-2.2077800060053576,-0.9702624922094442
3.4478703,-2.2233689,-0.97070367
3.4604085217578504,-2.241715325892319,-0.9706683783572921
3.4704474551473172,-2.2570422071826535,-0.9693457720930583
3.481199148878043,-2.272230766820936,-0.97080367
3.4914188563161903,-2.287639497718096,-0.9704423769979926
3.5000832714352734,-2.3004726280086754,-0.9708746399747739
3.5107539822736147,-2.3154759539242127,-0.9731161765192448
3.521260913447718,-2.3310693657953,-0.9722322428882834
3.533042716324189,-2.3484829404401792,-0.9699536960769792
3.5434077384731215,-2.363295279573859,-0.9721878779506099
3.552359158442761,-2.377637371593368,-0.966711363577376
3.563253023546429,-2.3935260790062625,-0.9692370012140382
3.574174228020087,-2.4090126126003963,-0.9703661653433965
3.584055985871189,-2.4243606587198396,-0.9680503368785962
3.594008228603285,-2.4380891519781778,-0.9698742574928124
3.6047742373096607,-2.4537088394538578,-0.969637004392981
3.615524904852531,-2.469479286397487,-0.9704213130164229
3.6256978915885845,-2.4838356975609757,-0.9728436742915385
3.6364588833333333,-2.4997773333333333,-0.9729370033333333
3.646649930332862,-2.5150092913092967,-0.9712230233501506
3.6573978485914345,-2.530281873950634,-0.9755299816286657
3.668835564520427,-2.546275809691037,-0.983315426868575
3.6773471119525007,-2.5598985515347286,-0.9736262544658253
3.688268839557388,-2.5754245590668123,-0.9757624969942781
3.698892043782169,-2.590611336542642,-0.9784448449856247
3.7092276482865065,-2.6058926284611816,-0.9792299828835126
3.7174929,-2.6189588,-0.97410367
3.7285625429951392,-2.6349724234310585,-0.9725520649117086
3.7400674046477707,-2.6500164098607355,-0.9795330825071876
3.750006057318766,-2.6654399685314782,-0.9754919061190974
3.760195088842042,-2.6811652541233753,-0.9723405118410882
3.770785079659956,-2.696803828788985,-0.9693849199068679
3.780645406335479,-2.7096485864208772,-0.9697582184101697
3.790889505678226,-2.7263203034240098,-0.9690746374442214
3.801312129998957,-2.7404144756753936,-0.9716911694412076
3.81078575,-2.75489275,-0.96870367
3.8215519645742173,-2.7703972159710535,-0.9703448402008302
3.8321489461098306,-2.7857217218072,-0.9731370006842566
3.841194144273032,-2.799395458369213,-0.9683919089240285
3.8515537132000057,-2.813681231225895,-0.9724213172238195
3.8611442894127466,-2.828766820840722,-0.9680911739115469
3.871456344266576,-2.8442933657561307,-0.9671274801725703
3.881680710250621,-2.858945161576652,-0.9979037260986214
3.8899658167501134,-2.871388068680926,-1.0789133536713504
3.8958834692117876,-2.8849497069880554,-1.1388586124218583
3.904214147486376,-2.9023444529495914,-1.1815798393914623
3.9082139,-2.9168814,-1.16080367
3.9168792,-2.9356145,-1.18100367
3.922819071784309,-2.9512690470164378,-1.1677369998011842
3.9309506820372215,-2.9696257424343995,-1.1802683783572923
3.9362740576050337,-2.9855599591371322,-1.1694558442736007
3.9436910629087194,-3.0034256857391006,-1.1754322428882833
3.9499978,-3.0190642,-1.17570367
3.958101376958381,-3.0370426675438464,-1.1816536692549435
3.964540923266841,-3.0536896704919334,-1.1794481162104957
3.9716496610759715,-3.070703561562627,-1.1770095533429168
3.977659893015082,-3.08657626310422,-1.178016572332664
3.98439567452159,-3.103976491460767,-1.1801457751310689
3.9922286041969497,-3.121638005888958,-1.1795488297025143
3.9986200699009413,-3.136715362757645,-1.1777778647640436
4.0051866205385345,-3.1520941931722,-1.2015287847404184
4.0108474377319325,-3.167626488446489,-1.2913507619877145
4.015251099834362,-3.182934741544948,-1.3590669285453998
4.018729935849824,-3.1986485869865224,-1.4337801590677812
4.0199754005195,-3.2149058031809967,-1.4949932084731214
4.020778588886863,-3.230269172107765,-1.5676193226637027
4.021119016363133,-3.248731993701163,-1.6482470162087
4.020302861147992,-3.266762388318916,-1.6987764741326359
4.018166721677909,-3.2862917802532854,-1.6945537023819475
4.01511208016865,-3.3018805377252423,-1.6751521231009388
4.0125183,-3.3213037666666665,-1.6730556466666666
4.011295628272302,-3.3395048519361037,-1.680359571700209
4.010269279430809,-3.3586334944549012,-1.6938784544767354
4.007717588431062,-3.375124197671907,-1.6884478036119097
4.007192639695123,-3.3886303080838633,-1.695638912199854
4.010659320935654,-3.385973915004371,-1.7199500756581632
4.008975536272874,-3.388888563137033,-1.7147514732943911
4.0125733498402605,-3.386052039265676,-1.7163422932003496
4.005049249732525,-3.383118672496982,-1.6813639729219627
4.007325462247985,-3.38622305151321,-1.698395232514566
4.006565433333334,-3.3839396666666666,-1.69278898
4.006313657984562,-3.384298857973635,-1.6913389775164658
4.006651028052124,-3.385473508908641,-1.69448898
4.00622238804258,-3.38409315116054,-1.6901772133141664
4.006730593256365,-3.385090986718637,-1.6946465515978384
4.006499159926567,-3.3846745534829012,-1.6925823122207122
4.006436470370111,-3.3848699702074243,-1.6920066244188885
4.006398706121763,-3.3848216765115073,-1.6922301577905559
4.0066035,-3.3852351,-1.69338898
4.006641767896401,-3.3851991577071727,-1.6939310820930582
4.006319651566261,-3.3852108675734294,-1.690666400148743
4.006474033503318,-3.385363616733115,-1.692672311788018
4.006343823815268,-3.3848507237661813,-1.6916360411334725
4.006416217383977,-3.3848865001397623,-1.6921993265285487
4.006672974896065,-3.3850116873072165,-1.6939514827939621
4.006478135471417,-3.384960387081516,-1.6924115606203518
4.006630575031665,-3.385187862520675,-1.6939077300931322
4.006373782442534,-3.3844950061105425,-1.6924066272238196
4.0067204,-3.3850369,-1.69318898
4.006575864565306,-3.385032253244604,-1.6924830966570832
4.0066049062838065,-3.3850190563173346,-1.6936327297206037
4.006525062515926,-3.384635946886013,-1.6931671049767167
4.006544387366821,-3.3849366876648435,-1.6930014790686794
4.006621633333333,-3.384927916666667,-1.6933556466666666
4.006660347156501,-3.3851247764834578,-1.69368898
4.006604949988825,-3.384986900068545,-1.693207730093132
4.006784031253632,-3.385237587523283,-1.6940796049534341
4.006487229633681,-3.3847132887327502,-1.6929007451183664
4.006590500057722,-3.384904700032626,-1.6937205590794557
4.006410305450986,-3.3846480527029064,-1.69238898
4.006606207135437,-3.3849182429199094,-1.69388898
4.0064754290469455,-3.384631548391835,-1.6922180123324926
4.006695443429346,-3.3849349031910774,-1.693879603463321
4.006461329362018,-3.3842853882880104,-1.6929125091642707
4.006491689771871,-3.3850260894895348,-1.6906258230959192
4.006219641657434,-3.3845455948291097,-1.6883595773100712
4.006698740841765,-3.3850412628663817,-1.6932077345634713
4.005857143433817,-3.3842126460668465,-1.686513985587924
4.005918,-3.3848322,-1.68608898
4.006500220051022,-3.3846410397706412,-1.6918489804768377
4.006909865373917,-3.384756934769133,-1.6923222947897958
4.006819471403269,-3.3847065711614444,-1.6922318376294279
4.006935368938129,-3.3858074359092805,-1.7069639576479705
4.003948539265676,-3.398578226952237,-1.7926690054311374
4.000907456750313,-3.416673064803004,-1.8679514583930381
3.996340072421662,-3.428844768641008,-1.9353032528201635
3.9922108035921484,-3.4440488962886433,-1.9944889323166177
3.983648758974155,-3.458198294703881,-2.068768987629462
3.974236030822538,-3.4754523806389575,-2.1442489529794164
3.966435045068016,-3.4861471070188217,-2.212489018412122
3.956475161307615,-3.4990062735377587,-2.287398635983941
3.9395369770367847,-3.510839268923706,-2.2976033260490465
3.928462960708698,-3.5226472340624957,-2.3719389539230207
3.9170033973439935,-3.5318356625933816,-2.44768900384207
3.905126888748156,-3.5421996410317544,-2.534757782992147
3.8947903,-3.55253445,-2.63583898
3.8814248735442614,-3.5604397790306295,-2.7288242430988445
3.8645855,-3.5655823,-2.76188898
3.851396452014078,-3.5705906320787917,-2.8496890231425973
3.8360230206485,-3.576606788112702,-2.931930006324278
3.8199191,-3.5799192,-3.00053898
3.803994325789939,-3.5816999455913496,-3.0689065907597155
3.7149926715753425,-3.55430460967441,-3.114488992217958
3.75078929109589,-3.570647117833929,-3.1796746272418988
3.7566430018253887,-3.575076851987066,-3.252532817797089
3.7396741178837947,-3.576564520219504,-3.3784089876700136
3.7231835924611376,-3.574115431365038,-3.43542233859358
3.7073742571827273,-3.568166149066659,-3.506412488111805
3.6930637980613628,-3.5616654285818594,-3.5844077213122656
3.6775889,-3.5557961,-3.655188977179586
3.66323390595044,-3.5474226512390024,-3.7152728509259716
3.651023854266939,-3.5392154658033945,-3.789226452033928
3.6370989946495937,-3.5286745452842094,-3.8592537360256376
3.6254158304757933,-3.5193141742582963,-3.9186452304392088
3.6148455254473686,-3.5108066811144814,-3.981000103449504
3.602780151641744,-3.496680689276321,-4.072382670973964
3.5908495814790404,-3.484186681300927,-4.124430156372608
3.5840130383644384,-3.473216941801661,-4.190133359075556
3.577088427235196,-3.459129995935551,-4.263325813208749
3.570348634649313,-3.4446010103025118,-4.336224153820121
3.5648685977901624,-3.425472615692381,-4.412254583879134
3.561396049140571,-3.4108367431890145,-4.455038972336682
3.5561496578074476,-3.393025203242486,-4.441538988355434
3.550791867592537,-3.3747631226798593,-4.444638968238774
3.5461288783968277,-3.3572175717888872,-4.451652135338498
3.5411557880670754,-3.339566042380492,-4.4430167557668145
3.5364281257993175,-3.3222163955555555,-4.442495870754627
3.532487581490198,-3.305115219181222,-4.437314789535861
3.5270788613884814,-3.287059877945358,-4.435914901274035
3.5221104397824097,-3.269219121605953,-4.434804769427142
3.517263911692355,-3.2516572614223804,-4.436177214701149
3.512452214285514,-3.2350028929245616,-4.435906627208337
3.5072307911441363,-3.216931587697687,-4.438583419416466
3.50274270121173,-3.1994052688933143,-4.4376536827319475
3.4977081472317217,-3.182197137756767,-4.441538987237925
3.493059190639945,-3.165647689763404,-4.442836035508128
3.4881398231487717,-3.1469715090668124,-4.442224268327348
3.484201553086885,-3.1291793101039,-4.4632415822089495
3.4806659176949077,-3.1142256163709803,-4.543418301331445
3.4772052809533744,-3.1006642596857352,-4.629545252790905
3.477052529252626,-3.083270227359298,-4.691500752280213
3.4763731107905698,-3.0672192272989913,-4.768947869512307
3.4759155,-3.0511034,-4.842988977179586
3.4789393759603384,-3.034048428599077,-4.927159511378709
3.482917973814281,-3.0170109933037366,-4.946985551356427
3.4864126666651285,-2.99990856731809,-4.950763170976068
3.490306345516995,-2.9837245722868766,-4.9490389764345295
3.4951432412224888,-2.9650801430657587,-4.9481577220573225
3.499124,-2.9461401,-4.950888977179586
3.503262619024274,-2.92874643932781,-4.9492858516673595
3.5074530989941737,-2.91232559479429,-4.947742103436869
3.5115155206917104,-2.89530757009194,-4.948770240497471
3.5160168019269875,-2.875963257459013,-4.945988977179586
3.520127432718504,-2.8583704859680306,-4.948025343475983
3.5242266378101297,-2.839631170457763,-4.948470227086454
3.5284121587559305,-2.8219133648236894,-4.947568976225911
3.532406768541296,-2.804954321847608,-4.9475536827319475
3.536513842373499,-2.787747548112308,-4.946883095321626
3.540734060851943,-2.7700682138149357,-4.944711200284834
3.544944431792895,-2.75194950070631,-4.945138975192778
3.5488971346794025,-2.7343656016778675,-4.944767102319284
3.5532586886638713,-2.717105438762745,-4.944283095239134
3.557038518180161,-2.6994379211127164,-4.9454007424629545
3.5616632837488265,-2.681105015109747,-4.943588977179586
3.565415208564465,-2.6629639260165834,-4.9470223078638424
3.570128629893541,-2.6459919508712644,-4.946449848547591
3.573878800995403,-2.6283289203871343,-4.94536397662079
3.5784197482532294,-2.6101249749996493,-4.941371331358233
3.5826912823502868,-2.591391349004181,-4.944553263076334
3.5872738777291597,-2.5739411475345,-4.942553674812258
3.591095512925241,-2.555895659915958,-4.942645227458982
3.594835833474646,-2.5398109851540034,-4.942960852039889
3.5995040269278338,-2.520405138006825,-4.942188980159813
3.603219704638722,-2.5033325030666527,-4.944367106789624
3.607119974716351,-2.486310177895741,-4.945624273029691
3.6112402886680783,-2.467759732409576,-4.945906618793543
3.615152100468893,-2.4508614477211017,-4.947100088879389
3.619336071931297,-2.432236791289089,-4.945180979621007
3.6238305587906847,-2.414436606065803,-4.94453091328369
3.627630281054093,-2.3983026775339047,-4.946059564672399
3.6317324134944644,-2.38071293215068,-4.946651478483435
3.6358265902700397,-2.3623313065477087,-4.945283714417954
3.6401588064929733,-2.344303441265216,-4.945822304331658
3.6444587371878163,-2.326579725979019,-4.944913990590804
3.6482193499999997,-2.3096370999999998,-4.944138977179586
3.6520665227037017,-2.291674280254217,-4.945826477924654
3.65632250816582,-2.2742488729052734,-4.948951479973548
3.66020144639787,-2.2567891698981417,-4.948688969232251
3.6650087677669307,-2.2384585402731236,-4.9442000862302775
3.668498917085637,-2.2213564096604035,-4.943976476620794
3.6728294786466793,-2.202860983352456,-4.956113982767511
3.6776767892024176,-2.185091590754947,-4.944888985594379
3.683834154108317,-2.166672266902575,-4.933867926133057
3.685952194435017,-2.149059550243328,-4.950088979984518
3.6893725139236904,-2.131488385131861,-4.9544341407275745
3.6944174279286983,-2.114313110577395,-4.948518393894171
3.699606251502742,-2.09501261209907,-4.945288977179587
3.7029198158448335,-2.0772798590219343,-4.953347794356743
3.7071719,-2.0583488,-4.958188977179586
3.7125808023364972,-2.0412353126197678,-4.948276485561473
3.7161245686069484,-2.0238631464322205,-4.9524104094002945
3.71970744,-2.0065488,-4.958628977179586
3.724119802692734,-1.9894618939820203,-4.955665449417781
3.7288230770056026,-1.9704241909762785,-4.954739006980517
3.7327124815017325,-1.9517956754522046,-4.958748973364855
3.7365192864891443,-1.9356941730066013,-4.959220226341397
3.7416536835219505,-1.9166818062641064,-4.9552689752722205
3.744380139546047,-1.8989707850716853,-4.939008996571137
3.7493661,-1.8862963,-4.8447889771795865
3.7533634,-1.8720944,-4.748088977179586
3.752605062595181,-1.8572760973326976,-4.674151465072417
3.7524791538735416,-1.8403134499602631,-4.613795649780279
3.7550850599411905,-1.8203477716538188,-4.502588937443434
3.7509732521170216,-1.8042232260634194,-4.439194847900313
3.746021484305177,-1.789007349972752,-4.39353182459103
3.7442656935220113,-1.7721400268922767,-4.375253679927016
3.7387356490662005,-1.7558226337916236,-4.3769956290114225
3.7334586193406873,-1.7364128233270815,-4.385422308393625
3.7289976034542724,-1.7206499127624364,-4.3795360327031965
3.724055884849159,-1.702406940591919,-4.384408975908009
3.7190532468178636,-1.6842511394120012,-4.38383897643453
3.7144244165348366,-1.6661127611242006,-4.380924272534686
3.709307276370919,-1.6480056467781414,-4.389088977179586
3.704548204553742,-1.6296610587302256,-4.388477212061219
3.700169315573145,-1.6128536474966622,-4.388708984808806
3.695420962703648,-1.5939152521020425,-4.388455638548099
3.690827006290058,-1.5776879953830834,-4.393277211896218
3.68598642,-1.55836654,-4.392688977179587
3.68109355473262,-1.5407031994053546,-4.397141914643648
3.676512577658746,-1.5234945184185011,-4.398355638548099
3.6719092020790285,-1.5054871072575262,-4.392888974000644
3.6672269399099617,-1.4888259597239948,-4.396965449417781
3.6628455000000004,-1.4704598500000001,-4.396938977179586
3.657673222413147,-1.4525681248518392,-4.402288977179587
3.65360819858351,-1.436174864777078,-4.3977242688222935
3.6492709182995835,-1.4188450151126935,-4.391408980676424
3.6445797801032214,-1.4015828428242851,-4.403547797986565
3.6396535926566425,-1.383826296515879,-4.402482307757836
3.636372,-1.36747396,-4.393968977179586
3.6296823,-1.3487676,-4.405688977179587
3.6252993,-1.3316163,-4.401388977179586
3.622130586571544,-1.3121884856435462,-4.387558206538057
3.6168174870878746,-1.2975772207970029,-4.396531831403019
3.6106618800000003,-1.28089064,-4.413408977179587
3.6070419728099457,-1.263057450759537,-4.407417553473865
3.6032950563140744,-1.2447665974330446,-4.39660564649533
3.598407272006016,-1.226261237860837,-4.396750511126694
3.5930722333333334,-1.2102557,-4.408655643846253
3.58844608,-1.1941914200000001,-4.395548977179587
3.5815183502715304,-1.1812849116162016,-4.348211155250529
3.5749643114424385,-1.1647057009111035,-4.269603299386671
3.568320118834829,-1.151033480201291,-4.199703305954642
3.561031504377095,-1.1376251269553874,-4.130988964557397
3.5518822896622426,-1.1237901670491932,-4.059708935853988
3.5411226675811425,-1.1119207492163907,-3.9807823554419763
3.5314057064758098,-1.0997761602758316,-3.9173428157153305
3.5190541714451475,-1.088505937856439,-3.8501556729865607
3.5078372146207033,-1.0783264805155464,-3.7795889645573966
3.4952147945099656,-1.0681433285548527,-3.7170222797831403
3.4789348049099225,-1.0581939215500156,-3.6526640088444893
3.465889502560638,-1.0518198666656071,-3.567455649144491
3.4488484822299927,-1.0451629406596201,-3.5368290121474
3.431416874074545,-1.036507836037511,-3.5451556464953295
3.4154459434862487,-1.0307171948767935,-3.5433242716272253
3.3982692203115317,-1.0243041101120558,-3.5484356417269916
3.3813738741357304,-1.017243561941293,-3.548924266017363
3.3632473000000003,-1.00974594,-3.549928977179586
3.347268754080173,-1.0026178453110597,-3.546168970503807
3.3307269963241377,-0.9958941952302147,-3.5542183882843084
3.313226283752533,-0.9892119261413755,-3.550538959299028
3.296932758365006,-0.9817584906834215,-3.5505889771795864
3.2801526862415358,-0.9748661644657787,-3.550188977179586
3.262722526794882,-0.9682810630421999,-3.5554556464953295
3.2477887163822,-0.9607062172545334,-3.550647800791496
3.228034625176826,-0.9532030900230469,-3.552902311042735
3.2142279,-0.9459162,-3.5298889771795863
3.1988618126519905,-0.9407641110466503,-3.4549155845069324
3.1832978399348324,-0.9379771957911468,-3.3736756719264673
3.1696686376521774,-0.9322622611020877,-3.307676448308645
3.1525449,-0.9318577,-3.2297389771795864
3.1354492327878067,-0.9296815711614441,-3.159924677111466
3.1219443159390208,-0.9280247183975429,-3.0929360860123696
3.1065761385183923,-0.9286959866314715,-3.0579461342915533
3.0852670170340755,-0.9309066044419176,-3.065412093743902
3.0668658,-0.9336665,-3.06668898
3.0505187653337873,-0.9334942827963215,-3.0634032613351496
3.033433142441412,-0.9361449719661165,-3.060141918866527
3.0132258106895318,-0.9390403762231571,-3.065881836048092
2.9944422828651893,-0.9403168561355407,-3.064907730093132
2.97926135,-0.9410092,-3.0639889800000004
2.959042685063975,-0.942778507044425,-3.0659756461368515
2.9403079785304502,-0.9454409999955297,-3.0661139811175846
2.9238791894158718,-0.9454012238504769,-3.0683032766621254
2.905752139424387,-0.9471254572649863,-3.06718898
2.8883524,-0.9485443,-3.07128898
2.8693315,-0.9521849,-3.06798898
2.850855267406756,-0.9529441064074863,-3.064970229906868
2.833386740997234,-0.954346366109292,-3.064922309624567
2.8141251512755305,-0.956810100898037,-3.065115642957959
2.7976475315428524,-0.9582815709535363,-3.064494863342917
2.780299357955486,-0.9601266949314896,-3.060700743880903
2.758787758281227,-0.9627489680964136,-3.0610857551859287
2.7412914732451648,-0.9643798806305485,-3.062694860537986
2.7239206921178116,-0.9663176336204978,-3.06418898
2.7061583946236563,-0.966639219547958,-3.061568983814701
2.6869914,-0.9689192,-3.06328898
2.6685509293066727,-0.9711186604094478,-3.0666089755494803
2.6522141991080446,-0.9724086584651632,-3.065759567905307
2.63430102889341,-0.9736554784340529,-3.0625889768210572
2.6147833683796837,-0.9758701481564942,-3.0651986566750753
2.595813019677655,-0.9777724182757416,-3.0635489761852686
2.577912601494886,-0.9796406470138045,-3.063358974993205
2.559290940163808,-0.981433781710447,-3.063924274447639
2.541325544824092,-0.9827266749616296,-3.064288978509887
2.5225885,-0.9852118,-3.06358898
2.505520735490463,-0.9860255852861035,-3.0634318376294276
2.4872114360797,-0.9883440863317439,-3.061831837629428
2.4679097452197407,-0.9898441006834618,-3.0632223106842567
2.450602253466846,-0.9917569522102547,-3.0623183892898016
2.4323312,-0.9932269,-3.06118898
2.4139338,-0.9952511,-3.06118898
2.397259988249038,-0.9965956331166353,-3.05688898
2.3780889542636894,-0.9984493260589684,-3.0507556493157435
2.360706544913959,-1.0005497479839558,-3.0545595717002088
2.342682538709128,-1.001935971997616,-3.0580032664441417
2.3252052977490427,-1.0031949771370068,-3.0530948577330546
2.3079238424211717,-1.0048190964773203,-3.051288974039459
2.2882852815395096,-1.0066937434196186,-3.056824696961853
2.272138361778599,-1.0077919983996184,-3.061038974784604
2.2541974257446675,-1.0093853335632768,-3.0546889752315862
2.235402305848281,-1.011508687766293,-3.054306625821354
2.216781589967257,-1.0130080216072734,-3.058548985722097
2.1995489652147997,-1.0136206749601395,-3.0590514798137356
2.1824987277578267,-1.0157712122159472,-3.055576480931321
2.1621277,-1.01762715,-3.05878898
2.1447335,-1.0194501,-3.06008898
2.1262685776250647,-1.0206507294012874,-3.059865450835729
2.1077111408293594,-1.022353771798365,-3.0559175477792917
2.088629098145087,-1.0239147469164256,-3.0557823137571924
2.071862288544822,-1.025267234376753,-3.059465449763267
2.0527985807038176,-1.027056186807388,-3.0629289774568456
2.0337272849573083,-1.0290837001892443,-3.0625389777648304
2.0170307416701436,-1.030222190230673,-3.0601556426929726
1.9975783185329414,-1.0319573669315745,-3.0614956477262973
1.9799971175883202,-1.0336992124440767,-3.063412507761805
1.9601011,-1.0358954,-3.06348898
1.9434499024720977,-1.0368591949410662,-3.0613577293480754
1.9246953988941053,-1.0387043528280087,-3.0602043616527896
1.90607635814763,-1.0401688340401183,-3.062122309624567
1.8891523828436392,-1.0416719106138592,-3.0611183925071876
1.8707196765984502,-1.043167248476058,-3.0589223080349695
1.8521844552995872,-1.0449869243380174,-3.0602139796274717
1.8343021059574722,-1.046393049039622,-3.0601389777648302
1.8164439553676448,-1.047721437991544,-3.0606089723705376
1.79872467310274,-1.0494584306165866,-3.058096671743389
1.7805104,-1.0509723,-3.05898898
1.7617721,-1.052792,-3.05988898
1.743615158531899,-1.0543714350981024,-3.0616007466858335
1.72529848,-1.05568158,-3.0566289799999997
1.7060869,-1.0573029,-3.05848898
1.6898583,-1.0583352,-3.05718898
1.6699186415440124,-1.060121265907429,-3.058955644017548
1.6530374282232163,-1.0618812824888155,-3.06163015638809
1.6349687386522709,-1.063231871989578,-3.058917552401696
1.6164412334806244,-1.064641373716502,-3.0566156449712305
1.599616295011027,-1.0663701063628779,-3.057920228137331
1.5798926815923324,-1.0680687665670598,-3.056562313439298
1.5616641627547039,-1.0699207832436897,-3.0565246943059883
1.5437901295260197,-1.0716044193883716,-3.0560489825431545
1.5254235404300973,-1.0732215090430097,-3.054518984291436
1.5087521710724343,-1.0746989368221849,-3.0577139811175846
1.4889484577286816,-1.0758732817118335,-3.0529356524946354
1.471824028420964,-1.0777884231364738,-3.055553681344964
1.4532250535516844,-1.079544498998644,-3.0586202306519246
1.435450398340592,-1.0812172602107637,-3.0575089803178943
1.417648171356784,-1.0824694304973774,-3.0542197488075415
1.3991684,-1.0845761,-3.05798898
1.3805787418762119,-1.0861203327065518,-3.057422314392981
1.363540789947268,-1.0876883778301358,-3.0573419251363174
1.3460295000000002,-1.0890675,-3.05658898
1.326409529611242,-1.090970953752945,-3.057812510236733
1.3102584,-1.0920119,-3.05568898
1.2917906207731609,-1.0935520290463216,-3.0567746952588557
1.2736977473736757,-1.0950263750957396,-3.053226478696151
1.254199,-1.0969163,-3.05588898
1.2370318790787498,-1.0984781008225448,-3.057068981430513
1.2188111,-1.0997753,-3.05288898
1.2003015466263625,-1.1015712002009537,-3.0559318376294278
1.18173463071012,-1.1032965374591939,-3.0572120588981404
1.1644496913866549,-1.1045090012048193,-3.0576556519649047
1.1461200741873956,-1.1062868665898433,-3.0578689831788926
1.1272782825544958,-1.1080819929138284,-3.059781835926431
1.1083777232459129,-1.109484583089237,-3.062303251117166
1.0903908920876118,-1.1106363005404203,-3.0601223143929808
1.0728827613045735,-1.1124799882543512,-3.064030154985625
1.0547155864441418,-1.1138882564577657,-3.0596461257765664
1.0366252808699281,-1.1153498991968291,-3.0607389807450565
1.01817228,-1.1166927,-3.0580689800000003
0.9996321354734332,-1.118363185500681,-3.0580318376294278
0.9828542051189992,-1.1199248405817426,-3.058336042535938
0.9649793,-1.1212788,-3.06058898
0.946121842304311,-1.1230691564246227,-3.0600827304656604
0.9277210076691992,-1.1245426995152112,-3.0594223128035094
0.9100405864792694,-1.1262685201869203,-3.062338978807906
0.8933043046631979,-1.1273361825028398,-3.059524274447639
0.8743773986950648,-1.1288365140475245,-3.059148983178892
0.8563547,-1.130532,-3.06038898
0.8391506012785361,-1.1319783762055193,-3.06048898
0.820127402014623,-1.1336033993006436,-3.058572314657872
0.8026240872586006,-1.135134906447134,-3.057947805014375
0.7839005502026584,-1.1365932879060618,-3.057220228137331
0.7658857260296835,-1.1384144014007271,-3.0582389770197294
0.7477102099182363,-1.140192575333436,-3.0584478022094443
0.7294178216008175,-1.1415731152997275,-3.0573246952588558
0.7110327980007153,-1.1430135998518418,-3.058853265349364
0.6939627353559135,-1.144447614466018,-3.0611014865192447
0.67498495,-1.1461431,-3.05943898
0.6569297215839446,-1.147768819832265,-3.0605242786550355
0.63917802,-1.14909762,-3.05936898
0.620449424994891,-1.1509489642455721,-3.0589961240735692
0.60323065,-1.1522515000000002,-3.05838898
0.5854731,-1.1531261,-3.06108898
0.5680615659116728,-1.1546697821480163,-3.063783096657083
0.5495533454899467,-1.1565938936263211,-3.063668976821108
0.5307727390923025,-1.1583801211665532,-3.0635318376294274
0.5128633,-1.1593734,-3.06408898
0.4960567183779084,-1.1605765648514088,-3.064712507761805
0.4769864311150516,-1.1624676861583394,-3.062938974784604
0.45991527497445506,-1.1630624709724113,-3.066660408814714
0.44101731405289424,-1.165565741656307,-3.0701746903932152
0.4228273178183246,-1.1685667654586764,-3.081894861940451
0.4056629281369648,-1.168834577754793,-3.07328898
0.3883262333333333,-1.1701077666666666,-3.07098898
0.3686514858148174,-1.1713365588588174,-3.065027714685402
0.35058865018442426,-1.1731363416209697,-3.0680242716427077
0.33170298459251363,-1.1741557316143783,-3.065036029913748
0.31325193729608997,-1.1754809959933243,-3.0634416138904785
0.2951954873042364,-1.176803334637679,-3.063195231024453
0.27698194708906404,-1.1783560753907822,-3.0638389807450563
0.25926194446937717,-1.179807361176949,-3.0640183911047223
0.24144271242155294,-1.1813059683189258,-3.06385994612933
0.22358230130709786,-1.1830085461747752,-3.063836034121145
0.20454415550958585,-1.185074505486445,-3.067400743880903
0.18768142208431504,-1.1862715771162908,-3.074424275355099
0.16858478809918184,-1.1881076050795563,-3.071773191715103
0.14977905423862672,-1.1899696729917002,-3.074401471618114
0.13210497914368996,-1.191472593650354,-3.0771244637221105
0.11463417555536856,-1.1929568466593738,-3.0777360376685743
0.09600630419477442,-1.194360571248054,-3.081577213314166
0.07870759999999999,-1.195172,-3.10603898
0.06254405763132799,-1.1957469763232138,-3.1784723873361465
0.04520005080150905,-1.1950325116881477,-3.2489183995040323
0.029419258963681156,-1.193361489371374,-3.3201423603155633
0.013868039879202099,-1.1902588806643886,-3.389342271306583
-0.0018487623914842293,-1.1870140728089982,-3.4710654774670915
-0.018203306801239768,-1.1829092681713422,-3.5457689406223265
-0.03234528247759561,-1.1751739195349424,-3.609547833048203
-0.04698938,-1.1689714199999999,-3.697088977179586
-0.05950916933909781,-1.1590153668181962,-3.7552689339459655
-0.07238703554548896,-1.150215187154818,-3.8198183602349975
-0.08529506085571234,-1.1402152253527538,-3.88850724451383
-0.09774186699988079,-1.1288082331976634,-3.95858895333803
-0.10964060587674335,-1.117605429395637,-4.028239269228698
-0.12134013106254471,-1.105614148209489,-4.104289008968507
-0.12912135751836565,-1.0936719213682218,-4.169876576458372
-0.13592426310895653,-1.0788509060319478,-4.235922284022151
-0.1458472,-1.064499,-4.314888977179586
-0.1527505567086939,-1.0496101935304265,-4.384183074202151
-0.15710193515060003,-1.0332104862878488,-4.455655678284251
-0.1613504419448229,-1.016450293136921,-4.52153893119866
-0.1634023418265455,-1.0048630506058565,-4.593612515830994
-0.16589784059509807,-0.9853521550878978,-4.663549005154281
-0.16558816430164228,-0.9703897783823963,-4.738783046152841
-0.16552905955431224,-0.9520835166862702,-4.815848995617454
-0.1611100286320056,-0.9387396748335348,-4.8811175325516
-0.1581967784797866,-0.9226158828979719,-4.94947027327996
-0.1544923346866485,-0.9067702413760218,-5.024817437670049
-0.14968608283266016,-0.8923487775805004,-5.093947795759189
-0.14319569326464576,-0.8764010570929837,-5.167503197206834
-0.13674095691896876,-0.8618876533680898,-5.236309014055322
-0.1290553046926497,-0.8496314772478016,-5.3020418865943375
-0.11857957240214584,-0.8332086067752832,-5.382622273424371
-0.11038428208586032,-0.82243409380858,-5.446826510148339
-0.09795964,-0.81038946,-5.525268977179587
-0.08640710521823441,-0.7988831385224274,-5.5969889406217455
-0.0739474021113142,-0.7898876715939496,-5.666655694178712
-0.0610697,-0.7799213,-5.745988977179586
-0.045179421971696665,-0.7705086061340917,-5.817310470342169
-0.03161733627757598,-0.7634980650056801,-5.88703014936028
-0.01650238389891123,-0.7567246887467217,-5.959097353560418
-0.0005017651778618432,-0.7522348994929586,-6.031288983537472
0.01377718148605248,-0.7475588465646607,-6.100600762097472
0.030598194209809266,-0.7448681376192098,-6.171288823909832
0.0474783088341304,-0.742482617620577,-6.254936022885938
0.06256842686163872,-0.7429144524199316,-6.312728951748449
0.07714010637219061,-0.7444728006500938,-6.371722333825166
0.09481730241781668,-0.7439413926133177,-6.428918400493846
0.11657928099817214,-0.7444838656838592,-6.440222371441686
0.13330689520779626,-0.7471706731273003,-6.431238982394983
0.1493542404981403,-0.7517024016689449,-6.4159556380181915
0.16757986,-0.7543787,-6.412368977179586
0.18589856631558277,-0.7554376524536135,-6.422712518966047
0.20464144,-0.75848632,-6.416148977179586
0.2237577343395811,-0.7606678800902322,-6.421796665255
0.24085622993702932,-0.7627889935612807,-6.420977210493753
0.25935204152652824,-0.7654908868073879,-6.425135644058183
0.27688285907086047,-0.7682702360382146,-6.421974690978738
0.29510602736982644,-0.7702066253671562,-6.426468979086891
0.3136975674506131,-0.7729057853048364,-6.424974690735445
0.32986479448838774,-0.7740153586587007,-6.422112508818765
0.34835776776566757,-0.777189728126703,-6.4188461195501585
0.3666729,-0.7788165,-6.4171889771795865
0.3843700662841339,-0.7812683465810472,-6.415248973364855
0.4026804447015815,-0.7833700390813002,-6.413415643316438
0.41967384572738875,-0.7859527939259218,-6.416365448015315
0.43920623105618695,-0.7879265383565128,-6.416028970821802
0.45767075332040563,-0.7899831539275837,-6.414055645965548
0.4745228863943416,-0.7920955226575539,-6.416688993074047
0.4939253048574244,-0.7942917205725276,-6.420028976225903
0.5109229877959738,-0.7961258982908402,-6.419888978669699
0.5292637080029882,-0.7986382003592205,-6.417088980358529
0.5475948457935309,-0.8010568792640864,-6.4200623094532885
0.5657052992465905,-0.8033185678513526,-6.420022308393625
0.5842504,-0.8052032,-6.420188977179587
0.6022142607629427,-0.8077828287976839,-6.417846119550159
0.6196578716337321,-0.8096649486907985,-6.42221250213646
0.6379539923627117,-0.8115705656886275,-6.422355641726992
0.6569276019115605,-0.8142468525251392,-6.420177210493752
0.6749841999999999,-0.8153388500000001,-6.431288977179586
0.6947064709476428,-0.8178205380360491,-6.433628984173261
0.7112216326269583,-0.8206511114132645,-6.424918388284308
0.7292234,-0.8232351,-6.422088977179587
0.747084,-0.8250019,-6.4251889771795865
0.7652552823399182,-0.8271892310354223,-6.427274685626452
0.7830340951998729,-0.8305592274497338,-6.417508980358479
0.8009088177413373,-0.832467899531101,-6.420422311395969
0.8187786106930836,-0.8343790017881411,-6.427678977894843
0.8365567032663117,-0.8367306837240721,-6.424868974000694
0.854700993833912,-0.8393411746993696,-6.4200139738268325
0.8731435788092244,-0.8414716269149074,-6.425461704649351
0.8918403935483871,-0.8434690003075602,-6.4280389783716805
0.9088598970323829,-0.8462305699633956,-6.423441916046113
0.9276190952795328,-0.8488913153534391,-6.4217389712194
0.9457096018260102,-0.8506334101510455,-6.425512510551253
0.9634966,-0.8530179,-6.424888977179586
0.98155446,-0.85546228,-6.423028977179586
0.99890192048796,-0.8575629097327081,-6.424511200284834
1.0175254515884842,-0.8597767861477021,-6.427376477924653
1.0354710975905643,-0.8620750951334446,-6.425624273029691
1.0543318750409283,-0.8649682007422713,-6.421288978769033
1.0726674999999999,-0.86681154,-6.426088977179586
1.0895241,-0.8691143,-6.428288977179586
1.1075289871321525,-0.8716602014918257,-6.424646122956153
1.1259696646087822,-0.8737344165168366,-6.426665449417781
1.1440119261066517,-0.8762472520448225,-6.429682312632181
1.1626041483453604,-0.8788690202403281,-6.429828977815375
1.1791099,-0.8813667,-6.424888977179586
1.1988863806720285,-0.8837923122834346,-6.427568978451164
1.21614356500568,-0.8858468038371458,-6.426853684134413
1.23400222970422,-0.8881483768915753,-6.4262360397155245
1.2521633879361043,-0.8911889153222602,-6.423208972411248
1.2714609638828338,-0.8932698223671661,-6.426081834809014
1.2882366091786863,-0.8956678887710097,-6.426988953338842
1.3076102850653273,-0.8987275006389674,-6.421248979722741
1.3238831022271154,-0.9008103406027796,-6.421371331358232
1.342455778845368,-0.9037055576873296,-6.42311755006787
1.3598369248615858,-0.9059077908262471,-6.422966759372492
1.3779246421385147,-0.9081738619144117,-6.422688977179586
1.3975373871062085,-0.9101792723177671,-6.4307956370645085
1.4124640431364368,-0.9136312572450378,-6.41611397568945
1.43028944,-0.91649802,-6.414828977179586
1.4489800221386102,-0.9184220869734313,-6.417138977924642
1.4654251,-0.9208873,-6.418288977179587
1.4855879506159104,-0.9235591887785107,-6.416742318989965
1.5023159777824135,-0.9259519379606312,-6.417601476248265
1.5202981126513515,-0.9282639008923553,-6.421788983991459
1.5380452250644818,-0.9313243522574073,-6.41909806966501
1.55701016,-0.93286172,-6.424548977179587
1.5732875,-0.9359354,-6.418388977179586
1.593290926159997,-0.9381420785771926,-6.421142821217293
1.6110341811452533,-0.9401127704766981,-6.421112506343857
1.628875535072717,-0.9428521074767544,-6.420682311042735
1.6470243855588291,-0.9454359832581188,-6.421146121982979
1.6658039463181198,-0.9474940005074932,-6.422974692438442
1.6801883804976905,-0.9516472635344956,-6.407938975689495
1.6986604215839445,-0.9540939308921083,-6.40894779938903
1.716888865472463,-0.9568576525009934,-6.408395640137545
1.7346269154973457,-0.9592502790062625,-6.408988978769058
1.7531267380955875,-0.9617951838462385,-6.411096668922975
1.7705664937533776,-0.9643887120354769,-6.409415642150817
1.7881415421020153,-0.9672151700783979,-6.40648309383667
1.8061884553485712,-0.9695092193216136,-6.407568976861692
1.8248369,-0.9721353,-6.406988977179586
1.8426418608979422,-0.9746329237315412,-6.407726474385624
1.861465641314472,-0.9777158342573313,-6.405122314221627
1.8778484836250422,-0.9797331444757658,-6.406018394884063
1.8961511579970065,-0.9822186182351617,-6.408172308967605
1.9141393085376162,-0.9849515109174849,-6.406452615907722
1.9333379670112056,-0.9878893122294995,-6.404700741060489
1.950974798749106,-0.989741558614003,-6.407242309453289
1.9689927897765203,-0.9924937472772356,-6.4085489765437975
1.9859183834284673,-0.9943813118101622,-6.436600749475282
2.0007331046304495,-0.9967603633055176,-6.512017539849886
2.0165542478240743,-1.0000556567016816,-6.596606559889991
2.0322679048844456,-1.00658864143116,-6.658049001975339
2.045997924441417,-1.0118674059536785,-6.734060448569232
2.0597497155269786,-1.0192845707535503,-6.80126398947302
2.0767536220694587,-1.0275448670666774,-6.895255225292119
2.0879064494648722,-1.0366730928737946,-6.949344561581409
2.100990901897139,-1.0467409880279293,-7.026388949931629
2.11356768,-1.05886574,-7.063768977179586
2.1282518355645292,-1.0713735103369146,-7.06678897419936
2.1411397105376087,-1.0844044072237453,-7.067238911617541
2.1521781444455352,-1.0976161915669747,-7.0568419188510445
2.166696572757107,-1.1095694548967086,-7.0730183910892395
2.179375610057902,-1.1232108804564034,-7.064031841621003
2.1916223903475758,-1.13567379194496,-7.060238974625134
2.204469,-1.1483049,-7.064988977179587
2.217705182571724,-1.1612736379639197,-7.065489024862968
2.2305368835378596,-1.1738668000126222,-7.065524273029691
2.244068831900183,-1.1869927522371453,-7.064775641726992
2.257093674663607,-1.1999991610097007,-7.063013979787284
2.269217415915179,-1.2118327689508155,-7.060994859120037
2.2835969,-1.2256718,-7.069588977179587
2.29513901370606,-1.2380672392510692,-7.064932723919964
2.307887378448418,-1.250698401579092,-7.06332743843589
2.3217548867012945,-1.2639231150596049,-7.067624690735444
2.3333933258470774,-1.2762138729355996,-7.065100742297953
2.3450817046984773,-1.289067145134628,-7.062195643422394
2.3598575709547154,-1.3021473712065446,-7.067313978297171
2.3717264787900945,-1.3151887522030072,-7.063122309983096
2.385521164652028,-1.3281089049710322,-7.064988977179587
2.3981644060018437,-1.3412043391200688,-7.063955642786605
2.41033278209893,-1.3532079290226218,-7.060388977179587
2.4248246168153953,-1.3673827022173024,-7.064253265326726
2.4367868608347476,-1.3800367434315528,-7.063047799389031
2.4496750464411736,-1.3922902667005754,-7.066428977815375
2.4628885,-1.4058107,-7.063088977179587
2.4760967303916894,-1.4186819165769753,-7.065210404291303
2.4886042081897837,-1.4312366711062763,-7.067488971219045
2.5015067792662404,-1.4442900679569168,-7.065065445540407
2.5139407156626508,-1.4565169555424866,-7.061588977179587
2.527938928737185,-1.470212016593817,-7.063262306274397
2.5396729988839053,-1.4821988931037564,-7.062413975316945
2.5536294,-1.4958654,-7.062488977179586
2.566046752140864,-1.5081857108733152,-7.062583093836669
2.579711130936125,-1.521360940646336,-7.0662344331043325
2.5924196626158036,-1.5343617842472752,-7.064467550067869
2.6046769,-1.5462951,-7.063688977179586
2.61791105674097,-1.5597551606985338,-7.061638923537913
2.630795505968893,-1.5727705711232347,-7.064577210493752
2.6434925718934865,-1.5855287656141501,-7.063357728017775
2.6570016926634876,-1.598849821195504,-7.062831836512012
2.669986639721474,-1.612006332850892,-7.061577210658775
2.683031789916394,-1.624880990514035,-7.061788977179586
2.6956711923166177,-1.6374336927457682,-7.060762309453288
2.7079929872726254,-1.6495700341037545,-7.06170074386542
2.720958174511674,-1.6625704528958976,-7.0645389797340385
2.7342026717264836,-1.6755587723050513,-7.06519563865398
2.7467836173805926,-1.6883932715807042,-7.060522315811073
2.7608474835422343,-1.701974326186989,-7.064260407697297
2.772031003150099,-1.7137579283300304,-7.06473272690019
2.7847380200564866,-1.7265633659135091,-7.062235131307892
2.7984403428074556,-1.739837195864129,-7.061288977179586
2.811136,-1.7529818,-7.061688977179586
2.8239644419693235,-1.7654439541656732,-7.063966754074339
2.835664804006914,-1.7778770035390186,-7.059788981649926
2.84924026,-1.7908957,-7.063508977179587
2.8632639743576798,-1.8032103723367552,-7.109212602782638
2.8728258,-1.8146783,-7.176788977179586
2.883014717086998,-1.8272833047949562,-7.24780005061394
2.8926245904467596,-1.841327279378645,-7.326627489082164
2.899577917906429,-1.8545194884999439,-7.39222422344908
2.9062212,-1.8674166,-7.470288977179586
2.9127787,-1.8834666,-7.537388977179586
2.9174617560217984,-1.8988715358855586,-7.5993389601496135
2.923809426989101,-1.9147489117762262,-7.688338941416644
2.9262844240606984,-1.9297236624475829,-7.751812544210426
2.927695607286021,-1.945472879558134,-7.826022339652765
2.927270161568493,-1.962670145521465,-7.881474318471962
2.9332510996280696,-1.9777957086720177,-8.042407657599995
2.9304804574021683,-1.994024188069428,-8.110634311975339
2.92628411088734,-2.0095914799671823,-8.167074304009173
2.9225806101486134,-2.0265745152586825,-8.246694226780635
2.917216151904049,-2.0433893611587215,-8.318768712123624
2.91194562484781,-2.059945120581737,-8.375154290358479
2.902430038298312,-2.076216460174206,-8.350707624751509
2.8960966349087696,-2.0913739422478717,-8.358833112193961
2.888234499095591,-2.108448268108847,-8.357474285590115
2.8807895,-2.1250177,-8.359174287179586
2.8726977695987546,-2.141791778559107,-8.355021345508128
2.8652891678168957,-2.1592569535834065,-8.357000954905883
2.8580479264120355,-2.1754876863290655,-8.358014279550185
2.8505710653727516,-2.1913102301747904,-8.353299283826832
2.8423045056892517,-2.210028357420018,-8.35761803690019
2.834563556071975,-2.2258057224240213,-8.35512134550813
2.827867575,-2.2416568999999997,-8.358474287179586
2.8193390871457766,-2.259282846902248,-8.355531429550158
2.8123103663959585,-2.2743366801156344,-8.35599303457185
2.8036632727278508,-2.293180600731157,-8.35570762475151
2.7974313944350166,-2.307438571546779,-8.356003682857187
2.7895862014146293,-2.324601277245128,-8.357347622208355
2.7817956984196455,-2.341510960821512,-8.354874287179586
2.7753102,-2.3577132,-8.360174287179586
2.767886874711913,-2.3745539822299926,-8.359257621837457
2.75997148036408,-2.3918198280156515,-8.361115464970142
2.7523084940634526,-2.408333112452104,-8.361824284625134
2.743988455473433,-2.4246689750340598,-8.355531429550158
2.7367209304696813,-2.4415707808916793,-8.358380959674221
2.7301971,-2.4588543,-8.369874287179586
2.723992494733742,-2.4747858223160315,-8.379674287179586
2.70925655,-2.4891058,-8.301924287179586
2.6993407755551773,-2.5058670487397823,-8.28311714140302
2.6916421026249284,-2.522772472434675,-8.279474280027193
2.685212127158745,-2.5377674995526136,-8.282786051060489
2.6766760682396415,-2.5556980777387985,-8.279588569974498
2.6698850211640766,-2.57172086495254,-8.284499289787284
2.6622903,-2.58784224,-8.285794287179586
2.654131411473571,-2.6046278122687685,-8.281438987122085
2.6468098,-2.6213212,-8.284874287179587
2.638941575841281,-2.638885225720368,-8.287831432956153
2.6323029386118106,-2.6541734098272958,-8.288249286062001
2.624647382237658,-2.6708592760466665,-8.28677429035853
2.6172609437510927,-2.687404021125328,-8.289454285590141
2.609000545647139,-2.704757442408038,-8.286881429550158
2.6018401413414924,-2.721537433855201,-8.284974279232356
2.593847139934833,-2.7393540924548994,-8.285474287179586
2.5871947112603957,-2.7544186775942108,-8.288591934403405
2.578816162883255,-2.771091291933561,-8.284094284000693
2.5708848525258947,-2.787783061176455,-8.28198539873221
2.5640464497750934,-2.804249133867917,-8.285380950137545
2.555601004320183,-2.820781766632228,-8.283794279550124
2.548538787209514,-2.8366392767891955,-8.28259781213646
2.5411196,-2.8557291,-8.288074287179587
2.533660815240877,-2.8705058748364602,-8.288680536713924
2.525834397914614,-2.887835284672728,-8.287154288451163
2.5183545538234124,-2.9034419681649846,-8.286380958084775
2.5113830967771342,-2.919617377651712,-8.28613311219396
2.50402842,-2.9365639800000003,-8.289414287179588
2.4956635750034057,-2.952818834584469,-8.28601714140302
2.487507,-2.9679686,-8.280074287179586
2.4796532,-2.98469496,-8.276734287179586
2.472061879378147,-2.999873381366843,-8.275621345508128
2.4646048953508175,-3.0168432595997956,-8.280010000735444
2.456787013026569,-3.034072973741227,-8.277474287179587
2.4490997944041624,-3.051135584174579,-8.278974287179587
2.4414611288711554,-3.06782434230958,-8.277356639955768
2.433749970647639,-3.0850909660053474,-8.277574287179586
2.4267032,-3.1004367,-8.276774287179586
2.418674340014305,-3.118306321354208,-8.277974287179585
2.411226074407809,-3.1341384754189865,-8.277015464970143
2.403625393356115,-3.1519233141619645,-8.276274287179586
2.396288459455765,-3.168517641523349,-8.277620954058182
2.3888837095039417,-3.1846260505789092,-8.276424283454302
2.3808006,-3.2025692,-8.277674287179586
2.373358525010168,-3.2180855785969738,-8.277515462165212
2.3660262,-3.23448242,-8.276014287179587
2.35838148,-3.25136674,-8.277674287179586
2.351386902538427,-3.266934865030012,-8.279980166232654
2.34329739086054,-3.281733765387672,-8.280347622208357
2.335649836856457,-3.298608538948576,-8.283455537086455
2.328111283707425,-3.31660684623297,-8.281738573623729
2.32042398,-3.33302854,-8.285654287179586
2.312739530412465,-3.3472913507706545,-8.281574287179586
2.305352116425336,-3.3640477331033933,-8.28493428559014
2.2974935665580545,-3.381064477612652,-8.283974318968507
2.2895747112429032,-3.3983576152781296,-8.282586786248265
2.282302375878183,-3.4142451885558067,-8.283974284000642
2.274775176823308,-3.4307199664616266,-8.284274287179587
2.2681071534146597,-3.4454729391122942,-8.286374287179587
2.2599814,-3.4623156,-8.283274287179587
2.253410899433757,-3.479283326337749,-8.316130544909548
2.2463084836983818,-3.493419093791525,-8.400574249032273
2.237369237719145,-3.505799861813558,-8.467840929474747
2.2288543002145667,-3.5185630155918464,-8.538674597109257
2.2175650513724867,-3.531045641072876,-8.612507586074921
2.207233171552389,-3.541965592987672,-8.683762554152926
2.1952489718111736,-3.5530297622220455,-8.749874255390663
2.1833006698079918,-3.5623885093508596,-8.819894351076334
2.1685718,-3.5725649,-8.891574287179587
2.155089051893733,-3.579613499468665,-8.963503006525636
2.1423623472083926,-3.588211315277057,-9.04582719519187
2.125888386040054,-3.5958559423706946,-9.097121342043268
2.1090423564898115,-3.6008025254283624,-9.085420954058183
2.089431637830977,-3.605951653267699,-9.064433104356743
2.0714914994595794,-3.611552848904854,-9.053060954693972
2.0543684264865294,-3.618423503102599,-9.05870762263218
2.0381464870047545,-3.624531247460836,-9.057321345508129
2.0209728601684813,-3.630851749536676,-9.053074287179587
2.0038484642234335,-3.6371154602588556,-9.052381429550158
1.9865211708018755,-3.643715125598029,-9.053854284000693
1.9688272122452872,-3.6508203161522075,-9.058620957237125
1.952903841787863,-3.656378491735271,-9.055809578822295
1.935467768082425,-3.6627652295929836,-9.052959999032447
1.9186366922020535,-3.669268369828655,-9.053907621572566
1.9026013,-3.6755152,-9.053874287179585
1.8847634,-3.6821839499999998,-9.055024287179586
1.8678718141534836,-3.688266010930663,-9.053433111368973
1.8507474746960184,-3.695033564056266,-9.054607622632181
1.833827125116826,-3.701431087265156,-9.052600953740289
1.8164340123024523,-3.707474396226158,-9.048759995626453
1.7984526073569482,-3.7143142734604906,-9.050431426144163
1.7814267464066758,-3.7210219035149863,-9.05270286006787
1.7656411037473354,-3.7266106420116683,-9.050468405321626
1.7469190828108236,-3.7333447672308977,-9.047974322940702
1.7309919767120598,-3.7396105918180162,-9.050150759417782
1.713835374342643,-3.7465447416280653,-9.014202878800841
1.6994079,-3.75317688,-8.943554287179587
1.6868491989313212,-3.759998759341122,-8.875268399629274
1.6727720413780498,-3.7690839236144007,-8.807340924706407
1.6598104360737125,-3.7779822227462696,-8.73209193836325
1.6470309804427794,-3.7879774335422343,-8.655631487452066
1.6362001053199604,-3.7989012281368217,-8.593674323737428
1.6262788015917984,-3.8096362517706126,-8.526627195191871
1.6158653027216374,-3.8230775034038804,-8.452997450441151
1.6070065338672905,-3.8365553687836207,-8.385174255887211
1.5988041000000002,-3.8500121800000002,-8.311414287179586
1.591817265492577,-3.8654930029500587,-8.23988760694943
1.586249990850315,-3.8790551733251055,-8.174421387582093
1.5806819737114246,-3.894287429578745,-8.096999261475135
1.57725495,-3.91255415,-8.072274287179585
1.5729735701597407,-3.931133055513793,-8.07025075661285
1.5688604,-3.9482265,-8.066254287179586
1.5647672950170561,-3.9664027832501927,-8.064505048651178
1.5610902314951685,-3.982107917964181,-8.06478016210771
1.5575870841689372,-4.001194128709128,-8.071245717697296
1.5536464811887298,-4.019932034560958,-8.073233109389031
1.5496203317746164,-4.0376060412365895,-8.072774287179586
1.5456045406968242,-4.055276243758146,-8.07042762030099
1.5419495,-4.0730045,-8.072774287179586
1.5376973193944452,-4.0908578132316125,-8.070374275259214
1.5340238564310058,-4.1083594349901125,-8.073086045450626
1.5299285407985503,-4.126313283250151,-8.074080953422394
1.5262516570131681,-4.144270092407292,-8.077789668832375
1.5221590986676579,-4.160810918152111,-8.073044877477331
1.517925212663488,-4.178492578978202,-8.071631432956153
1.5142563927927295,-4.196881857909204,-8.075062520493752
1.510199565515378,-4.21465814157991,-8.074440958084775
1.50619628,-4.2317591199999995,-8.072054287179586
1.5024512904632152,-4.2493044130960484,-8.071931439768141
1.4992443,-4.2707211,-8.118074287179587
1.4945088978508174,-4.282664205619891,-8.181474311021548
1.488836110606698,-4.2985458265146415,-8.253997831440778
1.4821607336239782,-4.312289081355586,-8.322302802165963
1.4742165645586218,-4.326639316933898,-8.389224361686352
1.467366519945504,-4.339009874305177,-8.46241707328313
1.456877716849718,-4.353772731348645,-8.53724765918944
1.448236538127428,-4.365775038874943,-8.610650795881885
1.4362567452478672,-4.377371311937808,-8.677445701154143
1.4231894559617473,-4.387459682682985,-8.711529793285708
1.4095857655610564,-4.400918964642441,-8.71045075661285
1.395044047574932,-4.412640780769754,-8.709988565108741
1.382191179497534,-4.423897896431179,-8.710224290904868
1.3685637287058525,-4.436552104243888,-8.717694282729067
1.3543331944940322,-4.449163610831632,-8.720911784385624
1.3412337195108268,-4.460232363013295,-8.71836252206122
1.3269313586046583,-4.47224771633164,-8.717386787738379
1.3128561526017761,-4.484194292906956,-8.71781803755212
1.2996369924076454,-4.495775856416811,-8.715774287179586
1.2865468453214406,-4.5068395722988885,-8.71608604668817
1.2717296667971691,-4.519398533647041,-8.714674287179587
1.2579678855444127,-4.531315147059262,-8.715680536713926
1.243732796440657,-4.543811435181198,-8.715619451149314
1.2313902541216528,-4.554210333096157,-8.717018036155133
1.2173675569000337,-4.566388507444183,-8.717591934155912
1.2031351,-4.5789207,-8.717574287179586
1.1889669327377848,-4.5909349155985035,-8.717318044350757
1.1751210643013934,-4.602435921835821,-8.717922562758162
1.1626747501229344,-4.6131249206127345,-8.71700866259868
1.149113966785379,-4.62507108366389,-8.715961786620793
1.1344891878153451,-4.637679625337883,-8.71613678550321
1.120412734599592,-4.6497084753755065,-8.716374287179587
1.106419743986929,-4.661781981062508,-8.716733103779168
1.093438495572096,-4.673182728877117,-8.715049287365852
1.079919096010706,-4.685661978085416,-8.751467762180164
1.0674084205844223,-4.693583873793381,-8.8247180264694
1.0538734,-4.7012832,-8.886874287179586
1.0405560088916315,-4.711445629576596,-8.977280113021417
1.0259644258884968,-4.718294540526676,-9.046858143881861
1.012343976593154,-4.723907800484502,-9.112088527642802
0.9951766021808339,-4.728404709755551,-9.179509641933244
0.9795979245287781,-4.731307533479188,-9.238215392867907
0.9629478889717472,-4.736027568887506,-9.328707679234899
0.9466194365078755,-4.737074096704455,-9.391761391098862
0.9315073048660621,-4.738678911677165,-9.467545316407348
0.916272311430094,-4.736643371670196,-9.543168353332428
0.8982921416578828,-4.734050991691763,-9.575253250880278
0.8794193876082195,-4.731555657598832,-9.571055540226492
0.8628911684225099,-4.730096539697592,-9.57775493162927
0.8443955,-4.726602333333333,-9.573407617692506
0.8268937,-4.7239661,-9.573074284359173
0.8090838814257465,-4.721671957459013,-9.574333110776013
0.7908737288464193,-4.7188532382891415,-9.573890066567953
0.7720992639262875,-4.715781846646752,-9.57281546577957
0.755901775,-4.713671625,-9.575549284359173
0.736983580833391,-4.710884363819479,-9.574442028527512
0.7191534,-4.7079467,-9.571474284359173
0.7009391162478686,-4.704979633963818,-9.568659131771247
0.6840643191762654,-4.702981511268235,-9.571449281751473
0.6644305985260087,-4.699954174301221,-9.569027228835562
0.6468413953570666,-4.697302174422457,-9.56833218048295
0.6282205110949048,-4.694636176963101,-9.569750753792437
0.6110962669215275,-4.692497267718996,-9.572274284359173
0.5930401922682075,-4.689978722111271,-9.571462526088132
0.5749523837608516,-4.686990600496473,-9.571127209201045
0.5563412076193345,-4.684557288139336,-9.570800595657671
0.5375644362615237,-4.68192335295115,-9.571229842269526
0.5194582893165877,-4.679140548738694,-9.568132349024157
0.5026150079127105,-4.6769417205839865,-9.569291939997786
0.4831744974391339,-4.674045928898799,-9.567533107146112
0.46528450394092813,-4.671945851826711,-9.567121342687715
0.4457761,-4.6691628,-9.565474284359173
0.4274788960379158,-4.666732468750542,-9.567222772929528
0.410717257934689,-4.664391952773334,-9.567745250488501
0.3941269622063588,-4.661947693796895,-9.571309578806812
0.3749402404765578,-4.65902486836739,-9.568991930180525
0.3562142,-4.6562997,-9.569874284359173
0.3384487075444426,-4.653910571753416,-9.572499289947096
0.32223363501953994,-4.651316345831303,-9.572048195149167
0.30437326794915737,-4.648659438520914,-9.569099283986644
0.2858915886796108,-4.64610444821857,-9.569799279516305
0.26702756245546183,-4.644633539296926,-9.610029909085982
0.25271244631795914,-4.6402502157549055,-9.686748526608621
0.23873026307127213,-4.637015603937624,-9.762102391617512
0.224343779141086,-4.6307405463134055,-9.824399330553367
0.20969171327690772,-4.623866581176891,-9.894849216186499
0.19519333417575385,-4.61482834624989,-9.956400560852126
0.1816003,-4.6065219,-10.024074284359173
0.16989996021683482,-4.597600229842394,-10.092521671800823
0.15789860059455513,-4.586816843673724,-10.161555602811244
0.1463236443280166,-4.575819065217081,-10.226514261232547
0.13519127370796874,-4.562302813601793,-10.290874325685099
0.12606138155056587,-4.548807319073531,-10.351415380806728
0.11634353560774263,-4.533840700342727,-10.408624420704522
0.1064447266647593,-4.52175656912238,-10.506254199958915
0.09843929773818227,-4.5118646937247675,-10.616340988113503
0.09256684434719745,-4.496616960548821,-10.69293881552265
0.08816009494972162,-4.480094884992217,-10.727933113580946
0.08215454607239528,-4.462060702286019,-10.71958016770209
0.0763416664056618,-4.441846970993324,-10.709437442518084
0.07144311318005037,-4.424933783648989,-10.717811783055323
0.06654819977234973,-4.40895234313819,-10.717848484506838
0.061646645689522175,-4.391157054314685,-10.71318016770209
0.05576493711346351,-4.372134645878932,-10.717924292703831
0.050206583352734105,-4.3521201840455515,-10.71475663433042
0.04531356702454931,-4.335342045640805,-10.716338798602697
0.040317099774203044,-4.319048415669748,-10.716586051045006
0.035495532133714806,-4.3004869021169005,-10.712458496074275
0.03004689428259398,-4.2826080526733525,-10.714767824013391
0.025247390092238,-4.26466892069022,-10.71224303519736
0.01959891093892026,-4.245619682009864,-10.712449278771249
0.014472702760628418,-4.228926924459168,-10.71550060569632
0.009241882570700216,-4.211481229622565,-10.716147362340319
0.0033461631793053094,-4.192736700219046,-10.720055540226493
-0.0019524257310351597,-4.174613520684964,-10.718409584416673
-0.007043927204777913,-4.1571409198626705,-10.71763429079648
-0.012639591063614944,-4.139009397840233,-10.716303702063648
-0.018330104230020842,-4.123253578614553,-10.714519447138066
-0.023585644369802112,-4.10641473153584,-10.71740957600188
-0.02798356423632742,-4.089215893973374,-10.705129119272994
-0.03294604193327273,-4.072183561431403,-10.704139908940078
-0.038321504530011326,-4.054725462210169,-10.710830550378127
-0.04289198255375583,-4.035851430834911,-10.720030522717662
-0.04813333773053027,-4.020229388344109,-10.707280166299624
-0.0537415976438579,-4.00114641990379,-10.70898604683761
-0.0595396269105338,-3.982149778455565,-10.719302855301178
-0.06366064416728134,-3.966023182461983,-10.71559616087258
-0.06906862279006494,-3.946953991681977,-10.720962517673339
-0.07358356361888867,-3.9308366385030324,-10.707130527188003
-0.0788203214546484,-3.913655686574081,-10.709074279888833
-0.08518313446259693,-3.8938471540082427,-10.721902851246469
-0.08928794314624706,-3.875510016669472,-10.717368398293875
-0.09447405158622539,-3.8580425189706298,-10.717386784917965
-0.10086518208735043,-3.839173286007838,-10.719236787153136
-0.10629209233772427,-3.822150329701377,-10.715468034731707
-0.11127736899626481,-3.803937292973059,-10.718374284359172
-0.1170361,-3.78640134,-10.719674284359172
-0.12290137045810627,-3.7671073177826977,-10.720559999618029
-0.12755533139473893,-3.749373773205118,-10.716174284359173
-0.1330322,-3.731527,-10.720274284359173
-0.13768037815735695,-3.714533081423706,-10.715902847029472
-0.14351510987616228,-3.6968664345329088,-10.718374284359172
-0.14842652264266615,-3.679931516619267,-10.717452852503447
-0.15345021667991227,-3.6623330689194775,-10.719314278637075
-0.1587714,-3.6453371,-10.720624284359172
-0.1643629878362068,-3.6263442550894815,-10.721655534266041
-0.1697321,-3.6099639,-10.755474284359172
-0.17176243106144895,-3.5955241059160126,-10.819774249390804
-0.17324298,-3.57935588,-10.892974284359173
-0.1755601,-3.5630026,-10.978774284359172
-0.1770121273193992,-3.5461236056171024,-11.053740993411068
-0.17872598,-3.53105982,-11.128874284359172
-0.17927967059170022,-3.5157946115128396,-11.204433084129167
-0.17656799842645732,-3.5018218385654194,-11.266624339705642
-0.17139156895071883,-3.483191119891281,-11.352074327274558
-0.1693013833553207,-3.469553454832711,-11.413087576896723
-0.16065327078551675,-3.4543055388323745,-11.486174270053931
-0.14715834178786305,-3.443460012348709,-11.514756632927956
-0.13655004819912897,-3.4320814361922625,-11.591620935343055
-0.12748116168640228,-3.419225693475324,-11.666740977516607
-0.11942880409794682,-3.405721093816616,-11.72720362352668
-0.10658950882937296,-3.389604230485576,-11.812827689747396
-0.09431459553741726,-3.379882813059576,-11.886338981991845
-0.08129690126362972,-3.3686225079362306,-11.95582085904843
-0.07242118564723062,-3.3606304725148637,-12.018880511541814
-0.06245667021330705,-3.350102624913374,-12.093354228409781
-0.049200527212906305,-3.3473909636080426,-12.136774319326987
-0.02821977267539816,-3.337438368824109,-12.220507590141668
-0.012590737350462112,-3.3351700005133025,-12.289633100958754
0.006702576017452257,-3.3287672504851824,-12.34878429079648
0.02384822122631586,-3.3245183546554844,-12.324321325858127
0.04266025807292494,-3.3207781022538705,-12.326840946787248
0.05937163335479103,-3.3170752390935316,-12.333484283643916
0.077435160197589,-3.3124067991595765,-12.34006178827072
0.09456876732344477,-3.3085817966894298,-12.33668857226299
0.11313925388364947,-3.3049566317844654,-12.337052058016054
0.13089436831916076,-3.3002970452817295,-12.338914285948618
0.1482856724866884,-3.297981214829532,-12.344920950496023
0.16517829898397096,-3.294111128973334,-12.32903583297818
0.1816219796185286,-3.289564534424387,-12.333459999618027
0.1993667,-3.2850862,-12.334774284359172
0.217545,-3.2816765,-12.338874284359173
0.23487392480846872,-3.2785210537273106,-12.336087616844788
0.2522011902159174,-3.274109419828935,-12.337711783055324
0.2706257671138379,-3.2700534228248084,-12.339247619387942
0.2885395916554081,-3.2656355494937617,-12.340414285948619
0.3046232787358175,-3.261581961754765,-12.34036251767334
0.32118766456293324,-3.257345498596754,-12.340074284359172
0.34067499051990047,-3.25316268695853,-12.339736784172908
0.3588661384177384,-3.249594806590186,-12.339850753792437
0.3765456,-3.2454106,-12.339574284359173
0.3935042693224689,-3.2408489284854776,-12.341668401016255
0.41130397479564035,-3.2370461671662127,-12.33950286065345
0.4304654032408038,-3.2331531364901225,-12.3397171419886
0.4475874,-3.2293364,-12.341074284359172
0.4656154206777929,-3.2253897272104903,-12.339974284359172
0.48386381953687285,-3.2212466510453144,-12.340749286221813
0.502195143316273,-3.2170268739517436,-12.340127617480576
0.5190603206902203,-3.2131530820039043,-12.340049283241587
0.5365109420998778,-3.2091760310839135,-12.34134094937015
0.5553982764512012,-3.204918693310239,-12.338927223225701
0.5736033828354353,-3.2007368047024136,-12.339367617374613
0.59038531967432,-3.1966831562310754,-12.341520950072164
0.6078103143592841,-3.1930837630416122,-12.341540953145135
0.625887454892501,-3.189198127523386,-12.34132722603063
0.6427721956078589,-3.185442211202009,-12.341058661151978
0.6624532610715027,-3.1809083294317158,-12.344145247188825
0.6791981340662206,-3.1772998180579357,-12.343793035197361
0.6957617884871604,-3.173447104618319,-12.343321344090178
0.714044906996081,-3.1693745635801456,-12.342061786780606
0.7329618764748735,-3.1648263258271743,-12.345518726596053
0.7505170906148095,-3.1607981714275826,-12.346222663120017
0.7672456417666693,-3.1572373318930302,-12.342707616632875
0.7843328801912659,-3.1531208971628013,-12.344874283034617
0.802981269857543,-3.1489566711152173,-12.345930533986639
0.8212362114604599,-3.145898248854848,-12.341824276163551
0.8376087,-3.1420023,-12.343374284359172
0.8564750776601264,-3.139619005792183,-12.334744871851985
0.8751878580481601,-3.136161968595724,-12.330540950496024
0.892597026343898,-3.130769458235051,-12.338067618116366
0.9097639,-3.1272438,-12.335474284359172
0.9284810518469657,-3.1227847804955973,-12.335054284041277
0.9468258205441893,-3.11899586350862,-12.33421178603555
0.9629355124186026,-3.1149092396504194,-12.338086789388305
0.9806263233140327,-3.1104610463572886,-12.337995716579881
0.998772230704618,-3.1067789212485786,-12.336405051332726
1.016815806650348,-3.1021362078615256,-12.339187616844788
1.0351398563351497,-3.0983560178814713,-12.338309999618028
1.0526337419891918,-3.0946133316697133,-12.339274288332788
1.069519950660763,-3.090969987506812,-12.336502857247456
1.0877501,-3.086374,-12.337974284359172
1.1056825866645474,-3.0824331499562905,-12.33440762299066
1.1238391251123978,-3.0787521292012943,-12.3385171419886
1.1412385766829583,-3.0756780216753805,-12.332217142961717
1.1582979949057444,-3.0720888061083382,-12.33251428499496
1.176773179202098,-3.068250649741715,-12.328567616632874
1.1921861945822758,-3.0648734583986648,-12.326321339882783
1.2101305109910196,-3.0599091776921243,-12.32845428118028
1.2268565343533933,-3.056207281418734,-12.329103695463894
1.246253337199639,-3.052715252194275,-12.326824283507689
1.263832828229011,-3.0490977798057664,-12.323534283723383
1.2811656233807518,-3.044735316116983,-12.32665428118028
1.2988764,-3.0406099,-12.324274284359172
1.3185133481729316,-3.035705097687356,-12.32682095208547
1.3342271726855812,-3.0321106281965697,-12.325974284359173
1.3529101,-3.0260884,-12.332274284359173
1.3707294450267475,-3.0224762310971705,-12.332661783800381
1.3887957849455042,-3.018533789993188,-12.332788562288327
1.4073573200891687,-3.014811695069499,-12.334624285551266
1.4242148630913145,-3.011492473546695,-12.3333272232257
1.4425911,-3.0068960999999996,-12.333824284359173
1.4596721,-3.0028712,-12.337474284359173
1.47778762,-2.9990695,-12.335834284359173
1.4947347075083208,-2.995640020075913,-12.335586284511761
1.5124796623353856,-2.9914290006030604,-12.336691931582992
1.53079,-2.9870156,-12.337674284359172
1.5484682888420331,-2.9830484873027463,-12.337393034452305
1.5670662928855263,-2.9791669351257273,-12.336740951555663
1.5850429078836525,-2.974968084407534,-12.335967616632875
1.6013411859683322,-2.971244604924056,-12.336380167702089
1.6197556611094335,-2.9672496046872765,-12.336254285948618
1.6392504872683344,-2.9635910082302823,-12.335594283087595
1.6557510738956516,-2.9594863656595627,-12.33687428171006
1.6732329963777866,-2.955545843798641,-12.336745711957477
1.6907099730377975,-2.950961632197921,-12.33460761557321
1.7065024617899507,-2.9475270554360136,-12.334693033241571
1.726764,-2.9431315,-12.337874284359172
1.7447845680293956,-2.939375832283354,-12.365156572621938
1.7592310839828973,-2.9372524990971804,-12.441254299935991
1.7742748537184312,-2.936270114497369,-12.51673141553882
1.7887695292315486,-2.9348905689385925,-12.57889933465049
1.8063328404514027,-2.93578078048796,-12.663300983874391
1.8237913602190652,-2.9371910933046297,-12.69533311778834
1.8411071215803814,-2.941222026393052,-12.688602850435467
1.8596871480879267,-2.9417157001573524,-12.69526429246522
1.8756571,-2.9459943500000003,-12.687374284359173
1.8949434,-2.9484217,-12.688474284359172
1.911500396641095,-2.9510038653899553,-12.686668401016256
1.9299303278040203,-2.95290790025779,-12.68852428510423
1.9485650054478534,-2.956194625652297,-12.686149283241587
1.9665838,-2.9584923,-12.688174284359173
1.9833450297336719,-2.9608043242921056,-12.68676252047827
2.0027763,-2.9634923,-12.687374284359173
2.019975628424594,-2.966362167535564,-12.68690761504343
2.0379579116633555,-2.9683900044615754,-12.690014278001387
2.0563166298842184,-2.9711562060558196,-12.685955534266041
2.0745571,-2.9739467,-12.688074284359173
2.092011843828338,-2.9762731767166213,-12.689674284359173
2.109566240866248,-2.9785990007533973,-12.689140955264362
2.1285862366468513,-2.9812164796674825,-12.690120951237768
2.1455957923817848,-2.9840999325152984,-12.69080761822232
2.163330682972666,-2.9864504365468494,-12.690374284359173
2.18265394,-2.98904198,-12.691234284359172
2.1991836634896145,-2.992398866403938,-12.687415459344798
2.21713642,-2.99482118,-12.685714284359172
2.235721688308398,-2.996559330163319,-12.688449285849307
2.2519614562164283,-2.9998604057823655,-12.709580153677434
2.269480906588254,-3.002611629481046,-12.793374308200864
2.2820524630988333,-3.007354757751852,-12.858894225866628
2.298841426794104,-3.0095780008498942,-12.948915476174385
2.3135045,-3.0172713,-12.980674284359173
2.3305036512688315,-3.0248487506489443,-12.982180533893512
2.3472080280796006,-3.031987177159297,-12.986294283087595
2.3639904269649525,-3.040027069546213,-12.983400955264363
2.3789038445409028,-3.046962048417318,-12.986021346895111
2.3945783599999997,-3.05501092,-12.981774284359172
2.4128901254281026,-3.0626891265444653,-12.985133110776014
2.4288602,-3.0702221,-12.983474284359172
2.44493998,-3.07820902,-12.981394284359173
2.4613600677531102,-3.085424197847215,-12.984809584416674
2.478123349128065,-3.09369164626703,-12.982417138582607
2.49476984913538,-3.1011566972736073,-12.98498604964254
2.51103006,-3.10925956,-12.982714284359172
2.5275129199076143,-3.116350610070034,-12.982874278398809
2.544079377532502,-3.124288188726982,-12.984874284359172
2.5615105665217452,-3.1322795562220382,-12.985609584416673
2.5772741605745817,-3.1399674459052127,-12.982959994752388
2.5937552649483924,-3.1471417513902824,-12.984182618106427
2.611179969144356,-3.1547498338204565,-12.983838989911535
2.6273570855377755,-3.16239306247423,-12.98330957880681
2.6443216473723834,-3.170255418491191,-12.98312691573999
2.66159512008022,-3.17795711948979,-12.984262502411456
2.678317538410462,-3.1859520511813653,-12.984484286028103
2.6944387,-3.1934573,-12.985274284359173
2.7113295447067056,-3.200927175530483,-12.987025896766209
2.7276663756292003,-3.208560293769837,-12.988036787153135
2.742523953397473,-3.2156284436924114,-12.986933106568618
2.7604066796640927,-3.2239608124402293,-12.987907615484913
2.777847405035092,-3.2317367650926103,-12.98779928249653
2.793636503608309,-3.239508836328957,-12.982936784172908
2.8107351433235404,-3.247129804234603,-12.984371058031725
2.826084223936367,-3.2548436277765447,-12.980629452690655
2.8428524,-3.2620482,-12.984974284359172
2.8590475861418447,-3.270249724424626,-12.981280533940076
2.875711027549647,-3.2778372257769552,-12.98035075412244
2.8931289191899126,-3.2857070662772525,-12.983185391938182
2.9098990978090375,-3.2934046551517735,-12.982732181737797
2.9259370838940857,-3.3008639747948894,-12.982021342687714
2.9421761837089604,-3.3082116092268206,-12.982486046837609
2.958920150236831,-3.31532907203802,-12.982207618752152
2.976012020460939,-3.323493280510212,-12.984154290716956
2.992426901498309,-3.3319285279224844,-12.988739903724682
3.0100165,-3.3394855,-12.989074284359173
3.0260897380745093,-3.346902272403556,-12.993248473739595
3.0417938608165156,-3.3539082820792956,-12.992486051045006
3.058154540617637,-3.3617089679274654,-12.993227225288152
3.075479916229168,-3.369594182281906,-12.959599190779791
3.0893984301726434,-3.376780548463599,-12.885156613293438
3.1038271119253524,-3.381775031627544,-12.80254692887442
3.119062584731358,-3.3848086503751595,-12.735680206971125
3.136113523788028,-3.388076819410624,-12.669727630196347
3.1527565126726786,-3.390668563137596,-12.59124492374321
3.1692476248482055,-3.39209558009505,-12.51639426401394
3.1844824000000003,-3.3917254999999997,-12.450674284359172
3.200597929660701,-3.3899448245406725,-12.377286735744233
3.2165857004005405,-3.386040181727728,-12.301480987053283
3.233193830893511,-3.3820427978303855,-12.231697775656874
3.24853106,-3.37728336,-12.163534284359173
3.2619061885303746,-3.3704971356963473,-12.09007424621186
3.277232643179109,-3.3635161314250452,-12.02923900674112
3.291268911271687,-3.3552318654586806,-11.958566497248436
3.3049597187874284,-3.3455034029241406,-11.89460372211074
3.316324755761834,-3.3346418170009855,-11.838687629560559
3.3290431043805135,-3.3228903278041804,-11.768474249391359
3.3375504729888927,-3.307502829463985,-11.722421410747595
3.3482317052844004,-3.295379680655654,-11.64761715561258
3.3581805,-3.2808119,-11.570574284359173
3.3640896,-3.2697736,-11.504074284359172
3.3726117025544524,-3.2552145939067794,-11.418131398509136
3.3784057895423865,-3.240887783936581,-11.35504926983057
3.3841323817935662,-3.2258668410313174,-11.286188614837195
3.3900265350732743,-3.21114069446864,-11.211520922627285
3.392624411661501,-3.196319620729843,-11.143839005338656
3.396062756825613,-3.1813632715701634,-11.066145735312851
3.39696380735512,-3.1634085086629997,-10.997238578223378
3.3967149843302527,-3.146439847961516,-10.957462528893064
3.3950588338361283,-3.1286708411253277,-10.958174292306403
3.3953671989700225,-3.1090903268366343,-10.957620954416711
3.3938075716414353,-3.0930420343187506,-10.957924159195267
3.3937012326000575,-3.072640925720825,-10.957040951555664
3.3930651534297294,-3.055567890416953,-10.959250753792436
3.3919132600000004,-3.0379107000000003,-10.964014284359173
3.391170349692292,-3.019217980618099,-10.964849286221813
3.389972220798352,-3.000310529895608,-10.970417142961717
3.3892689666666667,-2.9823561333333335,-10.971474284359171
3.3889023882054303,-2.9646778693243014,-10.969262519240807
3.3875729599326068,-2.946770439765394,-10.96828095060198
3.388011931189557,-2.9280316861136364,-10.965236784172907
3.386736564737809,-2.9092927953676564,-10.966868402418722
3.38647712,-2.89135522,-10.963614284359172
3.3855146349382212,-2.874375898326859,-10.965462517673338
3.385356329462996,-2.855700364310057,-10.9634507594023
3.3847436531288246,-2.837025987966304,-10.962160950496024
3.3836724409758356,-2.818326859824972,-10.96549192877806
3.3833864002463643,-2.800054128880235,-10.965587619811767
3.382662999915758,-2.781642391455002,-10.9665742827697
3.3821574881717718,-2.76439904779816,-10.966968405306103
3.381735554444823,-2.7463381897309262,-10.96828857250631
3.3813419118297965,-2.727798632984587,-10.968268401016255
3.380857619720571,-2.709264775221731,-10.967294284677067
3.3801083331542556,-2.6909747257235956,-10.967840950496024
3.3793972636130314,-2.673881736904478,-10.970433112178478
3.3786391717375386,-2.6556589646106166,-10.968945708551539
3.3780827353687783,-2.636885318124062,-10.968191930180526
3.377519079732973,-2.6179950981912103,-10.969620948906577
3.3766337992561275,-2.598632899996821,-10.971634286902328
3.376007275124052,-2.5823641152229952,-10.970786783427851
3.37551109896686,-2.562326494095208,-10.970674300253634
3.374824232922197,-2.5429969918493205,-10.973774285948618
3.374368417519354,-2.526189287651464,-10.974756638785292
3.374011364364782,-2.5078009967081063,-10.97385285554446
3.373040613040023,-2.489483461509362,-10.975100949330402
3.3726236334647295,-2.4709725402295195,-10.975947619387942
3.371752366780577,-2.452704021848526,-10.977140953674915
3.3714802881407513,-2.4357984574968796,-10.974868401016256
3.3710063608805534,-2.4174989762346026,-10.97660095208547
3.3702124567779292,-2.398939242663488,-10.978545714876883
3.369652852542171,-2.3812058439530306,-10.97872426945782
3.369170199876021,-2.3623038151222304,-10.978894283087595
3.3687252003412356,-2.3450294109269993,-10.979124285104229
3.3682591999252947,-2.326853591798328,-10.98000761557321
3.367945126642295,-2.3086010727823254,-10.980974284359172
3.3671882283795598,-2.290956489716284,-10.981440961622146
3.367110799296698,-2.273707847216593,-10.971774355881404
3.3682423999999997,-2.257981725,-10.951674284359173
3.3685345401303346,-2.2401015114630853,-10.940107607096198
3.36790966,-2.22159518,-10.941014284359174
3.3665839204469594,-2.202827465185809,-10.95077428118023
3.3646503779090957,-2.1824267834624753,-10.963602860166805
3.364511606659885,-2.164512751797692,-10.95759428944548
3.364427082480401,-2.148105107088061,-10.953886048240076
3.363476459913533,-2.1293979166481227,-10.961067618116365
3.3631960573024524,-2.1105804932084467,-10.959095711470889
3.3629292,-2.0921057,-10.956774284359172
3.3618758396986363,-2.073427739994278,-10.961874284359173
3.361467253160456,-2.0567622287365186,-10.959203692658964
3.361004007302938,-2.0381500626398417,-10.958820440321466
3.360744813604069,-2.019638868192005,-10.958974284359172
3.359968798998689,-2.001725885385624,-10.962274296279544
3.35929568,-1.98301222,-10.962774284359172
3.3589067595907607,-1.96541868931742,-10.960968401016256
3.3587673337598347,-1.946690648505126,-10.960627619811767
3.357879906761611,-1.928455287408208,-10.964374284359172
3.3577646,-1.9102845,-10.998734284359172
3.3571357539720887,-1.8936896886034904,-11.07659433712962
3.35786292,-1.87801726,-11.144734284359172
3.3596828439826605,-1.8627977069574642,-11.21158334965313
3.3635222,-1.8476912,-11.286774284359172
3.3687641934729258,-1.8301383099981767,-11.321215463552194
3.374130102900739,-1.8112805253103392,-11.334307615043429
3.380237444005404,-1.7944864678804737,-11.334227616632875
3.386061377981291,-1.7770247021303451,-11.33678016770209
3.3923090862371104,-1.7598510587649758,-11.336924281378902
3.3983264737724923,-1.7426291214268685,-11.334050753792436
3.4036588638401017,-1.7248560935023445,-11.335547619811766
3.409678033222071,-1.7076622280722071,-11.336217145394595
3.41524985,-1.69112035,-11.335524284359172
3.4213022868852176,-1.6741734677537465,-11.334074284359172
3.4273646217045566,-1.6554031000504887,-11.337480166299624
3.4332908959309534,-1.6379262999809265,-11.33949427672971
3.4392204,-1.62065458,-11.339754284359174
3.4448582354736326,-1.604163932596224,-11.339899281006419
3.4508670325607533,-1.5861878163399805,-11.340545718769349
3.456943269021204,-1.5690800202562227,-11.342547619387942
3.4625873959188254,-1.551426062930031,-11.343986062264731
3.4684064579291554,-1.5360230327605586,-11.32444571147089
3.4746042124931877,-1.5182186936716622,-11.3216457046589
3.4801515241672862,-1.5008811722199626,-11.333880159287297
3.4858076375935787,-1.4845938138869903,-11.32650095208547
3.49205983435805,-1.465637722499553,-11.331111783614103
3.4975023442743725,-1.449451905881792,-11.327794285312848
3.5037934488913614,-1.4314607663832155,-11.330260948906577
3.509512036419225,-1.4151244788620394,-11.33090369686636
3.5158390810696973,-1.3975714498847651,-11.329747613453984
3.521807890409632,-1.3806999670461488,-11.327249283241587
3.5273387640785185,-1.36300769345784,-11.332087621401213
3.533249672486251,-1.3449684497536318,-11.331640949966191
3.539172955480134,-1.3291218880622133,-11.327309571794485
3.5444720848269062,-1.3124302553453921,-11.32676761175848
3.550724073306114,-1.294199605058934,-11.331624283614115
3.557192123308008,-1.2767463493340114,-11.327714288173905
3.562749529951522,-1.259167475087022,-11.32800761822232
3.5686482,-1.24186606,-11.327574284359173
3.5742249,-1.2251835,-11.330174284359172
3.5807826779380463,-1.2072213474974882,-11.329010004118715
3.5860453700531534,-1.1916994658443543,-11.33080957880681
3.59181538,-1.17368786,-11.332354284359173
3.5983713203833805,-1.156367091707728,-11.330334285312855
3.6034876493752015,-1.1406484372424723,-11.33031546775959
3.6096573507995044,-1.1214413454906698,-11.332480956959865
3.6153581820526486,-1.1055685246637588,-11.332162519075803
3.6206973923896113,-1.0895257763931716,-11.319934286902328
3.626056783010411,-1.0715510788826192,-11.322687621401213
3.6324819,-1.0563983,-11.327174284359172
3.6382035517921008,-1.0373811652149725,-11.323467616632874
3.6447548403371477,-1.0224990945192416,-11.317580163412241
3.6504236728810415,-1.0033189590672478,-11.319779839546795
3.6560898643362796,-0.9857257002530903,-11.323274284359172
3.6622962266420314,-0.969359791536536,-11.318424254558241
3.667591417126909,-0.952516554811158,-11.31725076220723
3.6734514417665385,-0.9342925563594748,-11.32067428118023
3.67931082,-0.91821538,-11.320814284359173
3.685422282313025,-0.9009896928181051,-11.322251218298945
3.6910658547776776,-0.8833693351833246,-11.325374284359173
3.6966672303135057,-0.8669586657646918,-11.324274284359172
3.703080129337996,-0.8488482855646508,-11.326740953674916
3.708704649399753,-0.8327405798384383,-11.323868405306103
3.714791820083447,-0.8152024532237738,-11.325624286062169
3.721413,-0.7970328,-11.326674284359173
3.7269538601060974,-0.780487824107409,-11.32246178510424
3.7330020699523163,-0.7629514750340599,-11.320645714876884
3.7384296740526604,-0.7462386649480696,-11.3240492847317
3.7447004440292915,-0.7288320676498637,-11.321045714876885
3.7511135160661206,-0.7109587786410236,-11.321160952085469
3.75650529743822,-0.6942083817361451,-11.32412429210769
3.76219280133515,-0.6772561757135559,-11.322688569100318
3.7683669641770816,-0.6601781019575366,-11.323195325367053
3.774132446976971,-0.6425462235220807,-11.323497008824086
3.7801173439196107,-0.6261598618361078,-11.325956639940284
3.7856173,-0.610221,-11.323774284359173
3.7920195187159402,-0.5924107569584469,-11.319659999618027
3.7979699668545943,-0.5747546820809492,-11.323068398293875
3.8038908322391207,-0.5561736093208854,-11.325163753816584
3.810399624160274,-0.540822950334488,-11.320127227433096
3.8158936984064358,-0.5240442725556248,-11.316442026989323
3.821551740407837,-0.5055895433726492,-11.32238604964254
3.8278334520889725,-0.4894592845728791,-11.320774284359173
3.8353647475626307,-0.4751381228588197,-11.315362744910102
3.841474772905768,-0.458216804416364,-11.315038988509068
3.8479968090234635,-0.4395531702018148,-11.314862527490597
3.850602867914932,-0.4220822746447532,-11.31014095950302
3.8481031111505164,-0.4065170101700219,-11.287468025884154
3.862311011918042,-0.3912451858357657,-11.125843986408128
3.860092341798365,-0.37749940825613076,-11.105359992806038
3.865671039118971,-0.3601320928951096,-10.98890365899979
3.8653826880089195,-0.3451684076546569,-10.921297795291391
3.8573301135913214,-0.33031055303312523,-10.910874288829511
3.8592427135576344,-0.3140162733601672,-10.806027189566526
3.8580534345068744,-0.29701322057379004,-10.717734322505878
3.851529,-0.2794283,-10.682474284359172
3.84632883471895,-0.26191273704140017,-10.678021333613072
3.8405558441618717,-0.24430105436627778,-10.676614292942318
3.835136146591509,-0.22721073844450876,-10.67767428606214
3.8300222379621216,-0.21092265775678373,-10.672793034452305
3.8241345,-0.1928121,-10.673974284359172
3.818513522742381,-0.17538695068089702,-10.67436252047827
3.813192175166894,-0.15875348966450953,-10.680574284359173
3.808194295737072,-0.14135588620031947,-10.679134296756951
3.8035340796569757,-0.12530739041708266,-10.683324295535021
3.7965591836697716,-0.10467668390183425,-10.686560951873558
3.7918678984727148,-0.09032450749056842,-10.680786048240074
3.7859962808825145,-0.07212030307376298,-10.683074266019299
3.7799776795514513,-0.054219098559938964,-10.686100950919874
3.7749664,-0.0382872,-10.686174284359172
3.769438295406428,-0.018979845942079666,-10.68360761557321
3.764413698514789,-0.003353008943522713,-10.687891939997785
3.758762999394784,0.013938863573341159,-10.68975120729502
3.75335476,0.03237554,-10.688334284359172
3.7477521764134876,0.050616999649182565,-10.686774284359172
3.7418613,0.0676722,-10.688074284359173
3.7361058938965273,0.08512983574664229,-10.690224280385559
3.7309579974221045,0.10176971137105306,-10.687786789388305
3.7251358419461487,0.11880897226054614,-10.68933429008127
3.7191650645423553,0.13624704682783775,-10.685614286266524
3.7138440704189373,0.15305330579019075,-10.68454574212484
3.7085184905076773,0.17144574635852117,-10.687807621931096
3.702460631933124,0.1881984582991849,-10.685855528305588
3.69729644,0.20523912,-10.686474284359173
3.692156033499698,0.2238736587023556,-10.685374290717057
3.6869190276355837,0.23938292950226497,-10.685091930180526
3.6804622009792234,0.25836570192438696,-10.68230286065345
3.675220596084437,0.27555597236180907,-10.68276659628376
3.670702034578399,0.29295245155368355,-10.68318095208547
3.664433597423467,0.31024270625139083,-10.683707620341623
3.6596815440205885,0.3266501442898616,-10.684227223225701
3.6533933,0.3444117,-10.688574284359172
3.647939318215052,0.36269040864658664,-10.686587611864537
3.642536632074387,0.3791830074022131,-10.689468403821186
3.636921097584042,0.3971917948215847,-10.691560952085469
3.631689995486447,0.41461703675065936,-10.691743036687475
3.626074036782961,0.43173882885480414,-10.691760942548793
3.6208749759173164,0.44933087128007054,-10.656694204250455
3.614674999551211,0.4624438245445493,-10.589503692658964
3.6084088691488514,0.47715653937693714,-10.518894320916433
3.5990698235151397,0.4910809497875265,-10.457268451505016
3.59155916,0.50415502,-10.381054284359173
3.5798278896016784,0.5181215460247321,-10.35319425288764
3.5700270620815395,0.5316492440374178,-10.352921345492646
3.5588524964182224,0.5459731438763159,-10.356135816472293
3.5486132322529373,0.5623938788441926,-10.345440946610653
3.536847225773161,0.5767029794959128,-10.345645714876884
3.52569598,0.5910757,-10.348234284359172
3.5153883768451326,0.6047041103473454,-10.344836784172907
3.5046366007994916,0.6204632938599699,-10.310101047452235
3.4927648,0.6309543,-10.244774284359172
3.4811353340490583,0.6431754838814636,-10.17195662872056
3.4707812,0.6550131,-10.099074284359173
3.458646497558572,0.6645650882315541,-10.014660939157787
3.446016039490076,0.6730615902753769,-9.950630514614879
3.4311039990749426,0.6823562364491774,-9.890760982284945
3.4169945553665344,0.6884710181142448,-9.810356722685752
3.402065831760899,0.6943459842932562,-9.73456001153901
3.3840567627731133,0.6993432469900036,-9.71117425711168
3.367211494637083,0.7025643248625371,-9.71017428286906
3.3489158285464518,0.7063135960422793,-9.70728095208547
3.3308821738356027,0.7115037137974559,-9.70691546775959
3.3133540658367533,0.7166018995861787,-9.7100028550579
3.2948589970435833,0.7213434272022125,-9.71065428563075
3.278986220123978,0.7265093639398063,-9.706538989911534
3.260323975825486,0.7319608783168435,-9.709574296279545
3.242456306340431,0.7370316718919966,-9.71341178603555
3.2245191,0.7421387680177112,-9.717645728500862
3.2072139865294442,0.7465737592068664,-9.727574292306404
3.186575243109709,0.7515438270549829,-9.739189671513925
3.15463335,0.7623023999999999,-9.718674284359173
3.1382902363140563,0.7669141067010385,-9.719924283614116
3.12172108899031,0.7726124012738202,-9.707074282656205
3.10411095,0.77655425,-9.708574284359173
3.0876307935486587,0.7820653310253426,-9.711274267529586
3.0650186,0.7859733,-9.766674284359173
3.051326379842645,0.7935138464849399,-9.834267580075615
3.037999427960899,0.7998783764618227,-9.902624239655113
3.024026998138154,0.8056126030496131,-9.975374249679849
3.0098977871297543,0.8142259534556265,-10.04334487927671
2.9948677,0.8229782,-10.125474284359171
2.9815323861970824,0.833495231962926,-10.205161791250944
2.97233279057292,0.8444040644374509,-10.25282434277178
2.963617230708098,0.85856998533736,-10.326227642064012
2.9529617,0.8715078,-10.395374284359173
2.9444214,0.8841839,-10.457874284359173
2.933623479282779,0.895972638513106,-10.54435667219699
2.927525436326662,0.911628114014838,-10.607321328663058
2.92167021521442,0.9255152146437995,-10.675194353024335
2.9156874077191706,0.9440313811817174,-10.71484488868157
2.9123920500000002,0.9599069499999999,-10.700174284359171
2.90611694,0.97850182,-10.705314284359172
2.901068693617379,0.9945060659663688,-10.705280167702089
2.8957976445919096,1.011962015067949,-10.706387611864537
2.8906838794675354,1.0296119380449813,-10.706267613453983
2.8851074,1.0467052,-10.702274284359172
2.8793586558483666,1.0652341187491061,-10.702567618222321
2.874060797610199,1.0812563013281349,-10.70522722603063
2.869038788717309,1.0991689426145326,-10.70195889720442
2.863008446195504,1.1174828024642371,-10.70484571147089
2.857667724748167,1.1340991870298625,-10.706174248595925
2.853538759037734,1.151167083890708,-10.696654279272863
2.8482434039055864,1.1685927399290708,-10.69862427616355
2.8421804885575614,1.1873040260422343,-10.705545721688873
2.8383466143828975,1.2032294204053087,-10.693780963211593
2.8330381,1.221214,-10.695674284359173
2.82588258,1.24054026,-10.707874284359173
2.8226284843122564,1.2561949909129613,-10.689202849948996
2.8179497856822295,1.2723506834719438,-10.690886046837608
2.8100165502781578,1.291793485580316,-10.70719428944548
2.8049874434525894,1.3090627817847775,-10.698415457942332
2.800507864237463,1.325724567500596,-10.692527619811766
2.795386262763751,1.3431489203204348,-10.694414281498148
2.7898444007137644,1.3611847094502973,-10.699261785290494
2.7866816814429223,1.3770205553549288,-10.684954285630749
2.7811192,1.3951425,-10.688474284359172
2.774707730613079,1.4136066138930519,-10.698545708064893
2.7694257530031847,1.4302014568059127,-10.696017132743908
2.7651546614299125,1.4454822912545262,-10.69136178380038
2.759958775279683,1.462943529105381,-10.690697359589338
2.7546931,1.4810698,-10.688974284359173
2.7481973,1.4984683,-10.696074284359172
2.7439680369596835,1.5157227715661732,-10.691994275776095
2.7389927085382104,1.5324422250760839,-10.688591934387922
2.733914796086784,1.5498940650830484,-10.691354279590835
2.7275552154573632,1.569528693236907,-10.6982076070962
2.722546250842659,1.585329295335946,-10.690649287711926
2.718077533038559,1.6024343561154821,-10.690983368174765
2.71207486,1.6204136199999999,-10.690934284359173
2.7065225701625457,1.6383360148927815,-10.69399192597313
2.7038603500000002,1.65518265,-10.666524284359173
2.697544095610283,1.6734962075929485,-10.674868401016255
2.6917060972470797,1.6908019408916792,-10.676274285948619
2.6844388808881967,1.7103659571478524,-10.689167618116365
2.6804192546414596,1.7259749783669691,-10.68396840943105
2.6756494553303813,1.7433402886580383,-10.679102877683423
2.668826567653535,1.762101248342987,-10.690191937192855
2.66342454,1.7800896,-10.688874284359173
2.658240644452745,1.7975056650205044,-10.691674289127587
2.6533736956414193,1.8137395639809861,-10.691355540226493
2.647563624651329,1.8322079091548458,-10.691574296279544
2.6414773420397175,1.8501720155194659,-10.696721342027747
2.6360147105636265,1.8671826125504658,-10.699507621931096
2.631222379821405,1.8846989973644284,-10.699228829419642
2.624891684407357,1.9032449177350137,-10.69993143013574
2.6201129784380637,1.9198404787673784,-10.7020367946037
2.614924393296511,1.937004286835413,-10.703007615043429
2.6092320844957437,1.955156204445816,-10.700656634330421
2.604061325711853,1.9725122101668937,-10.702738570803314
2.598327631177943,1.9907787495734064,-10.70518857056002
2.5929068,2.008118,-10.699974284359172
2.587858338508305,2.024083384518795,-10.696974284359172
2.582681620742174,2.0418751686048466,-10.695856638785292
2.577042316154632,2.0588913921423706,-10.698059999618028
2.5724215304053133,2.0752385622683924,-10.695259992806038
2.567830574383121,2.0921917744546428,-10.693874284359172
2.5616361645076693,2.1112940004259717,-10.69458761822232
2.5569510696940796,2.126813871301912,-10.690624286594343
2.552545570480748,2.1433372460772127,-10.68720285676087
2.5464311410544553,2.1622003355517054,-10.686014288173904
2.5435072,2.1763234,-10.665674284359172
2.536285942527895,2.1956855662714183,-10.67978095060198
2.5317360435653344,2.213704297038538,-10.66906000156426
2.528718668011742,2.2297435495403,-10.661824294044909
2.52195284,2.2475438,-10.671374284359173
2.5170349718345677,2.2651772464443525,-10.66594094678725
2.5121679,2.2822643,-10.664674284359172
2.506659998550414,2.301961675342727,-10.658614248119514
2.5052300769070026,2.3187399045173414,-10.622462519075803
2.4966547090232853,2.3365031252801396,-10.64900095208547
2.492536009098134,2.354748731436564,-10.638007621931095
2.487274967699827,2.371305675210109,-10.642899276908496
2.4818492258908984,2.3892377233906603,-10.640674284359172
2.476584785917843,2.4051829861801046,-10.644444870449519
2.471258521157453,2.424179275506247,-10.638214283405489
2.4655420709891995,2.440688826278521,-10.641144286504941
2.4605783,2.4579913,-10.637374284359172
2.45442466407375,2.4766427742477948,-10.640040953674916
2.4493398702284614,2.493161271874956,-10.639456637135353
2.4441427576682826,2.510132747870937,-10.64224761822232
2.438837249529672,2.5270174851879146,-10.640619743633524
2.4323944461495306,2.5454036551323225,-10.652833109373548
2.428355118582214,2.5637529154446477,-10.637247608685644
2.4221446828269753,2.580713720871935,-10.64523143013574
2.4177978345391207,2.597359027758719,-10.635874287008285
2.411612977852306,2.615082645719554,-10.642320954416713
2.402402906185574,2.627945255077626,-10.701006175724192
2.3926189946866487,2.642915170047684,-10.756374291171161
2.3873572524122655,2.660866161535267,-10.753693640934548
2.38227477710482,2.6775280846196443,-10.753587188230027
2.377026338908601,2.6944740890018655,-10.755721355309904
2.3715963148617187,2.712631724496522,-10.754756619151049
2.3659113,2.730159,-10.756574284359173
2.361524932217658,2.746895879802296,-10.751751207295019
2.3549773981451017,2.7651410271034496,-10.758384281259728
2.35018508075245,2.781750278111564,-10.755244284120753
2.3441221277449755,2.799959274942148,-10.754621345492646
2.3391714614991326,2.817237381518471,-10.752507618134024
2.333519138371061,2.833947724361233,-10.75483539407214
2.3281450967596857,2.8515539369114062,-10.752837931067383
2.322716902109627,2.8678751457026834,-10.756474284359172
2.3181739091623075,2.8846162774707937,-10.752574277346845
2.3120207849784102,2.9031099128506717,-10.754196507464421
2.306554739038483,2.9211560811314934,-10.753627237910164
2.3012501666572294,2.9382191456213023,-10.755833660895851
2.2959633908238835,2.953871683014946,-10.756936782682795
2.290092422068904,2.972524133525064,-10.755736780633834
2.2847231827333174,2.990682975130467,-10.75450761504343
2.2793005056775915,3.007484636675462,-10.754987616844788
2.27410493043109,3.0246092723628726,-10.7540805324034
2.2683918391610454,3.04226254688863,-10.75382134689511
2.262664,3.0614038,-10.753874284359172
2.257511638722656,3.0770564570990047,-10.757624287339443
2.252189148869109,3.0946526854756415,-10.756927619811767
2.24660031862195,3.1135704473766195,-10.7561076070962
2.240800029859894,3.1295273972203135,-10.759286051045006
2.235809705732191,3.1468771208835,-10.759417132743906
2.2303428,3.1664198,-10.753274284359172
2.225297583312406,3.1828702525661607,-10.75489427800139
2.219683912531392,3.19961938313253,-10.758554282451808
2.21353548,3.22001252,-10.730794284359172
2.2091098015894715,3.2296436653113774,-10.634500987477715
2.2005804,3.2466595,-10.594874284359172
2.194084069739001,3.258632347681023,-10.517015456539866
2.1861308633155847,3.2706672579178253,-10.441507583254507
2.1785618107764444,3.293026784741318,-10.323067629348445
2.1675252,3.3043889,-10.260374284359173
2.160045011631566,3.3120771225653662,-10.149527648421795
2.147192146580088,3.32558495331052,-10.08256249242896
2.13305470533736,3.337686263801955,-10.026207645242904
2.1181394115786785,3.3445002305143054,-9.964459984291052
2.104765,3.3529169,-9.878874284359172
2.0906278561623806,3.362538421521442,-9.794394270371825
2.0746807717641613,3.369095134804987,-9.756515460747261
2.0554967764055494,3.3759519205501496,-9.780986784917964
2.039223440741813,3.381494783535703,-9.778252857612353
2.0207705,3.3887543,-9.779474284359173
2.004260551900183,3.3954950357863787,-9.77378761822232
1.9868001,3.4008295,-9.780474284359173
1.969949704313984,3.406994974705132,-9.780615462149727
1.9524375071240105,3.4139863571446734,-9.776054291988634
1.9350558183484565,3.4200994563931393,-9.779644874656917
1.9182257392974649,3.4260314367241516,-9.779980947317132
1.901006007513431,3.4322453638649586,-9.780274282769701
1.8842811903619485,3.439119661684722,-9.777749283241588
1.86716048496678,3.4448813777251486,-9.781794286266539
1.850590293580915,3.4511375838323777,-9.779686048240075
1.8341805172010965,3.4571315258195257,-9.782474296279544
1.8163267045062228,3.4639936054265417,-9.778874284359173
1.800135522382989,3.469184398381737,-9.781580536873738
1.7832358138599698,3.4755803479059044,-9.775587619811768
1.7651173356137104,3.4819855839756535,-9.77854487506937
1.747937580258766,3.4884810133165907,-9.778774284359173
1.7305868036716787,3.494113214327495,-9.782807618752154
1.7138661985372285,3.4975846868238363,-9.794003684244169
1.695544025727183,3.502624968725562,-9.804840953145135
1.6774009124948341,3.508111549163938,-9.811147616208999
1.6615669,3.5137697,-9.799874284359174
1.6459283462437118,3.5201988375342728,-9.789074284359172
1.6271924,3.5264471,-9.793374284359173
1.6102695356194865,3.531579752411984,-9.802390953674916
1.5924747186572146,3.5377450539069204,-9.801594284677067
1.5751593238239283,3.5448871442429484,-9.796924283614116
1.56153180342577,3.5517825785840946,-9.781261779330041
1.5420872666226912,3.558016723664049,-9.793214292942318
1.5260278425341405,3.5635657563863465,-9.790007618134023
1.50855,3.5695017,-9.787974284359173
1.4919315529407382,3.576145016300347,-9.78656178380038
1.4749770259610395,3.5826205893258347,-9.787250749585038
1.4557947903010457,3.588568334323044,-9.79295428563075
1.440095661101126,3.5945357391739723,-9.790466599951735
1.424351411719002,3.6002006808619553,-9.785633103763686
1.4056164,3.6068785,-9.786274284359173
1.3883539125688962,3.612736445340308,-9.786344871851986
1.37232798,3.61894832,-9.787174284359173
1.35559532,3.62562138,-9.785214284359173
1.3392005195279322,3.6308083976441314,-9.787386780447624
1.320824156478722,3.6369078378948623,-9.789024266478615
1.3053212094848745,3.6437032869332286,-9.789609580209277
1.2880528804427793,3.650588496859673,-9.78298143013574
1.2716692,3.6555898,-9.787374284359172
1.2557051140264346,3.657584780749229,-9.804868034824834
1.2385562,3.6661031,-9.796374284359173
1.2219056687881296,3.672226835891898,-9.78986252047827
1.2039507092664705,3.6779880848843676,-9.7926076070962
1.1870486266947469,3.683815030811412,-9.797114282769726
1.1699902761197825,3.6910717055027495,-9.79254761938794
1.1538827324310577,3.697354968886593,-9.791227621401212
1.1348941,3.7031015,-9.794574284359172
1.119591545706239,3.709908650878422,-9.790993032962191
1.1027703576038828,3.715890746767711,-9.761602795939554
1.0852358390969445,3.7254974186351464,-9.669420477001214
1.0721082499999999,3.7268887,-9.594224284359173
1.0550755967166212,3.7296484404155312,-9.520174352479064
1.0398422725998002,3.7313437061228747,-9.454693050843549
1.0242373210149864,3.731144128205041,-9.383288602574682
1.0079000411999113,3.730498107075833,-9.311038565717077
0.9957838886498463,3.7295738674838366,-9.237880155095382
0.9803318,3.7273803,-9.138074287179586
0.9640677899485295,3.7239559057374865,-9.077997798111806
0.9479784049352301,3.717458862369864,-9.013814317379062
0.9329338608799314,3.7128535973741936,-8.933974247442803
0.920393138371457,3.7057741170076994,-8.863050786064626
0.902757,3.6972623,-8.774074287179586
0.8921587247465043,3.6892474039717826,-8.738627254095423
0.8780088382134627,3.679839009345943,-8.664607689388916
0.868231542922084,3.661823060856089,-8.60651430688903
0.854464676992768,3.651900712890408,-8.51760102166262
0.8458333232476078,3.6401547511015035,-8.45474096868132
0.8363263794153248,3.6245994197740528,-8.391451292644868
0.8259461328681823,3.617580271720685,-8.307109553577913
0.8220793686958595,3.5994789584121434,-8.258915978350213
0.8164146727359425,3.580691646381543,-8.214335791782894
0.8117227311769848,3.5653508074052294,-8.149980918348625
0.8062942463521633,3.5502120835457927,-8.061480943885565
0.8059819952105802,3.5352649227381736,-8.037686048255559
0.80331454,3.51849194,-8.038474287179586
0.8024556063938404,3.5000064057711455,-8.05637428016726
0.801413671512358,3.4813009654963043,-8.07673427764291
0.7980554424309375,3.464158976947897,-8.06863427859644
0.7957162890398856,3.4480775390861664,-8.070368405321625
0.7928139729758082,3.4291059717662207,-8.071787619665201
0.7899168993642114,3.4104272004259784,-8.071467627294664
0.7865754,3.3923344,-8.072174287179585
0.7839803978367639,3.3742702255694192,-8.071840951726992
0.781047765341305,3.355492803202142,-8.073343516538058
0.7782463880984667,3.3398613108793156,-8.067399289787284
0.775567121839423,3.3219547982058772,-8.073105529356376
0.7723992540804735,3.3039514758285065,-8.067397821953719
0.7691669182820994,3.2863021832358457,-8.060974287179587
0.7649068319272034,3.268189456252086,-8.055907622632182
0.7624980755263825,3.2522897524713525,-8.054861786620794
0.7597046252211033,3.233405933661062,-8.052636190427734
0.7562386176371592,3.2150896069561314,-8.050721347653052
0.7533066,3.1974674,-8.052674287179586
0.7503219744510407,3.180046373273252,-8.051274287179586
0.7475361415592612,3.161059584669649,-8.050427228851044
0.7445121,3.14303385,-8.052524287179587
0.7413863505237748,3.1254278310360752,-8.051999283826833
0.7383453719487066,3.107090546002282,-8.049302859581283
0.7356886607337,3.0891227295037673,-8.049894282729067
0.7331020523801955,3.071526032464436,-8.051920953316438
0.7303476,3.0549419,-8.053474287179586
0.7277243,3.0367005,-8.050874287179585
0.7246752131607629,3.018551278644414,-8.053645717697297
0.72174688,3.00037586,-8.059154287179586
0.719075176897139,2.982299228777248,-8.055002870285852
0.7162016760094245,2.9651132528659385,-8.053056641358232
0.7131997763843357,2.9474063628151637,-8.053574287179586
0.7108871119055299,2.929108971720685,-8.056909581627226
0.7077971262223055,2.9109936847414044,-8.054574287179586
0.7048956990336014,2.8925466256302257,-8.050874285590115
0.7025433448226021,2.876074695835134,-8.05551177693506
0.6996362542264043,2.856346640000636,-8.053180953422395
0.6967900736490751,2.8393879391596424,-8.051021356727851
0.6946981460120164,2.8206688766729187,-8.077887635559915
0.6914738664817611,2.8041839069045538,-8.1761075749488
0.6893882710499964,2.792734869221324,-8.247299319962172
0.6841011,2.7721003,-8.329574287179586
0.6776611,2.7577137,-8.367374287179587
0.6703567303504728,2.743921873782087,-8.382534288769033
0.6612666294115777,2.7274445268477603,-8.356540940070834
0.6518954931531632,2.7117146490666593,-8.34023900114674
0.6449352390122616,2.693947461168256,-8.35176001606242
0.6379601912850792,2.6794411615724445,-8.361068398226807
0.6306221326795308,2.6620439655068826,-8.366854275735392
0.6204465800000001,2.64497004,-8.342854287179586
0.6131797,2.6276752,-8.342674287179586
0.6060941891838194,2.6102041733290946,-8.350787638526642
0.5980585681956895,2.595031499604234,-8.354984274305279
0.5885414758775928,2.577641298737781,-8.360638994134414
0.5815593,2.56141848,-8.363754287179587
0.5742849,2.5442812,-8.350574287179587
0.5665650554774109,2.5285680179997616,-8.36027437062219
0.5564694447411445,2.508803632537466,-8.370117144809015
0.5486338230186668,2.494125793064808,-8.356838992731948
0.5412927014611717,2.4769508960745914,-8.363710000735445
0.5333975,2.4611888,-8.367474287179586
0.5261254,2.4460919,-8.365574287179587
0.5172825663704999,2.428296497622189,-8.36415429035848
0.5100265803360308,2.4126322251868784,-8.36653310938903
0.5018266981073249,2.3963634576789055,-8.364420441307892
0.4940201702026544,2.379027574545021,-8.36647428559014
0.48589371529154063,2.364264944549911,-8.365355531126001
0.47630328,2.34641808,-8.364894287179585
0.46829678324697205,2.3293905295323776,-8.365074284000643
0.46212200000000003,2.3141911000000004,-8.366024287179586
0.455181285385624,2.296383229657885,-8.36677437062219
0.4494816483752437,2.2809790554745244,-8.355738991329481
0.4411804000667578,2.26559635423912,-8.361980947064508
0.43203366,2.24720758,-8.356894287179585
0.4255193757037059,2.2336417576345946,-8.362155537086455
0.4157685,2.2157735,-8.371274287179586
0.40876965448151514,2.2010821069483972,-8.364330547889773
0.40221637500437096,2.1851352447683383,-8.359227622632181
0.3947385974886087,2.169065169195719,-8.362196540014173
0.3869970524676381,2.1529462222417006,-8.361315464970142
0.3788917107321105,2.1375501478240135,-8.359980953422394
0.37117854615327306,2.119369005325664,-8.362111784385624
0.3634201495056744,2.103450519232603,-8.363567620936779
0.35561739287928157,2.086440705799889,-8.364860958084776
0.34778282583866266,2.0715467809716146,-8.361068408126517
0.33970494037575105,2.054523715703977,-8.361500952150816
0.3315185602318616,2.0371253693051603,-8.371199285316946
0.3235012344431199,2.0208909253882834,-8.365310000735445
0.31562496,2.00386124,-8.363534287179586
0.3085293189751089,1.9879230505674412,-8.368694289086951
0.3009357690676451,1.9726165073896975,-8.362507616980771
0.29252984884127536,1.9555543422799377,-8.360847622208356
0.28474227744713826,1.9383029303655248,-8.363174287179586
0.27743517783641164,1.9223158355548844,-8.364954288451163
0.2696416,1.90490066,-8.366014287179587
0.2616830636514081,1.8894421387383598,-8.364974287179585
0.2539118220952411,1.8729212243920272,-8.365174285590115
0.2461884531526983,1.855714753604286,-8.368891938363252
0.23760987031980163,1.8389138073592524,-8.363140955965548
0.2300499837320194,1.82221787251053,-8.369194290358479
0.22307608672285878,1.8072117553244604,-8.37040958302969
0.2145119,1.7904002,-8.363174287179586
0.20681771656452042,1.7733769037011065,-8.366838992731948
0.19855667719939601,1.7570594073432408,-8.366107625811074
0.19038933986171622,1.7405002350759695,-8.36248338833484
0.18253583827057474,1.7241065874368564,-8.380336797424114
0.1743358,1.7064574,-8.365574287179587
0.1660017,1.6906542,-8.362474287179586
0.16002473968781555,1.6753517612882867,-8.371744877889785
0.1520435734324088,1.658564434051233,-8.369907633758304
0.14279394421321526,1.642152060711853,-8.361067143106018
0.13699596847257478,1.6277199002159797,-8.374862530311011
0.12833643175981743,1.6103694203160654,-8.37190286250059
0.11983387115549135,1.594267771694038,-8.361286052462955
0.11253168103622192,1.5784940182393399,-8.367005043713286
0.10591767358525911,1.5619792759915534,-8.376302857878315
0.0980914,1.5459715,-8.372674287179587
0.08851536641129161,1.52790827182821,-8.367227629837819
0.08155572043839128,1.512943847880314,-8.37088678326804
0.07453592456051117,1.4962107480687923,-8.380174287179585
0.0648514,1.4790151599999999,-8.364974287179585
0.05727615393461706,1.4645320496108158,-8.361680167717571
0.05024304054105604,1.4461143614155831,-8.377927618711519
0.043088643058308125,1.430681330089854,-8.380849286062002
0.034374123066041484,1.413108552645633,-8.375880951726991
0.02733915139594211,1.397459393445867,-8.380944284556978
0.018646401401063068,1.3802324280703475,-8.375044869062537
0.0103456,1.3638941,-8.369974287179586
0.0032672200778828576,1.3469623384868474,-8.38405429353737
-0.003931906420397173,1.3317932399697072,-8.386780173244885
-0.012197684076676098,1.3151967830021933,-8.34678755608635
-0.019364860431536752,1.3003228235542177,-8.266724313256566
-0.023333954786029322,1.286213313553463,-8.21227412029438
-0.026337,1.26840094,-8.150214287179587
-0.032299299489502546,1.2547449104722102,-8.060180192961953
-0.031697607079359674,1.2399381391910762,-8.004131439768141
-0.0320175,1.2240863,-7.933874287179586
-0.0326466,1.2078835,-7.884874287179587
-0.033758334303970496,1.1899701421337063,-7.876274280821701
-0.03293971171619708,1.1727226336185015,-7.879733103779168
-0.03196821424192368,1.1545249549956575,-7.876560000978738
-0.0283455,1.1336211,-7.899374287179587
-0.02437612073750298,1.1139147618803147,-7.920780953316438
-0.025510726458339957,1.0965853014543663,-7.903874288769058
-0.026222682342958922,1.0812319068917158,-7.893509581627225
-0.02533080575712102,1.0625440869781075,-7.890650758015315
-0.023788792953985536,1.0421541232694904,-7.897120954905883
-0.0227265,1.022993,-7.895774287179586
-0.022369674107923388,1.005912273615195,-7.893220945369207
-0.023526566575007152,0.9884330587500397,-7.877007613625211
-0.021547248307879782,0.9710248888909493,-7.880374299100589
-0.01886599938692098,0.9505395074727521,-7.903560005844437
-0.019086192989074793,0.9333720670462674,-7.8885272428757
-0.01946154,0.9156525799999999,-7.877314287179586
-0.01689420177702896,0.8963676101885113,-7.898034283364854
-0.016124188305418133,0.8787192775108781,-7.890224272278234
-0.01702785929192991,0.8602737380736679,-7.877024245458284
-0.014433406123164523,0.8415203923818072,-7.8943801663151065
-0.01307562908719346,0.8238592323228883,-7.893345710885308
-0.013284693348168163,0.8071085219581976,-7.8785140392259985
-0.014523212694273495,0.7935009512434994,-7.834507728762832
-0.0142503,0.7777878,-7.8165889771795865
-0.011555051660971151,0.7531416050107288,-7.870524279232356
-0.01037512319677994,0.7334288357025651,-7.8708272316559755
-0.00886665,0.7139769499999999,-7.881574287179586
-0.008409030262627003,0.6973166630689946,-7.875305055987127
-0.007790929346591307,0.6793861085508324,-7.88095075661285
-0.0065849,0.6630546,-7.874374287179586
-0.0065573374569729845,0.6464669984368714,-7.875430537458982
-0.004673467352777557,0.6229032371930383,-7.886447616274396
-0.00346683989573068,0.603769835883905,-7.879807621572567
-0.004183993944153822,0.5905367259708567,-7.881427228851044
-0.0022980566001748392,0.5710172724469522,-7.885127613095504
-0.0014016499530614373,0.5501614808609874,-7.8849742871795865
-0.0009807785255700687,0.5339502945930757,-7.882060000978738
0.00015214354855533536,0.5175963540657736,-7.885693035782605
0.0006698875054345539,0.5003514166921448,-7.885256649773026
0.0015904581777929155,0.4793645761955041,-7.884131432956153
0.002432650100582634,0.46351942014334885,-7.890043039507888
0.0031937,0.4443521661744604,-7.884274287179586
0.003826,0.42605223999999997,-7.886894287179586
0.0047257426601966255,0.40929123261573847,-7.888656641358232
0.005309586052452317,0.3904380638215259,-7.888617141403019
0.006052832941793559,0.3713381744524271,-7.885040949607663
0.006726405901574969,0.35265965169768454,-7.887921345508127
0.007320839755225304,0.33466646994516414,-7.882754290358479
0.0092367,0.3162808,-7.898874287179586
0.0106102,0.2966655,-7.890074287179586
0.009591206567695585,0.27791089502336525,-7.8804809550118655
0.009730547522544633,0.2605340731988836,-7.869756645565628
0.010725143344686648,0.2421851243000681,-7.8721957194002945
0.01254988694587936,0.22384692559802907,-7.881327624221627
0.013312898837694463,0.20695692489718065,-7.8844992976105335
0.01403712,0.18641354,-7.879734287179586
0.013528694242878982,0.1700367879668457,-7.869827227448579
0.01468126,0.15076636000000002,-7.870354287179587
0.014955327049193355,0.13294588165302393,-7.865560961263668
0.015696357124975784,0.11544629278040204,-7.864999292767511
0.016528735500278155,0.09689310257490265,-7.848922148919235
0.01751059306036812,0.0792611499062212,-7.744555591923523
0.019725084027054498,0.06799771179556036,-7.695367930888286
0.0222649225873895,0.05221883418552617,-7.60574284505913
0.024565577590258857,0.038508867035081745,-7.531867565394846
0.028985683755602887,0.02406520972756461,-7.448802373244055
0.03468919053643805,0.009433180499086069,-7.3705356178853005
0.04495870162388408,-0.0014886527643116374,-7.336372319784688
0.05346962697207085,-0.014093639536784741,-7.272788994209559
0.062162296006437384,-0.028138991804255824,-7.181364038275134
0.07288460464595088,-0.04021738065962012,-7.116615597222501
0.08517510706508782,-0.048488809369784634,-7.066268997842386
0.09646420776719604,-0.05701484037908791,-7.009388921548236
0.1093205550743066,-0.06932008063259955,-6.950895644905883
0.1226792,-0.0847813,-6.896888977179586
0.13828256981030862,-0.09696269680966786,-6.883338977924643
0.1528439167412311,-0.10662196631838772,-6.877365455027643
0.16733774987212277,-0.1168475602020027,-6.88626170248194
0.1819669679912261,-0.12604441425596846,-6.8932023096652015
0.197818890001703,-0.13685306435115804,-6.895988977179586
0.21204984275995803,-0.14679630710493688,-6.895428974636432
0.22673293922593976,-0.15713820379877613,-6.895855641726992
0.24241369162666496,-0.16849661389833742,-6.89514897972274
0.256450421567115,-0.17808525744218337,-6.896224271627226
0.27061855994913775,-0.18779905186839385,-6.898282306274396
0.2861361,-0.1990453,-6.896788977179586
0.30130472403950953,-0.2097424929989782,-6.896117544958878
0.31579889617797013,-0.2200502703957745,-6.893596665255
0.3300627270709158,-0.2303423421070757,-6.890527865626963
0.3456555480099819,-0.24089256764948977,-6.88754231030099
0.3609752604339188,-0.25174080449018515,-6.889975644905883
0.3762539231649553,-0.2626975591855549,-6.887488977179586
0.39183447367241514,-0.2734890973090678,-6.889015644905884
0.40488630621473415,-0.2833238516649448,-6.890633422065544
0.4202943780850658,-0.29584058370207894,-6.886928982901501
0.4361853866589465,-0.30684898692120366,-6.8888246969391265
0.450891011902725,-0.3164927541800485,-6.8896007438654205
0.4657656,-0.32740400000000003,-6.889888977179586
0.48166174047002724,-0.33787390815395096,-6.892546122956153
0.4952574,-0.3480707,-6.889988977179586
0.5123105755157834,-0.3594876532504689,-6.892755639607663
0.526166579430038,-0.3690177507958992,-6.893612506343858
0.5409419274104333,-0.37986246224369774,-6.892922308393625
0.5570042472701264,-0.3889750975125169,-6.909948978769032
0.5713459802396101,-0.39938288665603716,-6.901420227831511
0.5851775,-0.4113394,-6.8931889771795865
0.6007189137666017,-0.42195647783262974,-6.894806624403405
0.6157326064928873,-0.4324612311531431,-6.894088977179586
0.6305495999999999,-0.4430081,-6.893188977179586
0.6447388248920846,-0.45322958737765395,-6.890178447891828
0.6614022,-0.4641959,-6.8931889771795865
0.6747951300983128,-0.47357534674978613,-6.893841916046114
0.6904725758972565,-0.4840262003274311,-6.896555639607662
0.705734209776632,-0.4948982076576912,-6.89568272466502
0.7205573971793273,-0.5051966155375417,-6.897212052409752
0.7359161,-0.5160224,-6.896788977179586
0.7509995,-0.5267882,-6.8969889771795865
0.7640224676984139,-0.535976641977196,-6.890171327150836
0.7794840591003735,-0.5466661286322816,-6.892622307863843
0.7940758974318801,-0.5571751232629428,-6.889974685626453
0.8092504,-0.56718765,-6.894988977179587
0.824143981302793,-0.5781165491689373,-6.89110326873272
0.8378410708707908,-0.5881706313030307,-6.891847802193962
0.8532522431880109,-0.5986969679410763,-6.8948032653267255
0.8681555942984622,-0.611148909551949,-6.852231876653369
0.8814282051734413,-0.6174933937775658,-6.794988619568429
0.8946021881796973,-0.6259528156417636,-6.704731822158384
0.9044561119521972,-0.6352838135615193,-6.588051387586536
0.92058206,-0.6384923,-6.537468977179586
0.9393897148059255,-0.6437814994691166,-6.514688962874344
0.9576315,-0.6483742,-6.5341889771795865
0.9765372645095368,-0.6534242267234331,-6.533610404291303
0.9933479277980599,-0.6573088632001669,-6.536026475875737
1.0112681794325677,-0.6619299377096082,-6.5357623142216275
1.0293200304762473,-0.6669957016212672,-6.533582726061985
1.045435321112716,-0.6712249542894408,-6.531606627208337
1.0626494,-0.6770888,-6.517188977179586
1.0808536392990542,-0.6806747735396964,-6.510580644508522
1.0984358365292304,-0.6849249743173221,-6.521942313479933
1.116253058691886,-0.6897543312294365,-6.5184889803584785
1.1333106209450297,-0.6951796522955193,-6.510126474385625
1.1514889,-0.7000091,-6.512788977179587
1.169467356435462,-0.7039754648699703,-6.519842821217293
1.186052025016343,-0.7091639376402636,-6.513563177897921
1.2043967263839426,-0.7143553391244095,-6.511757728017774
1.2223219814556379,-0.7187302700829704,-6.513022306804153
1.23884455,-0.7227576,-6.511288977179586
1.2570215995581269,-0.7283308948056076,-6.507508975908009
1.2747019435066755,-0.7321053005385393,-6.514312507416319
1.294111343021117,-0.7374230984604905,-6.510410404291303
1.3094331085408952,-0.7415282979426119,-6.510059560877556
1.326284365295266,-0.7457977943673725,-6.511488977179586
1.3447969427215425,-0.7509393391005678,-6.51153897643453
1.3615539878606093,-0.7537312517439222,-6.513150267874309
1.3798683717052578,-0.7593999908545223,-6.513341918851045
1.3973573,-0.7638918,-6.512488977179586
1.4151191290262977,-0.7689655104665856,-6.507938980755869
1.4320147585101626,-0.7730572652574953,-6.5140577335126615
1.4508921874748222,-0.778782971553418,-6.5087303616495165
1.4686668239818241,-0.7823644156176371,-6.511700742297953
1.4867218735162198,-0.7877099045508054,-6.51189521926336
1.5027580906986402,-0.7920264109318279,-6.512163166560009
1.5197227755963814,-0.7968511936129912,-6.500088987776033
1.5364903091150217,-0.801939250738351,-6.49778272913536
1.5541197560969982,-0.805832510614276,-6.5051889771795866
1.5718626346703504,-0.8105777861618725,-6.506941914643648
1.5896194143527582,-0.8150329090448225,-6.505867932407212
1.6076457714270813,-0.8199935006824718,-6.506276478110907
1.624238310317574,-0.8240327953627542,-6.507963982544009
1.640643583953717,-0.8295660658779002,-6.504348355951435
1.659687277867289,-0.8333195346872961,-6.510215290987748
1.6776712714570214,-0.8379422350910901,-6.513741910436251
1.694737367180259,-0.8422260097185177,-6.515701477738379
1.712599637594491,-0.8466638827454666,-6.5197301549701425
1.7306030072154766,-0.8521448933805623,-6.513631835782131
1.7475802916026701,-0.8570513706921647,-6.51483633450529
1.7658402075354473,-0.8617544478282821,-6.517088977179586
1.7820256284843323,-0.8659612701226158,-6.518753258514736
1.799418544818591,-0.8707541515083517,-6.515547797986565
1.8173195199360477,-0.8751768360447667,-6.520218388284308
1.8357246096867768,-0.8798656836802002,-6.520134811299371
1.85402864438719,-0.8859455334661293,-6.514530917129134
1.8702277917283865,-0.8903015875022111,-6.517766397328329
1.8867033836208347,-0.894329396671996,-6.516153681824487
1.905450195730895,-0.8990088538126025,-6.5226360397155245
1.9233181767012586,-0.9047117133603544,-6.517246874558211
1.940645925,-0.90849975,-6.521263977179586
1.9592181407177212,-0.9136396122826489,-6.522123457386764
1.97574414,-0.91834906,-6.522048977179586
1.9941774766558056,-0.9228047416736868,-6.523168980358479
2.0105159113235067,-0.9267910187257199,-6.525083095239135
2.0292202058777717,-0.9327722849272828,-6.519815641726992
2.04573200192839,-0.9370173105507482,-6.520771331358232
2.0637968458718428,-0.9415254702312665,-6.5232066244034055
2.0813248702578124,-0.9457617459738691,-6.525295643422394
2.0997094326617844,-0.9512684396917576,-6.524317550067869
2.1176425,-0.9554554,-6.527288977179587
2.13541452,-0.96028182,-6.528808977179587
2.151945360712733,-0.9650008267618473,-6.528224275834622
2.1699049392569956,-0.9701001279840475,-6.524352613740264
2.1877696385043315,-0.9745517428276246,-6.525766740828955
2.20476525,-0.9789858499999999,-6.525088977179586
2.2220960689237055,-0.9840899252043597,-6.522246122956153
2.239571616427079,-0.9889198349270016,-6.523430153567676
2.25787702,-0.9934111800000001,-6.526688977179586
2.27507854,-0.99801462,-6.527428977179587
2.2915931,-1.0027829,-6.526888977179587
2.31002970756812,-1.0078990737602178,-6.5232889737735915
2.327352092771693,-1.0123641864662076,-6.526430152165211
2.3453578521537337,-1.0173194216613153,-6.557789072547867
2.360323120039736,-1.0209418783183661,-6.638795624243084
2.3742698200510497,-1.029010083340112,-6.696988988399311
2.3883282572820472,-1.0346428041166653,-6.773109053472998
2.401591241528812,-1.043338859067234,-6.840388955171737
2.414707353544234,-1.0512317280543593,-6.9112389943158865
2.4286149515974187,-1.0613383578885462,-6.985129006425859
2.44448175035272,-1.073020476806025,-7.047730140945487
2.46019876,-1.08523688,-7.054728977179586
2.4705409717698483,-1.098064806246523,-7.039488970821802
2.4835190966368876,-1.1102249944378217,-7.041018399504033
2.4981541146006516,-1.1219909153317968,-7.050888977179586
2.5102898135786713,-1.1354293186051079,-7.040947803596428
2.5237296315871935,-1.1478559040531335,-7.042246116144164
2.537994377192146,-1.1602358917746634,-7.045703261677466
2.55107469632554,-1.1725795496290479,-7.0488595660748645
2.5639228999999997,-1.18508184,-7.047908977179587
2.5775513,-1.1978326,-7.046988977179586
2.5910405,-1.2104351,-7.047288977179586
2.60442236469028,-1.2236173606908163,-7.0463389704740775
2.616747639489222,-1.2352388451986591,-7.047747802193961
2.6294024147118638,-1.24814987324236,-7.041571331358232
2.643113557190541,-1.2610834695689102,-7.043707727272719
2.655885275,-1.274232075,-7.042438977179586
2.6693754936724154,-1.2852994717046808,-7.044875651263668
2.6830518823650955,-1.2981945746483352,-7.077988937443434
2.6921300894240074,-1.3097022633325386,-7.143665488686816
2.702985155675117,-1.3221607340252723,-7.215522284022152
2.71187657284406,-1.3355213920424105,-7.29285958290445
2.7209770817611063,-1.349504460812207,-7.369048931085651
2.7287997037352576,-1.3631223065263693,-7.435389010558485
2.7353884912163586,-1.3772256396491032,-7.508506590744233
2.739689875718665,-1.3922767754155314,-7.578503319822638
2.7451043743797596,-1.4074404081861913,-7.658906587939302
2.7477918412467814,-1.4241812681247419,-7.7244690165984755
2.7505890600000003,-1.44114894,-7.798208977179586
2.7518228352210254,-1.4562162776408054,-7.870968409528964
2.7517444500000003,-1.47496595,-7.941824287179586
2.7493948872742062,-1.4903077778133065,-7.9738095685102275
2.7461956091959667,-1.5102617800429154,-7.957615501434246
2.7390586981482956,-1.5289554014702376,-7.906247616274396
2.7392287144788825,-1.546970924955722,-7.919959999032447
2.7354327,-1.5644189,-7.908674287179586
2.734234421600916,-1.5842579464697841,-7.919687626023087
2.731827138337798,-1.6010311014473444,-7.9122389941344125
2.7309727,-1.6184393,-7.920474287179586
2.7277279866776794,-1.6369209154254867,-7.91474571477789
2.7262491398259625,-1.6553374861366075,-7.921524293139773
2.723656780074704,-1.6742070281586268,-7.919200962853114
2.7222378582183326,-1.690248610125659,-7.917397814611427
2.7199642883685287,-1.7095724657101499,-7.920074287179586
2.7181903634485693,-1.7273242689066757,-7.920560005844437
2.715476436022327,-1.7440395041274561,-7.913362521896218
2.7139688316128265,-1.7634457827512218,-7.919574239498099
2.7122354009149294,-1.7809549439091628,-7.917699286807058
2.710530178016008,-1.7988528184724115,-7.9209528651768615
2.7072273009218932,-1.8180653315986903,-7.914754288451164
2.7064299,-1.8349853500000002,-7.919174287179587
2.7035293736783546,-1.8548351249451633,-7.916134288133269
2.7020728784966197,-1.8726286341751675,-7.916902862987219
2.6995233004824484,-1.8900294304475267,-7.913674287179586
2.6982437729440187,-1.907473748388276,-7.919387619665202
2.696321,-1.9257383,-7.917074287179586
2.6945100228985015,-1.9440136714475478,-7.912902849849886
2.6919797009025883,-1.9625619819465259,-7.911460005844436
2.6901426823205195,-1.9795113129671964,-7.911656641358232
2.6889972197332868,-1.9976266082557141,-7.920107619983096
2.685583672564571,-2.0163773143034254,-7.905254288769032
2.6847539,-2.0347913,-7.919674287179586
2.682032978588572,-2.0532919363681157,-7.91303429353737
2.6802644769395827,-2.0699749023645238,-7.915433109966527
2.6781438005722094,-2.0889021754696886,-7.911714287815375
2.6765793,-2.1071346,-7.917474287179586
2.673898087977239,-2.1252927668213752,-7.91053428972274
2.67172304,-2.14323738,-7.909274287179587
2.6703497206527076,-2.1604249605121804,-7.912703689869515
2.66771988,-2.17908888,-7.910694287179586
2.6655078976412248,-2.197475858797724,-7.908434289722741
2.663072771487876,-2.215208311937787,-7.902609578822294
2.6621748949677335,-2.233534633712687,-7.914547622208356
2.659603165707701,-2.2520990415306366,-7.9124742855901395
2.6566570428433187,-2.26918533672585,-7.902438996031824
2.6546983,-2.2876011,-7.902774287179586
2.653198747405475,-2.3061418386289687,-7.908927229511012
2.6511636664081126,-2.324023058490956,-7.909374277642758
2.6490384989827547,-2.3424740949773506,-7.907354284000694
2.646677923473469,-2.3590645937057935,-7.9014242911532016
2.6458824,-2.3777037,-7.911874287179586
2.6434693519403107,-2.3955799994081595,-7.912044874672398
2.6407359828540513,-2.414049533710523,-7.906074278009649
2.638338766452618,-2.4319232034269,-7.903214287815374
2.637452451356748,-2.448598282485211,-7.909774273768568
2.6347591721270307,-2.4671896592936386,-7.905354282093278
2.631922012376758,-2.4860052317279777,-7.901097820551254
2.630900085650481,-2.5037076175252326,-7.908267605148274
2.6316727001975475,-2.52488299363079,-7.940888568514736
2.6274617940037466,-2.5428814178865804,-7.924817148215008
2.6260129,-2.5594818,-7.923974287179586
2.6249131078661683,-2.579639118923945,-7.93414095649533
2.6221717473738835,-2.596023096709816,-7.927903699686773
2.62013097068851,-2.6151223127024403,-7.928917145782131
2.6187890407413295,-2.6331127302031345,-7.933134289722741
2.6157077586082127,-2.650082095355099,-7.926144875084893
2.6141955,-2.6690914,-7.930074287179586
2.6119054185340267,-2.6869517639049905,-7.925961786620794
2.609461794106334,-2.7049417722339664,-7.921940956495329
2.6075953,-2.7242461000000002,-7.9253742871795865
2.6060672,-2.7406485,-7.925674287179586
2.603288187874659,-2.760840056362398,-7.919631439768142
2.6017988131772665,-2.778213938338201,-7.9236242782387745
2.5996285121672096,-2.7976354676627198,-7.929507617863843
2.597335082403254,-2.815983802159174,-7.924036788483435
2.595379458489825,-2.832111276691023,-7.927333113596427
2.5931793,-2.85263022,-7.926674287179587
2.589761127778635,-2.868993204145688,-7.938409598456811
2.5876008411141034,-2.882893967788623,-8.029703679640038
2.5846646977731504,-2.8971431400721617,-8.098540979807618
2.5768944677419356,-2.91238253045085,-8.150174253800953
2.571762426621253,-2.924301763160763,-8.225931467016098
2.5663721,-2.941894,-8.309074287179586
2.561522798451678,-2.957157884969777,-8.40833313743834
2.5538389439561313,-2.965282201788127,-8.49714092470641
2.5440222128388528,-2.9807826793577,-8.56969431435933
2.532952458387445,-2.9916112725719817,-8.627074247910551
2.5207529255857204,-3.002252933544203,-8.70852766798513
2.509884142010855,-3.014278681547761,-8.77409781213646
2.4966382721878726,-3.0229367993213065,-8.851567559054338
2.4826375186365515,-3.0306767940633246,-8.916094292265894
2.4682071,-3.0389865,-8.973724287179586
2.45089393262231,-3.046362524738532,-9.04071425920489
2.436655131147357,-3.0508079550720164,-9.119615404664124
2.4193254373080713,-3.05431277408208,-9.186580966138164
2.4048653738122865,-3.058351366267186,-9.267007584485475
2.389507528148886,-3.059600575763993,-9.332127203606666
2.374775371159501,-3.065909834840658,-9.442574165150717
2.3572801150284515,-3.0650585805480497,-9.492214281816018
2.339770870580288,-3.0652468674198974,-9.476807616809468
2.321173725025545,-3.0629897421696186,-9.468417138582605
2.301947,-3.0638548,-9.478574284359173
2.2837481399999997,-3.06198822,-9.467834284359173
2.2659394347220014,-3.061920101211177,-9.465814288173904
2.249299157236097,-3.061124012698933,-9.467736783614106
2.230192182225225,-3.0603153206008105,-9.463934282769726
2.2123007165068715,-3.060193900383168,-9.464195716214897
2.1944937646185285,-3.059486799904632,-9.462888572506312
2.1751263948042436,-3.059499478941094,-9.463809999009808
2.1583920383063373,-3.0594703990597387,-9.460624282124002
2.140623074371771,-3.059171434155607,-9.461107621401213
2.1216650145086944,-3.058457466217376,-9.463127614301634
2.1036351766271957,-3.057106039291107,-9.461680952085471
2.0850670349620115,-3.0566984133293067,-9.464787616844788
2.0661296499999997,-3.0564021500000003,-9.463474284359172
2.049167,-3.0555526,-9.463974284359173
2.03024230700151,-3.054903167885242,-9.462740961622146
2.012694936585802,-3.0547500753889256,-9.463399282869037
1.9937465608974796,-3.05401242875,-9.463567143691598
1.9751125010808233,-3.0531205469999207,-9.462934285948618
1.9580405954209499,-3.053246152518127,-9.463686051045006
1.940223,-3.0523707,-9.461474284359173
1.9211591333506304,-3.0513314176500286,-9.460391934387923
1.902559206973655,-3.0509775567497144,-9.462317139555779
1.884606038671782,-3.0500813988945965,-9.458710649965953
1.867415719770322,-3.049994250253653,-9.460990952571155
1.8485452607191624,-3.0492829912673125,-9.457601557480528
1.8302142372046055,-3.0484237288683502,-9.459350753792437
1.8124922486171662,-3.048182656594005,-9.458745714876883
1.7936988926464577,-3.047477228930518,-9.4580171419886
1.775800139846292,-3.0471816293630094,-9.459709578311825
1.7576922985043075,-3.0467158066280957,-9.460660950284085
1.7394122673933452,-3.0460204936446678,-9.459574284359173
1.7209924952442395,-3.0453151764806528,-9.458191931582991
1.7018279781133274,-3.044742133076373,-9.459234285948618
1.6836906305748276,-3.0442005991178505,-9.457974284359173
1.6668591022215054,-3.043885152927647,-9.458556637135354
1.6469345,-3.0434027,-9.457974284359173
1.6296692828296144,-3.0429625888433867,-9.457815456539866
1.6114284169691961,-3.042599873157008,-9.458114284994961
1.5931093850104732,-3.0420186439314727,-9.458688573965958
1.5753226658687776,-3.041278020598894,-9.457334278637257
1.5566564924181012,-3.0408060012493445,-9.457974274822192
1.5392515247479068,-3.040201993784273,-9.459115459344797
1.5201140597949616,-3.0394050465469284,-9.459267616632875
1.5021241622496557,-3.0390764554704885,-9.459552060665201
1.4853107,-3.0383528,-9.458474284359173
1.4653949678626774,-3.03768989455239,-9.457474284359172
1.4478701330645274,-3.0370099591447763,-9.457738992716465
1.429921403722752,-3.0362623716365804,-9.455445713173887
1.4120650673986124,-3.0361850804711157,-9.454554283405496
1.3942067087633552,-3.0356186805257117,-9.454961782310267
1.3759532,-3.0348406,-9.455274284359172
1.356094583024716,-3.034303945497894,-9.454947613453983
1.3396149364935557,-3.0339937118564437,-9.456150756597367
1.32068052,-3.033524,-9.457294284359172
1.3017948329878883,-3.0328361663063865,-9.457860951873558
1.2840616618771359,-3.0324151531192878,-9.45750762299066
1.2661404127686386,-3.0319320297741905,-9.455488572019675
1.247818902175565,-3.0314837436066697,-9.45856178380038
1.2296019451266809,-3.030612679921798,-9.456427617480577
1.21173754,-3.0302981399999998,-9.455414284359174
1.193474,-3.0297143,-9.455974284359172
1.1745015901088771,-3.0289063594659464,-9.455727619811768
1.1576249686889937,-3.0286050412908114,-9.457133107146113
1.139648056295896,-3.0282397000413264,-9.456174284359172
1.1214295747564174,-3.027595013977589,-9.456234290716957
1.103691850387412,-3.0269703949219218,-9.455874296279545
1.0842647499003764,-3.0264971003542174,-9.454345715363413
1.0668340337461257,-3.0259250414723082,-9.454627224628165
1.0491034928951097,-3.025522511643269,-9.4553272232257
1.0306890449629653,-3.024963680447913,-9.454774285948643
1.0122664,-3.0246584,-9.454574284359172
0.9941147407931336,-3.0235192465358023,-9.453280950496024
0.9759221735397295,-3.0233759138346787,-9.45427428776505
0.9589067713564456,-3.022415070317233,-9.451103689441636
0.9401389119750772,-3.02229735983088,-9.45378095060198
0.9214653439005007,-3.021983420352857,-9.455487619811768
0.9031682685565781,-3.0206957001621286,-9.451594297710944
0.8849285144766749,-3.02036311420329,-9.45019428594862
0.867182031454497,-3.020376388443684,-9.454786051045007
0.8491736792450131,-3.01906585297147,-9.451400948906578
0.8287689912948965,-3.0191831058104146,-9.455621342687715
0.810996,-3.0184897,-9.450074284359172
0.7920716932050843,-3.0179526877095473,-9.452743035197361
0.7749465574435858,-3.017529282354179,-9.451486049642542
0.7572035861753035,-3.0168298296009946,-9.449874284359172
0.737894,-3.0166268,-9.451774284359173
0.7200245488818247,-3.0157958065469286,-9.450420947317133
0.7014080815955114,-3.015138280060082,-9.45114761779847
0.6829658013351347,-3.0147632738456647,-9.44943428594862
0.6659355683467165,-3.0141363080766372,-9.448510285427282
0.6469393,-3.0135124500000003,-9.448224284359172
0.6293237985087253,-3.0130934770602122,-9.450477510711433
0.6116518826804155,-3.0123954875158327,-9.44707428286906
0.5931133409281517,-3.012098305803402,-9.448174268932052
0.5745666511360655,-3.0112087746846914,-9.446334284836011
0.5558284813191591,-3.0109613826613186,-9.445427226030631
0.5383725726802181,-3.0106306902963325,-9.446009768081282
0.5201643392234333,-3.0099344320359336,-9.445652855544457
0.5030951275253691,-3.009355649328704,-9.44447428286906
0.4839333760528033,-3.0089467733373487,-9.445700600676997
0.46551298688414233,-3.0081659645526835,-9.443227226030631
0.44649801647897003,-3.007884917708932,-9.442827221823235
0.4302359798670819,-3.007747690659971,-9.445105535011097
0.41188135842882473,-3.007673531803484,-9.447949287711927
0.39343226487665317,-3.0066280770752982,-9.41363879258643
0.37916210307057174,-3.006495218320534,-9.332190177105803
0.3635916801663324,-3.008830936199038,-9.265815539300815
0.34900983464629504,-3.011685510477534,-9.20098683002055
0.3334887687965443,-3.0146237409814454,-9.125885917826263
0.31768295406224145,-3.019938452934659,-9.056691853060405
0.30302497131205136,-3.025764808975807,-8.981316354137373
0.2881279,-3.0333724,-8.911074287179586
0.2751043216883037,-3.0403506854242295,-8.840496876855338
0.26162219966060335,-3.04940725728651,-8.772015521068763
0.24842344276117415,-3.059718905982918,-8.69814492095376
0.23603541701174524,-3.070827082973197,-8.628563767930476
0.22435865359191762,-3.0828219589965578,-8.552342979903365
0.21446301036432014,-3.094706845349669,-8.488112980333874
0.20574828947028878,-3.107711827353688,-8.418097826161114
0.19626304695314362,-3.122093611396435,-8.341044702169137
0.18930486184732762,-3.1364989541015103,-8.274568374384893
0.1822519107943793,-3.1509645375985333,-8.199343091661847
0.17672263028848742,-3.1670075552317667,-8.127719465340373
0.17291870524749278,-3.1816199773234173,-8.066587210947507
0.1683268152391905,-3.1993483949441117,-7.971156603491663
0.16726007160685658,-3.2161258905438403,-7.930487418268499
0.17544604891799784,-3.2270124098495154,-7.948721339898266
0.1641720520777527,-3.245256430179656,-7.748000352577536
0.16820597651851957,-3.2755196676353027,-7.706588825713308
0.17699208600492727,-3.3037480297146944,-7.670889080493581
0.18485621706138539,-3.3243868544346253,-7.594742356395659
0.1823549,-3.3325416,-7.4609889771795865
0.19198159391709319,-3.3354496456353115,-7.424522402172434
0.19831855463444736,-3.3529973312876034,-7.364394770764709
0.20709604,-3.3648124,-7.290048977179586
0.2193615525574594,-3.3822955321788473,-7.2171289809943175
0.22942146832757182,-3.391917764870664,-7.1587888937369835
0.2298873247927857,-3.3892743596300297,-7.090630185824384
0.24114380414849304,-3.401312975197397,-7.012994870339762
0.25388875936067196,-3.4116848467079923,-6.953150553308405
0.2679317310711881,-3.420823583427297,-6.883065437125732
0.2806106,-3.4292131,-6.809088977179586
0.292987042048796,-3.4372454518318367,-6.723336112203031
0.30769182221824853,-3.4429366010363274,-6.653098967722307
0.3145393624670313,-3.4452761325500307,-6.587732749251886
0.31741065346730246,-3.4455808452895096,-6.535860370231357
0.3325014359850592,-3.4528921885639354,-6.511476102666355
0.3340786,-3.4540098,-6.510788977179586
0.33154412206151157,-3.4521145174680123,-6.524549097977488
0.3319474143402101,-3.4523074101370206,-6.519506341105368
0.33332036370572204,-3.452846045584128,-6.518489038487488
0.3333166,-3.4530912,-6.513188977179587
0.33267601762602184,-3.4528402075068123,-6.515024573228633
0.3321175777149572,-3.4522052748369405,-6.522731771069336
0.3325627761230243,-3.4525501638388287,-6.5191946866167765
0.3327220313261014,-3.4526931642342604,-6.515760530797542
0.33202442492251455,-3.4523817317491856,-6.5207236350513185
0.3323420336273823,-3.4524247129013994,-6.520020011765111
0.3327988791995913,-3.452567831854564,-6.517146184264055
0.3320827155824251,-3.4522843184690055,-6.5229886621250905
0.3323221626845995,-3.452449445218294,-6.519577042197888
0.330672,-3.4513883,-6.537788977179586
0.3323721325273831,-3.4523842242836906,-6.520706711356269
0.3327981384332425,-3.452705129373297,-6.515317294618278
0.3353457423959691,-3.4542551691213403,-6.522355641197134
0.34962812800162685,-3.4584349745648852,-6.520230160580004
0.368241237495033,-3.4629757404514026,-6.521488961285125
0.38443989298626985,-3.4669056937716505,-6.518512506343857
0.40187843105827004,-3.470904158244588,-6.5213489765437975
0.41949092546928396,-3.4754257649495353,-6.522222311042735
0.43561386057101986,-3.479243715187459,-6.522488977179586
0.4541186258910478,-3.483946929550602,-6.522938983139772
0.47120569078580143,-3.4885088301011176,-6.522553682731947
0.488437679228083,-3.493214630143192,-6.5226536827319475
0.5062875339279703,-3.4975240923763042,-6.524083091114289
0.5236482033757345,-3.5021786050502786,-6.522624271627225
0.5415899926219168,-3.5068290930848476,-6.524288972212518
0.5603730641171177,-3.5115484916384023,-6.524192202762752
0.5769037476646878,-3.515674222676013,-6.524502314327621
0.5948338671654769,-3.5205255536597337,-6.523094857717572
0.6123443840132512,-3.5247675852467655,-6.524004759388368
0.6310148876800683,-3.5292495416980376,-6.524262660861763
0.648871942415958,-3.534092183005643,-6.52175564649533
0.664778346600217,-3.538519730135438,-6.520253493457475
0.6816796566932667,-3.5430919474426044,-6.518924275834622
0.7001153547066084,-3.5474030098619993,-6.520524268327348
0.7187113,-3.5522503,-6.520788977179587
0.7360432405172292,-3.556893745731596,-6.520206615988613
0.7531982496350645,-3.561000020561747,-6.522124462439886
0.7707711640554918,-3.5656041763325335,-6.521632723919963
0.7887166903033533,-3.570376854236147,-6.523530143750418
0.806172485890375,-3.5748098366831176,-6.523068980994287
0.824232,-3.579282,-6.522688977179587
0.8423900184009537,-3.5839750888379167,-6.521164845145221
0.8579996784286776,-3.588105614867537,-6.521377200676493
0.8761597007306845,-3.5927109576385283,-6.522218388284308
0.8946759,-3.5974631,-6.521788977179586
0.9115328304484658,-3.6021129374865892,-6.519613975391445
0.9298190790269489,-3.607128213325232,-6.520795428296303
0.9460126135929797,-3.611070135660614,-6.521876074077827
0.9635655947923856,-3.615991038036918,-6.519078454033936
0.9816564879934926,-3.620795903983002,-6.520736032703196
0.9992224,-3.6248957,-6.523088977179587
1.017368875414624,-3.6293979340148117,-6.522810850549775
1.0346801016501237,-3.6340820594709564,-6.5172574014684015
1.0520634,-3.63844295,-6.520488977179586
1.069515092489079,-3.6427759602134993,-6.521582524524692
1.0867711858182685,-3.6475253495449,-6.517212517563582
1.1049741681093361,-3.6519743463767305,-6.520653684134413
1.1223809174823067,-3.656294014978919,-6.522157400609792
1.140473931725764,-3.6611529968727234,-6.52033896592086
1.1582882932174061,-3.6660188829569926,-6.520034138842049
1.1754050989586458,-3.670368479809726,-6.521821232242152
1.1926829362223719,-3.6748652520139125,-6.52104191670612
1.2108071100206161,-3.6794488624013013,-6.520553685536878
1.2289860525881218,-3.684200840240429,-6.518194242516952
1.2455018154691948,-3.688003207149769,-6.5316713523952155
1.2616227890160456,-3.6924422466323343,-6.533238977576951
1.2791932446446854,-3.697003711121552,-6.532865448015316
1.2974463083895489,-3.7017313947982555,-6.533547800791496
1.3154154645460021,-3.706458109343472,-6.535357398100131
1.3339489643266924,-3.7115147078603465,-6.537926489286756
1.3505149467840305,-3.716381664963122,-6.539940589586622
1.3662871809082366,-3.719827462512096,-6.536965448015315
1.384847798247627,-3.724963849076875,-6.537945206597399
1.4020164077631156,-3.7291089377188524,-6.534941151453188
1.420199299834509,-3.7337280496080107,-6.536224268822294
1.438055855625408,-3.7383635566656626,-6.537625816511012
1.4559527838829367,-3.7429741382810056,-6.538851476993322
1.4738889156856865,-3.7476203659175686,-6.5384825275514435
1.4917962822717463,-3.7524588452642673,-6.539978451656322
1.5086328075647137,-3.7567317902724797,-6.542431838215008
1.527226629827637,-3.7619189678064036,-6.546065449417781
1.5448087333333334,-3.7656414666666667,-6.539055643846253
1.562127510555227,-3.770553582698507,-6.541588977179586
1.578137003116027,-3.7746255683038075,-6.54149767012758
1.5966153928113271,-3.77914919017566,-6.54213413807296
1.6142966,-3.7839069,-6.5402889771795865
1.6325134062770708,-3.788536118600739,-6.541305642742456
1.6477644460949918,-3.7925966637899893,-6.538819280187996
1.6664882623418618,-3.79759507779806,-6.538288977179587
1.6834786,-3.8017323,-6.539588977179586
1.701440465296756,-3.806535694546186,-6.538407727272719
1.719609679636277,-3.8114497040345974,-6.538388971881362
1.7381466084204031,-3.8161087666367477,-6.540371327150836
1.7541231293932324,-3.8206087202006094,-6.538631832376194
1.7723902245269287,-3.8252241204386888,-6.538131083037138
1.790388,-3.8298584,-6.538788977179586
1.8071602009076335,-3.8337965726715173,-6.540633804737444
1.8245149779701566,-3.838488804296461,-6.538792425200304
1.8418577905964686,-3.8429390243524115,-6.539030152165211
1.8588566752264986,-3.8479166265122613,-6.536638980585581
1.8776483215974114,-3.852298438845368,-6.5397818348090135
1.8952711048749413,-3.8578167797022735,-6.532863965444858
1.9115652364894173,-3.862732754040023,-6.5279534944994655
1.9304619245017611,-3.86654839415443,-6.539388977179586
1.9474253245966782,-3.8723334981022015,-6.531442317400519
1.9642784,-3.8757301,-6.537788977179586
1.9823398157034067,-3.882771380540791,-6.524341918851045
2.000819134181599,-3.8863354870451237,-6.531841609815234
2.018017439048848,-3.890651404907227,-6.529706625805871
2.035398156920699,-3.89505854907824,-6.527037363234361
2.0524318537486703,-3.900110350146352,-6.5249212825018175
2.0697047811087894,-3.9046611637743154,-6.52486544661285
2.088290946263113,-3.9089098220147567,-6.527404767974145
2.106868474022131,-3.9137382701022396,-6.528377211896219
2.123858390984672,-3.918458842134084,-6.527908326833109
2.140927480355783,-3.922845932110473,-6.526950270181594
2.1596155106657506,-3.9275123272456978,-6.529206627208336
2.177951214922455,-3.9321571180945796,-6.530553981292262
2.1958340913567236,-3.9369763924459167,-6.528399497683526
2.2136764340118313,-3.941489904568687,-6.527538966003737
2.2303733626058464,-3.9458360825115557,-6.529672845418283
2.2471747343029045,-3.9506095013688065,-6.528106624403406
2.2653081989523582,-3.955346231220285,-6.524506634220664
2.2833782478800484,-3.959453632829119,-6.530861199916913
2.301379929738187,-3.964690620433921,-6.530276470660342
2.319032268406329,-3.9695897787616525,-6.529335641303119
2.3350694290632226,-3.9734887853040877,-6.529436810162203
2.353246835877453,-3.978351097670953,-6.5284077347232845
2.370639970749319,-3.982257676723433,-6.53313182459103
2.389008179518681,-3.987682061948839,-6.5307301529902
2.405655733826323,-3.9909701693631128,-6.533553491919286
2.4225129997809534,-3.9963438708891506,-6.528570236027132
2.440908454798236,-4.001506530453895,-6.527988989100669
2.4592049547758874,-4.00576686203383,-6.530778466714295
2.476198368999902,-4.0106658716197074,-6.526688994009173
2.4945706487482995,-4.015641860217663,-6.529371331358232
2.510495805694985,-4.020163590580148,-6.525388981153202
2.5281287627841746,-4.024871012488956,-6.526547802193962
2.5456348541030263,-4.0293625549181185,-6.530526474385624
2.5637327338540885,-4.034137754788436,-6.527957389316312
2.5803783416596606,-4.038536131442697,-6.554710113819859
2.594956089980234,-4.043373935941333,-6.627521206862027
2.6086417050208266,-4.049413278855027,-6.694071243002903
2.6264317152363854,-4.05688512859487,-6.779530222288488
2.638067753655323,-4.063470998377503,-6.845883680537514
2.6531351621867243,-4.073486590193961,-6.924171373432198
2.6650171042483444,-4.082911074403392,-6.997338948494695
2.6761362341551664,-4.092892993289296,-7.065471356849732
2.6889653871772574,-4.104598752129644,-7.1468124600624945
2.7000250492765807,-4.1167891591635195,-7.223446846951581
2.710817392279724,-4.131369872778614,-7.299195216283135
2.7186765,-4.14373995,-7.3641889771795865
2.726425463199304,-4.157649327313017,-7.437830265764919
2.7325728088764993,-4.17153079577816,-7.507819762493015
2.738851063304489,-4.188221598736378,-7.587565588261869
2.7427201084726196,-4.20365249695829,-7.6534204985368115
2.74634668149034,-4.220069414277364,-7.7318180402756305
2.747839017578503,-4.23551821658696,-7.795136031300731
2.748318193177989,-4.251733070378612,-7.8616809407066235
2.748302132535961,-4.268444840157355,-7.9351876480633186
2.7465797642245064,-4.283782417794483,-7.998068433288446
2.744007,-4.3000639,-8.072174287179585
2.7414279371989956,-4.315036409100599,-8.14379785000303
2.73602774,-4.33027442,-8.208814287179585
2.7357119700023844,-4.350502493470556,-8.320707592432706
2.7282705287606728,-4.363720731337079,-8.383199252534457
2.719471446823221,-4.378058822612946,-8.456774597109256
2.710411072295696,-4.391068126404219,-8.524074270349999
2.6997914951871573,-4.404287205057617,-8.593474318968509
2.688375462399466,-4.416053197943224,-8.66006761139995
2.6768636133992967,-4.426662265616618,-8.722299345294864
2.6640768,-4.4367247,-8.790674287179586
2.6504439863820597,-4.44531673039844,-8.85803900114674
2.6350411285977686,-4.451886086850304,-8.906614338678457
2.621072214762555,-4.46015649768082,-8.990037904233143
2.6060300623793062,-4.466697222279175,-9.05722391168787
2.5904415044494775,-4.470786441690384,-9.13222432517747
2.5761302953353997,-4.475806334969076,-9.196450752405452
2.5599000338449387,-4.478367731191048,-9.266986801149397
2.5436104644276316,-4.480338439870299,-9.335954269377508
2.5276838,-4.4831821,-9.418574287179586
2.5129252789843846,-4.482234140588867,-9.487174677731446
