0.000000000000000000e+00,0.000000000000000000e+00,0.000000000000000000e+00,0.000000000000000000e+00,0.000000000000000000e+00,0.000000000000000000e+00
-1.890442086878185734e-04,1.781243003396841776e-05,-5.580786489852862390e-04,4.812224518413667392e-04,-1.423668712567480339e-04,5.904376710995084149e-05
-5.671380342690321820e-04,5.343728870318828543e-05,-1.674235903132863679e-03,1.443655941536011334e-03,-4.271060219758204823e-04,1.771426728936634025e-04
-1.134247897991113446e-03,1.068420786376449031e-04,-3.348175277211042425e-03,2.886960419454570083e-03,-8.541696779711566460e-04,3.543727624862254050e-04
-1.890301752324799077e-03,1.779588229128641866e-04,-5.579296189322328729e-03,4.810462527619779188e-03,-1.423457330085336602e-03,5.908746883033528120e-04
-2.835190020546279107e-03,2.666785478615415171e-04,-8.366679835402030668e-03,7.213146984352271709e-03,-2.134816513664730426e-03,8.868535931522640147e-04
-3.968766951945860121e-03,3.728432628209377370e-04,-1.170906867317557387e-02,1.009364408020999720e-02,-2.988043914990592097e-03,1.242578937740591166e-03
-5.290852383613297780e-03,4.962354862441251862e-04,-1.560483964435137490e-02,1.345021337178051168e-02,-3.982886796714459748e-03,1.658384265036088722e-03
-6.801233896398155634e-03,6.365653885051318888e-04,-2.005197131783136022e-02,1.728072369534884925e-02,-5.119044731426389619e-03,2.134666891449853946e-03
-8.499669349197573262e-03,7.934556452446220407e-04,-2.504800519711096116e-02,2.158262966159287671e-02,-6.396171629483393337e-03,2.671887512430151657e-03
-1.038588977217347678e-02,9.664241217433645371e-04,-3.059000150304019144e-02,2.635294483593109832e-02,-7.813878044136008880e-03,3.270569707799785009e-03
-1.245960259584631344e-02,1.154864538961897051e-03,-3.667448981964531451e-02,3.158821185745035176e-02,-9.371733733815357584e-03,3.931299330091763029e-03
-1.472049518926401429e-02,1.358025305773585172e-03,-4.329741507628287467e-02,3.728446980270966327e-02,-1.106927045819413452e-02,4.654723757288414636e-03
-1.716823867662780473e-02,1.574986739571945576e-03,-5.045407943402894363e-02,4.343721915907793746e-02,-1.290598498133818141e-02,5.441550989808864071e-03
-1.980249199791008982e-02,1.804636938636251711e-03,-5.813908074729889908e-02,5.004138483516898384e-02,-1.488134225195899413e-02,6.292548570387155281e-03
-2.262290617517874816e-02,2.045646613890813974e-03,-6.634624838193090013e-02,5.709127770250008171e-02,-1.699477872751494964e-02,7.208542304712426373e-03
-2.562912874261765589e-02,2.296443234165893715e-03,-7.506857728621164905e-02,6.458055523133612863e-02,-1.924570580575700463e-02,8.190414760440781552e-03
-2.882080829469104571e-02,2.555184886576711625e-03,-8.429816132853940047e-02,7.250218185286490258e-02,-2.163351332435378693e-02,9.239103522512781552e-03
-3.219759910363880623e-02,2.819734300618821025e-03,-9.402612703062110389e-02,8.084838974689241564e-02,-2.415757308655386293e-02,1.035559918369225070e-02
-3.575916575462180502e-02,3.087633529093756438e-03,-1.042425689333614652e-01,8.961064081610793652e-02,-2.681724236855017457e-02,1.154094305094174010e-02
-3.950518774447781684e-02,3.356079818738900988e-03,-1.149364879281256496e-01,9.877959066110560127e-02,-2.961186736241024769e-02,1.279622455070929428e-02
-4.343536398831881334e-02,3.621903235860509610e-03,-1.260957339623375861e-01,1.083450554108252722e-01,-3.254078650723085664e-02,1.412257831943697362e-02
-4.754941717721406641e-02,3.881546634586864868e-03,-1.377069545784487814e-01,1.182959822867236943e-01,-3.560333366066776445e-02,1.552118096959760087e-02
-5.184709793006270218e-02,4.131048564743665906e-03,-1.497555507621217419e-01,1.286204247816374047e-01,-3.879884106326575433e-02,1.699324752626713703e-02
-5.632818868354786540e-02,4.366029710102964714e-03,-1.622256415523179451e-01,1.393055233120653602e-01,-4.212664204913773441e-02,1.854002753454625160e-02
-6.099250726583855392e-02,4.581683423500731468e-03,-1.751000387970751415e-01,1.503374921522130092e-01,-4.558607345855231197e-02,2.016280084391000593e-02
-6.583991010248650688e-02,4.772770881251208255e-03,-1.883602333198039214e-01,1.617016133773082343e-01,-4.917647771089163344e-02,2.186287308159721304e-02
-7.087029500673798499e-02,4.933621314401876075e-03,-2.019863935897330542e-01,1.733822384314693266e-01,-5.289720450020205661e-02,2.364157083321849484e-02
-7.608360351118442777e-02,5.058137688676982505e-03,-2.159573777671178751e-01,1.853627977924697801e-01,-5.674761208010543900e-02,2.550023655460128408e-02
-8.147982270321103837e-02,5.139808099636232475e-03,-2.302507597224844882e-01,1.976258190346893706e-01,-6.072706811005502969e-02,2.744022324422028258e-02
-8.705898653292638845e-02,5.171723027089098791e-03,-2.448428693162714720e-01,2.101529533969424268e-01,-6.483495004065790990e-02,2.946288891010466482e-02
-9.282117656899632752e-02,5.146598456887607233e-03,-2.597088468807479122e-01,2.229250107502577793e-01,-6.907064502186779920e-02,3.156959086861053226e-02
-9.876652218486287049e-02,5.056804733762377928e-03,-2.748227114829465134e-01,2.359220026402855386e-01,-7.343354932408123481e-02,3.376167991468533719e-02
-1.048952001649935545e-01,4.894400861685127037e-03,-2.901574421807494586e-01,2.491231928593584388e-01,-7.792306726834412334e-02,3.604049440407938731e-02
-1.112074337278700642e-01,4.651173824738510758e-03,-3.056850711307816937e-01,2.625071547945834194e-01,-8.253860966779839881e-02,3.840735428730814027e-02
-1.177034909691902081e-01,4.318682368216338399e-03,-3.213767870832373030e-01,2.760518346109367971e-01,-8.727959178799390982e-02,4.086355513305949677e-02
-1.243836827350570801e-01,3.888304562921159318e-03,-3.372030475210650025e-01,2.897346191716859143e-01,-9.214543083861476136e-02,4.341036217528846525e-02
-1.312483599406272794e-01,3.351288380851906012e-03,-3.531336974827559150e-01,3.035324074805680339e-01,-9.713554301341699448e-02,4.604900441365329666e-02
-1.382979103546968513e-01,2.698804441964302355e-03,-3.691380929597442018e-01,3.174216843568958279e-01,-1.022493400986887874e-01,4.878066879150617929e-02
-1.455327548749688338e-01,1.922000052203360655e-03,-3.851852266875153141e-01,3.313785950294004246e-01,-1.074862256733117860e-01,5.160649446969498705e-02
-1.529533433222690364e-01,1.012053643601013801e-03,-4.012438541557567517e-01,3.453790193575878575e-01,-1.128455909255558914e-01,5.452756720833152465e-02
-1.605601497847855552e-01,-3.977125279795863509e-05,-4.172826177445462803e-01,3.593986444582773498e-01,-1.183268101131494388e-01,5.754491386280761317e-02
-1.683536675455725995e-01,-1.242073323410625542e-03,-4.332701670436652774e-01,3.734130346248145105e-01,-1.239292356940293743e-01,6.065949699504024489e-02
-1.763344036281614402e-01,-2.603262829902390583e-03,-4.491752736201416463e-01,3.873976975701336478e-01,-1.296521931556088858e-01,6.387220959650051488e-02
-1.845028729962617242e-01,-4.131513671334741122e-03,-4.649669387519426711e-01,4.013281461937938110e-01,-1.354949755705261438e-01,6.718386991625784066e-02
-1.928595924443154974e-01,-5.834718711710761528e-03,-4.806144929287670675e-01,4.151799552579835684e-01,-1.414568379067769610e-01,7.059521638520392661e-02
-2.014050742161776764e-01,-7.720448824384257454e-03,-4.960876862191577752e-01,4.289288125488329717e-01,-1.475369911199969353e-01,7.410690262687961993e-02
-2.101398193895286370e-01,-9.795915993067932231e-03,-5.113567689023944540e-01,4.425505642883022506e-01,-1.537345960555355218e-01,7.771949254590070078e-02
-2.190643110638409163e-01,-1.206794070015392017e-02,-5.263925620510804260e-01,4.560212547406368722e-01,-1.600487571879271043e-01,8.143345548678554424e-02
-2.281790073898816162e-01,-1.454292373083643057e-02,-5.411665180154386912e-01,4.693171601195105791e-01,-1.664785162254585060e-01,8.524916145889041563e-02
-2.374843344788607480e-01,-1.722682242926169144e-02,-5.556507709950362361e-01,4.824148170428200766e-01,-1.730228456077837484e-01,8.916687642697573857e-02
-2.469806792294587661e-01,-2.012513136279759154e-02,-5.698181780825986031e-01,4.952910458986142794e-01,-1.796806419249499520e-01,9.318675767145559452e-02
-2.566683821110807839e-01,-2.324286728372429098e-02,-5.836423513249423545e-01,5.079229695764382324e-01,-1.864507192867572993e-01,9.730884922740662413e-02
-2.665477299417861601e-01,-2.658455822453574188e-02,-5.970976814673489841e-01,5.202880280834570881e-01,-1.933318026720545479e-01,1.015330774167204492e-01
-2.766189486994078961e-01,-3.015423652321188100e-02,-6.101593541313523605e-01,5.323639896052970721e-01,-2.003225212883308903e-01,1.058592464931767951e-01
-2.868821964043881678e-01,-3.395543554729728991e-02,-6.228033592248382044e-01,5.441289585896781356e-01,-2.074214019727599612e-01,1.102870344255155038e-01
-2.973375561127832856e-01,-3.799118986901950379e-02,-6.350064944015193502e-01,5.555613814293161035e-01,-2.146268626666351653e-01,1.148159888486418034e-01
-3.079850290577063054e-01,-4.226403863636291752e-02,-6.467463633788630428e-01,5.666400503022847035e-01,-2.219372059958588661e-01,1.194455232177839832e-01
-3.188245279771575458e-01,-4.677603188523481170e-02,-6.580013698942509537e-01,5.773441056962146378e-01,-2.293506129907684765e-01,1.241749132046360837e-01
-3.298558706657127582e-01,-5.152873954387598293e-02,-6.687507080333848775e-01,5.876530381004794190e-01,-2.368651369790572281e-01,1.290032933781835034e-01
-3.410787737868831160e-01,-5.652326289083087207e-02,-6.789743496072579987e-01,5.975466893007954639e-01,-2.444786976858457361e-01,1.339296542159707226e-01
-3.524928469821215216e-01,-6.176024824060848128e-02,-6.886530291885401001e-01,6.070052536560852641e-01,-2.521890755750560431e-01,1.389528394939875677e-01
-3.640975873114117300e-01,-6.723990264533889760e-02,-6.977682273485991127e-01,6.160092796803242621e-01,-2.599939064661163091e-01,1.440715441051007017e-01
-3.758923740591597618e-01,-7.296201141517755229e-02,-7.063021525656753008e-01,6.245396721943827778e-01,-2.678906764596733492e-01,1.492843123570210540e-01
-3.878764639377053625e-01,-7.892595727406426231e-02,-7.142377222054552277e-01,6.325776952561916744e-01,-2.758767172054169547e-01,1.545895368011693527e-01
-4.000489867192176807e-01,-8.513074098004529133e-02,-7.215585429094693026e-01,6.401049760232176977e-01,-2.839492015443292328e-01,1.599854576434770748e-01
-4.124089413250504044e-01,-9.157500325024418852e-02,-7.282488906658640682e-01,6.471035096502394390e-01,-2.921051395566903741e-01,1.654701627871350555e-01
-4.249551923998455827e-01,-9.825704783941224818e-02,-7.342936907823167658e-01,6.535556652785464715e-01,-3.003413750460181553e-01,1.710415885555797155e-01
-4.376864673958256735e-01,-1.051748656276375732e-01,-7.396784979329029674e-01,6.594441931305093929e-01,-3.086545824878281219e-01,1.766975211415854619e-01
-4.506013541908445719e-01,-1.123261595771863630e-01,-7.443894764101085526e-01,6.647522326863972708e-01,-3.170412644707088501e-01,1.824355988252155392e-01
-4.636982992619199662e-01,-1.197083704206251958e-01,-7.484133806801464006e-01,6.694633218886306691e-01,-3.254977496557451833e-01,1.882533149995717359e-01
-4.769756064341876822e-01,-1.273187029424228400e-01,-7.517375363144023215e-01,6.735614072925432128e-01,-3.340201912788341998e-01,1.941480220387818978e-01
-4.904314362235412950e-01,-1.351541527142900712e-01,-7.543498213521933060e-01,6.770308550623016508e-01,-3.426045662189496910e-01,2.001169360374768780e-01
-5.040638057896840163e-01,-1.432115331407413927e-01,-7.562386481399853144e-01,6.798564626959875401e-01,-3.512466746539525397e-01,2.061571424451442147e-01
-5.178705895149551264e-01,-1.514875026659111557e-01,-7.573929456896937307e-01,6.820234713550233918e-01,-3.599421403241317430e-01,2.122656026122193007e-01
-5.318495202231142693e-01,-1.599785919856734906e-01,-7.578021426035530528e-01,6.835175786701855882e-01,-3.686864114223050160e-01,2.184391612576002950e-01
-5.459981910512901049e-01,-1.686812311007197529e-01,-7.574561506252227572e-01,6.843249518994345415e-01,-3.774747621279986309e-01,2.246745548594796249e-01
-5.603140579875065530e-01,-1.775917760365214870e-01,-7.563453488962517124e-01,6.844322413217805989e-01,-3.863022948019462222e-01,2.309684209630025464e-01
-5.747944430855826958e-01,-1.867065350450857752e-01,-7.544605690237838891e-01,6.838265937664800287e-01,-3.951639428558575973e-01,2.373173083893366231e-01
-5.894365383687065751e-01,-1.960217940910762013e-01,-7.517930810995703261e-01,6.824956661981440575e-01,-4.040544743110529025e-01,2.437176883213158229e-01
-6.042374104325660689e-01,-2.055338414111496648e-01,-7.483345808521485454e-01,6.804276393060004757e-01,-4.129684960580635167e-01,2.501659662309776988e-01
-6.191940057584857104e-01,-2.152389909201070928e-01,-7.440771781637761650e-01,6.776112310797776095e-01,-4.219004588275711010e-01,2.566584946041174931e-01
-6.343031567464828546e-01,-2.251336042204712673e-01,-7.390133872417529171e-01,6.740357103957159701e-01,-4.308446628809798340e-01,2.631915864065317856e-01
-6.495615884773813242e-01,-2.352141109531249719e-01,-7.331361188006519924e-01,6.696909106843580428e-01,-4.397952644263565247e-01,2.697615292260286401e-01
-6.649659262119702596e-01,-2.454770272053456714e-01,-7.264386746882951496e-01,6.645672438073272348e-01,-4.487462827622808459e-01,2.763646000136605330e-01
-6.805127036334881474e-01,-2.559189716685946192e-01,-7.189147454747178978e-01,6.586557143336579934e-01,-4.576916081481489651e-01,2.829970803371340549e-01
-6.961983718372507512e-01,-2.665366792113636474e-01,-7.105584116205757583e-01,6.519479344777329155e-01,-4.666250103944856731e-01,2.896552720491298860e-01
-7.120193090678026415e-01,-2.773270115018565130e-01,-7.013641489501112325e-01,6.444361400408779028e-01,-4.755401481606338354e-01,2.963355132634961087e-01
-7.279718311992876556e-01,-2.882869642809170463e-01,-6.913268392744933433e-01,6.361132077874308566e-01,-4.844305789395966788e-01,3.030341945231642131e-01
-7.440522029485245881e-01,-2.994136708471366592e-01,-6.804417871443761978e-01,6.269726747837752745e-01,-4.932897697005728666e-01,3.097477750353887505e-01
-7.602566498022136354e-01,-3.107044012733533589e-01,-6.687047438558050283e-01,6.170087603353116013e-01,-5.021111081486141492e-01,3.164727988427631367e-01
-7.765813706294314445e-01,-3.221565568269211810e-01,-6.561119399903684313e-01,6.062163912711210356e-01,-5.108879145476102890e-01,3.232059107926743002e-01
-7.930225509377151205e-01,-3.337676590156888334e-01,-6.426601279370274256e-01,5.945912314480807925e-01,-5.196134540372260302e-01,3.299438721636956950e-01
-8.095763767151711310e-01,-3.455353326286282334e-01,-6.283466360161705788e-01,5.821297164734721141e-01,-5.282809493562587999e-01,3.366835758051796579e-01
-8.262390487817430351e-01,-3.574572820863075040e-01,-6.131694360010356837e-01,5.688290947745480164e-01,-5.368835938639496819e-01,3.434220606463063707e-01
-8.430067975495978416e-01,-3.695312603647476490e-01,-5.971272259998789966e-01,5.546874762703267736e-01,-5.454145647269164066e-01,3.501565254334112476e-01
-8.598758980651242112e-01,-3.817550297108207591e-01,-5.802195308128217377e-01,5.397038900180912702e-01,-5.538670361125068720e-01,3.568843415598907942e-01
-8.768426851729312910e-01,-3.941263133341802449e-01,-5.624468219942367897e-01,5.238783523049241886e-01,-5.622341921995335223e-01,3.636030648617462058e-01
-8.939035686052466678e-01,-4.066427372478674251e-01,-5.438106599132278562e-01,5.072119467197478970e-01,-5.705092397847556507e-01,3.703104462642255457e-01
-9.110550477581975670e-01,-4.193017614479654931e-01,-5.243138600826259266e-01,4.897069177560482434e-01,-5.786854202285772741e-01,3.770044411814423846e-01
-9.282937258698764627e-01,-4.321005996857927300e-01,-5.039606858843264092e-01,4.713667794369129638e-01,-5.867560204470061436e-01,3.836832175916233267e-01
-9.456163232645314887e-01,-4.450361272113559363e-01,-4.827570695101471299e-01,4.521964402936679006e-01,-5.947143826202158090e-01,3.903451627360763898e-01
-9.630196892739940617e-01,-4.581047760747829489e-01,-4.607108624080488157e-01,4.322023457328105778e-01,-6.025539122528525970e-01,3.969888884203006674e-01
-9.805008123936614917e-01,-4.713024178869384406e-01,-4.378321157108523431e-01,4.113926383533492714e-01,-6.102680841900656183e-01,4.036132349309788925e-01
-9.980568281791230012e-01,-4.846242343870626468e-01,-4.141333899608150015e-01,3.897773360846893964e-01,-6.178504461694533934e-01,4.102172736228192895e-01
-1.015685024345191589e+00,-4.980645767694620307e-01,-3.896300918616844577e-01,3.673685270604011288e-01,-6.252946194770121480e-01,4.168003082739806797e-01
-1.033382842497380993e+00,-5.116168155045657251e-01,-3.643408337337000202e-01,3.441805788879223615e-01,-6.325942962799667724e-01,4.233618753574004967e-01
-1.051147875913815533e+00,-5.252731833643161652e-01,-3.382878087848261162e-01,3.202303583955505850e-01,-6.397432332371245645e-01,4.299017434265395288e-01
-1.068977862811410162e+00,-5.390246155235636216e-01,-3.114971722559868872e-01,2.955374560399007255e-01,-6.467352410446408628e-01,4.364199118660582188e-01
-1.086870674582788743e+00,-5.528605919279420133e-01,-2.839994150302471154e-01,2.701244069853342977e-01,-6.535641696682078505e-01,4.429166093082567146e-01
-1.104824298588381160e+00,-5.667689885291218310e-01,-2.558297125913797654e-01,2.440168985264666024e-01,-6.602238891469058846e-01,4.493922920614910610e-01
-1.122836815238276609e+00,-5.807359453803939697e-01,-2.270282285699368185e-01,2.172439511947223123e-01,-6.667082660320680088e-01,4.558476429332305457e-01
-1.140906369303901657e+00,-5.947457607996161633e-01,-1.976403489502239208e-01,1.898380588324856955e-01,-6.730111357451565857e-01,4.622835708533259980e-01
-1.159031135657823341e+00,-6.087808216360144353e-01,-1.677168208789859283e-01,1.618352714761209787e-01,-6.791262713947292529e-01,4.687012117074356166e-01
-1.177209279940516717e+00,-6.228215798831964189e-01,-1.373137695500176725e-01,1.332752044609158415e-01,-6.850473498698329555e-01,4.751019307714967610e-01
-1.195438914976139744e+00,-6.368465852217560785e-01,-1.064925684756484470e-01,1.042009581527062606e-01,-6.907679163037365733e-01,4.814873270914133974e-01
-1.213718054076572406e+00,-6.508325813536037785e-01,-7.531954311365857135e-02,7.465893545893950711e-02,-6.962813482492605788e-01,4.878592400749238167e-01
-1.232044562648647146e+00,-6.647546711103279327e-01,-4.386549554154627051e-02,4.469854894695502595e-02,-7.015808210927149124e-01,4.942197584542971089e-01
-1.250416109715910551e+00,-6.785865513417599360e-01,-1.220504847891230177e-02,1.437181590719344149e-02,-7.066592763261990706e-01,5.005712316413040153e-01
-1.268830121050125381e+00,-6.923008137798170036e-01,1.958418025855642591e-02,-1.626715238082982254e-02,-7.115093942734437293e-01,5.069162833353626496e-01
-1.287283735557733122e+00,-7.058693028914430068e-01,5.142254808544188815e-02,-4.716275235886852740e-02,-7.161235727114922955e-01,5.132578270707289780e-01
-1.305773766379651812e+00,-7.192635168054503092e-01,8.322946500541275605e-02,-7.825855788508634392e-02,-7.204939125562347391e-01,5.195990832107685309e-01
-1.324296667857445042e+00,-7.324550334036702415e-01,1.149245298574688712e-01,-1.094980282862817456e-01,-7.246122114099875500e-01,5.259435967301797632e-01
-1.342848509133029777e+00,-7.454159412168209764e-01,1.464286710835322192e-01,-1.408252210642029212e-01,-7.284699653455252166e-01,5.322952549832838942e-01
-1.361424954733467363e+00,-7.581192542623644837e-01,1.776652366564195340e-01,-1.721854747225484150e-01,-7.320583788730332664e-01,5.386583045504617084e-01
-1.380021252100384954e+00,-7.705392915034879886e-01,2.085609822691869009e-01,-2.035260297717643163e-01,-7.353683826528099043e-01,5.450373661947094384e-01
-1.398632225700358500e+00,-7.826520049613336916e-01,2.390469161480792692e-01,-2.347965615986161714e-01,-7.383906582148710429e-01,5.514374469509275567e-01
-1.417252277126790361e+00,-7.944352451627534339e-01,2.690589715105819457e-01,-2.659496067018392584e-01,-7.411156687475948246e-01,5.578639484118496084e-01
-1.435875390483980718e+00,-8.058689578748423621e-01,2.985384919163530659e-01,-2.969408726582909441e-01,-7.435336949230684223e-01,5.643226703615515927e-01
-1.454495142320217704e+00,-8.169353112663558791e-01,3.274325286781478717e-01,-3.277294309207608447e-01,-7.456348747228043194e-01,5.708198090316111140e-01
-1.473104715425860078e+00,-8.276187571558799583e-01,3.556939615441248592e-01,-3.582777991647365656e-01,-7.474092462897766742e-01,5.773619494051771550e-01
-1.491696915905900145e+00,-8.379060334641735830e-01,3.832814629968376852e-01,-3.885519257298981621e-01,-7.488467929338258333e-01,5.839560511588148817e-01
-1.510264193046814141e+00,-8.477861172144921520e-01,4.101593323069667729e-01,-4.185210924525255005e-01,-7.499374895324386614e-01,5.906094280001970009e-01
-1.528798661602798203e+00,-8.572501384521054035e-01,4.362972280394539215e-01,-4.481577539064645066e-01,-7.506713496790222706e-01,5.973297203226718421e-01
-1.547292126212757912e+00,-8.662912654601496731e-01,4.616698275303752208e-01,-4.774373310583799324e-01,-7.510384730248067520e-01,6.041248612491489922e-01
-1.565736107720362646e+00,-8.749045708892803086e-01,4.862564396339878470e-01,-5.063379760273767349e-01,-7.510290923340757763e-01,6.110030362738763099e-01
-1.584121871204878351e+00,-8.830868871671880838e-01,5.100405935232319443e-01,-5.348403224814971546e-01,-7.506336198263253712e-01,6.179726368300876294e-01
-1.602440455544088760e+00,-8.908366580589588413e-01,5.330096221819610181e-01,-5.629272336237541863e-01,-7.498426924170504826e-01,6.250422082144104774e-01
-1.620682704328061829e+00,-8.981537917080488764e-01,5.551542549829084905e-01,-5.905835570536971391e-01,-7.486472154963155212e-01,6.322203923866449582e-01
-1.638839297929779892e+00,-9.050395190394295852e-01,5.764682297723894289e-01,-6.177958932742295683e-01,-7.470384049061775666e-01,6.395158662378763736e-01
-1.656900786521066760e+00,-9.114962601353896465e-01,5.969479314031906902e-01,-6.445523823921853745e-01,-7.450078267986437464e-01,6.469372759827152208e-01
-1.674857623803978735e+00,-9.175275001398665031e-01,6.165920607724956204e-01,-6.708425117036997953e-01,-7.425474350782690358e-01,6.544931683844030790e-01
-1.692700201211825961e+00,-9.231376754154764219e-01,6.354013361458670239e-01,-6.966569453747416540e-01,-7.396496061596136151e-01,6.621919195657843815e-01
-1.710418882322068290e+00,-9.283320700538681969e-01,6.533782268387157144e-01,-7.219873763001425360e-01,-7.363071708004708116e-01,6.700416621954796703e-01
-1.728004037216396060e+00,-9.331167223981072789e-01,6.705267181099505702e-01,-7.468263994077338763e-01,-7.325134428071058412e-01,6.780502118673359391e-01
-1.745446076521634637e+00,-9.374983409442441129e-01,6.868521053132159437e-01,-7.711674051161458987e-01,-7.282622444472047762e-01,6.862249935123254652e-01
-1.762735484868517499e+00,-9.414842288166862527e-01,7.023608148642654925e-01,-7.950044913034304273e-01,-7.235479284489706453e-01,6.945729686952212267e-01
-1.779862853513443088e+00,-9.450822159298266634e-01,7.170602493412310263e-01,-8.183323919512505151e-01,-7.183653965097356320e-01,7.031005646531142128e-01
-1.796818911880487590e+00,-9.483005979319368839e-01,7.309586539716149689e-01,-8.411464205548903061e-01,-7.127101142834333380e-01,7.118136059286030992e-01
-1.813594557796593953e+00,-9.511480810564283406e-01,7.440650018216555805e-01,-8.634424263990526649e-01,-7.065781228621373922e-01,7.207172494367383164e-01
-1.830180886211375535e+00,-9.536337320642608306e-01,7.563888951477443223e-01,-8.852167618666967330e-01,-6.999660468115074252e-01,7.298159237810591948e-01
-1.846569216213790554e+00,-9.557669325373854274e-01,7.679404805634534315e-01,-9.064662590526306740e-01,-6.928710988623768552e-01,7.391132735999833558e-01
-1.862751116180514810e+00,-9.575573368676711938e-01,7.787303758956618527e-01,-9.271882140801188665e-01,-6.852910813999645301e-01,7.486121096802070829e-01
-1.878718426914679940e+00,-9.590148333723825802e-01,7.887696068322940235e-01,-9.473803776565160595e-01,-6.772243849275125793e-01,7.583143655186813659e-01
-1.894463282658291670e+00,-9.601495080515716207e-01,7.980695516907211351e-01,-9.670409505453391175e-01,-6.686699837119091105e-01,7.682210609493829168e-01
-1.909978129886693354e+00,-9.609716105818729703e-01,8.066418928523485521e-01,-9.861685827721595743e-01,-6.596274288445566070e-01,7.783322733759767686e-01
-1.925255743818514720e+00,-9.614915222134510220e-01,8.144985736107319685e-01,-1.004762375516994100e+00,-6.500968389710483075e-01,7.886471170672836317e-01
-1.940289242599297692e+00,-9.617197253013550773e-01,8.216517593652825635e-01,-1.022821884774549606e+00,-6.400788889579237528e-01,7.991637308801755601e-01
-1.955072099141116571e+00,-9.616667742590131462e-01,8.281138022592362535e-01,-1.040347125984683929e+00,-6.295747967738515305e-01,8.098792746752845328e-01
-1.969598150623713462e+00,-9.613432677701323481e-01,8.338972085090919917e-01,-1.057338578948329166e+00,-6.185863088661243125e-01,8.207899345861197071e-01
-1.983861605684709595e+00,-9.607598221362446678e-01,8.390146078038358546e-01,-1.073797192448802562e+00,-6.071156843115944612e-01,8.318909371933896901e-01
-1.997857049347100844e+00,-9.599270456710818911e-01,8.434787242669741225e-01,-1.089724388095040242e+00,-5.951656780144785053e-01,8.431765725452357030e-01
-2.011579445751308981e+00,-9.588555140804904120e-01,8.473023485739695770e-01,-1.105122062992077048e+00,-5.827395232122933866e-01,8.546402258525179763e-01
-2.025024138776384319e+00,-9.575557467883873963e-01,8.504983109034303101e-01,-1.119992590925350973e+00,-5.698409135361101052e-01,8.662744175781444955e-01
-2.038186850650407500e+00,-9.560381841859786345e-01,8.530794544736923779e-01,-1.134338821819412813e+00,-5.564739848529597355e-01,8.780708515326119956e-01
-2.051063678663624934e+00,-9.543131657937715673e-01,8.550586094785705971e-01,-1.148164079298639839e+00,-5.426432970972786540e-01,8.900204704863179384e-01
-2.063651090109322350e+00,-9.523909093344481436e-01,8.564485672882536926e-01,-1.161472156237791875e+00,-5.283538162754487510e-01,9.021135187146126500e-01
-2.075945915586845381e+00,-9.502814907200095584e-01,8.572620548247585903e-01,-1.174267308243924557e+00,-5.136108968034754918e-01,9.143396108056753846e-01
-2.087945340808528893e+00,-9.479948249593139753e-01,8.575117090570792966e-01,-1.186554245058421442e+00,-4.984202643133522348e-01,9.266878059856172856e-01
-2.099646897057633854e+00,-9.455406479926891095e-01,8.572100515901520668e-01,-1.198338119908893828e+00,-4.827879990393237897e-01,9.391466871510344427e-01
-2.111048450447745584e+00,-9.429284994591869973e-01,8.563694633448970528e-01,-1.209624516875555056e+00,-4.667205198716842807e-01,9.517044437475858931e-01
-2.122148190135562995e+00,-9.401677063996412009e-01,8.550021593446819335e-01,-1.220419436365558941e+00,-4.502245691434307306e-01,9.643489575948163139e-01
-2.132944615638694419e+00,-9.372673678953590271e-01,8.531201636373266783e-01,-1.230729278811895533e+00,-4.333071981944778828e-01,9.770678907328322893e-01
-2.143436523408093208e+00,-9.342363406383469293e-01,8.507352843918786212e-01,-1.240560826730962241e+00,-4.159757537395524785e-01,9.898487743557328189e-01
-2.153622992801252689e+00,-9.310832254246914630e-01,8.478590892164363790e-01,-1.249921225285169246e+00,-3.982378650495577710e-01,1.002679097899724869e+00
-2.163503371597372382e+00,-9.278163545583422156e-01,8.445028807478213162e-01,-1.258817961504198335e+00,-3.801014319422751919e-01,1.015546397370185039e+00
-2.173077261189576337e+00,-9.244437801482618955e-01,8.406776725663716032e-01,-1.267258842321234535e+00,-3.615746135667800010e-01,1.028438342020843166e+00
-2.182344501582048402e+00,-9.209732632778799832e-01,8.363941654900033384e-01,-1.275251971579063337e+00,-3.426658179568572993e-01,1.041342818538809167e+00
-2.191305156311841529e+00,-9.174122640221538116e-01,8.316627243013323678e-01,-1.282805726155916926e+00,-3.233836923218885162e-01,1.054248011940190466e+00
-2.199959497406247078e+00,-9.137679322843988983e-01,8.264933549604328578e-01,-1.289928731352916857e+00,-3.037371140389512614e-01,1.067142482441255202e+00
-2.208307990477172744e+00,-9.100470994224910681e-01,8.208956823540406456e-01,-1.296629835674552034e+00,-2.837351823070104473e-01,1.080015237638051184e+00
-2.216351280044120298e+00,-9.062562706321174444e-01,8.148789286299661372e-01,-1.302918085121487435e+00,-2.633872104228027200e-01,1.092855799401636130e+00
-2.224090175167215744e+00,-9.024016180535159304e-01,8.084518921634270550e-01,-1.308802697101832724e+00,-2.427027186380459334e-01,1.105654264975083345e+00
-2.231525635461511836e+00,-8.984889745676124528e-01,8.016229272001657025e-01,-1.314293034053479969e+00,-2.216914275586496230e-01,1.118401361840741792e+00
-2.238658757553551037e+00,-8.945238282476665193e-01,7.943999242197895549e-01,-1.319398576856947836e+00,-2.003632520483716317e-01,1.131088496010407729e+00
-2.245490762031114418e+00,-8.905113174334755577e-01,7.867902910619585244e-01,-1.324128898105979779e+00,-1.787282956015949498e-01,1.143707793475780665e+00
-2.252022980927281370e+00,-8.864562263968700506e-01,7.788009348580132718e-01,-1.328493635292549380e+00,-1.567968451523443774e-01,1.156252134640589624e+00
-2.258256845770520105e+00,-8.823629815696562018e-01,7.704382448115612014e-01,-1.332502463954460259e+00,-1.345793662891144882e-01,1.168715181637978828e+00
-2.264193876223592028e+00,-8.782356483083333387e-01,7.617080758735730317e-01,-1.336165070827861623e+00,-1.120864988473651569e-01,1.181091398516152413e+00
-2.269835669325689143e+00,-8.740779281738259021e-01,7.526157333608525235e-01,-1.339491127044094565e+00,-8.932905285352581159e-02,1.193376064351043153e+00
-2.275183889344495114e+00,-8.698931567091390260e-01,7.431659585714822658e-01,-1.342490261410626884e+00,-6.631800479593419340e-02,1.205565279416159985e+00
-2.280240258237823170e+00,-8.656843017032774812e-01,7.333629154571899011e-01,-1.345172033819598933e+00,-4.306449419926437761e-02,1.217655964606175978e+00
-2.285006546718183262e+00,-8.614539619359838918e-01,7.232101784206951267e-01,-1.347545908834755002e+00,-1.957982047964169914e-02,1.229645854371734126e+00
-2.289484565908099345e+00,-8.572043664048835110e-01,7.127107213161770760e-01,-1.349621229518271015e+00,4.124559942196165570e-03,1.241533483477958555e+00
-2.293676159569250306e+00,-8.529373740445050922e-01,7.018669077432538872e-01,-1.351407191573083200e+00,2.803703629262732297e-02,1.253318167947940598e+00
-2.297583196884525503e+00,-8.486544739554344741e-01,6.906804827395022217e-01,-1.352912817893598074e+00,5.214584588540319143e-02,1.264999980594763596e+00
-2.301207565768896401e+00,-8.443567861716089196e-01,6.791525659938217885e-01,-1.354146933637868422e+00,7.643907637513239206e-02,1.276579721581250437e+00
-2.304551166682536234e+00,-8.400450630045482869e-01,6.672836467231220148e-01,-1.355118141957169620e+00,1.009046678500296890e-01,1.288058884475440813e+00
-2.307615906917864557e+00,-8.357196910152301372e-01,6.550735803781527755e-01,-1.355834800544072571e+00,1.255304147915244639e-01,1.299439618291773346e+00
-2.310403695331082474e+00,-8.313806936774319478e-01,6.425215873711239700e-01,-1.356304999187282201e+00,1.503039679300225140e-01,1.310724686023077012e+00
-2.312916437488249155e+00,-8.270277348107937243e-01,6.296262540483542614e-01,-1.356536538550357385e+00,1.752128360278901453e-01,1.321917420176840219e+00
-2.315156031195947595e+00,-8.226601228776753150e-01,6.163855361658557852e-01,-1.356536910421678011e+00,2.002443876225184494e-01,1.333021675831008723e+00
-2.317124362387025904e+00,-8.182768162552037650e-01,6.027967651647870850e-01,-1.356313279714417508e+00,2.253858527640737464e-01,1.344041781720010320e+00
-2.318823301332693099e+00,-8.138764296127798392e-01,5.888566575873088738e-01,-1.355872468527593355e+00,2.506243247841980493e-01,1.354982489851174421e+00
-2.320254699153297295e+00,-8.094572415457926828e-01,5.745613280217317653e-01,-1.355220942612331836e+00,2.759467621334507625e-01,1.365848924135657949e+00
-2.321420384601340370e+00,-8.050172036383678176e-01,5.599063060189718444e-01,-1.354364800621111753e+00,3.013399903266439361e-01,1.376646528496959121e+00
-2.322322161091566084e+00,-8.005539511515732398e-01,5.448865574800973999e-01,-1.353309766551781701e+00,3.267907040363856042e-01,1.387381014894728093e+00
-2.322961803954222137e+00,-7.960648155584510999e-01,5.294965110767535510e-01,-1.352061185832315049e+00,3.522854693760798517e-01,1.398058311672607079e+00
-2.323341057888717920e+00,-7.915468391732278786e-01,5.137300903317533196e-01,-1.350624025526242500e+00,3.778107264143072408e-01,1.408684512607015993e+00
-2.323461634595805680e+00,-7.869967921485879758e-01,4.975807520549029306e-01,-1.349002879171904867e+00,4.033527919628872027e-01,1.419265826999986491e+00
-2.323325210566972832e+00,-7.824111921412504334e-01,4.810415318973720877e-01,-1.347201976800263434e+00,4.288978626809683004e-01,1.429808531124164839e+00
-2.322933425009877872e+00,-7.777863269712441685e-01,4.641050978540228189e-01,-1.345225200704721180e+00,4.544320185371418241e-01,1.440318921292780274e+00
-2.322287877888264074e+00,-7.731182806228348303e-01,4.467638126034942925e-01,-1.343076107560424060e+00,4.799412266707754893e-01,1.450803268792491441e+00
-2.321390128053781865e+00,-7.684029629531604622e-01,4.290098056257366510e-01,-1.340757957507312970e+00,5.054113456924245185e-01,1.461267776883280689e+00
-2.320241691445422028e+00,-7.636361434858952579e-01,4.108350560699065568e-01,-1.338273750817400298e+00,5.308281304612113560e-01,1.471718540037566081e+00
-2.318844039329740703e+00,-7.588134896686582476e-01,3.922314873542400715e-01,-1.335626272757954869e+00,5.561772373743532061e-01,1.482161505560936288e+00
-2.317198596551676371e+00,-7.539306099607141487e-01,3.731910744540440916e-01,-1.332818147232949002e+00,5.814442302004287910e-01,1.492602437709717567e+00
-2.315306739761461063e+00,-7.489831020873365386e-01,3.537059647626979997e-01,-1.329851899728482056e+00,6.066145864833716317e-01,1.503046884396192162e+00
-2.313169795577914911e+00,-7.439666067438764907e-01,3.337686132800237737e-01,-1.326730029995957016e+00,6.316737045384025473e-01,1.513500146550763148e+00
-2.310789038642331761e+00,-7.388768669503409381e-01,3.133719326774160874e-01,-1.323455094770489060e+00,6.566069110540213583e-01,1.523967250191718081e+00
-2.308165689510313978e+00,-7.337097931399885198e-01,2.925094584934851416e-01,-1.320029800631578487e+00,6.813994693056307783e-01,1.534452921237375866e+00
-2.305300912321573747e+00,-7.284615339069498985e-01,2.711755293113412568e-01,-1.316457106858605952e+00,7.060365879762663388e-01,1.544961563082215772e+00
-2.302195812180212631e+00,-7.231285521326167309e-01,2.493654812442065716e-01,-1.312740337806169277e+00,7.305034305682209794e-01,1.555497236948032880e+00
-2.298851432170927467e+00,-7.177077059543959248e-01,2.270758553986154948e-01,-1.308883303916885454e+00,7.547851253761355128e-01,1.566063645013268779e+00
-2.295268749930718055e+00,-7.121963337318183429e-01,2.043046161894956081e-01,-1.304890429999271850e+00,7.788667759775895760e-01,1.576664116318663433e+00
-2.291448673692039861e+00,-7.065923418062236561e-01,1.810513774544742216e-01,-1.300766888829170798e+00,8.027334721817485086e-01,1.587301595445697266e+00
-2.287392037713233073e+00,-7.008942934490416388e-01,1.573176322755642509e-01,-1.296518737497135865e+00,8.263703013608370007e-01,1.597978633966633755e+00
-2.283099597016989613e+00,-6.951014969646995834e-01,1.331069813028651072e-01,-1.292153053244690986e+00,8.497623600740296101e-01,1.608697384672252539e+00
-2.278572021369276612e+00,-6.892140904802803725e-01,1.084253532465802305e-01,-1.287678064846219605e+00,8.728947658799929288e-01,1.619459598596658001e+00
-2.273809888451215233e+00,-6.832331205469710511e-01,8.328121014338779604e-02,-1.283103274951612249e+00,8.957526692243265032e-01,1.630266624878925485e+00
-2.268813676206435037e+00,-6.771606113383319414e-01,5.768572911628944144e-02,-1.278439568272689453e+00,9.183212652833270262e-01,1.641119413529605886e+00
-2.263583754387426428e+00,-6.709996210043356335e-01,3.165295175626157975e-02,-1.273699300149421010e+00,9.405858056477964801e-01,1.652018521206496171e+00
-2.258120375376610589e+00,-6.647542816777277652e-01,5.199892089730168837e-03,-1.268896359950207664e+00,9.625316097419528427e-01,1.662964120147835789e+00
-2.252423664420310612e+00,-6.584298197774700601e-01,-2.165340551892503893e-02,-1.264046204019196429e+00,9.841440758945063649e-01,1.673956010460148525e+00
-2.246493609484097931e+00,-6.520325536495994445e-01,-4.888386614978353084e-02,-1.259165853541043933e+00,1.005408692012651706e+00,1.684993636008577544e+00
-2.240330051012091150e+00,-6.455698662471649474e-01,-7.646544769040140854e-02,-1.254273853777656322e+00,1.026311045855151205e+00,1.696076104204327750e+00
-2.233932671945045634e+00,-6.390501514703647024e-01,-1.043692712782424148e-01,-1.249390192627442886e+00,1.046836834956674567e+00,1.707202210019715727e+00
-2.227300988415720440e+00,-6.324827339266893000e-01,-1.325638193551096355e-01,-1.244536178299577189e+00,1.066971876319484869e+00,1.718370464578366397e+00
-2.220434341587671501e+00,-6.258777631573781974e-01,-1.610151985192965485e-01,-1.239734277964992470e+00,1.086702116056411205e+00,1.729579128658198739e+00
-2.213331891128422324e+00,-6.192460847112615241e-01,-1.896874608962165476e-01,-1.235007921378456608e+00,1.106013639235623014e+00,1.740826251401067948e+00
-2.205992610804533349e+00,-6.125990917124991553e-01,-2.185429744746908431e-01,-1.230381275470003644e+00,1.124892680237207010e+00,1.752109714440737376e+00
-2.198415286651564937e+00,-6.059485616441001588e-01,-2.475428300907754342e-01,-1.225878997583702334e+00,1.143325633978148792e+00,1.763427281539209357e+00
-2.190598518106750880e+00,-5.993064838477721867e-01,-2.766472707627073979e-01,-1.221525976226615517e+00,1.161299068391127065e+00,1.774776653663587167e+00
-2.182540722400232447e+00,-5.926848836463038950e-01,-3.058161280870008158e-01,-1.217347068761523543e+00,1.178799738550164289e+00,1.786155529249085827e+00
-2.174240142388975894e+00,-5.860956489931414826e-01,-3.350092504828236506e-01,-1.213366845384370007e+00,1.195814602821362094e+00,1.797561669189721378e+00
-2.165694857895205772e+00,-5.795503651577791349e-01,-3.641869091814939341e-01,-1.209609347999303974e+00,1.212330841380636182e+00,1.808992965890118487e+00
-2.156902800488484484e+00,-5.730601622213656876e-01,-3.933101698474039676e-01,-1.206097871339305572e+00,1.228335877385539066e+00,1.820447515514000747e+00
-2.147861771537082465e+00,-5.666355791741080061e-01,-4.223412203461399117e-01,-1.202854772030300889e+00,1.243817401019456703e+00,1.831923692390424518e+00
-2.138569463257975922e+00,-5.602864472825278552e-01,-4.512436481582552950e-01,-1.199901309440768449e+00,1.258763396548986391e+00,1.843420224398305995e+00
-2.129023482420989044e+00,-5.540217942403450335e-01,-4.799826639824479879e-01,-1.197257520277339227e+00,1.273162172454515906e+00,1.854936268050406456e+00
-2.119221376313711769e+00,-5.478497695293642611e-01,-5.085252709231882218e-01,-1.194942127137490262e+00,1.287002394614623846e+00,1.866471481942966193e+00
-2.109160660549441513e+00,-5.417775904714082769e-01,-5.368403811191855279e-01,-1.192972479732039348e+00,1.300273122450534169e+00,1.878026097226308089e+00
-2.098838848297885917e+00,-5.358115076967965296e-01,-5.648988836178476802e-01,-1.191364526315513261e+00,1.312963847869766498e+00,1.889600983781768884e+00
-2.088253480533468487e+00,-5.299567882093874083e-01,-5.926736686873504967e-01,-1.190132812038869004e+00,1.325064536789356096e+00,1.901197710856038059e+00
-2.077402156923896293e+00,-5.242177138893984178e-01,-6.201396145948088190e-01,-1.189290500455272070e+00,1.336565672968499374e+00,1.912818600999162566e+00
-2.066282567017179606e+00,-5.185975931220501156e-01,-6.472735432251841559e-01,-1.188849414226335943e+00,1.347458303837398175e+00,1.924466776270636892e+00
-2.054892521424093843e+00,-5.130987832405828897e-01,-6.740541508580517593e-01,-1.188820091137298585e+00,1.357734087972173764e+00,1.936146195813060800e+00
-2.043229982731548766e+00,-5.077227215896750190e-01,-7.004619200569371928e-01,-1.189211851772463469e+00,1.367385343833656730e+00,1.947861684039507546e+00
-2.031293095917877434e+00,-5.024699632132896276e-01,-7.264790180560350974e-01,-1.190032875565880666e+00,1.376405099359415463e+00,1.959618948834584318e+00
-2.019080218072033084e+00,-4.973402234166782176e-01,-7.520891863388239340e-01,-1.191290282372711617e+00,1.384787141972670943e+00,1.971424589326689070e+00
-2.006589947244401539e+00,-4.923324237184507624e-01,-7.772776253642265099e-01,-1.192990217160030841e+00,1.392526068548231466e+00,1.983286092947449397e+00
-1.993821150277280685e+00,-4.874447399743519482e-01,-8.020308776633853221e-01,-1.195137935858830325e+00,1.399617334854187600e+00,1.995211821651655670e+00
-1.980772989478590818e+00,-4.826746517048424168e-01,-8.263367118423254887e-01,-1.197737890828941554e+00,1.406057303969098893e+00,2.007210987325505958e+00
-1.967444948013794548e+00,-4.780189918843430474e-01,-8.501840094069618159e-01,-1.200793814751663025e+00,1.411843293158372425e+00,2.019293616561248950e+00
-1.953836853899344250e+00,-4.734739966460337346e-01,-8.735626557896561950e-01,-1.204308802074475437e+00,1.416973618681294456e+00,2.031470505121077075e+00
-1.939948902487236060e+00,-4.690353545207186503e-01,-8.964634365046884046e-01,-1.208285387387117771e+00,1.421447637992678814e+00,2.043753162551166458e+00
-1.925781677335425712e+00,-4.646982549621835878e-01,-9.188779389912302697e-01,-1.212725620310993957e+00,1.425265788801323597e+00,2.056153747536818344e+00
-1.911336169363834658e+00,-4.604574360169170766e-01,-9.407984604104332460e-01,-1.217631136639256040e+00,1.428429624452373758e+00,2.068684994710445313e+00
-1.896613794201173375e+00,-4.563072310761794315e-01,-9.622179214395558677e-01,-1.223003225579102793e+00,1.430941845113097299e+00,2.081360133734289963e+00
-1.881616407634412180e+00,-4.522416147067134240e-01,-9.831297859412165829e-01,-1.228842893027467076e+00,1.432806324262143827e+00,2.094192801577842378e+00
-1.866346319080827820e+00,-4.482542475964735873e-01,-1.003527986270388972e+00,-1.235150920862922108e+00,1.434028130011502311e+00,2.107196948994529251e+00
-1.850806303012389797e+00,-4.443385206770129048e-01,-1.023406853906676961e+00,-1.241927922266472972e+00,1.434613540828245881e+00,2.120386742271922920e+00
-1.834999608273882199e+00,-4.404875984976896475e-01,-1.042761055056606434e+00,-1.249174393097486790e+00,1.434570055269649425e+00,2.133776461383157130e+00
-1.818929965249529879e+00,-4.366944619313641307e-01,-1.061585530853021764e+00,-1.256890759353242570e+00,1.433906395399962230e+00,2.147380395703220479e+00
-1.802601590847815238e+00,-4.329519502890483706e-01,-1.079875441780091538e+00,-1.265077420735587932e+00,1.432632503619319708e+00,2.161212738471315564e+00
-1.786019191290340036e+00,-4.292528029139764945e-01,-1.097626115967803795e+00,-1.273734790339471123e+00,1.430759532704046988e+00,2.175287481178850513e+00
-1.769187962707636563e+00,-4.255897003153384928e-01,-1.114833001024978953e+00,-1.282863330468462904e+00,1.428299828931745674e+00,2.189618309041479360e+00
-1.752113589562342311e+00,-4.219553048896910186e-01,-1.131491619111334668e+00,-1.292463584574022883e+00,1.425266908242704522e+00,2.204218498673046867e+00
-1.734802240937669326e+00,-4.183423012647829453e-01,-1.147597524984317330e+00,-1.302536205309855033e+00,1.421675425469834497e+00,2.219100819019909299e+00
-1.717260564746155627e+00,-4.147434362868999136e-01,-1.163146266793119832e+00,-1.313081978691408302e+00,1.417541136750906983e+00,2.234277436537012385e+00
-1.699495679929851066e+00,-4.111515586593504357e-01,-1.178133349428923227e+00,-1.324101844354142354e+00,1.412880855317769191e+00,2.249759825494039411e+00
-1.681515166737942657e+00,-4.075596582267134727e-01,-1.192554200275678600e+00,-1.335596911912907858e+00,1.407712400935840380e+00,2.265558684193180294e+00
-1.663327055181016645e+00,-4.039609048871347641e-01,-1.206404137238790142e+00,-1.347568473438678360e+00,1.402054543342068138e+00,2.281683857762383916e+00
-1.644939811772392346e+00,-4.003486871033983263e-01,-1.219678338959228947e+00,-1.360018012087558903e+00,1.395926940099273983e+00,2.298144268062682460e+00
-1.626362324676027038e+00,-3.967166499727107776e-01,-1.232371817147470239e+00,-1.372947206939912679e+00,1.389350069348244787e+00,2.314947851118867472e+00
-1.607603887387246244e+00,-3.930587328050889062e-01,-1.244479390994955414e+00,-1.386357934133767733e+00,1.382345157995026996e+00,2.332101502353372879e+00
-1.588674181076939362e+00,-3.893692061508420288e-01,-1.255995663640403048e+00,-1.400252264405437375e+00,1.374934105918846239e+00,2.349611029777518123e+00
-1.569583255731893168e+00,-3.856427082088027536e-01,-1.266915000684218473e+00,-1.414632457180431180e+00,1.367139406825325088e+00,2.367481115176114592e+00
-1.550341510223692376e+00,-3.818742805385682559e-01,-1.277231510756524413e+00,-1.429500951388141594e+00,1.358984066399820501e+00,2.385715283214247417e+00
-1.530959671436249225e+00,-3.780594029919776000e-01,-1.286939028153072373e+00,-1.444860353203343051e+00,1.350491518436566230e+00,2.404315878301818366e+00
-1.511448772577709265e+00,-3.741940277712788032e-01,-1.296031097558644207e+00,-1.460713420945202179e+00,1.341685539630871782e+00,2.423284048974446048e+00
-1.491820130796440935e+00,-3.702746125138791089e-01,-1.304500960879672711e+00,-1.477063047389330475e+00,1.332590163724021837e+00,2.442619739490062614e+00
-1.472085324213291857e+00,-3.662981522961821779e-01,-1.312341546206888143e+00,-1.493912239769643158e+00,1.323229595684014548e+00,2.462321688299659250e+00
-1.452256168473529341e+00,-3.622622104418046218e-01,-1.319545458925009518e+00,-1.511264097763852288e+00,1.313628126590212775e+00,2.482387433027761325e+00
-1.432344692912120188e+00,-3.581649480124586282e-01,-1.326104974980005125e+00,-1.529121789768948636e+00,1.303810049866801046e+00,2.502813321592140650e+00
-1.412363116415488618e+00,-3.540051518530634156e-01,-1.332012036305414426e+00,-1.547488527780921830e+00,1.293799579479130601e+00,2.523594529100886330e+00
-1.392323823051834442e+00,-3.497822610563073309e-01,-1.337258248397798166e+00,-1.566367541196333368e+00,1.283620770669140709e+00,2.544725080185465504e+00
-1.372239337530713810e+00,-3.454963917060714373e-01,-1.341834880017674925e+00,-1.585762049852565303e+00,1.273297443761645109e+00,2.566197876457402494e+00
-1.352122300541083177e+00,-3.411483597540178603e-01,-1.345732864976455279e+00,-1.605675236619174884e+00,1.262853111523003946e+00,2.588004728810002320e+00
-1.331985444005563624e+00,-3.367397018794547892e-01,-1.348942805951974133e+00,-1.626110219845535054e+00,1.252310910498246166e+00,2.610136394321297626e+00
-1.311841566277510251e+00,-3.322726941795516864e-01,-1.351454980255382576e+00,-1.647070025960694961e+00,1.241693536692812572e+00,2.632582617546374237e+00
-1.291703507296750875e+00,-3.277503685353596041e-01,-1.353259347450471051e+00,-1.668557562511115755e+00,1.231023185901573447e+00,2.655332176013098344e+00
-1.271584123709821768e+00,-3.231765264991803832e-01,-1.354345558703106134e+00,-1.690575591911585018e+00,1.220321498921554948e+00,2.678372929752208087e+00
-1.251496263951405341e+00,-3.185557505509223897e-01,-1.354702967713496964e+00,-1.713126706175116309e+00,1.209609511816874372e+00,2.701691874698690210e+00
-1.231452743275738060e+00,-3.138934125754915816e-01,-1.354320643057665752e+00,-1.736213302879838549e+00,1.198907611335854773e+00,2.725275199795085701e+00
-1.211466318720290092e+00,-3.091956794202965764e-01,-1.353187381736999484e+00,-1.759837562625420126e+00,1.188235495512332873e+00,2.749108347608595793e+00
-1.191549663979352580e+00,-3.044695154018890459e-01,-1.351291723706407266e+00,-1.784001428228926711e+00,1.177612139417082870e+00,2.773176078243132281e+00
-1.171715344162622241e+00,-2.997226816438707253e-01,-1.348621967122769272e+00,-1.808706585910347941e+00,1.167055765962349057e+00,2.797462536286266399e+00
-1.151975790413797274e+00,-2.949637321447005078e-01,-1.345166184026495459e+00,-1.833954448721266006e+00,1.156583821604069140e+00,2.821951320481547398e+00
-1.132343274366917951e+00,-2.902020064940703525e-01,-1.340912236140680669e+00,-1.859746142475847019e+00,1.146212956733769550e+00,2.846625555761645998e+00
-1.112829882423976180e+00,-2.854476191801595397e-01,-1.335847790445221728e+00,-1.886082494450791680e+00,1.135959010506550237e+00,2.871467967220381556e+00
-1.093447489846436138e+00,-2.807114454572774975e-01,-1.329960334158160506e+00,-1.912964025129040513e+00,1.125836999814149086e+00,2.896460955545238303e+00
-1.074207734665867164e+00,-2.760051037739936763e-01,-1.323237188734372793e+00,-1.940390943269575397e+00,1.115861112083650353e+00,2.921586673379735544e+00
-1.055121991434939455e+00,-2.713409347954915951e-01,-1.315665522473639770e+00,-1.968363144591035452e+00,1.106044701563627886e+00,2.946827102040026070e+00
-1.036201344859436491e+00,-2.667319770900670184e-01,-1.307232361317367975e+00,-1.996880214358327077e+00,1.096400288750705831e+00,2.972164127974986414e+00
-1.017456563374427247e+00,-2.621919395876927683e-01,-1.297924597407206226e+00,-2.025941434157079168e+00,1.086939562610668375e+00,2.997579618335869611e+00
-9.988980727528408154e-01,-2.577351709574483007e-01,-1.287728994981172770e+00,-2.055545793128739529e+00,1.077673385258960614e+00,3.023055495011753191e+00
-9.805359298617382091e-01,-2.533766260891630595e-01,-1.276632193195505582e+00,-2.085692003917377857e+00,1.068611798784945055e+00,3.048573806491223337e+00
-9.623797967097391659e-01,-2.491318299013799142e-01,-1.264620705485397512e+00,-2.116378523545931145e+00,1.059764033931483329e+00,3.074116796929028617e+00
-9.444389149573099163e-01,-2.450168387309518692e-01,-1.251680915117485249e+00,-2.147603579392855622e+00,1.051138520374869989e+00,3.099666971828181072e+00
-9.267220810887785154e-01,-2.410481995871762151e-01,-1.237799066644242663e+00,-2.179365200378120093e+00,1.042742898388126394e+00,3.125207159791988154e+00
-9.092376224697464870e-01,-2.372429075729518000e-01,-1.222961253048559405e+00,-2.211661253388447879e+00,1.034584031711278440e+00,-3.132464737324454962e+00
-8.919933745346657616e-01,-2.336183617842632343e-01,-1.207153398469702044e+00,-2.244489484873799956e+00,1.026668021493464034e+00,-3.106994463213393232e+00
-8.749966593654280311e-01,-2.301923199942088882e-01,-1.190361236534307698e+00,-2.277847567428324282e+00,1.019000221211523005e+00,-3.081583202915771480e+00
-8.582542659316119149e-01,-2.269828524052004692e-01,-1.172570284483883896e+00,-2.311733151026891253e+00,1.011585252506178811e+00,-3.056246312316811320e+00
-8.417724322654370761e-01,-2.240082947087604637e-01,-1.153765813500779558e+00,-2.346143918419877128e+00,1.004427021908272266e+00,-3.030998589237103857e+00
-8.255568298385838055e-01,-2.212872006217881105e-01,-1.133932815896853130e+00,-2.381077643989951920e+00,9.975287384522736334e-01,-3.005854243172759066e+00
-8.096125503932078971e-01,-2.188382939657501636e-01,-1.113055970154664953e+00,-2.416532255139860030e+00,9.908929321913372279e-01,-2.980826870920369132e+00
-7.939440954553712571e-01,-2.166804202145274361e-01,-1.091119605214502242e+00,-2.452505895002211833e+00,9.845214736367291497e-01,-2.955929438070953985e+00
-7.785553687257005251e-01,-2.148324972499824348e-01,-1.068107665900345227e+00,-2.488996984931379330e+00,9.784155941441927684e-01,-2.931174266288931740e+00
-7.634496714996683586e-01,-2.133134648226374663e-01,-1.044003681997059951e+00,-2.526004284840903225e+00,9.725759072607820244e-01,-2.906573026228524093e+00
-7.486297012190122890e-01,-2.121422319073572593e-01,-1.018790744258387670e+00,-2.563526948970884956e+00,9.670024310282955282e-01,-2.882136735880924672e+00
-7.340975531972415702e-01,-2.113376207577848387e-01,-9.924514915759038436e-01,-2.601564574087887660e+00,9.616946112143829328e-01,-2.857875764090728854e+00
-7.198547254967696540e-01,-2.109183059834286722e-01,-9.649681147154633987e-01,-2.640117236409400103e+00,9.566513454105651793e-01,-2.833799838928593662e+00
-7.059021268637998281e-01,-2.109027463824544035e-01,-9.363223834794995870e-01,-2.679185512675669401e+00,9.518710078987979717e-01,-2.809918060557442754e+00
-6.922400875503315065e-01,-2.113091065422805503e-01,-9.064957059370993830e-01,-2.718770479729156087e+00,9.473514751457504657e-01,-2.786238918179590573e+00
-6.788683727708777482e-01,-2.121551643492149697e-01,-8.754692305388072082e-01,-2.758873685669172460e+00,9.430901517374589149e-01,-2.762770310599056423e+00
-6.657861984545461187e-01,-2.134581995095186646e-01,-8.432240045568374365e-01,-2.799497084091080445e+00,9.390839965169549552e-01,-2.739519569873340110e+00
-6.529922488602856179e-01,-2.152348569655644916e-01,-8.097412054068189313e-01,-2.840642921069238991e+00,9.353295486340459375e-01,-2.716493487457320111e+00
-6.404846955229982486e-01,-2.175009776941607964e-01,-7.750024650231677192e-01,-2.882313562395469653e+00,9.318229531594405257e-01,-2.693698342153028058e+00
-6.282612168889649684e-01,-2.202713878280322113e-01,-7.389903115182985260e-01,-2.924511246176709989e+00,9.285599858544684171e-01,-2.671139929066249419e+00
-6.163190178786612794e-01,-2.235596354201226932e-01,-7.016887566792087139e-01,-2.967237743336766709e+00,9.255360766223155178e-01,-2.648823588627113867e+00
-6.046548484822161784e-01,-2.273776626226537423e-01,-6.630840620715577893e-01,-3.010493906088190563e+00,9.227463310972038313e-01,-2.626754234550372935e+00
-5.932650203483852414e-01,-2.317353998423709316e-01,-6.231657199568723104e-01,-3.054279082458056571e+00,9.201855497560696984e-01,-2.604936379387500001e+00
-5.821454201775352333e-01,-2.366402679906811912e-01,-5.819276867661613561e-01,-3.098590374154169158e+00,9.178482438679986810e-01,-2.583374156058072746e+00
-5.712915185869724688e-01,-2.420965759297010467e-01,-5.393699047914467526e-01,3.139763590675893390e+00,9.157286475405179704e-01,-2.562071333453863176e+00
-5.606983730113441755e-01,-2.481048035606957525e-01,-4.955001395796752028e-01,3.094422542779458940e+00,9.138207250982314234e-01,-2.541031323915908136e+00
-5.503606231814037741e-01,-2.546607679465512919e-01,-4.503361429553802697e-01,3.048587728020777377e+00,9.121181730704750468e-01,-2.520257180151962206e+00
-5.402724778693581698e-01,-2.617546818645931639e-01,-4.039081207511827643e-01,3.002282176909732314e+00,9.106144162195460856e-01,-2.499751579089806164e+00
-5.304276920094902481e-01,-2.693701326774505800e-01,-3.562614363239364756e-01,2.955537651623119544e+00,9.093025973764952141e-01,-2.479516790402749749e+00
-5.208195341379106003e-01,-2.774830352369185849e-01,-3.074594133935528717e-01,2.908396342629442355e+00,9.081755614473348004e-01,-2.459554628199881687e+00
-5.114407454875686820e-01,-2.860606450516094412e-01,-2.575860161890261013e-01,2.860912485293026553e+00,9.072258348840617215e-01,-2.439866385873899368e+00
-5.022834941136193887e-01,-2.950607537688237914e-01,-2.067480900689492029e-01,2.813153702531642431e+00,9.064456032161040122e-01,-2.420452756532217808e+00
-4.933393300525710790e-01,-3.044312208129364983e-01,-1.550767609110683121e-01,2.765201829305320658e+00,9.058266908433183495e-01,-2.401313744830490204e+00
-4.845991504139944839e-01,-3.141100111465167655e-01,-1.027275473214608326e-01,2.717152950103908005e+00,9.053605489682143848e-01,-2.382448580085206213e+00
-4.760531857877974282e-01,-3.240258953212855619e-01,-4.987877382089925260e-02,2.669116404562446032e+00,9.050382588465941680e-01,-2.363855644495105768e+00
-4.676910204196632614e-01,-3.340999121447038589e-01,3.271982183799530385e-03,2.621212607925408555e+00,9.048505578399745897e-01,-2.345532432896734854e+00
-4.595016571849328546e-01,-3.442475938031838711e-01,5.651341455853912954e-02,2.573569695528965973e+00,9.047878944357136133e-01,-2.327475560243857267e+00
-4.514736338138563565e-01,-3.543818220348441406e-01,1.096276452487902064e-01,2.526319210119170489e+00,9.048405151446641259e-01,-2.309680828828755139e+00
-4.435951893923478773e-01,-3.644160535601690398e-01,1.623983341698000404e-01,2.479591255679078454e+00,9.049985813062162432e-01,-2.292143359154057869e+00
-4.358544714156668554e-01,-3.742675641436215006e-01,2.146188311134587245e-01,2.433509675987891363e+00,9.052523083910982704e-01,-2.274857777864599306e+00
-4.282397660182689081e-01,-3.838603459997246281e-01,2.660994223757631172e-01,2.388187829472032675e+00,9.055921159325397429e-01,-2.257818446068907470e+00
-4.207397297793929458e-01,-3.931273606904539530e-01,3.166729039836335691e-01,2.343725414240002358e+00,9.060087741290883123e-01,-2.241019704711197047e+00
-4.133436019175372733e-01,-4.020119772340156605e-01,3.661980492320301428e-01,2.300206586930073183e+00,9.064935340529077790e-01,-2.224456112241558703e+00
-4.060413802978953823e-01,-4.104685715148833069e-01,4.145609212660063547e-01,2.257699384403879961e+00,9.070382318238220387e-01,-2.208122653597811347e+00
-3.988239517299116965e-01,-4.184623868847390793e-01,4.616743029131618048e-01,2.216256264545625410e+00,9.076353618565314862e-01,-2.192014906693170229e+00
-3.916831743579520797e-01,-4.259688318240103522e-01,5.074757103515475931e-01,2.175915469920341128e+00,9.082781189658318821e-01,-2.176129160738200508e+00
-3.846119158453646381e-01,-4.329724145668175095e-01,5.519245148947244939e-01,2.136702889638487424e+00,9.089604126993763300e-01,-2.160462487722543568e+00
-3.776040547199685515e-01,-4.394654982852261305e-01,5.949986498192617601e-01,2.098634129515926539e+00,9.096768593382921209e-01,-2.145012773114839177e+00
-3.706544537217425495e-01,-4.454470215537467692e-01,6.366912740849772767e-01,2.061716568756585044e+00,9.104227576649029929e-01,-2.129778714154989760e+00
-3.637589138029637126e-01,-4.509212834447701157e-01,6.770076443208424832e-01,2.025951256982269744e+00,9.111940542348473393e-01,-2.114759794487090616e+00
-3.569141162502679210e-01,-4.558968513768567599e-01,7.159623382139361780e-01,1.991334571980600820e+00,9.119873029593519309e-01,-2.099956243015878243e+00
-3.501175588081203438e-01,-4.603856177353047863e-01,7.535768890771769035e-01,1.957859608863230516e+00,9.127996226734143015e-01,-2.085368983410223365e+00
-3.433674900810202990e-01,-4.644020091973219411e-01,7.898778347700756708e-01,1.925517304771539040e+00,9.136286552794971039e-01,-2.070999579088233844e+00
-3.366628450943444650e-01,-4.679623392771137813e-01,8.248951504277036717e-01,1.894297322574481912e+00,9.144725261379363923e-01,-2.056850177070580266e+00
-3.300031837841651550e-01,-4.710842877087090264e-01,8.586610177504570007e-01,1.864188725983512596e+00,9.153298076642012449e-01,-2.042923452901395542e+00
-3.233886333661573076e-01,-4.737864877885058501e-01,8.912088782492058048e-01,1.835180480739335707e+00,9.161994865798753773e-01,-2.029222557932875759e+00
-3.168198349640631295e-01,-4.760882029871855159e-01,9.225727192811935540e-01,1.807261814816552015e+00,9.170809349167465818e-01,-2.015751069623032521e+00
-3.102978945068842198e-01,-4.780090757737652241e-01,9.527865467120191223e-01,1.780422466914976631e+00,9.179738846537908170e-01,-2.002512945058375404e+00
-3.038243376800097151e-01,-4.795689338584208650e-01,9.818840044924321830e-01,1.754652848117248309e+00,9.188784057400035676e-01,-1.989512477634620025e+00
-2.974010685955417732e-01,-4.807876414625699701e-01,1.009898108092389002e+00,1.729944137221056444e+00,9.197948871930984316e-01,-1.976754256664629672e+00
-2.910303317972291470e-01,-4.816849854944152964e-01,1.036861064918930486e+00,1.706288326275985590e+00,9.207240209430163080e-01,-1.964243129598306492e+00
-2.847146772105606516e-01,-4.822805885183508168e-01,1.062804160258634667e+00,1.683678229423881678e+00,9.216667880940414559e-01,-1.951984166507227059e+00
-2.784569276708476204e-01,-4.825938421153110336e-01,1.087757691846959363e+00,1.662107465285048491e+00,9.226244472990243750e-01,-1.939982626488148787e+00
-2.722601486992908271e-01,-4.826438556433785276e-01,1.111750939910283398e+00,1.641570420811601538e+00,9.235985249663851704e-01,-1.928243925660555691e+00
-2.661276202409354474e-01,-4.824494165519035982e-01,1.134812162541527281e+00,1.622062202676175291e+00,9.245908070504518239e-01,-1.916773606465006718e+00
-2.600628101238167678e-01,-4.820289593150757224e-01,1.156968608665404519e+00,1.603578580803290077e+00,9.256033322053429657e-01,-1.905577308005161008e+00
-2.540693490422556433e-01,-4.814005407704251560e-01,1.178246542732401814e+00,1.586115927509789802e+00,9.266383861103411057e-01,-1.894660737213139656e+00
-2.481510069072820068e-01,-4.805818202093625757e-01,1.198671276749144310e+00,1.569671154835911464e+00,9.276984967996158016e-01,-1.884029640652980175e+00
-2.423116704425536394e-01,-4.795900430013255167e-01,1.218267206390714508e+00,1.554241651965774462e+00,9.287864308508760880e-01,-1.873689776809016827e+00
-2.365553219344858071e-01,-4.784420268662648579e-01,1.237057848817380235e+00,1.539825224111200264e+00,9.299051903059806223e-01,-1.863646888734376006e+00
-2.308860190705652460e-01,-4.771541501633306259e-01,1.255065880490576102e+00,1.526420033830380829e+00,9.310580102118413137e-01,-1.853906676959175881e+00
-2.253078758201881027e-01,-4.757423417539110022e-01,1.272313173796026264e+00,1.514024545445070036e+00,9.322483566823380752e-01,-1.844474772578476252e+00
-2.198250443281603295e-01,-4.742220721384122206e-01,1.288820831671273481e+00,1.502637472984891476e+00,9.334799253916934436e-01,-1.835356710456740315e+00
-2.144416978026467135e-01,-4.726083456692891649e-01,1.304609219728551706e+00,1.492257731908191332e+00,9.347566404171230303e-01,-1.826557902498858299e+00
-2.091620143873061111e-01,-4.709156937165103751e-01,1.319697995583699601e+00,1.482884394712667087e+00,9.360826533538711969e-01,-1.818083610948003193e+00
-2.039901620120803394e-01,-4.691581687127056033e-01,1.334106135264583104e+00,1.474516650445905075e+00,9.374623426292363337e-01,-1.809938921678150736e+00
-1.989302842190854292e-01,-4.673493390390868196e-01,1.347851956691382469e+00,1.467153768048402362e+00,9.389003129441411133e-01,-1.802128717454415163e+00
-1.939864869597503205e-01,-4.655022847340951619e-01,1.360953140306251363e+00,1.460795063403940386e+00,9.404013947714585653e-01,-1.794657651137846255e+00
-1.891628263572000535e-01,-4.636295940179450126e-01,1.373426746989114822e+00,1.455439869929944230e+00,9.419706438398720572e-01,-1.787530118813411617e+00
-1.844632974243047840e-01,-4.617433606304311988e-01,1.385289233435821110e+00,1.451087512510420119e+00,9.436133405307347566e-01,-1.780750232820947687e+00
-1.798918237231932893e-01,-4.598551819785920425e-01,1.396556465199208619e+00,1.447737284553680670e+00,9.453349891133823180e-01,-1.774321794669267760e+00
-1.754522479467076623e-01,-4.579761580866824611e-01,1.407243727606546368e+00,1.445388427944408472e+00,9.471413167418047951e-01,-1.768248267813719687e+00
-1.711483233965641892e-01,-4.561168913346555498e-01,1.417365734771113939e+00,1.444040115653187684e+00,9.490382721326553472e-01,-1.762532750277612914e+00
-1.669837063271518707e-01,-4.542874869639338398e-01,1.426936636913612722e+00,1.443691436765259573e+00,9.510320238414027294e-01,-1.757177947098361281e+00
-1.629619491181730773e-01,-4.524975543214037055e-01,1.435970026202390004e+00,1.444341383693024339e+00,9.531289580501530745e-01,-1.752186142580193229e+00
-1.590864942339041965e-01,-4.507562088048285842e-01,1.444478941311459597e+00,1.445988841342938036e+00,9.553356757773925345e-01,-1.747559172337086686e+00
-1.553606689218752224e-01,-4.490720744656457319e-01,1.452475870883094711e+00,1.448632578016349814e+00,9.576589894167563122e-01,-1.743298395112398147e+00
-1.517876805993571832e-01,-4.474532872186587906e-01,1.459972756068163235e+00,1.452271237834949158e+00,9.601059185090218273e-01,-1.739404664365657549e+00
-1.483706128722893092e-01,-4.459074986026462795e-01,1.466980992303040132e+00,1.456903334494412228e+00,9.626836846489591482e-01,-1.735878299622337417e+00
-1.451124221282311111e-01,-4.444418800314767770e-01,1.473511430467359329e+00,1.462527246164170958e+00,9.653997054265706090e-01,-1.732719057589221068e+00
-1.420159346426194957e-01,-4.430631274719996071e-01,1.479574377552447029e+00,1.469141211366623345e+00,9.682615873007118790e-01,-1.729926103046392161e+00
-1.390838441360614519e-01,-4.417774664827666675e-01,1.485179596956311743e+00,1.476743325685276886e+00,9.712771173022316518e-01,-1.727497979536952277e+00
-1.363187097195922570e-01,-4.405906575465007302e-01,1.490336308507756558e+00,1.485331539167981996e+00,9.744542534637091746e-01,-1.725432579887425266e+00
-1.337229541647616815e-01,-4.395080016291006419e-01,1.495053188309710013e+00,1.494903654308336494e+00,9.778011138737263686e-01,-1.723727116605495491e+00
-1.312988624360496570e-01,-4.385343458987902565e-01,1.499338368480322536e+00,1.505457324505296013e+00,9.813259642555184348e-01,-1.722378092217314638e+00
-1.290485804244242973e-01,-4.376740895406918685e-01,1.503199436859835370e+00,1.516990052917811305e+00,9.850372039729186069e-01,-1.721381269624143728e+00
-1.269741138228065447e-01,-4.369311896045449117e-01,1.506643436741732067e+00,1.529499191647750056e+00,9.889433503708952022e-01,-1.720731642577612686e+00
-1.250773270867583664e-01,-4.363091668264105771e-01,1.509676866678216989e+00,1.542981941200269436e+00,9.930530213637938086e-01,-1.720423406394397503e+00
-1.233599424268274763e-01,-4.358111113689126515e-01,1.512305680402650898e+00,1.557435350186048728e+00,9.973749161917836448e-01,-1.720449929054643112e+00
-1.218235387826317045e-01,-4.354396884287826119e-01,1.514535286905142941e+00,1.572856315244207437e+00,1.001917794275087648e+00,-1.720803722853979867e+00
-1.204695507329121562e-01,-4.351971436651300706e-01,1.516370550692035302e+00,1.589241581178211238e+00,1.006690452106472122e+00,-1.721476416806448029e+00
-1.192992673004003995e-01,-4.350853084068700416e-01,1.517815792255437835e+00,1.606587741309470241e+00,1.011701698135293759e+00,-1.722458730024975848e+00
-1.183138306154005726e-01,-4.351056046030559732e-01,1.518874788775220308e+00,1.624891238064564813e+00,1.016960325611235838e+00,-1.723740446337137966e+00
-1.175142344074578266e-01,-4.352590494854262637e-01,1.519550775072868731e+00,1.644148363821974934e+00,1.022475083372781590e+00,-1.725310390426556761e+00
-1.169013223003404905e-01,-4.355462599182321481e-01,1.519846444834257682e+00,1.664355262052774176e+00,1.028254644584511990e+00,-1.727156405824274765e+00
-1.164757858917793432e-01,-4.359674564163278365e-01,1.519763952116617078e+00,1.685507928796867061e+00,1.034307573448479900e+00,-1.729265335109389401e+00
-1.162381626059518641e-01,-4.365224668185367918e-01,1.519304913153644243e+00,1.707602214521961814e+00,1.040642289938163545e+00,-1.731623002713798432e+00
-1.161888333135375068e-01,-4.372107296094211448e-01,1.518470408471758404e+00,1.730633826416499321e+00,1.047267032628768524e+00,-1.734214200761536206e+00
-1.163280197212630956e-01,-4.380312968887472569e-01,1.517260985329774270e+00,1.754598331170183378e+00,1.054189819724775434e+00,-1.737022678408265408e+00
-1.166557815401578213e-01,-4.389828369941202735e-01,1.515676660493696426e+00,1.779491158296548026e+00,1.061418408414445125e+00,-1.740031135180277300e+00
-1.171720134491903986e-01,-4.400636367884264155e-01,1.513716923357759647e+00,1.805307604051159531e+00,1.068960252711230519e+00,-1.743221218843937548e+00
-1.178764418785038376e-01,-4.412716036298326427e-01,1.511380739422170105e+00,1.832042835996618546e+00,1.076822459973391988e+00,-1.746573528364893990e+00
-1.187686216440233949e-01,-4.426042670481102892e-01,1.508666554137094273e+00,1.859691898261551124e+00,1.085011746325193371e+00,-1.750067622540329992e+00
-1.198479324727075301e-01,-4.440587801569260695e-01,1.505572297121184677e+00,1.888249717535351868e+00,1.093534391235420511e+00,-1.753682034905818865e+00
-1.211135754650504714e-01,-4.456319208374279195e-01,1.502095386761210793e+00,1.917711109833685867e+00,1.102396191541118453e+00,-1.757394295529438155e+00
-1.225645695485279851e-01,-4.473200927338844557e-01,1.498232735197049470e+00,1.948070788061838421e+00,1.111602415235827923e+00,-1.761180960308192489e+00
-1.241997479823984535e-01,-4.491193261072511378e-01,1.493980753693298080e+00,1.979323370394107773e+00,1.121157755371611442e+00,-1.765017648373819359e+00
-1.260177549805175656e-01,-4.510252785972539424e-01,1.489335358394985986e+00,2.011463389477802455e+00,1.131066284452160842e+00,-1.768879088195002725e+00
-1.280170425244811783e-01,-4.530332359478304038e-01,1.484291976460212936e+00,2.044485302460303799e+00,1.141331409719596124e+00,-1.772739172929214124e+00
-1.301958674443585706e-01,-4.551381127544489869e-01,1.478845552556956600e+00,2.078383501827363311e+00,1.151955829759528038e+00,-1.776571025528157932e+00
-1.325522888484023665e-01,-4.573344532948617203e-01,1.472990555704726034e+00,2.113152327030652256e+00,1.162941492866872650e+00,-1.780347074034635213e+00
-1.350841659863086242e-01,-4.596164325071279144e-01,1.466720986434167928e+00,2.148786076872895023e+00,1.174289557628122038e+00,-1.784039137424199728e+00
-1.377891566327444917e-01,-4.619778571801878009e-01,1.460030384229166645e+00,2.185279022610014721e+00,1.186000356183646298e+00,-1.787618522241275709e+00
-1.406647160788643269e-01,-4.644121674227703611e-01,1.452911835206433411e+00,2.222625421721946104e+00,1.198073360635539819e+00,-1.791056130155781689e+00
-1.437080968193141794e-01,-4.669124384759041346e-01,1.445357979977147656e+00,2.260819532297407619e+00,1.210507153062012176e+00,-1.794322576422639148e+00
-1.469163490207081590e-01,-4.694713829326841448e-01,1.437361021623965618e+00,2.299855627973244054e+00,1.223299399587901348e+00,-1.797388319063271345e+00
-1.502863218546965918e-01,-4.720813534261719124e-01,1.428912733714800876e+00,2.339728013366168646e+00,1.236446828942207032e+00,-1.800223798406447084e+00
-1.538146657745039503e-01,-4.747343458423241569e-01,1.420004468262386910e+00,2.380431039934008730e+00,1.249945215907363405e+00,-1.802799586427477507e+00
-1.574978358081850771e-01,-4.774220031096391703e-01,1.410627163525956629e+00,2.421959122204953019e+00,1.263789370031175974e+00,-1.805086545112511542e+00
-1.613320959348500394e-01,-4.801356196107849916e-01,1.400771351538695253e+00,2.464306754316831327e+00,1.277973129930957352e+00,-1.807055992852045323e+00
-1.653135246017857496e-01,-4.828661462538786919e-01,1.390427165232230866e+00,2.507468526814017551e+00,1.292489363470603170e+00,-1.808679877639134403e+00
-1.694380214308342514e-01,-4.856041962323986438e-01,1.379584345017683678e+00,2.551439143656965669e+00,1.307329974035490450e+00,-1.809930955618361370e+00
-1.737013151516818288e-01,-4.883400514930658076e-01,1.368232244672098474e+00,2.596213439408372903e+00,1.322485913067698249e+00,-1.810782973307287769e+00
-1.780989727880130102e-01,-4.910636699206029632e-01,1.356359836369890548e+00,2.641786396570161344e+00,1.337947198955851569e+00,-1.811210851599423632e+00
-1.826264101099681070e-01,-4.937646932373122022e-01,1.343955714691757120e+00,2.688153163056425932e+00,1.353702942300793577e+00,-1.811190869463644271e+00
-1.872789033532234471e-01,-4.964324556041995185e-01,1.331008099438934611e+00,2.735309069798679271e+00,1.369741377501380253e+00,-1.810700845086659960e+00
-1.920516021915358862e-01,-4.990559928992931438e-01,1.317504837079367386e+00,2.783249648490546235e+00,1.386049900525248679e+00,-1.809720312069781567e+00
-1.969395439360336064e-01,-5.016240526382912401e-01,1.303433400655069629e+00,2.831970649488850800e+00,1.402615112648841977e+00,-1.808230688195697766e+00
-2.019376689211956899e-01,-5.041251044932685277e-01,1.288780887987566404e+00,2.881468059896064471e+00,1.419422869870847093e+00,-1.806215434231587924e+00
-2.070408370246669960e-01,-5.065473513574830777e-01,1.273534018031830195e+00,2.931738121854560397e+00,1.436458337625117210e+00,-1.803660200237039657e+00
-2.122438452561379585e-01,-5.088787408990887995e-01,1.257679125249778096e+00,2.982777351085120099e+00,1.453706050344785172e+00,-1.800552956903134438e+00
-2.175414463398264442e-01,-5.111069775446052121e-01,1.241202151903617157e+00,3.034582555699691042e+00,1.471149975360231066e+00,-1.796884109565449972e+00
-2.229283682059673977e-01,-5.132195348353130182e-01,1.224088638208854940e+00,3.087150855310273112e+00,1.488773580551372655e+00,-1.792646592709656650e+00
-2.283993342994752040e-01,-5.152036681074565472e-01,1.206323710338778943e+00,3.140479700440644617e+00,1.506559905120744780e+00,-1.787835943022996199e+00
-2.339490846088990716e-01,-5.170464274615840239e-01,1.187892066339267139e+00,-3.088618414955913938e+00,1.524491632809131358e+00,-1.782450349335368500e+00
-2.395723973162179610e-01,-5.187346710090940949e-01,1.168777960098207114e+00,-3.033774704847552517e+00,1.542551166840917531e+00,-1.776490678135116630e+00
-2.452641109681601705e-01,-5.202550784169396314e-01,1.148965183621630359e+00,-2.978175914137992653e+00,1.560720705862285618e+00,-1.769960473729975892e+00
-2.510191470727776708e-01,-5.215941648166618760e-01,1.128437048004011567e+00,-2.921823069918584981e+00,1.578982320121965932e+00,-1.762865932544301462e+00
-2.568325330311068688e-01,-5.227382952041358388e-01,1.107176363649385875e+00,-2.864716768905670730e+00,1.597318027141130470e+00,-1.755215851489249745e+00
-2.626994253230039988e-01,-5.236736995347704982e-01,1.085165420510929568e+00,-2.806857158353378789e+00,1.615709866125462302e+00,-1.747021550801450607e+00
-2.686151328786987591e-01,-5.243864888192671936e-01,1.062385969379278983e+00,-2.748243918136918484e+00,1.634139970387358476e+00,-1.738296772205413454e+00
-2.745751405832559944e-01,-5.248626726520180252e-01,1.038819205576283045e+00,-2.688876244711821517e+00,1.652590637068235946e+00,-1.729057553702654682e+00
-2.805751328798891664e-01,-5.250881787633909781e-01,1.014445756816000355e+00,-2.628752837897032624e+00,1.671044393478353651e+00,-1.719322082713713007e+00
-2.866110174597856775e-01,-5.250488753851402235e-01,9.892456774966109645e-01,-2.567871891736984491e+00,1.689484059402638350e+00,-1.709110529685968327e+00
-2.926789490505191105e-01,-5.247305974628361236e-01,9.631984523070844517e-01,-2.506231091084463181e+00,1.707892804753828875e+00,-1.698444864619964800e+00
-2.987753533418487373e-01,-5.241191780495891850e-01,9.362830127961753179e-01,-2.443827616029059513e+00,1.726254201986962222e+00,-1.687348659251043159e+00
-3.048969511161431778e-01,-5.232004865816515249e-01,9.084777714873664145e-01,-2.380658156894313926e+00,1.744552272720076846e+00,-1.675846877845105221e+00
-3.110407826799284625e-01,-5.219604761796909909e-01,8.797606792632104433e-01,-2.316718943260787533e+00,1.762771528033484136e+00,-1.663965659723500634e+00
-3.172042327218457802e-01,-5.203852426506339057e-01,8.501093131183398155e-01,-2.252005791362817977e+00,1.780897001942859825e+00,-1.651732096721508114e+00
-3.233850557487069066e-01,-5.184610984934890920e-01,8.195010030215464925e-01,-2.186514175271969229e+00,1.798914277559031882e+00,-1.639174008809867633e+00
-3.295814022726086256e-01,-5.161746659440447083e-01,7.879130085536754091e-01,-2.120239328531897449e+00,1.816809505459633822e+00,-1.626319721074511504e+00
-3.357918459343158801e-01,-5.135129939252408571e-01,7.553227581994976791e-01,-2.053176384345808625e+00,1.834569413805626548e+00,-1.613197845164053845e+00
-3.420154117459084375e-01,-5.104637046853421900e-01,7.217081666313003296e-01,-1.985320564012985844e+00,1.852181309741259385e+00,-1.599837068188194822e+00
-3.482516056115821379e-01,-5.070151768637118916e-01,6.870480479307738975e-01,-1.916667424998804492e+00,1.869633071623342246e+00,-1.586265951895305726e+00
-3.545004452296288688e-01,-5.031567726452452760e-01,6.513226452568317004e-01,-1.847213181673675875e+00,1.886913131641338337e+00,-1.572512744787426309e+00
-3.607624923782870585e-01,-4.988791174143189511e-01,6.145142996355356102e-01,-1.776955113146204024e+00,1.904010448423830715e+00,-1.558605209658906920e+00
-3.670388864277286389e-01,-4.941744406826145131e-01,5.766082817688265028e-01,-1.705892073385768981e+00,1.920914469294084492e+00,-1.544570468882365377e+00
-3.733313786819204005e-01,-4.890369867209894972e-01,5.375938101924154777e-01,-1.634025118441251312e+00,1.937615081958162122e+00,-1.530434869619916149e+00
-3.796423668187714484e-01,-4.834635018208860990e-01,4.974652755692342554e-01,-1.561358263255458123e+00,1.954102555610384151e+00,-1.516223871009373614e+00
-3.859749282491108380e-01,-4.774538018496385927e-01,4.562236828054496707e-01,-1.487899375347512709e+00,1.970367471756296229e+00,-1.501961955254637049e+00
-3.923328506483570455e-01,-4.710114180290357888e-01,4.138783081081783832e-01,-1.413661203282695178e+00,1.986400645520359332e+00,-1.487672564412966469e+00
-3.987206572426294504e-01,-4.641443099052353638e-01,3.704485450422090875e-01,-1.338662523109587443e+00,2.002193038860363483e+00,-1.473378064478284344e+00
-4.051436237006242336e-01,-4.568656216955675475e-01,3.259658804525204512e-01,-1.262929364827558576e+00,2.017735667976266800e+00,-1.459099738049703499e+00
-4.116077827908600772e-01,-4.491944414928290552e-01,2.804758974445830666e-01,-1.186496253305072690e+00,2.033019508269992226e+00,-1.444857806374802323e+00
-4.181199124711839077e-01,-4.411565030617243255e-01,2.340401506755623307e-01,-1.109407365418135116e+00,2.048035401421296253e+00,-1.430671480793012318e+00
-4.246875030080023983e-01,-4.327847496051552834e-01,1.867377053145554966e-01,-1.031717471647792816e+00,2.062773970347903774e+00,-1.416559042524068612e+00
-4.313186993390042967e-01,-4.241196623162055146e-01,1.386660867298109834e-01,-9.534925034039188896e-01,2.077225548771723940e+00,-1.402537948356531450e+00
-4.380222164295419773e-01,-4.152092500488295257e-01,8.994136981880933301e-02,-8.748095774633688482e-01,2.091380132486043042e+00,-1.388624958196318149e+00
-4.448072279267577533e-01,-4.061086071022488864e-01,4.069716361327632009e-02,-7.957563278419188535e-01,2.105227358853535513e+00,-1.374836278861939265e+00
-4.516832318195682094e-01,-3.968789793996063686e-01,-8.917667059967361587e-03,-7.164294520163609903e-01,2.118756519296935981e+00,-1.361187717295918365e+00
-4.586599005472996593e-01,-3.875863358668547032e-01,-5.874255373593702256e-02,-6.369324731605848777e-01,2.131956606557086076e+00,-1.347694835865712815e+00
-4.657469262277297850e-01,-3.782995144952551736e-01,-1.086098712130631333e-01,-5.573728404230771094e-01,2.144816394646608337e+00,-1.334373102915220599e+00
-4.729538734510947973e-01,-3.690880862330812584e-01,-1.583503075392928006e-01,-4.778586093483351838e-01,2.157324545463673360e+00,-1.321238033218704366e+00
-4.802900517061655106e-01,-3.600201348801482792e-01,-2.077984419041983555e-01,-3.984950314937154014e-01,2.169469732895094261e+00,-1.308305315187536788e+00
-4.877644168436190975e-01,-3.511601705725084788e-01,-2.567979654694682590e-01,-3.193814084629376104e-01,2.181240773751325079e+00,-1.295590924044057957e+00
-4.953855066259632567e-01,-3.425673712902967405e-01,-3.052060421832475390e-01,-2.406085207708919538e-01,2.192626755397418137e+00,-1.283111222113241245e+00
-5.031614104686948918e-01,-3.342942876497153049e-01,-3.528964628134776405e-01,-1.622568387646939336e-01,2.203617152219076836e+00,-1.270883048480676791e+00
-5.110997691452124903e-01,-3.263860683982810484e-01,-3.997614497879321549e-01,-8.439559144310275485e-02,2.214201926343459803e+00,-1.258923800435176155e+00
-5.192077973667761359e-01,-3.188801882857240644e-01,-4.457121681798979496e-01,-7.082644406305238505e-03,2.224371611402121029e+00,-1.247251508567812639e+00
-5.274923210449944389e-01,-3.118066026800849211e-01,-4.906781465259091868e-01,6.963495305869643603e-02,2.234117380832092881e+00,-1.235884906502972225e+00
-5.359598214582946829e-01,-3.051882219437040411e-01,-5.346058908379592856e-01,1.457199383589201092e-01,2.243431103882887800e+00,-1.224843495340090405e+00
-5.446164799385886379e-01,-2.990415919751648333e-01,-5.774569898848282978e-01,2.211435153953266175e-01,2.252305393125604294e+00,-1.214147602208502041e+00
-5.534682184916713821e-01,-2.933776787724606816e-01,-6.192059775890338402e-01,2.958839119937709539e-01,2.260733647081921482e+00,-1.203818431954367218e+00
-5.625207335175558265e-01,-2.882026760828760303e-01,-6.598381612552018938e-01,3.699249446685267673e-01,2.268710090926286504e+00,-1.193878110851902985e+00
-5.717795212481123768e-01,-2.835187790733110225e-01,-6.993475609974419971e-01,4.432546790038717766e-01,2.276229817351658635e+00,-1.184349721276364731e+00
-5.812498945798875161e-01,-2.793248887872264996e-01,-7.377350483721251129e-01,5.158642371688998418e-01,2.283288828828267558e+00,-1.175257326406865310e+00
-5.909369916707170045e-01,-2.756172296487108264e-01,-7.750067267023607043e-01,5.877467754054680471e-01,2.289884081735424459e+00,-1.166625984179032072e+00
-6.008457770635402539e-01,-2.723898748914866386e-01,-8.111725631215263022e-01,6.588966342723450165e-01,2.296013532248426969e+00,-1.158481749844135766e+00
-6.109810362857523991e-01,-2.696351830161615171e-01,-8.462452615318042382e-01,7.293086518857758715e-01,2.301676183413844168e+00,-1.150851666598746048e+00
-6.213473649237338803e-01,-2.673441531306456342e-01,-8.802393539481720985e-01,7.989776236377404972e-01,2.306872132525169761e+00,-1.143763743827667989e+00
-6.319491531478824697e-01,-2.655067092830483699e-01,-9.131704824483481975e-01,8.678978891548585484e-01,2.311602617690247552e+00,-1.137246922560675388e+00
-6.427905666030524490e-01,-2.641119245004422411e-01,-9.450548429201683920e-01,9.360630271188852269e-01,2.315870062338115876e+00,-1.131331027790442922e+00
-6.538755245070211330e-01,-2.631481948535613902e-01,-9.759087632681480162e-01,1.003465639903953655e+00,2.319678116327757333e+00,-1.126046707344664055e+00
-6.652076757286156106e-01,-2.626033729393437710e-01,-1.005748391502529149e+00,1.070097212036515533e+00,2.323031692282515159e+00,-1.121425357057497685e+00
-6.767903735532236897e-01,-2.624648690153027486e-01,-1.034589472399203514e+00,1.135948028765109363e+00,2.325936995774370519e+00,-1.117499032050017105e+00
-6.886266497878552606e-01,-2.627197268192375534e-01,-1.062447194711416243e+00,1.201007143252175835e+00,2.328401548018218303e+00,-1.114300344010086263e+00
-7.007191888095329890e-01,-2.633546799699713059e-01,-1.089336093972973707e+00,1.265262382918483031e+00,2.330434199806216800e+00,-1.111862344461190588e+00
-7.130703021172328793e-01,-2.643561938211209661e-01,-1.115269998636103210e+00,1.328700387218370915e+00,2.332045135515785628e+00,-1.110218394127877595e+00
-7.256819039062230026e-01,-2.657104967486914604e-01,-1.140262009598521864e+00,1.391306670588905892e+00,2.333245866161560489e+00,-1.109402018642005716e+00
-7.385554881420007822e-01,-2.674036040937940450e-01,-1.164324505105236884e+00,1.453065705514583472e+00,2.334049210630811277e+00,-1.109446750987272301e+00
-7.516921075670927044e-01,-2.694213373433329561e-01,-1.187469164597092286e+00,1.513961021611640589e+00,2.334469264441740854e+00,-1.110385961246850073e+00
-7.650923550263437622e-01,-2.717493405991377453e-01,-1.209707006366019133e+00,1.573975317397304563e+00,2.334521355591830716e+00,-1.112252674396938312e+00
-7.787563474442118494e-01,-2.743730959438502315e-01,-1.231048434913708522e+00,1.633090582004204316e+00,2.334221987314800462e+00,-1.115079377073553646e+00
-7.926837127308414832e-01,-2.772779389448859488e-01,-1.251503294740426542e+00,1.691288224560585585e+00,2.333588767834447353e+00,-1.118897814426436765e+00
-8.068735798327684172e-01,-2.804490752326933012e-01,-1.271080927953289308e+00,1.748549209310845454e+00,2.332640327485099530e+00,-1.123738778357851187e+00
-8.213245720799315919e-01,-2.838715988350882236e-01,-1.289790233612130965e+00,1.804854194821809754e+00,2.331396223854392158e+00,-1.129631888620754809e+00
-8.360348039145727439e-01,-2.875305127364366498e-01,-1.307639727154121134e+00,1.860183675827561611e+00,2.329876835886629749e+00,-1.136605368416157225e+00
-8.510018810212018892e-01,-2.914107519515404254e-01,-1.324637598578368936e+00,1.914518126425061473e+00,2.328103248156057958e+00,-1.144685816279978674e+00
-8.662229038118567370e-01,-2.954972092535040895e-01,-1.340791768347201263e+00,1.967838143456494882e+00,2.326097126770970025e+00,-1.153897976182812535e+00
-8.816944741591566936e-01,-2.997747635682057044e-01,-1.356109940186127405e+00,2.020124589011504046e+00,2.323880588594172014e+00,-1.164264507880144572e+00
-8.974127052128243465e-01,-3.042283109419153253e-01,-1.370599650150973847e+00,2.071358731060008118e+00,2.321476065656190801e+00,-1.175805759645373261e+00
-9.133732340848619291e-01,-3.088427979005707313e-01,-1.384268311486974934e+00,2.121522381288960979e+00,2.318906166788913925e+00,-1.188539545593988445e+00
-9.295712371455755463e-01,-3.136032569473179987e-01,-1.397123254937272074e+00,2.170598029267285067e+00,2.316193538614446545e+00,-1.202480929865900272e+00
-9.460014476379058346e-01,-3.184948438876669119e-01,-1.409171764272187710e+00,2.218568972104309367e+00,2.313360728083427631e+00,-1.217642019976066248e+00
-9.626581752914292744e-01,-3.235028766277879830e-01,-1.420421106909348863e+00,2.265419438799455065e+00,2.310430048766666467e+00,-1.234031771673202549e+00
-9.795353275999133524e-01,-3.286128750600625370e-01,-1.430878559580790244e+00,2.311134708505344637e+00,2.307423453062711349e+00,-1.251655807664072251e+00
-9.966264324170576172e-01,-3.338106016300183554e-01,-1.440551429078359869e+00,2.355701221943558910e+00,2.304362412391959491e+00,-1.270516252567310600e+00
-1.013924661523345927e+00,-3.390821021693140591e-01,-1.449447068174339659e+00,2.399106685222764046e+00,2.301267807306246027e+00,-1.290611586455348236e+00
-1.031422854821853141e+00,-3.444137465795135689e-01,-1.457572886871048246e+00,2.441340165314176858e+00,2.298159829253517028e+00,-1.311936519323428252e+00
-1.049113544831372424e+00,-3.497922689600302948e-01,-1.464936359181943759e+00,2.482392176441398313e+00,2.295057895503072487e+00,-1.334481888786770654e+00
-1.066988981160281735e+00,-3.552048067897899952e-01,-1.471545025687880814e+00,2.522254756643367735e+00,2.291980578461654705e+00,-1.358234583244542160e+00
-1.085041154663165308e+00,-3.606389387948044090e-01,-1.477406492146096761e+00,2.560921533774361158e+00,2.288945550298949083e+00,-1.383177492654593888e+00
-1.103261821003516108e+00,-3.660827211618959964e-01,-1.482528424456618588e+00,2.598387780218121001e+00,2.285969543458415743e+00,-1.409289488926864564e+00
-1.121642523369217104e+00,-3.715247217912041600e-01,-1.486918540311482628e+00,2.634650455619600429e+00,2.283068327262454122e+00,-1.436545437756175492e+00
-1.140174614112581031e+00,-3.769540523158047551e-01,-1.490584597866884575e+00,2.669708236982943905e+00,2.280256700437626183e+00,-1.464916243467402124e+00
-1.158849275113356336e+00,-3.823603976548025085e-01,-1.493534381787597898e+00,2.703561535553669071e+00,2.277548498995258797e+00,-1.494368928129473195e+00
-1.177657536691382623e+00,-3.877340429056909121e-01,-1.495775687017208311e+00,2.736212500001448333e+00,2.274956618515818096e+00,-1.524866745803507451e+00
-1.196590294925738762e+00,-3.930658974217698387e-01,-1.497316300627433261e+00,2.767665005551142698e+00,2.272493049513859997e+00,-1.556369332322276477e+00
-1.215638327269586538e+00,-3.983475159602050675e-01,-1.498163982095561675e+00,2.797924628875875896e+00,2.270168924216942496e+00,-1.588832890455219360e+00
-1.234792306384773664e+00,-4.035711168252202330e-01,-1.498326442351378018e+00,2.826998608766794430e+00,2.267994572790048569e+00,-1.622210409702806944e+00
-1.254042812157786457e+00,-4.087295969683206742e-01,-1.497811321924339634e+00,2.854895792826976475e+00,2.265979586790089595e+00,-1.656451919299234410e+00
-1.273380341898782575e+00,-4.138165440428322461e-01,-1.496626168508734755e+00,2.881626570696132372e+00,2.264132887455323040e+00,-1.691504772301983595e+00
-1.292795318767817392e+00,-4.188262454429115267e-01,-1.494778414249496645e+00,2.907202794589877293e+00,2.262462796332589843e+00,-1.727313957934716315e+00
-1.312278098516320712e+00,-4.237536943871472728e-01,-1.492275353034694829e+00,2.931637688221456983e+00,2.260977105728938508e+00,-1.763822438654396585e+00
-1.331818974676292955e+00,-4.285945931335610193e-01,-1.489124118062827407e+00,2.954945745451924122e+00,2.259683146547557975e+00,-1.800971507765305013e+00
-1.351408182373230016e+00,-4.333453534359268944e-01,-1.485331659934210791e+00,2.977142620272708484e+00,2.258587851230783095e+00,-1.838701162833228153e+00
-1.371035900979811650e+00,-4.380030943706317292e-01,-1.480904725496309027e+00,2.998245009947949846e+00,2.257697809780221387e+00,-1.876950489692635005e+00
-1.390692255864197646e+00,-4.425656376786029078e-01,-1.475849837653006702e+00,3.018270533319470150e+00,2.257019317145970927e+00,-1.915658051514356641e+00
-1.410367319517644491e+00,-4.470315007780578664e-01,-1.470173276327871426e+00,3.037237606393449418e+00,2.256558410659170288e+00,-1.954762277231566481e+00
-1.430051112369562061e+00,-4.513998876109534542e-01,-1.463881060751580865e+00,3.055165317376483003e+00,2.256320896606820892e+00,-1.994201843620433845e+00
-1.449733603612834099e+00,-4.556706774891264855e-01,-1.456978933224136741e+00,3.072073303305235648e+00,2.256312365494487882e+00,-2.033916045502587977e+00
-1.469404712367418764e+00,-4.598444121053935629e-01,-1.449472344483465625e+00,3.087981630318204385e+00,2.256538195989576501e+00,-2.073845148874029487e+00
-1.489054309505609242e+00,-4.639222808705978918e-01,-1.441366440793709680e+00,3.102910679454323972e+00,2.257003547964236301e+00,-2.113930722254866001e+00
-1.508672220448029844e+00,-4.679061047301160681e-01,-1.432666052849140392e+00,3.116881039639477713e+00,2.257713345443301822e+00,-2.154115942173703502e+00
-1.528248229216156773e+00,-4.717983186031075582e-01,-1.423375686573362664e+00,3.129913409250011824e+00,2.258672250592932418e+00,-2.194345869420846196e+00
-1.547772083995925252e+00,-4.756019525753038546e-01,-1.413499515878476886e+00,-3.141156799843529246e+00,2.259884630147853457e+00,-2.234567693492515161e+00
-1.567233504429210278e+00,-4.793206119619167205e-01,-1.403041377435277903e+00,-3.129938311917392024e+00,2.261354515862052050e+00,-2.274730943469183142e+00
-1.586622190807185140e+00,-4.829584563418439225e-01,-1.392004767493513206e+00,-3.119595897985361965e+00,2.263085560677124519e+00,-2.314787664390343558e+00
-1.605927835293378347e+00,-4.865201776482829255e-01,-1.380392840780801489e+00,-3.110109203636401976e+00,2.265080992336395038e+00,-2.354692558973823679e+00
-1.625140135256220031e+00,-4.900109773846285099e-01,-1.368208411500119848e+00,-3.101458101995515193e+00,2.267343566137634436e+00,-2.394403095252688018e+00
-1.644248808742383217e+00,-4.934365430185596035e-01,-1.355453956438879670e+00,-3.093622729172197161e+00,2.269875518421980765e+00,-2.433879581345123722e+00
-1.663243612074476463e+00,-4.968030235918882154e-01,-1.342131620197631880e+00,-3.086583510035430855e+00,2.272678522252872035e+00,-2.473085209117013239e+00
-1.682114359510581636e+00,-5.001170045693364985e-01,-1.328243222543465718e+00,-3.080321175145621648e+00,2.275753646558877019e+00,-2.511986068934203953e+00
-1.700850944859458647e+00,-5.033854819361438526e-01,-1.313790267892347208e+00,-3.074816769796725247e+00,2.279101319810756365e+00,-2.550551138028956277e+00
-1.719443364904464921e+00,-5.066158355424025261e-01,-1.298773956926168038e+00,-3.070051656197213319e+00,2.282721299087722588e+00,-2.588752245225220960e+00
-1.737881744451680976e+00,-5.098158016813226778e-01,-1.283195200354405818e+00,-3.066007509849284940e+00,2.286612645171112401e+00,-2.626564014887293741e+00
-1.756156362783610758e+00,-5.129934448791910739e-01,-1.267054634837349480e+00,-3.062666311176172051e+00,2.290773704094267060e+00,-2.663963792986355994e+00
-1.774257681269274523e+00,-5.161571288664894563e-01,-1.250352641098242623e+00,-3.060010333402813476e+00,2.295202095382064211e+00,-2.700931558132003030e+00
-1.792176371854655059e+00,-5.193154866922785606e-01,-1.233089364265937071e+00,-3.058022127621383479e+00,2.299894707037041464e+00,-2.737449820304858950e+00
-1.809903346134428714e+00,-5.224773899372500141e-01,-1.215264736508315124e+00,-3.056684505875991054e+00,2.304847697174320142e+00,-2.773503509865761441e+00
-1.827429784686873893e+00,-5.256519169744623410e-01,-1.196878502040510606e+00,-3.055980522985864756e+00,2.310056502075885643e+00,-2.809079859220300790e+00
-1.844747166339008038e+00,-5.288483202202872713e-01,-1.177930244621562483e+00,-3.055893457698503290e+00,2.315515850326203662e+00,-2.844168279297179414e+00
-1.861847297018590197e+00,-5.320759923110298661e-01,-1.158419417689381170e+00,-3.056406793627924223e+00,2.321219782604596826e+00,-2.878760232765925409e+00
-1.878722337843885315e+00,-5.353444311325313842e-01,-1.138345377327589780e+00,-3.057504200291827345e+00,2.327161676643574761e+00,-2.912849105683319895e+00
-1.895364832101235963e+00,-5.386632036202596563e-01,-1.117707418309737299e+00,-3.059169514418018210e+00,2.333334276814217123e+00,-2.946430079026103321e+00
-1.911767730764700746e+00,-5.420419082353871154e-01,-1.096504813527285904e+00,-3.061386721546920597e+00,2.339729727767430045e+00,-2.979500001346015559e+00
-1.927924416221370452e+00,-5.454901360075975481e-01,-1.074736857178242744e+00,-3.064139937815007819e+00,2.346339611541076842e+00,-3.012057263576312316e+00
-1.943828723880417053e+00,-5.490174300173848998e-01,-1.052402912173722394e+00,-3.067413391664594702e+00,2.353154987535416076e+00,-3.044101676829470637e+00
-1.959474961363279366e+00,-5.526332431690379465e-01,-1.029502462310094790e+00,-3.071191405089533255e+00,2.360166434760938792e+00,-3.075634353855487113e+00
-1.974857924996276770e+00,-5.563468940801726825e-01,-1.006035169854259115e+00,-3.075458373894673247e+00,2.367364095771852472e+00,-3.106657594679606227e+00
-1.989972913354836503e+00,-5.601675208846658149e-01,-9.820009392978250595e-01,-3.080198746320413683e+00,2.374737721713585881e+00,-3.137174776807303278e+00
-2.004815737639723316e+00,-5.641040327136365162e-01,-9.573999881505218523e-01,-3.085396999263471773e+00,2.382276717932545029e+00,3.115995056907502114e+00
-2.019382728699332663e+00,-5.681650585846977908e-01,-9.322329257606518649e-01,-3.091037611212991365e+00,2.389970189619856189e+00,3.086476069472656292e+00
-2.033670740547279809e+00,-5.723588933947132418e-01,-9.065008412659115722e-01,-3.097105030920020319e+00,2.397806986987101041e+00,3.057447567638080788e+00
-2.047677150260201362e+00,-5.766934406782885381e-01,-8.802054018842861982e-01,-3.103583640732137106e+00,2.405775749500283389e+00,3.028902862816587049e+00
-2.061399854175827606e+00,-5.811761517668212473e-01,-8.533489628421643269e-01,-3.110457713459184426e+00,2.413864948727773019e+00,3.000834662752574822e+00
-2.074837260345096190e+00,-5.858139609661354719e-01,-8.259346902920303712e-01,-3.117711361598300535e+00,2.422062929388116181e+00,2.973235150914795177e+00
-2.087988277223526978e+00,-5.906132163711732552e-01,-7.979666985776326937e-01,-3.125328477746880385e+00,2.430357948213796693e+00,2.946096060876573830e+00
-2.100852298615798031e+00,-5.955796059624773875e-01,-7.694502031379585327e-01,-3.133292665083993178e+00,2.438738210276806928e+00,2.919408745788559578e+00
-2.113429184913237613e+00,-6.007180786920365279e-01,-7.403916901745641876e-01,-3.141587156920778057e+00,2.447191902450836398e+00,2.893164243062263274e+00
-2.125719240687109046e+00,-6.060327603785274908e-01,-7.107991039055784332e-01,3.132990582650686306e+00,2.455707223712842335e+00,2.867353334388446306e+00
-2.137723188721924572e+00,-6.115268644094112860e-01,-6.806820517537292003e-01,3.124087734402203775e+00,2.464272412013792657e+00,2.841966601213154142e+00
-2.149442140594099104e+00,-6.172025975068762271e-01,-6.500520271196874589e-01,3.114908083610345546e+00,2.472875767474908670e+00,2.816994475786102292e+00
-2.160877563924195499e+00,-6.230610611743248040e-01,-6.189226484278629314e-01,3.105470919480537439e+00,2.481505671692715076e+00,2.792427287881365849e+00
-2.172031246458692610e+00,-6.291021499171560727e-01,-5.873099118533692264e-01,3.095796480601247680e+00,2.490150602965119919e+00,2.768255307269140264e+00
-2.182905257173095581e+00,-6.353244479395551148e-01,-5.552324535091771596e-01,3.085906100860465351e+00,2.498799147283779831e+00,2.744468781990287098e+00
-2.193501904636126820e+00,-6.417251267636605583e-01,-5.227118148744058779e-01,3.075822359243713944e+00,2.507440004977973036e+00,2.721057972453530649e+00
-2.203823692938527312e+00,-6.482998470914190792e-01,-4.897727028956593842e-01,3.065569228269220403e+00,2.516061992945542336e+00,2.698013181340415123e+00
-2.213873275572860955e+00,-6.550426692051890543e-01,-4.564432335633105131e-01,3.055172214163300204e+00,2.524654042470930726e+00,2.675324779268453135e+00
-2.223653407754357048e+00,-6.619459772258159402e-01,-4.227551449961870489e-01,3.044658480148602298e+00,2.533205192712535414e+00,2.652983226132590300e+00
-2.233166897796433847e+00,-6.690004235272477562e-01,-3.887439633947737949e-01,3.034056942556554226e+00,2.541704580044330530e+00,2.630979088024823387e+00
-2.242416558293558904e+00,-6.761949004172486122e-01,-3.544491029805980076e-01,3.023398328093132026e+00,2.550141423560970289e+00,2.609303049628400206e+00
-2.251405158009145868e+00,-6.835165466702232129e-01,-3.199138796620160097e-01,3.012715179753934880e+00,2.558505007199392889e+00,2.587945922003959343e+00
-2.260135375502433597e+00,-6.909507964507036748e-01,-2.851854181582452741e-01,3.002041798912085557e+00,2.566784659087330223e+00,2.566898645737244689e+00
-2.268609755635692782e+00,-6.984814774022648498e-01,-2.503144341873909107e-01,2.991414112305663231e+00,2.574969728889171527e+00,2.546152289506743660e+00
-2.276830670157902858e+00,-7.060909630379400559e-01,-2.153548775065726173e-01,2.980869455288098546e+00,2.583049564066429937e+00,2.525698044255961783e+00
-2.284800283538990229e+00,-7.137603819766950020e-01,-1.803634282979644510e-01,2.970446266899096965e+00,2.591013486083736161e+00,2.505527213314550306e+00
-2.292520525109765117e+00,-7.214698830780494898e-01,-1.453988484965287042e-01,2.960183697974513084e+00,2.598850767650369598e+00,2.485631198993676350e+00
-2.299993068336512625e+00,-7.291989513529256728e-01,-1.105212005832942601e-01,2.950121140275107301e+00,2.606550612072593864e+00,2.466001486365178685e+00
-2.307219317730454744e+00,-7.369267650700511707e-01,-7.579095808168564985e-02,2.940297691820466852e+00,2.614102135691096507e+00,2.446629625097134220e+00
-2.314200403483605228e+00,-7.446325802755755507e-01,-4.126804306741434919e-02,2.930751580375866805e+00,2.621494354189409126e+00,2.427507210334522103e+00
-2.320937183473860355e+00,-7.522961256063847024e-01,-7.010834832277421103e-03,2.921519572365620654e+00,2.628716173295964520e+00,2.408625863660104116e+00
-2.327430251845561404e+00,-7.598979883621072018e-01,2.692480104347247383e-02,2.912636397476158656e+00,2.635756384090764737e+00,2.389977215133444410e+00
-2.333679953002218088e+00,-7.674199726883006445e-01,6.048641356638014693e-02,2.904134219261133243e+00,2.642603662803860054e+00,2.371552887284044342e+00
-2.339686399592528776e+00,-7.748454125202908216e-01,9.362575212980248085e-02,2.896042179019740370e+00,2.649246574696711765e+00,2.353344481740914595e+00
-2.345449492958274540e+00,-7.821594254360995091e-01,1.262994013032418539e-01,2.888386034452438356e+00,2.655673581384394577e+00,2.335343568940650094e+00
-2.350968944548532225e+00,-7.893490982829224345e-01,1.584692409542833025e-01,2.881187906917449304e+00,2.661873050810348751e+00,2.317541681101232598e+00
-2.356244296970885443e+00,-7.964036007158733499e-01,1.901027217836986916e-01,2.874466142601964425e+00,2.667833269034559418e+00,2.299930308411466395e+00
-2.361274943610871979e+00,-8.033142279268633557e-01,2.211729597282239002e-01,2.868235284711575517e+00,2.673542453033448396e+00,2.282500898192017846e+00
-2.366060146060895875e+00,-8.100743782520124503e-01,2.516586641396199586e-01,2.862506146821603981e+00,2.678988763816201324e+00,2.265244856648869209e+00
-2.370599048914946216e+00,-8.166794746284670170e-01,2.815439231395806541e-01,2.857285972449938427e+00,2.684160319311780896e+00,2.248153552767337970e+00
-2.374890691769800721e+00,-8.231268408569873962e-01,3.108178746424088978e-01,2.852578662948131338e+00,2.689045206646906383e+00,2.231218323878306986e+00
-2.378934018503516601e+00,-8.294155443580162324e-01,3.394742933524071971e-01,2.848385054867818678e+00,2.693631493595201487e+00,2.214430482454922799e+00
-2.382727884067678659e+00,-8.355462167842134802e-01,3.675111231081744090e-01,2.844703228698343800e+00,2.697907239115620914e+00,2.197781323752002969e+00
-2.386271059131944483e+00,-8.415208627536591157e-01,3.949299810067324334e-01,2.841528832816120786e+00,2.701860503005581560e+00,2.181262133966660244e+00
-2.389562232966342403e+00,-8.473426653950526521e-01,4.217356555855753530e-01,2.838855409143781650e+00,2.705479354768820510e+00,2.164864198665025885e+00
-2.392600014950950094e+00,-8.530157956185122625e-01,4.479356166755276147e-01,2.836674709952195172e+00,2.708751881842408338e+00,2.148578811278199385e+00
-2.395382935077232656e+00,-8.585452302541830560e-01,4.735395499120184648e-01,2.834976998115401603e+00,2.711666197346815022e+00,2.132397281516267729e+00
-2.397909443762462178e+00,-8.639365825803313470e-01,4.985589246809841724e-01,2.833751325723113723e+00,2.714210447523780267e+00,2.116310943581256598e+00
-2.400177911247947549e+00,-8.691959473755731524e-01,5.230066006891394004e-01,2.832985788144793293e+00,2.716372819015130613e+00,2.100311164079247561e+00
-2.402186626800260516e+00,-8.743297615091076835e-01,5.468964754672257511e-01,2.832667752380865434e+00,2.718141546116921159e+00,2.084389349540966663e+00
-2.403933797886796953e+00,-8.793446802255143746e-01,5.702431729269996641e-01,2.832784059843909574e+00,2.719504918121460779e+00,2.068536953461803662e+00
-2.405417549455351800e+00,-8.842474686619196111e-01,5.930617715291595093e-01,2.833321204633059587e+00,2.720451286837869631e+00,2.052745482769304353e+00
-2.406635923412937750e+00,-8.890449077190436533e-01,6.153675695827588443e-01,2.834265488961886792e+00,2.720969074361708984e+00,2.037006503621192621e+00
-2.407586878371824390e+00,-8.937437131542811386e-01,6.371758845816258843e-01,2.835603157740977931e+00,2.721046781146967408e+00,2.021311646431914522e+00
-2.408268289710168819e+00,-8.983504666366927127e-01,6.585018831897653246e-01,2.837320514464340082e+00,2.720672994419794044e+00,2.005652610021998239e+00
-2.408677949979717514e+00,-9.028715574671563049e-01,6.793604384277031061e-01,2.839404020558457642e+00,2.719836396962836744e+00,1.990021164783141172e+00
-2.408813569682949129e+00,-9.073131336940920555e-01,6.997660107124612505e-01,2.841840380269241351e+00,2.718525776291731866e+00,1.974409154753380857e+00
-2.408672778435701378e+00,-9.116810614240299371e-01,7.197325496077647822e-01,2.844616613020406248e+00,2.716730034240838254e+00,1.958808498501166229e+00
-2.408253126527979848e+00,-9.159808912199520758e-01,7.392734134046055061e-01,2.847720115003363528e+00,2.714438196973315787e+00,1.943211188724535576e+00
-2.407552086894499066e+00,-9.202178305864538999e-01,7.584013039436637849e-01,2.851138711572458462e+00,2.711639425430748318e+00,1.927609290481677951e+00
-2.406567057507019047e+00,-9.243967216506004947e-01,7.771282143881627080e-01,2.854860701833357162e+00,2.708323026239285003e+00,1.911994937981526643e+00
-2.405295364202182817e+00,-9.285220232550734920e-01,7.954653879438094988e-01,2.858874896634981067e+00,2.704478463092409246e+00,1.896360329877244899e+00
-2.403734263960998874e+00,-9.325977967820908709e-01,8.134232857924680316e-01,2.863170651011638146e+00,2.700095368634601201e+00,1.880697723021029333e+00
-2.401880948659044446e+00,-9.366276951205457779e-01,8.310115627530770821e-01,2.867737891974455611e+00,2.695163556875110888e+00,1.864999424655058968e+00
-2.399732549309666396e+00,-9.406149542738342362e-01,8.482390494048975826e-01,2.872567142420735298e+00,2.689673036166518205e+00,1.849257783030134883e+00
-2.397286140825768630e+00,-9.445623871816928308e-01,8.651137396041841399e-01,2.877649541816158507e+00,2.683614022788573195e+00,1.833465176460095103e+00
-2.394538747329075790e+00,-9.484723793962979155e-01,8.816427824967940641e-01,2.882976864206877377e+00,2.676976955183745233e+00,1.817614000835951815e+00
-2.391487348038922267e+00,-9.523468863114424865e-01,8.978324782777892255e-01,2.888541534035067304e+00,2.669752508896860999e+00,1.801696655638416189e+00
-2.388128883775593625e+00,-9.561874316945203622e-01,9.136882770768163242e-01,2.894336640160860341e+00,2.661931612276973613e+00,1.785705528500610706e+00
-2.384460264115930705e+00,-9.599951073151028469e-01,9.292147804572127301e-01,2.900355948434105269e+00,2.653505463005070286e+00,1.769632978383887112e+00
-2.380478375241269262e+00,-9.637705735018765596e-01,9.444157451095821498e-01,2.906593913109465799e+00,2.644465545516268890e+00,1.753471317438379362e+00
-2.376180088519740163e+00,-9.675140604923930798e-01,9.592940883991294410e-01,2.913045687356431657e+00,2.634803649389615199e+00,1.737212791625861286e+00
-2.371562269866458017e+00,-9.712253704681590438e-01,9.738518954922705806e-01,2.919707133080446937e+00,2.624511888782381508e+00,1.720849560185305327e+00
-2.366621789926108388e+00,-9.749038801917160324e-01,9.880904278437034893e-01,2.926574830241248204e+00,2.613582722988739171e+00,1.704373674020960738e+00
-2.361355535122847904e+00,-9.785485441830829023e-01,1.002010132871774317e+00,2.933646085828462535e+00,2.602008978204723544e+00,1.687777053088527879e+00
-2.355760419622178414e+00,-9.821578983907518490e-01,1.015610654688982262e+00,2.940918942631491895e+00,2.589783870582389902e+00,1.671051462846920854e+00
-2.349833398248489580e+00,-9.857300643277726593e-01,1.028890845786983865e+00,2.948392187919768759e+00,2.576901030655865732e+00,1.654188489831027065e+00
-2.343571480400193252e+00,-9.892627536566772628e-01,1.041848779602510877e+00,2.956065362129767227e+00,2.563354529220489120e+00,1.637179516384781319e+00
-2.336971745001725331e+00,-9.927532732183895758e-01,1.054481763913041492e+00,2.963938767635990068e+00,2.549138904743280420e+00,1.620015694573802456e+00
-2.330031356528069253e+00,-9.961985305100869992e-01,1.066786355029596622e+00,2.972013477663884018e+00,2.534249192378465576e+00,1.602687919272998807e+00
-2.322747582132783428e+00,-9.995950396254048576e-01,1.078758372769250018e+00,2.980291345382748425e+00,2.518680954655553084e+00,1.585186800397251794e+00
-2.315117809904696067e+00,-1.002938927677578418e+00,1.090392916202353346e+00,2.988775013195753338e+00,2.502430313899390413e+00,1.567502634213040480e+00
-2.307139568271354246e+00,-1.006225941732193929e+00,1.101684380179474010e+00,2.997467922221824566e+00,2.485493986431602575e+00,1.549625373636369430e+00
-2.298810546558925250e+00,-1.009451456281262205e+00,1.112626472650950271e+00,3.006374321940141758e+00,2.467869318590668382e+00,1.531544597388517115e+00
-2.290128616708412057e+00,-1.012610481294377918e+00,1.123212232798035393e+00,3.015499279942146504e+00,2.449554324593522292e+00,1.513249477847083524e+00
-2.281091856136712615e+00,-1.015697670885817194e+00,1.133434049999024085e+00,3.024848691708206250e+00,2.430547726244834283e+00,1.494728747396985025e+00
-2.271698571718139714e+00,-1.018707332638544294e+00,1.143283683656670435e+00,3.034429290296443593e+00,2.410848994480907947e+00,1.475970663056078713e+00
-2.261947324847449980e+00,-1.021633437627246455e+00,1.152752283914710629e+00,3.044248655799778547e+00,2.390458392713320279e+00,1.456962969124927731e+00
-2.251836957529204764e+00,-1.024469631182650664e+00,1.161830413291458974e+00,3.054315224394164030e+00,2.369377021912895120e+00,1.437692857592028917e+00
-2.241366619420339656e+00,-1.027209244438455515e+00,1.170508069257274020e+00,3.064638296766521552e+00,2.347606867347256543e+00,1.418146926017013643e+00
-2.230535795733210591e+00,-1.029845306700195584e+00,1.178774707780200881e+00,3.075228045675336030e+00,2.325150846854927345e+00,1.398311132617565233e+00
-2.219344335885149899e+00,-1.032370558672177641e+00,1.186619267860257843e+00,3.086095522360600363e+00,2.302012860505635139e+00,1.378170748303843895e+00
-2.207792482757792385e+00,-1.034777466574238858e+00,1.194030197067616372e+00,3.097252661483195890e+00,2.278197841460048778e+00,1.357710305440037901e+00
-2.195880902405293877e+00,-1.037058237174429909e+00,1.200995478093278557e+00,3.108712284237297396e+00,2.253711807802484479e+00,1.336913543169259144e+00
-2.183610714025247646e+00,-1.039204833756763424e+00,1.207502656312728684e+00,3.120488099243432512e+00,2.228561915077066580e+00,1.315763349218425304e+00
-2.170983519979879706e+00,-1.041208993034868691e+00,1.213538868353368105e+00,3.132594700794876452e+00,2.202756509211264646e+00,1.294241698206985092e+00
-2.158001435628302822e+00,-1.043062243012729651e+00,1.219090871645290397e+00,-3.138137743183002204e+00,2.176305179460484851e+00,1.272329586620255526e+00
-2.144667118703633690e+00,-1.044755921782659414e+00,1.224145074922064147e+00,-3.125322270875202868e+00,2.149218810953265280e+00,1.250006964777432561e+00
-2.130983797942072044e+00,-1.046281197238288607e+00,1.228687569623649223e+00,-3.112126982236382844e+00,2.121509636358370976e+00,1.227252666328470410e+00
-2.116955300645143812e+00,-1.047629087666682279e+00,1.232704162137352455e+00,-3.098533827522199857e+00,2.093191286132412898e+00,1.204044336055119180e+00
-2.102586078831798044e+00,-1.048790483168793308e+00,1.236180406794864073e+00,-3.084523936955211543e+00,2.064278836739181777e+00,1.180358357031116023e+00
-2.087881233614520937e+00,-1.049756167841434662e+00,1.239101639523939369e+00,-3.070077649033211120e+00,2.034788856159330361e+00,1.156169778515947932e+00
-2.072846537413789658e+00,-1.050516842636923576e+00,1.241453012032283310e+00,-3.055174545255321394e+00,2.004739445930951103e+00,1.131452246316025256e+00
-2.057488453608674384e+00,-1.051063148798686786e+00,1.243219526378791961e+00,-3.039793491863727493e+00,1.974150278877597753e+00,1.106177937745811857e+00
-2.041814153208927785e+00,-1.051385691752616092e+00,1.244386069763645297e+00,-3.023912689190585645e+00,1.943042631590080838e+00,1.080317503757291187e+00
-2.025831528126162517e+00,-1.051475065315059298e+00,1.244937449344080793e+00,-3.007509729177749058e+00,1.911439410631794900e+00,1.053840021275097572e+00
-2.009549200619383136e+00,-1.051321876059298610e+00,1.244858426857242240e+00,-2.990561661597666010e+00,1.879365171334538731e+00,1.026712959270148717e+00
-1.992976528493863642e+00,-1.050916767663515161e+00,1.244133752805674176e+00,-2.973045069442368682e+00,1.846846127943412519e+00,9.989021626167988721e-01
-1.976123605642817083e+00,-1.050250445044936143e+00,1.242748199935185927e+00,-2.954936153858100489e+00,1.813910153756759014e+00,9.703718582932120418e-01
-1.959001257539084051e+00,-1.049313698067507961e+00,1.240686595709477258e+00,-2.936210828879121326e+00,1.780586769792648072e+00,9.410846889821944394e-01
-1.941621031309841872e+00,-1.048097424594515603e+00,1.237933853461660627e+00,-2.916844826048007988e+00,1.746907120400901015e+00,9.110017795837863641e-01
-1.923995180061766064e+00,-1.046592652643617782e+00,1.234475001880358747e+00,-2.896813808793190947e+00,1.712903934134835104e+00,8.800828425271812749e-01
-1.906136641167878842e+00,-1.044790561390399386e+00,1.230295212468238919e+00,-2.876093496159405127e+00,1.678611468107917171e+00,8.482863280245683812e-01
-1.888059008281321116e+00,-1.042682500758476349e+00,1.225379824594675204e+00,-2.854659795145765511e+00,1.644065433998462611e+00,8.155696254899348352e-01
-1.869776496906390806e+00,-1.040260009330229218e+00,1.219714367752897211e+00,-2.832488940493821605e+00,1.609302903844995747e+00,7.818893221883538303e-01
-1.851303903434428966e+00,-1.037514830313289060e+00,1.213284580626912357e+00,-2.809557640282140500e+00,1.574362193814342836e+00,7.472015247134737859e-01
-1.832656557642585060e+00,-1.034438925304971280e+00,1.206076426576337512e+00,-2.785843225128015188e+00,1.539282724246317624e+00,7.114622480340341282e-01
-1.813850268758189666e+00,-1.031024485611011565e+00,1.198076105159965543e+00,-2.761323798181711808e+00,1.504104854508883315e+00,6.746278755238236391e-01
-1.794901265311240168e+00,-1.027263940897320760e+00,1.189270059343625174e+00,-2.735978382445216184e+00,1.468869691564273605e+00,6.366556915187636667e-01
-1.775826129132663356e+00,-1.023149964985126337e+00,1.179644978077103001e+00,-2.709787061289111953e+00,1.433618871678464801e+00,5.975044854708968511e-01
-1.756641724005992389e+00,-1.018675478641763332e+00,1.169187793981210532e+00,-2.682731107425554207e+00,1.398394315429572599e+00,5.571352236623132725e-01
-1.737365119642912958e+00,-1.013833649272255277e+00,1.157885675962214034e+00,-2.654793095084731824e+00,1.363237957103909714e+00,5.155117807175305655e-01
-1.718013511824903139e+00,-1.008617887481045639e+00,1.145726016669462499e+00,-2.625956989812731734e+00,1.328191450717396638e+00,4.726017188869676700e-01
-1.698604139727547757e+00,-1.003021840548666610e+00,1.132696414835578480e+00,-2.596208210246162551e+00,1.293295856251206910e+00,4.283770984199743448e-01
-1.679154201611845476e+00,-9.970393829540460384e-01,1.118784652689025716e+00,-2.565533656511689742e+00,1.258591311204490193e+00,3.828152975437877914e-01
-1.659680770215784751e+00,-9.906646041681660408e-01,1.103978668807618524e+00,-2.533921700627443041e+00,1.224116694172997288e+00,3.358998159447716958e-01
-1.640200709294923787e+00,-9.838917940469703582e-01,1.088266526989325911e+00,-2.501362135507251949e+00,1.189909288755753192e+00,2.876210316194659500e-01
-1.620730592826405081e+00,-9.767154262584402113e-01,1.071636381953596340e+00,-2.467846080910446549e+00,1.156004457535757979e+00,2.379768779873183693e-01
-1.601286628390633071e+00,-9.691301402883425453e-01,1.054076442952118997e+00,-2.433365846911020203e+00,1.122435337013935275e+00,1.869734067059603821e-01
-1.581884586165091866e+00,-9.611307226795331449e-01,1.035574936662365220e+00,-2.397914758090016640e+00,1.089232565027400623e+00,1.346252021262987764e-01
-1.562539734797014468e+00,-9.527120882703595806e-01,1.016120071061395569e+00,-2.361486944528993437e+00,1.056424052194089747e+00,8.095561607579590535e-02
-1.543266785165153365e+00,-9.438692623100377599e-01,9.957000023344080297e-01,-2.324077108587550455e+00,1.024034808172717748e+00,2.599679679096014717e-02
-1.524079842704884280e+00,-9.345973644468197339e-01,9.743028072688522112e-01,-2.285680279132980885e+00,9.920868319485159903e-01,-3.021050676924656037e-02
-1.504992368574942452e+00,-9.248915957151899736e-01,9.519164640316803983e-01,-2.246291567095390462e+00,9.605990729719654508e-01,-8.761737466442343081e-02
-1.486017149517425251e+00,-9.147472298010869141e-01,9.285288447407817891e-01,-2.205905937715803677e+00,9.295874669031891635e-01,-1.461673785405234460e-01
-1.467166275841228718e+00,-9.041596100516645640e-01,9.041277238437031016e-01,-2.164518015472476797e+00,8.990650461511889846e-01,-2.057974645764097665e-01
-1.448451126581137505e+00,-8.931241539324850098e-01,8.787008070338906407e-01,-2.122121937342656306e+00,8.690421216172642405e-01,-2.664390334463894727e-01
-1.429882360585837286e+00,-8.816363669346405363e-01,8.522357862960796560e-01,-2.078711268826762826e+00,8.395265283664543610e-01,-3.280191841709139688e-01
-1.411469912095800305e+00,-8.696918683099384983e-01,8.247204277063433508e-01,-2.034278995183034233e+00,8.105239246687904187e-01,-3.904620808298073231e-01
-1.393222989302027592e+00,-8.572864314726941215e-01,7.961426998404560473e-01,-1.988817597835471185e+00,7.820381312409470098e-01,-4.536903955868278326e-01
-1.375150074430803615e+00,-8.444160424535793741e-01,7.664909520738421023e-01,-1.942319223220438928e+00,7.540714957715103361e-01,-5.176267785663754006e-01
-1.357258924065734229e+00,-8.310769804148806505e-01,7.357541536687437489e-01,-1.894775948725931025e+00,7.266252670282913328e-01,-5.821953048159705935e-01
-1.339556568672314318e+00,-8.172659249112833590e-01,7.039222062787456879e-01,-1.846180148105582175e+00,6.996999630244038482e-01,-6.473228506425129369e-01
-1.322049310599515470e+00,-8.029800952554895233e-01,6.709863442333260375e-01,-1.796524956978811982e+00,6.732957187739143645e-01,-7.129403556336023629e-01
-1.304742720160434244e+00,-7.882174279387728077e-01,6.369396384792125332e-01,-1.745804837789988850e+00,6.474126009440144269e-01,-7.789839322027449775e-01
-1.287641629702595436e+00,-7.729767984307859274e-01,6.017776210062030229e-01,-1.694016242762184987e+00,6.220508790154143375e-01,-8.453957910688185695e-01
-1.270750125834075206e+00,-7.572582936460074965e-01,5.654990464579431331e-01,-1.641158372628608753e+00,5.972112451897995111e-01,-9.121249582976352910e-01
-1.254071540146579622e+00,-7.410635406444354700e-01,5.281068056973733382e-01,-1.587234027741317943e+00,5.728949780369779754e-01,-9.791277670921841869e-01
-1.237608438852579429e+00,-7.243960953734028818e-01,4.896090014000222257e-01,-1.532250545827624322e+00,5.491040475866622028e-01,-1.046368115210956518e+00
-1.221362611724450042e+00,-7.072618920171753754e-01,4.500201871022670441e-01,-1.476220816305201966e+00,5.258411621107392797e-01,-1.113817486591094807e+00
-1.205335060599244335e+00,-6.896697483187672617e-01,4.093627572278286664e-01,-1.419164353705377746e+00,5.031097591236953770e-01,-1.181454743366860516e+00
-1.189525987523935679e+00,-6.716319146356434233e-01,3.676684552569525199e-01,-1.361108401501477827e+00,4.809139451041299362e-01,-1.249265701912887438e+00
-1.173934782419008283e+00,-6.531646442550994580e-01,3.249799397388859479e-01,-1.302089021986369222e+00,4.592583900936771379e-01,-1.317242513667500781e+00
-1.158560010017887221e+00,-6.342887498495720644e-01,2.813523138502602716e-01,-1.242152108106273856e+00,4.381481846635420507e-01,-1.385382878083168290e+00
-1.143399395905819960e+00,-6.150300968977614469e-01,2.368544863306416837e-01,-1.181354231038798552e+00,4.175886677533821034e-01,-1.453689120789023681e+00
-1.128449811854133733e+00,-5.954199715293866380e-01,1.915701954925758954e-01,-1.119763216431918007e+00,3.975852345580051517e-01,-1.522167174528245903e+00
-1.113707261420323613e+00,-5.754952509084494405e-01,1.455985025801836419e-01,-1.057458328389724089e+00,3.781431338986660506e-01,-1.590825503211709346e+00
-1.099166867980632789e+00,-5.552983032730066659e-01,9.905355768131790528e-02,-9.945299409603746144e-01,3.592672642621200785e-01,-1.659674010134076561e+00
-1.084822868860327860e+00,-5.348765564867291600e-01,5.206347254289359766e-02,-9.310785995451620334e-01,3.409619768094725445e-01,-1.728722969849785684e+00
-1.070668620724990472e+00,-5.142817012571797575e-01,4.768207692114438678e-03,-8.672134239764455188e-01,3.232308920973623323e-01,-1.797982019544537513e+00
-1.056696622421687159e+00,-4.935685373249662500e-01,-4.268350558952427320e-02,-8.030498794322965539e-01,3.060767351148770410e-01,-1.867459240479035554e+00
-1.042898561477964448e+00,-4.727935222177506724e-01,-9.013804993245753960e-02,-7.387070306048709734e-01,2.895011908319478078e-01,-1.937160354039045629e+00
-1.029265389081531090e+00,-4.520131320986428558e-01,-1.374413201011279451e-01,-6.743044801742594796e-01,2.735047802817772156e-01,-2.007088050976709948e+00
-1.015787425532133748e+00,-4.312821801105932162e-01,-1.844432447141329257e-01,-6.099592526434560735e-01,2.580867558176143106e-01,-2.077241467196491609e+00
-1.002454494315778266e+00,-4.106522489052110703e-01,-2.310020104288364740e-01,-5.457829010762471622e-01,2.432450139788529253e-01,-2.147615815047025034e+00
-9.892560789392197407e-01,-3.901703767391291322e-01,-2.769876134713408766e-01,-4.818790809203757353e-01,2.289760253840155690e-01,-2.218202175124296183e+00
-9.761814934462529347e-01,-3.698780950560645042e-01,-3.222844743753306984e-01,-4.183417602540983049e-01,2.152747828149918219e-01,-2.288987449392877682e+00
-9.632200558586053729e-01,-3.498108610448182332e-01,-3.667929977880918235e-01,-3.552541393693836591e-01,2.021347704509307841e-01,-2.359954471436786605e+00
-9.503612539086649935e-01,-3.299978748199901557e-01,-4.104301037881410430e-01,-2.926882582441745484e-01,1.895479583215033126e-01,-2.431082263765226958e+00
-9.375948941132948855e-01,-3.104622287084137788e-01,-4.531288704811088919e-01,-2.307051972260595607e-01,1.775048260099818254e-01,-2.502346425777180361e+00
-9.249112278886352234e-01,-2.912213113315901269e-01,-4.948374943638470524e-01,-1.693557336598253138e-01,1.659944183801941309e-01,-2.573719630068163955e+00
-9.123010513469212990e-01,-2.722873817743226565e-01,-5.355177949818750172e-01,-1.086813049090656763e-01,1.550044339263148274e-01,-2.645172200143948160e+00
-8.997557780936275007e-01,-2.536682352161873100e-01,-5.751434742275045586e-01,-4.871513921907422162e-02,1.445213437559716985e-01,-2.716672739964605565e+00
-8.872674864291579810e-01,-2.353678955351822533e-01,-6.136983028386949757e-01,1.051655938891678937e-02,1.345305367415188524e-01,-2.788188785364660749e+00
-8.748289437500041954e-01,-2.173872875291235074e-01,-6.511743607994413541e-01,6.899345623305550013e-02,1.250164844196514635e-01,-2.859687449169197482e+00
-8.624336116949160580e-01,-1.997248579069991758e-01,-6.875704141622562826e-01,1.267000165523503308e-01,1.159629180126843240e-01,-2.931136035337332135e+00
-8.500756358281139624e-01,-1.823771280449170140e-01,-7.228904737700589944e-01,1.836245530423440409e-01,1.073530095350337943e-01,-3.002502602137561372e+00
-8.377498235484860389e-01,-1.653391719463828680e-01,-7.571425534123977785e-01,2.397584036806912622e-01,9.916954925058255044e-02,-3.073756459589377155e+00
-8.254516135976783797e-01,-1.486050200050215986e-01,-7.903376258098584461e-01,2.950952406179741527e-01,9.139511259728284875e-02,3.138316715523567169e+00
-8.131770401151134919e-01,-1.321679935773555081e-01,-8.224887630363003632e-01,3.496305030095110400e-01,8.401221090391410018e-02,3.067373308647938668e+00
-8.009226937252131862e-01,-1.160209777043920559e-01,-8.536104417626149132e-01,4.033609422865222505e-01,7.700342160976496320e-02,2.996623348618276061e+00
-7.886856816852587659e-01,-1.001566402066354222e-01,-8.837179913411439269e-01,4.562842664462593012e-01,7.035149511269235545e-02,2.926089094454352946e+00
-7.764635886956059441e-01,-8.456760533747188779e-02,-9.128271628548201289e-01,5.083988696140500085e-01,6.403943670722470061e-02,2.855790229999482843e+00
-7.642544395887989062e-01,-6.924658960351863513e-02,-9.409537987890648214e-01,5.597036337505792991e-01,5.805056326567005487e-02,2.785743816052194788e+00
-7.520566647741737665e-01,-5.418650651782293270e-02,-9.681135852249020957e-01,6.101977904973598932e-01,5.236853532990919102e-02,2.715964298810668698e+00
-7.398690690192381014e-01,-3.938054611842878305e-02,-9.943218709297300117e-01,6.598808324803445702e-01,4.697736611413315388e-02,2.646463565747403823e+00
-7.276908038958181946e-01,-2.482223416681046679e-02,-1.019593540155356859e+00,7.087524647478365969e-01,4.186140958051446509e-02,2.577251039954367329e+00
-7.155213440042936801e-01,-1.050547509592457754e-02,-1.043942928187605146e+00,7.568125883043145263e-01,3.700533026047051616e-02,2.508333804253689792e+00
-7.033604669098146855e-01,3.575417967308657657e-03,-1.067383770658239639e+00,8.040613088676205056e-01,3.239405787532602388e-02,2.439716746859792895e+00
-6.912082365772619363e-01,1.742570341819324464e-02,-1.089929179310019869e+00,8.504989650059903150e-01,2.801273008025230785e-02,2.371402721029439054e+00
-6.790649899745124785e-01,3.105019947692445881e-02,-1.111591638310646779e+00,8.961261707049906766e-01,2.384662682679258155e-02,2.303392711889646449e+00
-6.669313264245831929e-01,4.445327886657676753e-02,-1.132383016367729311e+00,9.409438681838153684e-01,1.988109991738897658e-02,2.235686004449486841e+00
-6.548080992252364174e-01,5.763886851447110049e-02,-1.152314590837314690e+00,9.849533874412691459e-01,1.610150130878723607e-02,2.168280347653285478e+00
-6.426964090187534673e-01,7.061045321463298163e-02,-1.171397080776596766e+00,1.028156509580857136e+00,1.249311360387143910e-02,2.101172110201443566e+00
-6.305975983839717802e-01,8.337108242071243625e-02,-1.189640686498803168e+00,1.070555531457499931e+00,9.041085945265005946e-03,2.034356424738093416e+00
-6.185132471361843853e-01,9.592337952277560365e-02,-1.207055133673263114e+00,1.112153329619200992e+00,5.730378182315221461e-03,1.967827317871379211e+00
-6.064451678563400616e-01,1.082695531067839473e-01,-1.223649720400667107e+00,1.152953421896616870e+00,2.545715724355708705e-03,1.901577824341609491e+00
-5.943954012265058040e-01,1.204114098099441921e-01,-1.239433366003030779e+00,1.192960025330197071e+00,-5.284430757844247109e-04,1.835600084473038018e+00
-5.823662108199978427e-01,1.323503684747287246e-01,-1.254414660516588897e+00,1.232178109424065804e+00,-3.507925825883149475e-03,1.769885424823207654e+00
-5.703600770771926065e-01,1.440874753743370540e-01,-1.268601914077164272e+00,1.270613443981459811e+00,-6.408850830125862805e-03,1.704424422665323569e+00
-5.583796902861111189e-01,1.556234203367655722e-01,-1.282003205551873526e+00,1.308272641009915693e+00,-9.247617952734814295e-03,1.639206955589609604e+00
-5.464279424743097024e-01,1.669585536366531842e-01,-1.294626429906250875e+00,1.345163190385952001e+00,-1.204088663772457518e-02,1.574222238075849489e+00
-5.345079181992867801e-01,1.780929035561094054e-01,-1.306479343907784196e+00,1.381293489138606612e+00,-1.480554277705964893e-02,1.509458847360450218e+00
-5.226228842930805696e-01,1.890261945396383703e-01,-1.317569609859656987e+00,1.416672864348845318e+00,-1.755865666976632114e-02,1.444904741289696259e+00
-5.107762786687136680e-01,1.997578658854128331e-01,-1.327904837135127858e+00,1.451311589768069066e+00,-2.031743471382399177e-02,1.380547271112344765e+00
-4.989716983290337082e-01,2.102870909265516230e-01,-1.337492621345587995e+00,1.485220896335070373e+00,-2.309916769637267858e-02,1.316373192318907925e+00
-4.872128867315824730e-01,2.206127966625125170e-01,-1.346340581025549099e+00,1.518412976819190741e+00,-2.592117858693796656e-02,1.252368676684691096e+00
-4.755037206575571385e-01,2.307336838029031834e-01,-1.354456391757020262e+00,1.550900984841323771e+00,-2.880077260024727775e-02,1.188519328624269678e+00
-4.638481967115198890e-01,2.406482471845496629e-01,-1.361847817685242656e+00,1.582699028527763563e+00,-3.175519200172636364e-02,1.124810208823827207e+00
-4.522504175452711772e-01,2.503547965181455726e-01,-1.368522740398939286e+00,1.613822159038993842e+00,-3.480157771310467274e-02,1.061225867892962027e+00
-4.407145778589097729e-01,2.598514774138622752e-01,-1.374489185162515392e+00,1.644286354190708899e+00,-3.795693927751907920e-02,9.977503924780449784e-01
-4.292449501893338959e-01,2.691362926265572497e-01,-1.379755344496499836e+00,1.674108497351683322e+00,-4.123813420449046196e-02,9.343674659138766492e-01
-4.178458704556897163e-01,2.782071234513260327e-01,-1.384329599107416264e+00,1.703306351766062710e+00,-4.466185717357595841e-02,8.710604450678735011e-01
-4.065217231961746336e-01,2.870617511897330942e-01,-1.388220536170624353e+00,1.731898530409014869e+00,-4.824463906325405366e-02,8.078124545594423944e-01
-3.952769264038435426e-01,2.956978785967313006e-01,-1.391436964970767187e+00,1.759904461446493151e+00,-5.200285531185429300e-02,7.446064990240516268e-01
-3.841159158523165806e-01,3.041131512085951116e-01,-1.393987929905408540e+00,1.787344349333423121e+00,-5.595274272384157671e-02,6.814255935434625489e-01
-3.730431287963181797e-01,3.123051784436414180e-01,-1.395882720859190851e+00,1.814239131550636097e+00,-6.011042351236827591e-02,6.182529117864745682e-01
-3.620629869368084952e-01,3.202715543605326176e-01,-1.397130880959125632e+00,1.840610430949622289e+00,-6.449193511520151523e-02,5.550719508033639116e-01
-3.511798785556172198e-01,3.280098779539061260e-01,-1.397742211727027062e+00,1.866480503645733480e+00,-6.911326412808853348e-02,4.918667107962345075e-01
-3.403981397491640526e-01,3.355177728642744217e-01,-1.397726775653036047e+00,1.891872182374903399e+00,-7.399038255647139017e-02,4.286218875506303538e-01
-3.297220347241792138e-01,3.427929063788408004e-01,-1.397094896224992722e+00,1.916808815206614280e+00,-7.913928448146601013e-02,3.653230745649602151e-01
-3.191557351594647152e-01,3.498330076023037916e-01,-1.395857155462319144e+00,1.941314199487492953e+00,-8.457602115846904467e-02,3.019569712583701215e-01
-3.087032986859439831e-01,3.566358846820476547e-01,-1.394024389020256605e+00,1.965412510877043051e+00,-9.031673250846165846e-02,2.385115929813183266e-01
-2.983686465919117015e-01,3.631994409804918944e-01,-1.391607678950882221e+00,1.989128227331895316e+00,-9.637767291846567608e-02,1.749764779059200248e-01
-2.881555409209765051e-01,3.695216900988916864e-01,-1.388618344231364210e+00,2.012486047900865049e+00,-1.027752292383841692e-01,1.113428852492812371e-01
-2.780675611960773952e-01,3.756007696716010535e-01,-1.385067929197409287e+00,2.035510806214377411e+00,-1.095259288509453782e-01,4.760397870261591502e-02
-2.681080810733431075e-01,3.814349538677062057e-01,-1.380968190050658739e+00,2.058227378593828760e+00,-1.166464357085719300e-01,-1.624501157038543697e-02
-2.582802453032294610e-01,3.870226645578970226e-01,-1.376331079642638899e+00,2.080660586775523235e+00,-1.241535322888665804e-01,-8.020665540408218608e-02
-2.485869474514876831e-01,3.923624811282265812e-01,-1.371168730774241507e+00,2.102835095346915040e+00,-1.320640855357373966e-01,-1.442812248557066579e-01
-2.390308089064343555e-01,3.974531489486155533e-01,-1.365493438287805894e+00,2.124775304137183962e+00,-1.403949950451331419e-01,-2.084666395057686583e-01
-2.296141597680786961e-01,4.022935865319922089e-01,-1.359317640267559302e+00,2.146505235996290839e+00,-1.491631220429835425e-01,-2.727584619131722121e-01
-2.203390222741972715e-01,4.068828914490012494e-01,-1.352653898701872581e+00,2.168048420641779828e+00,-1.583851981071526527e-01,-3.371499497099378351e-01
-2.112070974626228947e-01,4.112203450922032877e-01,-1.345514879995550750e+00,2.189427775553147271e+00,-1.680777131202131625e-01,-4.016321697969679194e-01
-2.022197557911302457e-01,4.153054164113055280e-01,-1.337913335749784771e+00,2.210665485247887307e+00,-1.782567826141177314e-01,-4.661941785761094525e-01
-1.933780324291014263e-01,4.191377647656913674e-01,-1.329862084248722320e+00,2.231782880674054059e+00,-1.889379954799096650e-01,-5.308232700643905622e-01
-1.846826278914484309e-01,4.227172420606609138e-01,-1.321373993101932598e+00,2.252800320887035745e+00,-2.001362439509558611e-01,-5.955052910482380168e-01
-1.761339145987485810e-01,4.260438943476256290e-01,-1.312461963488428474e+00,2.273737079620953949e+00,-2.118655387967593451e-01,-6.602250191521373823e-01
-1.677319498138065412e-01,4.291179630743762186e-01,-1.303138916427770910e+00,2.294611239787290202e+00,-2.241388137394781654e-01,-7.249665958744128114e-01
-1.594764952224975718e-01,4.319398861680966428e-01,-1.293417781465165062e+00,2.315439599297226536e+00,-2.369677241641978682e-01,-7.897140024060784746e-01
-1.513670431984194820e-01,4.345102991201484355e-01,-1.283311488099452502e+00,2.336237591866900054e+00,-2.503624461614972763e-01,-8.544515615963120814e-01
-1.434028495240485535e-01,4.368300362175656093e-01,-1.272832960205917852e+00,2.357019226581760662e+00,-2.643314827350326524e-01,-9.191644450370801689e-01
-1.355829720483045508e-01,4.389001320322790112e-01,-1.261995113611861008e+00,2.377797049926045236e+00,-2.788814845477172177e-01,-9.838391602566614047e-01
-1.279063144589031031e-01,4.407218232367954291e-01,-1.250810856875544497e+00,2.398582133692894747e+00,-2.940170927993971395e-01,-1.048463989833798626e+00
-1.203716740583125472e-01,4.422965507667070417e-01,-1.239293095203494843e+00,2.419384091660158997e+00,-3.097408116802502498e-01,-1.113029352284658824e+00
-1.129777921768020943e-01,4.436259622989950357e-01,-1.227454737323408374e+00,2.440211127143995018e+00,-3.260529173105337630e-01,-1.177528054221494092e+00
-1.057234056563804009e-01,4.447119149640216262e-01,-1.215308705016784341e+00,2.461070112543502830e+00,-3.429514091751382776e-01,-1.241955404847762123e+00
-9.860729771338039296e-02,4.455564781618616688e-01,-1.202867944913465825e+00,2.481966700799481895e+00,-3.604320088385407073e-01,-1.306309167529176918e+00
-9.162834644746888080e-02,4.461619363133778049e-01,-1.190145442065254855e+00,2.502905467358286895e+00,-3.784882092539907927e-01,-1.370589328990507783e+00
-8.478556931635920779e-02,4.465307913457862710e-01,-1.177154234752081585e+00,2.523890079816766718e+00,-3.971113763436533439e-01,-1.434797674474053153e+00
-7.807816203655690290e-02,4.466657646931541659e-01,-1.163907429934582183e+00,2.544923490989884574e+00,-4.162909028049526228e-01,-1.498937166608507621e+00
-7.150553059254893817e-02,4.465697985852273844e-01,-1.150418218752369492e+00,2.566008149752879941e+00,-4.360144123582082032e-01,-1.563011136258357414e+00
-6.506731532643886262e-02,4.462460564033098320e-01,-1.136699891477275681e+00,2.587146222727859879e+00,-4.562680109343433266e-01,-1.627022304607768977e+00
-5.876340642059005304e-02,4.456979218990706482e-01,-1.122765851363756839e+00,2.608339818774072505e+00,-4.770365796280479076e-01,-1.690971666460257428e+00
-5.259395045964086052e-02,4.449289971001738619e-01,-1.108629626892085218e+00,2.629591207368977113e+00,-4.983041026146257102e-01,-1.754857274477110485e+00
-4.655934814763829088e-02,4.439430987642293824e-01,-1.094304881971102095e+00,2.650903021407450488e+00,-5.200540216497349100e-01,-1.818672972155592316e+00
-4.066024364390268681e-02,4.427442532882684967e-01,-1.079805423753042337e+00,2.672278434780008816e+00,-5.422696072579326065e-01,-1.882407129189262118e+00
-3.489750635086602548e-02,4.413366900329722675e-01,-1.065145207809834460e+00,2.693721305401565846e+00,-5.649343353169259396e-01,-1.946041436030821137e+00
-2.927220632170997663e-02,4.397248330770970881e-01,-1.050338340524348713e+00,2.715236275226236007e+00,-5.880322565480335939e-01,-2.009549814740591689e+00
-2.378558473795519893e-02,4.379132914753171568e-01,-1.035399078656659810e+00,2.736828820254497696e+00,-6.115483455563303083e-01,-2.072897500486239331e+00
-1.843902111991876577e-02,4.359068481488799773e-01,-1.020341826149054887e+00,2.758505245629224056e+00,-6.354688156791189479e-01,-2.136040342483287446e+00
-1.323399905990691600e-02,4.337104475894372202e-01,-1.005181128328174411e+00,2.780272623581645064e+00,-6.597813861554380210e-01,-2.198924365024914174e+00
-8.172072295839423114e-03,4.313291825983509020e-01,-9.899316637420123577e-01,2.802138675113636346e+00,-6.844754891547721876e-01,-2.261485618982552293e+00
-3.254832863666902790e-03,4.287682803130444253e-01,-9.746082339276018747e-01,2.824111599705056541e+00,-7.095424060795759713e-01,-2.323650342314333539e+00
1.516117120144804030e-03,4.260330877855680320e-01,-9.592257514373347949e-01,2.846199860770054268e+00,-7.349753252866710884e-01,-2.385335435311630725e+00
6.139188781252468384e-03,4.231290573745890571e-01,-9.437992264551704480e-01,2.868411937770722009e+00,-7.607693168694581454e-01,-2.446449243183429267e+00
1.061282401849374460e-02,4.200617321901053414e-01,-9.283437523081388143e-01,2.890756058536576134e+00,-7.869212242264449486e-01,-2.506892625746843795e+00
1.493550677025625578e-02,4.168367317915862014e-01,-9.128744901259597810e-01,2.913239927164075649e+00,-8.134294765511959069e-01,-2.566560282037345875e+00
1.910576798970017864e-02,4.134597382879489080e-01,-8.974066528274065035e-01,2.935870463668639463e+00,-8.402938307953857766e-01,-2.625342287088784143e+00
2.312218473652639245e-02,4.099364829261843979e-01,-8.819554885236166042e-01,2.958653571203980537e+00,-8.675150557333545231e-01,-2.683125789405807815e+00
2.698337417956311879e-02,4.062727331900073402e-01,-8.665362633347973853e-01,2.981593945125712519e+00,-8.950945741536704414e-01,-2.739796811134592058e+00
3.068798361256485502e-02,4.024742803665457003e-01,-8.511642435271568052e-01,3.004694935545875190e+00,-9.230340816235755863e-01,-2.795242088935658842e+00
3.423467779182828852e-02,3.985469274835753972e-01,-8.358546768004644356e-01,3.027958471498149784e+00,-9.513351614936882417e-01,-2.849350892300472449e+00
3.762212499500413448e-02,3.944964774771615446e-01,-8.206227725010684093e-01,3.051385050697793311e+00,-9.799989157120144734e-01,-2.902016757659403368e+00
4.084898317361952691e-02,3.903287214234904545e-01,-8.054836805059222282e-01,3.074973794487905199e+00,-1.009025629595169393e+00,-2.953139081104307451e+00
4.391388743657680810e-02,3.860494266611774750e-01,-7.904524685229787906e-01,3.098722563294905807e+00,-1.038414486080415200e+00,-3.002624519737169706e+00
4.681543987775799165e-02,3.816643246415250545e-01,-7.755440975820102611e-01,3.122628124138234096e+00,-1.068163341387790677e+00,-3.050388161215030980e+00
4.955220247512068937e-02,3.771790983723361523e-01,-7.607733955445822316e-01,-3.136498948414956356e+00,-1.098268569780244341e+00,-3.096354432457414596e+00
5.212269347295869076e-02,3.725993693626071246e-01,-7.461550285372774427e-01,-3.112292808151797097e+00,-1.128724980598264427e+00,-3.140457731012531895e+00
5.452538734539449233e-02,3.679306840262406841e-01,-7.317034703014739794e-01,-3.087943931862732860e+00,-1.159525806351237032e+00,3.100542531756852682e+00
5.675871815635614992e-02,3.631784995577755915e-01,-7.174329695484213953e-01,-3.063457643043198786e+00,-1.190662756722958182e+00,3.060320623948914687e+00
5.882108590142917648e-02,3.583481693470293439e-01,-7.033575155025273418e-01,-3.038839184952833783e+00,-1.222126130171610647e+00,3.022096510955847748e+00
6.071086525374145421e-02,3.534449280481044564e-01,-6.894908019020358214e-01,-3.014093510510862384e+00,-1.253904972552439157e+00,2.985895025710292749e+00
6.242641604406300171e-02,3.484738764580523340e-01,-6.758461897994215706e-01,-2.989225104211655104e+00,-1.285987270930072812e+00,2.951731763974260403e+00
6.396609478095925672e-02,3.434399663894985855e-01,-6.624366695602996735e-01,-2.964237841302424847e+00,-1.318360170437265166e+00,2.919613822649278490e+00
6.532826655008817929e-02,3.383479857388475565e-01,-6.492748224976417903e-01,-2.939134886755750742e+00,-1.351010202552453299e+00,2.889540648037387083e+00
6.651131670854917854e-02,3.332025439575622694e-01,-6.363727825973301000e-01,-2.913918634127797613e+00,-1.383923514327779047e+00,2.861504954794241495e+00
6.751366189505354776e-02,3.280080581295793940e-01,-6.237421987925306777e-01,-2.888590682367327300e+00,-1.417086089694157724e+00,2.835493679172758963e+00
6.833375999473975670e-02,3.227687398448461087e-01,-6.113941982298892741e-01,-2.863151847110096071e+00,-1.450483955795483837e+00,2.811488934362099457e+00
6.897011881607958972e-02,3.174885830392031316e-01,-5.993393509425112287e-01,-2.837602201973912663e+00,-1.484103369179538889e+00,2.789468940748989212e+00
6.942130334698685956e-02,3.121713529463477355e-01,-5.875876363057052076e-01,-2.811941144827224459e+00,-1.517930978456043078e+00,2.769408909273773478e+00
6.968594155174892557e-02,3.068205762802089231e-01,-5.761484116041832859e-01,-2.786167483870046535e+00,-1.551953961623235845e+00,2.751281861309670784e+00
6.976272874662144130e-02,3.014395327373128319e-01,-5.650303829863162486e-01,-2.760279538553582324e+00,-1.586160137605862497e+00,2.735059373349155720e+00
6.965043064923438776e-02,2.960312478798884372e-01,-5.542415790244790141e-01,-2.734275250782471023e+00,-1.620538052617775948e+00,2.720712239030171453e+00
6.934788523654539238e-02,2.905984874325487910e-01,-5.437893270425588899e-01,-2.708152302405217426e+00,-1.655077042767310713e+00,2.708211044567730319e+00
6.885400357027199325e-02,2.851437529991331932e-01,-5.336802323142123550e-01,-2.681908235629688164e+00,-1.689767274887641113e+00,2.697526656444841908e+00
6.816776976041027947e-02,2.796692791822504853e-01,-5.239201601800833608e-01,-2.655540573642160229e+00,-1.724599767932635475e+00,2.688630622293113781e+00
6.728824023956804512e-02,2.741770320666109262e-01,-5.145142210803680394e-01,-2.629046939316151743e+00,-1.759566397470577970e+00,2.681495487331788219e+00
6.621454251614904141e-02,2.686687090086403717e-01,-5.054667584520651236e-01,-2.602425170441089897e+00,-1.794659885872257554e+00,2.676095029632806543e+00
6.494587356525895194e-02,2.631457396593092080e-01,-4.967813393989997106e-01,-2.575673430362694027e+00,-1.829873780761300361e+00,2.672404417947649158e+00
6.348149800440781865e-02,2.576092881346760954e-01,-4.884607480080849773e-01,-2.548790313298046950e+00,-1.865202424202804909e+00,2.670400295978698324e+00
6.182074618799401899e-02,2.520602562393824408e-01,-4.805069811578745465e-01,-2.521774943867082452e+00,-1.900640914974746076e+00,2.670060796907230749e+00
5.996301234103139366e-02,2.464992876422107126e-01,-4.729212466456518826e-01,-2.494627070571935334e+00,-1.936185066112597442e+00,2.671365491795603564e+00
5.790775283906122312e-02,2.409267728997545044e-01,-4.657039634472427414e-01,-2.467347153063007337e+00,-1.971831359752913126e+00,2.674295275245020420e+00
5.565448472776347855e-02,2.353428552241077498e-01,-4.588547639193508165e-01,-2.439936443064683047e+00,-2.007576901133028446e+00,2.678832191482888980e+00
5.320278456225426000e-02,2.297474368930620126e-01,-4.523724977571997319e-01,-2.412397058805014538e+00,-2.043419373434273378e+00,2.684959203934067951e+00
5.055228763203782616e-02,2.241401862063573669e-01,-4.462552375300926633e-01,-2.384732052714280570e+00,-2.079356994984500773e+00,2.692659911346085622e+00
4.770268762255219785e-02,2.185205448987588006e-01,-4.405002856334411798e-01,-2.356945472040308243e+00,-2.115388480159085649e+00,2.701918213726664408e+00
4.465373674764351597e-02,2.128877359297710048e-01,-4.351041825169357780e-01,-2.329042411888381459e+00,-2.151513005132861700e+00,2.712717931738563237e+00
4.140524636860059421e-02,2.072407715802650763e-01,-4.300627160737176546e-01,-2.301029060046492880e+00,-2.187730179432592514e+00,2.725042383796035583e+00
3.795708809418246732e-02,2.015784617977306181e-01,-4.253709321033891100e-01,-2.272912732820212334e+00,-2.224040024014268813e+00,2.738873925920138674e+00
3.430919533221134243e-02,1.958994227438244362e-01,-4.210231457910571518e-01,-2.244701900994489296e+00,-2.260442956335975584e+00,2.754193460423016049e+00
3.046156523693927323e-02,1.902020855098741914e-01,-4.170129541738265000e-01,-2.216406204981983485e+00,-2.296939782611149283e+00,2.770979920673843022e+00
2.641426096810535473e-02,1.844847049775190373e-01,-4.133332495936771767e-01,-2.188036458228640235e+00,-2.333531697107038116e+00,2.789209740503171719e+00
2.216741414844855887e-02,1.787453688122488116e-01,-4.099762341599135773e-01,-2.159604638045109049e+00,-2.370220288000943309e+00,2.808856318161208510e+00
1.772122737802491257e-02,1.729820065867812839e-01,-4.069334352638815377e-01,-2.131123863231627169e+00,-2.407007548928606244e+00,2.829889486074720129e+00
1.307597663810511693e-02,1.671923990385942582e-01,-4.041957222021224094e-01,-2.102608358172637359e+00,-2.443895894966234383e+00,2.852274998847578402e+00
8.232013397235973112e-03,1.613741874711852875e-01,-4.017533239705567416e-01,-2.074073403495800161e+00,-2.480888181396822656e+00,2.875974052912443124e+00
3.189766220027516301e-03,1.555248833115507878e-01,-3.995958482910670906e-01,-2.045535273907679308e+00,-2.517987723244420106e+00,2.900942851854597215e+00
-2.050258321829825925e-03,1.496418778368822922e-01,-3.977123019228780976e-01,-2.017011164412398472e+00,-2.555198313242721841e+00,2.927132231589824940e+00
-7.487475624448128135e-03,1.437224520816439699e-01,-3.960911122949045682e-01,-1.988519106754272237e+00,-2.592524235665190080e+00,2.954487359201268148e+00
-1.312122407311852069e-02,1.377637869322642927e-01,-3.947201504728722887e-01,-1.960077878553133868e+00,-2.629970273311180939e+00,2.982947518269901011e+00
-1.895076722741335234e-02,1.317629734110493389e-01,-3.935867554482270214e-01,-1.931706908164948278e+00,-2.667541704941645886e+00,3.012445991953434543e+00
-2.497529722882298533e-02,1.257170231441485098e-01,-3.926777597068601966e-01,-1.903426178738875763e+00,-2.705244290608142865e+00,3.042910052908630814e+00
-3.119393941863959213e-02,1.196228790011220899e-01,-3.919795160070568829e-01,-1.875256135195392471e+00,-2.743084242630196901e+00,3.074261066489165195e+00
-3.760575807407146032e-02,1.134774258865621499e-01,-3.914779252704682078e-01,-1.847217597867339967e+00,-2.781068180447186844e+00,3.106414710605537977e+00
-4.420976308772655433e-02,1.072775016579770035e-01,-3.911584654698286312e-01,-1.819331686291824068e+00,-2.819203068187862371e+00,3.139281312358630949e+00
-5.100491733623929713e-02,1.010199081393357429e-01,-3.910062213845900692e-01,-1.791619756102943661e+00,-2.857496134536813504e+00,-3.110419008953404063e+00
-5.799014441502554212e-02,9.470142219670490968e-02,-3.910059150919631965e-01,-1.764103351167123135e+00,-2.895954775295353389e+00,-3.076414555815616403e+00
-6.516433636483184855e-02,8.831880684149945315e-02,-3.911419370664468986e-01,-1.736804172066017449e+00,-2.934586439888869691e+00,-3.041993240544128785e+00
-7.252636098785171515e-02,8.186882232798921299e-02,-3.913983777752237936e-01,-1.709744060834423651e+00,-2.973398503914098434e+00,-3.007260615753054811e+00
-8.007506835104616361e-02,7.534823721458301649e-02,-3.917590596782693502e-01,-1.682945000591517859e+00,-3.012398130597965462e+00,-2.972324368965535424e+00
-8.780929610409803077e-02,6.875383936258354367e-02,-3.922075695683053254e-01,-1.656429127466011675e+00,-3.051592124708260467e+00,-2.937293453909278984e+00
-9.572787329881167484e-02,6.208244685093682741e-02,-3.927272912138755623e-01,-1.630218751116873976e+00,-3.090986782975758906e+00,-2.902277182389218613e+00
-1.038296224827960357e-01,5.533091879027809273e-02,-3.933014382956036004e-01,-1.604336379292796710e+00,-3.130587745426754331e+00,-2.867384294094836417e+00
-1.121133599475178377e-01,4.849616602358235856e-02,-3.939130876479198795e-01,-1.578804741341560902e+00,3.112785455015760760e+00,-2.832722021950574209e+00
-1.205778941317595804e-01,4.157516170333070554e-02,-3.945452128334395736e-01,-1.553646805436299294e+00,3.072758297118163284e+00,-2.798395170531926102e+00
-1.292220223071033625e-01,3.456495173581721619e-02,-3.951807180826276134e-01,-1.528885784559082195e+00,3.032513233616843440e+00,-2.764505224690069429e+00
-1.380445257924228786e-01,2.746266508178435428e-02,-3.958024726262512893e-01,-1.504545126966980062e+00,2.992048563892171664e+00,-2.731149504873660483e+00
-1.470441640496907287e-01,2.026552389897346568e-02,-3.963933454323128602e-01,-1.480648487918010625e+00,2.951363821671504795e+00,-2.698420384701269104e+00
-1.562196680948342575e-01,1.297085350666917630e-02,-3.969362403337341472e-01,-1.457219680775224901e+00,2.910459832419332038e+00,-2.666404585094305446e+00
-1.655697337078767817e-01,5.576092145409052361e-03,-3.974141315001480379e-01,-1.434282607128440468e+00,2.869338746224688208e+00,-2.635182557690803229e+00
-1.750930149417607995e-01,-1.921199502561120494e-03,-3.978100991697274269e-01,-1.411861167146970519e+00,2.828004045764336283e+00,-2.604827968293032203e+00
-1.847881184077722616e-01,-9.523329073927264132e-03,-3.981073655186186944e-01,-1.389979152868124457e+00,2.786460529868523661e+00,-2.575407288746443424e+00
-1.946535987594461836e-01,-1.723246361423180079e-02,-3.982893305100240200e-01,-1.368660128407146015e+00,2.744714274111078378e+00,-2.546979502929290540e+00
-2.046879557114868464e-01,-2.505062104969537143e-02,-3.983396075358814903e-01,-1.347927302037384090e+00,2.702772570636791549e+00,-2.519595929520657140e+00
-2.148896328234788933e-01,-3.297966209533314402e-02,-3.982420586444265220e-01,-1.327803395660243524e+00,2.660643850083671325e+00,-2.493300161023073169e+00
-2.252570181596290078e-01,-4.102128265242364902e-02,-3.979808291387961217e-01,-1.308310517328739264e+00,2.618337588924546377e+00,-2.468128115294433655e+00
-2.357884468157321889e-01,-4.917700674370882596e-02,-3.975403813362682892e-01,-1.289470042215145273e+00,2.575864205824863085e+00,-2.444108192764115284e+00
-2.464822051927446078e-01,-5.744818002676175400e-02,-3.969055272945721247e-01,-1.271302506771049723e+00,2.533234950690154363e+00,-2.421261529743720331e+00
-2.573365368009625787e-01,-6.583596391510523893e-02,-3.960614603397334399e-01,-1.253827519897530607e+00,2.490461789971178508e+00,-2.399602335949239773e+00
-2.683496493057355714e-01,-7.434133032347467473e-02,-3.949937852670650229e-01,-1.237063693824596688e+00,2.447557291533301704e+00,-2.379138302647922476e+00
-2.795197224780638923e-01,-8.296505703882355032e-02,-3.936885471304966133e-01,-1.221028596199701166e+00,2.404534512014211423e+00,-2.359871066800646400e+00
-2.908449166918231077e-01,-9.170772370307221644e-02,-3.921322585825520735e-01,-1.205738723706545557e+00,2.361406889129946229e+00,-2.341796716206248963e+00
-3.023233816118173767e-01,-1.005697083779980017e-01,-3.903119257750556903e-01,-1.191209496463173423e+00,2.318188140883056469e+00,-2.324906320933530335e+00
-3.139532647396924836e-01,-1.095511846477836421e-01,-3.882150728765026426e-01,-1.177455271545746252e+00,2.274892173114682947e+00,-2.309186477171531582e+00
-3.257327195231137229e-01,-1.186521192011873449e-01,-3.858297653038605945e-01,-1.164489373289510521e+00,2.231532996354437692e+00,-2.294619850930049054e+00
-3.376599127822977331e-01,-1.278722698235336963e-01,-3.831446318028223219e-01,-1.152324137545117200e+00,2.188124652480740284e+00,-2.281185710654054066e+00
-3.497330312619050807e-01,-1.372111837190607420e-01,-3.801488855402073708e-01,-1.140970966809700560e+00,2.144681151324219659e+00,-2.268860439648180627e+00
-3.619502871709959213e-01,-1.466681960767674542e-01,-3.768323443948162765e-01,-1.130440393085263118e+00,2.101216417035150830e+00,-2.257618021119273344e+00
-3.743099226256564327e-01,-1.562424287878456663e-01,-3.731854506484911793e-01,-1.120742145409272306e+00,2.057744243793621308e+00,-2.247430490531116209e+00
-3.868102129554473745e-01,-1.659327892200225529e-01,-3.691992902876369831e-01,-1.111885219216535159e+00,2.014278260264427356e+00,-2.238268351742192408e+00
-3.994494688744164579e-01,-1.757379689536010814e-01,-3.648656121273973763e-01,-1.103877944989771320e+00,1.970831902080638631e+00,-2.230100955004070240e+00
-4.122260375493236317e-01,-1.856564423855600610e-01,-3.601768469665312944e-01,-1.096728054004320718e+00,1.927418391571505518e+00,-2.222896836296397449e+00
-4.251383026219238137e-01,-1.956864651116522469e-01,-3.551261269712615576e-01,-1.090442739340748979e+00,1.884050723922537252e+00,-2.216624018645887428e+00
-4.381846832591210217e-01,-2.058260720019264300e-01,-3.497073054713724094e-01,-1.085028710704601940e+00,1.840741658958867655e+00,-2.211250277018464772e+00
-4.513636323153717433e-01,-2.160730748924341582e-01,-3.439149773319219450e-01,-1.080492241938401987e+00,1.797503717769079579e+00,-2.206743369095430118e+00
-4.646736336968833037e-01,-2.264250598250392710e-01,-3.377445000392899632e-01,-1.076839210426260518e+00,1.754349183428152159e+00,-2.203071234763838149e+00
-4.781131990179923741e-01,-2.368793837782316447e-01,-3.311920156109747215e-01,-1.074075127870373736e+00,1.711290105129122052e+00,-2.200202167490934890e+00
-4.916808636376611696e-01,-2.474331708447011779e-01,-3.242544734045413324e-01,-1.072205162159395098e+00,1.668338305088645113e+00,-2.198104960937212748e+00
-5.053751821592488147e-01,-2.580833078262162461e-01,-3.169296538622978776e-01,-1.071234150252555972e+00,1.625505387648311428e+00,-2.196749034217229557e+00
-5.191947234704328284e-01,-2.688264392331493613e-01,-3.092161931844697453e-01,-1.071166602173827531e+00,1.582802750048715623e+00,-2.196104539165175673e+00
-5.331380653930694047e-01,-2.796589616948768064e-01,-3.011136088746980688e-01,-1.072006696352103772e+00,1.540241594405191927e+00,-2.196142452824318525e+00
-5.472037890054505249e-01,-2.905770178083026400e-01,-2.926223260474900001e-01,-1.073758266661628102e+00,1.497832940461710782e+00,-2.196834658174214638e+00
-5.613904726922746002e-01,-3.015764894749352609e-01,-2.837437043277871163e-01,-1.076424781617091986e+00,1.455587638742183776e+00,-2.198154015852421317e+00
-5.756966859710100914e-01,-3.126529908022234183e-01,-2.744800651082563991e-01,-1.080009316265048369e+00,1.413516383756170613e+00,-2.200074429331111414e+00
-5.901209831374344406e-01,-3.238018606721044246e-01,-2.648347188606360314e-01,-1.084514517391951482e+00,1.371629726948868644e+00,-2.202570905683968849e+00
-6.046618967680955636e-01,-3.350181551086731102e-01,-2.548119921241898678e-01,-1.089942562742846066e+00,1.329938089113613220e+00,-2.205619613733499129e+00
-6.193179311133740761e-01,-3.462966396071511244e-01,-2.444172537181126537e-01,-1.096295115016116872e+00,1.288451772009362228e+00,-2.209197941010542898e+00
-6.340875554117250124e-01,-3.576317816173649744e-01,-2.336569396470999371e-01,-1.103573271470321915e+00,1.247180968946309365e+00,-2.213284550592468314e+00
-6.489691971535541670e-01,-3.690177434059767614e-01,-2.225385760922660161e-01,-1.111777510049428930e+00,1.206135774120413728e+00,-2.217859438519873549e+00
-6.639612353219803698e-01,-3.804483755518042187e-01,-2.110707998057025914e-01,-1.120907633002089288e+00,1.165326190492811831e+00,-2.222903992129214856e+00
-6.790619936373967214e-01,-3.919172113565632665e-01,-1.992633751593123337e-01,-1.130962709037165448e+00,1.124762136023351511e+00,-2.228401049286305113e+00
-6.942697338331753620e-01,-4.034174624779076068e-01,-1.871272070407293264e-01,-1.141941015118852709e+00,1.084453448079391924e+00,-2.234334958169267527e+00
-7.095826489909717871e-01,-4.149420161112039040e-01,-1.746743487452011856e-01,-1.153839979056754173e+00,1.044409885852057185e+00,-2.240691636935932873e+00
-7.249988569657571658e-01,-4.264834340594131912e-01,-1.619180039866221499e-01,-1.166656124084870738e+00,1.004641130622803136e+00,-2.247458632326991612e+00
-7.405163939328242018e-01,-4.380339540350416394e-01,-1.488725221479585137e-01,-1.180385016643861640e+00,9.651567837338937972e-01,-2.254625176009913190e+00
-7.561332080914340281e-01,-4.495854935327078805e-01,-1.355533859154543774e-01,-1.195021218578139255e+00,9.259663621275964207e-01,-2.262182237267320151e+00
-7.718471535623698809e-01,-4.611296565939349557e-01,-1.219771904961525211e-01,-1.210558244928628957e+00,8.870792913309613059e-01,-2.270122570484345292e+00
-7.876559845192827591e-01,-4.726577437560867123e-01,-1.081616137075093603e-01,-1.226988528439118875e+00,8.485048957762654220e-01,-2.278440755799055140e+00
-8.035573495962173851e-01,-4.841607654341419376e-01,-9.412537635311110651e-02,-1.244303391795860803e+00,8.102523863618462663e-01,-2.287133231253433152e+00
-8.195487866159465451e-01,-4.956294589270272555e-01,-7.988819246001402363e-02,-1.262493028484662716e+00,7.723308451743459146e-01,-2.296198314823100883e+00
-8.356277176855894107e-01,-5.070543091700089322e-01,-6.547070914939905062e-02,-1.281546492977142737e+00,7.347492073114915145e-01,-2.305636214812970319e+00
-8.517914447073257067e-01,-5.184255732724883936e-01,-5.089443613923072540e-02,-1.301451700750217988e+00,6.975162397645650048e-01,-2.315449027281684113e+00
-8.680371453527535586e-01,-5.297333087886163527e-01,-3.618166512931537959e-02,-1.322195438404665913e+00,6.606405173417121413e-01,-2.325640719395306810e+00
-8.843618695495176762e-01,-5.409674055694451145e-01,-2.135537958718762563e-02,-1.343763383886465768e+00,6.241303956372197259e-01,-2.336217097902437256e+00
-9.007625365282323493e-01,-5.521176209436272631e-01,-6.439155727256835708e-03,-1.366140136537472127e+00,5.879939810777992104e-01,-2.347185762257820496e+00
-9.172359324764661759e-01,-5.631736178732836828e-01,8.542944256259619659e-03,-1.389309256420515837e+00,5.522390981046870762e-01,-2.358556042286036547e+00
-9.337787088447047079e-01,-5.741250056372603217e-01,2.356648539261201741e-02,-1.413253312090238412e+00,5.168732535798929995e-01,-2.370338920655189252e+00
-9.503873813468618481e-01,-5.849613825102825126e-01,3.860677804585638251e-02,-1.437953935727399823e+00,4.819035985360726748e-01,-2.382546940805537528e+00
