0.000000000000000000e+00,0.000000000000000000e+00,0.000000000000000000e+00,0.000000000000000000e+00,0.000000000000000000e+00,0.000000000000000000e+00
-8.599250559855082830e-22,2.572373401307293580e-03,-2.873681287925141520e-03,3.013078866178489157e-04,-1.878754403298771958e-22,-9.600327385944871504e-19
-6.571461455000262303e-07,7.717120203921882041e-03,-8.621043863775424559e-03,9.037032723914166640e-04,-6.571461455000241127e-07,2.203874621265445337e-07
-4.600015469217544426e-06,1.543416052797984446e-02,-1.724181809784494646e-02,1.806114869451174408e-03,-4.600015469217540191e-06,1.542700413928315267e-06
-1.642839889578648791e-05,2.572298385939669058e-02,-2.873431711287539533e-02,3.005823898521136316e-03,-1.642839889578529190e-05,5.509354957570566593e-06
-4.271189889650397564e-05,3.858199113108868455e-02,-4.309330043657789294e-02,4.496987236652349659e-03,-4.271189889644541517e-05,1.432206883606274787e-05
-9.198527280763610836e-05,5.400753349699875111e-02,-6.030686026767594077e-02,6.268489875665987990e-03,-9.198527280649605622e-05,3.083689499506633375e-05
-1.747373836261330619e-04,7.199265953046091182e-02,-8.035236515575104599e-02,8.301152866976756889e-03,-1.747373836143754585e-04,5.855275814692402904e-05
-3.033897038793358309e-04,9.252559751427910650e-02,-1.031915406439338490e-01,1.056435364562030750e-02,-3.033897037983533012e-04,1.015894828895310477e-04
-4.922597479568535618e-04,1.155880230757802135e-01,-1.287648374816149910e-01,1.301216373789609339e-02,-4.922597475355713036e-04,1.646506619894152882e-04
-7.575048788715808617e-04,1.411531947502235040e-01,-1.569853361751831489e-01,1.557917483415595383e-02,-7.575048770913160156e-04,2.529665656829561287e-04
-1.117043017237507718e-03,1.691840786138283925e-01,-1.877325552896063343e-01,1.817626365800461760e-02,-1.117043010832895851e-03,3.722129274443448672e-04
-1.590449233535341962e-03,1.996316216656572051e-01,-2.208466527642496957e-01,2.068662766272547429e-02,-1.590449213280271338e-03,5.284031502561408519e-04
-2.198831221116371790e-03,2.324333617209312086e-01,-2.561236051776545897e-01,2.296248820624026063e-02,-2.198831163495321931e-03,7.277544379328405432e-04
-2.964692040362811726e-03,2.675125657431677295e-01,-2.933119809125601107e-01,2.482288057699454098e-02,-2.964691890384514583e-03,9.765324766865420263e-04
-3.911794546620337223e-03,3.047780558535553297e-01,-3.321118516998171621e-01,2.605290666961860083e-02,-3.911794184779858637e-03,1.280884068652111919e-03
-5.065047233397543085e-03,3.441248060650538565e-01,-3.721761918721881446e-01,2.640470265500681479e-02,-5.065046415946636640e-03,1.646671599900583144e-03
-6.450434181165727934e-03,3.854352787386284285e-01,-4.131148082802705845e-01,2.560017868671625799e-02,-6.450432437771611363e-03,2.079326179744117424e-03
-8.095010979883923707e-03,4.285813385039023427e-01,-4.545004804955600775e-01,2.333535528271349010e-02,-8.095007446358191278e-03,2.583736595973840262e-03
-1.002698337393191468e-02,4.734264647602115517e-01,-4.958766570004909391e-01,1.928590655706717907e-02,-1.002697652992674306e-02,3.164188369385893471e-03
-1.227587677575454721e-02,5.198279143265378544e-01,-5.367658383499125385e-01,1.311338089922875830e-02,-1.227586404803147381e-02,3.824361567192139256e-03
-1.487279473096172165e-02,5.676384835065766410e-01,-5.766777403550211734e-01,4.471541128501765536e-03,-1.487277191177171706e-02,4.567388931213153813e-03
-1.785075544269982759e-02,6.167075833833791654e-01,-6.151164708331333664e-01,-6.987651067532039961e-03,-1.785071585947077544e-02,5.395968982238343731e-03
-2.124508976837498689e-02,6.668814537253310304e-01,-6.515862199095029395e-01,-2.160872156008771319e-02,-2.124502312448088917e-02,6.312523516413539107e-03
-2.509388290894968426e-02,7.180024697621376628e-01,-6.855952749115348244e-01,-3.972817124873040395e-02,-2.509377369467272884e-02,7.319386005222004027e-03
-2.943844551614422170e-02,7.699076148345075365e-01,-7.166584495033558877e-01,-6.167073430192532985e-02,-2.943827086243545887e-02,8.419006676067668574e-03
-3.432380774084821395e-02,8.224262837989804176e-01,-7.442982139451908008e-01,-8.774627238378435168e-02,-3.432353455394948627e-02,9.614160694925972736e-03
-3.979924141971947354e-02,8.753776429751924937e-01,-7.680449150134427416e-01,-1.182471306257679294e-01,-3.979882258904600401e-02,1.090814689121142635e-02
-4.591883115533720860e-02,9.285678075846226509e-01,-7.874364930860344725e-01,-1.534457981863657505e-01,-4.591820056576585707e-02,1.230496499147411792e-02
-5.274213504913236039e-02,9.817871163428443237e-01,-8.020180670110307330e-01,-1.935927718321568680e-01,-5.274120104532984549e-02,1.380945882413786401e-02
-6.033500121123628462e-02,1.034807794065919051e+00,-8.113416940999377269e-01,-2.389145944116181641e-01,-6.033363804580099687e-02,1.542741123991040256e-02
-6.877063769844513064e-02,1.087382303094805547e+00,-8.149665490551549762e-01,-2.896121116828576647e-01,-6.876867433206461377e-02,1.716557365907012828e-02
-7.813107117442769090e-02,1.139242696408846456e+00,-8.124597239145475713e-01,-3.458590423880291698e-01,-7.812827656170982793e-02,1.903160945281866939e-02
-8.850917132646182739e-02,1.190101301333674089e+00,-8.033978519700445409e-01,-4.078009692044416434e-01,-8.850523498085838270e-02,2.103392601644089518e-02
-1.000114579629689526e-01,1.239653085331628324e+00,-7.873698262069473985e-01,-4.755548109891684083e-01,-1.000059640978028797e-01,2.318136539434168669e-02
-1.127619319181095009e-01,1.287580090370780583e+00,-7.639810493778673717e-01,-5.492087031030042921e-01,-1.127543247382443992e-01,2.548271720035447802e-02
-1.269071487924921249e-01,1.333558380603796722e+00,-7.328599616422225571e-01,-6.288219594123826139e-01,-1.268966854749089268e-01,2.794600920830193902e-02
-1.426226180985725456e-01,1.377268042890620769e+00,-6.936680924578914054e-01,-7.144243791309720093e-01,-1.426083045653182835e-01,3.057751868792178002e-02
-1.601202062197289167e-01,1.418406912718856994e+00,-6.461156051900178721e-01,-8.060135649101819455e-01,-1.601007089709796938e-01,3.338043023107028356e-02
-1.796552046413505133e-01,1.456708814767353477e+00,-5.899851667679699707e-01,-9.035481596426006012e-01,-1.796287300025135036e-01,3.635304682742161730e-02
-2.015293399147229936e-01,1.491966983705314442e+00,-5.251675609710479975e-01,-1.006934189616531805e+00,-2.014934713798614274e-01,3.948645894352312974e-02
-2.260807201059528149e-01,1.524062332480321302e+00,-4.517114894918272117e-01,-1.116001691357537684e+00,-2.260322090497368930e-01,4.276165146139105505e-02
-2.536410309035806998e-01,1.552992965508705359e+00,-3.698844734506076537e-01,-1.230471153496783598e+00,-2.535755562202587354e-01,4.614633496825241293e-02
-2.844227799657099154e-01,1.578893811077718201e+00,-2.802269341607578346e-01,-1.349916885479510498e+00,-2.843347504235322343e-01,4.959263283650323928e-02
-3.182868113524289222e-01,1.602024667913440448e+00,-1.835576885693942784e-01,-1.473748190888033882e+00,-3.181694097363180762e-01,5.303842972947449969e-02
-3.543923161258381027e-01,1.622709484759563781e+00,-8.088897382657311841e-02,-1.601234200492599680e+00,-3.542381443587547807e-01,5.641671654235748401e-02
-3.909617032534695169e-01,1.641274980568688591e+00,2.667550078947618364e-02,-1.731546878097082853e+00,-3.907642940727558134e-01,5.967358449074488397e-02
-4.256714346907958246e-01,1.658140603636176102e+00,1.377795314564697615e-01,-1.863691061069053800e+00,-4.254270681050578706e-01,6.278133133766929108e-02
-4.567284336100900233e-01,1.674087367449377473e+00,2.503253490875499976e-01,-1.996282519381887166e+00,-4.564367696656901896e-01,6.572733907623734551e-02
-4.835993492737571398e-01,1.690356647838136661e+00,3.613276872013911900e-01,-2.127504012743815842e+00,-4.832623187975917944e-01,6.849105114839687536e-02
-5.067174316827740554e-01,1.708348441035454357e+00,4.675709752729437230e-01,-2.255473714133539254e+00,-5.063376490833170207e-01,7.104118638341534731e-02
-5.268210026576609639e-01,1.729217245235062039e+00,5.664517056817962581e-01,-2.378696388791531557e+00,-5.264008510801047036e-01,7.335070329802810540e-02
-5.445705187682298165e-01,1.753681979148328463e+00,6.563391336205834925e-01,-2.496237506197263922e+00,-5.441119326539854972e-01,7.540742602089239854e-02
-5.604560589228841927e-01,1.782051406427118900e+00,7.364655685981053024e-01,-2.607634586922054076e+00,-5.599606200342763795e-01,7.721429830551242157e-02
-5.748205400389831965e-01,1.814334440896060441e+00,8.066478035828776871e-01,-2.712722399422581532e+00,-5.742896375561928890e-01,7.878488675356053184e-02
-5.879016884862297010e-01,1.850347163145068530e+00,8.670387653389494131e-01,-2.811486264574351690e+00,-5.873366568461020343e-01,8.013884549646450861e-02
-5.998656794877181841e-01,1.889790024519669487e+00,9.179633443661252556e-01,-2.903971562019333597e+00,-5.992678990519525462e-01,8.129874910085620188e-02
-6.108304299073480381e-01,1.932297807442321158e+00,9.598255865535368914e-01,-2.990238753449389719e+00,-6.102013943241119120e-01,8.228813280134494867e-02
-6.208814534891132775e-01,1.977471304830226817e+00,9.930616208725531191e-01,-3.070346707714216361e+00,-6.202228095015568377e-01,8.313028776463331215e-02
-6.300828638505713286e-01,2.024898080435871606e+00,1.018118151537451777e+00,-3.144351136725568097e+00,-6.293964281870224609e-01,8.384747718996367338e-02
-6.384851523431188669e-01,2.074166877024230526e+00,1.035443918205702030e+00,-3.212309903433456792e+00,-6.377729096318358604e-01,8.446039285985358636e-02
-6.461306886709484720e-01,2.124878135084681041e+00,1.045487060743416796e+00,-3.274290503296052091e+00,-6.453947742836658730e-01,8.498777299434438770e-02
-6.530575136169493033e-01,2.176651822874895448e+00,1.048694710128060814e+00,-3.330377202515196533e+00,-6.523001855400639704e-01,8.544615283145362561e-02
-6.593018066330851301e-01,2.229133121978533083e+00,1.045513048440354087e+00,-3.380676605985542427e+00,-6.585254105252102974e-01,8.584973735632231429e-02
-6.648993264060566455e-01,2.281996224060951484e+00,1.036387125884415061e+00,-3.425321190795345583e+00,-6.641062577469448724e-01,8.621038663050055451e-02
-6.698860821938276144e-01,2.334946406295336452e+00,1.021760266400262074e+00,-3.464470794597386050e+00,-6.690787488543223915e-01,8.653769876371628089e-02
-6.742984654691346336e-01,2.387720558525540326e+00,1.002073153983118692e+00,-3.498312310183902873e+00,-6.734792532357162242e-01,8.683916991584407497e-02
-6.781730406645255504e-01,2.440086371805830545e+00,9.777627932597784399e-01,-3.527057972509078709e+00,-6.773442833774176997e-01,8.712040774221316286e-02
-6.815461573295801267e-01,2.491840432164517782e+00,9.492615509121299366e-01,-3.550942670799993817e+00,-6.807101124708745399e-01,8.738537508378002583e-02
-6.844535063864927160e-01,2.542805481151491076e+00,9.169964500104931249e-01,-3.570220702958822656e+00,-6.836123362736746811e-01,8.763664383325915630e-02
-6.869297048025836405e-01,2.592827103539433686e+00,8.813888308672142013e-01,-3.585162332760850834e+00,-6.860854630441370894e-01,8.787564362638389248e-02
-6.890079596116471805e-01,2.641770086297105191e+00,8.428544231082275573e-01,-3.596050428861667037e+00,-6.881625821656583986e-01,8.810289516327515780e-02
-6.907198358457413701e-01,2.689514667921833802e+00,8.018038016928022982e-01,-3.603177371281792940e+00,-6.898751358644140685e-01,8.831822268753460048e-02
-6.920951339209587827e-01,2.735952869642112262e+00,7.586431286659998108e-01,-3.606842315610801819e+00,-6.912527995271637860e-01,8.852094392307967297e-02
-6.931618694765051547e-01,2.780985074565010429e+00,7.137750153825176413e-01,-3.607348814910269041e+00,-6.923234636657905616e-01,8.871003837810997883e-02
-6.939463411001173254e-01,2.824516999839768339e+00,6.675992803797726749e-01,-3.605002719932172806e+00,-6.931133030615177493e-01,8.888429636629112396e-02
-6.944732671737087193e-01,2.866457189833291341e+00,6.205133320064543101e-01,-3.600110215290007076e+00,-6.936469144516934637e-01,8.904245147718972686e-02
-6.947659708626843234e-01,2.906715141831911264e+00,5.729118819342761126e-01,-3.592975808974697483e+00,-6.939475019247489662e-01,8.918329871858889091e-02
-6.948465911110083271e-01,2.945200154209830057e+00,5.251857089261129374e-01,-3.583900082720411273e+00,-6.940370880304786994e-01,8.930579936017914167e-02
-6.947362969877313166e-01,2.981820953551539422e+00,4.777192560691169709e-01,-3.573177039086162576e+00,-6.939367280920963887e-01,8.940917189430711010e-02
-6.944554829866080858e-01,3.016486106262433076e+00,4.308869694764682068e-01,-3.561090952947896682e+00,-6.936667054514839004e-01,8.949296683924150286e-02
-6.940239244421954057e-01,3.049105150418744969e+00,3.850484708429775527e-01,-3.547912748308072128e+00,-6.932466869220551553e-01,8.955712177288249753e-02
-6.934608757621922859e-01,3.079590301021985610e+00,3.405428793791248632e-01,-3.533896061787462628e+00,-6.926958212320774022e-01,8.960199246095346126e-02
-6.927851000965674633e-01,3.107858501079214797e+00,2.976828173679711420e-01,-3.519273293834428884e+00,-6.920327691250518498e-01,8.962835660105161750e-02
-6.920148271210020408e-01,3.133833532854854997e+00,2.567487893983672054e-01,-3.504252049980526973e+00,-6.912756617977803275e-01,8.963738864764306258e-02
-6.911676446996891654e-01,3.157447888533115865e+00,2.179846628214430759e-01,-3.489012401752518144e+00,-6.904419934018064531e-01,8.963060712430868937e-02
-6.902603385335521757e-01,3.178644138299097754e+00,1.815948677428669000e-01,-3.473705331517780159e+00,-6.895484616412707046e-01,8.960979909252143882e-02
-6.893086996264435884e-01,3.197375621481877594e+00,1.477436945900675869e-01,-3.458452576941716927e+00,-6.886107762090242224e-01,8.957692916334239475e-02
-6.883273212827090148e-01,3.213606402120959160e+00,1.165567545029276425e-01,-3.443347895542316017e+00,-6.876434566850889718e-01,8.953404186997758474e-02
-6.873294052788675446e-01,3.227310545143287079e+00,8.812436240252172204e-02,-3.428459578588920476e+00,-6.866596394692254801e-01,8.948316603885474174e-02
-6.863265918311439728e-01,3.238470857263461511e+00,6.250637512822249109e-02,-3.413833901233175538e+00,-6.856709083269261207e-01,8.942622818957177144e-02
-6.853288216320093662e-01,3.247077283476657250e+00,3.973790489996968656e-02,-3.399499126361663848e+00,-6.846871568102300687e-01,8.936497952593323857e-02
-6.843442321475786683e-01,3.253125155521131351e+00,1.983532969843918720e-02,-3.385469682357899579e+00,-6.837164847593282246e-01,8.930093843628575390e-02
-6.833790856385516532e-01,3.256613463432784350e+00,2.802106335523184277e-03,-3.371750190454348761e+00,-6.827651263790801561e-01,8.923534815885299232e-02
-6.824377234107050771e-01,3.257543279975473549e+00,-1.136598251882049021e-02,-3.358339099210100542e+00,-6.818374044360366870e-01,8.916914768891555376e-02
-6.815225394961004213e-01,3.255916423590239361e+00,-2.267638629244420057e-02,-3.345231768166657904e+00,-6.809357038173092791e-01,8.910295316001172472e-02
-6.806339668984117131e-01,3.251734407497011592e+00,-3.113627877808115840e-02,-3.332422914142971315e+00,-6.800604576204213325e-01,8.903704670308396074e-02
-6.797704702258914322e-01,3.244997694891732731e+00,-3.675003567593349701e-02,-3.319908384749681307e+00,-6.792101396263265922e-01,8.897136998921416351e-02
-6.789285395841178072e-01,3.235705263359133443e+00,-3.951770211944032746e-02,-3.307686253935679055e+00,-6.783812580485242272e-01,8.890552011333575921e-02
-6.781026817441918597e-01,3.223854474084874688e+00,-3.943443568053028869e-02,-3.295757247002802703e+00,-6.775683465870623312e-01,8.883874604367608674e-02
-6.772854057088927293e-01,3.209441240725923628e+00,-3.649091067397223359e-02,-3.284124502456541084e+00,-6.767639499160276184e-01,8.876994446535470262e-02
-6.764672008382459634e-01,3.192460496256447566e+00,-3.067468153152823340e-02,-3.272792670537949533e+00,-6.759586017656398216e-01,8.869765445470513543e-02
-6.756365066978596845e-01,3.172906961249277291e+00,-2.197251906017586714e-02,-3.261766338347889427e+00,-6.751407947558820677e-01,8.862005103447573306e-02
-6.747796748150964863e-01,3.150776221488447160e+00,-1.037374628227123730e-02,-3.251047764020508879e+00,-6.742969421542427400e-01,8.853493829667219428e-02
-6.738809236192312424e-01,3.126066124085390641e+00,4.125397174626061272e-03,-3.240633902460470672e+00,-6.734113328149146094e-01,8.843974345734258169e-02
-6.729222890099680887e-01,3.098778496720396625e+00,2.151634961833160525e-02,-3.230512718163606412e+00,-6.724660817184280326e-01,8.833151392724168660e-02
-6.718835741706316034e-01,3.068921181366591533e+00,4.177181213288380657e-02,-3.220658812377609426e+00,-6.714410796961046701e-01,8.820692020935927413e-02
-6.707423032195345414e-01,3.036510349117385932e+00,6.483843475244652210e-02,-3.211028447758067728e+00,-6.703139468953055458e-01,8.806226807746499186e-02
-6.694736837133274943e-01,3.001573024765876507e+00,9.062883584550790461e-02,-3.201554137123284960e+00,-6.690599949586443218e-01,8.789352388311834352e-02
-6.680505823445742619e-01,2.964149699310648423e+00,1.190133467332111783e-01,-3.192139072388124443e+00,-6.676522022203610351e-01,8.769635673634815221e-02
-6.664435157638650686e-01,2.924296850810835569e+00,1.498120580613201691e-01,-3.182651795080675416e+00,-6.660612038199614782e-01,8.746620040760122450e-02
-6.646206537140683102e-01,2.882089140504282554e+00,1.827879199437928981e-01,-3.172921628780192904e+00,-6.642552939086846520e-01,8.719833582751566892e-02
-6.625478243582221261e-01,2.837621019912011100e+00,2.176417616515088638e-01,-3.162735471534716680e+00,-6.622004298460918426e-01,8.688799189578839954e-02
-6.601885023037902256e-01,2.791007497343104493e+00,2.540100848607793615e-01,-3.151836540972574152e+00,-6.598602189398710127e-01,8.653045815904925053e-02
-6.575037498382175771e-01,2.742383886321527520e+00,2.914662934369754432e-01,-3.139925541249557917e+00,-6.571958583284868149e-01,8.612119844996145301e-02
-6.544520735963120783e-01,2.691904496822610682e+00,3.295256389047878653e-01,-3.126664470231131698e+00,-6.541659903357555095e-01,8.565595090344797768e-02
-6.509891547067662154e-01,2.639740412065403330e+00,3.676536368394698884e-01,-3.111682941251916468e+00,-6.507264314564447094e-01,8.513079815241993142e-02
-6.470674117888065568e-01,2.586076674459961922e+00,4.052771661064930586e-01,-3.094586534000602462e+00,-6.468297344330730114e-01,8.454219289626642431e-02
-6.426353622063414317e-01,2.531109328914424417e+00,4.417970540272497249e-01,-3.074966412212972955e+00,-6.424245488759233735e-01,8.388692854588987446e-02
-6.376367544631513784e-01,2.475042796430654501e+00,4.766008012609640465e-01,-3.052409331884397670e+00,-6.374547533013809053e-01,8.316205138246124395e-02
-6.320094485718128485e-01,2.418087963569854892e+00,5.090742505105743110e-01,-3.026507237935304406e+00,-6.318583353697613259e-01,8.236471802534479913e-02
-6.256840165076639204e-01,2.360461198201968980e+00,5.386113919734528688e-01,-2.996865870283216715e+00,-6.255659923657241883e-01,8.149200836686017191e-02
-6.185820174576304176e-01,2.302384286746051334e+00,5.646219973251046520e-01,-2.963112089923081616e+00,-6.184994065808393504e-01,8.054070851229312711e-02
-6.106138699635749179e-01,2.244085082039974921e+00,5.865372480033760327e-01,-2.924899906054276411e+00,-6.105691176982577240e-01,7.950708058741962070e-02
-6.016761935410360751e-01,2.185798486405320151e+00,6.038138829530886875e-01,-2.881915380233742940e+00,-6.016718648329439922e-01,7.838663717861062141e-02
-5.916484240469970235e-01,2.127767280538471528e+00,6.159376114277794745e-01,-2.833880689246008000e+00,-5.916872026505493043e-01,7.717393851924077286e-02
-5.803884174631782633e-01,2.070242235960366273e+00,6.224266487604938058e-01,-2.780557667380881615e+00,-5.804731064387018691e-01,7.586243094150331434e-02
-5.677266438294149564e-01,2.013480897772969236e+00,6.228362989888343026e-01,-2.721751164508362297e+00,-5.678601680768466942e-01,7.444434559570743681e-02
-5.534584396548887231e-01,1.957744375238943402e+00,6.167655973442820461e-01,-2.657312598293884331e+00,-5.536438513379059456e-01,7.291067622822750005e-02
-5.373336528508416698e-01,1.903291415489753113e+00,6.038671976231113625e-01,-2.587144191980405683e+00,-5.375741403530240881e-01,7.125125209266670867e-02
-5.190429457977270289e-01,1.850368959882240150e+00,5.838619742756684383e-01,-2.511204602348920290e+00,-5.193418459203542614e-01,6.945491337423791156e-02
-4.982002102318139891e-01,1.799198329625478099e+00,5.565601596091662717e-01,-2.429516944188429672e+00,-4.985610209228985013e-01,6.750977515446079935e-02
-4.743214973462575035e-01,1.749956295013654684e+00,5.218909997202361151e-01,-2.342180489399630972e+00,-4.747478828613562185e-01,6.540351870060315265e-02
-4.468038517784463926e-01,1.702750954293981600e+00,4.799421011663956294e-01,-2.249387167026072554e+00,-4.472996209968173598e-01,6.312355015786949575e-02
-4.149154867455027151e-01,1.657594626666881732e+00,4.310057847825902733e-01,-2.151442362929912644e+00,-4.154845033860393166e-01,6.065667388599864374e-02
-3.778282564461537540e-01,1.614382201022934726e+00,3.756181563136908874e-01,-2.048784000490943669e+00,-3.784742000403795159e-01,5.798760287869735713e-02
-3.347641865693038454e-01,1.572897578693876142e+00,3.145490653723272967e-01,-1.941980197189161483e+00,-3.354900232869805210e-01,5.509529692133897233e-02
-2.853874500148476656e-01,1.532894158638846482e+00,2.486541649739941739e-01,-1.831661562256527542e+00,-2.861944309376791562e-01,5.194666829801538460e-02
-2.305613255333001654e-01,1.494301616654203801e+00,1.784814887487337631e-01,-1.718331458539655410e+00,-2.314474777061090172e-01,4.849143733695927827e-02
-1.731998566629160408e-01,1.457500194872197508e+00,1.037278176626813125e-01,-1.602091632766553531e+00,-1.741585961876625510e-01,4.467254734939402755e-02
-1.180592886603587799e-01,1.423313821107757615e+00,2.320994932551467826e-02,-1.482606690856388409e+00,-1.190797205914991552e-01,4.046893619697184558e-02
-6.958194253116677108e-02,1.392396909082597833e+00,-6.395997312001945601e-02,-1.359678044785454176e+00,-7.065166313835652412e-02,3.594495719162919822e-02
-2.967091320631914941e-02,1.364527094175454147e+00,-1.569289621405491886e-01,-1.233994560822642361e+00,-3.077930481269871427e-02,3.124185353657606828e-02
2.264667001491527110e-03,1.338576013902048834e+00,-2.529909230916068674e-01,-1.107211734932320502e+00,1.125036147040209267e-03,2.651912705773203094e-02
2.789241197113496301e-02,1.313006032648620813e+00,-3.486018238900422395e-01,-9.814164865063217391e-01,2.672615965485670292e-02,2.191042255323492546e-02
4.888284013024538771e-02,1.286366084038314872e+00,-4.404344204990330858e-01,-8.585518784762808941e-01,4.769268283973870232e-02,1.751023088065013084e-02
6.652368557199322963e-02,1.257565179203637307e+00,-5.259632471794675190e-01,-7.400970539054112507e-01,6.531119764756060375e-02,1.337588249299319354e-02
8.170720837801490055e-02,1.225937310754883436e+00,-6.035859518673198920e-01,-6.270105085059142214e-01,8.047330213838203850e-02,9.534821153011182465e-03
9.502747587173462906e-02,1.191184187281053575e+00,-6.724723712679321341e-01,-5.198283339770354283e-01,9.377267628179677961e-02,5.993151270076591680e-03
1.068777652638457643e-01,1.153277851268328380e+00,-7.323331122664211712e-01,-4.188039804962352952e-01,1.056023646540050209e-01,2.743217596006200607e-03
1.175214817015621249e-01,1.112370280301259839e+00,-7.832170183478843750e-01,-3.240251945495166153e-01,1.162256297340937689e-01,-2.307473403647618791e-04
1.271386616965289318e-01,1.068725183922817124e+00,-8.253695179580673447e-01,-2.354908577177906026e-01,1.258224204886950470e-01,-2.948840853635439994e-03
1.358555773533110800e-01,1.022670941741737449e+00,-8.591450989725439857e-01,-1.531536676112676409e-01,1.345189570827498293e-01,-5.433082672750678618e-03
1.437636577705921348e-01,9.745690406260546501e-01,-8.849572074117056930e-01,-7.694009867242349032e-02,1.424066406182227518e-01,-7.705895350325201940e-03
1.509317790340967136e-01,9.247928012787274277e-01,-9.032509495609932770e-01,-6.757349070684384729e-03,1.495543356205717156e-01,-9.789129468126994346e-03
1.574143635392824259e-01,8.737127998103781934e-01,-9.144886254407890158e-01,5.750616508697441176e-02,1.560164641797970042e-01,-1.170342845421308044e-02
1.632567393323220983e-01,8.216867944211729835e-01,-9.191420472365483541e-01,1.159828093218870926e-01,1.618383615189408764e-01,-1.346782048028793630e-02
1.684986451074064473e-01,7.690528892962917862e-01,-9.176882411363163072e-01,1.688280348179859724e-01,1.670597781618542443e-01,-1.509947676106461814e-02
1.731764517347874899e-01,7.161251898215421630e-01,-9.106067428993177559e-01,2.162219101610743377e-01,1.717170993261069589e-01,-1.661360051455264275e-02
1.773244929481787024e-01,6.631914652854755676e-01,-8.983776214516844272e-01,2.583694750186460443e-01,1.758446740222630311e-01,-1.802342094334550421e-02
1.809757901418733439e-01,6.105124508743207112e-01,-8.814798645486976447e-01,2.954998970038051342e-01,1.794755387065435914e-01,-1.934026998414922760e-02
1.841623838131793700e-01,5.583224652257052778e-01,-8.603900080749069534e-01,3.278646171034752532e-01,1.826417479376351016e-01,-2.057372091495906705e-02
1.869154297852472502e-01,5.068310371905863088e-01,-8.355809918187435681e-01,3.557347542317526035e-01,1.853744700971348691e-01,-2.173176941938143036e-02
1.892651745349527848e-01,4.562252483685237947e-01,-8.075212436920891079e-01,3.793980478481187024e-01,1.877039624303107335e-01,-2.282104005989405576e-02
1.912408880322196969e-01,4.066725156536130092e-01,-7.766739703272024231e-01,3.991555787365830277e-01,1.896595037542068152e-01,-2.384700415777201918e-02
1.928708035782862873e-01,3.583235623183693708e-01,-7.434965889404655526e-01,4.153184438149029045e-01,1.912693342711533906e-01,-2.481419834555382078e-02
1.941820916759547655e-01,3.113153557265694871e-01,-7.084401890434082194e-01,4.282044878316880188e-01,1.925606294817449882e-01,-2.572643605918741722e-02
1.952008782677714660e-01,2.657738226899808986e-01,-6.719488742288948213e-01,4.381351257965179768e-01,1.935595185044517441e-01,-2.658700661693620335e-02
1.959523058209567403e-01,2.218161887095489448e-01,-6.344588128564944141e-01,4.454322348544323962e-01,1.942911452611593981e-01,-2.739885812141539326e-02
1.964606277528697653e-01,1.795528251202231917e-01,-5.963968297287147724e-01,4.504150605422246878e-01,1.947797630108462075e-01,-2.816476123078266378e-02
1.967493217428109009e-01,1.390885297166876144e-01,-5.581784049063813757e-01,4.533970750044645226e-01,1.950488477720615788e-01,-2.888745103862581931e-02
1.968412049805776387e-01,1.005232130227425857e-01,-5.202050135804594522e-01,4.546827457598124900e-01,1.951212136843288592e-01,-2.956974415873990514e-02
1.967585340419820417e-01,6.395201392896937564e-02,-4.828608396654660573e-01,4.545642206640113092e-01,1.950191130015792584e-01,-3.021462797924574784e-02
1.965230737181757892e-01,2.946492234986582137e-02,-4.465090147440450297e-01,4.533180000230399020e-01,1.947643050488749028e-01,-3.082531928389641712e-02
1.961561226329700813e-01,-2.853962934291999487e-03,-4.114876536304127308e-01,4.512017368782617610e-01,1.943780819809081961e-01,-3.140529031096885026e-02
1.956784885574673338e-01,-3.292737428208621087e-02,-3.781060522375197519e-01,4.484513638160545490e-01,1.938812442543617343e-01,-3.195826193485041405e-02
1.951104123651371536e-01,-6.068582767902305775e-02,-3.466414565746701593e-01,4.452787717440863102e-01,1.932940247575018200e-01,-3.248816587859521682e-02
1.944714456555394488e-01,-8.606841035935697271e-02,-3.173367859382689171e-01,4.418702509017005675e-01,1.926359666225539724e-01,-3.299908032748247178e-02
1.937802921787295241e-01,-1.090232610927047430e-01,-2.903995970733153631e-01,4.383858452377863424e-01,1.919257648476945244e-01,-3.349514549780362171e-02
1.930546264414556290e-01,-1.295076562276611665e-01,-2.660024263367670727e-01,4.349596785486163353e-01,1.911810851029971670e-01,-3.398046712005682590e-02
1.923109038262569292e-01,-1.474876794334623042e-01,-2.442844750415361921e-01,4.317012040589087718e-01,1.904183740444342632e-01,-3.445901610437935442e-02
1.915641753168400019e-01,-1.629375141421383899e-01,-2.253544448579080650e-01,4.286972310109732898e-01,1.896526742233879959e-01,-3.493453184010412993e-02
1.908279170890934684e-01,-1.758384442404668513e-01,-2.092942141644365261e-01,4.260145106095596934e-01,1.888974538471794307e-01,-3.541043489416418472e-02
1.901138816366991779e-01,-1.861776749854375523e-01,-1.961629869208656174e-01,4.237026285441153894e-01,1.881644580582479687e-01,-3.588975274294622236e-02
1.894319735695635110e-01,-1.939470924903823057e-01,-1.860015415851424547e-01,4.217969514249598761e-01,1.874635848713186170e-01,-3.637506005339925796e-02
1.887901503436271999e-01,-1.991420707900995457e-01,-1.788362457962484608e-01,4.203214015140318560e-01,1.868027860301676168e-01,-3.686843327739351001e-02
1.881943462428814773e-01,-2.017604166983425207e-01,-1.746825649929278912e-01,4.192908765602835763e-01,1.861879911090792428e-01,-3.737141813461404560e-02
1.876484169640441901e-01,-2.018015204107818927e-01,-1.735478629355675095e-01,4.187131784948796565e-01,1.856230522141474049e-01,-3.788500797452817176e-02
1.871541020053108517e-01,-1.992657584410260085e-01,-1.754333571938917757e-01,4.185903584366685859e-01,1.851097064902619549e-01,-3.840963095766457280e-02
1.867110025147730168e-01,-1.941541772828478118e-01,-1.803351470357576480e-01,4.189194220277998038e-01,1.846475540929305159e-01,-3.894514435573052241e-02
1.863165730927015817e-01,-1.864684715649539970e-01,-1.882442741638555017e-01,4.196923681784093252e-01,1.842340501213553250e-01,-3.949083490237960403e-02
1.859661270790035070e-01,-1.762112584423524420e-01,-1.991458116304810899e-01,4.208955579881308862e-01,1.838645100445880365e-01,-4.004542490683452027e-02
1.856528559410064727e-01,-1.633866388149171622e-01,-2.130170084428283650e-01,4.225084325098727445e-01,1.835321292344357369e-01,-4.060708466240699199e-02
1.853678643708306650e-01,-1.480010237175995724e-01,-2.298245529253498953e-01,4.245016221355531472e-01,1.832280182106961475e-01,-4.117345244074022831e-02
1.851002234588995654e-01,-1.300641892117771481e-01,-2.495210621097780079e-01,4.268345202076719302e-01,1.829412559593122933e-01,-4.174166395515307298e-02
1.848370446526143018e-01,-1.095905044583538740e-01,-2.720409602783268599e-01,4.294524310064086192e-01,1.826589640243443391e-01,-4.230839348321308729e-02
1.845635769256195602e-01,-8.660025587774738964e-02,-2.972959764192417698e-01,4.322834470256853856e-01,1.823664037893158452e-01,-4.286990872666900099e-02
1.842633284567035956e-01,-6.112096780159723824e-02,-3.251705615100797808e-01,4.352352584443338057e-01,1.820470982361825085e-01,-4.342214082832396987e-02
1.839182119916435154e-01,-3.318860135855409427e-02,-3.555175897517738881e-01,4.381921409220881913e-01,1.816829773447936891e-01,-4.396076967695007609e-02
1.835087099390514120e-01,-2.848504907286532328e-03,-3.881547452453215641e-01,4.410123948233320990e-01,1.812545431754806480e-01,-4.448132272965271694e-02
1.830140514016328213e-01,2.984400189157633554e-02,-4.228619871896681648e-01,4.435265069009614591e-01,1.807410468315917285e-01,-4.497928323828918190e-02
1.824123893665244023e-01,6.482349697829770108e-02,-4.593804166566344271e-01,4.455362642038649956e-01,1.801206655264072365e-01,-4.545020133551324476e-02
1.816809630601625980e-01,1.020148096835456486e-01,-4.974127323362106390e-01,4.468149668822893328e-01,1.793706647666994392e-01,-4.588979941305871418e-02
1.807962290031276398e-01,1.413338188617779267e-01,-5.366252752258965364e-01,4.471087704331660473e-01,1.784675292006110969e-01,-4.629406213330161668e-02
1.797339453613476246e-01,1.826885769344366861e-01,-5.766514555340307435e-01,4.461390593106711600e-01,1.773870467417186514e-01,-4.665930163225861377e-02
1.784691980416885093e-01,2.259805743390739252e-01,-6.170961729954683728e-01,4.436056404662536146e-01,1.761043344326016502e-01,-4.698219006627839950e-02
1.769763631868642162e-01,2.711059178513673396e-01,-6.575407261558288141e-01,4.391904735436529261e-01,1.745938007139586079e-01,-4.725975431659024811e-02
1.752290082392181370e-01,3.179561902443551191e-01,-6.975476821677943917e-01,4.325616397244858025e-01,1.728290462721101539e-01,-4.748933078701466498e-02
1.731997412265361691e-01,3.664187876165421187e-01,-7.366652463391389905e-01,4.233772931004096685e-01,1.707827131111125385e-01,-4.766848110577534547e-02
1.708600241537327202e-01,4.163765859426376004e-01,-7.744308065028298049e-01,4.112894212862454602e-01,1.684262977154111773e-01,-4.779487161039573662e-02
1.681799705544886891e-01,4.677068570011863047e-01,-8.103734941422078286e-01,3.959473413846241741e-01,1.657299483291236886e-01,-4.786612050494824799e-02
1.651281490342081659e-01,5.202794232809965225e-01,-8.440157647064148172e-01,3.770009485946584915e-01,1.626622681474622911e-01,-4.787961663362038517e-02
1.616714139908762282e-01,5.739541033547922444e-01,-8.748741263233863474e-01,3.541037991375428073e-01,1.591901455663073950e-01,-4.783231329136377469e-02
1.577747816122898605e-01,6.285775505388760953e-01,-9.024592259918491344e-01,3.269161370966628399e-01,1.552786295470372502e-01,-4.772049990975327921e-02
1.534013634197189668e-01,6.839796299457047146e-01,-9.262755348209261719e-01,2.951079647632080527e-01,1.508908623292776752e-01,-4.753955434259822532e-02
1.485123603167129436e-01,7.399695162027655204e-01,-9.458208665959012551e-01,2.583622122675429122e-01,1.459880724227750892e-01,-4.728367927552467459e-02
1.430671061143337364e-01,7.963317302362811212e-01,-9.605859277822504927e-01,2.163779917712840284e-01,1.405296168392942691e-01,-4.694562829660563208e-02
1.370231293731456190e-01,8.528223711215817682e-01,-9.700540429777677609e-01,1.688738328143411516e-01,1.344730414200422386e-01,-4.651643050034261206e-02
1.303361747382424662e-01,9.091658381123080002e-01,-9.737011376573213584e-01,1.155906982643088166e-01,1.277741004842015138e-01,-4.598512702251125739e-02
1.229600889219062965e-01,9.650523760495454129e-01,-9.709959995621535445e-01,5.629448655758587106e-02,1.203866410431823908e-01,-4.533853819182372125e-02
1.148464323498732398e-01,1.020136810270461325e+00,-9.614007936550780231e-01,-9.222348602059268763e-03,1.122622127283922910e-01,-4.456108529388255052e-02
1.059436267887838012e-01,1.074038861442182080e+00,-9.443717931104146368e-01,-8.114046274638833656e-02,1.033492139148742134e-01,-4.363469529486584120e-02
9.619539446443142738e-02,1.126345448138318828e+00,-9.193603456716303857e-01,-1.596149293197257069e-01,9.359132972509988380e-02,-4.253881932600513116e-02
8.553818699555668092e-02,1.176615409838747128e+00,-8.858142845406612453e-01,-2.447783872691108864e-01,8.292496038296488792e-02,-4.125059595333333690e-02
7.389724074814675581e-02,1.224387154299285019e+00,-8.431804290205785479e-01,-3.367458579251296769e-01,7.127527658622290208e-02,-3.974518946710789424e-02
6.118081829218051382e-02,1.269189931644445934e+00,-7.909097001269757010e-01,-4.356203771295099614e-01,5.855046150404775995e-02,-3.799633569791235205e-02
4.727207934798192956e-02,1.310559908283932762e+00,-7.284680359644025716e-01,-5.414973854727319624e-01,4.463358252841601037e-02,-3.597714170923008853e-02
3.201782917720801674e-02,1.348063189013005259e+00,-6.553592704073952779e-01,-6.544637765573377841e-01,2.937134027680504689e-02,-3.366122554033582071e-02
1.521307467076666101e-02,1.381329728301228243e+00,-5.711711953616365189e-01,-7.745841549519747460e-01,1.255862446248367376e-02,-3.102436839895063650e-02
-3.420094006601984843e-03,1.410104929241437599e+00,-4.756638325353271801e-01,-9.018617591787116972e-01,-6.082606289177519554e-03,-2.804700486564039655e-02
-2.426085483216104330e-02,1.434329186170981041e+00,-3.689285501444948268e-01,-1.036155149288848554e+00,-2.693168027788170674e-02,-2.471809049258455807e-02
-4.782438978482091152e-02,1.454256415832073879e+00,-2.516504339976063376e-01,-1.177028638974385144e+00,-5.050395717350265878e-02,-2.104104105224070126e-02
-7.478906499293654087e-02,1.470609622499918334e+00,-1.254777324630189650e-01,-1.323530433976396248e+00,-7.747802393455592573e-02,-1.704209858882304446e-02
-1.059550859171462800e-01,1.484720016868366521e+00,6.617462255420286654e-03,-1.473962520509665808e+00,-1.086543764341553475e-01,-1.277968358885059677e-02
-1.419653356418139611e-01,1.498488507875552989e+00,1.403542808156662269e-01,-1.625854146507983877e+00,-1.446762833655423630e-01,-8.349293937389087178e-03
-1.825793570627738116e-01,1.513956603205753870e+00,2.710268477249404007e-01,-1.776427981448514881e+00,-1.853037209327516033e-01,-3.875504248060003196e-03
-2.258733934110717656e-01,1.532625294117873516e+00,3.949878100366219780e-01,-1.923427710970310400e+00,-2.286131820517582069e-01,5.101495151447737325e-04
-2.686988854067078325e-01,1.555234412756388185e+00,5.102184393432337428e-01,-2.065486238237668637e+00,-2.714559033507462638e-01,4.692388066383249186e-03
-3.084383894024954054e-01,1.582178959191551382e+00,6.155493105453682112e-01,-2.201764183883758275e+00,-3.112138670497604509e-01,8.586634863952800900e-03
-3.439734234893337961e-01,1.613796338358797433e+00,7.100500105205996837e-01,-2.331624455618425351e+00,-3.467679875372341458e-01,1.214473422747685757e-02
-3.753027448400861887e-01,1.650304124466024813e+00,7.930676237678681018e-01,-2.454607758944329365e+00,-3.781165862907192587e-01,1.535107289683062398e-02
-4.028827603038055427e-01,1.691713585203081127e+00,8.643162401666194539e-01,-2.570432768094006892e+00,-4.057158112964558416e-01,1.821282363748280911e-02
-4.272461856200595598e-01,1.737835765491228868e+00,9.238157034248726251e-01,-2.678936341473079796e+00,-4.300982454160328650e-01,2.075058993217074668e-02
-4.488610931628553846e-01,1.788331376369962866e+00,9.717810521788639022e-01,-2.780008546793252489e+00,-4.517319093672969577e-01,2.299197357827261617e-02
-4.681020354341168255e-01,1.842762550231198171e+00,1.008535906604654864e+00,-2.873554567986546182e+00,-4.709913562100045414e-01,2.496767557377971292e-02
-4.852603619549762937e-01,1.900634463391100981e+00,1.034461533625198548e+00,-2.959483073848003798e+00,-4.881679698517123467e-01,2.670913069705585161e-02
-5.005638996596843970e-01,1.961427284689884809e+00,1.049971347838697167e+00,-3.037710942597107611e+00,-5.034896326568968350e-01,2.824695549633307254e-02
-5.141956065389216013e-01,2.024621024726851459e+00,1.055499341236146416e+00,-3.108175192698683365e+00,-5.171393692338976944e-01,2.960983988017886273e-02
-5.263082222410653266e-01,2.089715047652763058e+00,1.051494699154246870e+00,-3.170846042086143068e+00,-5.292699891107164323e-01,3.082373529267811579e-02
-5.370345867182961808e-01,2.156243039205775869e+00,1.038418391568730170e+00,-3.225737650817338764e+00,-5.400143991945413058e-01,3.191129617425954301e-02
-5.464942139573719659e-01,2.223783707581446389e+00,1.016739895240356573e+00,-3.272914973453181720e+00,-5.494921730835871099e-01,3.289156081863660319e-02
-5.547969884382352168e-01,2.291967369609505312e+00,9.869335986471837741e-01,-3.312496413463332789e+00,-5.578132448275998634e-01,3.377985127553514988e-02
-5.620448678648788388e-01,2.360478658153427833e+00,9.494752005027750075e-01,-3.344652797970984803e+00,-5.650796104733424308e-01,3.458785546831781577e-02
-5.683323626101467463e-01,2.429055721448653671e+00,9.048387918303630872e-01,-3.369603691181702221e+00,-5.713858075033111383e-01,3.532384251129295355e-02
-5.737463902113982828e-01,2.497486377115263334e+00,8.534954817136508609e-01,-3.387612321484351430e+00,-5.768187701262460498e-01,3.599295974301767315e-02
-5.783659212945285732e-01,2.565601695346024780e+00,7.959144908525325190e-01,-3.398980477024821756e+00,-5.814574764472646429e-01,3.659756702514770782e-02
-5.822616753071289120e-01,2.633267421815951081e+00,7.325676432524063086e-01,-3.404044678847636618e+00,-5.853726456221070018e-01,3.713757768360964606e-02
-5.854960082635232155e-01,2.700373545937041264e+00,6.639381282283658425e-01,-3.403174795369482197e+00,-5.886266270101265796e-01,3.761079317746526124e-02
-5.881230643840476002e-01,2.766822235335403057e+00,5.905342056537713491e-01,-3.396775999406236313e+00,-5.912735531029195135e-01,3.801323812760662446e-02
-5.901892333274019187e-01,2.832514384246357597e+00,5.129080141105606394e-01,-3.385294505977654911e+00,-5.933597978895013281e-01,3.833952237619091263e-02
-5.917339521146975923e-01,2.897335286701664181e+00,4.316785307327706267e-01,-3.369226703922379329e+00,-5.949247797693952844e-01,3.858327525593610585e-02
-5.927908963646012497e-01,2.961140581573277419e+00,3.475556888120632792e-01,-3.349129902200453479e+00,-5.960021536806463516e-01,3.873770903620091244e-02
-5.933895906647113083e-01,3.023744681542394286e+00,2.613595572970260905e-01,-3.325630866305665734e+00,-5.966214223338770495e-01,3.879636239201370712e-02
-5.935573974180609058e-01,3.084915156189973917e+00,1.740249826373667652e-01,-3.299426020986675034e+00,-5.968099259530713629e-01,3.875403346835793600e-02
-5.933216931842562047e-01,3.144377195746916875e+00,8.658035649533125933e-02,-3.271265998705595646e+00,-5.965950195672179435e-01,3.860782181501550697e-02
-5.927118405529597789e-01,3.201831016250195727e+00,9.277507481655900001e-05,-3.241919389838187726e+00,-5.960060458408780182e-01,3.835807302418127451e-02
-5.917604330271976076e-01,3.256980963189623601e+00,-8.441678095402448123e-02,-3.212117694166389370e+00,-5.950755807828729260e-01,3.800892675246634461e-02
-5.905033985937382379e-01,3.309569332265934083e+00,-1.660688904490085771e-01,-3.182493519608352361e+00,-5.938395378279636150e-01,3.756821004261327868e-02
-5.889789409380927765e-01,3.359404352689183249e+00,-2.442027783037121202e-01,-3.153530409569086146e+00,-5.923361091257923761e-01,3.704663456842118008e-02
-5.872257649116116029e-01,3.406373809651679796e+00,-3.184119138051181297e-01,-3.125539223365736419e+00,-5.906039906709837917e-01,3.645653854899804508e-02
-5.852812510519335154e-01,3.450442443963897432e+00,-3.885335248545799813e-01,-3.098664313616095622e+00,-5.886805562440469153e-01,3.581056731039646696e-02
-5.831800971754003138e-01,3.491637689894443675e+00,-4.546051920229899346e-01,-3.072911320067048813e+00,-5.866004983903345682e-01,3.512062239157773269e-02
-5.809536130394195030e-01,3.530030718043861704e+00,-5.168082704936317606e-01,-3.048183972660350349e+00,-5.843951225812623607e-01,3.439721811116062955e-02
-5.786295814716823083e-01,3.565718352485176545e+00,-5.754139179951569538e-01,-3.024319648708038599e+00,-5.820922080054284908e-01,3.364921320098414326e-02
-5.762324869098872648e-01,3.598808663742585789e+00,-6.307397285194551451e-01,-3.001118337545629622e+00,-5.797162359156451394e-01,3.288380452935011494e-02
-5.737839223354097573e-01,3.629410802011841852e+00,-6.831186623428652238e-01,-2.978363734754281289e+00,-5.772887964711639341e-01,3.210666608939461569e-02
-5.713030440914116381e-01,3.657628468729558158e+00,-7.328786381317984322e-01,-2.955837387044053077e+00,-5.748290435229560513e-01,3.132214715020025658e-02
-5.688070024151089532e-01,3.683556076406151458e+00,-7.803301233169236406e-01,-2.933327535328908997e+00,-5.723541251413452047e-01,3.053347807679538534e-02
-5.663113164527098231e-01,3.707276715385783294e+00,-8.257592126275530298e-01,-2.910634252243441633e+00,-5.698795586366470767e-01,2.974295836766081488e-02
-5.638301860217638239e-01,3.728861253280288945e+00,-8.694242428826129965e-01,-2.887572139875512978e+00,-5.674195423289097873e-01,2.895211749873479595e-02
-5.613767436805111588e-01,3.748368102563885529e+00,-9.115545708986034779e-01,-2.863971495392362954e+00,-5.649872076233285467e-01,2.816184769771139587e-02
-5.589632548300008663e-01,3.765843357819997017e+00,-9.523506057727816332e-01,-2.839678558780822204e+00,-5.625948191170557777e-01,2.737251165949911372e-02
-5.566012740903152345e-01,3.781321121337061442e+00,-9.919845186119523595e-01,-2.814555243990205735e+00,-5.602539309799750011e-01,2.658402955929022732e-02
-5.543017650820020181e-01,3.794823913282029171e+00,-1.030601274896123742e+00,-2.788478610266705182e+00,-5.579755067420958392e-01,2.579594982125333127e-02
-5.520751890614571389e-01,3.806363111881259087e+00,-1.068319777329886922e+00,-2.761340236427972439e+00,-5.557700079376880486e-01,2.500750767563046303e-02
-5.499315660966512809e-01,3.815939399382876296e+00,-1.105233996018695208e+00,-2.733045601409842096e+00,-5.536474552935080062e-01,2.421767494824947353e-02
-5.478805108244854116e-01,3.823543207915699238e+00,-1.141414017023315353e+00,-2.703513537778265086e+00,-5.516174645028338874e-01,2.342520394049752222e-02
-5.459312433592347080e-01,3.829155170303238709e+00,-1.176906972692222553e+00,-2.672675802826599334e+00,-5.496892571546290185e-01,2.262866773833093273e-02
-5.440925746209241964e-01,3.832746587392776849e+00,-1.211737836099227472e+00,-2.640476798893195198e+00,-5.478716460859368587e-01,2.182649884897508788e-02
-5.423728642063723182e-01,3.834279927344956818e+00,-1.245910072829991666e+00,-2.606873467041957326e+00,-5.461729932788762509e-01,2.101702769305791030e-02
-5.407799479258098563e-01,3.833709374673859749e+00,-1.279406149677362770e+00,-2.571835373888345710e+00,-5.446011374231275459e-01,2.019852215723711569e-02
-5.393210312878982116e-01,3.830981448209992646e+00,-1.312187903651014675e+00,-2.535345008544882539e+00,-5.431632874240418518e-01,1.936922911318390839e-02
-5.380025445792462335e-01,3.826035707823326693e+00,-1.344196777395697318e+00,-2.497398304303700467e+00,-5.418658774991103044e-01,1.852741850735096021e-02
-5.368299548306380009e-01,3.818805569701626990e+00,-1.375353929437602263e+00,-2.458005396957548605e+00,-5.407143791510186093e-01,1.767143029730454395e-02
-5.358075300090182624e-01,3.809219249072177238e+00,-1.405560230093005458e+00,-2.417191627946212229e+00,-5.397130653518456000e-01,1.679972413198443926e-02
-5.349380513755286337e-01,3.797200847198255236e+00,-1.434696156597806027e+00,-2.374998795275291119e+00,-5.388647228739531503e-01,1.591093122726509185e-02
-5.342224712838774536e-01,3.782671595902583395e+00,-1.462621604098677475e+00,-2.331486647953206592e+00,-5.381703100372440263e-01,1.500390736497303305e-02
-5.336595159386857690e-01,3.765551267348227427e+00,-1.489175632492661272e+00,-2.286734610200730877e+00,-5.376285593885447023e-01,1.407778534618762088e-02
-5.332452359272118469e-01,3.745759748927043997e+00,-1.514176172491223715e+00,-2.240843709725259369e+00,-5.372355281241388836e-01,1.313202457974322127e-02
-5.329725117131541845e-01,3.723218772521494024e+00,-1.537419717375288597e+00,-2.193938669955309173e+00,-5.369841034442364158e-01,1.216645483022052443e-02
-5.328305265868152896e-01,3.697853773923567289e+00,-1.558681029242638294e+00,-2.146170109632103973e+00,-5.368634753372568680e-01,1.118131056135615933e-02
-5.328042253779593507e-01,3.669595841859599972e+00,-1.577712889565336507e+00,-2.097716775266114997e+00,-5.368585951083526542e-01,1.017725189633317782e-02
-5.328737827862869425e-01,3.638383697244930826e+00,-1.594245922916284863e+00,-2.048787713842143088e+00,-5.369496435203731100e-01,9.155368107463972283e-03
-5.330141093285696297e-01,3.604165622707844463e+00,-1.607988519052396148e+00,-1.999624276423286551e+00,-5.371115365648995166e-01,8.117159888312632313e-03
-5.331944241923017858e-01,3.566901241170058245e+00,-1.618626871333955553e+00,-1.950501830035146655e+00,-5.373134981763890705e-01,7.064497582977697678e-03
-5.333779211480007554e-01,3.526563021725940494e+00,-1.625825137773062590e+00,-1.901731047848150169e+00,-5.375187260676008716e-01,5.999554134123146441e-03
-5.335215447022034763e-01,3.483137372728792425e+00,-1.629225713693265742e+00,-1.853658648912342777e+00,-5.376841678945581959e-01,4.924713758239640179e-03
-5.335758779965956711e-01,3.436625167297724381e+00,-1.628449580558913423e+00,-1.806667471370150491e+00,-5.377604092795256197e-01,3.842460130128385731e-03
-5.334851215328010321e-01,3.387041536543125453e+00,-1.623096661980565569e+00,-1.761175790087385229e+00,-5.376916527881114849e-01,2.755250873504780547e-03
-5.331871135054293553e-01,3.334414761355778190e+00,-1.612746072494982252e+00,-1.717635833987043004e+00,-5.374157386508812140e-01,1.665387979656885288e-03
-5.326133098954154432e-01,3.278784094729585430e+00,-1.596956083899808476e+00,-1.676531523142384073e+00,-5.368641253800660040e-01,5.748958791302600894e-04
-5.316886070375750339e-01,3.220196352733345702e+00,-1.575263553334816047e+00,-1.638375534048988058e+00,-5.359617129868397001e-01,-5.145802752185282478e-04
-5.303308516296901809e-01,3.158701121957263602e+00,-1.547182451984774332e+00,-1.603705916375476104e+00,-5.346263537562607748e-01,-1.601844441989656517e-03
-5.284498413560223540e-01,3.094344441678097191e+00,-1.512200998042131372e+00,-1.573082627856529525e+00,-5.327678537489708432e-01,-2.686178815483634182e-03
-5.259455681961917595e-01,3.027160825007582101e+00,-1.469776727447938525e+00,-1.547084525665017862e+00,-5.302862171139947067e-01,-3.767328169820729870e-03
-5.227053858940217124e-01,2.957163476562189253e+00,-1.419328626794436055e+00,-1.526307548712156903e+00,-5.270688147312311278e-01,-4.845441686770413786e-03
-5.185996759687497848e-01,2.884332532673527627e+00,-1.360225202717644244e+00,-1.511365036358625957e+00,-5.229860516574146301e-01,-5.920981959925986429e-03
-5.134754161882014722e-01,2.808601079768604070e+00,-1.291767076238390155e+00,-1.502891336376523723e+00,-5.178849374567648933e-01,-6.994619054382133876e-03
-5.071467797317198434e-01,2.729838588321218840e+00,-1.213162396972492507e+00,-1.501550021514370004e+00,-5.115796879103816641e-01,-8.067136788680137616e-03
-4.993814478976176807e-01,2.647831250467894026e+00,-1.123493171105805155e+00,-1.508048074519626525e+00,-5.038380413859154805e-01,-9.139390715678581342e-03
-4.898806094076939566e-01,2.562258626430980790e+00,-1.021670800907080068e+00,-1.523157095659745996e+00,-4.943612636011623929e-01,-1.021237771217685386e-02
-4.782495268108490905e-01,2.472666313017974016e+00,-9.063806540274195189e-01,-1.547741334819784154e+00,-4.827547223754261596e-01,-1.128751704202298964e-02
-4.639540151269651580e-01,2.378435994056261826e+00,-7.760208770741330309e-01,-1.582788511599469317e+00,-4.684843792566542597e-01,-1.236732622584565781e-02
-4.462565818855429578e-01,2.278759842620024845e+00,-6.286569100514616260e-01,-1.629428554125249562e+00,-4.508129498880953379e-01,-1.345685024424767180e-02
-4.241266207392587750e-01,2.172642751955904838e+00,-4.620583754336251570e-01,-1.688896240905196633e+00,-4.287101290265401543e-01,-1.456655441560294161e-02
-3.961311343792759954e-01,2.058999651685589072e+00,-2.740010733761074069e-01,-1.762320601167703726e+00,-4.007433590136451063e-01,-1.571799674055725585e-02
-3.603655217979658820e-01,1.937012314041588024e+00,-6.326638844202572831e-02,-1.850070391503658263e+00,-3.650086703811612487e-01,-1.695408901903720095e-02
-3.146413438515452410e-01,1.807027622088612784e+00,1.679533610428285140e-01,-1.950227652736215234e+00,-3.193184645148571255e-01,-1.835330153424054311e-02
-2.573838295405203036e-01,1.671979088416721382e+00,4.104137536694680843e-01,-2.056354386655374622e+00,-2.620988794806891065e-01,-2.003263023203373863e-02
-1.893094644188008657e-01,1.537635008505770395e+00,6.475551471948270965e-01,-2.157514663771327168e+00,-1.940669939845379166e-01,-2.209934523196231682e-02
-1.142116696177741392e-01,1.409391410236154885e+00,8.643455083368153380e-01,-2.244005660039725125e+00,-1.190161906773214567e-01,-2.455919067600558295e-02
-3.756429499241546732e-02,1.289223800246193097e+00,1.055175055839722820e+00,-2.312231653931509534e+00,-4.241969446979795832e-02,-2.730691355105259108e-02
3.536294652133847860e-02,1.176606599182243640e+00,1.221053377079695190e+00,-2.362756855213303808e+00,3.045388397286435955e-02,-3.021050844564646815e-02
1.008359337190276872e-01,1.070226828321615864e+00,1.364884080797273747e+00,-2.397249497042728716e+00,9.587179257659217413e-02,-3.317241844637304482e-02
1.571596203661707325e-01,9.687409803739925884e-01,1.489494638950795258e+00,-2.417258420548185516e+00,1.521402879777593309e-01,-3.614049260143793046e-02
2.042834829230978089e-01,8.710205011186440416e-01,1.597159978211695419e+00,-2.423981558048977636e+00,1.992098709176429172e-01,-3.909459259769970663e-02
2.430630180503040583e-01,7.762173322524608121e-01,1.689595220367304806e+00,-2.418324942501266950e+00,2.379367573244476342e-01,-4.203113893509975024e-02
2.746713114720779059e-01,6.837577114781383525e-01,1.768068669383616287e+00,-2.401010678008126398e+00,2.694945134230743999e-01,-4.495379223998692553e-02
3.002757159998222236e-01,5.933103292257446704e-01,1.833526529063007393e+00,-2.372671250672942378e+00,2.950508119211526781e-01,-4.786951823735011852e-02
3.209063694631443808e-01,5.047495665283865396e-01,1.886698161366440862e+00,-2.333919500653487855e+00,3.156360094152955154e-01,-5.078735768741760026e-02
3.374262901801891035e-01,4.181205587361108145e-01,1.928176394067628197e+00,-2.285395469035079952e+00,3.321132790936540125e-01,-5.371804452627904763e-02
3.505448539935928642e-01,3.336069572447303844e-01,1.958475199962459667e+00,-2.227793397924614283e+00,3.451921073400212592e-01,-5.667358100514015284e-02
3.608450304105428885e-01,2.515007586709585574e-01,1.978068871742859836e+00,-2.161872462650686888e+00,3.554555369921996721e-01,-5.966645486431371853e-02
3.688114001777823558e-01,1.721736885687541740e-01,1.987416797252214096e+00,-2.088454834459794629e+00,3.633881835964376528e-01,-6.270848129526343517e-02
3.748541030343650604e-01,9.605004310293323300e-02,1.986977431160153351e+00,-2.008414476048060671e+00,3.694001763106605218e-01,-6.580941012279084568e-02
3.793273851226053872e-01,2.358116700944684618e-02,1.977214425930753139e+00,-1.922659628366633067e+00,3.738456953435446706e-01,-6.897552174817277171e-02
3.825427720729214220e-01,-4.477814537109618687e-02,1.958597231550972539e+00,-1.832111363041343477e+00,3.770361344308789109e-01,-7.220846218350215895e-02
3.847773752536081671e-01,-1.085909863470139874e-01,1.931597862780869423e+00,-1.737680037056019033e+00,3.792483987186787697e-01,-7.550454000881516581e-02
3.862780694807116944e-01,-1.674569790097550914e-01,1.896685018525465560e+00,-1.640241137446492914e+00,3.807290794803386835e-01,-7.885463034335897514e-02
3.872625095264189410e-01,-2.210276631737159991e-01,1.854316350109417533e+00,-1.540611863992511044e+00,3.816954757395412123e-01,-8.224471720306465727e-02
3.879181961580205340e-01,-2.690179423503648026e-01,1.804929414351043482e+00,-1.439529769309406682e+00,3.823346748874631995e-01,-8.565698140373147196e-02
3.884009416894006472e-01,-3.112129200548328090e-01,1.748931694778853130e+00,-1.337634706790266748e+00,3.828020414212406353e-01,-8.907123792535592832e-02
3.888339805821707240e-01,-3.474696604180357307e-01,1.686690001602294986e+00,-1.235455102592929011e+00,3.832203561361882671e-01,-9.246647170760828593e-02
3.893085781188876382e-01,-3.777138093562042442e-01,1.618519529989202788e+00,-1.133399126425805203e+00,3.836804540612048786e-01,-9.582222653966961101e-02
3.898864143434370710e-01,-4.019315163801981949e-01,1.544672820057449325e+00,-1.031750742859705472e+00,3.842436335621166044e-01,-9.911965991442460433e-02
3.906034633654490995e-01,-4.201575582682963717e-01,1.465328780091641692e+00,-9.306700066876960609e-01,3.849455533568444943e-01,-1.023421628093508645e-01
3.914747300800684449e-01,-4.324608535333677728e-01,1.380581796835920638e+00,-8.301964673656284655e-01,3.858009783239175761e-01,-1.054755276799829028e-01
3.924991131645176323e-01,-4.389286152902285854e-01,1.290430801184627940e+00,-7.302542805103340307e-01,3.868086438627568735e-01,-1.085077078657903232e-01
3.936637796534517286e-01,-4.396502609897641745e-01,1.194768072856180252e+00,-6.306576446191947127e-01,3.879556263607816247e-01,-1.114282376072177755e-01
3.949476474433058493e-01,-4.347020023184240967e-01,1.093367698617688122e+00,-5.311155110637714172e-01,3.892208188988609541e-01,-1.142273763700345918e-01
3.963237719040115237e-01,-4.241329566589558953e-01,9.858741879161297961e-01,-4.312352119441966170e-01,3.905773111010971688e-01,-1.168950133276873277e-01
3.977605604216229440e-01,-4.079538979490755501e-01,8.717932525353904172e-01,-3.305259143092850738e-01,3.919935994227274345e-01,-1.194193292417865954e-01
3.992217795239719202e-01,-3.861307766654836771e-01,7.504900671235134046e-01,-2.284051435287045018e-01,3.934335948657919912e-01,-1.217851780901417491e-01
4.006652955957519247e-01,-3.585875179828190151e-01,6.212071178924892800e-01,-1.242160349499462080e-01,3.948553716246852585e-01,-1.239721463294165826e-01
4.020404706392271543e-01,-3.252273110479166340e-01,4.831266583005708881e-01,-1.727108217469186524e-02,3.962085808985776336e-01,-1.259523376064067834e-01
4.032842941603601017e-01,-2.859893779877609732e-01,3.355240158529467775e-01,9.304877608152405111e-02,3.974306131385310081e-01,-1.276882648113408236e-01
4.043170828275000628e-01,-2.409665320732966021e-01,1.780810902975911991e-01,2.070970994614405036e-01,3.984423380153137573e-01,-1.291320894891702376e-01
4.050406050236642352e-01,-1.906023182291315954e-01,1.141348509024411872e-02,3.246355595548565121e-01,3.991462619112216004e-01,-1.302290544220353619e-01
4.053447508604933747e-01,-1.359239489758599373e-01,-1.623008289215518429e-01,4.444515664269970689e-01,3.994331763981371353e-01,-1.309293383533562394e-01
4.051290048544241018e-01,-7.861890505439404764e-02,-3.390997372551400879e-01,5.642377275665324543e-01,3.992034897932322801e-01,-1.312093115802228926e-01
4.043324268062956639e-01,-2.069277500903003025e-02,-5.141212005755668724e-01,6.811569515491311400e-01,3.983969601128273808e-01,-1.310907094715352550e-01
4.029469643894125763e-01,3.619700206492954681e-02,-6.833444873655371010e-01,7.929154213958072850e-01,3.970058356034829039e-01,-1.306377665030333812e-01
4.009995640927718763e-01,9.117041560512742504e-02,-8.447044452514835822e-01,8.984190468213579805e-01,3.950570332453638422e-01,-1.299319832480344827e-01
3.985227640679725458e-01,1.440459304436957355e-01,-9.978722194511175925e-01,9.976048207667067569e-01,3.925829368364589511e-01,-1.290479561928337404e-01
3.955361712412147068e-01,1.950403428302370790e-01,-1.143467919378476028e+00,1.090942090407031939e+00,3.896030323453287814e-01,-1.280439986774919714e-01
3.920405575518839947e-01,2.445303656012513538e-01,-1.282444860118141294e+00,1.179055756413433187e+00,3.861180707796696976e-01,-1.269630475343902498e-01
3.880176952219575592e-01,2.929293508969245119e-01,-1.415776711411407263e+00,1.262540977656971375e+00,3.821099183469465199e-01,-1.258365946445172134e-01
3.834312118442254613e-01,3.406387000141599675e-01,-1.544336759227947775e+00,1.341895101805189894e+00,3.775424108107683918e-01,-1.246883296495032711e-01
3.782266426465708542e-01,3.880351374183281798e-01,-1.668866652351052915e+00,1.417502112061163277e+00,3.723614058573163077e-01,-1.235367814123009000e-01
3.723301504351133051e-01,4.354727113598392818e-01,-1.789979907601529696e+00,1.489636110702439620e+00,3.664935096912073087e-01,-1.223970888259414691e-01
3.656457207574659307e-01,4.832899670454395280e-01,-1.908176179573621400e+00,1.558469679468542424e+00,3.598432874436863216e-01,-1.212821587768180970e-01
3.580506138971125130e-01,5.318182939503255380e-01,-2.023857000511137372e+00,1.624082048942897538e+00,3.522887404172851400e-01,-1.202034137413747483e-01
3.493887098686838666e-01,5.813897518850817958e-01,-2.137340037603224108e+00,1.686465970335113029e+00,3.436746881880389237e-01,-1.191712576900662707e-01
3.394611968279376835e-01,6.323434606536204594e-01,-2.248871589662026604e+00,1.745534018927266340e+00,3.338035085666715140e-01,-1.181953299246468608e-01
3.280138620507737079e-01,6.850297152143882684e-01,-2.358638260888315852e+00,1.801126160911271423e+00,3.224224978177793743e-01,-1.172845706332563687e-01
3.147200984911153188e-01,7.398107369770883235e-01,-2.466779444234583618e+00,1.853021344696300421e+00,3.092069675398962936e-01,-1.164470803462067522e-01
2.991587559116676287e-01,7.970566145759683252e-01,-2.573402752818349626e+00,1.900956742025138979e+00,2.937382094181898440e-01,-1.156897064456886004e-01
2.807864075583748065e-01,8.571347478908869499e-01,-2.678604850612302801e+00,1.944658834265568847e+00,2.754758968796227059e-01,-1.150172163209192688e-01
2.589050477089135938e-01,9.203912446873850906e-01,-2.782500010766847609e+00,1.983890309559927845e+00,2.537259265124631180e-01,-1.144307898786273148e-01
2.326299393140067451e-01,9.871233434388416716e-01,-2.885257792629275730e+00,2.018515195908263671e+00,2.276083821165257037e-01,-1.139253376004941976e-01
2.008710277771088293e-01,1.057542475918961333e+00,-2.987149198150904628e+00,2.048582056350935598e+00,1.960389493951614215e-01,-1.134847729910548747e-01
1.623606181298900830e-01,1.131725921027626702e+00,-3.088597671667771660e+00,2.074423602038347081e+00,1.577562832692837591e-01,-1.130738824665902392e-01
1.157988905129985757e-01,1.209547343904167960e+00,-3.190227650425165429e+00,2.096774817690294057e+00,1.114665055495788065e-01,-1.126253565887530977e-01
6.024998864135405058e-02,1.290561949355810256e+00,-3.292897671944675864e+00,2.116920354583484265e+00,5.623688810721422932e-02,-1.120228951379356325e-01
-4.051941413835281891e-03,1.373821393265788338e+00,-3.397691417510979139e+00,2.136869464323226442e+00,-7.702579252504997143e-03,-1.110910029563801499e-01
-7.458063732317760097e-02,1.457684073357313093e+00,-3.505815085680950904e+00,2.159443758778662126e+00,-7.784267262711336288e-02,-1.096226153905632966e-01
-1.460396184717799861e-01,1.539933507018799608e+00,-3.618351809487868831e+00,2.187921245585934038e+00,-1.489179866363748439e-01,-1.074806457478131444e-01
-2.120609532626013538e-01,1.618548314665331223e+00,-3.735953678846454906e+00,2.224973157637815557e+00,-2.145949172506799174e-01,-1.047241646741190330e-01
-2.683591057424458692e-01,1.692631607990567888e+00,-3.858742226953204124e+00,2.271640916969435153e+00,-2.706085952629602165e-01,-1.015977412131179730e-01
-3.140272543413423212e-01,1.762506727709166832e+00,-3.986547342466942645e+00,2.327467872414870520e+00,-3.160539872742340606e-01,-9.837092035806017931e-02
-3.503347068220723504e-01,1.829128692800548350e+00,-4.119233017441384703e+00,2.391400077194121732e+00,-3.521911410850759871e-01,-9.522217865515594792e-02
-3.791877370013989612e-01,1.893578058908315986e+00,-4.256872278012433064e+00,2.462462515182416656e+00,-3.809145624822485310e-01,-9.223634734586795558e-02
-4.023424241934945855e-01,1.956857665295490767e+00,-4.399788983881172122e+00,2.540005038547921146e+00,-4.039700612597071916e-01,-8.944397094797462699e-02
-4.211878242889658397e-01,2.019865798247947541e+00,-4.548558121574689750e+00,2.623731888300366411e+00,-4.227388255157167873e-01,-8.685327225504251014e-02
-4.367610535711466957e-01,2.083431548925771981e+00,-4.704013577150198522e+00,2.713676575207008224e+00,-4.382522405111451969e-01,-8.446773470272631035e-02
-4.498207288635094891e-01,2.148364944348900796e+00,-4.867278154893512898e+00,2.810184318727004360e+00,-4.512648224928670349e-01,-8.229479345188321637e-02
-4.609180989146147156e-01,2.215508591015811657e+00,-5.039818533643750875e+00,2.913918444370518834e+00,-4.623249034541812019e-01,-8.035072643734159081e-02
-4.704507898276720224e-01,2.285787968601246778e+00,-5.223522280179392574e+00,3.025891385761001473e+00,-4.718280509119153199e-01,-7.866485841496410891e-02
-4.786978925263832840e-01,2.360254847371189513e+00,-5.420779875833122929e+00,3.147509728465167633e+00,-4.800519443070568326e-01,-7.728510493446584528e-02
-4.858369658808729952e-01,2.440099816759725648e+00,-5.634506418827533558e+00,3.280593270632016889e+00,-4.871732686729381423e-01,-7.628657375232489324e-02
-4.919409293729432586e-01,2.526553424659252034e+00,-5.867890032241058762e+00,3.427236641936452166e+00,-4.932645996141959421e-01,-7.578449589043255441e-02
-4.969500412031028214e-01,2.620449963187629461e+00,-6.123267552782108325e+00,3.589136761153508548e+00,-4.982664860181648669e-01,-7.594900859801308191e-02
-5.006260006079878977e-01,2.720993614492109636e+00,-6.398896458576787794e+00,3.765592774368109907e+00,-5.019417222282236413e-01,-7.700200140676449756e-02
-5.025694540997394100e-01,2.823643865735745440e+00,-6.683379730001783869e+00,3.949950904181228406e+00,-5.038927376335067265e-01,-7.913459400153782797e-02
-5.024857688212710505e-01,2.920109280461481216e+00,-6.955683889040869872e+00,4.129415114816252341e+00,-5.038262933719429570e-01,-8.231233576899696369e-02
-5.005182296691987887e-01,3.004171071918433356e+00,-7.200567481499070333e+00,4.294612294291231258e+00,-5.018855282332210788e-01,-8.622919761353167734e-02
-4.970599535304985883e-01,3.075085953075874290e+00,-7.417349518134254360e+00,4.445251666558202253e+00,-4.984627021212625908e-01,-9.056921879708978995e-02
-4.924321836297996802e-01,3.134444575440240133e+00,-7.611422913422973835e+00,4.584930319345347449e+00,-4.938785792048664414e-01,-9.514747549936783400e-02
-4.868377049125769962e-01,3.183821894785190398e+00,-7.788098175856613459e+00,4.717280338233011960e+00,-4.883359111776448547e-01,-9.987089575213065062e-02
-4.804097559360045455e-01,3.224291665760165682e+00,-7.951403256559856025e+00,4.845200186627313776e+00,-4.819681269830369263e-01,-1.046894072983938911e-01
-4.732540278103193332e-01,3.256478270568908595e+00,-8.104265384615041867e+00,4.970956939616550940e+00,-4.748811370690445566e-01,-1.095701109337573476e-01
-4.654761985288095039e-01,3.280672139315706115e+00,-8.248829306088962809e+00,5.096375708561358131e+00,-4.671807011962150757e-01,-1.144843444237531871e-01
-4.572002636454898794e-01,3.296925412898232821e+00,-8.386696937637598381e+00,5.222976362407976580e+00,-4.589905958058999036e-01,-1.194002956601111776e-01
-4.485800363386411860e-01,3.305128013257682351e+00,-8.519085889186039040e+00,5.352051238077680573e+00,-4.504639515436537622e-01,-1.242780311707463309e-01
-4.398030705777339899e-01,3.305076403810805807e+00,-8.646930885382969834e+00,5.484694188802422765e+00,-4.417870383425143710e-01,-1.290658767163737897e-01
-4.310846712596473340e-01,3.296546401482819189e+00,-8.770947626551789611e+00,5.621788816057659233e+00,-4.331732097229230583e-01,-1.336981056405696644e-01
-4.226502310311136545e-01,3.279377769265090947e+00,-8.891672336713664748e+00,5.763961755918817431e+00,-4.248453051738584896e-01,-1.380944606968777244e-01
-4.147073573697594995e-01,3.253572221311169077e+00,-9.009486625907836554e+00,5.911509930103495236e+00,-4.170080148050567259e-01,-1.421623300581220106e-01
-4.074142903706744478e-01,3.219396674283423909e+00,-9.124636453273099690e+00,6.064319992735307530e+00,-4.098166896223103262e-01,-1.458023871032560759e-01
-4.008550541816932600e-01,3.177470736458894329e+00,-9.237254792855591035e+00,6.221811659315295451e+00,-4.033529447174445393e-01,-1.489180314784630532e-01
-3.950310900168664818e-01,3.128806930922135354e+00,-9.347397385421990279e+00,6.382945644010467490e+00,-3.976166558601261225e-01,-1.514278291072763127e-01
-3.898728941864301745e-01,3.074774368491162591e+00,-9.455095920683252331e+00,6.546327405983846326e+00,-3.925377443059767657e-01,-1.532784063734153601e-01
-3.852668618966304526e-01,3.016979666871344890e+00,-9.560421922321458155e+00,6.710401626382238582e+00,-3.880029093224471315e-01,-1.544537915070032796e-01
-3.810873052420412632e-01,2.957095625703128228e+00,-9.663543422746124989e+00,6.873684458401636554e+00,-3.838873401661914708e-01,-1.549775659597850408e-01
-3.772240137446628561e-01,2.896693465377019550e+00,-9.764755531220547624e+00,7.034957300985245965e+00,-3.800819015855493310e-01,-1.549069939772119431e-01
-3.736000243189099845e-01,2.837127471774323340e+00,-9.864478179706310357e+00,7.193369019108710738e+00,-3.765105819435115020e-01,-1.543218189156960463e-01
-3.701787688769760387e-01,2.779488926781342073e+00,-9.963229763827047947e+00,7.348442989778088297e+00,-3.731374456815046425e-01,-1.533120579780095638e-01
-3.669621764191993707e-01,2.724615737153202044e+00,-1.006159234811446979e+01,7.500021961774941737e+00,-3.699646847218646672e-01,-1.519681920074420489e-01
-3.639819040751106072e-01,2.673132149204492602e+00,-1.016018101396412376e+01,7.648190501357585269e+00,-3.670239209684937332e-01,-1.503750652558777656e-01
-3.612861212167476910e-01,2.625496820009360022e+00,-1.025962309614012291e+01,7.793202342837895813e+00,-3.643631380229518935e-01,-1.486091504856133227e-01
-3.589249057029599843e-01,2.582046980684354676e+00,-1.036054796516757825e+01,7.935424662907014870e+00,-3.620322435149890272e-01,-1.467381075818762759e-01
-3.569377474513265036e-01,2.543034443792015598e+00,-1.046358595655263812e+01,8.075301185613025012e+00,-3.600707028433285939e-01,-1.448215391373716410e-01
-3.553459368838957633e-01,2.508653782335981131e+00,-1.056937487005443366e+01,8.213331514369338393e+00,-3.584999888946222568e-01,-1.429121624104357224e-01
-3.541507093589070232e-01,2.479064744278617116e+00,-1.067857286976990316e+01,8.350063029340581977e+00,-3.573217174760890402e-01,-1.410570090536745202e-01
-3.533359774496803163e-01,2.454411087595949947e+00,-1.079187706603995345e+01,8.486092227280122913e+00,-3.565203241609046780e-01,-1.392985719142172396e-01
-3.528734092720731685e-01,2.434837549348798369e+00,-1.091004755075317512e+01,8.622073483171641683e+00,-3.560680724860039725e-01,-1.376759817971815458e-01
-3.527277259314832714e-01,2.420506177281899873e+00,-1.103393724728229763e+01,8.758734378435180545e+00,-3.559302911843515993e-01,-1.362263448306854363e-01
-3.528608528439119985e-01,2.411612906296159320e+00,-1.116452849412839399e+01,8.896897711327962810e+00,-3.560694874291150391e-01,-1.349863724549612287e-01
-3.532343174334109381e-01,2.408404896460415667e+00,-1.130297740660262562e+01,9.037510861853126798e+00,-3.564477312703465683e-01,-1.339944504842225381e-01
-3.538096810665899428e-01,2.411198316315199541e+00,-1.145066580992347127e+01,9.181682847100789857e+00,-3.570270980914118097e-01,-1.332933511470258958e-01
-3.545467315530346220e-01,2.420393924649526962e+00,-1.160925546840497802e+01,9.330726767187227821e+00,-3.577678962435585919e-01,-1.329338960765896749e-01
-3.553986039748323611e-01,2.436481415974499853e+00,-1.178072394189067573e+01,9.486196421693325220e+00,-3.586238554072916362e-01,-1.329799924908572351e-01
-3.563017858321544384e-01,2.460006675710951107e+00,-1.196731895926886402e+01,9.649880123520825137e+00,-3.595322525781637912e-01,-1.335154120800738364e-01
-3.571568976253448602e-01,2.491434616836584404e+00,-1.217126059186725939e+01,9.823647501564265028e+00,-3.603949085347609715e-01,-1.346517738428845701e-01
-3.577941982575592594e-01,2.530754104914566316e+00,-1.239379198106347424e+01,1.000889830065762887e+01,-3.610440639172467492e-01,-1.365332094049978295e-01
-3.579238419329100473e-01,2.576582234110867287e+00,-1.263293194808087350e+01,1.020519152114376205e+01,-3.611931586803672767e-01,-1.393213349127167544e-01
-3.571110636003902994e-01,2.624849043649100988e+00,-1.288010529887537103e+01,1.040811530777803640e+01,-3.604123006856740363e-01,-1.431267610055272643e-01
-3.548892426091344587e-01,2.668734934115191582e+00,-1.311997470656440612e+01,1.060905648649495170e+01,-3.582403102568551545e-01,-1.478881271638886885e-01
-3.510021635825787967e-01,2.701995709605283125e+00,-1.333894796204539190e+01,1.080037170841475991e+01,-3.544247776757766810e-01,-1.533497475260599541e-01
-3.454401241173936099e-01,2.722033969880812698e+00,-1.353273795582856032e+01,1.098005807582706517e+01,-3.489578841945364385e-01,-1.592275877012558349e-01
-3.382466671692077598e-01,2.728855655253571655e+00,-1.370327866090375224e+01,1.114983364911457464e+01,-3.418849390564104307e-01,-1.653299992240980787e-01
-3.293999459226147342e-01,2.723196172080261324e+00,-1.385383552373431471e+01,1.131210511433292609e+01,-3.331869030573673118e-01,-1.715477276003886109e-01
-3.187931421694548129e-01,2.705768840394463304e+00,-1.398714701969239727e+01,1.146882004175208714e+01,-3.227611177277275312e-01,-1.778167235922795408e-01
-3.062392219769577428e-01,2.677137744407770636e+00,-1.410514145486864734e+01,1.162128710642296348e+01,-3.104261912086004327e-01,-1.840953920969214952e-01
-2.914730615234900624e-01,2.637765605169284822e+00,-1.420905517300312404e+01,1.177023622922515500e+01,-2.959243168976281591e-01,-1.903541197560297271e-01
-2.741476283991817753e-01,2.588089292033337152e+00,-1.429959623517351375e+01,1.191590365863684475e+01,-2.789177447724282555e-01,-1.965711360027355414e-01
-2.538261807880773935e-01,2.528585529962751099e+00,-1.437708104657540531e+01,1.205810333777119148e+01,-2.589813480406311097e-01,-2.027310680029998369e-01
-2.299743639143032314e-01,2.459817815820558806e+00,-1.444153984654810152e+01,1.219628745784857493e+01,-2.355951049318363855e-01,-2.088237865767727519e-01
-2.019592813495854067e-01,2.382462452342376746e+00,-1.449279837375853575e+01,1.232960416104013390e+01,-2.081434337984320315e-01,-2.148413863645080857e-01
-1.690690674552942363e-01,2.297314855107580822e+00,-1.453054190059178197e+01,1.245695621459734070e+01,-1.759346059396950379e-01,-2.207710735814466807e-01
-1.305777798903651199e-01,2.205281508796893775e+00,-1.455436569668814428e+01,1.257705842776290872e+01,-1.382644573707284552e-01,-2.265820693739518110e-01
-8.589583846524852240e-02,2.107368443649116241e+00,-1.456381636882096053e+01,1.268848708072434484e+01,-9.456358595280596469e-02,-2.322065205190126658e-01
-3.485418595412809878e-02,2.004680974132337923e+00,-1.455843289547552999e+01,1.278971609909000762e+01,-4.467481201398516150e-02,-2.375198335657936199e-01
2.186894808508695054e-02,1.898443240327844173e+00,-1.453780299271050502e+01,1.287914891553762509e+01,1.073093772438018373e-02,-2.423366472518213854e-01
8.232518530373303389e-02,1.790016231635864319e+00,-1.450164992376198825e+01,1.295518504420084405e+01,6.974394752353979543e-02,-2.464497802126998371e-01
1.432757739318102630e-01,1.680844976641050703e+00,-1.444993869688705779e+01,1.301638077505576518e+01,1.291993414048154265e-01,-2.497265898726708511e-01
2.009657824990571939e-01,1.572271443058390172e+00,-1.438294182246825770e+01,1.306170401184087027e+01,1.854355233437683936e-01,-2.522137912116865777e-01
2.524054171841826899e-01,1.465279149315845242e+00,-1.430119400285020781e+01,1.309074030149334256e+01,2.355442663129407865e-01,-2.541465098844069570e-01
2.961951388715307609e-01,1.360342040941660002e+00,-1.420533557975894468e+01,1.310367796247873962e+01,2.781721387713451676e-01,-2.558345865527931196e-01
3.324031785041147158e-01,1.257447278293624127e+00,-1.409592057264761777e+01,1.310108691516707857e+01,3.133968116711468022e-01,-2.575324164601991428e-01
3.619301261784056423e-01,1.156209379046860386e+00,-1.397326139911616494e+01,1.308364986512371431e+01,3.421049575858589042e-01,-2.593848550268883502e-01
3.859331711250670871e-01,1.055980112541977212e+00,-1.383732682835797156e+01,1.305195427894427063e+01,3.654304137114607332e-01,-2.614400236262902077e-01
4.055050318510630691e-01,9.559178414577258476e-01,-1.368767314817616665e+01,1.300635689533602424e+01,3.844417536980049288e-01,-2.636823732233640749e-01
4.215515569598650703e-01,8.550204163749453024e-01,-1.352339132282071610e+01,1.294689743479385591e+01,4.000237812089475486e-01,-2.660588882378502884e-01
4.347697856641960512e-01,7.521422498595424777e-01,-1.334308208484293878e+01,1.287325219771357254e+01,4.128568422453344766e-01,-2.684923464474053834e-01
4.456605034700267809e-01,6.460346979529228983e-01,-1.314493341629579959e+01,1.278476222507413951e+01,4.234296100506734772e-01,-2.708834769876747317e-01
4.545415458552101162e-01,5.354987071381669406e-01,-1.292712111969212607e+01,1.268066720975285655e+01,4.320525297840370760e-01,-2.731051079378394308e-01
4.615491764953515430e-01,4.198494918341425519e-01,-1.268905874841982495e+01,1.256087495631137507e+01,4.388596745077110173e-01,-2.749937347822263844e-01
4.666420362478089778e-01,2.999898493870546412e-01,-1.243428849602340414e+01,1.242778191137861654e+01,4.438131035014002412e-01,-2.763561151560669504e-01
4.696807213313541896e-01,1.798163732307401230e-01,-1.217426297991776707e+01,1.228872697812331438e+01,4.467802920590051019e-01,-2.770325483987142179e-01
4.706596197680292804e-01,6.551981410458904143e-02,-1.192643272051176062e+01,1.215495432789623820e+01,4.477581327140811585e-01,-2.770250637994392529e-01
4.698638477790884060e-01,-3.872148304775115124e-02,-1.170261210051858924e+01,1.203434264905274986e+01,4.470235947645042618e-01,-2.765244022203117158e-01
4.676755653662412748e-01,-1.326950824773653614e-01,-1.150373299033801011e+01,1.192791013665710587e+01,4.449460734384946270e-01,-2.757518887437409583e-01
4.643711824769944374e-01,-2.179651393130609405e-01,-1.132577752019038542e+01,1.183341035766944493e+01,4.417920550024643234e-01,-2.748560690295149267e-01
4.601050777211337928e-01,-2.961715522553521884e-01,-1.116439219972289010e+01,1.174824929768043447e+01,4.377099276884200973e-01,-2.739208136369202240e-01
4.549500216977549472e-01,-3.685995553669453861e-01,-1.101607656997222584e+01,1.167027918807336562e+01,4.327692120280400290e-01,-2.729929797353883858e-01
4.489286627457284573e-01,-4.361884717630351016e-01,-1.087818131155959378e+01,1.159782907431833721e+01,4.269910005727891034e-01,-2.720997915277471035e-01
4.420318675286828425e-01,-4.996141434425898087e-01,-1.074870074831004274e+01,1.152959241364100507e+01,4.203656575702018339e-01,-2.712577617204990910e-01
4.342292331219577139e-01,-5.593611109137637261e-01,-1.062608841018308148e+01,1.146452147031913071e+01,4.128629491735411050e-01,-2.704771565337205641e-01
4.254756706751575690e-01,-6.157748057121271712e-01,-1.050912435809967960e+01,1.140175045781053775e+01,4.044383805905419904e-01,-2.697642327746662128e-01
4.157163143017932327e-01,-6.690981281416954474e-01,-1.039682454851781301e+01,1.134054356566660537e+01,3.950379200399021795e-01,-2.691223165722373967e-01
4.048911120102798300e-01,-7.194977258625535610e-01,-1.028837975537915916e+01,1.128026144118442531e+01,3.846024225386331929e-01,-2.685522353492520997e-01
3.929400237014762376e-01,-7.670840735291846180e-01,-1.018311480300409322e+01,1.122034135855236059e+01,3.730726505919244596e-01,-2.680523612638082698e-01
3.798095191164490014e-01,-8.119282872192600253e-01,-1.008046200806688653e+01,1.116028811263617548e+01,3.603955662916062397e-01,-2.676184167303370942e-01
3.654608504811702185e-01,-8.540777462811416365e-01,-9.979944890631159637e+00,1.109967388596652782e+01,3.465323601854848334e-01,-2.672431610682489134e-01
3.498802121010972099e-01,-8.935719049382555568e-01,-9.881169490187566851e+00,1.103814587123756930e+01,3.314683326572693267e-01,-2.669160918443981845e-01
3.330902441138308689e-01,-9.304589729809964460e-01,-9.783821202443890641e+00,1.097544027053865712e+01,3.152241087472903991e-01,-2.666233371862823942e-01
3.151613025851190963e-01,-9.648132864549292531e-01,-9.687665091151222541e+00,1.091140043692937667e+01,2.978666608076812605e-01,-2.663479623238207417e-01
2.962196194008524519e-01,-9.967521363933437017e-01,-9.592547304015415222e+00,1.084599550816527014e+01,2.795173458366038699e-01,-2.660709214332385164e-01
2.764484398402688448e-01,-1.026449707577392179e+00,-9.498394822740738874e+00,1.077933433116800543e+01,2.603531460760881155e-01,-2.657727902666343067e-01
2.560784688128860398e-01,-1.054144932917724153e+00,-9.405210736269220106e+00,1.071166856572144965e+01,2.405975209615876520e-01,-2.654361615432849764e-01
2.353665338669540252e-01,-1.080139980933217059e+00,-9.313062996058716791e+00,1.064337954703995592e+01,2.204997692332531234e-01,-2.650482042481933087e-01
2.145661789017921095e-01,-1.104787278073549261e+00,-9.222066383618855667e+00,1.057494650390584034e+01,2.003064722574858514e-01,-2.646025714222909331e-01
1.938985637293398623e-01,-1.128465682208616094e+00,-9.132359821040775927e+00,1.050689896164939441e+01,1.802331444458424026e-01,-2.640998860224191835e-01
1.735328970681351557e-01,-1.151550108454636900e+00,-9.044083192870409960e+00,1.043976201839959828e+01,1.604450829732252393e-01,-2.635465739328833323e-01
1.535812165350294856e-01,-1.174381775912980208e+00,-8.957358353302424803e+00,1.037400662980175525e+01,1.410521448009258161e-01,-2.629525605140937694e-01
1.341056457294372839e-01,-1.197246200812618122e+00,-8.872277504856194597e+00,1.031001544771490508e+01,1.221156794423491898e-01,-2.623287708369709259e-01
1.151320379158382728e-01,-1.220362794209762791e+00,-8.788899476274234956e+00,1.024806866431142893e+01,1.036617181640963337e-01,-2.616852215546498495e-01
9.666400141660472234e-02,-1.243885538559235782e+00,-8.707252129422023756e+00,1.018834746046182893e+01,8.569457818043318964e-02,-2.610300047611852081e-01
7.869391259585160892e-02,-1.267911260188454126e+00,-8.627338176481529786e+00,1.013094866940383909e+01,6.820756650393419718e-02,-2.603690402900445955e-01
6.121011899912992549e-02,-1.292491378808362290e+00,-8.549141993930607697e+00,1.007590395075036760e+01,5.118999294967701424e-02,-2.597062987241421927e-01
4.420096028460800130e-02,-1.317643960070518094e+00,-8.472635891964035437e+00,1.002319865033983781e+01,3.463109268262102441e-02,-2.590442207719450551e-01
2.765661860732463936e-02,-1.343364284315641033e+00,-8.397785141369919160e+00,9.972787816025533658e+00,1.852183721028581934e-02,-2.583841566541210666e-01
1.156967398756355778e-02,-1.369633271949404651e+00,-8.324551623204088813e+00,9.924608572999538580e+00,2.855483556822094315e-03,-2.577267406896264768e-01
-4.065030908550138627e-03,-1.396423783145771758e+00,-8.252896250045589355e+00,9.878589043693443372e+00,-1.237255072732766636e-02,-2.570721753494403239e-01
-1.925084800392189155e-02,-1.423705116826365469e+00,-8.182780403097195787e+00,9.834654405869452276e+00,-2.716512785516916190e-02,-2.564204288814256882e-01
-3.398989551352938482e-02,-1.451446114808930155e+00,-8.114166626748263056e+00,9.792730759079388392e+00,-4.152394300342700240e-02,-2.557713619869532162e-01
-4.828363388993472255e-02,-1.479617247494005916e+00,-8.047018780684553008e+00,9.752747394129848146e+00,-5.545008273060711423e-02,-2.551248010088951190e-01
-6.213339059791544300e-02,-1.508191988001152284e+00,-7.981301800429531745e+00,9.714637936789511485e+00,-6.894453431995425929e-02,-2.544805731939248084e-01
-7.554080796533280129e-02,-1.537147707743611980e+00,-7.916981173653883985e+00,9.678340715494053725e+00,-8.200862069194365944e-02,-2.538385166062422371e-01
-8.850820416395126233e-02,-1.566466262484830452e+00,-7.854022205637281040e+00,9.643798601859245423e+00,-9.464435098152826353e-02,-2.531984743755515965e-01
-1.010388458789467231e-01,-1.596134387696603207e+00,-7.792389122718028638e+00,9.610958495866025686e+00,-1.068546852107879475e-01,-2.525602805411401586e-01
-1.131371359563494300e-01,-1.626143984655658459e+00,-7.732044045812846100e+00,9.579770571954798086e+00,-1.186437161403228052e-01,-2.519237428466792328e-01
-1.248087220652544793e-01,-1.656492351762989035e+00,-7.672945855316857688e+00,9.550187363550316277e+00,-1.300167740971994168e-01,-2.512886263709106505e-01
-1.360605340421704446e-01,-1.687182396496612169e+00,-7.615048962331766091e+00,9.522162737459728632e+00,-1.409804621970093819e-01,-2.506546407521416664e-01
-1.469007585028021534e-01,-1.718222850038078064e+00,-7.558301997990742649e+00,9.495650792629902526e+00,-1.515426302968694849e-01,-2.500214328986142265e-01
-1.573387597045597941e-01,-1.749628497264806848e+00,-7.502646431737690413e+00,9.470604707243188258e+00,-1.617122964230505722e-01,-2.493885864133102703e-01
-1.673849556275658346e-01,-1.781420428245020116e+00,-7.448015130112964677e+00,9.446975552128911602e+00,-1.714995244155175236e-01,-2.487556284604636458e-01
-1.770506578898275729e-01,-1.813626312738374269e+00,-7.394330869433368036e+00,9.424711085603378891e+00,-1.809152661975458598e-01,-2.481220444355030363e-01
-1.863478834916260651e-01,-1.846280695879042533e+00,-7.341504818442396108e+00,9.403754544201683885e+00,-1.899711764787598012e-01,-2.474873005529660830e-01
-1.952891455574373158e-01,-1.879425310747941724e+00,-7.289435010442829821e+00,9.384043444765296726e+00,-1.986794068959210624e-01,-2.468508743265541427e-01
-2.038872292640046824e-01,-1.913109401554917932e+00,-7.238004828732377050e+00,9.365508415749740578e+00,-2.070523856400658946e-01,-2.462122928741638794e-01
-2.121549580501067844e-01,-1.947390049277975876e+00,-7.187081534778355874e+00,9.348072079479832652e+00,-2.151025875502997897e-01,-2.455711790329406508e-01
-2.201049540211476585e-01,-1.982332489396075648e+00,-7.136514876350283032e+00,9.331648012820364713e+00,-2.228422984975963472e-01,-2.449273054103851266e-01
-2.277493952003643574e-01,-2.018010408198834593e+00,-7.086135824221132751e+00,9.316139822183826524e+00,-2.302833766467903553e-01,-2.442806567209353519e-01
-2.350997709416971504e-01,-2.054506199213208983e+00,-7.035755503258710242e+00,9.301440381320954742e+00,-2.374370118752090753e-01,-2.436315010513100954e-01
-2.421666354160112167e-01,-2.091911153375610066e+00,-6.985164409946940545e+00,9.287431298926271950e+00,-2.443134832507812271e-01,-2.429804710381132382e-01
-2.489593576460447932e-01,-2.130325544105877711e+00,-6.934132047967144885e+00,9.273982710470114910e+00,-2.509219130640071294e-01,-2.423286562805700151e-01
-2.554858651847212725e-01,-2.169858549356399102e+00,-6.882407172057594558e+00,9.260953528333986995e+00,-2.572700145536391259e-01,-2.416777085621932275e-01
-2.617523773956644262e-01,-2.210627924577060366e+00,-6.829718914594105961e+00,9.248192340330563255e+00,-2.633638293509836803e-01,-2.410299614630506682e-01
-2.677631237628903538e-01,-2.252759300883174998e+00,-6.775779185787803804e+00,9.235539222905634560e+00,-2.692074501445721468e-01,-2.403885654490789670e-01
-2.735200433539550224e-01,-2.296384929996373891e+00,-6.720286890850956318e+00,9.222828833580287267e+00,-2.748027247492333403e-01,-2.397576381115094635e-01
-2.790224644953409050e-01,-2.341641633261411837e+00,-6.662934690846727293e+00,9.209895263330752258e+00,-2.801489406412185357e-01,-2.391424262784232202e-01
-2.842667703713743221e-01,-2.388667644892433994e+00,-6.603419222719017156e+00,9.196579246003535602e+00,-2.852424955489292202e-01,-2.385494713960361057e-01
-2.892460685100561868e-01,-2.437597992228202948e+00,-6.541455823144953996e+00,9.182738395261107911e+00,-2.900765717171734370e-01,-2.379867609447803289e-01
-2.939499017219238119e-01,-2.488558074038962786e+00,-6.476798740038125501e+00,9.168261084940091621e+00,-2.946408507167197488e-01,-2.374638361036706113e-01
-2.983640651411147982e-01,-2.541655258270157258e+00,-6.409267348586566548e+00,9.153084267085644044e+00,-2.989213322872719680e-01,-2.369918101059655391e-01
-3.024706241257353878e-01,-2.596968722908881588e+00,-6.338777733420140947e+00,9.137214754615488488e+00,-3.029003503194078739e-01,-2.365832364822803568e-01
-3.062482477363400735e-01,-2.654538485317063490e+00,-6.265376934096290817e+00,9.120752147672334331e+00,-3.065568987784099142e-01,-2.362517604989355924e-01
-3.096729580614615562e-01,-2.714355551943112843e+00,-6.189274322383950810e+00,9.103909758196092383e+00,-3.098673663198440176e-01,-2.360115048835359219e-01
-3.127193179090803632e-01,-2.776356034022484653e+00,-6.110861920579642614e+00,9.087028195632711913e+00,-3.128067021355195876e-01,-2.358761968943579868e-01
-3.153619279047084056e-01,-2.840422243123601920e+00,-6.030714854495629496e+00,9.070575919597944292e+00,-3.153498868682422795e-01,-2.358581384199668618e-01
-3.175769205846385446e-01,-2.906392494292282525e+00,-5.949566563546243358e+00,9.055133304788315129e+00,-3.174734021359423841e-01,-2.359672232102744405e-01
-3.193430266795380668e-01,-2.974078567221153158e+00,-5.868261031897445079e+00,9.041361672647544978e+00,-3.191562814538990156e-01,-2.362102540387333305e-01
-3.206418534170476509e-01,-3.043286690763936431e+00,-5.787692945084370599e+00,9.029964243143327352e+00,-3.203803883409613307e-01,-2.365907543196645868e-01
-3.214572622452164796e-01,-3.113836390108095653e+00,-5.708751142154414815e+00,9.021648753061716874e+00,-3.211298102275420008e-01,-2.371093142838968659e-01
-3.217740337525717975e-01,-3.185572572176698092e+00,-5.632278139882513912e+00,9.017099772944577651e+00,-3.213895518531324491e-01,-2.377643448740708043e-01
-3.215761942186429190e-01,-3.258369012252612329e+00,-5.559050950855706219e+00,9.016963905852220407e+00,-3.211438955650205429e-01,-2.385530243718458621e-01
-3.208453843780997294e-01,-3.332124132831714824e+00,-5.489780841906783948e+00,9.021846221640851482e+00,-3.203748024545334250e-01,-2.394722398603410796e-01
-3.195595354645128783e-01,-3.406751390398715440e+00,-5.425125581739077774e+00,9.032313684364265072e+00,-3.190606151469260188e-01,-2.405194058628012943e-01
-3.176919819855537064e-01,-3.482166657022832013e+00,-5.365707370498625117e+00,9.048901125796138700e+00,-3.171751899802274788e-01,-2.416931269567874352e-01
-3.152110491325246788e-01,-3.558274340674164815e+00,-5.312131370529325380e+00,9.072116453552705906e+00,-3.146874963459772023e-01,-2.429937261081164257e-01
-3.120801154137271549e-01,-3.634953257809027782e+00,-5.265001890210760926e+00,9.102443204464742976e+00,-3.115616842013878562e-01,-2.444236818249143628e-01
-3.082581474932186150e-01,-3.712042773207316237e+00,-5.224934945170886635e+00,9.140339724640595520e+00,-3.077576170914465559e-01,-2.459880151784480939e-01
-3.037007070070445458e-01,-3.789329515784503055e+00,-5.192566961878343434e+00,9.186235076015723422e+00,-3.032318706367501671e-01,-2.476946533220001911e-01
-2.983614148888624751e-01,-3.866535005207303310e+00,-5.168559947502973095e+00,9.240522330928591543e+00,-2.979391823317356081e-01,-2.495547763247503714e-01
-2.921938098827804309e-01,-3.943304694739786065e+00,-5.153603736147515768e+00,9.303550345409041356e+00,-2.918342903856344650e-01,-2.515831322769843115e-01
-2.851534435688783398e-01,-4.019199168418735368e+00,-5.148416097038453820e+00,9.375615479880949010e+00,-2.848740065545011246e-01,-2.537982835673260884e-01
-2.771999141506507613e-01,-4.093688449646851524e+00,-5.153741650921472406e+00,9.456955086422251355e+00,-2.770192302966943965e-01,-2.562227271506117288e-01
-2.682983731327535093e-01,-4.166150508230997751e+00,-5.170350724362989148e+00,9.547744872996604570e+00,-2.682364466174773088e-01,-2.588828168656804873e-01
-2.584198849787956442e-01,-4.235875021371497517e+00,-5.199039457728648728e+00,9.648102403016515893e+00,-2.584980992002665068e-01,-2.618084105509375648e-01
-2.475399442367602898e-01,-4.302073206033417030e+00,-5.240632567769403671e+00,9.758098852288693337e+00,-2.477811572591434586e-01,-2.650321717410040190e-01
-2.356345240530074436e-01,-4.363894136422500125e+00,-5.295989893636203760e+00,9.877780510123091773e+00,-2.360632645536787921e-01,-2.685884728603312177e-01
-2.226732734235685185e-01,-4.420447622507584384e+00,-5.366016668687535685e+00,1.000720003657855095e+01,-2.233161006272545712e-01,-2.725118606434743795e-01
-2.086098401810543568e-01,-4.470834040911397800e+00,-5.451674189850296059e+00,1.014645455048138523e+01,-2.094959406079839326e-01,-2.768350224429430573e-01
-1.933695770226995236e-01,-4.514183686924098104e+00,-5.553979740725729641e+00,1.029572189715744379e+01,-1.945316785029902462e-01,-2.815860732990564386e-01
-1.768346354570885515e-01,-4.549714553071271261e+00,-5.673967109323631242e+00,1.045527496031810522e+01,-1.783103351974336115e-01,-2.867846725878818170e-01
-1.588244695655986749e-01,-4.576832017516218265e+00,-5.812541764572515923e+00,1.062543051498300883e+01,-1.606581357680341715e-01,-2.924358613815994934e-01
-1.390626236049618270e-01,-4.595322293008691439e+00,-5.970093104654377925e+00,1.080634473046086441e+01,-1.413082647841314432e-01,-2.985195805079595144e-01
-1.171011639715332647e-01,-4.605730922474354117e+00,-6.145625756536894357e+00,1.099750548397225813e+01,-1.198274052619148766e-01,-3.049732005269472634e-01
-9.214992415437764373e-02,-4.610004616796707033e+00,-6.335200765780208521e+00,1.119679013442725690e+01,-9.544976626243266427e-02,-3.116665055909160209e-01
-6.288776109438620754e-02,-4.612146134352221871e+00,-6.530278310889678473e+00,1.139944530172339832e+01,-6.689444757364207406e-02,-3.183772691645124775e-01
-2.805976737555010425e-02,-4.617714388402990977e+00,-6.718729565970195772e+00,1.159863319427740436e+01,-3.294879455748269542e-02,-3.247877233127269836e-01
1.134695575119907401e-02,-4.631260833850843639e+00,-6.890599321190601145e+00,1.178873414166411671e+01,5.417192148615808389e-03,-3.305360263474086402e-01
5.172556644401256343e-02,-4.654583868226688459e+00,-7.042049249642267306e+00,1.196760964857171139e+01,4.469424551734921952e-02,-3.353582301511351393e-01
8.993417898246836018e-02,-4.687836319039075939e+00,-7.172912898902207957e+00,1.213523291457089925e+01,8.183574169031791745e-02,-3.391995018127377803e-01
1.247169923524971830e-01,-4.730670680313936671e+00,-7.283991836944018416e+00,1.229208543554199551e+01,1.156312009333734514e-01,-3.421532406535585658e-01
1.559790845184527985e-01,-4.782513920210119451e+00,-7.376231483203949502e+00,1.243858526889319371e+01,1.459964796343801718e-01,-3.443567855363094954e-01
1.840091190239504237e-01,-4.842615896937244813e+00,-7.450526367035426922e+00,1.257493101892097265e+01,1.732178467610684114e-01,-3.459441611598801924e-01
2.091307118403996079e-01,-4.910088152425373664e+00,-7.507666767010140241e+00,1.270108297540600262e+01,1.976139245503484854e-01,-3.470371257720833436e-01
2.316014984573148972e-01,-4.983945076309573174e+00,-7.548346486653938037e+00,1.281680958187361341e+01,2.194382351782621643e-01,-3.477466976568782675e-01
2.516090276650272406e-01,-5.063147406492873870e+00,-7.573197147921382211e+00,1.292176293269177556e+01,2.388755260810273284e-01,-3.481744466581346287e-01
2.692960456221236143e-01,-5.146649131967170554e+00,-7.582825124212087431e+00,1.301556008525510855e+01,2.560664359873252582e-01,-3.484115887942341727e-01
2.847883113482713169e-01,-5.233445603842143967e+00,-7.577838460196025139e+00,1.309785559772506147e+01,2.711345257838096989e-01,-3.485367470627667719e-01
2.982145720585538395e-01,-5.322618050431411341e+00,-7.558859379512532506e+00,1.316839654001296189e+01,2.842056871062074164e-01,-3.486137753430329500e-01
3.097159302187135199e-01,-5.413369506328221448e+00,-7.526522938467014257e+00,1.322705588165344537e+01,2.954172848791636330e-01,-3.486906838166001221e-01
3.194459805310442269e-01,-5.505048885125661151e+00,-7.481464915781850245e+00,1.327384415553381025e+01,3.049183790701420760e-01,-3.488000386672902020e-01
3.275650326097550580e-01,-5.597162323964033348e+00,-7.424302987376180774e+00,1.330890240870792418e+01,3.128642292737817132e-01,-3.489606092468069409e-01
3.342319074226005604e-01,-5.689372940825088598e+00,-7.355615385321581101e+00,1.333248147272375839e+01,3.194084464979015658e-01,-3.491797086204210254e-01
3.395958825201578768e-01,-5.781491219368482426e+00,-7.275921234932113180e+00,1.334491363141573217e+01,3.246952747224196578e-01,-3.494556339791467514e-01
3.437901349710043575e-01,-5.873458255136885242e+00,-7.185667145697219205e+00,1.334658322222919402e+01,3.288533030074424768e-01,-3.497797530989255610e-01
3.469270235456770601e-01,-5.965323127260806046e+00,-7.085225943850328889e+00,1.333790313721523724e+01,3.319909382348284477e-01,-3.501379741235789433e-01
3.490949683773440504e-01,-6.057213743847016829e+00,-6.974916348981156311e+00,1.331930527613392279e+01,3.341934063160634238e-01,-3.505114999229042572e-01
3.503565306029253756e-01,-6.149297636432058844e+00,-6.855057593095485124e+00,1.329125542165922624e+01,3.355208994065598249e-01,-3.508768933141884760e-01
3.507475354873395013e-01,-6.241725622462602985e+00,-6.726080147104259055e+00,1.325430677515951672e+01,3.360077192127446377e-01,-3.512056165673108077e-01
3.502777521846313080e-01,-6.334548806434491475e+00,-6.588718176479838817e+00,1.320920874377886456e+01,3.356629139079600477e-01,-3.514634710770954129e-01
3.489347496229951440e-01,-6.427604258531766313e+00,-6.444294219499026255e+00,1.315707799065872052e+01,3.344739781762412489e-01,-3.516109005209016591e-01
3.466935494301703891e-01,-6.520390347911559026e+00,-6.295035334295937979e+00,1.309959407196470771e+01,3.324161612288880630e-01,-3.516059068828871759e-01
3.435334824782811380e-01,-6.612008850372960822e+00,-6.144206723151734550e+00,1.303908490097284911e+01,3.294687640373928361e-01,-3.514115000025966329e-01
3.394572426777128782e-01,-6.701294088454816666e+00,-5.995733480897351697e+00,1.297829158165682628e+01,3.256336058746798212e-01,-3.510070008089971605e-01
3.344988998726792784e-01,-6.787154034033013872e+00,-5.853245839470717193e+00,1.291976465055098622e+01,3.209428478087220094e-01,-3.503967873369399078e-01
3.287119889767332048e-01,-6.868915055250944590e+00,-5.719123167279727582e+00,1.286524934706917200e+01,3.154475288322887705e-01,-3.496084909198380886e-01
3.221472839464006310e-01,-6.946419027582182437e+00,-5.594227615280879640e+00,1.281550174714323376e+01,3.091960662700779516e-01,-3.486816030247719134e-01
3.148368504973433901e-01,-7.019883967556689086e+00,-5.478296405524633705e+00,1.277052748221486489e+01,3.022187869678281680e-01,-3.476556699185804344e-01
3.067893009751663236e-01,-7.089710566576999717e+00,-5.370489364215160322e+00,1.272992873346497156e+01,2.945232892254044388e-01,-3.465639675849995771e-01
2.979915533795746141e-01,-7.156347130368699183e+00,-5.269778222917614663e+00,1.269315730427180355e+01,2.860961080105682286e-01,-3.454320445454813204e-01
2.884122057716149712e-01,-7.220222493943425413e+00,-5.175147774090222086e+00,1.265965012206540230e+01,2.769059530705068606e-01,-3.442785391772923420e-01
2.780043553545045176e-01,-7.281721587709858667e+00,-5.085676950120272544e+00,1.262888785161070260e+01,2.669064146295918594e-01,-3.431165475577666046e-01
2.667074064755629581e-01,-7.341181671589674274e+00,-5.000560206885887204e+00,1.260041423385962212e+01,2.560376919136049256e-01,-3.419548414238556822e-01
2.544480236050951638e-01,-7.398896886549391816e+00,-4.919103717323560332e+00,1.257383814171756420e+01,2.442274935666734759e-01,-3.407987577501927490e-01
2.411405122200906415e-01,-7.455125346930304708e+00,-4.840712906477777189e+00,1.254882915325030801e+01,2.313913830884110900e-01,-3.396507674683192923e-01
2.266869049582617701e-01,-7.510096390104331832e+00,-4.764878444057159435e+00,1.252511146287702282e+01,2.174328379740001205e-01,-3.385107741744771137e-01
2.109770218307997769e-01,-7.564017146978615713e+00,-4.691163431434093312e+00,1.250245810956320724e+01,2.022432838600448923e-01,-3.373761903124844475e-01
1.938888000430626091e-01,-7.617078242419314194e+00,-4.619192625575374578e+00,1.248068623269995037e+01,1.857023920621391766e-01,-3.362418252598269874e-01
1.752892619480017067e-01,-7.669458670890049845e+00,-4.548643781839410316e+00,1.245965352495671219e+01,1.676790012140905450e-01,-3.350996097989392686e-01
1.550366126823658208e-01,-7.721329947897173973e+00,-4.479240928809012701e+00,1.243925582564749632e+01,1.480331452396749237e-01,-3.339381797247210071e-01
1.329841305323900269e-01,-7.772859611316111916e+00,-4.410749318248838868e+00,1.241942569378421624e+01,1.266198392874148260e-01,-3.327423517764880878e-01
1.089867172686571212e-01,-7.824214079023378510e+00,-4.342971787866287237e+00,1.240013172298109012e+01,1.032954773186338798e-01,-3.314925528578525071e-01
8.291116362405598350e-02,-7.875560778293001718e+00,-4.275746268332791367e+00,1.238137826254700435e+01,7.792788197824120078e-02,-3.301643151719901859e-01
5.465124415268528962e-02,-7.927069363677756719e+00,-4.208944121468723765e+00,1.236320506808348973e+01,5.041110882108745805e-02,-3.287280309703615733e-01
2.414847342430373120e-02,-7.978911762989382872e+00,-4.142468889924236564e+00,1.234568622562798268e+01,2.068583411436387270e-02,-3.271492686049392584e-01
-8.581593688383026136e-03,-8.031260792288881234e+00,-4.076254865075127576e+00,1.232892752549573778e+01,-1.123477244182823770e-02,-3.253900620632119711e-01
-4.341960672573384750e-02,-8.084287245759476548e+00,-4.010264675888770114e+00,1.231306142284441840e+01,-4.523572355894318886e-02,-3.234116330989837973e-01
-8.011438499865186635e-02,-8.138155773105607338e+00,-3.944484979829889326e+00,1.229823899486436112e+01,-8.107250881819140498e-02,-3.211788694715530523e-01
-1.182652570419838733e-01,-8.193020479439036663e+00,-3.878919497130756788e+00,1.228461905498667406e+01,-1.183535104712675340e-01,-3.186664270401045607e-01
-1.573252610832749088e-01,-8.249021760717228702e+00,-3.813579274654701479e+00,1.227235575578808913e+01,-1.565428735521951775e-01,-3.158655167230824401e-01
-1.966330042228828234e-01,-8.306285923165471985e+00,-3.748471171970729543e+00,1.226158710232561866e+01,-1.949915541649297479e-01,-3.127895466206553343e-01
-2.354723316077338424e-01,-8.364928214507138193e+00,-3.683586641946236639e+00,1.225242694467469917e+01,-2.329957908690278856e-01,-3.094764308227905825e-01
-2.731472893626981091e-01,-8.425058236018591273e+00,-3.618893107332396664e+00,1.224496164907359308e+01,-2.698707594547861133e-01,-3.059861414692135462e-01
-3.090522059127949750e-01,-8.486785282035084421e+00,-3.554329144311539235e+00,1.223925025006055911e+01,-3.050195900886036315e-01,-3.023938598917327303e-01
-3.427187290295666822e-01,-8.550220947159919760e+00,-3.489802806594378026e+00,1.223532490188130417e+01,-3.379798442668849878e-01,-2.987808561487073633e-01
-3.738320316874265692e-01,-8.615477412166365312e+00,-3.425190980089856563e+00,1.223318808952445735e+01,-3.684397175002316893e-01,-2.952258541458520069e-01
-4.022200570708938105e-01,-8.682661348067627571e+00,-3.360337477585550126e+00,1.223280433638890585e+01,-3.962277030272230993e-01,-2.917988883811022949e-01
-4.278263373740858189e-01,-8.751864529155177763e+00,-3.295048508606475579e+00,1.223408612420992192e+01,-4.212860368833374891e-01,-2.885582691601336625e-01
-4.506773491605278736e-01,-8.823152756489768933e+00,-3.229085462801793316e+00,1.223687548812848824e+01,-4.436386983784868510e-01,-2.855501425067308863e-01
-4.708520964315294766e-01,-8.896554751050501864e+00,-3.162156018835386107e+00,1.224092386508133856e+01,-4.633615426701418460e-01,-2.828096495642829500e-01
-4.884576612905005000e-01,-8.972052550113316371e+00,-3.093905215693008692e+00,1.224587329280120329e+01,-4.805582626930512968e-01,-2.803627419252855413e-01
-5.036115092185948772e-01,-9.049574788436169470e+00,-3.023908337823743242e+00,1.225124215229071467e+01,-4.953429717000836785e-01,-2.782280017054323262e-01
-5.164297193953489851e-01,-9.128994110761803782e+00,-2.951667367771976025e+00,1.225641844562555427e+01,-5.078286026993951152e-01,-2.764181245715974788e-01
-5.270197028178285059e-01,-9.210129825632051848e+00,-2.876612406795766130e+00,1.226066313790696150e+01,-5.181197182951042812e-01,-2.749409540495666437e-01
-5.354759169993887902e-01,-9.292756715833832004e+00,-2.798108853007401198e+00,1.226312531057418198e+01,-5.263082673456425109e-01,-2.738000976615052595e-01
-5.418772382703958002e-01,-9.376620571321540254e+00,-2.715470216927239111e+00,1.226286963929554297e+01,-5.324709717545892396e-01,-2.729952359458747146e-01
-5.462848164007457763e-01,-9.461460388066557314e+00,-2.627975216390907587e+00,1.225891487550769376e+01,-5.366671857245788324e-01,-2.725222809335728358e-01
-5.487393410391799842e-01,-9.547036219264617429e+00,-2.534886292404057162e+00,1.225027957335925066e+01,-5.389361713821677613e-01,-2.723735637150276889e-01
-5.492567014701895678e-01,-9.633160496264407513e+00,-2.435465177180406560e+00,1.223602862423144266e+01,-5.392927846768585942e-01,-2.725382286196240123e-01
-5.478210468470899874e-01,-9.719729654191521462e+00,-2.328980073162466802e+00,1.221531207120838225e+01,-5.377205897266389423e-01,-2.730029751957596673e-01
-5.443742378914740998e-01,-9.806752699681617003e+00,-2.214698832665507489e+00,1.218738723536521817e+01,-5.341614027905375872e-01,-2.737532177368022790e-01
-5.388005131999092923e-01,-9.894374441670732878e+00,-2.091863383494466433e+00,1.215161702781865216e+01,-5.285000999519497977e-01,-2.747746441688692642e-01
-5.309046498463453334e-01,-9.982893501821163085e+00,-1.959641973814462590e+00,1.210744095598434811e+01,-5.205429836569039903e-01,-2.760550873064271382e-01
-5.203806506801660348e-01,-1.007277840624612963e+01,-1.817056386474721341e+00,1.205431904301320323e+01,-5.099867672947941966e-01,-2.775866049342249897e-01
-5.067655893724655192e-01,-1.016468834217559269e+01,-1.662879597602279214e+00,1.199165047799742467e+01,-4.963728576372164469e-01,-2.793677059386448502e-01
-4.893689908089003393e-01,-1.025950831674995989e+01,-1.495494065099330028e+00,1.191866668790853723e+01,-4.790173995078723101e-01,-2.814057152435025522e-01
-4.671608373157862815e-01,-1.035841212707791215e+01,-1.312690745606961862e+00,1.183429208163648561e+01,-4.569003222652233132e-01,-2.837192226490867220e-01
-4.385893192713950506e-01,-1.046297198359771841e+01,-1.111373141943219567e+00,1.173695522726154117e+01,-4.284847506472137524e-01,-2.863401015914275316e-01
-4.012830405554012603e-01,-1.057534053014188657e+01,-8.871121992628202557e-01,1.162432134231944048e+01,-3.914218396724751803e-01,-2.893127731624391963e-01
-3.515898299655911829e-01,-1.069852626999617407e+01,-6.335088483011748206e-01,1.149292275036521715e+01,-3.420934219661512787e-01,-2.926821339505003006e-01
-2.840421736963152366e-01,-1.083667922725488175e+01,-3.415658350061123172e-01,1.133780484140179823e+01,-2.750810587448426769e-01,-2.964409052414831436e-01
-1.918010130883392450e-01,-1.099461863929242966e+01,-8.671273268330281780e-04,1.115322517536745295e+01,-1.836020088459208166e-01,-3.003475468758586286e-01
-7.346449788048375895e-02,-1.117270634417262265e+01,3.883451283168815049e-01,1.093966797881677522e+01,-6.624739974752580363e-02,-3.034636881295653121e-01
4.504966682326654037e-02,-1.135089093761430945e+01,7.778192129096026530e-01,1.072559858887149176e+01,5.133385868023701559e-02,-3.040836863191213602e-01
1.254939981119471137e-01,-1.150093092236026848e+01,1.100108244432208782e+00,1.055095386738029184e+01,1.312345641467451141e-01,-3.025906869205501337e-01
1.748974294858782474e-01,-1.162701773623826540e+01,1.363609811329019372e+00,1.041166674338589537e+01,1.803847546231203414e-01,-3.009434048211367396e-01
2.069692322516027971e-01,-1.173845654248941450e+01,1.589114728551070721e+00,1.029609773243195647e+01,2.123586932266766092e-01,-2.996777350125557904e-01
2.288185185875134808e-01,-1.184059762957321738e+01,1.788493082282703872e+00,1.019760493929336143e+01,2.341993217225011581e-01,-2.987988932995124247e-01
2.440696529475961385e-01,-1.193655435721311697e+01,1.968502384924101678e+00,1.011246025200942711e+01,2.494981390958081746e-01,-2.982281476849301116e-01
2.547063213752698285e-01,-1.202829792499892747e+01,2.133292787952949965e+00,1.003842252251645029e+01,2.602210733897750150e-01,-2.978865686144549496e-01
2.618787808368703840e-01,-1.211715625829623377e+01,2.285594216312367699e+00,9.974039298180594315e+00,2.675081019926426884e-01,-2.977067830074067167e-01
2.662761487341732125e-01,-1.220404536110718752e+01,2.427318561134728547e+00,9.918270648817243185e+00,2.720421025205461141e-01,-2.976318355089210277e-01
2.683132724822371307e-01,-1.228957698959733413e+01,2.559898401537791468e+00,9.870255572225875795e+00,2.742340220539380424e-01,-2.976126449502536353e-01
2.682335348890541038e-01,-1.237410687652902475e+01,2.684496306538358024e+00,9.829150237763785825e+00,2.743247595616253864e-01,-2.976063109094221892e-01
2.661715831844181923e-01,-1.245775834601536758e+01,2.802140615455075867e+00,9.794016540210527921e+00,2.724473425142737160e-01,-2.975755775523862279e-01
2.621959243039503895e-01,-1.254044470506506315e+01,2.913808810951389994e+00,9.763762814169796300e+00,2.686691588689588128e-01,-2.974892515769030910e-01
2.563400159032520054e-01,-1.262190612542946688e+01,3.020465285882546702e+00,9.737145036686172261e+00,2.630227948715968544e-01,-2.973231312324233211e-01
2.486248210463733732e-01,-1.270176700111380619e+01,3.123058580303904375e+00,9.712828694942654550e+00,2.555284167232019787e-01,-2.970608766222865293e-01
2.390734294156076634e-01,-1.277960839661480641e+01,3.222488705819520405e+00,9.689494655698831949e+00,2.462082889562952903e-01,-2.966943016787759735e-01
2.277181465607301947e-01,-1.285504173627281510e+01,3.319561434994897198e+00,9.665957983349917626e+00,2.350938230926805095e-01,-2.962228092375633337e-01
2.146012720290391973e-01,-1.292776831928153491e+01,3.414947737019054852e+00,9.641266229129668019e+00,2.222263636515917073e-01,-2.956520098984921630e-01
1.997715854826595527e-01,-1.299761433805111643e+01,3.509161445321013595e+00,9.614754238519417129e+00,2.076537116086879797e-01,-2.949918094958595138e-01
1.832788225599957799e-01,-1.306453911143967872e+01,3.602559621920134347e+00,9.586049293001480009e+00,1.914246475511336976e-01,-2.942543419964144258e-01
1.651681502702482818e-01,-1.312862126789885941e+01,3.695362139806063873e+00,9.555035288113055358e+00,1.735834488789399221e-01,-2.934520838339605975e-01
1.454760514406305272e-01,-1.319003146751186328e+01,3.787682506596627974e+00,9.521792814832354068e+00,1.541658016222735017e-01,-2.925963720445781679e-01
1.242283174785193817e-01,-1.324900065698420626e+01,3.879561393830017302e+00,9.486532769767983098e+00,1.331968037148049122e-01,-2.916964170095331932e-01
1.014402223425535238e-01,-1.330579076984633780e+01,3.970996521542209834e+00,9.449536689395941380e+00,1.106911349866493144e-01,-2.907587896359782875e-01
7.711854537601559034e-02,-1.336067169743346561e+01,4.061965689600532947e+00,9.411110683809795319e+00,8.665506620601501342e-02,-2.897872940580871193e-01
5.126496008055653197e-02,-1.341390556616507190e+01,4.152442428549981912e+00,9.371554352932417231e+00,6.108982906270712943e-02,-2.887831140487893133e-01
2.388034423119378066e-02,-1.346573754066343831e+01,4.242405347224688761e+00,9.331142673651148911e+00,3.399590621271572632e-02,-2.877451330174112809e-01
-5.030312791890301921e-03,-1.351639157634111044e+01,4.331842842068174271e+00,9.290117508179033479e+00,5.377919571907380930e-03,-2.866703563269511479e-01
-3.545261667591805693e-02,-1.356606946692021332e+01,4.420754769615595769e+00,9.248685413759460516e+00,-2.475009319906311747e-02,-2.855543956787151560e-01
-6.735724423627342805e-02,-1.361495181460538717e+01,4.509152336202030931e+00,9.207019097344154801e+00,-5.635916894583314907e-02,-2.843919995333269446e-01
-1.006943602061042553e-01,-1.366319993484922080e+01,4.597057068199717378e+00,9.165260655473193907e+00,-8.939984719998148033e-02,-2.831776274021122197e-01
-1.353882273726008667e-01,-1.371095805922722199e+01,4.684499404651949028e+00,9.123525424298479791e+00,-1.237967887951185175e-01,-2.819060688973460405e-01
-1.713323902238937102e-01,-1.375835547329589659e+01,4.771517232388106322e+00,9.081905764891207156e+00,-1.594439648716788338e-01,-2.805731015563277531e-01
-2.083859559075134094e-01,-1.380550842209307305e+01,4.858154552533203940e+00,9.040474437179987888e+00,-1.962009397273176692e-01,-2.791761662856417914e-01
-2.463716128707497677e-01,-1.385252175072057845e+01,4.944460404157356770e+00,8.999287413276217507e+00,-2.338908874663200022e-01,-2.777150185780917213e-01
-2.850760617562089760e-01,-1.389949033740388096e+01,5.030488150365408195e+00,8.958386090331552865e+00,-2.723010166667624299e-01,-2.761922920947531002e-01
-3.242534268710451917e-01,-1.394650043082230262e+01,5.116295229080347617e+00,8.917798919829172277e+00,-3.111859712828362046e-01,-2.746138956448009871e-01
-3.636319296922566058e-01,-1.399363102413807169e+01,5.201943459932496516e+00,8.877542501693108434e+00,-3.502744896051844803e-01,-2.729891631582990752e-01
-4.029236443716043836e-01,-1.404095538242681407e+01,5.287499956450914418e+00,8.837622218735212698e+00,-3.892791422254542333e-01,-2.713306956296109851e-01
-4.418365932754164671e-01,-1.408854278621334899e+01,5.373038601278320670e+00,8.798032525212384769e+00,-4.279084086792639963e-01,-2.696538756364962874e-01
-4.800879178040421968e-01,-1.413646046523299304e+01,5.458641894433947428e+00,8.758757062421913986e+00,-4.658798301523782159e-01,-2.679760919730781454e-01
-5.174165410186961633e-01,-1.418477558493631996e+01,5.544402787822821033e+00,8.719768857862494116e+00,-5.029326570687846498e-01,-2.663157691065609622e-01
-5.535937470918973480e-01,-1.423355703139873540e+01,5.630425893270430748e+00,8.681030969678740661e+00,-5.388384185500026957e-01,-2.646913352636933170e-01
-5.884304592900405639e-01,-1.428287663813694763e+01,5.716827226462984690e+00,8.642498054801581731e+00,-5.734081966632860183e-01,-2.631202702365813551e-01
-6.217806068248489249e-01,-1.433280943120876039e+01,5.803731468541149852e+00,8.604119445236927177e+00,-6.064959959632648667e-01,-2.616183467505666660e-01
-6.535406607131521994e-01,-1.438343246242287599e+01,5.891265663572277766e+00,8.565844366246214037e+00,-6.379982875666148079e-01,-2.601991268608300767e-01
-6.836460191673892073e-01,-1.443482189594002918e+01,5.979548452692760030e+00,8.527629836703130906e+00,-6.678504065261343658e-01,-2.588737142164909688e-01
-7.120653236241435424e-01,-1.448704827408732854e+01,6.068674569454708845e+00,8.489451425888240976e+00,-6.960208813686228346e-01,-2.576507115417360771e-01
-7.387939498778479663e-01,-1.454017037710696947e+01,6.158695583780462890e+00,8.451316271041150685e+00,-7.225049379777315206e-01,-2.565363031686502260e-01
-7.638478494311916611e-01,-1.459422879919108240e+01,6.249599783339898629e+00,8.413276581131606591e+00,-7.473183510786797212e-01,-2.555343814987789952e-01
-7.872586236010573613e-01,-1.464924109084305748e+01,6.341296101889019710e+00,8.375440587005941850e+00,-7.704925249101057805e-01,-2.546466637298442914e-01
-8.090702171107688745e-01,-1.470520061754641361e+01,6.433607930332611247e+00,8.337977306698318714e+00,-7.920711901061523452e-01,-2.538727920734061283e-01
-8.293370114281621852e-01,-1.476208064208633353e+01,6.526281045325159624e+00,8.301112478418572138e+00,-8.121084985543793877e-01,-2.532104568574592429e-01
-8.481225966410909090e-01,-1.481984345598890407e+01,6.619005424658078951e+00,8.265115792101948244e+00,-8.306677971156148921e-01,-2.526556011154219572e-01
-8.654983620669044475e-01,-1.487845238836220041e+01,6.711445278366537259e+00,8.230282950062891345e+00,-8.478202220310917525e-01,-2.522027423860335182e-01
-8.815413554570440402e-01,-1.493788342539079572e+01,6.803268506468665322e+00,8.196918048768502274e+00,-8.636425642005228775e-01,-2.518453954509925485e-01
-8.963314045370054384e-01,-1.499813367164115263e+01,6.894167958558338860e+00,8.165321063818995029e+00,-8.782143980743266631e-01,-2.515765337024599702e-01
-9.099479182717573611e-01,-1.505922550214003408e+01,6.983871147793756506e+00,8.135782556903075502e+00,-8.916148899910597558e-01,-2.513890148571499283e-01
-9.224668875093278153e-01,-1.512120687025284482e+01,7.072139472016022665e+00,8.108584967219359285e+00,-9.039198043623937195e-01,-2.512759185609556023e-01
-9.339584438200232430e-01,-1.518414907526630486e+01,7.158760384125452347e+00,8.084008334672892815e+00,-9.151990659994612143e-01,-2.512307780924604161e-01
-9.444850933958089945e-01,-1.524814331619054464e+01,7.243536163332191080e+00,8.062338139849106966e+00,-9.255149955637916870e-01,-2.512477159118098324e-01
-9.541005575870191713e-01,-1.531329694416603715e+01,7.326271954366404771e+00,8.043873525795307344e+00,-9.349211501736166552e-01,-2.513215059009636376e-01
-9.628490635979390921e-01,-1.537972984269756616e+01,7.406764550366347954e+00,8.028934874159114443e+00,-9.434616132006339306e-01,-2.514475865498977392e-01
-9.707649169194472183e-01,-1.544757099415139301e+01,7.484792498725328258e+00,8.017870228966966550e+00,-9.511705652593578364e-01,-2.516220448161157752e-01
-9.778722156111658848e-01,-1.551695506248550416e+01,7.560107601885829531e+00,8.011060335020651735e+00,-9.580719967929296477e-01,-2.518415843820365208e-01
-9.841846093914966564e-01,-1.558801870066435136e+01,7.632427677925680776e+00,8.008922139961192954e+00,-9.641794653879671717e-01,-2.521034868344868562e-01
-9.897050510481658625e-01,-1.566089623330165281e+01,7.701430418836921810e+00,8.011910576642828019e+00,-9.694958454252151636e-01,-2.524055706527292831e-01
-9.944255311274013964e-01,-1.573571434139306646e+01,7.766748245321474009e+00,8.020518358647784396e+00,-9.740130610799340172e-01,-2.527461508849068172e-01
-9.983268317645948020e-01,-1.581258537367190975e+01,7.827964147667431760e+00,8.035273431899334184e+00,-9.777118385944140178e-01,-2.531240019220351578e-01
-1.001378386954162147e+00,-1.589159892780359762e+01,7.884608588739325796e+00,8.056733663458565786e+00,-9.805615652273438343e-01,-2.535383268151008007e-01
-1.003538400492262062e+00,-1.597281139163230890e+01,7.936157606394179886e+00,8.085478343281318203e+00,-9.825204063156661727e-01,-2.539887391994531396e-01
-1.004754454873300951e+00,-1.605623322061191871e+01,7.982032274788365633e+00,8.122096150495798028e+00,-9.835359140764652341e-01,-2.544752681815961592e-01
-1.004964947734551473e+00,-1.614181386271451046e+01,8.021599659033723739e+00,8.167169410012547814e+00,-9.835464652778115324e-01,-2.549984024266776506e-01
-1.004101813254640652e+00,-1.622942443440983240e+01,8.054175326220297748e+00,8.221254742331089105e+00,-9.824839859249687724e-01,-2.555591966503274470e-01
-1.002095104691113292e+00,-1.631883850721931140e+01,8.079027371972912874e+00,8.284860576043548974e+00,-9.802785400558279294e-01,-2.561594705411915918e-01
-9.988800808032161083e-01,-1.640971169498585880e+01,8.095381815100981981e+00,8.358422421120771162e+00,-9.768654263340675881e-01,-2.568021346594396292e-01
-9.944073533034046841e-01,-1.650156116351001145e+01,8.102429142857170419e+00,8.442277266497248078e+00,-9.721953402894976115e-01,-2.574916768830055602e-01
-9.886562548094317560e-01,-1.659374676347351851e+01,8.099331782621813858e+00,8.536638976122480571e+00,-9.662477617206551850e-01,-2.582348322431127774e-01
-9.816506916179917885e-01,-1.668545625991725245e+01,8.085232301048572268e+00,8.641577185277265372e+00,-9.590468304052267579e-01,-2.590414328656699405e-01
-9.734752806497738442e-01,-1.677569805470706754e+01,8.059262033389339663e+00,8.757003068777413191e+00,-9.506775065032883054e-01,-2.599253856952012942e-01
-9.642878525113072197e-01,-1.686330557614212466e+01,8.020549295587942495e+00,8.882666537134976892e+00,-9.412980925216938299e-01,-2.609056456796020607e-01
-9.543234223854006881e-01,-1.694695742632133317e+01,7.968224895117321793e+00,9.018170708581163098e+00,-9.311442117556463227e-01,-2.620069414960186638e-01
-9.438860021516639609e-01,-1.702521538967918957e+01,7.901420096214302191e+00,9.163010191332178422e+00,-9.205206097816120980e-01,-2.632598995122698571e-01
-9.333291386407840395e-01,-1.709657780282904582e+01,7.819248951735428221e+00,9.316638700933191686e+00,-9.097816601801255176e-01,-2.647001776331144307e-01
-9.230327561130586833e-01,-1.715953923966332795e+01,7.720764262281985424e+00,9.478568187403935141e+00,-8.993081553104051995e-01,-2.663663609761217632e-01
-9.133895635292863524e-01,-1.721264145144708380e+01,7.604875683265377440e+00,9.648496916259775347e+00,-8.894936525443812858e-01,-2.682966911816790923e-01
-9.048163611021574626e-01,-1.725449806253020313e+01,7.470219754522087641e+00,9.826460508636685631e+00,-8.807557224312478894e-01,-2.705249978848252579e-01
-8.978053922388679053e-01,-1.728377831199390613e+01,7.314974092274093564e+00,1.001300001821185148e+01,-8.735872480529539574e-01,-2.730760966546461055e-01
-8.930333018700616909e-01,-1.729914380786284767e+01,7.136614892566051083e+00,1.020934209240966872e+01,-8.686653150162313430e-01,-2.759600377875682242e-01
-8.915517254782998613e-01,-1.729915330240288895e+01,6.931650776892985810e+00,1.041757201607457262e+01,-8.670416463002628138e-01,-2.791626692683852329e-01
-8.950681638162962805e-01,-1.728222001186379231e+01,6.695520672590147271e+00,1.064069236639347338e+01,-8.704230798678663783e-01,-2.826271088346821725e-01
-9.061314159905290433e-01,-1.724696967432030448e+01,6.423465337339550274e+00,1.088209357236630481e+01,-8.813561236802884835e-01,-2.862206647279455507e-01
-9.270450043203910528e-01,-1.719422098843313051e+01,6.115216961247479155e+00,1.114277917039740018e+01,-9.021393226555258771e-01,-2.897107038590930883e-01
-9.542554655661974472e-01,-1.713284869964589419e+01,5.788599505148328106e+00,1.141346656751329647e+01,-9.292142234183915495e-01,-2.929027871095662983e-01
-9.731731477241557515e-01,-1.708287118909971980e+01,5.486074526793952799e+00,1.167108531826640139e+01,-9.479973538994981297e-01,-2.960268896754574275e-01
-9.761099497524827751e-01,-1.705666220769480290e+01,5.231439257310151802e+00,1.190382821208100594e+01,-9.508116935705883677e-01,-2.994238062458182137e-01
-9.680884711829763623e-01,-1.705273841894053888e+01,5.017737052536181075e+00,1.211717402409770195e+01,-9.426788288299531304e-01,-3.030277497899176442e-01
-9.538339934184260072e-01,-1.706773172172523800e+01,4.835053196324789582e+00,1.231773617583634817e+01,-9.283192202459992215e-01,-3.066794472655148263e-01
-9.357019230999228387e-01,-1.709938559761640420e+01,4.676945010988981188e+00,1.250974536678353743e+01,-9.100847841020133222e-01,-3.102716063161770621e-01
-9.147267960002702925e-01,-1.714622193339791068e+01,4.539566570628922548e+00,1.269559930782121704e+01,-8.890080063495617857e-01,-3.137416614616768684e-01
-8.913491603822808473e-01,-1.720708487756587957e+01,4.420660997811164172e+00,1.287642806652753080e+01,-8.655282394436727422e-01,-3.170525318410107318e-01
-8.658139153588378933e-01,-1.728083701961578100e+01,4.318938740621429240e+00,1.305242265859944872e+01,-8.398895171759490630e-01,-3.201796356637718333e-01
-8.384246397050244548e-01,-1.736616707604925480e+01,4.233684973156770504e+00,1.322304203695422231e+01,-8.123944267724440005e-01,-3.231017057894295941e-01
-8.097293822957175591e-01,-1.746148281933741586e+01,4.164479042057963376e+00,1.338718836785660571e+01,-7.835895234172146617e-01,-3.257938717318014654e-01
-7.806232534538244394e-01,-1.756489028621669490e+01,4.110973862578113369e+00,1.354340302126797368e+01,-7.543677725716988469e-01,-3.282249213940676147e-01
-7.523033579959161887e-01,-1.767427012076392501e+01,4.072730301125064400e+00,1.369009968605376137e+01,-7.259237545632114541e-01,-3.303622044832256188e-01
-7.260463326065855760e-01,-1.778744198644704255e+01,4.049127464047048264e+00,1.382580709849129263e+01,-6.995318815141756685e-01,-3.321837550349847068e-01
-7.029020563721199988e-01,-1.790236321487970628e+01,4.039361510599500882e+00,1.394935871766011282e+01,-6.762408117219861348e-01,-3.336897477608798956e-01
-6.834811736043527874e-01,-1.801728331545770345e+01,4.042508690689257556e+00,1.405997859134190087e+01,-6.566612295383434939e-01,-3.349040843822357894e-01
-6.679358867258251564e-01,-1.813080961314998163e+01,4.057602090688053664e+00,1.415727023149421981e+01,-6.409463629893470404e-01,-3.358656015016873164e-01
-6.560833296550288019e-01,-1.824189764633938893e+01,4.083684118908173843e+00,1.424115866458433999e+01,-6.289148553286594279e-01,-3.366164311341960924e-01
-6.475622907177008836e-01,-1.834980649416134924e+01,4.119828285542650903e+00,1.431182983356467986e+01,-6.202070723756583082e-01,-3.371941412647123659e-01
-6.419543547570438768e-01,-1.845404913371477917e+01,4.165142836760447054e+00,1.436968290652367486e+01,-6.144060209428084951e-01,-3.376290287019699798e-01
-6.388550672540189712e-01,-1.855434911676013598e+01,4.218769934134122934e+00,1.441529204269298603e+01,-6.111084404891489186e-01,-3.379447216373083207e-01
-6.379070534693604966e-01,-1.865060383367985963e+01,4.279887914338711852e+00,1.444937007278594621e+01,-6.099579284161134041e-01,-3.381599391973651447e-01
-6.388107631774879724e-01,-1.874285172297803115e+01,4.347718492400828083e+00,1.447272977231330948e+01,-6.106557181129321776e-01,-3.382901253503330374e-01
-6.413241394360906789e-01,-1.883124166693850299e+01,4.421537553863112535e+00,1.448624270954895898e+01,-6.129603830714041024e-01,-3.383485104960097800e-01
-6.452576911758558520e-01,-1.891600440917291692e+01,4.500687016620793734e+00,1.449079843876636353e+01,-6.166829384356531385e-01,-3.383466236601244126e-01
-6.504682234337861857e-01,-1.899742684387433656e+01,4.584585395550119458e+00,1.448726760036799988e+01,-6.216805930586835061e-01,-3.382944444256276162e-01
-6.568527087898801131e-01,-1.907583023037566505e+01,4.672735533345242942e+00,1.447647175256078178e+01,-6.278506372827269422e-01,-3.382003836936910979e-01
-6.643429174566273243e-01,-1.915155302442672536e+01,4.764728954296635344e+00,1.445916129624843194e+01,-6.351250856498360520e-01,-3.380712206983768620e-01
-6.729010297410314978e-01,-1.922493844402390550e+01,4.860247101746190346e+00,1.443600139537764981e+01,-6.434662994357563948e-01,-3.379120580628930948e-01
-6.825162827793318510e-01,-1.929632637115346938e+01,4.959060170938049517e+00,1.440756477668246305e+01,-6.528636415059613229e-01,-3.377263095464480558e-01
-6.932026285051519077e-01,-1.936604885077137794e+01,5.061024334626234022e+00,1.437432984202564512e+01,-6.633311406780116881e-01,-3.375157090194255138e-01
-7.049973430676022002e-01,-1.943442827847875165e+01,5.166077936894708067e+00,1.433668257014391756e+01,-6.749061058348019282e-01,-3.372803185590133035e-01
-7.179604977967395385e-01,-1.950177729002481186e+01,5.274236747578600060e+00,1.429492108891419022e+01,-6.876485998273113021e-01,-3.370185117155293231e-01
-7.321751507766032230e-01,-1.956839927022517855e+01,5.385587603101824605e+00,1.424926247153990921e+01,-7.016416321350312790e-01,-3.367269103168804567e-01
-7.477480070128208478e-01,-1.963458816583376532e+01,5.500278588281196868e+00,1.419985224737063945e+01,-7.169918181847845240e-01,-3.364002580771030537e-01
-7.648100587418776852e-01,-1.970062579076753195e+01,5.618502123391009739e+00,1.414677840771598483e+01,-7.338300168751894503e-01,-3.360312239284120039e-01
-7.835162510210161857e-01,-1.976677395287496353e+01,5.740464708816793937e+00,1.409009343386798463e+01,-7.523109917418314696e-01,-3.356101498878260037e-01
-8.040423871804317502e-01,-1.983325757688093205e+01,5.866333860863631955e+00,1.402984994124330420e+01,-7.726103114186687604e-01,-3.351248079449846706e-01
-8.265762391587053726e-01,-1.990023420999352766e+01,5.996150723060782894e+00,1.396615683198994695e+01,-7.949154572075531888e-01,-3.345603325880203149e-01
-8.512985695231755079e-01,-1.996774701369693616e+01,6.129701595180767626e+00,1.389925993279605088e+01,-8.194068504624311133e-01,-3.338996701709019965e-01
-8.783502053811910182e-01,-2.003566694844416318e+01,6.266364548419947056e+00,1.382963704602215493e+01,-8.462249498701767125e-01,-3.331250871693620108e-01
-9.077869431237117759e-01,-2.010364919953119411e+01,6.404997853304887911e+00,1.375806649386955094e+01,-8.754252083407408902e-01,-3.322212621184029713e-01
-9.395370548855702664e-01,-2.017114989746783493e+01,6.543990051166944433e+00,1.368559616880265750e+01,-9.069356603218218238e-01,-3.311797764926194820e-01
-9.733876431893859760e-01,-2.023753711096561148e+01,6.681555777774012661e+00,1.361336273344262082e+01,-9.405433594189914759e-01,-3.300033283560401820e-01
-1.009015215539579957e+00,-2.030226014740900808e+01,6.816175963691361694e+00,1.354232437589529603e+01,-9.759249912673051419e-01,-3.287071263507198027e-01
-1.046042351531351722e+00,-2.036497701926725057e+01,6.946917978121666337e+00,1.347306907660086850e+01,-1.012703509467050900e+00,-3.273165197712605834e-01
-1.084085439770015480e+00,-2.042557585835715273e+01,7.073473648075589537e+00,1.340579607532994366e+01,-1.050495797229570316e+00,-3.258626699766642987e-01
-1.122777631185442049e+00,-2.048411733399592904e+01,7.195993509428024737e+00,1.334042109895259998e+01,-1.088935545731735788e+00,-3.243786865032252109e-01
-1.161774851718438750e+00,-2.054075970918729510e+01,7.314881188708586279e+00,1.327670472910070565e+01,-1.127679214643348971e+00,-3.228971619469534482e-01
-1.200757307586541645e+00,-2.059570228771667644e+01,7.430640183116484110e+00,1.321434782735873981e+01,-1.166407506521873305e+00,-3.214487894258505896e-01
-1.239432495907864640e+00,-2.064915281804406888e+01,7.543785736002295295e+00,1.315304661646239204e+01,-1.204828359292026807e+00,-3.200615318604934090e-01
-1.277540050510007408e+00,-2.070131214768921879e+01,7.654803137540729274e+00,1.309251901412379304e+01,-1.242681780722682205e+00,-3.187600557858076833e-01
-1.314856626014739849e+00,-2.075236866812440084e+01,7.764132394150711214e+00,1.303251456764879457e+01,-1.279744725660946214e+00,-3.175653592099995648e-01
-1.351199116222330465e+00,-2.080249757797205845e+01,7.872165907149001107e+00,1.297281624696832836e+01,-1.315834311511363097e+00,-3.164946065954338805e-01
-1.386425360101333215e+00,-2.085186228464282365e+01,7.979251774782028406e+00,1.291323874484387346e+01,-1.350808525070730015e+00,-3.155611808930011697e-01
-1.420432331846717133e+00,-2.090061670561925666e+01,8.085699035768868725e+00,1.285362570741594546e+01,-1.384564416718809143e+00,-3.147749304636724421e-01
-1.453152349318235004e+00,-2.094890799923190272e+01,8.191783148039824880e+00,1.279384712953125991e+01,-1.417034315506847664e+00,-3.141425612711133963e-01
-1.484548039115337836e+00,-2.099687962165546651e+01,8.297750961671585657e+00,1.273379755996678320e+01,-1.448180802517987642e+00,-3.136681134225824397e-01
-1.514606754254838261e+00,-2.104467476161984152e+01,8.403824888334687770e+00,1.267339547839037373e+01,-1.477991137689243395e+00,-3.133534645292975207e-01
-1.543334965078348775e+00,-2.109244024941505913e+01,8.510206168294963902e+00,1.261258405624103673e+01,-1.506471660199849572e+00,-3.131988140752360872e-01
-1.570752926873318689e+00,-2.114033100973477985e+01,8.617077241081286587e+00,1.255133338549538635e+01,-1.533642465705359781e+00,-3.132031166227504659e-01
-1.596889724644651620e+00,-2.118851501876759258e+01,8.724603328529383361e+00,1.248964405146311130e+01,-1.559532460959647926e+00,-3.133644428324180997e-01
-1.621778635346607489e+00,-2.123717848753686255e+01,8.832933511656730019e+00,1.242755151712149342e+01,-1.584174736475937095e+00,-3.136802537316090711e-01
-1.645452651198455296e+00,-2.128653055627840729e+01,8.942201896838303909e+00,1.236513003238686537e+01,-1.607602101266924377e+00,-3.141475750891106200e-01
-1.667940008106300276e+00,-2.133680610223338547e+01,9.052529974895266562e+00,1.230249357496184359e+01,-1.629842623874376617e+00,-3.147630566893920845e-01
-1.689259721167611028e+00,-2.138826442880673184e+01,9.164031937799141048e+00,1.223978979284709823e+01,-1.650915181126155762e+00,-3.155229000996436217e-01
-1.709417512810514239e+00,-2.144118105451885015e+01,9.276825245554618959e+00,1.217718176643384353e+01,-1.670825398284973673e+00,-3.164226466583840991e-01
-1.728403109171570806e+00,-2.149583049493600484e+01,9.391048457562456875e+00,1.211481326360108746e+01,-1.689562952600476953e+00,-3.174568465038133391e-01
-1.746190395120931660e+00,-2.155246094069949692e+01,9.506886384659068767e+00,1.205275806421958862e+01,-1.707101726090367366e+00,-3.186186856366353681e-01
-1.762741734812867556e+00,-2.161126703678568717e+01,9.624598834796683988e+00,1.199096308038300940e+01,-1.723404111293240115e+00,-3.198997137622449083e-01
-1.778016321017876322e+00,-2.167237173292027208e+01,9.744545495358543974e+00,1.192920374932349148e+01,-1.738429334859360686e+00,-3.212898389119162590e-01
-1.791980115401951457e+00,-2.173582764308345361e+01,9.867199385858167915e+00,1.186707010105418370e+01,-1.752143368662388179e+00,-3.227776802506742149e-01
-1.804613441475656055e+00,-2.180164070630933182e+01,9.993146681122142994e+00,1.180398907540878994e+01,-1.764526500167706180e+00,-3.243512102954005383e-01
-1.815913059117168826e+00,-2.186980903844027324e+01,1.012307855060620021e+01,1.173927076327371744e+01,-1.775575397562111357e+00,-3.259984742998125462e-01
-1.825888073222848851e+00,-2.194036515365208828e+01,1.025778548140283419e+01,1.167215634291653537e+01,-1.785299022237967881e+00,-3.277081492463292389e-01
-1.834551292930560296e+00,-2.201341259777628423e+01,1.039816402757023361e+01,1.160184856148282506e+01,-1.793710000409094452e+00,-3.294697948518134356e-01
-1.841908275389254168e+00,-2.208915467069479988e+01,1.054524251727494288e+01,1.152751557120781278e+01,-1.800813682568039420e+00,-3.312737653224941958e-01
-1.847945431523702498e+00,-2.216791862706425675e+01,1.070022976177365770e+01,1.144826722154586385e+01,-1.806596265284049929e+00,-3.331108144804512117e-01
-1.852617118116533179e+00,-2.225018181813588924e+01,1.086459130191903988e+01,1.136310564517230759e+01,-1.811011899943990588e+00,-3.349714173365860859e-01
-1.855830144904221823e+00,-2.233660754467234000e+01,1.104016136847874741e+01,1.127084979376394180e+01,-1.813967220825629223e+00,-3.368447605647887366e-01
-1.857422523894197708e+00,-2.242809940547369507e+01,1.122930486083358836e+01,1.117002863124783829e+01,-1.815300127993268120e+00,-3.387172257513836326e-01
-1.857131045849214512e+00,-2.252588414368561587e+01,1.143515035727992135e+01,1.105873249082007703e+01,-1.814747427099755228e+00,-3.405699662666874517e-01
-1.854538604584173855e+00,-2.263163158575639500e+01,1.166191356273783342e+01,1.093441299770253572e+01,-1.811892284337959014e+00,-3.423747567066342534e-01
-1.848986976834221752e+00,-2.274760083989331605e+01,1.191527938178462342e+01,1.079365559765666305e+01,-1.806077292048267946e+00,-3.440864692525108515e-01
-1.839440546882010974e+00,-2.287669789341734372e+01,1.220253286263695180e+01,1.063212760196601714e+01,-1.796268843216822120e+00,-3.456291447220045665e-01
-1.824337719539349978e+00,-2.302188781332136713e+01,1.253095269184733063e+01,1.044565084090160845e+01,-1.780910003067339931e+00,-3.468723933517198210e-01
-1.801777421877522434e+00,-2.318304948300764678e+01,1.289939896031806654e+01,1.023558162928203785e+01,-1.758109619685038760e+00,-3.476109971353940065e-01
-1.771126116919051308e+00,-2.334934621266311794e+01,1.327815749741941076e+01,1.002139571380473448e+01,-1.727249426405943034e+00,-3.476439516100809923e-01
-1.734948653028423937e+00,-2.350185792119244610e+01,1.361644473195388194e+01,9.835302431002542534e+00,-1.690900861094533303e+00,-3.470423548031426608e-01
-1.695729753236261184e+00,-2.363622888238020892e+01,1.390205949545773834e+01,9.684775550875109218e+00,-1.651537782169889113e+00,-3.460970594909098530e-01
-1.654170780108440431e+00,-2.375791472996649034e+01,1.414808216424156839e+01,9.561756445043256392e+00,-1.609850238726218352e+00,-3.450101693601661523e-01
-1.610820158333385432e+00,-2.387171192878788872e+01,1.436556636335605930e+01,9.459735617036875155e+00,-1.566379561304076518e+00,-3.439099285263313988e-01
-1.566782139549912412e+00,-2.398079283530685402e+01,1.456127748099196495e+01,9.374969913162345847e+00,-1.522224768028171749e+00,-3.429108345071871788e-01
-1.523761309908476802e+00,-2.408725632164587793e+01,1.473931407882041533e+01,9.305356317992039550e+00,-1.479085890104326229e+00,-3.421254029264084173e-01
-1.483713754341171143e+00,-2.419252461058648862e+01,1.490229231078686567e+01,9.249618915546268028e+00,-1.438915062780351750e+00,-3.416469471480315101e-01
-1.448310171027827220e+00,-2.429756385033288169e+01,1.505204893954229206e+01,9.206814840255777455e+00,-1.403379996709293254e+00,-3.415253456116281727e-01
-1.418552532329021787e+00,-2.440298196246976659e+01,1.519004703350178787e+01,9.176021845234282992e+00,-1.373480848994419246e+00,-3.417571725915319880e-01
-1.394736248552238989e+00,-2.450904389835697117e+01,1.531761361359552964e+01,9.156115753399724611e+00,-1.349512232267709555e+00,-3.422964781111547117e-01
-1.376653463216872764e+00,-2.461565876706134404e+01,1.543608690295543262e+01,9.145613025110732153e+00,-1.331266160905465679e+00,-3.430758135877567394e-01
-1.363835651723499520e+00,-2.472239423083326670e+01,1.554689646863886665e+01,9.142608934879024929e+00,-1.318274346770372585e+00,-3.440252395475998370e-01
-1.355727080485471747e+00,-2.482854712522900797e+01,1.565157153890091557e+01,9.144843358703040437e+00,-1.309981490036065122e+00,-3.450843449705485733e-01
-1.351780194878044128e+00,-2.493326221248777230e+01,1.575168193799104088e+01,9.149880330397087036e+00,-1.305840598449181655e+00,-3.462077941370116929e-01
-1.351499471223776672e+00,-2.503566635659355200e+01,1.584873872229146485e+01,9.155341096441567572e+00,-1.305356811239785753e+00,-3.473664431722490731e-01
-1.354457585280725684e+00,-2.513498456321151053e+01,1.594409168058029813e+01,9.159120333942142977e+00,-1.308103545202535578e+00,-3.485458493380367839e-01
-1.360297922611174881e+00,-2.523061939163631351e+01,1.603885284724697868e+01,9.159538676171022686e+00,-1.313724977188551524e+00,-3.497435014887663729e-01
-1.368731064509792317e+00,-2.532219077481645542e+01,1.613385939486463272e+01,9.155415926380028324e+00,-1.321932496259440315e+00,-3.509656693594216392e-01
-1.379529531940260734e+00,-2.540954155549118454e+01,1.622967587629759834e+01,9.146070768491481928e+00,-1.332499410518396044e+00,-3.522244281943474609e-01
-1.392522918117729880e+00,-2.549271669307179167e+01,1.632662772757446490e+01,9.131263319599931094e+00,-1.345256043033522309e+00,-3.535351701455983764e-01
-1.407593977913835337e+00,-2.557192496528582382e+01,1.642485412481484630e+01,9.111101474455210791e+00,-1.360085789669645440e+00,-3.549147463514157330e-01
-1.424675349714310979e+00,-2.564749246914052705e+01,1.652436762522459190e+01,9.085933056844643474e+00,-1.376921818747203208e+00,-3.563802593711917210e-01
-1.443746374417933520e+00,-2.571981664005208046e+01,1.662511006622835907e+01,9.056243043544787596e+00,-1.395743879579900204e+00,-3.579484287840296597e-01
-1.464829687931333169e+00,-2.578932730961500752e+01,1.672699811298758021e+01,9.022568882041957394e+00,-1.416574896000407646e+00,-3.596353898540151084e-01
-1.487987544983581545e+00,-2.585645812375345187e+01,1.682995614714893406e+01,8.985439334999064442e+00,-1.439477300453875008e+00,-3.614567636893365465e-01
-1.513317953322746323e+00,-2.592162865001468219e+01,1.693393749604642551e+01,8.945335965875301554e+00,-1.464549184783732416e+00,-3.634278501776777581e-01
-1.540950610970808210e+00,-2.598523556154108505e+01,1.703893672695608430e+01,8.902672748157362648e+00,-1.491920257931911742e+00,-3.655638238821323216e-01
-1.571042403975012158e+00,-2.604765052282995796e+01,1.714499608606326220e+01,8.857788220946536839e+00,-1.521747366644903954e+00,-3.678798400693136794e-01
-1.603771907198928037e+00,-2.610922246737250063e+01,1.725220870551074981e+01,8.810945190348473233e+00,-1.554209021590228446e+00,-3.703909726181761064e-01
-1.639331972236027557e+00,-2.617028239766390030e+01,1.736072043537068055e+01,8.762334224068158761e+00,-1.589498013827605138e+00,-3.731119050387647351e-01
-1.677919096052060466e+00,-2.623114931754487245e+01,1.747073135860554416e+01,8.712078490143280618e+00,-1.627810816753151313e+00,-3.760562829236926419e-01
-1.719717864839160892e+00,-2.629213624098426649e+01,1.758249728158765279e+01,8.660238603618996223e+00,-1.669332069697703202e+00,-3.792356177026227626e-01
-1.764878445981851174e+00,-2.635355532890609709e+01,1.769633067874150711e+01,8.606817072099703481e+00,-1.714212117278982150e+00,-3.826576200016398310e-01
-1.813485070288918033e+00,-2.641572105087458766e+01,1.781259952982464156e+01,8.551762817441455056e+00,-1.762535546267338216e+00,-3.863238581553511963e-01
-1.865514114258795431e+00,-2.647894982814153053e+01,1.793172097837113554e+01,8.494977317425538743e+00,-1.814279326063699793e+00,-3.902267191893251663e-01
-1.920782376445476780e+00,-2.654355387749250283e+01,1.805414448831605867e+01,8.436325415044256815e+00,-1.869261137707667775e+00,-3.943458443538099822e-01
-1.978890108767294098e+00,-2.660982598670851118e+01,1.818031601071219328e+01,8.375655993149594636e+00,-1.927082435608001854e+00,-3.986445625376640600e-01
-2.039169511622046738e+00,-2.667801095540060530e+01,1.831061093609305956e+01,8.312840397748081145e+00,-1.987076926697744828e+00,-4.030673429007768926e-01
-2.100656626321198317e+00,-2.674825927899428635e+01,1.844522136061167217e+01,8.247838498999628953e+00,-2.048282373705414106e+00,-4.075397947110127039e-01
-2.162109941241952882e+00,-2.682056179034116639e+01,1.858398905601758599e+01,8.180799472301480080e+00,-2.109459021393621736e+00,-4.119729417830116369e-01
-2.222098556245821754e+00,-2.689467573025322622e+01,1.872620436295111901e+01,8.112187371863374352e+00,-2.169177499669468379e+00,-4.162729553914011893e-01
-2.279171832878249315e+00,-2.697007847412120185e+01,1.887045928056824806e+01,8.042879741185549491e+00,-2.225988184360844002e+00,-4.203558288139949140e-01
-2.332092774740718966e+00,-2.704601260590312961e+01,1.901472166924144602e+01,7.974137274271386744e+00,-2.278654362218326845e+00,-4.241634340535689329e-01
-2.380062709625653028e+00,-2.712166288196858233e+01,1.915675043983710424e+01,7.907366942884720196e+00,-2.326376890617153137e+00,-4.276740952188423650e-01
-2.422823228635622606e+00,-2.719639577398211472e+01,1.929469300152653943e+01,7.843768193575738401e+00,-2.368896349423826653e+00,-4.309012726573262508e-01
-2.460576843060676477e+00,-2.726990773158860293e+01,1.942747313696582268e+01,7.784097652554478053e+00,-2.406414033325098512e+00,-4.338812487914440741e-01
-2.493797275929932056e+00,-2.734221143666553644e+01,1.955477238470278323e+01,7.728675895429591769e+00,-2.439402519646062029e+00,-4.366582119466351219e-01
-2.523049871451018777e+00,-2.741352938678683770e+01,1.967676813971730709e+01,7.677542369097192676e+00,-2.468426208757543261e+00,-4.392740233778869574e-01
-2.548881203004873974e+00,-2.748418795941027071e+01,1.979386409473017494e+01,7.630617504852030386e+00,-2.494030949803296870e+00,-4.417638635796112823e-01
-2.571771177126210617e+00,-2.755454962745357506e+01,1.990651252565537632e+01,7.587811295623862584e+00,-2.516696112224038107e+00,-4.441555608143968881e-01
-2.592121278820394448e+00,-2.762497989868328574e+01,2.001512270046380948e+01,7.549080943991482329e+00,-2.536822788791511130e+00,-4.464704319382761244e-01
-2.610258673093877491e+00,-2.769583537629877412e+01,2.012002225973681746e+01,7.514457060273728395e+00,-2.554737860833053542e+00,-4.487244596955928810e-01
-2.626445324267224546e+00,-2.776746228420521589e+01,2.022144509937323420e+01,7.484054081188999064e+00,-2.570703090477409525e+00,-4.509293500041955949e-01
-2.640887376927479213e+00,-2.784019929502337831e+01,2.031953051877398764e+01,7.458073871594660176e+00,-2.584924482687760872e+00,-4.530933531465193842e-01
-2.653743046898907387e+00,-2.791438149537434299e+01,2.041432612672981506e+01,7.436806779111775789e+00,-2.597560163493320751e+00,-4.552218593495403476e-01
-2.665128552598748257e+00,-2.799034389321565897e+01,2.050579124439808609e+01,7.420631760841271074e+00,-2.608726303030982852e+00,-4.573178152848830780e-01
-2.675122092215088898e+00,-2.806842358163575923e+01,2.059379968044283871e+01,7.410015788371572931e+00,-2.618501087489051304e+00,-4.593820126182168173e-01
-2.683766004640718794e+00,-2.814895994270041157e+01,2.067814179932699048e+01,7.405511964570983707e+00,-2.626926876888592499e+00,-4.614132961983739012e-01
-2.691067251597307308e+00,-2.823229235060899711e+01,2.075852632094108685e+01,7.407755343054036601e+00,-2.634010685383211037e+00,-4.634087352737823462e-01
-2.696996313712065163e+00,-2.831875486080303261e+01,2.083458253877530453e+01,7.417455217040050286e+00,-2.639723076262253443e+00,-4.653637969169964750e-01
-2.701484541114147930e+00,-2.840866744714667647e+01,2.090586371552679523e+01,7.435382648411350992e+00,-2.643995511818335586e+00,-4.672725537544513141e-01
-2.704419957511152273e+00,-2.850232354092973708e+01,2.097185230910677589e+01,7.462352314259744546e+00,-2.646716156882604754e+00,-4.691279427521296563e-01
-2.705641506357265413e+00,-2.859997396508532219e+01,2.103196735937797257e+01,7.499198435461306822e+00,-2.647724124911524424e+00,-4.709220611033763104e-01
-2.704931795790229909e+00,-2.870180781052614094e+01,2.108557379617295169e+01,7.546745623906536693e+00,-2.646802224278656190e+00,-4.726464325219405516e-01
-2.702008659716482075e+00,-2.880793123070078821e+01,2.113199263840898112e+01,7.605776782340265996e+00,-2.643668524134187958e+00,-4.742921009924197517e-01
-2.696516559608393315e+00,-2.891834527106664865e+01,2.117051015947748382e+01,7.677001328634458055e+00,-2.637967767528203389e+00,-4.758493213816389344e-01
-2.688020516492243051e+00,-2.903292333196140262e+01,2.120038329835621838e+01,7.761027405011191149e+00,-2.629265325138941733e+00,-4.773065549455146606e-01
-2.676008799891394396e+00,-2.915138728271607960e+01,2.122083813897318194e+01,7.858340696582848395e+00,-2.617049919254336832e+00,-4.786485208273057457e-01
-2.659917336456268711e+00,-2.927327829613956212e+01,2.123105842333142235e+01,7.969289411255449984e+00,-2.600758078440309706e+00,-4.798533360860824937e-01
-2.639199649267244041e+00,-2.939791427841901594e+01,2.123016231999332604e+01,8.094069422208926667e+00,-2.579844118226680916e+00,-4.808894851359697964e-01
-2.613477906808339135e+00,-2.952432201716342774e+01,2.121716957767763745e+01,8.232695631632854116e+00,-2.553931186039273715e+00,-4.817146368249508037e-01
-2.582806089834669638e+00,-2.965113519588299695e+01,2.119097138261116342e+01,8.384937898578384008e+00,-2.523074307916991721e+00,-4.822798192029396080e-01
-2.548011902520075367e+00,-2.977647395589739432e+01,2.115033551077378604e+01,8.550203186093515484e+00,-2.488102001396339968e+00,-4.825422411963155578e-01
-2.510920393443230481e+00,-2.989788044404105705e+01,2.109399934771050056e+01,8.727382981726940159e+00,-2.450839497146390045e+00,-4.824842040179388447e-01
-2.474118620272948377e+00,-3.001243676066291499e+01,2.102087387185081369e+01,8.914765234169708563e+00,-2.413873248864247589e+00,-4.821240396928958560e-01
-2.440164180422304874e+00,-3.011711288903672923e+01,2.093025799999238501e+01,9.110155547124355380e+00,-2.379759909579082233e+00,-4.815035108204082648e-01
-2.410768182146220795e+00,-3.020917802489245929e+01,2.082186939005845261e+01,9.311236109315419895e+00,-2.350210071145996782e+00,-4.806601880737488286e-01
-2.386591392962747804e+00,-3.028644672362588253e+01,2.069563405353266816e+01,9.515999083200219033e+00,-2.325884725348721815e+00,-4.796132171812882983e-01
-2.367612431751489499e+00,-3.034731751464583027e+01,2.055137387730884413e+01,9.723082413912187860e+00,-2.306763084282593468e+00,-4.783718115191983866e-01
-2.353611443360841271e+00,-3.039068893420352779e+01,2.038851097348510066e+01,9.931978773067086763e+00,-2.292625694272605763e+00,-4.769505947082275377e-01
-2.344500884862037893e+00,-3.041580598739082930e+01,2.020578700555416418e+01,1.014317105546276032e+01,-2.283384942909581827e+00,-4.753771111927315718e-01
-2.340478143203759132e+00,-3.042204772060348716e+01,2.000094349625053880e+01,1.035825386001780579e+01,-2.279237776644566171e+00,-4.736885568492310572e-01
-2.342039590890261369e+00,-3.040866865171841127e+01,1.977031557098224113e+01,1.058009485268719807e+01,-2.280680090294505913e+00,-4.719209032270059723e-01
-2.349886441149218186e+00,-3.037453605707089110e+01,1.950835427304503256e+01,1.081305600147120494e+01,-2.288412881663145271e+00,-4.700961405736202581e-01
-2.364752059455686339e+00,-3.031802782612406588e+01,1.920742223281225591e+01,1.106308297390523876e+01,-2.303169406553021048e+00,-4.682188036077724602e-01
-2.387093184894728104e+00,-3.023783453643190100e+01,1.885972958911880681e+01,1.133650832309182199e+01,-2.325405050405607188e+00,-4.663046893107369861e-01
-2.416096820819624735e+00,-3.013733019774966237e+01,1.846830088142038306e+01,1.163327462480978092e+01,-2.354300428172575899e+00,-4.644805314280064379e-01
-2.447314966249611867e+00,-3.003479123613074364e+01,1.807302871166157843e+01,1.193089650452689909e+01,-2.385391765983417400e+00,-4.631166051234480996e-01
-2.474240878355048245e+00,-2.995590846464971335e+01,1.773142366859698882e+01,1.219687985345841241e+01,-2.412159468417051755e+00,-4.625597685229763112e-01
-2.495494234281006918e+00,-2.990465058844571899e+01,1.744623008028460021e+01,1.243270501092540492e+01,-2.433228279433744756e+00,-4.627476809910509026e-01
-2.512275740681902292e+00,-2.987594414694829581e+01,1.719966429425715404e+01,1.265143275593442596e+01,-2.449806092463166607e+00,-4.635533619255048365e-01
-2.525514195614911639e+00,-2.986644733867494850e+01,1.697942522954559053e+01,1.286219544613271459e+01,-2.462825442567031953e+00,-4.649198636890698455e-01
-2.535631949751467218e+00,-2.987462206389822583e+01,1.677804787389326791e+01,1.307099058604952901e+01,-2.472710313021267758e+00,-4.668319717987332029e-01
-2.542623361110639912e+00,-2.989995277013852970e+01,1.659078349329928415e+01,1.328207341154386434e+01,-2.479455584935909229e+00,-4.692908006371406815e-01
-2.546079037751641572e+00,-2.994240513778814616e+01,1.641442790140378705e+01,1.349862044927194304e+01,-2.482651851795689701e+00,-4.722929242025362129e-01
-2.545182116502775482e+00,-3.000199722585544748e+01,1.624670698373106603e+01,1.372294390753212134e+01,-2.481482168860155380e+00,-4.758066681753895799e-01
-2.538819458835033682e+00,-3.007834966798693443e+01,1.608591452215925699e+01,1.395643558439109633e+01,-2.474833826557994776e+00,-4.797441417332143909e-01
-2.526144158300866582e+00,-3.017011110638198446e+01,1.593061032009292610e+01,1.419932808314927541e+01,-2.461861687624115724e+00,-4.839387630914067651e-01
-2.507911670223917255e+00,-3.027424669418922676e+01,1.577925909423217554e+01,1.445037155919572847e+01,-2.443325302830826384e+00,-4.881541008547775062e-01
-2.487535737019008764e+00,-3.038566006396300168e+01,1.562991534047448106e+01,1.470677021522834949e+01,-2.422645116203204996e+00,-4.921400105207268116e-01
-2.469315894787121213e+00,-3.049802602839255883e+01,1.548032018504583540e+01,1.496486705332816669e+01,-2.404128546790708754e+00,-4.956841133045515879e-01
-2.455462730446958730e+00,-3.060523788368286446e+01,1.532833354439308238e+01,1.522107442697253710e+01,-2.389993331414901334e+00,-4.986096864724350874e-01
-2.445959280606034181e+00,-3.070208195366297943e+01,1.517215285613338516e+01,1.547225799502528076e+01,-2.380227918369849593e+00,-5.007768781025402349e-01
-2.439935490063556589e+00,-3.078442572215848472e+01,1.501029250559367867e+01,1.571590538065632003e+01,-2.373965291929321708e+00,-5.021110730131003175e-01
-2.436489422530708104e+00,-3.084940418228805825e+01,1.484150304534982467e+01,1.595038963392850739e+01,-2.370303869461545698e+00,-5.026199745073297587e-01
-2.434927000448077195e+00,-3.089549405740458710e+01,1.466463163107366796e+01,1.617521484791373609e+01,-2.368547600115061158e+00,-5.023823132711568995e-01
-2.434787682364373040e+00,-3.092233345268329714e+01,1.447841870327559555e+01,1.639109136794722232e+01,-2.368232543809651425e+00,-5.015180765954880826e-01
-2.435820095521394890e+00,-3.093032643744329846e+01,1.428126094277582681e+01,1.659982752992920041e+01,-2.369103495298180206e+00,-5.001571290963748861e-01
-2.437949306694500606e+00,-3.092017175482553526e+01,1.407095405832673585e+01,1.680414816171148829e+01,-2.371081968160082099e+00,-4.984175093869673834e-01
-2.441245477294521127e+00,-3.089242938239594594e+01,1.384438986167704577e+01,1.700757631849032592e+01,-2.374235168778401572e+00,-4.963961413677277501e-01
-2.445905412518615929e+00,-3.084716020978557793e+01,1.359715473496695637e+01,1.721447070433791637e+01,-2.378757520922708313e+00,-4.941701571014093242e-01
-2.452264510533285868e+00,-3.078362562660936419e+01,1.332299601512448461e+01,1.743024196977332352e+01,-2.384982303445250196e+00,-4.918078720310368190e-01
-2.460855710634193283e+00,-3.070009675043615971e+01,1.301334140547497498e+01,1.766160618668956417e+01,-2.393439903309969807e+00,-4.893944643183898990e-01
-2.472506934603950324e+00,-3.059426316268478985e+01,1.265820499777784214e+01,1.791600452598396842e+01,-2.404953700166701402e+00,-4.870920054986443981e-01
-2.488301227992944842e+00,-3.046646143578161059e+01,1.225436834203469338e+01,1.819646671384547787e+01,-2.420596833522679070e+00,-4.852731961814999995e-01
-2.508658813697553391e+00,-3.032995836081289198e+01,1.183205672280360687e+01,1.848505047906537868e+01,-2.440771408831273970e+00,-4.846468099605817925e-01
-2.531852339234105465e+00,-3.021179163664839962e+01,1.145650319140807483e+01,1.874290747030309845e+01,-2.463739000332703100e+00,-4.857039462309791777e-01
-2.556335525740783154e+00,-3.011959334370953556e+01,1.114184522486000795e+01,1.896414104005715728e+01,-2.487966202671928251e+00,-4.880491953835733865e-01
-2.582135260609260463e+00,-3.004729692378182548e+01,1.086843139474230568e+01,1.916298046089884366e+01,-2.513492870506187415e+00,-4.912557481388742930e-01
-2.609730940367010810e+00,-2.999033238796812384e+01,1.062148805707251142e+01,1.934993285455213297e+01,-2.540804732004116495e+00,-4.951355973324365611e-01
-2.639713882146624613e+00,-2.994627592761977297e+01,1.039193478728882170e+01,1.953178943854761229e+01,-2.570496303369068425e+00,-4.996229208431122726e-01
-2.672760688952672048e+00,-2.991391885423644936e+01,1.017380948022726983e+01,1.971336006322730583e+01,-2.603246053164680163e+00,-5.047124300877309233e-01
-2.709634593748402320e+00,-2.989260878699736423e+01,9.962858997871039790e+00,1.989826539398159611e+01,-2.639818549437469741e+00,-5.104303360501921683e-01
-2.751127469680069826e+00,-2.988168084027748250e+01,9.755900182976786184e+00,2.008903652394452877e+01,-2.681006946583911255e+00,-5.168100989208711527e-01
-2.797808747987029054e+00,-2.987982149815195498e+01,9.550633292628525339e+00,2.028669897513774600e+01,-2.727382251460102935e+00,-5.238564614027685362e-01
-2.849315945514786286e+00,-2.988448957653857718e+01,9.345704977053872042e+00,2.049016945922805988e+01,-2.778583952525149225e+00,-5.314893161537904698e-01
-2.903188313520619346e+00,-2.989190399023422628e+01,9.140695329641715716e+00,2.069627811015749685e+01,-2.832153278916349493e+00,-5.394866469720153157e-01
-2.955102153157834088e+00,-2.989767695003520487e+01,8.935640155026534970e+00,2.090085373087530130e+01,-2.883768053409633048e+00,-5.475010948845868697e-01
-3.002094796334282556e+00,-2.989737583693634093e+01,8.730217428861489992e+00,2.110003375531145764e+01,-2.930466648366947258e+00,-5.551942975506910516e-01
-3.044041796156927937e+00,-2.988748794456162017e+01,8.523214419146642129e+00,2.129169119983774650e+01,-2.972124869882335485e+00,-5.623537629772299429e-01
-3.082025847632853033e+00,-2.986619721441818598e+01,8.312530977395521603e+00,2.147618556743336171e+01,-3.009824823681296557e+00,-5.688927679166200235e-01
-3.117158865947370128e+00,-2.983296846057178087e+01,8.095401484947675641e+00,2.165575966016599452e+01,-3.044677446568920143e+00,-5.747951767477972318e-01
-3.150334281859643148e+00,-2.978772359270062609e+01,7.868461873558024955e+00,2.183369385066907853e+01,-3.077575154120528733e+00,-5.800643978356642139e-01
-3.182266198622521358e+00,-2.973022763256066625e+01,7.627569505441400111e+00,2.201390366817055266e+01,-3.109231102111378320e+00,-5.846903174695294858e-01
-3.213560845968430613e+00,-2.965970020145561392e+01,7.367393754206418066e+00,2.220098204818263810e+01,-3.140250605918829319e+00,-5.886270704124381137e-01
-3.244763459199900169e+00,-2.957452890067618512e+01,7.080798384633427034e+00,2.240055240559975402e+01,-3.171177934701917778e+00,-5.917702634702511899e-01
-3.276340553868007710e+00,-2.947208176005657876e+01,6.758229376943814870e+00,2.261972743920130924e+01,-3.202478518082438885e+00,-5.939225519305200152e-01
-3.308452897345578236e+00,-2.934915772722665750e+01,6.388585148584609463e+00,2.286674156770835609e+01,-3.234312059609904644e+00,-5.947435701280904263e-01
-3.340050868849123944e+00,-2.920571776543611620e+01,5.968489756130253454e+00,2.314542063757020784e+01,-3.265629029688549956e+00,-5.937504609770559716e-01
-3.367038087128663371e+00,-2.905708760273934033e+01,5.533755865690548781e+00,2.343553377907581492e+01,-3.292337738232565592e+00,-5.907431257976158978e-01
-3.384855239741166422e+00,-2.893304419790029414e+01,5.156787936011572704e+00,2.369360355222802639e+01,-3.309886880992085167e+00,-5.866755357824983141e-01
