0.000000000000000000e+00,0.000000000000000000e+00,0.000000000000000000e+00,0.000000000000000000e+00,0.000000000000000000e+00,0.000000000000000000e+00
-8.599250559855082830e-22,2.572373401307293580e-03,-2.873681287925141953e-03,3.013078866178489157e-04,-1.878754403298771958e-22,-9.600327385944871504e-19
-6.444825509363983611e-07,7.534859224995181862e-03,-8.124268442414310509e-03,5.622896931476873555e-04,-6.444825509363962435e-07,2.711952427144072964e-05
-4.283219991828932822e-06,1.473799573646259083e-02,-1.535326008085969272e-02,5.391479160190301798e-04,-4.232321440171906149e-06,4.446519648065935402e-05
-1.460299043958511547e-05,2.405773149001725481e-02,-2.423773976543663888e-02,5.628696807562097795e-05,-1.421784073546088388e-05,4.017468705029067494e-05
-3.638402648694251797e-05,3.538972261742670544e-02,-3.451295551944928708e-02,-1.009195393095904843e-03,-3.487601077698337351e-05,1.993745526460078061e-06
-7.533204688200716354e-05,4.864478321399594296e-02,-4.595844790609705799e-02,-2.741534251751349266e-03,-7.106966864189092617e-05,-7.756250882014597008e-05
-1.379599019938006666e-04,6.374530230640490513e-02,-5.838719488803426755e-02,-5.196575167898079273e-03,-1.280847368078287952e-04,-2.037703987534233833e-04
-2.315016686987920362e-04,8.062240567913393774e-02,-7.163709144433569320e-02,-8.409780141268365442e-03,-2.115109046884799319e-04,-3.799515436768833611e-04
-3.638491696862576315e-04,9.921370519631046714e-02,-8.556428485267975059e-02,-1.240227642873365822e-02,-3.271541514002041873e-04,-6.081194116027657153e-04
-5.435050136505927085e-04,1.194615084112332637e-01,-1.000379748031579308e-01,-1.718541950741565155e-02,-4.809726725934169176e-04,-8.893525762940304464e-04
-7.795489981731287040e-04,1.413113912053392540e-01,-1.149363795612370343e-01,-2.276417893432885683e-02,-6.790311631449667991e-04,-1.224106401008827902e-03
-1.081616452317808513e-03,1.647110579594202040e-01,-1.301436360917415103e-01,-2.913960286046476597e-02,-9.274705068299149598e-04,-1.612435820720450538e-03
-1.459888233973970087e-03,1.896094309223282370e-01,-1.455474550023003744e-01,-3.631055622521023318e-02,-1.232491246991935640e-03,-2.054158726087677335e-03
-1.925092852498839525e-03,2.159559235253480092e-01,-1.610373913747494001e-01,-4.427488591872300039e-02,-1.600350033293911414e-03,-2.548969616753818477e-03
-2.488521715028298772e-03,2.436998625047827605e-01,-1.765036233253263198e-01,-5.303013279489229154e-02,-2.037368751485999201e-03,-3.096514639415715552e-03
-3.162058896347212742e-03,2.727900315595561676e-01,-1.918361535427941800e-01,-6.257388518410386680e-02,-2.549956369096887526e-03,-3.696435823580427465e-03
-3.958227181517821533e-03,3.031743154937175388e-01,-2.069243669106468342e-01,-7.290384915645113650e-02,-3.144643755169320657e-03,-4.348390951419950357e-03
-4.890252484651081734e-03,3.347994288352866277e-01,-2.216568910093857370e-01,-8.401769596061314793e-02,-3.828131916537924791e-03,-5.052054135877817077e-03
-5.972149154716141321e-03,3.676107171334361823e-01,-2.359217168997875813e-01,-9.591273568000326100e-02,-4.607354281252087728e-03,-5.807101214456931657e-03
-7.218829184905573883e-03,4.015520227694809319e-01,-2.496065459240442153e-01,-1.085854573776063731e-01,-5.489553886435774056e-03,-6.613183297173906919e-03
-8.646238990525124263e-03,4.365656103449736536e-01,-2.625993349245565600e-01,-1.220309692093695386e-01,-6.482376621885721502e-03,-7.469891212047416289e-03
-1.027152825896297458e-02,4.725921496319588355e-01,-2.747890176808163165e-01,-1.362423667064799337e-01,-7.593982066733937809e-03,-8.376713117838673756e-03
-1.211325645618306114e-02,5.095707567239599056e-01,-2.860663847624325684e-01,-1.512100533204952801e-01,-8.833173956274269559e-03,-9.332987170591043949e-03
-1.419164395653909998e-02,5.474390963979471891e-01,-2.963251075303920401e-01,-1.669210341501224104e-01,-1.020955294858101776e-02,-1.033785081174421437e-02
-1.652887651470557814e-02,5.861335507328637728e-01,-3.054628947393956961e-01,-1.833582013514287734e-01,-1.173369514136876970e-02,-1.139018797118443449e-02
-1.914947399904629727e-02,6.255894606449595718e-01,-3.133827720912524262e-01,-2.004996279476063681e-01,-1.341736072854584662e-02,-1.248857523115413405e-02
-2.208073704487320196e-02,6.657414480912724475e-01,-3.199944761167976548e-01,-2.183178855023950593e-01,-1.527373828269675340e-02,-1.363122775972479446e-02
-2.535328866272940768e-02,7.065238271497247258e-01,-3.252159538601624988e-01,-2.367794003235733913e-01,-1.731773138462677081e-02,-1.481594557717690400e-02
-2.900173195023787037e-02,7.478711119003471630e-01,-3.289749589417982345e-01,-2.558438624543087347e-01,-1.956629563851981085e-02,-1.604006044311935553e-02
-3.306544998408895292e-02,7.897186279123575847e-01,-3.312107326285581022e-01,-2.754637016418556850e-01,-2.203883538930905689e-02,-1.730038331881982028e-02
-3.758957972091950261e-02,8.320032321090893301e-01,-3.318757554853967728e-01,-2.955836447221275032e-01,-2.475767045453751772e-02,-1.859315193265165603e-02
-4.262619815646277732e-02,8.746641427733315988e-01,-3.309375509485427136e-01,-3.161403694461389358e-01,-2.774858343358213228e-02,-1.991397741219487136e-02
-4.823576556794296338e-02,9.176438773939658011e-01,-3.283805165898647793e-01,-3.370622707984464173e-01,-3.104145680297814430e-02,-2.125778819055306607e-02
-5.448887614848853256e-02,9.608892907842112585e-01,-3.242077515694101186e-01,-3.582693575556606391e-01,-3.467100447233434357e-02,-2.261876838887785790e-02
-6.146836803058525894e-02,1.004352699025904405e+00,-3.184428389317001118e-01,-3.796732997013049227e-01,-3.867759189632206246e-02,-2.399028657819048463e-02
-6.927183704391226549e-02,1.047993065341916941e+00,-3.111315270356099227e-01,-4.011776523452134091e-01,-4.310811703019908070e-02,-2.536480925340676290e-02
-7.801457055118256323e-02,1.091777209749848820e+00,-3.023432312888836293e-01,-4.226782909473691396e-01,-4.801688203524637211e-02,-2.673379172816277988e-02
-8.783284794973388043e-02,1.135680980522145278e+00,-2.921722366851434716e-01,-4.440641097247470248e-01,-5.346630594107214252e-02,-2.808753819878452920e-02
-9.888740203708959453e-02,1.179690282253023526e+00,-2.807384057226728902e-01,-4.652180674123539417e-01,-5.952718176363318986e-02,-2.941502434396824073e-02
-1.113665239146546110e-01,1.223801773405119642e+00,-2.681870508352635074e-01,-4.860187256215838247e-01,-6.627791631629077751e-02,-3.070368465787315371e-02
-1.254876846624382591e-01,1.268022889393664920e+00,-2.546873520512995537e-01,-5.063425389780632502e-01,-7.380172136217612311e-02,-3.193919330284478858e-02
-1.414954017255490304e-01,1.312370552337779328e+00,-2.404281801335691193e-01,-5.260673622009990336e-01,-8.217992041628023603e-02,-3.310533424792578422e-02
-1.596510346123084234e-01,1.356867398942228409e+00,-2.256092608289644585e-01,-5.450779894587306496e-01,-9.147823887754388816e-02,-3.418420867233212118e-02
-1.802068560685792797e-01,1.401533491464600267e+00,-2.104241305148297214e-01,-5.632750657230720659e-01,-1.017211062260731796e-01,-3.515734139211940112e-02
-2.033522246689458968e-01,1.446370329018085155e+00,-1.950294438339710001e-01,-5.805892697554357884e-01,-1.128471741690724589e-01,-3.600880804636862748e-02
-2.291164600165555842e-01,1.491333310525550626e+00,-1.794943679071569487e-01,-5.970025225610847697e-01,-1.246399739224299946e-01,-3.673222944877126139e-02
-2.572202448743327596e-01,1.536291347612819713e+00,-1.637290411254506695e-01,-6.125748958417579493e-01,-1.366379295539841554e-01,-3.734350819055308468e-02
-2.869051313786465940e-01,1.580983924150652031e+00,-1.474127490778214256e-01,-6.274657174327499254e-01,-1.480598057464233563e-01,-3.789769251216859591e-02
-3.168544113690984210e-01,1.625010392731186082e+00,-1.299865406787495126e-01,-6.419189379052480104e-01,-1.578355278895580138e-01,-3.849719934764048862e-02
-3.453866063969104894e-01,1.667903409029503958e+00,-1.108027792738097150e-01,-6.561755672894319380e-01,-1.648471142860226668e-01,-3.926539269784923292e-02
-3.709668763642905431e-01,1.709291103533342904e+00,-8.943146524220393911e-02,-6.703252749326068516e-01,-1.683378286174941341e-01,-4.027703625312186592e-02
-3.927220526617540286e-01,1.749042213858631234e+00,-6.591818313533703844e-02,-6.842023755906722071e-01,-1.682034480949927968e-01,-4.150134627034868934e-02
-4.105570990612951721e-01,1.787273465535958117e+00,-4.077014565895763221e-02,-6.974262807987288149e-01,-1.649236776903162949e-01,-4.282560727599149519e-02
-4.248895841165912235e-01,1.824239133368870558e+00,-1.472087288974676181e-02,-7.095460916035969401e-01,-1.592542175124713189e-01,-4.412752756168876467e-02
-4.363188339790103898e-01,1.860211877156219051e+00,1.150934838642510630e-02,-7.201725287705073031e-01,-1.519521641831675929e-01,-4.531960735384322342e-02
-4.454224247020341920e-01,1.895415264568650393e+00,3.734194125051446683e-02,-7.290398074831102582e-01,-1.436453265546501767e-01,-4.635295217716198235e-02
-4.526800483277297893e-01,1.930003541923592358e+00,6.237129433549228746e-02,-7.360101609055330618e-01,-1.348080080719136487e-01,-4.720598568621631880e-02
-4.584655048554923118e-01,1.964065955882372316e+00,8.634713789749680346e-02,-7.410514364127308573e-01,-1.257822249390944114e-01,-4.787368571243124510e-02
-4.630631804149805686e-01,1.997639432050141606e+00,1.091416684418513583e-01,-7.442083513692394625e-01,-1.168087958238052115e-01,-4.836055886653668756e-02
-4.666886728370004400e-01,2.030722001817521161e+00,1.307169098439519839e-01,-7.455765522788869726e-01,-1.080548110289228786e-01,-4.867647950898772863e-02
-4.695066035840502194e-01,2.063284310354070783e+00,1.510974908258377880e-01,-7.452821519521918292e-01,-9.963452175454404203e-02,-4.883421606129589865e-02
-4.716442563669309695e-01,2.095278678357894275e+00,1.703496004695687627e-01,-7.434666942280511170e-01,-9.162432284259684756e-02,-4.884790255066241704e-02
-4.732015259521781259e-01,2.126645946977901769e+00,1.885653584891444634e-01,-7.402766215194761523e-01,-8.407328123530403985e-02,-4.873205928007441623e-02
-4.742580443948238300e-01,2.157320526260935623e+00,2.058514934024937015e-01,-7.358561981288560538e-01,-7.701052343718058080e-02,-4.850095516011070779e-02
-4.748782685435528617e-01,2.187234056675159355e+00,2.223212957934145861e-01,-7.303429754326278278e-01,-7.045046560476356245e-02,-4.816819679722803699e-02
-4.751151285403811264e-01,2.216318024604039483e+00,2.380890022348201573e-01,-7.238650757483626741e-01,-6.439657181463090407e-02,-4.774647477696412901e-02
-4.750126673071639050e-01,2.244505598097408239e+00,2.532659582477173044e-01,-7.165397495631095071e-01,-5.884410419002525372e-02,-4.724742125099068435e-02
-4.746079710663992368e-01,2.271732884849524403e+00,2.679580718578037368e-01,-7.084728059919905840e-01,-5.378217515535600735e-02,-4.668154660887963853e-02
-4.739325982995916675e-01,2.297939763510880251e+00,2.822641971165113506e-01,-6.997586277938236954e-01,-4.919530929211145959e-02,-4.605823177230092269e-02
-4.730136504761674465e-01,2.323070400806638958e+00,2.962751832138045827e-01,-6.904805650270480211e-01,-4.506465424036570216e-02,-4.538575871990237209e-02
-4.718745840918314172e-01,2.347073538173893859e+00,3.100733957999631252e-01,-6.807115616986592066e-01,-4.136893520079196890e-02,-4.467136627190634174e-02
-4.705358336793355467e-01,2.369902610412371047e+00,3.237325689344776602e-01,-6.705149131751302338e-01,-3.808521791030535647e-02,-4.392132147150663857e-02
-4.690152950043512958e-01,2.391515743220335111e+00,3.373178837534718255e-01,-6.599450832417347312e-01,-3.518952524254841813e-02,-4.314099941160903090e-02
-4.673287035711961024e-01,2.411875664946854236e+00,3.508861974102276959e-01,-6.490485319833297906e-01,-3.265733939323864354e-02,-4.233496627754076980e-02
-4.654899337801664538e-01,2.430949559306567753e+00,3.644863660014635021e-01,-6.378645216608749280e-01,-3.046401271580368927e-02,-4.150706185430524942e-02
-4.635112372245253076e-01,2.448708879355810275e+00,3.781596201388230938e-01,-6.264258792963345313e-01,-2.858510421701093707e-02,-4.066047888609895800e-02
-4.614034337694848387e-01,2.465129138135491171e+00,3.919399630401744217e-01,-6.147597030374808424e-01,-2.699665455108104725e-02,-3.979783755372894027e-02
-4.591760655976231953e-01,2.480189687633788331e+00,4.058545695306242651e-01,-6.028880054479773820e-01,-2.567540943690646907e-02,-3.892125400998907442e-02
-4.568375219145341393e-01,2.493873494820033621e+00,4.199241708734059997e-01,-5.908282912781884777e-01,-2.459899935302473778e-02,-3.803240242735482501e-02
-4.543951401975806492e-01,2.506166921245060575e+00,4.341634153914396554e-01,-5.785940704514535016e-01,-2.374608186570897547e-02,-3.713257039960076583e-02
-4.518552885410402897e-01,2.517059510946611844e+00,4.485811987380620702e-01,-5.661953092544759203e-01,-2.309645183608442440e-02,-3.622270782477165357e-02
-4.492234326646443177e-01,2.526543790035043813e+00,4.631809606775252885e-01,-5.536388242687141359e-01,-2.263112391264671466e-02,-3.530346960162026454e-02
-4.465041904126602623e-01,2.534615080285517408e+00,4.779609475240333971e-01,-5.409286245844928676e-01,-2.233239106620861156e-02,-3.437525261149902700e-02
-4.437013760087661352e-01,2.541271328267352470e+00,4.929144411007264637e-01,-5.280662084244676091e-01,-2.218386241180535928e-02,-3.343822754613394455e-02
-4.408180358993005199e-01,2.546512950950929000e+00,5.080299563266644780e-01,-5.150508205647355009e-01,-2.217048315037447107e-02,-3.249236618979615965e-02
-4.378564776792199797e-01,2.550342698307655809e+00,5.232914104103447706e-01,-5.018796769577835715e-01,-2.227853912723741850e-02,-3.153746478134882708e-02
-4.348182933262662031e-01,2.552765533125415764e+00,5.386782671983098014e-01,-4.885481627946198779e-01,-2.249564822693420410e-02,-3.057316407518306800e-02
-4.317043777514811276e-01,2.553788528071309738e+00,5.541656605619454945e-01,-4.750500099454393887e-01,-2.281074059186140660e-02,-2.959896669655923129e-02
-4.285149434953572922e-01,2.553420779919678196e+00,5.697245008608814443e-01,-4.613774593310820404e-01,-2.321402945555531283e-02,-2.861425235160130684e-02
-4.252495322492356178e-01,2.551673340803248369e+00,5.853215685462299644e-01,-4.475214133351794188e-01,-2.369697421251575065e-02,-2.761829140942659300e-02
-4.219070237542559831e-01,2.548559166318053570e+00,6.009195989031943519e-01,-4.334715828957960149e-01,-2.425223719882401568e-02,-2.661025732703170901e-02
-4.184856425202048147e-01,2.544093080299749232e+00,6.164773618160290791e-01,-4.192166334355642565e-01,-2.487363552625388580e-02,-2.558923833923615332e-02
-4.149829627101531138e-01,2.538291756073007832e+00,6.319497402986727908e-01,-4.047443333149130518e-01,-2.555608919287083100e-02,-2.455424878816669237e-02
-4.113959114507408366e-01,2.531173713941326398e+00,6.472878113957070134e-01,-3.900417080328245079e-01,-2.629556658192315141e-02,-2.350424042081914952e-02
-4.077207707496385836e-01,2.522759334617806548e+00,6.624389329393344239e-01,-3.750952029577448443e-01,-2.708902835568070822e-02,-2.243811394001248016e-02
-4.039531781285027878e-01,2.513070888185584995e+00,6.773468395624179239e-01,-3.598908569478199704e-01,-2.793437065015352480e-02,-2.135473105396080984e-02
-4.000881260089435010e-01,2.502132578008393615e+00,6.919517513240863726e-01,-3.444144888110167724e-01,-2.883036837953968645e-02,-2.025292723276196638e-02
-3.961199598176431969e-01,2.489970598777392574e+00,7.061904983073029607e-01,-3.286518981556161290e-01,-2.977661936583416921e-02,-1.913152534605171845e-02
-3.920423747013926929e-01,2.476613207571741970e+00,7.199966645973494561e-01,-3.125890817816313616e-01,-3.077348992007157211e-02,-1.798935032437096529e-02
-3.878484106594911607e-01,2.462090806420974776e+00,7.333007551430182902e-01,-2.962124663543412861e-01,-3.182206241868873464e-02,-1.682524495672866119e-02
-3.835304458051528309e-01,2.446436034382830638e+00,7.460303891319246539e-01,-2.795091576724755833e-01,-3.292408534363934491e-02,-1.563808690760245049e-02
-3.790801873540930456e-01,2.429683866589122054e+00,7.581105236687670779e-01,-2.624672063866459459e-01,-3.408192619089585318e-02,-1.442680700736049051e-02
-3.744886598015471635e-01,2.411871717065873000e+00,7.694637117197441478e-01,-2.450758895313379648e-01,-3.529852760200539313e-02,-1.319040884003073143e-02
-3.697461895822765077e-01,2.393039541407577353e+00,7.800103984657258405e-01,-2.273260067023704645e-01,-3.657736704088996454e-02,-1.192798962086008552e-02
-3.648423853049148069e-01,2.373229934588731105e+00,7.896692603789198239e-01,-2.092101891419010928e-01,-3.792242032664151080e-02,-1.063876232282166996e-02
-3.597661124053921911e-01,2.352488218343795623e+00,7.983575914908248583e-01,-1.907232193912651863e-01,-3.933812934598761996e-02,-9.322078976132207317e-03
-3.545054607673947533e-01,2.330862511660579894e+00,8.059917414426354121e-01,-1.718623585514745256e-01,-4.082937430909358567e-02,-7.977455028394453071e-03
-3.490477035046930521e-01,2.308403777039566229e+00,8.124876099942494045e-01,-1.526276775730101842e-01,-4.240145098092381465e-02,-6.604594616223806447e-03
-3.433792446856896996e-01,2.285165834308060973e+00,8.177612027083195345e-01,-1.330223884095577958e-01,-4.406005341705241524e-02,-5.203416563876779241e-03
-3.374855533015725384e-01,2.261205332985897876e+00,8.217292525176190798e-01,-1.130531703511447605e-01,-4.581126285414448274e-02,-3.774080892950728086e-03
-3.313510802356978147e-01,2.236581673528651670e+00,8.243099118257231073e-01,-9.273048644373077520e-02,-4.766154354356667844e-02,-2.317015602938694591e-03
-3.249591543869833621e-01,2.211356867281682792e+00,8.254235196819108555e-01,-7.206888465154234757e-02,-4.961774645791432875e-02,-8.329434693298525937e-04
-3.182918534434647784e-01,2.185595324726196775e+00,8.249934484089084252e-01,-5.108727837205578881e-02,-5.168712192255387611e-02,6.770913912967334043e-04
-3.113298441109339509e-01,2.159363561653770525e+00,8.229470338383080286e-01,-2.980920111224484581e-02,-5.387734229422704024e-02,2.211697416116147497e-03
-3.040521859041321329e-01,2.132729813338416935e+00,8.192165930021066966e-01,-8.263030605284531899e-03,-5.619653577782940390e-02,3.769110128392154976e-03
-2.964360919492735058e-01,2.105763547657505619e+00,8.137405326955905460e-01,1.351782160808924146e-02,-5.865333227155661300e-02,5.347167405699837332e-03
-2.884566396969182600e-01,2.078534869519693018e+00,8.064645516846061790e-01,3.549475812417492854e-02,-6.125692166230565366e-02,6.943285471493064638e-03
-2.800864241131371113e-01,2.051113810969927620e+00,7.973429383383952018e-01,5.762388299804898500e-02,-6.401712412056821677e-02,8.554435456422577674e-03
-2.712951459774037288e-01,2.023569504050988677e+00,7.863399639004660102e-01,7.985592915451342200e-02,-6.694447047378572491e-02,1.017712021245662304e-02
-2.620491286423490274e-01,1.995969237024254328e+00,7.734313691143772651e-01,1.021362257026388054e-01,-7.005028839460965273e-02,1.180735089474096132e-02
-2.523107584420425931e-01,1.968377399049027643e+00,7.586059379794617419e-01,1.244047046583237753e-01,-7.334678653250094327e-02,1.344062268593328516e-02
-2.420378475732755941e-01,1.940854324121337848e+00,7.418671462777903791e-01,1.465959473250819656e-01,-7.684712327751877514e-02,1.507188898154271026e-02
-2.311829248367384126e-01,1.913455052323546290e+00,7.232348631482909962e-01,1.686392729874801044e-01,-8.056543875838301227e-02,1.669553347506382707e-02
-2.196924708820060801e-01,1.886228035745525000e+00,7.027470699756511729e-01,1.904588773764139820e-01,-8.451681677498062983e-02,1.830534002790015075e-02
-2.075061333208564340e-01,1.859213828552067627e+00,6.804615403441157673e-01,2.119740364436250024e-01,-8.871712600217954159e-02,1.989446122065466338e-02
-1.945559875162888031e-01,1.832443816653821944e+00,6.564573953766252856e-01,2.330994033070031834e-01,-9.318266472597207251e-02,2.145538844053337946e-02
-1.807659574082653431e-01,1.805939063764682606e+00,6.308364074403688404e-01,2.537454438008194813e-01,-9.792949767093905855e-02,2.297992986584686259e-02
-1.660515866261654538e-01,1.779709379253065826e+00,6.037238683820399521e-01,2.738190797787520281e-01,-1.029723237609678765e-01,2.445920869412605836e-02
-1.503204658622004641e-01,1.753752751522983599e+00,5.752687622841250459e-01,2.932246396716540748e-01,-1.083226468915060581e-01,2.588370381194333644e-02
-1.334737930550928264e-01,1.728055341182165972e+00,5.456428839448055346e-01,3.118652523008323962e-01,-1.139859376265058566e-01,2.724337073062150713e-02
-1.154097816855062797e-01,1.702592292274525576e+00,5.150384228180794333e-01,3.296448597781792000e-01,-1.199573799256388740e-01,2.852790420973719959e-02
-9.602993860409009264e-02,1.677329694068417032e+00,4.836633976455133599e-01,3.464710604532315052e-01,-1.262157207903250034e-01,2.972723689336210021e-02
-7.524956176474634217e-02,1.652228094370239875e+00,4.517342134997920922e-01,3.622590039796844130e-01,-1.327147498913354151e-01,3.083240752521704958e-02
-5.301401219333361226e-02,1.627247983295069034e+00,4.194646080846496927e-01,3.769365057685750142e-01,-1.393721720237386386e-01,3.183696245983035078e-02
-2.932204547106568096e-02,1.602357533628558928e+00,3.870505462414508546e-01,3.904503461563128552e-01,-1.460563463362307690e-01,3.273903181519294964e-02
-4.256099269964466747e-03,1.577542417898944782e+00,3.546515448383644742e-01,4.027732384612726646e-01,-1.525728933919652808e-01,3.354405516359875578e-02
2.198395022472232965e-02,1.552816481408233917e+00,3.223708946886441051e-01,4.139100420759201926e-01,-1.586557465217258711e-01,3.426768253217338245e-02
4.905288268797170642e-02,1.528230328816082340e+00,2.902404492209171294e-01,4.239004736905575554e-01,-1.639703743348651654e-01,3.493755852066914719e-02
7.645403160273252230e-02,1.503873009854872933e+00,2.582190271497407652e-01,4.328144024891393826e-01,-1.681384681581932217e-01,3.559178348343180337e-02
1.035726632129851249e-01,1.479861709134343339e+00,2.262137346618225131e-01,4.407363247239869386e-01,-1.707892668414782156e-01,3.627187279162189665e-02
1.297552202317043823e-01,1.456318069123925696e+00,1.941261601051325059e-01,4.477396591757653588e-01,-1.716298973805065742e-01,3.701047763885573216e-02
1.544156973271917921e-01,1.433337594199309395e+00,1.619103981623944699e-01,4.538586595189085249e-01,-1.705106468975704226e-01,3.781874824355977577e-02
1.771281820240106775e-01,1.410965176564636270e+00,1.296174801283902223e-01,4.590708339824000062e-01,-1.674557569698849058e-01,3.868089420724327848e-02
1.976684992735917579e-01,1.389187950892910584e+00,9.740484816574622451e-02,4.632994037683357269e-01,-1.626463554389650235e-01,3.955968294354562237e-02
2.159980356650662570e-01,1.367946651403710856e+00,6.550948288827983246e-02,4.664344386251869645e-01,-1.563682660078994369e-01,4.040891371968796664e-02
2.322119971850180320e-01,1.347157246751592208e+00,3.420181789951189100e-02,4.683619588617756180e-01,-1.489512741054026534e-01,4.118534094896618425e-02
2.464812832631831929e-01,1.326732693242312244e+00,3.741118647164632521e-03,4.689892859980200890e-01,-1.407208146518555691e-01,4.185551189395961269e-02
2.590063042123582626e-01,1.306598635732229008e+00,-2.565536769716911594e-02,4.682602973473440344e-01,-1.319692609184516252e-01,4.239754800231872178e-02
2.699876592666782815e-01,1.286701701745202708e+00,-5.382716594347596722e-02,4.661601895663217143e-01,-1.229439988088690122e-01,4.279997111152615552e-02
2.796109106758654095e-01,1.267011831325937088e+00,-8.067266598568320624e-02,4.627126105435281911e-01,-1.138461803103532066e-01,4.305946951033644277e-02
2.880406244118866588e-01,1.247520841846526007e+00,-1.061434766030643628e-01,4.579726402322946144e-01,-1.048348186206454896e-01,4.317863628852161573e-02
2.954195671095236064e-01,1.228239112292681456e+00,-1.302351909150817055e-01,4.520183757023399918e-01,-9.603280090732682628e-02,4.316406412824275174e-02
3.018703407692138185e-01,1.209191659786951201e+00,-1.529773257622737970e-01,4.449428391069316091e-01,-8.753302748947039413e-02,4.302486278182445639e-02
3.074979081394339508e-01,1.190414335193644702e+00,-1.744239688554260481e-01,4.368470630480939532e-01,-7.940391674298707958e-02,4.277155142909441071e-02
3.123922294268275945e-01,1.171950482895999457e+00,-1.946458130749451065e-01,4.278346337662279897e-01,-7.169405862927216710e-02,4.241525330059361942e-02
3.166306699570257122e-01,1.153848178627862708e+00,-2.137237459074984858e-01,4.180076496124406349e-01,-6.443604428206474444e-02,4.196712512431071546e-02
3.202800656242956179e-01,1.136158035590620008e+00,-2.317438962115623002e-01,4.074639024240417351e-01,-5.764958653518954812e-02,4.143796587452167751e-02
3.233984395327678674e-01,1.118931512784421045e+00,-2.487939280471962722e-01,3.962950431610741120e-01,-5.134406119728909118e-02,4.083796079421068287e-02
3.260364065904930442e-01,1.102219641356013691e+00,-2.649603446503812632e-01,3.845855012269224216e-01,-4.552058530782267937e-02,4.017652620405331304e-02
3.282383154522387492e-01,1.086072086130880132e+00,-2.803265813896555492e-01,3.724119586914572122e-01,-4.017372715010920914e-02,3.946222825332138667e-02
3.300431762134784508e-01,1.070536469386606182e+00,-2.949716993568435863e-01,3.598432190578493839e-01,-3.529292199080443643e-02,3.870275484947458683e-02
3.314854161131399746e-01,1.055657896394371908e+00,-3.089695276003958657e-01,3.469403467728010004e-01,-3.086365020597834838e-02,3.790492483480488450e-02
3.325954981437835301e-01,1.041478634385201163e+00,-3.223881355217917966e-01,3.337569848910788006e-01,-2.686842104499866449e-02,3.707472230548301134e-02
3.334004305556576009e-01,1.028037907165149090e+00,-3.352895452083098360e-01,3.203397833454328936e-01,-2.328759527648873590e-02,3.621734698431931104e-02
3.339241893492714275e-01,1.015371776275558302e+00,-3.477296160888172505e-01,3.067288895751785760e-01,-2.010007263277690387e-02,3.533727392026898839e-02
3.341880710672219812e-01,1.003513086459115966e+00,-3.597580518122943105e-01,2.929584677429006856e-01,-1.728386463942243462e-02,3.443831762388437079e-02
3.342109894130506076e-01,9.924914585055665261e-01,-3.714184925221997169e-01,2.790572234144839681e-01,-1.481656952879406228e-02,3.352369716427056751e-02
3.340097262767160458e-01,9.823333166072758527e-01,-3.827486656201526949e-01,2.650489182943275290e-01,-1.267576306877750067e-02,3.259609983600347816e-02
3.335991454658180921e-01,9.730619404288738394e-01,-3.937805754649194578e-01,2.509528651404180355e-01,-1.083931698156609738e-02,3.165774182398155973e-02
3.329923756829963888e-01,9.646975344190690249e-01,-4.045407178807015613e-01,2.367843969168277052e-01,-9.285654965042440881e-03,3.071042490679192979e-02
3.322009679333777776e-01,9.572573086523592512e-01,-4.150503093551795586e-01,2.225553070158030056e-01,-7.993955009314913929e-03,2.975558869020123939e-02
3.312350314970297083e-01,9.507555668276771454e-01,-4.253255237736742189e-01,2.082742593237287831e-01,-6.944305620605815445e-03,2.879435818805421016e-02
3.301033517868286471e-01,9.452037980788934313e-01,-4.353777317434736616e-01,1.939471682510051920e-01,-6.117822654907792250e-03,2.782758679701853241e-02
3.288134927758702419e-01,9.406107700497126078e-01,-4.452137392176890307e-01,1.795775497641637908e-01,-5.496732679019092523e-03,2.685589486712107107e-02
3.273718861778442402e-01,9.369826213127487868e-01,-4.548360233793344864e-01,1.651668450691529677e-01,-5.064428086903751715e-03,2.587970416991917239e-02
3.257839091662947939e-01,9.343229517134795659e-01,-4.642429646998319503e-01,1.507147189821863298e-01,-4.805498585400263915e-03,2.489926862459270959e-02
3.240539520998773626e-01,9.326329096266671170e-01,-4.734290748174949104e-01,1.362193352485142617e-01,-4.705743112457147839e-03,2.391470167024658741e-02
3.221854774620129813e-01,9.319112754495288975e-01,-4.823852204446935077e-01,1.216776111722073228e-01,-4.752165754872227262e-03,2.292600067879118492e-02
3.201810710106307578e-01,9.321545409401008619e-01,-4.910988439460319821e-01,1.070854539317540599e-01,-4.932958785091403654e-03,2.193306879343137963e-02
3.180424859562327455e-01,9.333569842541071804e-01,-4.995541815619447545e-01,9.243798089890718772e-02,-5.237475533618697089e-03,2.093573455797412622e-02
3.157706808361097628e-01,9.355107407492269100e-01,-5.077324805031470101e-01,7.772972616798720646e-02,-5.656195451469352500e-03,1.993376967554731996e-02
3.133658516228787216e-01,9.386058698195303140e-01,-5.156122163266229075e-01,6.295483535204805803e-02,-6.180683392758055429e-03,1.892690520463018167e-02
3.108274584917523065e-01,9.426304182007850807e-01,-5.231693121347981146e-01,4.810725052043667016e-02,-6.803544858052196914e-03,1.791484646750378384e-02
3.081542475693492267e-01,9.475704803535459630e-01,-5.303773612249670366e-01,3.318088694687929691e-02,-7.518378681711863215e-03,1.689728691274840905e-02
3.053442678945207378e-01,9.534102566883875252e-01,-5.372078548625376371e-01,1.816980311440916096e-02,-8.319728418276712070e-03,1.587392114022459499e-02
3.023948837364356934e-01,9.601321105480600249e-01,-5.436304168640854195e-01,3.068365188248186118e-03,-9.203033481219540998e-03,1.484445726474384677e-02
2.993027823354407202e-01,9.677166250053690355e-01,-5.496130466579529639e-01,-1.212859307560508124e-02,-1.016458090919499131e-02,1.380862876380104139e-02
2.960639770569706841e-01,9.761426606726377742e-01,-5.551223724432015061e-01,-2.742561426625302057e-02,-1.120145847731191836e-02,1.276620592557968156e-02
2.926738058775505968e-01,9.853874158469918543e-01,-5.601239159928418365e-01,-4.282646462779585161e-02,-1.231150973084867671e-02,1.171700698611881884e-02
2.891269250548590408e-01,9.954264904324785501e-01,-5.645823705439072526e-01,-5.833398452093182390e-02,-1.349329139287887280e-02,1.066090901913943970e-02
2.854172977718046345e-01,1.006233955180990236e+00,-5.684618930832725514e-01,-7.394994205844551693e-02,-1.474603348178996597e-02,9.597858618615274368e-03
2.815381774894261113e-01,1.017782427873639373e+00,-5.717264121710563529e-01,-8.967489017558070985e-02,-1.606960236543526419e-02,8.527882392756171853e-03
2.774820856982007644e-01,1.030043158115844015e+00,-5.743399522384685651e-01,-1.055080276277001183e-01,-1.746446687067330222e-02,7.451097268647440507e-03
2.732407837266602191e-01,1.042986122434845120e+00,-5.762669750480750031e-01,-1.214470646303506818e-01,-1.893166745425924405e-02,6.367720589327376286e-03
2.688052382568305032e-01,1.056580131338302087e+00,-5.774727387039503279e-01,-1.374880940701798671e-01,-2.047278831593393744e-02,5.278079969521237355e-03
2.641655802175486012e-01,1.070792949906375746e+00,-5.779236742374456171e-01,-1.536254694191889481e-01,-2.208993218759898111e-02,4.182622862452621895e-03
2.593110567926167342e-01,1.085591433335423073e+00,-5.775877793593949816e-01,-1.698516906807656102e-01,-2.378569735151798981e-02,3.081925777886470198e-03
2.542299764096759840e-01,1.100941678616041530e+00,-5.764350284468934271e-01,-1.861572998864655104e-01,-2.556315620990205068e-02,1.976703080418835880e-03
2.489096467932366274e-01,1.116809193197444872e+00,-5.744377972043966940e-01,-2.025307878521253324e-01,-2.742583442780958947e-02,8.678152863616085504e-04
2.433363065065271280e-01,1.133159081048527028e+00,-5.715712996829764858e-01,-2.189585140973913380e-01,-2.937768927487935042e-02,-2.437232336525709756e-04
2.374950509194133363e-01,1.149956245956604617e+00,-5.678140344315298904e-01,-2.354246420436335863e-01,-3.142308526527123891e-02,-1.356737252564331215e-03
2.313697542882244829e-01,1.167165611189189933e+00,-5.631482354573550397e-01,-2.519110918440059521e-01,-3.356676449592065764e-02,-2.469884509294962855e-03
2.249429907050415345e-01,1.184752353761638677e+00,-5.575603223518693641e-01,-2.683975134818153419e-01,-3.581380815542768020e-02,-3.581650505333151650e-03
2.181959581855578978e-01,1.202682150480779866e+00,-5.510413423437697800e-01,-2.848612831181756566e-01,-3.816958444970348918e-02,-4.690344463582137025e-03
2.111084122708729582e-01,1.220921431644668154e+00,-5.435873951213708866e-01,-3.012775260984867920e-01,-4.063967657919758530e-02,-5.794096695714186229e-03
2.036586184223817264e-01,1.239437636739739279e+00,-5.352000289537962585e-01,-3.176191705622981032e-01,-4.322978230149764067e-02,-6.890857712027522244e-03
1.958233364510154340e-01,1.258199464651596822e+00,-5.258865938639760707e-01,-3.338570362643926148e-01,-4.594557390140376757e-02,-7.978399538780435798e-03
1.875778555682622029e-01,1.277177108751343049e+00,-5.156605342859595931e-01,-3.499599640234392628e-01,-4.879250393869054292e-02,-9.054319900793620160e-03
1.788961057660251319e-01,1.296342464688874374e+00,-5.045415996975298745e-01,-3.658949921736659450e-01,-5.177553783293446787e-02,-1.011605020644779779e-02
1.697508805567791434e-01,1.315669295774100966e+00,-4.925559470984303689e-01,-3.816275874867767204e-01,-5.489878910801802847e-02,-1.116086866941021910e-02
1.601142180450322861e-01,1.335133337433021650e+00,-4.797361039024481966e-01,-3.971219391944344479e-01,-5.816502701980819090e-02,-1.218592045341002940e-02
1.499580021040852196e-01,1.354712318421438244e+00,-4.661207539536175171e-01,-4.123413258366625533e-01,-6.157501966543332816e-02,-1.318824747039447701e-02
1.392548629048306896e-01,1.374385872427515976e+00,-4.517543033501930649e-01,-4.272485654125408039e-01,-6.512666937391672906e-02,-1.416483142208276383e-02
1.279794750388557056e-01,1.394135309819710677e+00,-4.366861774513386418e-01,-4.418065592081047432e-01,-6.881389296690468282e-02,-1.511265482959380652e-02
1.161103690286888757e-01,1.413943216510680667e+00,-4.209697976318993451e-01,-4.559789378327908094e-01,-7.262520061591212772e-02,-1.602878601996738164e-02
1.036323819824152698e-01,1.433792846964539569e+00,-4.046611893214411282e-01,-4.697308129297176338e-01,-7.654193906758503807e-02,-1.691049499421511809e-02
9.053986434155178453e-02,1.453667284360385947e+00,-3.878171872078116089e-01,-4.830296274194417205e-01,-8.053619669279690751e-02,-1.775540706863993831e-02
7.684071378620602188e-02,1.473548357790621210e+00,-3.704932379309110457e-01,-4.958460776703748629e-01,-8.456843152603399361e-02,-1.856169883139043367e-02
6.256119789964083300e-02,1.493415341163321086e+00,-3.527408671872681589e-01,-5.081550485594913402e-01,-8.858499417060688996e-02,-1.932833415853369569e-02
4.775132226365536026e-02,1.513243519420693461e+00,-3.346049903072190190e-01,-5.199364533760556517e-01,-9.251588783757316858e-02,-2.005532395336397447e-02
3.249017498585964059e-02,1.533002800597255799e+00,-3.161214109695951735e-01,-5.311758051549664295e-01,-9.627333625981873699e-02,-2.074396933287131137e-02
1.689024163154359201e-02,1.552656672313617925e+00,-2.973150592737237030e-01,-5.418642748761356431e-01,-9.975197910782662714e-02,-2.139701455507655309e-02
1.099226412739403441e-03,1.572161919764602844e+00,-2.781997115375038909e-01,-5.519979450022781675e-01,-1.028316822225968236e-01,-2.201860131668027104e-02
-1.470234568497053376e-02,1.591469573404708182e+00,-2.587799884874523171e-01,-5.615759993891669133e-01,-1.053838574150091217e-01,-2.261390180679782175e-02
-3.030919818821065093e-02,1.610527440149184031e+00,-2.390561715830067935e-01,-5.705977722871540259e-01,-1.072816223963084376e-01,-2.318834845964098598e-02
-4.550538280999696233e-02,1.629284208726991867e+00,-2.190316723683628231e-01,-5.790589480759649188e-01,-1.084130018409147495e-01,-2.374650253109499010e-02
-6.008279605315185179e-02,1.647694535959388862e+00,-1.987219135849698504e-01,-5.869476891884711778e-01,-1.086949229640158110e-01,-2.429079505337554054e-02
-7.386052622295821712e-02,1.665723939291181788e+00,-1.781623660550870347e-01,-5.942418451212911901e-01,-1.080846810339264608e-01,-2.482053783679247921e-02
-8.670043542146199655e-02,1.683352103094686303e+00,-1.574131982236567917e-01,-6.009083587957234629e-01,-1.065856687886002768e-01,-2.533160014430819312e-02
-9.851530159419141786e-02,1.700573599240700284e+00,-1.365588582624646385e-01,-6.069053961160726374e-01,-1.042457704993546563e-01,-2.581691597795861964e-02
-1.092683877458152653e-01,1.717395897417698158e+00,-1.157026271055058564e-01,-6.121867987509252984e-01,-1.011492206834056495e-01,-2.626764185988055347e-02
-1.189660800662243195e-01,1.733835428306613302e+00,-9.495783962183820814e-02,-6.167076849013310991e-01,-9.740463397935794632e-02,-2.667454776685113799e-02
-1.276468288896299430e-01,1.749912911040497843e+00,-7.443822775330574681e-02,-6.204297898572421754e-01,-9.313243874447296733e-02,-2.702922635632724890e-02
-1.353696061531845241e-01,1.765649053482438280e+00,-5.424952391843537031e-02,-6.233254676856174736e-01,-8.845418170059893281e-02,-2.732488800374133567e-02
-1.422040265954812033e-01,1.781061296168966468e+00,-3.448352988008017428e-02,-6.253798789026983052e-01,-8.348486613797254097e-02,-2.755671582137785708e-02
-1.482230177947967964e-01,1.796161797213239986e+00,-1.521489770491059670e-02,-6.265914393466317511e-01,-7.832836444667887199e-02,-2.772188012703910923e-02
-1.534980067099012135e-01,1.810956528509756636e+00,3.499766617260802876e-03,-6.269709308732777098e-01,-7.307531844069475868e-02,-2.781934442105652924e-02
-1.580961379896559105e-01,1.825445206665298414e+00,2.162112929060518857e-02,-6.265397713411555713e-01,-6.780276128447705608e-02,-2.784957339130783235e-02
-1.620789331868332517e-01,1.839621765529126041e+00,3.912533734991743145e-02,-6.253278896846566903e-01,-6.257477712799570935e-02,-2.781421640672169376e-02
-1.655018737124373251e-01,1.853475126356293856e+00,5.600173576919459384e-02,-6.233715374722311742e-01,-5.744369221634266359e-02,-2.771580772418353808e-02
-1.684145221431285755e-01,1.866990089622974969e+00,7.225046108253177501e-02,-6.207112484973080768e-01,-5.245146746036497692e-02,-2.755750271713246560e-02
-1.708609228535947766e-01,1.880148234839527976e+00,8.788013967421831607e-02,-6.173900596563888232e-01,-4.763109937850829034e-02,-2.734285650933673470e-02
-1.728801210889614748e-01,1.892928762676276744e+00,1.029058134861291357e-01,-6.134520365691821242e-01,-4.300792918286722860e-02,-2.707564453845323627e-02
-1.745067075477000906e-01,1.905309246882988194e+00,1.173471445153341786e-01,-6.089411031903672056e-01,-3.860081696466269308e-02,-2.675972131694930034e-02
-1.757713391265052771e-01,1.917266284597659354e+00,1.312269053192536561e-01,-6.039001498948409763e-01,-3.442317028739654700e-02,-2.639891238604516813e-02
-1.767012128033041418e-01,1.928776046047034898e+00,1.445697380191800219e-01,-5.983703830319954120e-01,-3.048383313751356488e-02,-2.599693422541055413e-02
-1.773204846723571149e-01,1.939814731225691258e+00,1.574011523828212078e-01,-5.923908757881283238e-01,-2.678784857663580460e-02,-2.555733716367823011e-02
-1.776506342000658545e-01,1.950358944063988353e+00,1.697467295548164001e-01,-5.859982818141468153e-01,-2.333711074657375192e-02,-2.508346684921757344e-02
-1.777107776950485607e-01,1.960385995351180188e+00,1.816314985126440684e-01,-5.792266771044456419e-01,-2.013092160236399850e-02,-2.457844043527469824e-02
-1.775179365726149705e-01,1.969874145244148389e+00,1.930794551649374635e-01,-5.721075005794432622e-01,-1.716646631560465527e-02,-2.404513422821000571e-02
-1.770872663220076915e-01,1.978802795173001172e+00,2.041131978337926978e-01,-5.646695688720986261e-01,-1.443921946852861488e-02,-2.348618010125440303e-02
-1.764322517838382565e-01,1.987152637714162173e+00,2.147536568906801280e-01,-5.569391454937044905e-01,-1.194329233425702776e-02,-2.290396847027156152e-02
-1.755648737691224703e-01,1.994905771742933265e+00,2.250199001274025834e-01,-5.489400486521619493e-01,-9.671729883306534256e-03,-2.230065605638910375e-02
-1.744957513913866221e-01,2.002045789005697962e+00,2.349289988420528441e-01,-5.406937854596141069e-01,-7.616764730477142142e-03,-2.167817702405766891e-02
-1.732342638367068421e-01,2.008557837212851638e+00,2.444959425385757057e-01,-5.322197031189704886e-01,-5.770034043236183137e-03,-2.103825638688216343e-02
-1.717886547078117943e-01,2.014428663859510138e+00,2.537335925828578809e-01,-5.235351499828289068e-01,-4.122764450951064800e-03,-2.038242482395586849e-02
-1.701661215635431601e-01,2.019646644226362753e+00,2.626526671697502202e-01,-5.146556412105374179e-01,-2.665929193261229978e-03,-1.971203425346145996e-02
-1.683728928353442622e-01,2.024201796383561014e+00,2.712617515901680765e-01,-5.055950251874140600e-01,-1.390381094202939932e-03,-1.902827367486318796e-02
-1.664142939324019244e-01,2.028085785498990656e+00,2.795673291040679520e-01,-4.963656479861041637e-01,-2.869644179529790961e-04,-1.833218492244085077e-02
-1.642948040382251063e-01,2.031291919321412731e+00,2.875738287785840064e-01,-4.869785140061501649e-01,6.533917720693573593e-04,-1.762467807683746127e-02
-1.620181048448966210e-01,2.033815136352913555e+00,2.952836874892945107e-01,-4.774434415766637962e-01,1.439596486535173279e-03,-1.690654636258027629e-02
-1.595871222586057459e-01,2.035651987930105378e+00,3.026974239474269912e-01,-4.677692127916975307e-01,2.080333948835352918e-03,-1.617848042232944428e-02
-1.570040619339763965e-01,2.036800615188048003e+00,3.098137231405531655e-01,-4.579637172033715342e-01,2.584013281278716920e-03,-1.544108190638171854e-02
-1.542704393488967540e-01,2.037260721675449915e+00,3.166295299862381118e-01,-4.480340892518069329e-01,2.958729232964190260e-03,-1.469487635158981016e-02
-1.513871050108843153e-01,2.037033542216835524e+00,3.231401513188876806e-01,-4.379868394853972391e-01,3.212232625587608387e-03,-1.394032534972462593e-02
-1.483542652863631961e-01,2.036121808471103023e+00,3.293393655767438144e-01,-4.278279797371787874e-01,3.351909352112129523e-03,-1.317783802335100590e-02
-1.451714992623719114e-01,2.034529711511685157e+00,3.352195397418684109e-01,-4.175631424865451913e-01,3.384766903281725015e-03,-1.240778183909076182e-02
-1.418377719837579654e-01,2.032262861647992302e+00,3.407717532212539147e-01,-4.071976946608930059e-01,3.317427522252183302e-03,-1.163049279499476715e-02
-1.383514443561764673e-01,2.029328245618479798e+00,3.459859284496706322e-01,-3.967368461272948732e-01,3.156127201258417374e-03,-1.084628502167668193e-02
-1.347102799651898331e-01,2.025734181210937290e+00,3.508509680503487660e-01,-3.861857530965372431e-01,2.906719838775802603e-03,-1.005545983671082312e-02
-1.309114490341021508e-01,2.021490269304439646e+00,3.553548984123797161e-01,-3.755496166160398608e-01,2.574685973205938314e-03,-9.258314289234811575e-03
-1.269515297281390287e-01,2.016607343279471998e+00,3.594850195368498036e-01,-3.648337762684615293e-01,2.165145601577642132e-03,-8.455149227256075414e-03
-1.228265070111495272e-01,2.011097415708134495e+00,3.632280609692199458e-01,-3.540437991225597880e-01,1.682874680763714065e-03,-7.646276914258015242e-03
-1.185317692748587143e-01,2.004973622215629803e+00,3.665703435745233940e-01,-3.431855639048506101e-01,1.132324995813283270e-03,-6.832028214659069572e-03
-1.140621029923604840e-01,1.998250162398393037e+00,3.694979468250432220e-01,-3.322653402770535114e-01,5.176471666592309976e-04,-6.012759359736534297e-03
-1.094116857005232590e-01,1.990942237694583783e+00,3.719968811570982803e-01,-3.212898630170568648e-01,-1.572833478841996696e-04,-5.188858296955960007e-03
-1.045740776949533879e-01,1.983065986130896352e+00,3.740532648136870031e-01,-3.102664008117089756e-01,-8.888372998510886891e-04,-4.360750616350389172e-03
-9.954221293219280009e-02,1.974638413917759516e+00,3.756535044217678143e-01,-2.992028192793620978e-01,-1.673599712729557237e-03,-3.528905037715651498e-03
-9.430838978466796196e-02,1.965677323935282272e+00,3.767844783551304033e-01,-2.881076377497416297e-01,-2.508334811094041841e-03,-2.693838431913118600e-03
-8.886426249433262980e-02,1.956201241247339739e+00,3.774337217038858383e-01,-2.769900792391290500e-01,-3.389947572094561320e-03,-1.856120338426134938e-03
-8.320083443314270355e-02,1.946229335903834734e+00,3.775896114068275633e-01,-2.658601129705708277e-01,-4.315441539064488949e-03,-1.016376929367325327e-03
-7.730845461749555336e-02,1.935781343444519687e+00,3.772415498000740719e-01,-2.547284887022208677e-01,-5.281872417237476296e-03,-1.752943571878565416e-04
-7.117681935784944680e-02,1.924877483705146552e+00,3.763801444908358995e-01,-2.436067620422264768e-01,-6.286296843932767664e-03,6.663785908545074872e-04
-6.479498147584066003e-02,1.913538378751663771e+00,3.749973820748547237e-01,-2.325073098459647936e-01,-7.325715592191786932e-03,1.507828624154262248e-03
-5.815137021509401288e-02,1.901784971034309102e+00,3.730867927758928504e-01,-2.214433347112114703e-01,-8.397010331319520321e-03,2.348176976449727060e-03
-5.123382583799926393e-02,1.889638443164323389e+00,3.706436025916850507e-01,-2.104288575095915603e-01,-9.496872936681192631e-03,3.186479459868079688e-03
-4.402965397124228991e-02,1.877120141074811066e+00,3.676648689800467440e-01,-1.994786968197413690e-01,-1.062172622542428661e-02,4.021727697684912561e-03
-3.652570607087852333e-02,1.864251502736197663e+00,3.641495955105610860e-01,-1.886084340616399346e-01,-1.176763491193861914e-02,4.852851712838439358e-03
-2.870849395310928059e-02,1.851053995056010759e+00,3.600988202449406650e-01,-1.778343630774530948e-01,-1.293020555334051420e-02,5.678724075938247455e-03
-2.056434819937660516e-02,1.837549062098800645e+00,3.555156719039617719e-01,-1.671734228705883396e-01,-1.410447433026747362e-02,6.498165844037129442e-03
-1.207963239168765093e-02,1.823758088304791913e+00,3.504053871551737753e-01,-1.566431122160008849e-01,-1.528478173825827645e-02,7.309954547300432856e-03
-3.241027523243030992e-03,1.809702380944005373e+00,3.447752816593556702e-01,-1.462613849147103851e-01,-1.646463372924451482e-02,8.112834500339441077e-03
5.964096552001764071e-03,1.795403176576657822e+00,3.386346669251330543e-01,-1.360465246211632895e-01,-1.763654964945285050e-02,8.905529720613994393e-03
1.554720334352341360e-02,1.780881676732730456e+00,3.319947046728199402e-01,-1.260169984803754806e-01,-1.879189861236228373e-02,9.686759715516591804e-03
2.551798440124925654e-02,1.766159118262880412e+00,3.248681905100440082e-01,-1.161912893570127836e-01,-1.992072790439468333e-02,1.045525833355999412e-02
3.588360442499374109e-02,1.751256883676715281e+00,3.172692595911146829e-01,-1.065877073412221376e-01,-2.101158986255416070e-02,1.120979573601768586e-02
4.664777610644556954e-02,1.736196656015918327e+00,3.092130090310576951e-01,-9.722418264072060778e-02,-2.205137762061414042e-02,1.194920329587237373e-02
5.780964886635993338e-02,1.721000621045799983e+00,3.007150358093280684e-01,-8.811804412658730268e-02,-2.302518540224515395e-02,1.267240082363515347e-02
6.936250597161325304e-02,1.705691716309245098e+00,2.917908955429913687e-01,-7.928579093753067297e-02,-2.391621574585322749e-02,1.337842490165541340e-02
8.129228266633098388e-02,1.690293921292961965e+00,2.824554977758633179e-01,-7.074286890433503783e-02,-2.470576402408905178e-02,1.406645623398486075e-02
9.357594647830258516e-02,1.674832575012179969e+00,2.727224682117071475e-01,-6.250346927437580580e-02,-2.537331924300979466e-02,1.473584277422932548e-02
1.061798218335407162e-01,1.659334696307058543e+00,2.626035280864936761e-01,-5.458037416668984343e-02,-2.589682797030356393e-02,1.538611404229432537e-02
1.190579948580107877e-01,1.643829268173090163e+00,2.521079650175649944e-01,-4.698488069951513996e-02,-2.625317285023583483e-02,1.601698068608388772e-02
1.321509974043272306e-01,1.628347431702379611e+00,2.412422955345808473e-01,-3.972684223149501592e-02,-2.641891471411114689e-02,1.662831240196081459e-02
1.453850324060198262e-01,1.612922520610744037e+00,2.300102412846806721e-01,-3.281486782513304973e-02,-2.637133288024656047e-02,1.722008746983319516e-02
1.586720478875090490e-01,1.597589859039778570e+00,2.184131489122731751e-01,-2.625671572698038900e-02,-2.608976684455569656e-02,1.779230925554575737e-02
1.719109684372229496e-01,1.582386250624587820e+00,2.064509648569702316e-01,-2.005989848792502292e-02,-2.555721127780591351e-02,1.834488989891849831e-02
1.849903214451796563e-01,1.567349113500955404e+00,1.941238177870333037e-01,-1.423248249010646005e-02,-2.476204762008860083e-02,1.887750928072263329e-02
1.977923299428937243e-01,1.552515268775093826e+00,1.814341567908638875e-01,-8.784013408255093164e-03,-2.369972110808917648e-02,1.938946722528733096e-02
2.101982888281102024e-01,1.537919465780475337e+00,1.683892521592972313e-01,-3.726439503025099232e-03,-2.237411345580381239e-02,1.987955598624441267e-02
2.220947413875989651e-01,1.523592810899214944e+00,1.550037192460884394e-01,9.251459785985607399e-04,-2.079834625344040636e-02,2.034598423757662949e-02
2.333797136557464735e-01,1.509561331189448907e+00,1.413016253965943270e-01,5.152140039886876285e-03,-1.899480098780768553e-02,2.078637917889605141e-02
2.439681456160551209e-01,1.495844920145700030e+00,1.273177378886244104e-01,8.932604803958842446e-03,-1.699426141911994717e-02,2.119787889607582104e-02
2.537957491563556101e-01,1.482456863155440452e+00,1.130975937598118208e-01,1.224205261619801428e-02,-1.483424726146573280e-02,2.157730633637554643e-02
2.628208165690666398e-01,1.469404031720425330e+00,9.869629861963645501e-02,1.505478429415777961e-02,-1.255676588593750490e-02,2.192139651158425684e-02
2.710239108228830740e-01,1.456687700825288312e+00,8.417622279553120535e-02,1.734559927105242330e-02,-1.020580971399757952e-02,2.222703736669726093e-02
2.784057566673191486e-01,1.444304826879232007e+00,6.960397410417192010e-02,1.909161749297992594e-02,-7.824941757632397979e-03,2.249148569143442217e-02
2.849839064750105400e-01,1.432249558884672425e+00,5.504712519025067169e-02,2.027394302568478329e-02,-5.455245759693597152e-03,2.271253044778737823e-02
2.907888298967739593e-01,1.420514753575984335e+00,4.057114664565249218e-02,2.087895432440161833e-02,-3.133803914310785612e-03,2.288859121286689405e-02
2.958599969961122067e-01,1.409093313079874177e+00,2.623687780815864290e-02,2.089909983808345070e-02,-8.927459667112513236e-04,2.301875330298152125e-02
3.002423574486331459e-01,1.397979235476410231e+00,1.209870976167176128e-02,2.033317696776422434e-02,1.241179759531113157e-03,2.310275025266869675e-02
3.039834336834791317e-01,1.387168339654923255e+00,-1.796490896319314972e-03,1.918615163147731340e-02,3.246616885665705183e-03,2.314090822376799542e-02
3.071310914298535644e-01,1.376658680347639718e+00,-1.540979436266512285e-02,1.746862294619552086e-02,5.107313964036574137e-03,2.313406690874014043e-02
3.097319468556659627e-01,1.366450701971137160e+00,-2.871009032038448344e-02,1.519605355371465155e-02,6.811652723749109760e-03,2.308348929933273092e-02
3.118303140415605301e-01,1.356547193190144496e+00,-4.167359215241318859e-02,1.238787892870114003e-02,8.352083059003180543e-03,2.299076970645408391e-02
3.134675780798164002e-01,1.346953103627037018e+00,-5.428310335613231730e-02,9.066588595456628874e-03,9.724531344107542608e-03,2.285774648210104135e-02
3.146818836549566401e-01,1.337675275861933244e+00,-6.652716219720009039e-02,5.256847047269425609e-03,1.092782592425345020e-02,2.268642340280776701e-02
3.155080449655021657e-01,1.328722134505179620e+00,-7.839915167446069588e-02,9.846980129765182943e-04,1.196316555349285007e-02,2.247890174290207224e-02
3.159776024500761671e-01,1.320103362694498683e+00,-8.989643460976927403e-02,-3.723124453433326007e-03,1.283364352291681623e-02,2.223732367164496515e-02
3.161189705447832177e-01,1.311829586445627083e+00,-1.010195510271544583e-01,-8.839769775714016384e-03,1.354383157656822816e-02,2.196382667055234855e-02
3.159576366093494459e-01,1.303912079439308647e+00,-1.117714977486224948e-01,-1.433873169104057758e-02,1.409942242926413673e-02,2.166050809026728169e-02
3.155163836779267816e-01,1.296362495046809116e+00,-1.221570979434224574e-01,-2.019420470523519695e-02,1.450692678429556064e-02,2.132939865907588703e-02
3.148155190383256086e-01,1.289192628390273043e+00,-1.321824603460811098e-01,-2.638134817717468703e-02,1.477341938797113730e-02,2.097244363878439030e-02
3.138730973507880551e-01,1.282414208624495622e+00,-1.418545230129719392e-01,-3.287647133704149627e-02,1.490632825449911443e-02,2.059149033440001164e-02
3.127051316734556496e-01,1.276038720047373287e+00,-1.511806739119266052e-01,-3.965715244985254517e-02,1.491326133943756023e-02,2.018828075281615259e-02
3.113257888977279397e-01,1.270077249788784890e+00,-1.601684395957890528e-01,-4.670230441570637214e-02,1.480186536832804427e-02,1.976444833655742819e-02
3.097475681450894136e-01,1.264540359451690188e+00,-1.688252331389459848e-01,-5.399219775065987326e-02,1.457971207702075250e-02,1.932151784658749441e-02
3.079814619683685084e-01,1.259437978008099757e+00,-1.771581530142952721e-01,-6.150845038443014667e-02,1.425420769772175501e-02,1.886090761682458761e-02
3.060371009773682482e-01,1.254779313362115234e+00,-1.851738253825851721e-01,-6.923399221102888301e-02,1.383252207942551812e-02,1.838393354239840211e-02
3.039228829440551727e-01,1.250572780198688339e+00,-1.928782831779800033e-01,-7.715301093279694489e-02,1.332153433895979719e-02,1.789181428847832003e-02
3.016460876561096183e-01,1.246825941985860497e+00,-2.002768762930193513e-01,-8.525088449574232119e-02,1.272779239046567534e-02,1.738567731450138543e-02
2.992129788615721098e-01,1.243545465256534088e+00,-2.073742080298746904e-01,-9.351410434209887768e-02,1.205748409623026880e-02,1.686656539963575507e-02
2.966288946365702728e-01,1.240737084543867219e+00,-2.141740937611095463e-01,-1.019301928031773191e-01,1.131641812406364300e-02,1.633544343033544594e-02
2.938983274489891384e-01,1.238405576571986355e+00,-2.206795384198579346e-01,-1.104876172098114978e-01,1.051001289135800737e-02,1.579320527150954168e-02
2.910249951070579266e-01,1.236554742506473126e+00,-2.268927300160947513e-01,-1.191757026918037199e-01,9.643292229571442942e-03,1.524068059103448128e-02
2.880119036882130557e-01,1.235187397246124474e+00,-2.328150468586801525e-01,-1.279845451528174582e-01,8.720886620939569470e-03,1.467864154499110875e-02
2.848614034496448344e-01,1.234305364889856316e+00,-2.384470765614908061e-01,-1.369049255245509411e-01,7.747039047040916136e-03,1.410780925990220806e-02
2.815752386333438828e-01,1.233909479642361084e+00,-2.437886452366422874e-01,-1.459282261065796282e-01,6.725614651128485749e-03,1.352886006998586278e-02
2.781545919985585202e-01,1.233999591531625528e+00,-2.488388555388529877e-01,-1.550463495707464223e-01,5.660113556992469111e-03,1.294243148341547509e-02
2.746001248452142884e-01,1.234574576403060231e+00,-2.535961324318775079e-01,-1.642516410382677539e-01,4.553686310084804553e-03,1.234912786296276169e-02
2.709120132340036569e-01,1.235632349730987123e+00,-2.580582757090200685e-01,-1.735368135126893752e-01,3.409151514775636202e-03,1.174952581416822267e-02
2.670899810630067983e-01,1.237169883850486762e+00,-2.622225184222023442e-01,-1.828948768631983302e-01,2.229015337565649034e-03,1.114417927912758968e-02
2.631333306270782213e-01,1.239183228262716652e+00,-2.660855904639387592e-01,-1.923190704929190753e-01,1.015492632130648174e-03,1.053362433674025905e-02
2.590409712649937579e-01,1.241667532706068444e+00,-2.696437866088650104e-01,-2.018027997894182857e-01,-2.294704797960419370e-04,9.918383711343591036e-03
2.548114466906560294e-01,1.244617072714939709e+00,-2.728930383602697352e-01,-2.113395764345871175e-01,-1.504172665778421777e-03,9.298970991453395230e-03
2.504429616087609500e-01,1.248025277408233880e+00,-2.758289889657624672e-01,-2.209229626441760186e-01,-2.807132105159686458e-03,8.675894559155674854e-03
2.459334082325793647e-01,1.251884759261533642e+00,-2.784470709675249123e-01,-2.305465194101026238e-01,-4.137059839857312390e-03,8.049661228786050490e-03
2.412803933523576805e-01,1.256187345620667362e+00,-2.807425856388440222e-01,-2.402037588284046954e-01,-5.492831655407488800e-03,7.420779591073091257e-03
2.364812666478182668e-01,1.260924111710417517e+00,-2.827107836317880318e-01,-2.498881006100070190e-01,-6.873458334612518941e-03,6.789763056047623015e-03
2.315331509978926783e-01,1.266085414880703031e+00,-2.843469461227314810e-01,-2.595928328882923242e-01,-8.278054067724544690e-03,6.157132584836501332e-03
2.264329756156330808e-01,1.271660929813993368e+00,-2.856464656946517411e-01,-2.693110774550366293e-01,-9.705802745679633844e-03,5.523419097047482795e-03
2.211775129265080020e-01,1.277639684392334773e+00,-2.866049261394486569e-01,-2.790357595729674456e-01,-1.115592180675469350e-02,4.889165536879124495e-03
2.157634202138969115e-01,1.284010095890701919e+00,-2.872181803018995505e-01,-2.887595825274761330e-01,-1.262762325300379081e-02,4.254928577419632776e-03
2.101872871758020400e-01,1.290760007126148246e+00,-2.874824250215189392e-01,-2.984750070902993380e-01,-1.412007140253781177e-02,3.621279938902969512e-03
2.044456906698227106e-01,1.297876722150472562e+00,-2.873942721623311547e-01,-3.081742360726190677e-01,-1.563233689972744200e-02,2.988807293062823583e-03
1.985352580659947574e-01,1.305347041029364163e+00,-2.869508146569217932e-01,-3.178492041421800418e-01,-1.716334647160960500e-02,2.358114722299331154e-03
1.924527407737218754e-01,1.313157293205379217e+00,-2.861496864346646518e-01,-3.274915730665722835e-01,-1.871182790070897994e-02,1.729822699347720143e-03
1.861950996512182210e-01,1.321293368898586174e+00,-2.849891150606300716e-01,-3.370927325202953684e-01,-2.027624968982794790e-02,1.104567550805339799e-03
1.797596041310326187e-01,1.329740747961353886e+00,-2.834679658890221776e-01,-3.466438065536515678e-01,-2.185475493346024020e-02,4.830003666609458852e-04
1.731439469852673330e-01,1.338484525577941842e+00,-2.815857765429146675e-01,-3.561356657633804046e-01,-2.344508899695795304e-02,-1.342146815120221761e-04
1.663463766839480273e-01,1.347509434192422306e+00,-2.793427805831262822e-01,-3.655589451240709997e-01,-2.504452075590453061e-02,-7.464026479369653255e-04
1.593658492357498124e-01,1.356799861069216906e+00,-2.767399193390637779e-01,-3.749040673309240179e-01,-2.664975738616286866e-02,-1.352880772991974347e-03
1.522022011974417943e-01,1.366339860950827489e+00,-2.737788410626585400e-01,-3.841612713629290465e-01,-2.825685304624508953e-02,-1.952962111846843563e-03
1.448563451403174218e-01,1.376113163391503358e+00,-2.704618868563403722e-01,-3.933206457951701207e-01,-2.986111228880446167e-02,-2.545959827384602220e-03
1.373304881989061144e-01,1.386103174530690207e+00,-2.667920632439884088e-01,-4.023721661641251890e-01,-3.145698971114786746e-02,-3.131192114562049173e-03
1.296283733175920272e-01,1.396292973345508281e+00,-2.627730018289283764e-01,-4.113057354159792012e-01,-3.303798824013493701e-02,-3.707987682268703601e-03
1.217555413639164752e-01,1.406665302807698303e+00,-2.584089072438687795e-01,-4.201112261432943806e-01,-3.459655957461259257e-02,-4.275691662605463420e-03
1.137196103021313187e-01,1.417202556886687281e+00,-2.537044955675996083e-01,-4.287785229431982925e-01,-3.612401169600321788e-02,-4.833671743876065234e-03
1.055305650395928080e-01,1.427886765000552893e+00,-2.486649265727919056e-01,-4.372975628224505251e-01,-3.761042999744942938e-02,-5.381324231163866524e-03
9.720104833141847422e-02,1.438699576322838958e+00,-2.432957345643466385e-01,-4.456583711564323647e-01,-3.904462042498574315e-02,-5.918079628222999364e-03
8.874663928584984596e-02,1.449622247286767251e+00,-2.376027641142297864e-01,-4.538510903241570471e-01,-4.041408495833262449e-02,-6.443407211703400424e-03
8.018610169980865121e-02,1.460635636638234702e+00,-2.315921185828165585e-01,-4.618659978583408154e-01,-4.170504158431450475e-02,-6.956817944835881964e-03
7.154157998487635506e-02,1.471720213378238107e+00,-2.252701307445678092e-01,-4.696935108661502434e-01,-4.290250232264681413e-02,-7.457864972484452154e-03
6.283871635096521802e-02,1.482856083749437337e+00,-2.186433658171781924e-01,-4.773241737199298007e-01,-4.399042341955320540e-02,-7.946140882930856006e-03
5.410665998219207906e-02,1.494023043842445331e+00,-2.117186673392019991e-01,-4.847486267376159286e-01,-4.495194098604330529e-02,-8.421270953918579341e-03
4.537793818879403557e-02,1.505200664152060330e+00,-2.045032551886294958e-01,-4.919575549204625031e-01,-4.576970252283471541e-02,-8.882901767813386126e-03
3.668816211705009517e-02,1.516368411205675448e+00,-1.970048821144651241e-01,-4.989416179043136834e-01,-4.642629939275952355e-02,-9.330684927251546926e-03
2.807554665305849947e-02,1.527505808959129574e+00,-1.892320501105137220e-01,-5.056913651274304033e-01,-4.690479705211661465e-02,-9.764256154661456188e-03
1.958023638635797425e-02,1.538592638888834019e+00,-1.811942807287177659e-01,-5.121971436736071359e-01,-4.718934886930659101e-02,-1.018321080464163787e-02
1.124344682675380847e-02,1.549609172734014439e+00,-1.729024244249134645e-01,-5.184490099328469270e-01,-4.726586646311575074e-02,-1.058707768627160060e-02
3.106451219252206325e-03,1.560536426143058319e+00,-1.643689843044509880e-01,-5.244366594926422875e-01,-4.712270633100906769e-02,-1.097529394084382701e-02
-4.790534391763004787e-03,1.571356415924592076e+00,-1.556084208902219490e-01,-5.301493916811833573e-01,-4.675132151308913908e-02,-1.134718434525795044e-02
-1.240949561556518865e-02,1.582052399367767759e+00,-1.466373989055440863e-01,-5.355761250289040598e-01,-4.614682093385440165e-02,-1.170194858670187306e-02
-1.971570897861727595e-02,1.592609072406274695e+00,-1.374749366309298559e-01,-5.407054769068549982e-01,-4.530838035783737311e-02,-1.203865960232062583e-02
-2.667868966883182522e-02,1.603012705181607656e+00,-1.281424245137057771e-01,-5.455259145643608365e-01,-4.423945890424070548e-02,-1.235627494822953178e-02
-3.327292247399287611e-02,1.613251199059884788e+00,-1.186634923721784918e-01,-5.500259762931489771e-01,-4.294779323746918814e-02,-1.265366148917454123e-02
-3.947832332658356841e-02,1.623314057716518821e+00,-1.090637220467255974e-01,-5.541945518269588700e-01,-4.144516524341879810e-02,-1.292963179703500443e-02
-4.528040933086509984e-02,1.633192275025070250e+00,-9.937022156609441603e-02,-5.580212021914643383e-01,-3.974696397467673142e-02,-1.318298892857613924e-02
-5.067018755914518696e-02,1.642878152202404296e+00,-8.961109402663544610e-02,-5.614964929150908501e-01,-3.787158417901574647e-02,-1.341257510765400326e-02
-5.564380117724782721e-02,1.652365064100350445e+00,-7.981484608056431396e-02,-5.646123121265430589e-01,-3.583971796000177956e-02,-1.361731949636637434e-02
-6.020199095297626424e-02,1.661647198454719643e+00,-7.000978525917374296e-02,-5.673621469966746433e-01,-3.367360111520781990e-02,-1.379628071244151134e-02
-6.434943881819291112e-02,1.670719291991015432e+00,-6.022345223288081556e-02,-5.697412976185763922e-01,-3.139627177583574624e-02,-1.394868084160382112e-02
-6.809405848336470835e-02,1.679576384113814935e+00,-5.048212509881698506e-02,-5.717470153947011857e-01,-2.903088829787656144e-02,-1.407392909327970926e-02
-7.144628871385494406e-02,1.688213603623661685e+00,-4.081042042452853041e-02,-5.733785616509978755e-01,-2.660013903957977183e-02,-1.417163464004784178e-02
-7.441843120656893573e-02,1.696625997826827215e+00,-3.123100273710219948e-02,-5.746371900296802782e-01,-2.412576178213520980e-02,-1.424160932987707760e-02
-7.702406030999341124e-02,1.704808407656787539e+00,-2.176440257733440811e-02,-5.755260622085176525e-01,-2.162817745431254782e-02,-1.428386174579167334e-02
-7.927751852078862571e-02,1.712755387753177816e+00,-1.242893442601115776e-02,-5.760501102213178015e-01,-1.912623282531441746e-02,-1.429858449745428743e-02
-8.119350111535612868e-02,1.720461167166929650e+00,-3.240700177549711916e-03,-5.762158601828329951e-01,-1.663704029384537042e-02,-1.428613672245878687e-02
-8.278672584801448353e-02,1.727919644464146698e+00,5.786338847946576047e-03,-5.760312319550169313e-01,-1.417589950324093032e-02,-1.424702364325959245e-02
-8.407167913542008819e-02,1.735124410261526862e+00,1.464023870845718341e-02,-5.755053277783629406e-01,-1.175628457035532773e-02,-1.418187476133668003e-02
-8.506242797946908518e-02,1.742068790331102068e+00,2.331091455271896637e-02,-5.746482206761774902e-01,-9.389881454504585973e-03,-1.409142194980351169e-02
-8.577248639322014589e-02,1.748745903051545758e+00,3.178996115024926988e-02,-5.734707509724236152e-01,-7.086661713938929852e-03,-1.397647838313960042e-02
-8.621472567711079005e-02,1.755148725898271422e+00,4.007046358292483401e-02,-5.719843368684994767e-01,-4.854981058977976549e-03,-1.383791895069389453e-02
-8.640131906169568055e-02,1.761270166665037440e+00,4.814680687859778513e-02,-5.702008028989149491e-01,-2.701693340922765516e-03,-1.367666255492287937e-02
-8.634371264324315620e-02,1.767103136072516678e+00,5.601449103508214511e-02,-5.681322283255250127e-01,-6.322726896326180679e-04,-1.349365650034952194e-02
-8.605261596769035737e-02,1.772640619275378526e+00,6.366995589672859446e-02,-5.657908161564760841e-01,1.349061682753799601e-03,-1.328986303235566400e-02
-8.553800693967422708e-02,1.777875744499311850e+00,7.111041873911233546e-02,-5.631887824648720287e-01,3.239221996663869518e-03,-1.306624797999482446e-02
-8.480914688619468900e-02,1.782801847619047697e+00,7.833372617337613919e-02,-5.603382649845112251e-01,5.036132524226541972e-03,-1.282377138657859843e-02
-8.387460257109674577e-02,1.787412531938509908e+00,8.533822105720766105e-02,-5.572512495179366976e-01,6.738616166457309098e-03,-1.256337996843880089e-02
-8.274227274385174968e-02,1.791701722772449878e+00,9.212262444051784460e-02,-5.539395124481577559e-01,8.346288135987573950e-03,-1.228600121934193129e-02
-8.141941743341381266e-02,1.795663716675127475e+00,9.868593212633114398e-02,-5.504145775482968128e-01,9.859457369985868622e-03,-1.199253896991754262e-02
-7.991268868929606028e-02,1.799293225334858359e+00,1.050273251418161885e-01,-5.466876852898711059e-01,1.127903591977711360e-02,-1.168387021363187679e-02
-7.822816185177837445e-02,1.802585414270426067e+00,1.111460932487214615e-01,-5.427697729258583736e-01,1.260645629703804199e-02,-1.136084301977345785e-02
-7.637136672357049128e-02,1.805535936540590525e+00,1.170415705425492947e-01,-5.386714637425568108e-01,1.384359657408117464e-02,-1.102427536696620920e-02
-7.434731823550908003e-02,1.808140961722593199e+00,1.227130821688149354e-01,-5.344030640148828004e-01,1.499271291594459106e-02,-1.067495474594834862e-02
-7.216054636490944196e-02,1.810397200438569998e+00,1.281599012023328932e-01,-5.299745663491494119e-01,1.605637914790915277e-02,-1.031363839637754187e-02
-6.981512518991608851e-02,1.812301924716921642e+00,1.333812147765989498e-01,-5.253956582459756719e-01,1.703743292077989496e-02,-9.941054058306681915e-03
-6.731470105684106420e-02,1.813852984474013663e+00,1.383760986041698282e-01,-5.206757348575981048e-01,1.793892801808867621e-02,-9.557901134110764751e-03
-6.466251990805238492e-02,1.815048820393803775e+00,1.431434990879220104e-01,-5.158239150448069577e-01,1.876409234707786602e-02,-9.164852170665861025e-03
-6.186145387168858617e-02,1.815888473471771736e+00,1.476822222821007058e-01,-5.108490599570943980e-01,1.951629116358849850e-02,-8.762554584292340729e-03
-5.891402725609567320e-02,1.816371591476739322e+00,1.519909290178628747e-01,-5.057597934647215521e-01,2.019899509591246978e-02,-8.351632562303907756e-03
-5.582244212505531322e-02,1.816498432571098220e+00,1.560681355586063801e-01,-5.005645238634456318e-01,2.081575255145634920e-02,-7.932689084961776910e-03
-5.258860365735759657e-02,1.816269866317486770e+00,1.599122191947099925e-01,-4.952714663522927996e-01,2.137016611066794997e-02,-7.506308020283770921e-03
-4.921414551814883021e-02,1.815687372288615764e+00,1.635214282249950746e-01,-4.898886658530275384e-01,2.186587253363067238e-02,-7.073056251597974534e-03
-4.570045549129293089e-02,1.814753036487089632e+00,1.668938958032970543e-01,-4.844240197980277940e-01,2.230652602497872061e-02,-6.633485804075417089e-03
-4.204870164283548706e-02,1.813469545773868097e+00,1.700276571533472503e-01,-4.788853005623687209e-01,2.269578442156172313e-02,-6.188135941849518505e-03
-3.825985930630899923e-02,1.811840180497537478e+00,1.729206696742557614e-01,-4.732801772572869381e-01,2.303729798402402024e-02,-5.737535211857008703e-03
-3.433473920151362824e-02,1.809868805511759771e+00,1.755708354729382803e-01,-4.676162366370493206e-01,2.333470048773249664e-02,-5.282203414338018828e-03
-3.027401701971256867e-02,1.807559859765059063e+00,1.779760258696306829e-01,-4.619010029007277196e-01,2.359160231994797755e-02,-4.822653483129257616e-03
-2.607826482977291041e-02,1.804918344645291661e+00,1.801341074290675193e-01,-4.561419561955703528e-01,2.381158529850951541e-02,-4.359393261584107275e-03
-2.174798468123485470e-02,1.801949811260484147e+00,1.820429690739290007e-01,-4.503465496505734134e-01,2.399819893234936621e-02,-3.892927162260486750e-03
-1.728364480083723759e-02,1.798660346837887447e+00,1.837005498398584791e-01,-4.445222247884546007e-01,2.415495784567122869e-02,-3.423757700527433299e-03
-1.268571879750002990e-02,1.795056560423652359e+00,1.851048668339050629e-01,-4.386764251824128991e-01,2.428534008543205280e-02,-2.952386894043373174e-03
-7.954728305529380761e-03,1.791145568065950711e+00,1.862540429619872484e-01,-4.328166082416987082e-01,2.439278602573809879e-02,-2.479317521734636810e-03
-3.091289504671148290e-03,1.786934977663980906e+00,1.871463339974090700e-01,-4.269502550279404285e-01,2.448069757283680148e-02,-2.005054237526274295e-03
1.903836044265547504e-03,1.782432873663285733e+00,1.877801545733018551e-01,-4.210848780231923882e-01,2.455243736059675719e-02,-1.530104535715178394e-03
7.029685821800903296e-03,1.777647801773174274e+00,1.881541026990457277e-01,-4.152280267915740564e-01,2.461132760890949109e-02,-1.054979566585596525e-03
1.228503563302161747e-02,1.772588753873586498e+00,1.882669824264443237e-01,-4.093872914999326373e-01,2.466064829672764622e-02,-5.801948026961011246e-04
1.766833340619846510e-02,1.767265153265052513e+00,1.881178243281320939e-01,-4.035703042899260184e-01,2.470363427818736413e-02,-1.062705582483594829e-04
2.317762724209735531e-02,1.761686840394842468e+00,1.877059035010801569e-01,-3.977847385249901335e-01,2.474347094556988633e-02,3.662676339027580116e-04
2.881048756684423048e-02,1.755864059163133373e+00,1.870307548750295146e-01,-3.920383059714370177e-01,2.478328801840017429e-02,8.368887807280701256e-04
3.456392340423982551e-02,1.749807443873010682e+00,1.860921856921977646e-01,-3.863387520139129894e-01,2.482615101610358491e-02,1.305056313687740031e-03
4.043429300145878758e-02,1.743528006835245892e+00,1.848902851335749997e-01,-3.806938490518825269e-01,2.487504995553799225e-02,1.770228087790026326e-03
4.641720932498110547e-02,1.737037126570972978e+00,1.834254312010800414e-01,-3.751113882756164641e-01,2.493288480858629058e-02,2.231856480838421974e-03
5.250744130089089051e-02,1.730346536470762420e+00,1.816982951255514123e-01,-3.695991700767731758e-01,2.500244726417993890e-02,2.689388576485276638e-03
5.869881211334391363e-02,1.723468313665880824e+00,1.797098437584249142e-01,-3.641649934087793916e-01,2.508639837020716634e-02,3.142266413011056241e-03
6.498409640196896320e-02,1.716414867746381301e+00,1.774613406183365161e-01,-3.588166444736110572e-01,2.518724169153592138e-02,3.589927278824085917e-03
7.135491881291036731e-02,1.709198928822309727e+00,1.749543464980917173e-01,-3.535618851707457155e-01,2.530729171967608868e-02,4.031804035884386551e-03
7.780165705085810568e-02,1.701833534272119364e+00,1.721907207836188280e-01,-3.484084417959801283e-01,2.544863741683227321e-02,4.467325454000152865e-03
8.431335333125629383e-02,1.694332013362767508e+00,1.691726248804753807e-01,-3.433639945156149453e-01,2.561310098147369721e-02,4.895916542643678412e-03
9.087763890867892047e-02,1.686707968769141974e+00,1.659025293644859900e-01,-3.384361681563680113e-01,2.580219219185643509e-02,5.316998872964925904e-03
9.748067710665664354e-02,1.678975253881204832e+00,1.623832266430576821e-01,-3.336325248325080484e-01,2.601705902278292348e-02,5.729990891313893261e-03
1.041071309227503405e-01,1.671147944685329678e+00,1.586178509969741746e-01,-3.289605588668141345e-01,2.625843563842430659e-02,6.134308236877460130e-03
1.107401617354815265e-01,1.663240304966409511e+00,1.546099078267423321e-01,-3.244276943382043976e-01,2.652658933124569726e-02,6.529364089731991977e-03
1.173614657826395485e-01,1.655266743627944903e+00,1.503633137066883729e-01,-3.200412853944727964e-01,2.682126848389951995e-02,6.914569591015980697e-03
1.239513547868813098e-01,1.647241763098509004e+00,1.458824484089133733e-01,-3.158086191953509148e-01,2.714165414372225055e-02,7.289334392825486293e-03
1.304888862482032064e-01,1.639179898112386846e+00,1.411722193616090082e-01,-3.117369209977802202e-01,2.748631826943117445e-02,7.653067410076157435e-03
1.369520473972814512e-01,1.631095644639458220e+00,1.362381380347477133e-01,-3.078333604713218707e-01,2.785319207346614867e-02,8.005177857747014514e-03
1.433179945472710937e-01,1.623003379399280632e+00,1.310864065143098334e-01,-3.041050578611732003e-01,2.823954806691767599e-02,8.345076662171260415e-03
1.495633466063684136e-01,1.614917271209191041e+00,1.257240110901055030e-01,-3.005590881409571646e-01,2.864199933948407759e-02,8.672178332044925414e-03
1.556645279316842545e-01,1.606851186339701698e+00,1.201588181491761581e-01,-2.972024808770925564e-01,2.905651920507943548e-02,8.985903361875010806e-03
1.615981517477005358e-01,1.598818591004183887e+00,1.143996661967688483e-01,-2.940422132358905816e-01,2.947848356867282041e-02,9.285681217100589732e-03
1.673414313700934686e-01,1.590832454985939837e+00,1.084564466235424379e-01,-2.910851934852440870e-01,2.990273721555455205e-02,9.570953917037782616e-03
1.728726029137601927e-01,1.582905161076540779e+00,1.023401651254924605e-01,-2.883382325503029420e-01,3.032368373811487883e-02,9.841180191730230370e-03
1.781713405116935045e-01,1.575048425334908631e+00,9.606297567185095865e-02,-2.858080017289569286e-01,3.073539710583966106e-02,1.009584014574363246e-02
1.832191437850539395e-01,1.567273233068779748e+00,8.963817975681223627e-02,-2.835009755691079714e-01,3.113175111682589188e-02,1.033444032067777803e-02
1.879996777186050683e-01,1.559589794827870524e+00,8.308018541155177961e-02,-2.814233601110734950e-01,3.150656134813482889e-02,1.055651901322809255e-02
1.924990473402597435e-01,1.552007525588653403e+00,7.640442300761253469e-02,-2.795810080999192038e-01,3.185373296110519115e-02,1.076165168040293073e-02
1.967059935541018434e-01,1.544535048789943632e+00,6.962721802334360943e-02,-2.779793242161575084e-01,3.216740700077280052e-02,1.094945624960205928e-02
2.006120017490854446e-01,1.537180225104770148e+00,6.276562432486966492e-02,-2.766231646700058611e-01,3.244209777420918595e-02,1.111959814844535113e-02
2.042113208094289423e-01,1.529950204015165793e+00,5.583722471933192516e-02,-2.755167364665110918e-01,3.267281452673439363e-02,1.127179487593540398e-02
2.075008961874290347e-01,1.522851494614462009e+00,4.885990816475373894e-02,-2.746635021259972165e-01,3.285516188250751923e-02,1.140581995071531657e-02
2.104802260791228674e-01,1.515890050792220833e+00,4.185163474313105536e-02,-2.740660955543621768e-01,3.298541521394326992e-02,1.152150609220474291e-02
2.131511539135378386e-01,1.509071365195222336e+00,3.483020013619079341e-02,-2.737262541038528174e-01,3.306056903303260935e-02,1.161874751545872476e-02
2.155176129879174951e-01,1.502400566157791939e+00,2.781301086867949898e-02,-2.736447707342454239e-01,3.307835842186111763e-02,1.169750125059715665e-02
2.175853400631207746e-01,1.495882512126304853e+00,2.081688014232880440e-02,-2.738214687292889193e-01,3.303725522979480966e-02,1.175778743262473683e-02
2.193615742128249280e-01,1.489521878866786109e+00,1.385785193371437407e-02,-2.742551998307768968e-01,3.293644210774830661e-02,1.179968854683625425e-02
2.208547555038252175e-01,1.483323235798719386e+00,6.951058490881458288e-03,-2.749438651097029784e-01,3.277576834439967224e-02,1.182334765713394242e-02
2.220742355690051573e-01,1.477291108986532597e+00,1.106137573634305080e-04,-2.758844565577820984e-01,3.255569190516539868e-02,1.182896568671171905e-02
2.230300092274861978e-01,1.471430029499665615e+00,-6.650457149838805669e-03,-2.770731163609331249e-01,3.227721210012134134e-02,1.181679785923689385e-02
2.237324733664321219e-01,1.465744566910740510e+00,-1.332025428612326409e-02,-2.785052101603511243e-01,3.194179700740244765e-02,1.178714944044834990e-02
2.241922165979249593e-01,1.460239348566867434e+00,-1.988800842826700735e-02,-2.801754103153534792e-01,3.155130925572167955e-02,1.174037094228396437e-02
2.244198409153466411e-01,1.454919065908642173e+00,-2.634406018004230993e-02,-2.820777852133996011e-01,3.110793312344944939e-02,1.167685296276888517e-02
2.244258147778215307e-01,1.449788469524939005e+00,-3.267981747355353656e-02,-2.842058909592579119e-01,3.061410522784816651e-02,1.159702083486123005e-02
2.242203557557846116e-01,1.444852354842609987e+00,-3.888769638117808153e-02,-2.865528622394512004e-01,3.007245042156413833e-02,1.150132924744580280e-02
2.238133400320451716e-01,1.440115540395587646e+00,-4.496104991695254460e-02,-2.891114997238172224e-01,2.948572392738716547e-02,1.139025698377698140e-02
2.232142355982704440e-01,1.435582840539456173e+00,-5.089408905806090677e-02,-2.918743519672957198e-01,2.885676024988245714e-02,1.126430189944725886e-02
2.224320558330531994e-01,1.431259034315777834e+00,-5.668179964649702751e-02,-2.948337903603570620e-01,2.818842901135919232e-02,1.112397623598663024e-02
2.214753302127926704e-01,1.427148831960482145e+00,-6.231985821134299053e-02,-2.979820762098616127e-01,2.748359756623248995e-02,1.096980233978865973e-02
2.203520891180740515e-01,1.423256840320478611e+00,-6.780454913825295638e-02,-3.013114194920477051e-01,2.674510004176895717e-02,1.080230883104468798e-02
2.190698599967196014e-01,1.419587528212931327e+00,-7.313268504178244145e-02,-3.048140291962566639e-01,2.597571232068112204e-02,1.062202724503137977e-02
2.176356724846713331e-01,1.416145192546128140e+00,-7.830153169011752623e-02,-3.084821554714259895e-01,2.517813240735804203e-02,1.042948914918987412e-02
2.160560704345912131e-01,1.412933925827758674e+00,-8.330873840060144808e-02,-3.123081240029920713e-01,2.435496559072963807e-02,1.022522372425325836e-02
2.143371291375975041e-01,1.409957585519515000e+00,-8.815227446967816016e-02,-3.162843631949927570e-01,2.350871382055590500e-02,1.000975578616955693e-02
2.124844763325121899e-01,1.407219765557008673e+00,-9.283037191823324819e-02,-3.204034248218906034e-01,2.264176874004711348e-02,9.783604217435707892e-03
2.105033158723913778e-01,1.404723770239783898e+00,-9.734147461523828815e-02,-3.246579988582774523e-01,2.175640785798173271e-02,9.547280771267242783e-03
2.083984531574648302e-01,1.402472590605242653e+00,-1.016841936799624257e-01,-3.290409232028316810e-01,2.085479339163937365e-02,9.301289209278310738e-03
2.061743216474269391e-01,1.400468883329563319e+00,-1.058572689463487121e-01,-3.335451889951492332e-01,1.993897336330520062e-02,9.046124732531666407e-03
2.038350099366198487e-01,1.398714952145016621e+00,-1.098595361934740083e-01,-3.381639421883625429e-01,1.901088458458282185e-02,8.782273666466167139e-03
2.013842890163322907e-01,1.397212731723427526e+00,-1.136898997952547202e-01,-3.428904819933225046e-01,1.807235721209309032e-02,8.510213361903877505e-03
1.988256394628933610e-01,1.395963773947133557e+00,-1.173473104137865985e-01,-3.477182567566480254e-01,1.712512060396240154e-02,8.230412276730105295e-03
1.961622783821750093e-01,1.394969236469264517e+00,-1.208307473481512878e-01,-3.526408577789997278e-01,1.617081024803368808e-02,7.943330205645001210e-03
1.933971860140057397e-01,1.394229873452475843e+00,-1.241392051495343457e-01,-3.576520115242979858e-01,1.521097556960096520e-02,7.649418628385819784e-03
1.905331319569728565e-01,1.393746028367766066e+00,-1.272716841204301896e-01,-3.627455706171862082e-01,1.424708845858991407e-02,7.349121149852084860e-03
1.875727010178684373e-01,1.393517628731352209e+00,-1.302271843277742758e-01,-3.679155039760660939e-01,1.328055238357690390e-02,7.042874008516924328e-03
1.845183187229153809e-01,1.393544182656737407e+00,-1.330047027749792776e-01,-3.731558863831810346e-01,1.231271198305344469e-02,6.731106632301399328e-03
1.813722765517875868e-01,1.393824777100264756e+00,-1.356032333945861590e-01,-3.784608877517913750e-01,1.134486304314704166e-02,6.414242223680228540e-03
1.781367569718295685e-01,1.394358077681040697e+00,-1.380217695405692446e-01,-3.838247623134688480e-01,1.037826278585734022e-02,6.092698358156380979e-03
1.748138583599649909e-01,1.395142329959672134e+00,-1.402593086766215913e-01,-3.892418379157471242e-01,9.414140402997825743e-03,5.766887582385934671e-03
1.714056199044386719e-01,1.396175362064525638e+00,-1.423148589736404068e-01,-3.947065055914749654e-01,8.453707778657053307e-03,5.437218000163176503e-03
1.679140465783757752e-01,1.397454588558983080e+00,-1.441874475459957450e-01,-4.002132095358362784e-01,7.498170347278911539e-03,5.104093836208145780e-03
1.643411342725500657e-01,1.398977015448332528e+00,-1.458761300720199383e-01,-4.057564376046906562e-01,6.548738035536629323e-03,4.767915969258914623e-03
1.606888951659163345e-01,1.400739246230483070e+00,-1.473800015596361812e-01,-4.113307124282175598e-01,5.606636234127592225e-03,4.429082427386546277e-03
1.569593833993965792e-01,1.402737488900618334e+00,-1.486982080333689171e-01,-4.169305832163897052e-01,4.673116740499049827e-03,4.087988839750695928e-03
1.531547211009953724e-01,1.404967563826293064e+00,-1.498299589344131988e-01,-4.225506183171663932e-01,3.749468605357113987e-03,3.745028840226969670e-03
1.492771247883199759e-01,1.407424912416400664e+00,-1.507745400412727199e-01,-4.281853985741372326e-01,2.837028804630925809e-03,3.400594419490780493e-03
1.453289321476827489e-01,1.410104606515009351e+00,-1.515313267350068827e-01,-4.338295115173556038e-01,1.937192644384942014e-03,3.055076223261383658e-03
1.413126291568081172e-01,1.413001358459398338e+00,-1.520997974506288208e-01,-4.394775464090395767e-01,1.051423789048687614e-03,2.708863795515559399e-03
1.372308774803888409e-01,1.416109531750825434e+00,-1.524795471749101072e-01,-4.451240901544983863e-01,1.812637833755933190e-04,2.362345766589846793e-03
1.330865420240230079e-01,1.419423152296718005e+00,-1.526703008709431320e-01,-4.507637240779558407e-01,-6.716590840488262902e-04,2.015909987214516055e-03
1.288827184822017302e-01,1.422935920194160486e+00,-1.526719267313765283e-01,-4.563910215528410030e-01,-1.505621752824766240e-03,1.669943610665667677e-03
1.246227606599795146e-01,1.426641222036752810e+00,-1.524844491852357098e-01,-4.620005464666397388e-01,-2.318799402054445152e-03,1.324833126379328747e-03
1.203103072859772887e-01,1.430532143740074202e+00,-1.521080616074815262e-01,-4.675868524916665936e-01,-3.109259732503862322e-03,9.809643495282786840e-04
1.159493079670398524e-01,1.434601483894944129e+00,-1.515431387055765078e-01,-4.731444831253271421e-01,-3.874958779010861422e-03,6.387223721914253452e-04
1.115440478632625104e-01,1.438841767672138117e+00,-1.507902485827255501e-01,-4.786679724568891903e-01,-4.613738539152846541e-03,2.984914828058565588e-04
1.070991705878695799e-01,1.443245261316771888e+00,-1.498501645022938811e-01,-4.841518466128411635e-01,-5.323326727869795438e-03,-3.934493847316210529e-05
1.026196987619239637e-01,1.447803987284615346e+00,-1.487238764010600511e-01,-4.895906258300366520e-01,-6.001338986402579567e-03,-3.744045401416065200e-04
9.811105158222520328e-02,1.452509740085349943e+00,-1.474126022190275498e-01,-4.949788271055188260e-01,-6.645283885057226385e-03,-7.063061266318728174e-04
9.357905869603835858e-02,1.457354102908279936e+00,-1.459177991288045928e-01,-5.003109673747253572e-01,-7.252571060063620935e-03,-1.034669783638129861e-03
8.902996962340618825e-02,1.462328465113067022e+00,-1.442411747561384294e-01,-5.055815671762304842e-01,-7.820522811971786573e-03,-1.359116993046304098e-03
8.447045793249263745e-02,1.467424040670372465e+00,-1.423846984829547635e-01,-5.107851547717565666e-01,-8.346389463250803234e-03,-1.679270730091244907e-03
7.990761936213619521e-02,1.472631887633424563e+00,-1.403506129130631941e-01,-5.159162707052217245e-01,-8.827368722682473259e-03,-1.994755537148735179e-03
7.534896310541032427e-02,1.477942928710039849e+00,-1.381414455565327937e-01,-5.209694728041941447e-01,-9.260629230747968732e-03,-2.305197571170037197e-03
7.080239552532807679e-02,1.483347972984175422e+00,-1.357600207499808642e-01,-5.259393416510953490e-01,-9.643338361153965671e-03,-2.610224625230650637e-03
6.627619567509736298e-02,1.488837738805621536e+00,-1.332094717756699687e-01,-5.308204865791983362e-01,-9.972694227736122324e-03,-2.909466128982944860e-03
6.177898214538105059e-02,1.494402877825363740e+00,-1.304932530723849071e-01,-5.356075522787425713e-01,-1.024596169364689821e-02,-3.202553137883536530e-03
5.731967096245705467e-02,1.500034000102538956e+00,-1.276151523468937454e-01,-5.402952261295719261e-01,-1.046051200355291484e-02,-3.489118326719474646e-03
5.290742451347733161e-02,1.505721700147798270e+00,-1.245793022993546967e-01,-5.448782464062025266e-01,-1.061386546468028567e-02,-3.768796008876134241e-03
4.855159177365042655e-02,1.511456583699318346e+00,-1.213901915741215504e-01,-5.493514115261329822e-01,-1.070373639696872714e-02,-4.041222208548171484e-03
4.426164044589659535e-02,1.517229294954972607e+00,-1.180526744457427168e-01,-5.537095905290562170e-01,-1.072807936725870756e-02,-4.306034818157566252e-03
4.004708198212240944e-02,1.523030543911718437e+00,-1.145719786569909387e-01,-5.579477349796827523e-01,-1.068513553090237947e-02,-4.562873876993816386e-03
3.591739081769570324e-02,1.528851133396564643e+00,-1.109537107512454379e-01,-5.620608924765225778e-01,-1.057347774195307837e-02,-4.811382008884769121e-03
3.188191949395421249e-02,1.534681985318731234e+00,-1.072038581957532044e-01,-5.660442219201073932e-01,-1.039205297644086971e-02,-5.051205055936431286e-03
2.794981164218060532e-02,1.540514165636119870e+00,-1.033287875850063264e-01,-5.698930106447366306e-01,-1.014022055773578131e-02,-5.281992941565708324e-03
2.412991503068319735e-02,1.546338907516826788e+00,-9.933523825273474217e-02,-5.736026934474325323e-01,-9.817784691639800526e-03,-5.503400788925872852e-03
2.043069701108371147e-02,1.552147632192704130e+00,-9.523031071184764884e-02,-5.771688734579143443e-01,-9.425019920208853319e-03,-5.715090310420946687e-03
1.686016472251014586e-02,1.557931967049464683e+00,-9.102144948488349874e-02,-5.805873446878440092e-01,-8.962688289862599106e-03,-5.916731470703421279e-03
1.342579231283962289e-02,1.563683760576493276e+00,-8.671642007896335214e-02,-5.838541159824058857e-01,-8.432047296307145293e-03,-6.108004410095970414e-03
1.013445721393331674e-02,1.569395093906342353e+00,-8.232328008945141717e-02,-5.869654359804570287e-01,-7.834848003748342074e-03,-6.288601598845770281e-03
6.992387173118995783e-03,1.575058288802926754e+00,-7.785034467125148683e-02,-5.899178185803456431e-01,-7.173323119329814805e-03,-6.458230176319240158e-03
4.005119316409076584e-03,1.580665912100226667e+00,-7.330614687800736384e-02,-5.927080683167327280e-01,-6.450165210727638355e-03,-6.616614414583252106e-03
1.177472028941574335e-03,1.586210776739668926e+00,-6.869939361765477204e-02,-5.953333049883655637e-01,-5.668495657344246701e-03,-6.763498234137214557e-03
-1.486470080757343023e-03,1.591685939693504803e+00,-6.403891818831737581e-02,-5.977909868449330366e-01,-4.831825295415902340e-03,-6.898647691965819652e-03
-3.983358377719172123e-03,1.597084697183168034e+00,-5.933363052450669334e-02,-6.000789316473150725e-01,-3.944008029337238083e-03,-7.021853359306833194e-03
-6.310570274007646155e-03,1.602400577697268291e+00,-5.459246638749773450e-02,-6.021953349608051287e-01,-3.009188915940067162e-03,-7.132932508838498060e-03
-8.466188294452933749e-03,1.607627333377628975e+00,-4.982433676894165719e-02,-6.041387851227765227e-01,-2.031748373126655328e-03,-7.231731038162650914e-03
-1.044896956046214957e-02,1.612758930370803867e+00,-4.503807874292687502e-02,-6.059082744390313913e-01,-1.016244215251993445e-03,-7.318125067819778416e-03
-1.225830732648018964e-02,1.617789538737241184e+00,-4.024240890454055392e-02,-6.075032062984582204e-01,3.264682083998724107e-05,-7.392022166600049557e-03
-1.389418630959170751e-02,1.622713522474000580e+00,-3.544588038324108376e-02,-6.089233980437261939e-01,1.110186512128049805e-03,-7.453362173378845837e-03
-1.535713356271827673e-02,1.627525430145219776e+00,-3.065684423118213847e-02,-6.101690795862598771e-01,2.211630180339760506e-03,-7.502117601815952962e-03
-1.664816656924060848e-02,1.632219986534321876e+00,-2.588341577579977501e-02,-6.112408878969342041e-01,3.332278172553863708e-03,-7.538293630805393761e-03
-1.776874009916347766e-02,1.636792085640711880e+00,-2.113344630811256342e-02,-6.121398576315890683e-01,4.467522893471210024e-03,-7.561927698530503811e-03
-1.872069318339332142e-02,1.641236785248610053e+00,-1.641450026730233505e-02,-6.128674082564478098e-01,5.612890744337353625e-03,-7.573088730611944597e-03
-1.950619735222958867e-02,1.645549303202996638e+00,-1.173383788959293274e-02,-6.134253281190747975e-01,6.764078567182947067e-03,-7.571876042671670838e-03
-2.012770706375477392e-02,1.649725015442360165e+00,-7.098403123369271921e-03,-6.138157559641963523e-01,7.916984415575655659e-03,-7.558417964492202684e-03
-2.058791303145386317e-02,1.653759455763555763e+00,-2.514816477709853892e-03,-6.140411604211919450e-01,9.067732666392332164e-03,-7.532870236891075870e-03
-2.088969895867292398e-02,1.657648317232628399e+00,2.010627630173120357e-03,-6.141043179936455099e-01,1.021269364677996824e-02,-7.495414233708001459e-03
-2.103610200756512311e-02,1.661387455107680822e+00,6.471959532431739541e-03,-6.140082900644738828e-01,1.134849807516369151e-02,-7.446255060298681561e-03
-2.103027717597538704e-02,1.664972891105457098e+00,1.086352951651789120e-02,-6.137563993969187282e-01,1.247204670603482314e-02,-7.385619577095714483e-03
-2.087546562869173686e-02,1.668400818821213161e+00,1.518000013692262333e-02,-6.133522065664005485e-01,1.358051562822619809e-02,-7.313754392604145810e-03
-2.057496692906502292e-02,1.671667610100075363e+00,1.941633618271519646e-02,-6.127994867050156058e-01,1.467135769946065725e-02,-7.230923865097355074e-03
-2.013211504120534373e-02,1.674769822155664833e+00,2.356779282697602992e-02,-6.121022068830425100e-01,1.574230061066404437e-02,-7.137408146671278021e-03
-1.955025791898998971e-02,1.677704205236402180e+00,2.762990244827831510e-02,-6.112645043933698785e-01,1.679134206645769081e-02,-7.033501297541638192e-03
-1.883274046273776536e-02,1.680467710649866220e+00,3.159846057043121104e-02,-6.102906661477762729e-01,1.781674254772827939e-02,-6.919509492800657822e-03
-1.798289060431193520e-02,1.683057498969239285e+00,3.546951131819126024e-02,-6.091851093403801709e-01,1.881701609210305673e-02,-6.795749338489052126e-03
-1.700400827345205368e-02,1.685470948261890589e+00,3.923933273637006391e-02,-6.079523634846141222e-01,1.979091949186333535e-02,-6.662546308925296895e-03
-1.589935699944086331e-02,1.687705662197409806e+00,4.290442226987167817e-02,-6.065970538865523842e-01,2.073744026904657950e-02,-6.520233312852408321e-03
-1.467215791029178630e-02,1.689759477910013352e+00,4.646148265426171264e-02,-6.051238865796829680e-01,2.165578374638020206e-02,-6.369149392153295244e-03
-1.332558590439342217e-02,1.691630473507572008e+00,4.990740842157807833e-02,-6.035376347142887843e-01,2.254535949190306088e-02,-6.209638553654940434e-03
-1.186276778524950407e-02,1.693316975136064384e+00,5.323927318490542099e-02,-6.018431263682763044e-01,2.340576737585432429e-02,-6.042048731869504620e-03
-1.028678216723411150e-02,1.694817563523732140e+00,5.645431782809016280e-02,-6.000452337251650503e-01,2.423678344145990121e-02,-5.866730878369552128e-03
-8.600660978076350369e-03,1.696131079943425934e+00,5.954993969396372988e-02,-5.981488635485537886e-01,2.503834575713548630e-02,-5.684038171816532120e-03
-6.807392401286948766e-03,1.697256631544476591e+00,6.252368283548641326e-02,-5.961589488701585227e-01,2.581054038662963096e-02,-5.494325341402496975e-03
-4.909925118341662738e-03,1.698193596016885021e+00,6.537322936912348670e-02,-5.940804417999288045e-01,2.655358758585049314e-02,-5.297948095568902858e-03
-2.911173725710400600e-03,1.698941625560729030e+00,6.809639194824901320e-02,-5.919183073612551693e-01,2.726782831052966538e-02,-5.095262647278812722e-03
-8.140252154616479940e-04,1.699500650142480307e+00,7.069110735613533258e-02,-5.896775182513823710e-01,2.795371109736369958e-02,-4.886625326788408309e-03
1.378653580029550515e-03,1.699870880027493092e+00,7.315543120281157996e-02,-5.873630504263809282e-01,2.861177936267209759e-02,-4.672392272743530056e-03
3.664007668924585369e-03,1.700052807584351733e+00,7.548753369745768438e-02,-5.849798794110083744e-01,2.924265914672431396e-02,-4.452919192474934056e-03
6.039184788224634393e-03,1.700047208362130524e+00,7.768569645775313948e-02,-5.825329772361526048e-01,2.984704731851112181e-02,-4.228561182545421959e-03
8.501325575828654404e-03,1.699855141446006579e+00,7.974831030946374910e-02,-5.800273099100012875e-01,3.042570024466420553e-02,-3.999672600881357815e-03
1.104755309919170335e-02,1.699477949100162144e+00,8.167387402329438773e-02,-5.774678353333667635e-01,3.097942291727025232e-02,-3.766606982173631088e-03
1.367496181216958789e-02,1.698917255709575302e+00,8.346099393146089174e-02,-5.748595015745108228e-01,3.150905852830861165e-02,-3.529716988636591446e-03
1.638060601257724722e-02,1.698174966034198263e+00,8.510838436336599921e-02,-5.722072454241842188e-01,3.201547847321293411e-02,-3.289354388649606831e-03
1.916148787613380575e-02,1.697253262790214379e+00,8.661486883805286086e-02,-5.695159911572837963e-01,3.249957276248800070e-02,-3.045870056259886074e-03
2.201454514780799496e-02,1.696154603573601705e+00,8.797938195062268707e-02,-5.667906494334193912e-01,3.296224081829721153e-02,-2.799613984985304966e-03
2.493663857908938464e-02,1.694881717141157873e+00,8.920097189042135166e-02,-5.640361162746806434e-01,3.340438263238993538e-02,-2.550935309812954639e-03
2.792453920934535871e-02,1.693437599063509991e+00,9.027880353041052575e-02,-5.612572720649181557e-01,3.382689026259422249e-02,-2.300182331736016269e-03
3.097491560110090386e-02,1.691825506763493747e+00,9.121216202962709185e-02,-5.584589805208397539e-01,3.423063964730985870e-02,-2.047702539603130610e-03
3.408432115267335388e-02,1.690048953951693633e+00,9.200045689388147707e-02,-5.556460875910952391e-01,3.461648272095774193e-02,-1.793842624467140460e-03
3.724918162692571894e-02,1.688111704468959307e+00,9.264322644371422721e-02,-5.528234202452370072e-01,3.498523981813840555e-02,-1.538948482011633784e-03
4.046578305171527612e-02,1.686017765543431635e+00,9.314014264296578693e-02,-5.499957851199198666e-01,3.533769236028616589e-02,-1.283365199003155604e-03
4.373026016556721268e-02,1.683771380467115497e+00,9.349101624593553206e-02,-5.471679669948847913e-01,3.567457582582630321e-02,-1.027437020064357696e-03
4.703858560074829914e-02,1.681377020694459823e+00,9.369580222579707018e-02,-5.443447270760868317e-01,3.599657301318127250e-02,-7.715072913899341522e-04
5.038656001468749812e-02,1.678839377362866925e+00,9.375460545145024305e-02,-5.415308010676948003e-01,3.630430761532944806e-02,-5.159183783352239107e-04
5.376980339888853822e-02,1.676163352232737047e+00,9.366768658403841485e-02,-5.387308970185414880e-01,3.659833813485610654e-02,-2.610115541002091416e-04
5.718374781126239759e-02,1.673354048042755560e+00,9.343546816762066110e-02,-5.359496929318421365e-01,3.687915217936048318e-02,-7.126857013793954611e-06
6.062363179218731302e-02,1.670416758274852143e+00,9.305854089060940082e-02,-5.331918341295577290e-01,3.714716118844108711e-02,2.453970857996981927e-04
6.408449673545134340e-02,1.667356956322874728e+00,9.253766999518760195e-02,-5.304619303645740080e-01,3.740269565494932363e-02,4.962232703112591167e-04
6.756118549129350170e-02,1.664180284059763038e+00,9.187380181062185236e-02,-5.277645526748432347e-01,3.764600091437446394e-02,7.450165646868569906e-04
7.104834347868393962e-02,1.660892539800171264e+00,9.106807038281547473e-02,-5.251042299737467278e-01,3.787723358661450324e-02,9.914439969424836997e-04
7.454042257637003011e-02,1.657499665659315058e+00,9.012180416626150437e-02,-5.224854453701831547e-01,3.809645876342921539e-02,1.235175082169678645e-03
7.803168804567693628e-02,1.654007734314581146e+00,8.903653273549366753e-02,-5.199126322102932685e-01,3.830364804192093464e-02,1.475882189980563808e-03
8.151622871129357573e-02,1.650422935184301609e+00,8.781399346103262171e-02,-5.173901698303998709e-01,3.849867850874662267e-02,1.713240952412908944e-03
8.498797058820214967e-02,1.646751560048222762e+00,8.645613807967275632e-02,-5.149223790078091278e-01,3.868133278069921244e-02,1.946930712078561625e-03
8.844069409273512539e-02,1.642999988146595536e+00,8.496513907092924367e-02,-5.125135170928305506e-01,3.885130020408114615e-02,2.176635009828906467e-03
9.186805491312056982e-02,1.639174670809405931e+00,8.334339573097657161e-02,-5.101677728020226343e-01,3.900817930725341415e-02,2.402042110648333444e-03
9.526360854002503820e-02,1.635282115683799553e+00,8.159353981313127724e-02,-5.078892606496574480e-01,3.915148158731328321e-02,2.622845565874558100e-03
9.862083837143083287e-02,1.631328870645808893e+00,7.971844058082534767e-02,-5.056820149921773533e-01,3.928063669264170860e-02,2.838744809191304490e-03
1.019331872103813180e-01,1.627321507501460207e+00,7.772120909633251085e-02,-5.035499836595110912e-01,3.939499903791638530e-02,3.049445783157506747e-03
1.051940918712364059e-01,1.623266605601423551e+00,7.560520154776417812e-02,-5.014970211480830331e-01,3.949385585726647441e-02,3.254661592345814598e-03
1.083970205034844730e-01,1.619170735511589854e+00,7.337402139978069227e-02,-4.995268813537299679e-01,3.957643666507282276e-02,3.454113178483764635e-03
1.115355121360401686e-01,1.615040442898200368e+00,7.103152014193014896e-02,-4.976432098290364814e-01,3.964192405342030490e-02,3.647530012348223095e-03
1.146032178441447336e-01,1.610882232799212721e+00,6.858179640441436353e-02,-4.958495355592071885e-01,3.968946571173285337e-02,3.834650796583205425e-03
1.175939428507307982e-01,1.606702554462238419e+00,6.602919321613757997e-02,-4.941492622637326249e-01,3.971818750941089743e-02,4.015224173117084433e-03
1.205016887997929498e-01,1.602507786932491296e+00,6.337829319557260199e-02,-4.925456592477899243e-01,3.972720743842955010e-02,4.189009428468004614e-03
1.233206953860513239e-01,1.598304225570778447e+00,6.063391149226372845e-02,-4.910418518472794980e-01,3.971565017216795168e-02,4.355777189960544603e-03
1.260454804974976140e-01,1.594098069670965012e+00,5.780108633602916435e-02,-4.896408115340664113e-01,3.968266196164910165e-02,4.515310105739338969e-03
1.286708780287045550e-01,1.589895411328254626e+00,5.488506710171570102e-02,-4.883453457724907243e-01,3.962742556322959575e-02,4.667403501455408971e-03
1.311920725550832501e-01,1.585702225684189726e+00,5.189129985844268683e-02,-4.871580877433552281e-01,3.954917487468582321e-02,4.811866006609410648e-03
1.336046301218997423e-01,1.581524362642146464e+00,4.882541044154303095e-02,-4.860814860759734568e-01,3.944720895124664839e-02,4.948520143748053914e-03
1.359045244952726827e-01,1.577367540109421151e+00,4.569318515997296271e-02,-4.851177947508949484e-01,3.932090508045699151e-02,5.077202874007308644e-03
1.380881583421469661e-01,1.573237338780357542e+00,4.250054932829400167e-02,-4.842690633539978862e-01,3.916973061511316856e-02,5.197766092860450597e-03
1.401523789472467751e-01,1.569139198431320548e+00,3.925354388649705817e-02,-4.835371278752267354e-01,3.899325329636917775e-02,5.310077070345867872e-03
1.420944882307278445e-01,1.565078415654838961e+00,3.595830043888777888e-02,-4.829236022510505211e-01,3.879114984314015191e-02,5.414018830510332857e-03
1.439122469932029580e-01,1.561060142919174165e+00,3.262101510112620090e-02,-4.824298708477841591e-01,3.856321263705696917e-02,5.509490465307900417e-03
1.456038734771365473e-01,1.557089388803049701e+00,2.924792158896368649e-02,-4.820570820727616002e-01,3.830935439179372626e-02,5.596407378750330001e-03
1.471680364876028491e-01,1.553171019225167537e+00,2.584526401068094892e-02,-4.818061432820182621e-01,3.802961075854718875e-02,5.674701457726072200e-03
1.486038434541219200e-01,1.549309759465874459e+00,2.241926983613161742e-02,-4.816777171272103031e-01,3.772414088258650711e-02,5.744321166608469358e-03
1.499108239329837167e-01,1.545510196764859678e+00,1.897612350817382693e-02,-4.816722194520693390e-01,3.739322598599467695e-02,5.805231563575955107e-03
1.510889091419552743e-01,1.541776783274410034e+00,1.552194113779061663e-02,-4.817898188112845759e-01,3.703726610618802290e-02,5.857414237477717202e-03
1.521384081841019309e-01,1.538113839152299267e+00,1.206274668405892155e-02,-4.820304376441602034e-01,3.665677516622965065e-02,5.900867165097973231e-03
1.530599816539882085e-01,1.534525555591099932e+00,8.604449966890279772e-03,-4.823937550937170693e-01,3.625237458968710857e-02,5.935604489788554039e-03
1.538546133287629347e-01,1.531015997600406742e+00,5.152826797322273417e-03,-4.828792114211106767e-01,3.582478569886790587e-02,5.961656223627375371e-03
1.545235806309978588e-01,1.527589106383659523e+00,1.713501440626724430e-03,-4.834860139272041391e-01,3.537482115044770364e-02,5.979067876481843069e-03
1.550684245131472849e-01,1.524248701180302090e+00,-1.708068444771371295e-03,-4.842131442594827528e-01,3.490337566718092893e-02,5.987900016564192719e-03
1.554909193593407013e-01,1.520998480475198811e+00,-5.106604321175572947e-03,-4.850593669544919773e-01,3.441141631949024698e-02,5.988227768207866723e-03
1.557930434334644787e-01,1.517842022508941513e+00,-8.477016734819910193e-03,-4.860232390444756967e-01,3.389997259761768494e-02,5.980140253618090179e-03
1.559769503276668134e-01,1.514782785053473857e+00,-1.181441278663735231e-02,-4.871031205423078103e-01,3.337012649529402797e-02,5.963739986208127335e-03
1.560449417867799671e-01,1.511824104446123584e+00,-1.511410122253705780e-02,-4.882971856111695819e-01,3.282300280127294773e-02,5.939142223786797806e-03
1.559994422054296892e-01,1.508969193900772332e+00,-1.837159529960747523e-02,-4.896034342243754112e-01,3.225975976729598960e-02,5.906474290286350612e-03
1.558429750188879137e-01,1.506221141136864006e+00,-2.158261361935764899e-02,-4.910197041256578743e-01,3.168158029170518863e-02,5.865874874899979809e-03
1.555781411384099810e-01,1.503582905384936330e+00,-2.474307914402823147e-02,-4.925436829102364245e-01,3.108966372840736916e-02,5.817493317436583933e-03
1.552075995185648316e-01,1.501057313841249519e+00,-2.784911662761501219e-02,-4.941729200611321704e-01,3.048521840238406500e-02,5.761488888410834855e-03
1.547340498889413218e-01,1.498647057654010295e+00,-3.089704870037313089e-02,-4.959048387924226975e-01,2.986945488633691373e-02,5.698030071894235986e-03
1.541602176360474530e-01,1.496354687529927840e+00,-3.388339084527256656e-02,-4.977367475704284616e-01,2.924358006900261084e-02,5.627293858490384909e-03
1.534888407831866142e-01,1.494182609052776112e+00,-3.680484549835355557e-02,-4.996658512042432831e-01,2.860879202456419190e-02,5.549465055002962208e-03
1.527226589862039630e-01,1.492133077805743779e+00,-3.965829549342619886e-02,-5.016892614177120846e-01,2.796627567461310027e-02,5.464735616477775157e-03
1.518644044405899896e-01,1.490208194387112828e+00,-4.244079705628427124e-02,-5.038040068352052092e-01,2.731719921929053746e-02,5.373304005359690744e-03
1.509167945796826005e-01,1.488409899404704362e+00,-4.514957253568651491e-02,-5.060070423327730493e-01,2.666271130242985066e-02,5.275374581547809250e-03
1.498825264337083352e-01,1.486739968529038558e+00,-4.778200303880379696e-02,-5.082952577240466008e-01,2.600393886650784539e-02,5.171157026189853248e-03
1.487642725142085121e-01,1.485200007678675327e+00,-5.033562111850010956e-02,-5.106654857662921154e-01,2.534198564669954204e-02,5.060865801156167777e-03
1.475646780870966401e-01,1.483791448404117919e+00,-5.280810363941957492e-02,-5.131145094861472300e-01,2.467793124898920790e-02,4.944719645295946216e-03
1.462863596993327908e-01,1.482515543529273838e+00,-5.519726492995437328e-02,-5.156390688366936370e-01,2.401283075477950169e-02,4.822941107818559496e-03
1.449319048282116107e-01,1.481373363102028939e+00,-5.750105030819375324e-02,-5.182358667076656378e-01,2.334771479342502565e-02,4.695756118470997484e-03
1.435038725278660054e-01,1.480365790698210393e+00,-5.971753005220523103e-02,-5.209015743188337710e-01,2.268359002428133736e-02,4.563393593603510753e-03
1.420047949542108667e-01,1.479493520116231808e+00,-6.184489386867055710e-02,-5.236328360330558818e-01,2.202143997091790886e-02,4.426085076730515780e-03
1.404371796567120967e-01,1.478757052493146151e+00,-6.388144589910081661e-02,-5.264262736303210177e-01,2.136222615184095799e-02,4.284064411800384345e-03
1.388035125326737285e-01,1.478156693866746973e+00,-6.582560028962444743e-02,-5.292784900874860643e-01,2.070688945419230098e-02,4.137567447081072665e-03
1.371062613468863600e-01,1.477692553202799575e+00,-6.767587733866427258e-02,-5.321860729105136745e-01,2.005635169925281541e-02,3.986831767342061128e-03
1.353478797262401001e-01,1.477364540901465295e+00,-6.943090022663848948e-02,-5.351455970670361273e-01,1.941151735103860063e-02,3.832096451858962253e-03
1.335308115451029898e-01,1.477172367792507934e+00,-7.108939232305377942e-02,-5.381536275671735536e-01,1.877327532172190505e-02,3.673601855677157465e-03
1.316574956227924975e-01,1.477115544624923116e+00,-7.265017505890471183e-02,-5.412067217398822683e-01,1.814250082995505844e-02,3.511589411536279737e-03
1.297303706592488892e-01,1.477193382053181958e+00,-7.411216634604118891e-02,-5.443014312508516195e-01,1.752005727036845886e-02,3.346301449869979253e-03
1.277518803390290392e-01,1.477404991119304567e+00,-7.547437952000048134e-02,-5.474343039062380400e-01,1.690679805452172460e-02,3.177981034347129169e-03
1.257244785369777407e-01,1.477749284227427795e+00,-7.673592277860652455e-02,-5.506018852844349887e-01,1.630356838539984837e-02,3.006871810503953385e-03
1.236506345614303282e-01,1.478224976605376773e+00,-7.789599908530499273e-02,-5.538007202357315695e-01,1.571120692917134590e-02,2.833217865124726918e-03
1.215328383726076017e-01,1.478830588245942934e+00,-7.895390650362107965e-02,-5.570273542871930772e-01,1.513054734938668738e-02,2.657263594155386335e-03
1.193736057150512203e-01,1.479564446319067583e+00,-7.990903892719666834e-02,-5.602783349874773666e-01,1.456241967013026731e-02,2.479253577074178212e-03
1.171754831036047606e-01,1.480424688044894799e+00,-8.076088716848960070e-02,-5.635502132236395179e-01,1.400765143589707135e-02,2.299432455791361376e-03
1.149410526026745649e-01,1.481409264016643190e+00,-8.150904036831074784e-02,-5.668395445393210608e-01,1.346706863720554398e-02,2.118044816301660731e-03
1.126729363384215005e-01,1.482515941961407124e+00,-8.215318768785215275e-02,-5.701428904811151055e-01,1.294149637224898883e-02,1.935335071464849279e-03
1.103738006832722246e-01,1.483742310926305041e+00,-8.269312024464364752e-02,-5.734568199973633096e-01,1.243175921630363182e-02,1.751547343438100658e-03
1.080463600518321993e-01,1.485085785876788300e+00,-8.312873325389252832e-02,-5.767779109112136648e-01,1.193868127223221727e-02,1.566925344425789367e-03
1.056933802470887418e-01,1.486543612693385530e+00,-8.346002833684579292e-02,-5.801027514874543822e-01,1.146308587733019420e-02,1.381712254545616140e-03
1.033176812958657431e-01,1.488112873552632109e+00,-8.368711595810039705e-02,-5.834279421104566765e-01,1.100579494404083439e-02,1.196150595732257136e-03
1.009221397129998476e-01,1.489790492677391054e+00,-8.381021795412028907e-02,-5.867500970885171085e-01,1.056762791479751509e-02,1.010482100709388141e-03
9.850969013481913894e-02,1.491573242441173175e+00,-8.382967011554380565e-02,-5.900658465979821132e-01,1.014940031451271735e-02,8.249475761566258010e-04
9.608332626438780000e-02,1.493457749810381374e+00,-8.374592478613833435e-02,-5.933718387787695336e-01,9.751921888092332513e-03,6.397867592788049123e-04
9.364610107379744974e-02,1.495440503107593244e+00,-8.355955344144194719e-02,-5.966647419912614048e-01,9.375994314866898521e-03,4.552381670506941945e-04
9.120112621269142739e-02,1.497517859078054014e+00,-8.327124921019624093e-02,-5.999412472430177834e-01,9.022408497037925565e-03,2.715389374610223177e-04
8.875157057733809585e-02,1.499686050240437218e+00,-8.288182930160435669e-02,-6.031980707923335627e-01,8.691941425156347531e-03,8.892466211640471770e-05
8.630065800103584039e-02,1.501941192501648592e+00,-8.239223730123827749e-02,-6.064319569343119554e-01,8.385352630274428565e-03,-9.237079040990919354e-05
8.385166403451688177e-02,1.504279293013983443e+00,-8.180354529808266106e-02,-6.096396809738230393e-01,8.103380239705153601e-03,-2.721154610851839423e-04
8.140791179435923064e-02,1.506696258251318365e+00,-8.111695580476542544e-02,-6.128180523884280140e-01,7.846736661213537037e-03,-4.500794973732734653e-04
7.897276686821011471e-02,1.509187902279232274e+00,-8.033380343253500311e-02,-6.159639181830393051e-01,7.616103928843948739e-03,-6.260353612275277538e-04
7.654963127780674281e-02,1.511749955192051020e+00,-7.945555628206457666e-02,-6.190741664367125363e-01,7.412128752309087021e-03,-7.997580487009124661e-04
7.414193651422820719e-02,1.514378071687828120e+00,-7.848381701077930539e-02,-6.221457300404856783e-01,7.235417320742018078e-03,-9.710253217381536236e-04
7.175313567433595774e-02,1.517067839750287250e+00,-7.742032353721170490e-02,-6.251755906235572091e-01,7.086529920417056205e-03,-1.139617952684888113e-03
6.938669474270285631e-02,1.519814789404805078e+00,-7.626694934301052331e-02,-6.281607826632747971e-01,6.965975434517255628e-03,-1.305319981998174497e-03
6.704608307916877508e-02,1.522614401513719296e+00,-7.502570333378427714e-02,-6.310983977723656491e-01,6.874205800877138464e-03,-1.467918989564762945e-03
6.473476318810990338e-02,1.525462116574666904e+00,-7.369872922108328117e-02,-6.339855891545462807e-01,6.811610510550168175e-03,-1.627206379922070331e-03
6.245617986113249226e-02,1.528353343484414761e+00,-7.228830438964427285e-02,-6.368195762170781871e-01,6.778511235724966541e-03,-1.782977681526499991e-03
6.021374879972379857e-02,1.531283468229815536e+00,-7.079683821665931631e-02,-6.395976493259990514e-01,6.775156679631655701e-03,-1.935032860020494431e-03
5.801084483791599244e-02,1.534247862467216672e+00,-6.922686981338943557e-02,-6.423171746866500609e-01,6.801717743350989796e-03,-2.083176645211186079e-03
5.585078989674324701e-02,1.537241891951943051e+00,-6.758106516399807473e-02,-6.449755993287912270e-01,6.858283104613313412e-03,-2.227218871189573599e-03
5.373684081172084431e-02,1.540260924780440632e+00,-6.586221364207046902e-02,-6.475704561720848629e-01,6.944855301556303144e-03,-2.366974828692207291e-03
5.167217718131700971e-02,1.543300339409356292e+00,-6.407322389190883705e-02,-6.500993691441215860e-01,7.061347409875190148e-03,-2.502265628442679017e-03
4.965988938806268488e-02,1.546355532418262291e+00,-6.221711906929630609e-02,-6.525600583195502180e-01,7.207580394806241408e-03,-2.632918573815918976e-03
4.770296694428483725e-02,1.549421925985904336e+00,-6.029703144489816091e-02,-6.549503450453738607e-01,7.383281209987711466e-03,-2.758767540755417951e-03
4.580428731130110898e-02,1.552494975053725801e+00,-5.831619638265717748e-02,-6.572681570142133722e-01,7.588081703595529054e-03,-2.879653362455571446e-03
4.396660533424981421e-02,1.555570174154921270e+00,-5.627794571522806710e-02,-6.595115332444614342e-01,7.821518378506798347e-03,-2.995424215913985912e-03
4.219254342465627444e-02,1.558643063892301450e+00,-5.418570054842847261e-02,-6.616786289238933971e-01,8.083033037949030955e-03,-3.105936007078732245e-03
4.048458260959587884e-02,1.561709237053668486e+00,-5.204296353656899521e-02,-6.637677200716018966e-01,8.371974331575066791e-03,-3.211052750980675479e-03
3.884505455027333076e-02,1.564764344359064197e+00,-4.985331068004840438e-02,-6.657772079722074077e-01,8.687600199654654104e-03,-3.310646942968084681e-03
3.727613461447702725e-02,1.567804099839974707e+00,-4.762038270544338009e-02,-6.677056233362703708e-01,9.029081195628087947e-03,-3.404599916965286160e-03
3.577983606725602950e-02,1.570824285856188718e+00,-4.534787609617323134e-02,-6.695516301417653304e-01,9.395504650175981465e-03,-3.492802186572159778e-03
3.435800542293704352e-02,1.573820757761324352e+00,-4.303953384839526858e-02,-6.713140291134154225e-01,9.785879623763631824e-03,-3.575153764816544483e-03
3.301231897991372538e-02,1.576789448232897684e+00,-4.069913603184398959e-02,-6.729917607996347417e-01,1.019914257982341803e-02,-3.651564458472792221e-03
3.174428053816359674e-02,1.579726371287051956e+00,-3.833049023867916849e-02,-6.745839082107411011e-01,1.063416369778950356e-02,-3.721954133068027925e-03
3.055522027881085040e-02,1.582627626001579246e+00,-3.593742200493343225e-02,-6.760896989869121798e-01,1.108975373445948709e-02,-3.786252945009751809e-03
2.944629476582825978e-02,1.585489399973548208e+00,-3.352376528879827400e-02,-6.775085070699471412e-01,1.156467133389616798e-02,-3.844401537676343013e-03
2.841848801264695509e-02,1.588307972539654056e+00,-3.109335308778211904e-02,-6.788398538591162712e-01,1.205763068046225572e-02,-3.896351198803799966e-03
2.747261354140789757e-02,1.591079717788305148e+00,-2.865000827280856505e-02,-6.800834088380591780e-01,1.256730938665699161e-02,-3.942063977062212378e-03
2.660931735011981200e-02,1.593801107392471827e+00,-2.619753471175587101e-02,-6.812389896666480871e-01,1.309235650714714837e-02,-3.981512756325964082e-03
2.582908169324886830e-02,1.596468713291499197e+00,-2.373970874798110933e-02,-6.823065617387525927e-01,1.363140057261112183e-02,-4.014681286782794539e-03
2.513222957430530369e-02,1.599079210248504079e+00,-2.128027109127891142e-02,-6.832862372137520346e-01,1.418305754151744438e-02,-4.041564172678326593e-03
2.451892984476038845e-02,1.601629378307739993e+00,-1.882291916977600621e-02,-6.841782735362360590e-01,1.474593857444662925e-02,-4.062166817134546526e-03
2.398920280198129154e-02,1.604116105173541529e+00,-1.637129998175322274e-02,-6.849830714644604690e-01,1.531865754370046948e-02,-4.076505325094431642e-03
2.354292617959702003e-02,1.606536388529274717e+00,-1.392900347661015642e-02,-6.857011726336321722e-01,1.589983820036119933e-02,-4.084606366013829662e-03
2.317984142653562243e-02,1.608887338311259851e+00,-1.149955648442400544e-02,-6.863332566848763250e-01,1.648812093129158399e-02,-4.086506998432029060e-03
2.289956017559479501e-02,1.611166178949023919e+00,-9.086417204059834413e-03,-6.868801379946987140e-01,1.708216904944185460e-02,-4.082254458993273515e-03
2.270157080849984077e-02,1.613370251579593351e+00,-6.692970250788430296e-03,-6.873427620428581575e-01,1.768067457190836828e-02,-4.071905918855254700e-03
2.258524503163694686e-02,1.615497016239978656e+00,-4.322522256046387734e-03,-6.877222014587772714e-01,1.828236345116390771e-02,-4.055528210703000271e-03
2.254984438470883021e-02,1.617544054038599244e+00,-1.978298004476792063e-03,-6.880196517879617613e-01,1.888600023548404894e-02,-4.033197529786316897e-03
2.259452661314916705e-02,1.619509069303254334e+00,3.365629131781371595e-04,-6.882364270204051060e-01,1.949039214460761282e-02,-4.004999112517617157e-03
2.271835184398670812e-02,1.621389891700392383e+00,2.619008958334510199e-03,-6.883739549226773891e-01,2.009439255591960460e-02,-3.971026896208504874e-03
2.292028851373918014e-02,1.623184478317932111e+00,4.866079045529026446e-03,-6.884337722144173721e-01,2.069690390480761338e-02,-3.931383163493856574e-03
2.319921900564885300e-02,1.624890915701755700e+00,7.074904521178065030e-03,-6.884175196283509601e-01,2.129688001023707575e-02,-3.886178174898730596e-03
2.355394496199140347e-02,1.626507421834244571e+00,9.242710757780867037e-03,-6.883269368908327968e-01,2.189332784297774726e-02,-3.835529792854683664e-03
2.398319224517985945e-02,1.628032348041851929e+00,1.136681840284282582e-02,-6.881638576573615440e-01,2.248530875928879055e-02,-3.779563100276986908e-03
2.448561552886281689e-02,1.629464180817704611e+00,1.344464432256981153e-02,-6.879302044346429224e-01,2.307193922725846516e-02,-3.718410016582008454e-03
2.505980250712751961e-02,1.630801543544563526e+00,1.547370228039000005e-02,-6.876279835176631883e-01,2.365239107644566754e-02,-3.652208913763680710e-03
2.570427771623767788e-02,1.632043198103132031e+00,1.745160338968761160e-02,-6.872592799669797747e-01,2.422589130405111355e-02,-3.581104234868090572e-03
2.641750596905844892e-02,1.633188046350647404e+00,1.937605637887833410e-02,-6.868262526481125896e-01,2.479172147263579776e-02,-3.505246116913805950e-03
2.719789540745997172e-02,1.634235131454894407e+00,2.124486770521330850e-02,-6.863311293516048961e-01,2.534921673549072815e-02,-3.424790020009704870e-03
2.804380018257291579e-02,1.635183639069198946e+00,2.305594155155942307e-02,-6.857762020090700794e-01,2.589776452623598901e-02,-3.339896364128137982e-03
2.895352277683098038e-02,1.636032898334570884e+00,2.480727973795410560e-02,-6.851638220174144367e-01,2.643680294918041712e-02,-3.250730174704577480e-03
2.992531598531811277e-02,1.636782382695923355e+00,2.649698157705329335e-02,-6.844963956804521743e-01,2.696581890649469085e-02,-3.157460737959951781e-03
3.095738457708840236e-02,1.637431710520184325e+00,2.812324369975287980e-02,-6.837763797743580119e-01,2.748434599742437257e-02,-3.060261266582200643e-03
3.204788665988960589e-02,1.637980645505090260e+00,2.968435987433144796e-02,-6.830062772408382887e-01,2.799196222367399123e-02,-2.959308576161963095e-03
3.319493477414197508e-02,1.638429096868503576e+00,3.117872083948986309e-02,-6.821886330095823237e-01,2.848828753379899562e-02,-2.854782772555700555e-03
3.439659674414329016e-02,1.638777119309186237e+00,3.260481416869916160e-02,-6.813260299494695582e-01,2.897298123801264960e-02,-2.746866950149311377e-03
3.565089631632589739e-02,1.639024912731088746e+00,3.396122418035028845e-02,-6.804210849461752586e-01,2.944573932330382671e-02,-2.635746900817104946e-03
3.695581361601235626e-02,1.639172821724346640e+00,3.524663190535972518e-02,-6.794764451022246021e-01,2.990629169721587335e-02,-2.521610833215182264e-03
3.830928545552839126e-02,1.639221334797310137e+00,3.645981512114754991e-02,-6.784947840541937225e-01,3.035439938709397906e-02,-2.404649101914598745e-03
3.970920552775234619e-02,1.639171083355061675e+00,3.759964845828765723e-02,-6.774787984006339636e-01,3.078985172009929619e-02,-2.285053945767741030e-03
4.115342452022029834e-02,1.639022840420980565e+00,3.866510358364571437e-02,-6.764312042333898711e-01,3.121246350783449600e-02,-2.163019234810365562e-03
4.263975018576825898e-02,1.638777519099001267e+00,3.965524946147601371e-02,-6.753547337642819004e-01,3.162207225804369165e-02,-2.038740224930828994e-03
4.416594740637451444e-02,1.638436170775279477e+00,4.056925269174750659e-02,-6.742521320386157813e-01,3.201853543454801637e-02,-1.912413319486143664e-03
4.572973828735412555e-02,1.637999983059014841e+00,4.140637792291004815e-02,-6.731261537266394201e-01,3.240172778535962278e-02,-1.784235837010487080e-03
4.732880231933784404e-02,1.637470277463205726e+00,4.216598833439164085e-02,-6.719795599838959133e-01,3.277153875777887720e-02,-1.654405784144508292e-03
4.896077664551512498e-02,1.636848506827107252e+00,4.284754618232942958e-02,-6.708151153713792780e-01,3.312787001821363569e-02,-1.523121632912045583e-03
5.062325647140720336e-02,1.636136252483155529e+00,4.345061340037378178e-02,-6.696355848264941013e-01,3.347063309345382764e-02,-1.390582101483485043e-03
5.231379565392880321e-02,1.635335221172101283e+00,4.397485224585707952e-02,-6.684437306760221409e-01,3.379974714917235307e-02,-1.256985937590838045e-03
5.402990750565914158e-02,1.634447241711072918e+00,4.442002598017736475e-02,-6.672423096825997879e-01,3.411513692048505353e-02,-1.122531703797535838e-03
5.576906584903675718e-02,1.633474261420272411e+00,4.478599957090280415e-02,-6.660340701166005406e-01,3.441673080846514854e-02,-9.874175638748799305e-04
5.752870635358024037e-02,1.632418342314998938e+00,4.507274040184751362e-02,-6.648217488457761615e-01,3.470445915554737359e-02,-8.518410695959638575e-04
5.930622818717954520e-02,1.631281657070702273e+00,4.528031897619578389e-02,-6.636080684355423198e-01,3.497825271174701683e-02,-7.159989473256958862e-04
6.109899600996778618e-02,1.630066484769792323e+00,4.540890959665623561e-02,-6.623957342533763892e-01,3.523804130253389844e-02,-5.800868838612800119e-04
6.290434233624035698e-02,1.628775206439979639e+00,4.545879100560686059e-02,-6.611874315714331152e-01,3.548375270801432807e-02,-4.442993110601765818e-04
6.471957028631687703e-02,1.627410300394988463e+00,4.543034696724926325e-02,-6.599858226621658774e-01,3.571531176176118844e-02,-3.088291888811568026e-04
6.654195674612850553e-02,1.625974337389571867e+00,4.532406677292954988e-02,-6.587935438824658041e-01,3.593263967617147531e-02,-1.738677865575975041e-04
6.836875594765906561e-02,1.624469975601864569e+00,4.514054565001553165e-02,-6.576132027425970472e-01,3.613565359960350248e-02,-3.960446171959563079e-05
7.019720347818614314e-02,1.622899955457213883e+00,4.488048505405776295e-02,-6.564473749570165495e-01,3.632426640873921697e-02,9.377356261822828983e-05
7.202452072058869448e-02,1.621267094308740386e+00,4.454469282342567865e-02,-6.552986014750128430e-01,3.649838673762292873e-02,2.260814231843167373e-04
7.384791972085562317e-02,1.619574280990964565e+00,4.413408317522195257e-02,-6.541693854899957028e-01,3.665791924264608093e-02,3.571368435715421862e-04
7.566460847241376908e-02,1.617824470263884651e+00,4.364967652106619550e-02,-6.530621894272099492e-01,3.680276510038522908e-02,4.867603631285782407e-04
7.747179660007659507e-02,1.616020677165884045e+00,4.309259908133390715e-02,-6.519794319106347880e-01,3.693282273267450844e-02,6.147755672970467086e-04
7.926670141940200809e-02,1.614165971294752921e+00,4.246408227667177598e-02,-6.509234847108740230e-01,3.704798875062915303e-02,7.410093189726753597e-04
8.104655434016193316e-02,1.612263471036906370e+00,4.176546187612019401e-02,-6.498966696769372664e-01,3.714815910656917713e-02,8.652919903752935137e-04
8.280860757560612462e-02,1.610316337765535843e+00,4.099817688199301757e-02,-6.489012556559576872e-01,3.723323043996637494e-02,9.874576948243945964e-04
8.455014111240123642e-02,1.608327770028923132e+00,4.016376813282536429e-02,-6.479394554060885492e-01,3.730310160070741954e-02,1.107344517735354712e-03
8.626846988970729435e-02,1.606300997750431003e+00,3.926387660723032469e-02,-6.470134225090582447e-01,3.735767533019264397e-02,1.224794746077297351e-03
8.796095112998437993e-02,1.604239276461749686e+00,3.830024141342690952e-02,-6.461252482901366223e-01,3.739686007814214258e-02,1.339655095468013628e-03
8.962499175897310766e-02,1.602145881590788745e+00,3.727469745152814373e-02,-6.452769587545567065e-01,3.742057193053090203e-02,1.451776934025162877e-03
9.125805584802403059e-02,1.600024102825144068e+00,3.618917273841197602e-02,-6.444705115507322057e-01,3.742873662189714901e-02,1.561016502046916332e-03
9.285767200871594684e-02,1.597877238571323133e+00,3.504568538812972978e-02,-6.437077929718869607e-01,3.742129160343755229e-02,1.667235126559850908e-03
9.442144066763087651e-02,1.595708590528871706e+00,3.384634024431335680e-02,-6.429906150089403916e-01,3.739818813688883248e-02,1.770299429747662504e-03
9.594704114835216069e-02,1.593521458397213264e+00,3.259332516488552128e-02,-6.423207124686548530e-01,3.735939338326164233e-02,1.870081530261392304e-03
9.743223848829664357e-02,1.591319134731396634e+00,3.128890696350190154e-02,-6.416997401720920813e-01,3.730489245509217844e-02,1.966459236410443134e-03
9.887488991992213205e-02,1.589104899961069073e+00,2.993542701649441057e-02,-6.411292702493356366e-01,3.723469040104998573e-02,2.059316230243616545e-03
1.002729509491685073e-01,1.586882017584881455e+00,2.853529654855521333e-02,-6.406107895471608860e-01,3.714881409251195171e-02,2.148542241550542835e-03
1.016244809686542849e-01,1.584653729550223655e+00,2.709099161491003785e-02,-6.401456971668483265e-01,3.704731398308862972e-02,2.234033210845867961e-03
1.029276483490777216e-01,1.582423251825733290e+00,2.560504780217216780e-02,-6.397353021496029468e-01,3.693026571405866321e-02,2.315691440440994803e-03
1.041807349593415200e-01,1.580193770171470335e+00,2.408005467433667682e-02,-6.393808213270325558e-01,3.679777154119820426e-02,2.393425732760568608e-03
1.053821400739726466e-01,1.577968436109065342e+00,2.251864999435707754e-02,-6.390833773538330265e-01,3.664996156153473017e-02,2.467151515122683117e-03
1.065303836352554656e-01,1.575750363091589223e+00,2.092351375533517757e-02,-6.388439969392037954e-01,3.648699472203997124e-02,2.536790950272407776e-03
1.076241088469195861e-01,1.573542622870423457e+00,1.929736205844819960e-02,-6.386636092925751518e-01,3.630905959612153178e-02,2.602273032037031014e-03
1.086620840859938847e-01,1.571348242054095845e+00,1.764294087724482818e-02,-6.385430447979600910e-01,3.611637491788046578e-02,2.663533665557746549e-03
1.096432041293115556e-01,1.569170198851935316e+00,1.596301974978859770e-02,-6.384830339296713175e-01,3.590918986836767746e-02,2.720515731645632707e-03
1.105664907008900577e-01,1.567011419993554089e+00,1.426038544125640510e-02,-6.384842064202803646e-01,3.568778411238515691e-02,2.773169134908902000e-03
1.114310923557808447e-01,1.564874777813625384e+00,1.253783561997618042e-02,-6.385470906895786003e-01,3.545246758862830028e-02,2.821450835402666835e-03
1.122362837247752737e-01,1.562763087490210978e+00,1.079817258949774747e-02,-6.386721135409686445e-01,3.520358006004558477e-02,2.865324863660881349e-03
1.129814641523744223e-01,1.560679104424051111e+00,9.044197118145302916e-03,-6.388596001292151660e-01,3.494149043510255681e-02,2.904762319081587076e-03
1.136661557675248263e-01,1.558625521745745424e+00,7.278702405630950445e-03,-6.391097742008751137e-01,3.466659587409007953e-02,2.939741351749846753e-03
1.142900010326640819e-01,1.556604967937639472e+00,5.504468223771161531e-03,-6.394227586060658997e-01,3.437932069763849352e-02,2.970247127896485581e-03
1.148527598215256240e-01,1.554620004557474511e+00,3.724255265214117261e-03,-6.397985760775728448e-01,3.408011511713194414e-02,2.996271779303413037e-03
1.153543060798705722e-01,1.552673124051425768e+00,1.940799730444430198e-03,-6.402371502707131512e-01,3.376945380872117125e-02,3.017814337076331864e-03
1.157946241258365899e-01,1.550766747645023536e+00,1.568081792827308394e-04,-6.407383070549099724e-01,3.344783435408632544e-02,3.034880650311375279e-03
1.161738046479429964e-01,1.548903223301577148e+00,-1.625047331250975124e-03,-6.413017760456484195e-01,3.311577557200092586e-02,3.047483290282012973e-03
1.164920404590217701e-01,1.547084823739062420e+00,-3.402133805378017642e-03,-6.419271923634283228e-01,3.277381576510576822e-02,3.055641440864708021e-03
1.167496220635381443e-01,1.545313744497935904e+00,-5.171861550587740150e-03,-6.426140986045340009e-01,3.242251090614610420e-02,3.059380776004893589e-03
1.169469330940232227e-01,1.543592102053956916e+00,-6.931688095116892746e-03,-6.433619470069436019e-01,3.206243278729678514e-02,3.058733325097273432e-03
1.170844456697840152e-01,1.541921931971782955e+00,-8.679121777205329319e-03,-6.441701017935164142e-01,3.169416715514922905e-02,3.053737327215255704e-03
1.171627157278094106e-01,1.540305187096801198e+00,-1.041172500669189371e-02,-6.450378416737393428e-01,3.131831185251902211e-02,3.044437075172373632e-03
1.171823783719885131e-01,1.538743735784336542e+00,-1.212711720346216181e-02,-6.459643624847851706e-01,3.093547498651654654e-02,3.030882750433296600e-03
1.171441432825306994e-01,1.537239360166980262e+00,-1.382297742085264458e-02,-6.469487799524280547e-01,3.054627314037021771e-02,3.013130249913085167e-03
1.170487902229535998e-01,1.535793754462292160e+00,-1.549704666530638680e-02,-6.479901325524588529e-01,3.015132964436695664e-02,2.991241005710690553e-03
1.168971646773050155e-01,1.534408523324511053e+00,-1.714712992632928812e-02,-6.490873844536303450e-01,2.975127291903977012e-02,2.965281798816618054e-03
1.166901736455173144e-01,1.533085180245134405e+00,-1.877109793309571922e-02,-6.502394285238022320e-01,2.934673490144560498e-02,2.935324567815778777e-03
1.164287816200531567e-01,1.531825146008296112e+00,-2.036688865588974842e-02,-6.514450893818272137e-01,2.893834956309049647e-02,2.901446213575685149e-03
1.161140067623738087e-01,1.530629747207760127e+00,-2.193250857194998030e-02,-6.527031264787799270e-01,2.852675152581964774e-02,2.863728400868417734e-03
1.157469172933128509e-01,1.529500214833059868e+00,-2.346603371622749470e-02,-6.540122371933527745e-01,2.811257477983684569e-02,2.822257357823487311e-03
1.153286281072246344e-01,1.528437682932842323e+00,-2.496561053809114375e-02,-6.553710599275821558e-01,2.769645150598238834e-02,2.777123674049234228e-03
1.148602976158387134e-01,1.527443187363838550e+00,-2.642945658515389804e-02,-6.567781771904962484e-01,2.727901100250723632e-02,2.728422098194318874e-03
1.143431248241174591e-01,1.526517664634069016e+00,-2.785586103518292861e-02,-6.582321186587589690e-01,2.686087871485126621e-02,2.676251335649643646e-03
1.137783466371028868e-01,1.525661950848933301e+00,-2.924318509653421952e-02,-6.597313642048827642e-01,2.644267536537860813e-02,2.620713847016314935e-03
1.131672353937572262e-01,1.524876780768724682e+00,-3.058986229675993151e-02,-6.612743468850827977e-01,2.602501617864932948e-02,2.561915647888448298e-03
1.125110966211503166e-01,1.524162786985878482e+00,-3.189439867801492634e-02,-6.628594558803053705e-01,2.560851019661714370e-02,2.499966110422204100e-03
1.118112670000196568e-01,1.523520499229913838e+00,-3.315537291667833980e-02,-6.644850393853772852e-01,2.519375967713546882e-02,2.434977767085655907e-03
1.110691125307131516e-01,1.522950343807583540e+00,-3.437143638324580142e-02,-6.661494074425606815e-01,2.478135956832455689e-02,2.367066116909166511e-03
1.102860268868051247e-01,1.522452643185218335e+00,-3.554131315707461519e-02,-6.678508347170518666e-01,2.437189705069333495e-02,2.296349434483833506e-03
1.094634299422357349e-01,1.522027615719653282e+00,-3.666380000901202363e-02,-6.695875632131197408e-01,2.396595113841254454e-02,2.222948581887173626e-03
1.086027664566419776e-01,1.521675375543473541e+00,-3.773776636333626977e-02,-6.713578049306319073e-01,2.356409233079058765e-02,2.146986823651212805e-03
1.077055049026069411e-01,1.521395932609618473e+00,-3.876215424881915977e-02,-6.731597444626573612e-01,2.316688230480028199e-02,2.068589644829100724e-03
1.067731364178318432e-01,1.521189192899660814e+00,-3.973597824710150411e-02,-6.749915415356645410e-01,2.277487363943246981e-02,1.987884572162661526e-03
1.058071738647153731e-01,1.521054958799328505e+00,-4.065832544497970796e-02,-6.768513334945497339e-01,2.238860956270158700e-02,1.905000998305189609e-03
1.048091509794896181e-01,1.520992929644082281e+00,-4.152835539565075118e-02,-6.787372377353340092e-01,2.200862371228858375e-02,1.820070009011431813e-03
1.037806215928956943e-01,1.521002702436796250e+00,-4.234530009246825766e-02,-6.806473540888644536e-01,2.163543990106944759e-02,1.733224213170103103e-03
1.027231589043725857e-01,1.521083772738834883e+00,-4.310846395733604342e-02,-6.825797671592448435e-01,2.126957187913457170e-02,1.644597575523373562e-03
1.016383547918675856e-01,1.521235535735064648e+00,-4.381722384451692404e-02,-6.845325486210140919e-01,2.091152308434814089e-02,1.554325251892408255e-03
1.005278191396470344e-01,1.521457287472606223e+00,-4.447102905937024009e-02,-6.865037594792889886e-01,2.056178637402076778e-02,1.462543426708029330e-03
9.939317916688435173e-02,1.521748226272410243e+00,-4.506940139035722770e-02,-6.884914522971992135e-01,2.022084373086736539e-02,1.369389152630627691e-03
9.823607874032305731e-02,1.522107454312036534e+00,-4.561193515157158790e-02,-6.904936733949731398e-01,1.988916593708969435e-02,1.275000192033314472e-03
9.705817765495031169e-02,1.522533979377340696e+00,-4.609829723206639723e-02,-6.925084650249901941e-01,1.956721221115523962e-02,1.179514860116630476e-03
9.586115086737041768e-02,1.523026716780111922e+00,-4.652822714735779797e-02,-6.945338675270045226e-01,1.925542980263553888e-02,1.083071869421631597e-03
9.464668766743256079e-02,1.523584491438073618e+00,-4.690153708769169427e-02,-6.965679214675726261e-01,1.895425354131385562e-02,9.858101755104934499e-04
9.341649077464397877e-02,1.524206040113053273e+00,-4.721811195696071911e-02,-6.986086697674918078e-01,1.866410533766901803e-02,8.878688235896387525e-04
9.217227534698464730e-02,1.524890013802542521e+00,-4.747790939555444206e-02,-7.006541598207770560e-01,1.838539363278424155e-02,7.893867958594766223e-04
9.091576789093214206e-02,1.525634980279314989e+00,-4.768095977991482215e-02,-7.027024456083876824e-01,1.811851279671120377e-02,6.905028593868894069e-04
8.964870506280221696e-02,1.526439426773240404e+00,-4.782736619114987681e-02,-7.047515898095524367e-01,1.786384247533355507e-02,5.913554143113519419e-04
8.837283235290806227e-02,1.527301762788932926e+00,-4.791730434473047417e-02,-7.067996659131485782e-01,1.762174688681335602e-02,4.920823422128114966e-04
8.708990264553488625e-02,1.528220323052398300e+00,-4.795102247305635390e-02,-7.088447603311689438e-01,1.739257406975952547e-02,3.928208544889871053e-04
8.580167464930880949e-02,1.529193370579403410e+00,-4.792884115252764310e-02,-7.108849745158576372e-01,1.717665508631973162e-02,2.937073406114095050e-04
8.450991119420227238e-02,1.530219099857878629e+00,-4.785115306669597557e-02,-7.129184270816247837e-01,1.697430318445498215e-02,1.948772161531747162e-04
8.321637739315047855e-02,1.531295640136288716e+00,-4.771842269709457296e-02,-7.149432559323580794e-01,1.678581292469713548e-02,9.646477050690115118e-05
8.192283866804291048e-02,1.532421058809558589e+00,-4.753118593345894566e-02,-7.169576203942426007e-01,1.661145927770023289e-02,-1.396985761331108401e-06
8.063105864168353121e-02,1.533593364893839794e+00,-4.729004959524898966e-02,-7.189597033536774262e-01,1.645149669986228566e-02,-9.857647394731868700e-05
7.934279689916690081e-02,1.534810512581135322e+00,-4.699569085666906176e-02,-7.209477133993525966e-01,1.630615819519951742e-02,-1.949437006280653776e-04
7.805980662397324354e-02,1.536070404864573469e+00,-4.664885656775467904e-02,-7.229198869670101502e-01,1.617565437248413840e-02,-2.903704114277746344e-04
7.678383211592251789e-02,1.537370897224949795e+00,-4.625036246455270506e-02,-7.248744904848763992e-01,1.606017250739307303e-02,-3.847302450597558108e-04
7.551660619992163481e-02,1.538709801369017915e+00,-4.580109226196475702e-02,-7.268098225172160420e-01,1.595987562004260937e-02,-4.778988875388158085e-04
7.425984753616388101e-02,1.540084889009937230e+00,-4.530199662345035794e-02,-7.287242159029243549e-01,1.587490157878689023e-02,-5.697542264229416009e-04
7.301525784407161823e-02,1.541493895680257298e+00,-4.475409200249422931e-02,-7.306160398855509053e-01,1.580536224152194122e-02,-6.601765049064254286e-04
7.178451905378332998e-02,1.542934524567849630e+00,-4.415845935152837992e-02,-7.324837022306383005e-01,1.575134264594824779e-02,-7.490484755492888462e-04
7.056929040035032907e-02,1.544404450365282511e+00,-4.351624269485940971e-02,-7.343256513257691021e-01,1.571290026029242490e-02,-8.362555533902315836e-04
6.937120547700117990e-02,1.545901323123286764e+00,-4.282864756308004534e-02,-7.361403782582442989e-01,1.569006430586360537e-02,-9.216859681527253025e-04
6.819186926483025712e-02,1.547422772099157129e+00,-4.209693928743377805e-02,-7.379264188648825273e-01,1.568283516251669021e-02,-1.005230915216703391e-03
6.703285515705004194e-02,1.548966409591205018e+00,-4.132244115364402948e-02,-7.396823557480239897e-01,1.569118386760996742e-02,-1.086784704992046222e-03
6.589570199649798232e-02,1.550529834750690616e+00,-4.050653241580558922e-02,-7.414068202514637607e-01,1.571505171837964815e-02,-1.166244910295253330e-03
6.478191114539393058e-02,1.552110637363042223e+00,-3.965064617205366071e-02,-7.430984943897280814e-01,1.575434998681347204e-02,-1.243512511297894434e-03
6.369294360639436714e-02,1.553706401590591035e+00,-3.875626710486270582e-02,-7.447561127238470080e-01,1.580895975509807871e-02,-1.318492037585265080e-03
6.263021721377994011e-02,1.555314709669519235e+00,-3.782492908996912956e-02,-7.463784641765776051e-01,1.587873187855315046e-02,-1.391091706836754607e-03
6.159510391314501621e-02,1.556933145554232123e+00,-3.685821267904369064e-02,-7.479643937799015374e-01,1.596348708166558938e-02,-1.461223559616398786e-03
6.058892714723654316e-02,1.558559298502902868e+00,-3.585774246234550017e-02,-7.495128043475531854e-01,1.606301619141915771e-02,-1.528803589743576042e-03
5.961295936462630146e-02,1.560190766598511525e+00,-3.482518431865374436e-02,-7.510226580653522888e-01,1.617708051060210220e-02,-1.593751869700379660e-03
5.866841966671224040e-02,1.561825160200282392e+00,-3.376224256077876851e-02,-7.524929779921973871e-01,1.630541233219278893e-02,-1.655992670524416600e-03
5.775647160715096512e-02,1.563460105321020865e+00,-3.267065698588589306e-02,-7.539228494647487455e-01,1.644771559429929197e-02,-1.715454575634086341e-03
5.687822115625031788e-02,1.565093246926442694e+00,-3.155219984070752048e-02,-7.553114213990794745e-01,1.660366667349173764e-02,-1.772070588038169312e-03
5.603471484112742401e-02,1.566722252153176953e+00,-3.040867271245770165e-02,-7.566579074828997387e-01,1.677291531274596736e-02,-1.825778230393035068e-03
5.522693807059438770e-02,1.568344813442688723e+00,-2.924190335688625283e-02,-7.579615872523683962e-01,1.695508567864282418e-02,-1.876519637389120971e-03
5.445581365180553191e-02,1.569958651588905907e+00,-2.805374247540615151e-02,-7.592218070479872516e-01,1.714977754096762980e-02,-1.924241639973498820e-03
5.372220050372113198e-02,1.571561518697848436e+00,-2.684606045358979912e-02,-7.604379808446237732e-01,1.735656756645573978e-02,-1.968895840947205989e-03
5.302689257044838206e-02,1.573151201058011317e+00,-2.562074407355153724e-02,-7.616095909513236339e-01,1.757501071715672838e-02,-2.010438681514258898e-03
5.237061793554526057e-02,1.574725521920682159e+00,-2.437969321281219584e-02,-7.627361885772431238e-01,1.780464174276294095e-02,-2.048831498403446642e-03
5.175403813644998546e-02,1.576282344189730900e+00,-2.312481754217651439e-02,-7.638173942607476841e-01,1.804497675528558484e-02,-2.084040571233560565e-03
5.117774767635946409e-02,1.577819573020723176e+00,-2.185803323494829586e-02,-7.648528981594775455e-01,1.829551487367685539e-02,-2.116037159846905543e-03
5.064227372915131725e-02,1.579335158329461475e+00,-2.058125969946688824e-02,-7.658424601999577197e-01,1.855573992539969255e-02,-2.144797531394015966e-03
5.014807603135114367e-02,1.580827097210251164e+00,-1.929641634647961956e-02,-7.667859100861259547e-01,1.882512219154272234e-02,-2.170302977013508546e-03
4.969554695371018738e-02,1.582293436264325504e+00,-1.800541940227861834e-02,-7.676831471669499640e-01,1.910312018186822308e-02,-2.192539818014018361e-03
4.928501174369412374e-02,1.583732273838944105e+00,-1.671017877783934069e-02,-7.685341401640941594e-01,1.938918242616234286e-02,-2.211499401529187520e-03
4.891672892910478576e-02,1.585141762177708413e+00,-1.541259500341616608e-02,-7.693389267613675031e-01,1.968274926842292216e-02,-2.227178085680701913e-03
4.859089087216969527e-02,1.586520109482613128e+00,-1.411455623719285075e-02,-7.700976130584271662e-01,1.998325465076076710e-02,-2.239577214347375327e-03
4.830762446274421834e-02,1.587865581888291633e+00,-1.281793535566892392e-02,-7.708103728919140085e-01,2.029012787439199786e-02,-2.248703081699362887e-03
4.806699193877655291e-02,1.589176505348807167e+00,-1.152458713250382322e-02,-7.714774470278515928e-01,2.060279532574687752e-02,-2.254566886714816538e-03
4.786899182188353308e-02,1.590451267437207994e+00,-1.023634551155559215e-02,-7.720991422297401874e-01,2.092068215649637089e-02,-2.257184677950849726e-03
4.771355995576765513e-02,1.591688319057901868e+00,-8.955020978856888941e-03,-7.726758302073136742e-01,2.124321390718322822e-02,-2.256577288890901280e-03
4.760057063526276083e-02,1.592886176071728110e+00,-7.682398037283583343e-03,-7.732079464513971212e-01,2.156981806511949762e-02,-2.252770264235806705e-03
4.752983781401562413e-02,1.594043420833411551e+00,-6.420232786705294334e-03,-7.736959889607055718e-01,2.189992554825758581e-02,-2.245793777545677418e-03
4.750111637917828200e-02,1.595158703640885411e+00,-5.170250611476441029e-03,-7.741405168667484515e-01,2.223297210783709010e-02,-2.235682540673657008e-03
4.751410348198642497e-02,1.596230744095773924e+00,-3.934143976242891402e-03,-7.745421489632586809e-01,2.256839964373577589e-02,-2.222475705460573003e-03
4.756843991371569047e-02,1.597258332374132284e+00,-2.713570330213598003e-03,-7.749015621467475468e-01,2.290565742759204104e-02,-2.206216758181310696e-03
4.766371151722341437e-02,1.598240330406365262e+00,-1.510150119287583317e-03,-7.752194897748926339e-01,2.324420322990114127e-02,-2.186953407249411872e-03
4.779945062508127868e-02,1.599175672965079231e+00,-3.254649047413219268e-04,-7.754967199495096386e-01,2.358350434840306500e-02,-2.164737464696118736e-03
4.797513751616727662e-02,1.600063368659480956e+00,8.389444134247762887e-04,-7.757340937308326856e-01,2.392303853616255596e-02,-2.139624721944003837e-03
4.819020188349759648e-02,1.600902500834815223e+00,1.981579270905814514e-03,-7.759325032897455010e-01,2.426229482877983318e-02,-2.111674820393840118e-03
4.844402430702434564e-02,1.601692228375241056e+00,3.100985014142038781e-03,-7.760928900044666845e-01,2.460077427115363660e-02,-2.080951117336805357e-03
4.873593772608918878e-02,1.602431786408478276e+00,4.195752379217162521e-03,-7.762162425080038064e-01,2.493799054513868435e-02,-2.047520547692990075e-03
4.906522890719203223e-02,1.603120486910523113e+00,5.264518878094199932e-03,-7.763035946924635722e-01,2.527347050029074907e-02,-2.011453482061942299e-03
4.943113990369548544e-02,1.603757719208721566e+00,6.305970095866145035e-03,-7.763560236760363997e-01,2.560675459066978285e-02,-1.972823581552223763e-03
4.983286950502846535e-02,1.604342950381517863e+00,7.318840902808886745e-03,-7.763746477381802125e-01,2.593739722137164069e-02,-1.931707649835188436e-03
5.026957467386568290e-02,1.604875725553247534e+00,8.301916585059526330e-03,-7.763606242282078407e-01,2.626496700908033041e-02,-1.888185482844005354e-03
5.074037197063467619e-02,1.605355668082430576e+00,9.254033897709722581e-03,-7.763151474521465811e-01,2.658904696147449884e-02,-1.842339716512911849e-03
5.124433896553063500e-02,1.605782479642133609e+00,1.017408204400638630e-02,-7.762394465423925194e-01,2.690923458078508385e-02,-1.794255672924315471e-03
5.178051563899392640e-02,1.606155940191110298e+00,1.106100358419689379e-02,-7.761347833143287245e-01,2.722514189718659022e-02,-1.744021205203226919e-03
5.234790577232031894e-02,1.606475907834595152e+00,1.191379527734939651e-02,-7.760024501137259278e-01,2.753639543801475117e-02,-1.691726541470073156e-03
5.294547833072356380e-02,1.606742318573818107e+00,1.273150885922709648e-02,-7.758437676583952447e-01,2.784263613904116447e-02,-1.637464128134681184e-03
5.357216884175002025e-02,1.606955185943519604e+00,1.351325175900518205e-02,-7.756600828772276524e-01,2.814351920420356951e-02,-1.581328472786569126e-03
5.422688077245119836e-02,1.607114600536976301e+00,1.425818775729682276e-02,-7.754527667494273135e-01,2.843871392029264158e-02,-1.523415986909994234e-03
5.490848690914938712e-02,1.607220729418302962e+00,1.496553758760679753e-02,-7.752232121464409653e-01,2.872790343313576938e-02,-1.463824828626841042e-03
5.561583074398109700e-02,1.607273815422058050e+00,1.563457948296400127e-02,-7.749728316787950488e-01,2.901078449179890842e-02,-1.402654745646660225e-03
5.634772787267076227e-02,1.607274176340465655e+00,1.626464966910340024e-02,-7.747030555497873561e-01,2.928706716725312104e-02,-1.340006918581238991e-03
5.710296740817135536e-02,1.607222203998853516e+00,1.685514280517956542e-02,-7.744153294177367197e-01,2.955647455182618122e-02,-1.275983804761190695e-03
5.788031341490808279e-02,1.607118363220214841e+00,1.740551237260339057e-02,-7.741111122682780010e-01,2.981874244558509190e-02,-1.210688982674342634e-03
5.867850636837559919e-02,1.606963190680104958e+00,1.791527101220589252e-02,-7.737918742979975617e-01,3.007361903557614902e-02,-1.144226997130288201e-03
5.949626464476780174e-02,1.606757293653402030e+00,1.838399080955328488e-02,-7.734590948105416475e-01,3.032086457358808620e-02,-1.076703205242412077e-03
6.033228604516314292e-02,1.606501348654778560e+00,1.881130352787005466e-02,-7.731142601261952185e-01,3.056025105780423023e-02,-1.008223623308027520e-03
6.118524935854791763e-02,1.606196099975047975e+00,1.919690078767613203e-02,-7.727588615058151866e-01,3.079156192337436510e-02,-9.388947746589738083e-04
6.205381596763739210e-02,1.605842358115872281e+00,1.954053419191433341e-02,-7.723943930899269672e-01,3.101459174656881479e-02,-8.688235385490507452e-04
6.293663150105176241e-02,1.605440998125629237e+00,1.984201539503860356e-02,-7.720223498537308604e-01,3.122914596677940982e-02,-7.981170001409734847e-04
6.383232753492462663e-02,1.604992957839550982e+00,2.010121611425615823e-02,-7.716442255787414606e-01,3.143504063020658573e-02,-7.268823016539747864e-04
6.473952334646865259e-02,1.604499236027551623e+00,2.031806808087016983e-02,-7.712615108417734122e-01,3.163210215862265196e-02,-6.552264947336662159e-04
6.565682772140278567e-02,1.603960890453453469e+00,2.049256292945749597e-02,-7.708756910220082581e-01,3.182016714613038200e-02,-5.832563941081307744e-04
6.658284081646176356e-02,1.603379035849612055e+00,2.062475202244072256e-02,-7.704882443269163161e-01,3.199908218634731766e-02,-5.110784325982923541e-04
6.751615607747037118e-02,1.602754841811206532e+00,2.071474620747813453e-02,-7.701006398378704709e-01,3.216870373194234689e-02,-4.387985175562103546e-04
6.845536221267706223e-02,1.602089530614724477e+00,2.076271550500131957e-02,-7.697143355763661488e-01,3.232889798793607550e-02,-3.665218888118770401e-04
6.939904522021586586e-02,1.601384374965407753e+00,2.076888872318014348e-02,-7.693307765918631080e-01,3.247954083965420152e-02,-2.943529782171546349e-04
7.034579046770848831e-02,1.600640695678647862e+00,2.073355299759028700e-02,-7.689513930723729240e-01,3.262051781569685199e-02,-2.223952708844458297e-04
7.129418482114280309e-02,1.599859859300519993e+00,2.065705325290122241e-02,-7.685775984790467197e-01,3.275172408576226130e-02,-1.507511682273415831e-04
7.224281881927965832e-02,1.599043275672820563e+00,2.053979158399312638e-02,-7.682107877061504775e-01,3.287306449264391917e-02,-7.952185292059985641e-05
7.319028888895937057e-02,1.598192395448126524e+00,2.038222655405071831e-02,-7.678523352679650360e-01,3.298445361721168145e-02,-8.807155907159062167e-06
7.413519959581472973e-02,1.597308707560518126e+00,2.018487240737049451e-02,-7.675035935142978660e-01,3.308581587469473784e-02,6.129457440973917423e-05
7.507616592406222977e-02,1.596393736657703677e+00,1.994829819485514216e-02,-7.671658908764527052e-01,3.317708564011276340e-02,1.306866006410672401e-04
7.601181557824923662e-02,1.595449040500350302e+00,1.967312681045415082e-02,-7.668405301456602263e-01,3.325820740025681177e-02,1.992739223951425808e-04
7.694079129909714432e-02,1.594476207334461382e+00,1.936003393714158527e-02,-7.665287867861307891e-01,3.332913592920843521e-02,2.669633996021702539e-04
7.786175318490937136e-02,1.593476853242641100e+00,1.900974690139837706e-02,-7.662319072850454216e-01,3.338983648401053911e-02,3.336638730046023586e-04
7.877338100942250787e-02,1.592452619480058562e+00,1.862304343558499053e-02,-7.659511075419462856e-01,3.344028501677071691e-02,3.992862816302817567e-04
7.967437652647917090e-02,1.591405169800859998e+00,1.820075034804725586e-02,-7.656875713001287664e-01,3.348046839919270601e-02,4.637437770590109630e-04
8.056346575150326317e-02,1.590336187780681865e+00,1.774374210128950788e-02,-7.654424486227618951e-01,3.351038465529851407e-02,5.269518342881140743e-04
8.143940120947046335e-02,1.589247374140786651e+00,1.725293929907039531e-02,-7.652168544165760533e-01,3.353004319792669136e-02,5.888283589988510536e-04
8.230096413889646800e-02,1.588140444079188418e+00,1.672930708382190310e-02,-7.650118670060500614e-01,3.353946506447371551e-02,6.492937910233223704e-04
8.314696664131929205e-02,1.587017124613940622e+00,1.617385344635561065e-02,-7.648285267611051319e-01,3.353868314728881278e-02,7.082712038108196842e-04
8.397625376583080226e-02,1.585879151943546450e+00,1.558762745039501442e-02,-7.646678347813625765e-01,3.352774241413852829e-02,7.656863996935342519e-04
8.478770551842165770e-02,1.584728268829206810e+00,1.497171737505170394e-02,-7.645307516400501324e-01,3.350670011422650363e-02,8.214680007541362312e-04
8.558023878623793879e-02,1.583566222003359503e+00,1.432724877893890025e-02,-7.644181961906396650e-01,3.347562596538628671e-02,8.755475351020339291e-04
8.635280916730742051e-02,1.582394759608679813e+00,1.365538249018021823e-02,-7.643310444392705794e-01,3.343460231825792078e-02,9.278595183710928573e-04
8.710441269687112242e-02,1.581215628671414519e+00,1.295731252711671694e-02,-7.642701284859541033e-01,3.338372429351077475e-02,9.783415302592420905e-04
8.783408746214388385e-02,1.580030572612613371e+00,1.223426395503324909e-02,-7.642362355374621163e-01,3.332309988848092958e-02,1.026934285939661018e-03
8.854091509811851113e-02,1.578841328800505872e+00,1.148749068470804324e-02,-7.642301069946833003e-01,3.325285004994725513e-02,1.073581702184087236e-03
8.922402215790674329e-02,1.577649626146954809e+00,1.071827321902998550e-02,-7.642524376170757305e-01,3.317310871016962426e-02,1.118230958051123899e-03
8.988258135206662891e-02,1.576457182750598429e+00,9.927916354319060374e-03,-7.643038747666591748e-01,3.308402278374960453e-02,1.160832550006178285e-03
9.051581265238348162e-02,1.575265703588987432e+00,9.117746843320831060e-03,-7.643850177337774277e-01,3.298575212334037970e-02,1.201340341354712685e-03
9.112298425663545309e-02,1.574076878261719381e+00,8.289111027120129108e-03,-7.644964171466158698e-01,3.287846943272122735e-02,1.239711605886715043e-03
9.170341341196804053e-02,1.572892378786288736e+00,7.443372443427752165e-03,-7.646385744661906569e-01,3.276236013625398458e-02,1.275907065647576520e-03
9.225646709560846037e-02,1.571713857448104879e+00,6.581909418833692925e-03,-7.648119415682307354e-01,3.263762220424660382e-02,1.309890922768725983e-03
9.278156255275354924e-02,1.570542944705880517e+00,5.706112652688805943e-03,-7.650169204130611300e-01,3.250446593425294212e-02,1.341630885310282888e-03
9.327816769254740348e-02,1.569381247153371461e+00,4.817382800273026060e-03,-7.652538628042611091e-01,3.236311368883076217e-02,1.371098187087461907e-03
9.374580134411213128e-02,1.568230345538251802e+00,3.917128062832366669e-03,-7.655230702365268813e-01,3.221379959075353072e-02,1.398267601472338861e-03
9.418403337559180799e-02,1.567091792838738451e+00,3.006761791920490711e-03,-7.658247938328118787e-01,3.205676917711806212e-02,1.423117449182659386e-03
9.459248468010324207e-02,1.565967112398435557e+00,2.087700115266382002e-03,-7.661592343704572983e-01,3.189227901420378652e-02,1.445629600089490393e-03
9.497082703334532028e-02,1.564857796119760280e+00,1.161359591111315323e-03,-7.665265423956633128e-01,3.172059627531343545e-02,1.465789469095456383e-03
9.531878282839220673e-02,1.563765302716224603e+00,2.291548976208812106e-04,-7.669268184252963083e-01,3.154199828415543694e-02,1.483586006154906725e-03
9.563612469387570980e-02,1.562691056023792102e+00,-7.075034364129322191e-04,-7.673601132346731246e-01,3.135677202661059371e-02,1.499011680526434647e-03
9.592267500234342992e-02,1.561636443371499539e+00,-1.647211253802041871e-03,-7.678264282296295429e-01,3.116521363395723804e-02,1.512062459366534609e-03
9.617830527605719659e-02,1.560602814011528672e+00,-2.588572938824281258e-03,-7.683257159008585191e-01,3.096762784080861128e-02,1.522737780790681377e-03
9.640293549786908833e-02,1.559591477608926802e+00,-3.530203529925036998e-03,-7.688578803582013510e-01,3.076432742114222629e-02,1.531040521544570340e-03
9.659653333507940698e-02,1.558603702791217183e+00,-4.470730770998713674e-03,-7.694227779422991853e-01,3.055563260587466218e-02,1.536976959443547407e-03
9.675911328434466663e-02,1.557640715758190630e+00,-5.408797097538119852e-03,-7.700202179107583644e-01,3.034187048545749013e-02,1.540556730752234982e-03
9.689073574576595460e-02,1.556703698952236037e+00,-6.343061554495182074e-03,-7.706499631957637320e-01,3.012337440094303709e-02,1.541792782688923818e-03
9.699150603425549244e-02,1.555793789789650328e+00,-7.272201643251386023e-03,-7.713117312298793937e-01,2.990048332689593941e-02,1.540701321250351197e-03
9.706157333615542115e-02,1.554912079453447227e+00,-8.194915095643410391e-03,-7.720051948366153383e-01,2.967354124941093060e-02,1.537301754561966110e-03
9.710112961887765182e-02,1.554059611748278336e+00,-9.109921573521556626e-03,-7.727299831822137532e-01,2.944289654234398881e-02,1.531616631966626566e-03
9.711040850105212563e-02,1.553237382018167079e+00,-1.001596429282941743e-02,-7.734856827850088434e-01,2.920890134467697685e-02,1.523671579070860586e-03
9.708968409032373015e-02,1.552446336127844662e+00,-1.091181157167694059e-02,-7.742718385786556690e-01,2.897191094172061124e-02,1.513495228972358986e-03
9.703926979553337273e-02,1.551687369508558900e+00,-1.179625830233076329e-02,-7.750879550254897721e-01,2.873228315262195409e-02,1.501119149895252221e-03
9.695951711956500574e-02,1.550961326269301610e+00,-1.266812734746117393e-02,-7.759334972762788052e-01,2.849037772638587929e-02,1.486577769461008792e-03
9.685081443864856920e-02,1.550268998374466189e+00,-1.352627086136096515e-02,-7.768078923726563501e-01,2.824655574835058247e-02,1.469908295822532074e-03
9.671358577338604046e-02,1.549611124888998104e+00,-1.436957153718537716e-02,-7.777105304885811865e-01,2.800117905877973212e-02,1.451150635887304193e-03
9.654828955622410391e-02,1.548988391292141165e+00,-1.519694378155239667e-02,-7.786407662072456493e-01,2.775460968495387787e-02,1.430347310852331287e-03
9.635541739954045504e-02,1.548401428860907592e+00,-1.600733481808822023e-02,-7.795979198299562984e-01,2.750720928786503858e-02,1.407543369269270575e-03
