0.000000000000000000e+00,0.000000000000000000e+00,0.000000000000000000e+00,0.000000000000000000e+00,0.000000000000000000e+00,0.000000000000000000e+00
-1.890442086878185734e-04,1.781243003396841776e-05,-5.580786489852862390e-04,4.812224518413667392e-04,-1.423668712567480339e-04,5.904376710995084149e-05
-5.654933115303128598e-04,1.803206403633898861e-05,-1.563527097711900956e-03,1.330650751621844470e-03,-4.142195371771386129e-04,1.459342249970808783e-04
-1.127699268922573465e-03,-2.671349955296788018e-05,-2.930077998952793430e-03,2.458928761534952268e-03,-8.036748631998625984e-04,2.586326375536220513e-04
-1.873998016210192460e-03,-1.375179525708080178e-04,-4.590550109436663390e-03,3.797244396542682338e-03,-1.299749241219226017e-03,3.897429083891576192e-04
-2.802704017058387734e-03,-3.306145305021600126e-04,-6.492492285831941330e-03,5.292072444854460656e-03,-1.892271834402036671e-03,5.350834057864866603e-04
-3.912107155012480887e-03,-6.184584288376576656e-04,-8.594866175679777634e-03,6.901855497806860112e-03,-2.571809149397601916e-03,6.910192753104950694e-04
-5.200470636838259650e-03,-1.010568975026749760e-03,-1.086546377399689144e-02,8.594238611938340849e-03,-3.329598154188254631e-03,8.548490629397146115e-04
-6.666029604419643206e-03,-1.514180572073424392e-03,-1.327891218831257075e-02,1.034398252607220126e-02,-4.157486691182577486e-03,1.024457530713152129e-03
-8.306990187244452789e-03,-2.134747002104931454e-03,-1.581512807888323102e-02,1.213133639821380172e-02,-5.047880085267643889e-03,1.198217215669736962e-03
-1.012152888456000974e-02,-2.876331866878837143e-03,-1.845812139919275618e-02,1.394078358489489466e-02,-5.993693159562886799e-03,1.374867330777348757e-03
-1.210779221317977855e-02,-3.741910990940770614e-03,-2.119506914807806758e-02,1.576007157563888775e-02,-6.988307019992186751e-03,1.553431898697102062e-03
-1.426389658957580991e-02,-4.733606651444355502e-03,-2.401559820058458278e-02,1.757946304386142841e-02,-8.025530087295770776e-03,1.733153316479079786e-03
-1.658792842780950488e-02,-5.852869037485068995e-03,-2.691122995739914092e-02,1.939115769424613542e-02,-9.099562934739093695e-03,1.913441816672631747e-03
-1.907794444064354888e-02,-7.100616849786513425e-03,-2.987495027395060954e-02,2.118884635940453121e-02,-1.020496655039116775e-02,2.093836199526988209e-03
-2.173197213269010067e-02,-8.477346260378451626e-03,-3.290087638925743435e-02,2.296736740578233030e-02,-1.133663368969945601e-02,2.273973566471507602e-03
-2.454801047427323385e-02,-9.983215366960670328e-03,-3.598399897493711336e-02,2.472244230503945969e-02,-1.248976302201849561e-02,2.453565950524319410e-03
-2.752403074387802656e-02,-1.161810966426906656e-02,-3.911998237454963889e-02,2.645047245221464685e-02,-1.365983580630429108e-02,2.632382305283596530e-03
-3.065797752620599489e-02,-1.338169280707922522e-02,-4.230500993395424486e-02,2.814838336511352179e-02,-1.484259485808751659e-02,2.810234637371171896e-03
-3.394776985218907195e-02,-1.527344597421808128e-02,-4.553566428688873152e-02,2.981350553348437182e-02,-1.603402559316600279e-02,2.986967347945954261e-03
-3.739130246690863107e-02,-1.729269839614240231e-02,-4.880883475281824063e-02,3.144348361237907230e-02,-1.723033895394028917e-02,3.162449058294400459e-03
-4.098644721121919021e-02,-1.943865103087532090e-02,-5.212164577785603076e-02,3.303620753088667289e-02,-1.842795604245967347e-02,3.336566358722136208e-03
-4.473105450295286611e-02,-2.171039492611628874e-02,-5.547140172163769062e-02,3.458976053949839452e-02,-1.962349430041656836e-02,3.509219046524471829e-03
-4.862295490383582164e-02,-2.410692545956036326e-02,-5.885554435427645115e-02,3.610238034269406399e-02,-2.081375509080115802e-02,3.680316516901767799e-03
-5.265996075863860204e-02,-2.662715338197550047e-02,-6.227162024825499964e-02,3.757243033230089901e-02,-2.199571254892524266e-02,3.849775046548555100e-03
-5.683986789357129560e-02,-2.926991338066693704e-02,-6.571725588473596724e-02,3.899837860931464062e-02,-2.316650358222126574e-02,4.017515768352269978e-03
-6.116045736149196971e-02,-3.203397072088935010e-02,-6.919013878441862553e-02,4.037878300173901314e-02,-2.432341890876935087e-02,4.183463181053362519e-03
-6.561949722210012881e-02,-3.491802639893527849e-02,-7.268800335232865339e-02,4.171228068806911993e-02,-2.546389503402844354e-02,4.347544072852603352e-03
-7.021474434591809533e-02,-3.792072114481845335e-02,-7.620862041902853878e-02,4.299758134700180229e-02,-2.658550707385796616e-02,4.509686765129286047e-03
-7.494394623151107160e-02,-4.104063853832683878e-02,-7.974978968720325412e-02,4.423346299444957247e-02,-2.768596233970976525e-02,4.669820603457022073e-03
-7.980484282605046498e-02,-4.427630744482432407e-02,-8.330933446751725979e-02,4.541876985494491814e-02,-2.876309460893215764e-02,4.827875639366009490e-03
-8.479516833998046454e-02,-4.762620393272645747e-02,-8.688509822274785577e-02,4.655241175841203644e-02,-2.981485900953357443e-02,4.983782458880777963e-03
-8.991265304719947560e-02,-5.108875280012055431e-02,-9.047494254352543563e-02,4.763336466462220892e-02,-3.083932745457037064e-02,5.137472123595276073e-03
-9.515502506281268980e-02,-5.466232881126605742e-02,-9.407674625955511627e-02,4.866067200383823732e-02,-3.183468456661166929e-02,5.288876197578735137e-03
-1.005200120911488998e-01,-5.834525772293557011e-02,-9.768840545237492123e-02,4.963344658892106243e-02,-3.279922403754786941e-02,5.437926839235533542e-03
-1.060053431373606664e-01,-6.213581716437768798e-02,-1.013078341837172908e-01,5.055087290594754285e-02,-3.373134537339678163e-02,5.584556941756945066e-03
-1.116087501765423012e-01,-6.603223742204640534e-02,-1.049329657906259428e-01,5.141220963060068316e-02,-3.462955097776670293e-02,5.728700309301073233e-03
-1.173279697749027711e-01,-7.003270217033366607e-02,-1.085617546271507999e-01,5.221679224889179405e-02,-3.549244353129744206e-02,5.870291858750614593e-03
-1.231607446581207965e-01,-7.413534918173247945e-02,-1.121921781546402069e-01,5.296403568520950678e-02,-3.631872362775517143e-02,6.009267839005193873e-03
-1.291048252225850679e-01,-7.833827104366204719e-02,-1.158222392998748823e-01,5.365343685984624855e-02,-3.710718763053644231e-02,6.145566061403975530e-03
-1.351579709857836098e-01,-8.263951590422810578e-02,-1.194499690137024450e-01,5.428457711325342799e-02,-3.785672571617024890e-02,6.279126136151982375e-03
-1.413179519726518174e-01,-8.703708826518374853e-02,-1.230734289733316084e-01,5.485712444626782147e-02,-3.856632007402104045e-02,6.409889710622520241e-03
-1.475825500352166419e-01,-9.152894983707328402e-02,-1.266907143797245117e-01,5.537083553516181783e-02,-3.923504323381393072e-02,6.537800706192108992e-03
-1.539495601033855354e-01,-9.611302046881672889e-02,-1.302999568081179005e-01,5.582555748816141888e-02,-3.986205649484754476e-02,6.662805550882573875e-03
-1.604167913652190525e-01,-1.007871791616924001e-01,-1.338993270750190867e-01,5.622122931648063787e-02,-4.044660843284965390e-02,6.784853405575453841e-03
-1.669820683754983659e-01,-1.055492651757007350e-01,-1.374870380893781219e-01,5.655788309826914606e-02,-4.098803346238308332e-02,6.903896381955961295e-03
-1.736432320918465666e-01,-1.103970792345684987e-01,-1.410613476592733895e-01,5.683564481841683197e-02,-4.148575043454046790e-02,7.019889750659966121e-03
-1.803981408380900819e-01,-1.153283848341224854e-01,-1.446205612285497710e-01,5.705473487109543468e-02,-4.193926125138972005e-02,7.132792138355294881e-03
-1.872446711949476428e-01,-1.203409096573812981e-01,-1.481630345205538490e-01,5.721546821539067601e-02,-4.234814948026059678e-02,7.242565712701407726e-03
-1.941807188185105670e-01,-1.254323470984538835e-01,-1.516871760685273851e-01,5.731825417749698837e-02,-4.271207895250656722e-02,7.349176354309598820e-03
-2.012041991873267099e-01,-1.306003578961697220e-01,-1.551914496144235489e-01,5.736359589579263785e-02,-4.303079233284578392e-02,7.452593814977090565e-03
-2.083130482792204807e-01,-1.358425718772821866e-01,-1.586743763599597901e-01,5.735208940774450675e-02,-4.330410964678775565e-02,7.552791861598932496e-03
-2.155052231792722872e-01,-1.411565898080731352e-01,-1.621345370556560861e-01,5.728442238005215792e-02,-4.353192675499537728e-02,7.649748405276000744e-03
-2.227787026206383136e-01,-1.465399853522353912e-01,-1.655705739154582357e-01,5.716137248575864360e-02,-4.371421376472217624e-02,7.743445615239303789e-03
-2.301314874601185778e-01,-1.519903071320161947e-01,-1.689811923463305499e-01,5.698380543425084904e-02,-4.385101336970507330e-02,7.833870017302816888e-03
-2.375616010905731434e-01,-1.575050808887668852e-01,-1.723651624839335206e-01,5.675267266215616030e-02,-4.394243911108926259e-02,7.921012576641354302e-03
-2.450670897924423497e-01,-1.630818117382618615e-01,-1.757213205271870859e-01,5.646900869512184312e-02,-4.398867355311575356e-02,8.004868764767971226e-03
-2.526460230267478235e-01,-1.687179865154221636e-01,-1.790485698661606617e-01,5.613392819233979647e-02,-4.398996636841660812e-02,8.085438610658420011e-03
-2.602964936720332800e-01,-1.744110762024085048e-01,-1.823458819993266089e-01,5.574862268745187088e-02,-4.394663232883910808e-02,8.162726736038839609e-03
-2.680166182077474701e-01,-1.801585384334354334e-01,-1.856122972377647062e-01,5.531435704113631113e-02,-4.385904919875929092e-02,8.236742374918016793e-03
-2.758045368465760205e-01,-1.859578200691049676e-01,-1.888469251954038863e-01,5.483246562222983400e-02,-4.372765552884748386e-02,8.307499377507498659e-03
-2.836584136181913851e-01,-1.918063598325654429e-01,-1.920489450658343089e-01,5.430434823567756308e-02,-4.355294834921433905e-02,8.375016198731830355e-03
-2.915764364068127446e-01,-1.977015909993706244e-01,-1.952176056876091803e-01,5.373146581691878171e-02,-4.333548076179417896e-02,8.439315871587431753e-03
-2.995568169448464269e-01,-2.036409441325466307e-01,-1.983522254012810293e-01,5.311533591350631883e-02,-4.307585943271411560e-02,8.500425965662111727e-03
-3.075977907647149401e-01,-2.096218498540716735e-01,-2.014521917026742825e-01,5.245752797581588328e-02,-4.277474198625042662e-02,8.558378531177909115e-03
-3.156976171107759854e-01,-2.156417416437329260e-01,-2.045169606980832555e-01,5.175965847962644972e-02,-4.243283430278853990e-02,8.613210028967713261e-03
-3.238545788129849057e-01,-2.216980586561496658e-01,-2.075460563681990334e-01,5.102338590414053771e-02,-4.205088772397878177e-02,8.664961246840713338e-03
-3.320669821236604813e-01,-2.277882485466387330e-01,-2.105390696486070523e-01,5.025040558966356596e-02,-4.162969616901676662e-02,8.713677202832986052e-03
-3.403331565183798091e-01,-2.339097702965466097e-01,-2.134956573356598108e-01,4.944244449967342969e-02,-4.117009316667498420e-02,8.759407035877022143e-03
-3.486514544616526323e-01,-2.400600970286815017e-01,-2.164155408274139603e-01,4.860125591238786263e-02,-4.067294880837132864e-02,8.802203884457467098e-03
-3.570202511376066590e-01,-2.462367188035437249e-01,-2.192985047101297102e-01,4.772861406717950061e-02,-4.013916662818185072e-02,8.842124753849347346e-03
-3.654379441454601030e-01,-2.524371453871744331e-01,-2.221443952015627055e-01,4.682630879130227769e-02,-3.956968041629136540e-02,8.879230372559197143e-03
-3.739029531590645772e-01,-2.586589089816149212e-01,-2.249531184629383618e-01,4.589614013238261375e-02,-3.896545097292757054e-02,8.913585038608373354e-03
-3.824137195492742780e-01,-2.648995669091888661e-01,-2.277246387920848492e-01,4.493991302200234239e-02,-3.832746281034654645e-02,8.945256456311003260e-03
-3.909687059673391807e-01,-2.711567042420869322e-01,-2.304589767107202702e-01,4.395943199546507862e-02,-3.765672081093305451e-02,8.974315564206155824e-03
-3.995663958869374865e-01,-2.774279363690376754e-01,-2.331562069593418052e-01,4.295649599250268152e-02,-3.695424684995227138e-02,9.000836354804548495e-03
-4.082052931018575470e-01,-2.837109114911923746e-01,-2.358164564135555585e-01,4.193289326325339017e-02,-3.622107639194681317e-02,9.024895686804222661e-03
-4.168839211757222052e-01,-2.900033130397268732e-01,-2.384399019360166627e-01,4.089039640333848313e-02,-3.545825507021924811e-02,9.046573090417078800e-03
-4.256008228395255499e-01,-2.963028620080658815e-01,-2.410267681784241389e-01,3.983075754128899415e-02,-3.466683525928351828e-02,9.065950566428901750e-03
-4.343545593321330167e-01,-3.026073191920645722e-01,-2.435773253482367007e-01,3.875570370093938538e-02,-3.384787265061522943e-02,9.083112379589936697e-03
-4.431437096782930851e-01,-3.089144873319308315e-01,-2.460918869549440502e-01,3.766693236071863571e-02,-3.300242284248889463e-02,9.098144846901679711e-03
-4.519668698981355037e-01,-3.152222131501369318e-01,-2.485708075508466230e-01,3.656610723103963234e-02,-3.213153795516680844e-02,9.111136121329223292e-03
-4.608226521416025623e-01,-3.215283892800521182e-01,-2.510144804813618791e-01,3.545485427021970171e-02,-3.123626328320665280e-02,9.122175971428501604e-03
-4.697096837407958581e-01,-3.278309560805206524e-01,-2.534233356598864506e-01,3.433475795856210516e-02,-3.031763399718907445e-02,9.131355557335942008e-03
-4.786266061728380317e-01,-3.341279033321167269e-01,-2.557978373821958584e-01,3.320735784938944057e-02,-2.937667190773639650e-02,9.138767203526352786e-03
-4.875720739255767211e-01,-3.404172718113246954e-01,-2.581384821952510955e-01,3.207414541494019167e-02,-2.841438230530156372e-02,9.144504168706461475e-03
-4.965447532583102674e-01,-3.466971547394235298e-01,-2.604457968350927799e-01,3.093656120411016064e-02,-2.743175088985061461e-02,9.148660413179351275e-03
-5.055433208497327469e-01,-3.529656991034009206e-01,-2.627203362482319338e-01,2.979599232802513167e-02,-2.642974080523678368e-02,9.151330363993234046e-03
-5.145664623254917469e-01,-3.592211068467867086e-01,-2.649626817105698029e-01,2.865377028834972806e-02,-2.540928979375830024e-02,9.152608678180728166e-03
-5.236128706581664183e-01,-3.654616359288832550e-01,-2.671734390573886619e-01,2.751116916204154536e-02,-2.437130748708794814e-02,9.152590004406773935e-03
-5.326812444331279206e-01,-3.716856012514912488e-01,-2.693532370373237228e-01,2.636940415491677639e-02,-2.331667285043494131e-02,9.151368743379217560e-03
-5.417702859746624799e-01,-3.778913754528835378e-01,-2.715027258024376722e-01,2.522963053486415932e-02,-2.224623179741562137e-02,9.149038807440371471e-03
-5.508786993279466415e-01,-3.840773895694841733e-01,-2.736225755455474196e-01,2.409294295378544212e-02,-2.116079499362750679e-02,9.145693379854538327e-03
-5.600051880939692639e-01,-3.902421335664637558e-01,-2.757134752947767442e-01,2.296037516530734929e-02,-2.006113586729045897e-02,9.141424674438104747e-03
-5.691484531163187865e-01,-3.963841567392791254e-01,-2.777761318739094820e-01,2.183290014295780415e-02,-1.894798884548185361e-02,9.136323696346454470e-03
-5.783071900208688332e-01,-4.025020679890676245e-01,-2.798112690354776499e-01,2.071143060078791884e-02,-1.782204783438539816e-02,9.130480005034274926e-03
-5.874800866118100595e-01,-4.085945359757575668e-01,-2.818196267716264747e-01,1.959681991531946749e-02,-1.668396496152835945e-02,9.123981480638585981e-03
-5.966658201301366926e-01,-4.146602891537737312e-01,-2.838019608056583931e-01,1.848986344418825783e-02,-1.553434959713251295e-02,9.116914095289207348e-03
-6.058630543835683557e-01,-4.206981156962969481e-01,-2.857590422647713346e-01,1.739130023293842045e-02,-1.437376767038780687e-02,9.109361691118259691e-03
-6.150704367599005851e-01,-4.267068633151612222e-01,-2.876916575319070080e-01,1.630181509712731042e-02,-1.320274129462304519e-02,9.101405767003536984e-03
-6.242865951388528734e-01,-4.326854389846244153e-01,-2.896006082718431962e-01,1.522204106227982578e-02,-1.202174871295928066e-02,9.093125276322109804e-03
-6.335101347205254196e-01,-4.386328085783997022e-01,-2.914867116237611078e-01,1.415256213936985814e-02,-1.083122457307636108e-02,9.084596438189941267e-03
-6.427396347914861030e-01,-4.445479964304484555e-01,-2.933508005495629734e-01,1.309391640852252195e-02,-9.631560536215326429e-03,9.075892564799259779e-03
-6.519736454521729563e-01,-4.504300848310687777e-01,-2.951937243242914732e-01,1.204659937866999972e-02,-8.423106221525282142e-03,9.067083907517555982e-03
-6.612106843316143401e-01,-4.562782134707247805e-01,-2.970163491522072596e-01,1.101106758612690681e-02,-7.206170482421892821e-03,9.058237524362853718e-03
-6.704492333173353025e-01,-4.620915788447958472e-01,-2.988195588895167232e-01,9.987742390664062705e-03,-5.981023006867466907e-03,9.049417171306986529e-03
-6.796877353296505442e-01,-4.678694336329421444e-01,-3.006042558525036101e-01,8.977013923843197088e-03,-4.747896228549793388e-03,9.040683219576199983e-03
-6.889245911702818193e-01,-4.736110860670314504e-01,-3.023713616880090438e-01,7.979245141311945913e-03,-3.506987530990978656e-03,9.032092600719287059e-03
-6.981581564753367442e-01,-4.793158993015321223e-01,-3.041218182818940519e-01,6.994775928609050716e-03,-2.258461721833607012e-03,9.023698780708919523e-03
-7.073867388021408686e-01,-4.849832907999100384e-01,-3.058565886803727984e-01,6.023927208920138235e-03,-1.002453750106957822e-03,9.015551763751648850e-03
-7.166085948782393578e-01,-4.906127317498780727e-01,-3.075766579989551164e-01,5.067005001235505048e-03,2.609283646616716336e-04,9.007698125833182162e-03
-7.258219280391355888e-01,-4.962037465193362973e-01,-3.092830342941887967e-01,4.124304378521495909e-03,1.531600425909578587e-03,9.000181077350014741e-03
-7.350248858790627837e-01,-5.017559121635289943e-01,-3.109767493744235445e-01,3.196113277799268390e-03,2.809498813008491809e-03,8.993040553510514221e-03
-7.442155581364006123e-01,-5.072688579923774199e-01,-3.126588595273782634e-01,2.282716117348433226e-03,4.094577132340646540e-03,8.986313330562104712e-03
-7.533919748323362198e-01,-5.127422652051620844e-01,-3.143304461443083286e-01,1.384397180489871414e-03,5.386802805860018903e-03,8.980033165346399879e-03
-7.625521046781394974e-01,-5.181758665977888034e-01,-3.159926162229492186e-01,5.014437303857386145e-04,6.686153636416169131e-03,8.974230955225859924e-03
-7.716938537630785300e-01,-5.235694463458433479e-01,-3.176465027340528158e-01,-3.658511741669223031e-04,7.992614388178800183e-03,8.968934915080844020e-03
-7.808150645316410676e-01,-5.289228398645763329e-01,-3.192932648391309525e-01,-1.217186186084193286e-03,9.306173418800651326e-03,8.964170767854107158e-03
-7.899135150554307261e-01,-5.342359337449319456e-01,-3.209340879498684962e-01,-2.052249518586305756e-03,1.062681939759766055e-02,8.959961945021676158e-03
-7.989869186019497027e-01,-5.395086657627896631e-01,-3.225701836224768027e-01,-2.870717147146085307e-03,1.195453814112865630e-02,8.956329793388380020e-03
-8.080329234995161647e-01,-5.447410249567841145e-01,-3.242027892829407176e-01,-3.672251371140124350e-03,1.328930959425124458e-02,8.953293784730859475e-03
-8.170491132948255464e-01,-5.499330517684298814e-01,-3.258331677816059813e-01,-4.456499736139776791e-03,1.463110498114636795e-02,8.950871725023998304e-03
-8.260330071971838661e-01,-5.550848382368467337e-01,-3.274626067778073080e-01,-5.223094312842895860e-03,1.597988414706483229e-02,8.949079960269419945e-03
-8.349820608012259449e-01,-5.601965282391638823e-01,-3.290924179572228825e-01,-5.971651324261626793e-03,1.733559310776823167e-02,8.947933576276878576e-03
-8.438936670779734195e-01,-5.652683177666951719e-01,-3.307239360863359900e-01,-6.701771108993176060e-03,1.869816181991162604e-02,8.947446590111898107e-03
-8.527651576223920227e-01,-5.703004552262155302e-01,-3.323585179097958142e-01,-7.413038405227763070e-03,2.006750218202722758e-02,8.947632131298011160e-03
-8.615938041441451034e-01,-5.752932417551295252e-01,-3.339975408975982551e-01,-8.105022937584548115e-03,2.144350627238042484e-02,8.948502611234265131e-03
-8.703768201870047960e-01,-5.802470315389910427e-01,-3.356424018498776474e-01,-8.777280286886597963e-03,2.282604482682796740e-02,8.950069879645904461e-03
-8.791113630613474061e-01,-5.851622321196953136e-01,-3.372945153677334718e-01,-9.429353021549147576e-03,2.421496595694345305e-02,8.952345367218813091e-03
-8.877945359733006025e-01,-5.900393046826991617e-01,-3.389553121989397066e-01,-1.006077206831109024e-02,2.561009410610395193e-02,8.955340213869896621e-03
-8.964233903334215547e-01,-5.948787643118166324e-01,-3.406262374676298221e-01,-1.067105829953111235e-02,2.701122923895880878e-02,8.959065382372066733e-03
-9.049949282272309325e-01,-5.996811802004600178e-01,-3.423087487971439580e-01,-1.125972431413836683e-02,2.841814625772277544e-02,8.963531757282105356e-03
-9.135061050295106844e-01,-6.044471758086374935e-01,-3.440043143351961263e-01,-1.182627638951453362e-02,2.983059463703932948e-02,8.968750229312497102e-03
-9.219538321439618711e-01,-6.091774289555487165e-01,-3.457144106903931036e-01,-1.237021658203379948e-02,3.124829826772969679e-02,8.974731765445645784e-03
-9.303349798496207690e-01,-6.138726718382359060e-01,-3.474405207889350589e-01,-1.289104495464772106e-02,3.267095549855878606e-02,8.981487465213325999e-03
-9.386463802353209873e-01,-6.185336909674183925e-01,-3.491841316600715062e-01,-1.338826191072645111e-02,3.409823936418932000e-02,8.989028603658718100e-03
-9.468848302034711395e-01,-6.231613270123597115e-01,-3.509467321585881261e-01,-1.386137061431489542e-02,3.552979798673745748e-02,8.997366661566396848e-03
-9.550470945244856624e-01,-6.277564745473693808e-01,-3.527298106322805382e-01,-1.430987947799619228e-02,3.696525513776501015e-02,9.006513343590889092e-03
-9.631299089233487098e-01,-6.323200816933195467e-01,-3.545348525420320418e-01,-1.473330470064500818e-02,3.840421094712375555e-02,9.016480584940294446e-03
-9.711299831800168647e-01,-6.368531496483403886e-01,-3.563633380417691732e-01,-1.513117283847396043e-02,3.984624274478681949e-02,9.027280547281591946e-03
-9.790440042256669528e-01,-6.413567321026520940e-01,-3.582167395252268682e-01,-1.550302339390718931e-02,4.129090602164175311e-02,9.038925604531459351e-03
-9.868686392171686084e-01,-6.458319345332733663e-01,-3.600965191461149573e-01,-1.584841140793865136e-02,4.273773549516435288e-02,9.051428319183959029e-03
-9.946005385726144343e-01,-6.502799133751197003e-01,-3.620041263179498148e-01,-1.616691004273588389e-02,4.418624626592580762e-02,9.064801409806467342e-03
-1.002236338951258521e+00,-6.547018750657591646e-01,-3.639409951994956871e-01,-1.645811314232212275e-02,4.563593505099672321e-02,9.079057710310202770e-03
-1.009772666161813603e+00,-6.590990749618212963e-01,-3.659085421714575181e-01,-1.672163776020300571e-02,4.708628148048766421e-02,9.094210121573355690e-03
-1.017206137983720948e+00,-6.634728161257590351e-01,-3.679081633097765480e-01,-1.695712664379248058e-02,4.853674944369843619e-02,9.110271555964777335e-03
-1.024533366886741348e+00,-6.678244479823282065e-01,-3.699412318606078443e-01,-1.716425066643195371e-02,4.998678847162820599e-02,9.127254875285831237e-03
-1.031750962635020752e+00,-6.721553648447851081e-01,-3.720090957218047945e-01,-1.734271119868386127e-02,5.143583514291943937e-02,9.145172822618246114e-03
-1.038855534762647803e+00,-6.764670043113911735e-01,-3.741130749354981133e-01,-1.749224241141416128e-02,5.288331450066373340e-02,9.164037948537595568e-03
-1.045843694908651589e+00,-6.807608455333681308e-01,-3.762544591961411444e-01,-1.761261350395622316e-02,5.432864146788234788e-02,9.183862532126007422e-03
-1.052712059000376676e+00,-6.850384073559502296e-01,-3.784345053781981161e-01,-1.770363085137106884e-02,5.577122224990373189e-02,9.204658497194317945e-03
-1.059457249275212565e+00,-6.893012463346411822e-01,-3.806544350874772609e-01,-1.776514006548564686e-02,5.721045571229109450e-02,9.226437324103527529e-03
-1.066075896131754241e+00,-6.935509546291995786e-01,-3.829154322399623278e-01,-1.779702796500232803e-02,5.864573472342186899e-02,9.249209957558316916e-03
-1.072564639802609854e+00,-6.977891577782399102e-01,-3.852186406718677292e-01,-1.779922445052967497e-02,6.007644745128452174e-02,9.272986710731713489e-03
-1.078920131842262542e+00,-7.020175123576561926e-01,-3.875651617845441987e-01,-1.777170428088772208e-02,6.150197860453525400e-02,9.297777166069854174e-03
-1.085139036424617842e+00,-7.062377035263467384e-01,-3.899560522277867314e-01,-1.771448874749153093e-02,6.292171060834428342e-02,9.323590073119034788e-03
-1.091218031446138603e+00,-7.104514424629453373e-01,-3.923923216250504442e-01,-1.762764724401618202e-02,6.433502470605854950e-02,9.350433243714244974e-03
-1.097153809431763882e+00,-7.146604636974426272e-01,-3.948749303440617364e-01,-1.751129872889568145e-02,6.574130197821158317e-02,9.378313444868533605e-03
-1.102943078242141661e+00,-7.188665223417219918e-01,-3.974047873163225608e-01,-1.736561307850965560e-02,6.713992427092362048e-02,9.407236289706329482e-03
-1.108582561582063475e+00,-7.230713912231329088e-01,-3.999827479090447002e-01,-1.719081232916636406e-02,6.853027502625158585e-02,9.437206126790751576e-03
-1.114068999311375707e+00,-7.272768579252857357e-01,-4.026096118531190537e-01,-1.698717180620096592e-02,6.991174000757263696e-02,9.468225928205134534e-03
-1.119399147561054519e+00,-7.314847217402812296e-01,-4.052861212308214722e-01,-1.675502113867585741e-02,7.128370791361372805e-02,9.500297176762194720e-03
-1.124569778658568886e+00,-7.356967905365906502e-01,-4.080129585270788062e-01,-1.649474515829753643e-02,7.264557087527502566e-02,9.533419752730525054e-03
-1.129577680868120826e+00,-7.399148775467768724e-01,-4.107907447482703200e-01,-1.620678468125464483e-02,7.399672482993753519e-02,9.567591820487206244e-03
-1.134419657952842719e+00,-7.441407980792084098e-01,-4.136200376127102674e-01,-1.589163717173663198e-02,7.533656976849606446e-02,9.602809715527207274e-03
-1.139092528567553275e+00,-7.483763661578622939e-01,-4.165013298171525991e-01,-1.554985728591515293e-02,7.666450985091935455e-02,9.639067832284835963e-03
-1.143593125492225138e+00,-7.526233910942580208e-01,-4.194350473838714399e-01,-1.518205729516344110e-02,7.797995338671315224e-02,9.676358513249690499e-03
-1.147918294717911625e+00,-7.568836739955000503e-01,-4.224215480930976763e-01,-1.478890738725581987e-02,7.928231267725020792e-02,9.714671939889157198e-03
-1.152064894398507233e+00,-7.611590042123640432e-01,-4.254611200058283638e-01,-1.437113584423338128e-02,8.057100371753955770e-02,9.753996025921571333e-03
-1.156029793683398976e+00,-7.654511557313271597e-01,-4.285539800822682488e-01,-1.392952909554610701e-02,8.184544575563786062e-02,9.794316313518368344e-03
-1.159809871447800234e+00,-7.697618835144363070e-01,-4.317002729014042806e-01,-1.346493164498995844e-02,8.310506070856471528e-02,9.835615873049928168e-03
-1.163402014939349582e+00,-7.740929197909340864e-01,-4.349000694874481376e-01,-1.297824586985332589e-02,8.434927243427579879e-02,9.877875207028060864e-03
-1.166803118361428027e+00,-7.784459703046344714e-01,-4.381533662491031156e-01,-1.247043169057462236e-02,8.557750585997976611e-02,9.921072158938080976e-03
-1.170010081415583603e+00,-7.828227105211607029e-01,-4.414600840378110069e-01,-1.194250610909563040e-02,8.678918596786336370e-02,9.965181827694763461e-03
-1.173019807827491601e+00,-7.872247817993412999e-01,-4.448200673313034703e-01,-1.139554261397753704e-02,8.798373664012205941e-02,1.001017648849909791e-02
-1.175829203882994722e+00,-7.916537875313196526e-01,-4.482330835489137244e-01,-1.083067045023252892e-02,8.916057936608927370e-02,1.005602552091593507e-02
-1.178435177003009482e+00,-7.961112892562683951e-01,-4.516988225051865036e-01,-1.024907375171766472e-02,9.031913181522477352e-02,1.010269534503618720e-02
-1.180834634388422399e+00,-8.005988027530311912e-01,-4.552168960083468052e-01,-9.651990533843676778e-03,9.145880628077236729e-02,1.015014936663038991e-02
-1.183024481768573999e+00,-8.051177941175499120e-01,-4.587868376101429946e-01,-9.040711544273898406e-03,9.257900800003825148e-02,1.019834793224260426e-02
-1.185001622289523215e+00,-8.096696758315784503e-01,-4.624081025134516576e-01,-8.416578969231853710e-03,9.367913335848616907e-02,1.024724829521388159e-02
-1.186762955581017520e+00,-8.142558028299561323e-01,-4.660800676438129897e-01,-7.780984993004825406e-03,9.475856798620502230e-02,1.029680459366197169e-02
-1.188305377043965994e+00,-8.188774685746108561e-01,-4.698020318907402126e-01,-7.135370208229251804e-03,9.581668475678976893e-02,1.034696784147725451e-02
-1.189625777403223283e+00,-8.235359011445056998e-01,-4.735732165242051428e-01,-6.481221874576542814e-03,9.685284170030042383e-02,1.039768593342290347e-02
-1.190721042573640531e+00,-8.282322593519331200e-01,-4.773927657911301026e-01,-5.820072023529490775e-03,9.786637984373784682e-02,1.044890366544820245e-02
-1.191588053890616949e+00,-8.329676288969010134e-01,-4.812597476960021603e-01,-5.153495407053986996e-03,9.885662099441015760e-02,1.050056277133609543e-02
-1.192223688759788569e+00,-8.377430185728691470e-01,-4.851731549688576561e-01,-4.483107288132948121e-03,9.982286548367096113e-02,1.055260197680726528e-02
-1.192624821783989209e+00,-8.425593565387605732e-01,-4.891319062228493553e-01,-3.810561071343339726e-03,1.007643898907998187e-01,1.060495707219102739e-02
-1.192788326429201851e+00,-8.474174866740121770e-01,-4.931348473023949297e-01,-3.137545771927192570e-03,1.016804447692743890e-01,1.065756100474535284e-02
-1.192711077294845046e+00,-8.523181650354321182e-01,-4.971807528215065886e-01,-2.465783322137754877e-03,1.025702524003583166e-01,1.071034399166158335e-02
-1.192389953057372720e+00,-8.572620564367986473e-01,-5.012683278903035111e-01,-1.797025714036198062e-03,1.034330046018019922e-01,1.076323365472057168e-02
-1.191821840159749790e+00,-8.622497311744516946e-01,-5.053962100259102863e-01,-1.133051978376476560e-03,1.042678606225244942e-01,1.081615517747261911e-02
-1.191003637322836983e+00,-8.672816619245897751e-01,-5.095629712419381674e-01,-4.756649997493656414e-04,1.050739451574082134e-01,1.086903148568992353e-02
-1.189932260958000754e+00,-8.723582208405702421e-01,-5.137671203085319993e-01,1.733118312354123107e-04,1.058503465197822707e-01,1.092178345168339643e-02
-1.188604651563256898e+00,-8.774796768811923275e-01,-5.180071051725463338e-01,8.120381272650756006e-04,1.065961150127785195e-01,1.097433012288155998e-02
-1.187017781187851506e+00,-8.826461934037024282e-01,-5.222813155247989503e-01,1.438660172909488836e-03,1.073102615444885971e-01,1.102658897483365513e-02
-1.185168662052255240e+00,-8.878578260580418657e-01,-5.265880854985464099e-01,2.051314749403358208e-03,1.079917565356957182e-01,1.107847618851810940e-02
-1.183054356411931796e+00,-8.931145210216370200e-01,-5.309256964803609202e-01,2.648133111624862562e-03,1.086395291728535079e-01,1.112990695150730021e-02
-1.180671987753788565e+00,-8.984161136167279071e-01,-5.352923800114784969e-01,3.227245112262573049e-03,1.092524670628757105e-01,1.118079578215676155e-02
-1.178018753413713871e+00,-9.037623273548023306e-01,-5.396863207544777552e-01,3.786783467074327295e-03,1.098294163501096626e-01,1.123105687554902359e-02
-1.175091938701853911e+00,-9.091527734550487461e-01,-5.441056594968756155e-01,4.324888153976187526e-03,1.103691823595014249e-01,1.128060446942744273e-02
-1.171888932619035817e+00,-9.145869508857915609e-01,-5.485484961599437215e-01,4.839710937460903716e-03,1.108705308333112344e-01,1.132935322780341363e-02
-1.168407245242755854e+00,-9.200642469795103917e-01,-5.530128927778301673e-01,5.329420008539545450e-03,1.113321898316755321e-01,1.137721863931265634e-02
-1.164644526854147655e+00,-9.255839386731676832e-01,-5.574968764089855977e-01,5.792204729035298726e-03,1.117528523696851572e-01,1.142411742673649436e-02
-1.160598588868037684e+00,-9.311451944260416003e-01,-5.619984419390311459e-01,6.226280467645400538e-03,1.121311798652865066e-01,1.146996796339855296e-02
-1.156267426616306881e+00,-9.367470768669549086e-01,-5.665155547316786944e-01,6.629893513738958043e-03,1.124658064730209572e-01,1.151469069140547731e-02
-1.151649244019992135e+00,-9.423885462215496611e-01,-5.710461530822280585e-01,7.001326053391075839e-03,1.127553443781807579e-01,1.155820853593553243e-02
-1.146742480167626033e+00,-9.480684645679335887e-01,-5.755881504266567861e-01,7.338901190686480600e-03,1.129983901241459060e-01,1.160044730900859807e-02
-1.141545837795947760e+00,-9.537856009654570588e-01,-5.801394372585145787e-01,7.640987995881138098e-03,1.131935320422227942e-01,1.164133609541732027e-02
-1.136058313644102480e+00,-9.595386374964052223e-01,-5.846978827059045036e-01,7.906006560614150733e-03,1.133393588479729014e-01,1.168080761278912465e-02
-1.130279230623613573e+00,-9.653261762538617452e-01,-5.892613357219045334e-01,8.132433039043608300e-03,1.134344694605292220e-01,1.171879853711472845e-02
-1.124208271713648122e+00,-9.711467473007657780e-01,-5.938276258440325917e-01,8.318804652571469907e-03,1.134774840914855171e-01,1.175524978455807189e-02
-1.117845515454395144e+00,-9.769988176151226389e-01,-5.983945634819328729e-01,8.463724634759207596e-03,1.134670566373597450e-01,1.179010673999745032e-02
-1.111191472870830310e+00,-9.828808010243443860e-01,-6.029599396975020564e-01,8.565867092155123388e-03,1.134018883941514400e-01,1.182331942258419907e-02
-1.104247125614985281e+00,-9.887910691177205225e-01,-6.075215254483145033e-01,8.623981756095010567e-03,1.132807430939516413e-01,1.185484257869249061e-02
-1.097013965067459296e+00,-9.947279631100457431e-01,-6.120770702735485180e-01,8.636898600139037915e-03,1.131024632417974574e-01,1.188463569302192560e-02
-1.089494032088863529e+00,-1.000689806611501753e+00,-6.166243004117313298e-01,8.603532297707612575e-03,1.128659877059428052e-01,1.191266290935244672e-02
-1.081689957059938090e+00,-1.006674919239114230e+00,-6.211609163515319221e-01,8.522886494712523034e-03,1.125703704864896570e-01,1.193889285358378134e-02
-1.073604999796172077e+00,-1.012681630983682579e+00,-6.256845898305251064e-01,8.394057872577300253e-03,1.122148005560548306e-01,1.196329835325658092e-02
-1.065243088870060806e+00,-1.018708297223288817e+00,-6.301929603122147228e-01,8.216239978025619006e-03,1.117986226321336374e-01,1.198585604977612899e-02
-1.056608859823025215e+00,-1.024753314250702596e+00,-6.346836309885043326e-01,7.988726797402414745e-03,1.113213587045139286e-01,1.200654590205253898e-02
-1.047707691701039279e+00,-1.030815135157701068e+00,-6.391541643729720112e-01,7.710916055080842615e-03,1.107827301031073519e-01,1.202535058322492731e-02
-1.038545741304899073e+00,-1.036892285895075982e+00,-6.436020775694319962e-01,7.382312217686496682e-03,1.101826798526846785e-01,1.204225477551789693e-02
-1.029129974509648715e+00,-1.042983381303588253e+00,-6.480248373199329892e-01,7.002529188408903454e-03,1.095213950221867322e-01,1.205724437202639922e-02
-1.019468193979870207e+00,-1.049087140889089165e+00,-6.524198549560403793e-01,6.571292678521406874e-03,1.087993287386536112e-01,1.207030559824850274e-02
-1.009569062590243815e+00,-1.055202404095301860e+00,-6.567844813964135442e-01,6.088442246326731047e-03,1.080172215006368203e-01,1.208142407036262231e-02
-9.994421218558154907e-01,-1.061328144811181762e+00,-6.611160023516632345e-01,5.553932996999814443e-03,1.071761213946101909e-01,1.209058381142293082e-02
-9.890978046854341788e-01,-1.067463484837258836e+00,-6.654116339135585090e-01,4.967836940106007577e-03,1.062774027918281655e-01,1.209776625064262409e-02
-9.785474417962141125e-01,-1.073607706027750019e+00,-6.696685187191265820e-01,4.330344004809344623e-03,1.053227830837634993e-01,1.210294923454566934e-02
-9.678032611676855579e-01,-1.079760260823335649e+00,-6.738837228903077348e-01,3.641762715816827031e-03,1.043143370031203720e-01,1.210610608177513196e-02
-9.568783799721068961e-01,-1.085920780894012116e+00,-6.780542339558928155e-01,2.902520535787770934e-03,1.032545080757801964e-01,1.210720471552785733e-02
-9.457867884922919188e-01,-1.092089083622943768e+00,-6.821769599638222159e-01,2.113163882127650373e-03,1.021461167580325347e-01,1.210620690872802295e-02
-9.345433256297698277e-01,-1.098265176181112190e+00,-6.862487299880117853e-01,1.274357827645551536e-03,1.009923648339513258e-01,1.210306767696609116e-02
-9.231636457130381057e-01,-1.104449256968986770e+00,-6.902662962242415157e-01,3.868854953599809598e-04,9.979683568036006036e-02,1.209773485276384800e-02
-9.116641764364040723e-01,-1.110641714235324207e+00,-6.942263378540122210e-01,-5.483528423102172322e-04,9.856349005167414079e-02,1.209014887178284578e-02
-9.000620678921708029e-01,-1.116843121724233834e+00,-6.981254668335307167e-01,-1.530340950701817226e-03,9.729665709378786109e-02,1.208024279714121386e-02
-8.883751327999618308e-01,-1.123054231249199786e+00,-7.019602357371865775e-01,-2.557948099058070766e-03,9.600102036442607900e-02,1.206794260208768170e-02
-8.766217781836315170e-01,-1.129275962145982248e+00,-7.057271477513160640e-01,-3.629930801165362313e-03,9.468159871591418086e-02,1.205316772402879530e-02
-8.648209288950455820e-01,-1.135509387614111354e+00,-7.094226688751766874e-01,-4.744934829664039858e-03,9.334372198363606599e-02,1.203583189452629709e-02
-8.529919435314560205e-01,-1.141755718017728682e+00,-7.130432423425430155e-01,-5.901497507647977814e-03,9.199300151769089495e-02,1.201584424066447047e-02
-8.411545234356889722e-01,-1.148016281279339967e+00,-7.165853052300208414e-01,-7.098050286143569622e-03,9.063529569427723753e-02,1.199311064348745903e-02
-8.293286156024801681e-01,-1.154292500563012025e+00,-7.200453071680575912e-01,-8.332921621357404843e-03,8.927667064476968450e-02,1.196753532943039579e-02
-8.175343104369221514e-01,-1.160585869505017520e+00,-7.234197310188157370e-01,-9.604340170933391846e-03,8.792335654183058846e-02,1.193902266125217333e-02
-8.057917354193772086e-01,-1.166897925308240769e+00,-7.267051153328066837e-01,-1.091043833356319243e-02,8.658169988071534595e-02,1.190747908636444717e-02
-7.941209458230896745e-01,-1.173230220070186069e+00,-7.298980783447245324e-01,-1.224925616082720922e-02,8.525811228773896855e-02,1.187281519306494781e-02
-7.825418137043241851e-01,-1.179584290761675369e+00,-7.329953432196064655e-01,-1.361874567377941922e-02,8.395901647436726511e-02,1.183494781940275763e-02
-7.710739164388816791e-01,-1.185961628312923510e+00,-7.359937642146184844e-01,-1.501677561920921472e-02,8.269079003246378179e-02,1.179380215554188399e-02
-7.597364261125011398e-01,-1.192363646294467339e+00,-7.388903533807250623e-01,-1.644113670142118358e-02,8.145970783198555609e-02,1.174931377877440689e-02
-7.485480010855283250e-01,-1.198791649701434370e+00,-7.416823073935443489e-01,-1.788954732451162807e-02,8.027188383525235560e-02,1.170143056089288473e-02
-7.375266810442531185e-01,-1.205246804360148527e+00,-7.443670340750204728e-01,-1.935965987728128709e-02,7.913321318045057895e-02,1.165011439048381156e-02
-7.266897868226452895e-01,-1.211730107475595508e+00,-7.469421781483028822e-01,-2.084906758796247275e-02,7.804931541016023322e-02,1.159534265776004242e-02
-7.160538262291847866e-01,-1.218242359826581689e+00,-7.494056457584044040e-01,-2.235531196878408691e-02,7.702547972753191752e-02,1.153710945661668742e-02
-7.056344070445393912e-01,-1.224784140092527229e+00,-7.517556272917061966e-01,-2.387589086105734032e-02,7.606661315263608947e-02,1.147542646738311002e-02
-6.954461582675124376e-01,-1.231355781762018875e+00,-7.539906180388531443e-01,-2.540826708003456752e-02,7.517719242402283453e-02,1.141032349388569275e-02
-6.855026605796056272e-01,-1.237957353029042862e+00,-7.561094362685022441e-01,-2.694987764545837133e-02,7.436122044546465693e-02,1.134184863950342403e-02
-6.758163868734972102e-01,-1.244588640028984505e+00,-7.581112383139273492e-01,-2.849814356875688889e-02,7.362218801526435041e-02,1.127006811842339896e-02
-6.663986535487456120e-01,-1.251249133704096739e+00,-7.599955303204944945e-01,-3.005048015162416902e-02,7.296304149576815501e-02,1.119506570980292361e-02
-6.572595831204585126e-01,-1.257938020518462485e+00,-7.617621763589781381e-01,-3.160430773371013247e-02,7.238615698457888381e-02,1.111694187354320129e-02
-6.484080785153578663e-01,-1.264654177167079840e+00,-7.634114026766481986e-01,-3.315706280987305160e-02,7.189332143762061644e-02,1.103581255643200885e-02
-6.398518092470399932e-01,-1.271396169344345184e+00,-7.649437979336344284e-01,-3.470620942052687896e-02,7.148572106939611592e-02,1.095180772612639776e-02
-6.315972094713661056e-01,-1.278162254555883504e+00,-7.663603093544339995e-01,-3.624925070270735433e-02,7.116393721981914555e-02,1.086506967749970541e-02
-6.236494877276159698e-01,-1.284950388876529015e+00,-7.676622348113250061e-01,-3.778374047527421203e-02,7.092794973282759430e-02,1.077575116103404902e-02
-6.160126479757662699e-01,-1.291758237478538573e+00,-7.688512109452440013e-01,-3.930729471985180273e-02,7.077714774312399149e-02,1.068401338606060104e-02
-6.086895213500675972e-01,-1.298583188680097145e+00,-7.699291975175156511e-01,-4.081760281034373106e-02,7.071034761791361589e-02,1.059002395269795054e-02
-6.016818078694213812e-01,-1.305422371197086484e+00,-7.708984582696091215e-01,-4.231243833872285615e-02,7.072581765489073524e-02,1.049395476537740533e-02
-5.949901271814814763e-01,-1.312272674222954683e+00,-7.717615386448264392e-01,-4.378966938376964435e-02,7.082130900065942980e-02,1.039597997803190683e-02
-5.886140772753368777e-01,-1.319130769914164336e+00,-7.725212407926070890e-01,-4.524726807283516866e-02,7.099409212995450025e-02,1.029627401660340030e-02
-5.825522999819617853e-01,-1.325993137823493040e+00,-7.731805963304335672e-01,-4.668331929468143293e-02,7.124099811986978059e-02,1.019500971879845966e-02
-5.768025519964035119e-01,-1.332856090801394222e+00,-7.737428373781163327e-01,-4.809602843394100019e-02,7.155846386866961117e-02,1.009235662434404372e-02
-5.713617801038228805e-01,-1.339715801877121804e+00,-7.742113664031180509e-01,-4.948372801445791863e-02,7.194258034871627017e-02,9.988479441735587105e-03
-5.662261992745164507e-01,-1.346568331636273985e+00,-7.745897254228986117e-01,-5.084488315923006013e-02,7.238914294961809603e-02,9.883536709996450578e-03
-5.613913723109411613e-01,-1.353409655629136843e+00,-7.748815651011372596e-01,-5.217809579817613702e-02,7.289370296173854069e-02,9.777679666624258456e-03
-5.568522897809712324e-01,-1.360235691373538058e+00,-7.750906142500101348e-01,-5.348210758064574771e-02,7.345161927129419122e-02,9.671051325985663763e-03
-5.526034490531216425e-01,-1.367042324555202359e+00,-7.752206502120825293e-01,-5.475580147650662560e-02,7.405810938476664607e-02,9.563785766179199940e-03
-5.486389313570035897e-01,-1.373825434075872431e+00,-7.752754705449935724e-01,-5.599820207674994360e-02,7.470829896948714965e-02,9.456007616993082274e-03
-5.449524759205522928e-01,-1.380580915652502849e+00,-7.752588663726229790e-01,-5.720847463082315287e-02,7.539726918532058120e-02,9.347831737150556763e-03
-5.415375503787051015e-01,-1.387304703727364696e+00,-7.751745977007182820e-01,-5.838592288236389011e-02,7.612010118498961642e-02,9.239363065603795402e-03
-5.383874168000434279e-01,-1.393992791506631468e+00,-7.750263709260160061e-01,-5.952998578681843039e-02,7.687191727296292798e-02,9.130696629195363123e-03
-5.354951928324035437e-01,-1.400641249001861155e+00,-7.748178186985794635e-01,-6.064023321289727098e-02,7.764791833011346067e-02,9.021917687493266266e-03
-5.328539076200021762e-01,-1.407246239002864163e+00,-7.745524822300225987e-01,-6.171636074445408654e-02,7.844341722885787849e-02,8.913101994925990215e-03
-5.304565522883177842e-01,-1.413804030960218672e+00,-7.742337960777371242e-01,-6.275818370988840711e-02,7.925386807697690217e-02,8.804316160379525164e-03
-5.282961249248184776e-01,-1.420311012799999828e+00,-7.738650753789602099e-01,-6.376563057249090560e-02,8.007489123417983745e-02,8.695618085039170594e-03
-5.263656701006491634e-01,-1.426763700731323636e+00,-7.734495054597845254e-01,-6.473873581739321426e-02,8.090229414086157200e-02,8.587057460334642303e-03
-5.246583130786282023e-01,-1.433158747138661315e+00,-7.729901337037936582e-01,-6.567763246924240850e-02,8.173208808136796233e-02,8.478676309252763249e-03
-5.231672889353905509e-01,-1.439492946675475116e+00,-7.724898635331842733e-01,-6.658254436981710100e-02,8.256050107321427634e-02,8.370509555905601001e-03
-5.218859668901841831e-01,-1.445763240693770157e+00,-7.719514503318722909e-01,-6.745377833706292514e-02,8.338398712862786499e-02,8.262585609986066240e-03
-5.208078701803489086e-01,-1.451966720156092627e+00,-7.713774991247157597e-01,-6.829171631702796175e-02,8.419923217571673169e-02,8.154926954526962521e-03
-5.199266918551350702e-01,-1.458100627182954412e+00,-7.707704638188548341e-01,-6.909680762852472846e-02,8.500315695425345042e-02,8.047550727139359678e-03
-5.192363068769413337e-01,-1.464162355390338011e+00,-7.701326478113755813e-01,-6.986956138762076551e-02,8.579291721667986481e-02,7.940469286593374379e-03
-5.187307809241958889e-01,-1.470149449169630529e+00,-7.694662057710124348e-01,-7.061053918581071398e-02,8.656590156993625162e-02,7.833690758184127384e-03
-5.184043762850206738e-01,-1.476059602056823072e+00,-7.687731464093806588e-01,-7.132034808243473134e-02,8.731972728971548747e-02,7.727219552774954731e-03
-5.182515552175472884e-01,-1.481890654329859780e+00,-7.680553360682511599e-01,-7.199963395899257323e-02,8.805223442740701956e-02,7.621056855715127414e-03
-5.182669811332459853e-01,-1.487640589963316717e+00,-7.673145029626957658e-01,-7.264907527079107752e-02,8.876147851296034563e-02,7.515201082985056326e-03
-5.184455179356497467e-01,-1.493307533058761072e+00,-7.665522419347013949e-01,-7.326937722010525011e-02,8.944572213569462749e-02,7.409648302927930585e-03
-5.187822278199863968e-01,-1.498889743857718226e+00,-7.657700195873370363e-01,-7.386126636490226993e-02,9.010342566109071083e-02,7.304392622787743081e-03
-5.192723678107962204e-01,-1.504385614432587559e+00,-7.649691796851644243e-01,-7.442548566827553169e-02,9.073323731602708775e-02,7.199426539997208496e-03
-5.199113852857221163e-01,-1.509793664139466252e+00,-7.641509487218282048e-01,-7.496278998610322875e-02,9.133398284877361495e-02,7.094741258754885468e-03
-5.206949127051802018e-01,-1.515112534905907138e+00,-7.633164415702756722e-01,-7.547394198407345045e-02,9.190465494415740733e-02,6.990326972909970300e-03
-5.216187617402215926e-01,-1.520340986416371942e+00,-7.624666671445943233e-01,-7.595970847005398263e-02,9.244440254930332002e-02,6.886173116547380894e-03
-5.226789169650570832e-01,-1.525477891248647078e+00,-7.616025340148382394e-01,-7.642085712375203121e-02,9.295252024170042038e-02,6.782268583946860635e-03
-5.238715292567546200e-01,-1.530522230005852968e+00,-7.607248559273610544e-01,-7.685815360260345175e-02,9.342843774938452972e-02,6.678601920789608778e-03
-5.251929090227264174e-01,-1.535473086480934501e+00,-7.598343571930494811e-01,-7.727235900074279351e-02,9.387170971295848154e-02,6.575161488615750664e-03
-5.266395193568714772e-01,-1.540329642883643491e+00,-7.589316779144784642e-01,-7.766422763661377793e-02,9.428200576109935227e-02,6.471935604606388233e-03
-5.282079692076373512e-01,-1.545091175154013730e+00,-7.580173790304430836e-01,-7.803450514416775119e-02,9.465910095514358524e-02,6.368912658785056899e-03
-5.298950066257344105e-01,-1.549757048381112057e+00,-7.570919471626371688e-01,-7.838392684254993914e-02,9.500286664425700023e-02,6.266081210714084804e-03
-5.316975121456850584e-01,-1.554326712341378869e+00,-7.561557992545422380e-01,-7.871321635958444807e-02,9.531326176049556564e-02,6.163430067709879494e-03
-5.336124923436627032e-01,-1.558799697167079668e+00,-7.552092869969669886e-01,-7.902308448513961636e-02,9.559032457262621463e-02,6.060948346524694386e-03
-5.356370736040335645e-01,-1.563175609152207546e+00,-7.542527010382359398e-01,-7.931422823150036105e-02,9.583416490876309202e-02,5.958625520347372341e-03
-5.377684961184856505e-01,-1.567454126700527528e+00,-7.532862749798727720e-01,-7.958733007911582280e-02,9.604495685053290877e-02,5.856451452867335143e-03
-5.400041081344518767e-01,-1.571634996418285635e+00,-7.523101891608613423e-01,-7.984305738746463876e-02,9.622293189545803871e-02,5.754416421029358124e-03
-5.423413604635584084e-01,-1.575718029352344729e+00,-7.513245742352765433e-01,-8.008206195223127599e-02,9.636837257938610235e-02,5.652511127985310538e-03
-5.447778012558944782e-01,-1.579703097373095444e+00,-7.503295145493524831e-01,-8.030497969147100401e-02,9.648160654695334126e-02,5.550726707626242075e-03
-5.473110710418753744e-01,-1.583590129700387594e+00,-7.493250513249640754e-01,-8.051243044491958323e-02,9.656300105510902398e-02,5.449054721956530199e-03
-5.499388980402277749e-01,-1.587379109569866609e+00,-7.483111856571084131e-01,-8.070501787205201782e-02,9.661295789252301314e-02,5.347487152453212975e-03
-5.526590937280485560e-01,-1.591070071036455813e+00,-7.472878813333446724e-01,-8.088332943588735779e-02,9.663190869613351441e-02,5.246016386439769988e-03
-5.554695486668755899e-01,-1.594663095911254658e+00,-7.462550674833237085e-01,-8.104793646086091985e-02,9.662031064506303168e-02,5.144635199395443566e-03
-5.583682285771746079e-01,-1.598158310827796580e+00,-7.452126410665741441e-01,-8.119939425432898261e-02,9.657864251154736623e-02,5.043336734019614014e-03
-5.613531706525024534e-01,-1.601555884433398580e+00,-7.441604692066171589e-01,-8.133824228242834964e-02,9.650740104830385357e-02,4.942114476776096957e-03
-5.644224801037978079e-01,-1.604856024701218020e+00,-7.430983913793161033e-01,-8.146500439208043121e-02,9.640709769184113709e-02,4.840962232554869328e-03
-5.675743269237079058e-01,-1.608058976358588410e+00,-7.420262214631301312e-01,-8.158018907190646429e-02,9.627825556152350139e-02,4.739874098008622742e-03
-5.708069428605351270e-01,-1.611165018427220597e+00,-7.409437496586648297e-01,-8.168428974570800249e-02,9.612140673469724006e-02,4.638844434048570997e-03
-5.741186185912433571e-01,-1.614174461870915511e+00,-7.398507442846116167e-01,-8.177778509296886045e-02,9.593708977881962308e-02,4.537867837917947816e-03
-5.775077010829610114e-01,-1.617087647346524548e+00,-7.387469534568480434e-01,-8.186113939155403862e-02,9.572584752226748206e-02,4.436939115202226218e-03
-5.809725911325197556e-01,-1.619904943054014224e+00,-7.376321066571517315e-01,-8.193480287842365428e-02,9.548822504631131192e-02,4.336053252081977123e-03
-5.845117410737646901e-01,-1.622626742681619882e+00,-7.365059161976583724e-01,-8.199921212475089205e-02,9.522476788159585370e-02,4.235205388086993664e-03
-5.881236526426244504e-01,-1.625253463442224655e+00,-7.353680785868820236e-01,-8.205479042233677911e-02,9.493602039335091725e-02,4.134390789568468706e-03
-5.918068749902382075e-01,-1.627785544197243528e+00,-7.342182758028165113e-01,-8.210194817865876238e-02,9.462252434044728100e-02,4.033604824069151121e-03
-5.955600028347712849e-01,-1.630223443664452043e+00,-7.330561764783485312e-01,-8.214108331827800480e-02,9.428481759430126785e-02,3.932842935739074529e-03
-5.993816747429132619e-01,-1.632567638706350799e+00,-7.318814370039404826e-01,-8.217258168866943546e-02,9.392343300450578525e-02,3.832100621916315931e-03
-6.032705715324276907e-01,-1.634818622695809687e+00,-7.306937025522888263e-01,-8.219681746883227003e-02,9.353889739891767252e-02,3.731373410967747748e-03
-6.072254147874966979e-01,-1.636976903955881024e+00,-7.294926080294230619e-01,-8.221415357929308387e-02,9.313173070675552501e-02,3.630656841463676416e-03
-6.112449654789874343e-01,-1.639043004270819281e+00,-7.282777789564911508e-01,-8.222494209233170703e-02,9.270244519405365646e-02,3.529946442742100312e-03
-6.153280226821400412e-01,-1.641017457465478113e+00,-7.270488322862694863e-01,-8.222952464144803186e-02,9.225154480157404802e-02,3.429237716902862939e-03
-6.194734223845409504e-01,-1.642900808050389072e+00,-7.258053771582488878e-01,-8.222823282924728028e-02,9.177952457599655722e-02,3.328526122258794722e-03
-6.236800363776029421e-01,-1.644693609929952061e+00,-7.245470155959696790e-01,-8.222138863305678003e-02,9.128687018588763080e-02,3.227807058259858381e-03
-6.279467712251137756e-01,-1.646396425171283040e+00,-7.232733431501213728e-01,-8.220930480770236026e-02,9.077405751458891836e-02,3.127075851896970061e-03
-6.322725673027435045e-01,-1.648009822831381310e+00,-7.219839494907719368e-01,-8.219228528496783093e-02,9.024155232276916128e-02,3.026327745584420689e-03
-6.366563979027133335e-01,-1.649534377840379262e+00,-7.206784189519559458e-01,-8.217062556934218165e-02,8.968980997394737642e-02,2.925557886513384474e-03
-6.410972683981237541e-01,-1.650970669938739643e+00,-7.193563310317253601e-01,-8.214461312972524965e-02,8.911927521682193321e-02,2.824761317463727033e-03
-6.455942154617219098e-01,-1.652319282666356859e+00,-7.180172608506529830e-01,-8.211452778681740949e-02,8.853038201873149327e-02,2.723932969057026986e-03
-6.501463063341494930e-01,-1.653580802401604988e+00,-7.166607795716704032e-01,-8.208064209596388494e-02,8.792355344503000047e-02,2.623067653430252808e-03
-6.547526381369608295e-01,-1.654755817448459565e+00,-7.152864547840258602e-01,-8.204322172525976842e-02,8.729920157958134808e-02,2.522160059306761178e-03
-6.594123372259291793e-01,-1.655844917169889241e+00,-7.138938508540575434e-01,-8.200252582875093565e-02,8.665772748197102249e-02,2.421204748439074756e-03
-6.641245585803754459e-01,-1.656848691165791143e+00,-7.124825292453951242e-01,-8.195880741458810848e-02,8.599952117739360913e-02,2.320196153396168661e-03
-6.688884852244483259e-01,-1.657767728493801052e+00,-7.110520488111234938e-01,-8.191231370800804157e-02,8.532496167550783495e-02,2.219128576666641421e-03
-6.737033276764691214e-01,-1.658602616931375451e+00,-7.096019660603748447e-01,-8.186328650902852111e-02,8.463441701485782676e-02,2.117996191048099244e-03
-6.785683234226176364e-01,-1.659353942277593363e+00,-7.081318354017470673e-01,-8.181196254475196772e-02,8.392824432973867987e-02,2.016793041292260207e-03
-6.834827364113865711e-01,-1.660022287693177612e+00,-7.066412093658864801e-01,-8.175857381617769593e-02,8.320678993664197554e-02,1.915513046974652665e-03
-6.884458565653680528e-01,-1.660608233077280227e+00,-7.051296388095158463e-01,-8.170334793942506113e-02,8.247038943765046259e-02,1.814150006557261078e-03
-6.934569993070506255e-01,-1.661112354479619579e+00,-7.035966731031365606e-01,-8.164650848126962790e-02,8.171936783836369900e-02,1.712697602612051192e-03
-6.985155050954141576e-01,-1.661535223546589668e+00,-7.020418603045838202e-01,-8.158827528889216196e-02,8.095403967812925261e-02,1.611149408172923066e-03
-7.036207389701955028e-01,-1.661877406999998419e+00,-7.004647473205688479e-01,-8.152886481373622374e-02,8.017470917052757495e-02,1.509498894183294859e-03
-7.087720901007718011e-01,-1.662139466147117162e+00,-6.988648800582992759e-01,-8.146849042936445129e-02,7.938167035221474488e-02,1.407739438006158118e-03
-7.139689713366688117e-01,-1.662321956420748315e+00,-6.972418035692282690e-01,-8.140736274319672339e-02,7.857520723836702858e-02,1.305864332963087553e-03
-7.192108187567423094e-01,-1.662425426948037854e+00,-6.955950621869472217e-01,-8.134568990200505278e-02,7.775559398309449255e-02,1.203866798868287111e-03
-7.244970912141101005e-01,-1.662450420146773578e+00,-6.939241996611997809e-01,-8.128367789103085883e-02,7.692309504330101244e-02,1.101739993523331114e-03
-7.298272698739260989e-01,-1.662397471347922817e+00,-6.922287592899644126e-01,-8.122153082658015166e-02,7.607796534456288950e-02,9.994770251377828318e-04
-7.352008577410826806e-01,-1.662267108443168828e+00,-6.905082840515208709e-01,-8.115945124194093308e-02,7.522045044768198296e-02,8.970709656403720545e-04
-7.406173791749098845e-01,-1.662059851556208612e+00,-6.887623167383862821e-01,-8.109764036645555896e-02,7.435078671464030731e-02,7.945148648448633298e-04
-7.460763793879071626e-01,-1.661776212736572944e+00,-6.869904000949808021e-01,-8.103629839756844311e-02,7.346920147274325907e-02,6.918017654341733188e-04
-7.515774239254906508e-01,-1.661416695674726496e+00,-6.851920769608549344e-01,-8.097562476565631218e-02,7.257591317578915291e-02,5.889247187256922440e-04
-7.571200981236734240e-01,-1.660981795437191044e+00,-6.833668904212873985e-01,-8.091581839143517640e-02,7.167113156114347794e-02,4.858768011801515674e-04
-7.627040065415124914e-01,-1.660471998220427015e+00,-6.815143839670363413e-01,-8.085707793572426139e-02,7.075505780162991143e-02,3.826511316157638802e-04
-7.683287723650554790e-01,-1.659887781122188155e+00,-6.796341016650057076e-01,-8.079960204133319890e-02,6.982788465117444054e-02,2.792408890887551360e-04
-7.739940367794033715e-01,-1.659229611929041281e+00,-6.777255883415636006e-01,-8.074358956682475830e-02,6.888979658315876053e-02,1.756393314008412886e-04
-7.796994583053705741e-01,-1.658497948918721709e+00,-6.757883897802275941e-01,-8.068923981189098094e-02,6.794096992045164929e-02,7.183981419366139941e-05
-7.854447120970720064e-01,-1.657693240675962132e+00,-6.738220529354083110e-01,-8.063675273406677169e-02,6.698157295609628858e-02,-3.216418941027637563e-05
-7.912294891965974131e-01,-1.656815925920402277e+00,-6.718261261638791559e-01,-8.058632915649080464e-02,6.601176606363591548e-02,-1.363790686609626338e-04
-7.970534957417459987e-01,-1.655866433345150046e+00,-6.698001594756158861e-01,-8.053817096641026352e-02,6.503170179606308776e-02,-2.408110545696704873e-04
-8.029164521225907736e-01,-1.654845181464526860e+00,-6.677437048056217295e-01,-8.049248130411278124e-02,6.404152497237866615e-02,-3.454661988743944938e-04
-8.088180920824193931e-01,-1.653752578469486645e+00,-6.656563163083262236e-01,-8.044946474195616148e-02,6.304137275074746249e-02,-4.503503526231771546e-04
-8.147581617583601332e-01,-1.652589022089154813e+00,-6.635375506761176378e-01,-8.040932745315534924e-02,6.203137468723968900e-02,-5.554691444163613063e-04
-8.207364186567465136e-01,-1.651354899456888736e+00,-6.613869674835300971e-01,-8.037227736997501482e-02,6.101165277915122920e-02,-6.608279583484079085e-04
-8.267526305580036317e-01,-1.650050586979207923e+00,-6.592041295585737704e-01,-8.033852433096631829e-02,5.998232149190477203e-02,-7.664319116892815038e-04
-8.328065743455494996e-01,-1.648676450205902366e+00,-6.569886033826501937e-01,-8.030828021687867746e-02,5.894348776854730493e-02,-8.722858323445034211e-04
-8.388980347529106929e-01,-1.647232843699567351e+00,-6.547399595204516087e-01,-8.028175907487014595e-02,5.789525102088112496e-02,-9.783942361317702219e-04
-8.450268030229316496e-01,-1.645720110902774813e+00,-6.524577730811838006e-01,-8.025917723063498432e-02,5.683770310129585696e-02,-1.084761303910501641e-03
-8.511926754726401034e-01,-1.644138584001033632e+00,-6.501416242123965183e-01,-8.024075338806382907e-02,5.577092825441110069e-02,-1.191390858598777216e-03
-8.573954519569939592e-01,-1.642488583779654343e+00,-6.477910986276322891e-01,-8.022670871605075416e-02,5.469500304769443072e-02,-1.298286342109819264e-03
-8.636349342243995197e-01,-1.640770419472584507e+00,-6.454057881690274945e-01,-8.021726692206253284e-02,5.360999628029099878e-02,-1.405450792237419692e-03
-8.699109241565511352e-01,-1.638984388601247622e+00,-6.429852914059093205e-01,-8.021265431208926544e-02,5.251596886939069453e-02,-1.512886819516485884e-03
-8.762232218848002852e-01,-1.637130776801382082e+00,-6.405292142703300495e-01,-8.021309983660138143e-02,5.141297371357021750e-02,-1.620596584081104635e-03
-8.825716237749321458e-01,-1.635209857635857578e+00,-6.380371707303662543e-01,-8.021883512214789125e-02,5.030105553268297142e-02,-1.728581772538211221e-03
-8.889559202719036213e-01,-1.633221892391426566e+00,-6.355087835018768949e-01,-8.023009448824240664e-02,4.918025068403301253e-02,-1.836843574869991566e-03
-8.953758935957931708e-01,-1.631167129857365783e+00,-6.329436847992688797e-01,-8.024711494919926913e-02,4.805058695476414898e-02,-1.945382661372563760e-03
-9.018313152799356525e-01,-1.629045806083974757e+00,-6.303415171256484539e-01,-8.027013620060104160e-02,4.691208333062484720e-02,-2.054199159632175576e-03
-9.083219435419684906e-01,-1.626858144118922267e+00,-6.277019341025513732e-01,-8.029940059010114151e-02,4.576474974153858094e-02,-2.163292631533137236e-03
-9.148475204783172998e-01,-1.624604353719477645e+00,-6.250246013392283251e-01,-8.033515307229181779e-02,4.460858678472164052e-02,-2.272662050283879437e-03
-9.214077690725037684e-01,-1.622284631038732439e+00,-6.223091973412270272e-01,-8.037764114739787136e-02,4.344358542645079813e-02,-2.382305777438931734e-03
-9.280023900075828891e-01,-1.619899158284012541e+00,-6.195554144577423150e-01,-8.042711478359089450e-02,4.226972668399690131e-02,-2.492221539885151101e-03
-9.346310582730280592e-01,-1.617448103345802801e+00,-6.167629598669067681e-01,-8.048382632275752346e-02,4.108698128971118718e-02,-2.602406406750256123e-03
-9.412934195564920392e-01,-1.614931619395666873e+00,-6.139315565978604727e-01,-8.054803036959744256e-02,3.989530933978645277e-02,-2.712856766180583856e-03
-9.479890864111057969e-01,-1.612349844451840708e+00,-6.110609445880652579e-01,-8.061998366397503391e-02,3.869465993081758898e-02,-2.823568301923041514e-03
-9.547176341893532925e-01,-1.609702900911423207e+00,-6.081508817739140760e-01,-8.069994493649926270e-02,3.748497078796347165e-02,-2.934535969633510037e-03
-9.614785967351067164e-01,-1.606990895048377110e+00,-6.052011452122274537e-01,-8.078817474736307847e-02,3.626616788926834839e-02,-3.045753972820527261e-03
-9.682714618261477613e-01,-1.604213916476903368e+00,-6.022115322297191264e-01,-8.088493530853403668e-02,3.503816509154176334e-02,-3.157215738319088701e-03
-9.750956663604685160e-01,-1.601372037580164553e+00,-5.991818615969520812e-01,-8.099049028945286277e-02,3.380086376412629046e-02,-3.268913891174983228e-03
-9.819505912808758064e-01,-1.598465312904813196e+00,-5.961119747226866217e-01,-8.110510460646612463e-02,3.255415243790618640e-02,-3.380840228805457193e-03
-9.888355562339504745e-01,-1.595493778522343309e+00,-5.930017368638434982e-01,-8.122904419629278783e-02,3.129790647803108727e-02,-3.492985694287470497e-03
-9.957498139612761534e-01,-1.592457451358922027e+00,-5.898510383455602968e-01,-8.136257577390219875e-02,3.003198779004974048e-02,-3.605340348610714795e-03
-1.002692544423101628e+00,-1.589356328496103199e+00,-5.866597957850093747e-01,-8.150596657526258670e-02,2.875624457046989380e-02,-3.717893341719399197e-03
-1.009662848657272072e+00,-1.586190386445654354e+00,-5.834279533117605610e-01,-8.165948408550395554e-02,2.747051111418168101e-02,-3.830632882155113328e-03
-1.016659742379415476e+00,-1.582959580402682587e+00,-5.801554837765180439e-01,-8.182339575312769231e-02,2.617460769269937260e-02,-3.943546205103570443e-03
-1.023682149334045333e+00,-1.579663843482299823e+00,-5.768423899390299203e-01,-8.199796869098519014e-02,2.486834051878390045e-02,-4.056619538641525503e-03
-1.030728894410495533e+00,-1.576303085946257898e+00,-5.734887056248637593e-01,-8.218346936484038912e-02,2.355150181469646553e-02,-4.169838067977672466e-03
-1.037798696542483468e+00,-1.572877194427291903e+00,-5.700944968395623702e-01,-8.238016327042382847e-02,2.222387000308687077e-02,-4.283185897483995225e-03
-1.044890161415658048e+00,-1.569386031160354911e+00,-5.666598628274491789e-01,-8.258831459997875712e-02,2.088521004131940750e-02,-4.396646010323235904e-03
-1.052001774013772595e+00,-1.565829433231502144e+00,-5.631849370610374494e-01,-8.280818589939026308e-02,1.953527392185777645e-02,-4.510200225495364368e-03
-1.059131891041171114e+00,-1.562207211856889932e+00,-5.596698881456368957e-01,-8.304003771707578474e-02,1.817380136313496292e-02,-4.623829152152941595e-03
-1.066278733267113310e+00,-1.558519151706190264e+00,-5.561149206223447994e-01,-8.328412824589652430e-02,1.680052071708185851e-02,-4.737512141073972963e-03
-1.073440377846122340e+00,-1.554765010286668359e+00,-5.525202756511845559e-01,-8.354071295942191999e-02,1.541515012112775959e-02,-4.851227233233219686e-03
-1.080614750677997948e+00,-1.550944517406224410e+00,-5.488862315547324844e-01,-8.381004424393956320e-02,1.401739892395348352e-02,-4.964951105481384477e-03
-1.087799618881399200e+00,-1.547057374735829383e+00,-5.452131042011876261e-01,-8.409237102764789695e-02,1.260696941549853747e-02,-5.078659013428074749e-03
-1.094992583465895120e+00,-1.543103255493961434e+00,-5.415012472045294123e-01,-8.438793840849134753e-02,1.118355889260938540e-02,-5.192324731731506882e-03
-1.102191072299040009e+00,-1.539081804277838028e+00,-5.377510519182170379e-01,-8.469698728209466843e-02,9.746862092164219199e-03,-5.305920492127417371e-03
-1.109392333477218662e+00,-1.534992637068375299e+00,-5.339629471978846187e-01,-8.501975397121477873e-02,8.296574023404253498e-03,-5.419416919683563497e-03
-1.116593429221554246e+00,-1.530835341437847497e+00,-5.301373989077323712e-01,-8.535646985804903886e-02,6.832393230412393131e-03,-5.532782967945805951e-03
-1.123791230432849009e+00,-1.526609476991065861e+00,-5.262749091449009375e-01,-8.570736102060730333e-02,5.354025514063351018e-03,-5.645985853847727831e-03
-1.130982412052036201e+00,-1.522314576072475889e+00,-5.223760151561334109e-01,-8.607264787416279983e-02,3.861188140170478296e-03,-5.758990993487670892e-03
-1.138163449384597348e+00,-1.517950144772765020e+00,-5.184412879215862802e-01,-8.645254481853063833e-02,2.353614556810795788e-03,-5.871761940133337146e-03
-1.145330615558395548e+00,-1.513515664269265759e+00,-5.144713303818662098e-01,-8.684725989157165982e-02,8.310596387547099185e-04,-5.984260326091343091e-03
-1.152479980293872996e+00,-1.509010592534490769e+00,-5.104667752863757402e-01,-8.725699442887019375e-02,-7.066945296026974242e-04,-6.096445810371889200e-03
-1.159607410172947883e+00,-1.504434366446405935e+00,-5.064282826439805429e-01,-8.768194272897569808e-02,-2.259832329568279598e-03,-6.208276034379249866e-03
-1.166708570597551731e+00,-1.499786404332367429e+00,-5.023565367610061116e-01,-8.812229172291755064e-02,-3.828497748408102135e-03,-6.319706588156430264e-03
-1.173778929629809564e+00,-1.495066108975868779e+00,-4.982522428567703887e-01,-8.857822064589275513e-02,-5.412787002973833486e-03,-6.430690989993345305e-03
-1.180813763902603730e+00,-1.490272871111198327e+00,-4.941161232533793912e-01,-8.904990070808208036e-02,-7.012740678800196553e-03,-6.541180682455432181e-03
-1.187808166780837116e+00,-1.485406073425648898e+00,-4.899489131444606516e-01,-8.953749476047254130e-02,-8.628335432315160231e-03,-6.651125048083514520e-03
-1.194757058939320382e+00,-1.480465095081929139e+00,-4.857513559569531236e-01,-9.004115695036297995e-02,-1.025947532111331356e-02,-6.760471448133045964e-03
-1.201655201502094039e+00,-1.475449316764800400e+00,-4.815241983310213914e-01,-9.056103235992427058e-02,-1.190598284610902731e-02,-6.869165287736462254e-03
-1.208497211859500320e+00,-1.470358126245673080e+00,-4.772681847555769186e-01,-9.109725661980919154e-02,-1.356758980947521571e-02,-6.977150110759664133e-03
-1.215277582242982657e+00,-1.465190924446955645e+00,-4.729840519106288110e-01,-9.164995548840866590e-02,-1.524392811311338879e-02,-7.084367727356828681e-03
-1.221990701093162768e+00,-1.459947131974471235e+00,-4.686725227825259688e-01,-9.221924438599687912e-02,-1.693452064337009136e-02,-7.190758376782831716e-03
-1.228630877204336391e+00,-1.454626196071443278e+00,-4.643343006337388168e-01,-9.280522787178319133e-02,-1.863877240804054022e-02,-7.296260927380755247e-03
-1.235192366568590883e+00,-1.449227597931708411e+00,-4.599700629246971650e-01,-9.340799905089899879e-02,-2.035596211046346998e-02,-7.400813114811779884e-03
-1.241669401776253512e+00,-1.443750860293383731e+00,-4.555804553007453683e-01,-9.402763889771471872e-02,-2.208523436166724349e-02,-7.504351818535415913e-03
-1.248056223757727068e+00,-1.438195555217741450e+00,-4.511660857717736395e-01,-9.466421548174153155e-02,-2.382559274393905926e-02,-7.606813375292274283e-03
-1.254347115576967875e+00,-1.432561311942187166e+00,-4.467275192247087690e-01,-9.531778308286739665e-02,-2.557589394667809934e-02,-7.708133926918041279e-03
-1.260536437911358609e+00,-1.426847824681770849e+00,-4.422652724188768647e-01,-9.598838118394763252e-02,-2.733484319680571165e-02,-7.808249798272581463e-03
-1.266618665779485786e+00,-1.421054860241398599e+00,-4.377798096203586731e-01,-9.667603333094192120e-02,-2.910099120029245590e-02,-7.907097899466555141e-03
-1.272588426010640594e+00,-1.415182265291706321e+00,-4.332715390329092142e-01,-9.738074585395933846e-02,-3.087273279767132131e-02,-8.004616144991193519e-03
-1.278440534891227776e+00,-1.409229973156244764e+00,-4.287408101790000647e-01,-9.810250644679101295e-02,-3.264830751417861082e-02,-8.100743880899916038e-03
-1.284170035377195873e+00,-1.403198009956920789e+00,-4.241879123744047297e-01,-9.884128260776565977e-02,-3.442580215422241102e-02,-8.195422309956658380e-03
-1.289772233231382126e+00,-1.397086499969143025e+00,-4.196130744230981424e-01,-9.959701995097278160e-02,-3.620315555050673817e-02,-8.288594903759351901e-03
-1.295242731433102312e+00,-1.390895670048177823e+00,-4.150164656360048610e-01,-1.003696404038874196e-01,-3.797816553113383259e-02,-8.380207790364238227e-03
-1.300577462216466973e+00,-1.384625853003935037e+00,-4.103981982476287982e-01,-1.011590403149422862e-01,-3.974849811469427507e-02,-8.470210105956138547e-03
-1.305772716124904642e+00,-1.378277489822531843e+00,-4.057583312695604572e-01,-1.019650885022803932e-01,-4.151169888556558579e-02,-8.558554299682835306e-03
-1.310825167522187140e+00,-1.371851130658977569e+00,-4.010968757804362350e-01,-1.027876242823700798e-01,-4.326520644164023183e-02,-8.645196381914540748e-03
-1.315731896073667473e+00,-1.365347434555286066e+00,-3.964138016096591111e-01,-1.036264555239107404e-01,-4.500636774707367227e-02,-8.730096107877699518e-03
-1.320490403802988322e+00,-1.358767167871077985e+00,-3.917090453289058805e-01,-1.044813567780253361e-01,-4.673245516612236500e-02,-8.813217090779253832e-03
-1.325098627435657983e+00,-1.352111201447889099e+00,-3.869825194231912291e-01,-1.053520675396676515e-01,-4.844068490344675959e-02,-8.894526841076614426e-03
-1.329554945857136294e+00,-1.345380506562404044e+00,-3.822341224741055421e-01,-1.062382906970806423e-01,-5.012823653388177175e-02,-8.973996731320384168e-03
-1.333858182634352296e+00,-1.338576149756127709e+00,-3.774637501537979611e-01,-1.071396912257353284e-01,-5.179227327272226122e-02,-9.051601888840129367e-03
-1.338007603670540391e+00,-1.331699286658097225e+00,-3.726713068010738539e-01,-1.080558951803067130e-01,-5.342996261756569054e-02,-9.127321021287881919e-03
-1.342002910178672126e+00,-1.324751154941834708e+00,-3.678567173319855499e-01,-1.089864890329040742e-01,-5.503849698556019521e-02,-9.201136182535903443e-03
-1.345844227263798709e+00,-1.317733066576808554e+00,-3.630199392273986136e-01,-1.099310193981348494e-01,-5.661511397565397591e-02,-9.273032488500943318e-03
-1.349532088495274174e+00,-1.310646399547543473e+00,-3.581609743395479106e-01,-1.108889931759645814e-01,-5.815711590354161187e-02,-9.342997794025578381e-03
-1.353067416923079413e+00,-1.303492589219880760e+00,-3.532798802683438932e-01,-1.118598781321943625e-01,-5.966188828620577755e-02,-9.411022342917726990e-03
-1.356451503046419926e+00,-1.296273119533819962e+00,-3.483767810754167527e-01,-1.128431039242641237e-01,-6.112691699146980545e-02,-9.477098403606198582e-03
-1.359685980276701400e+00,-1.288989514196283492e+00,-3.434518771284126859e-01,-1.138380635676125019e-01,-6.254980381363076103e-02,-9.541219902631270164e-03
-1.362772798451291179e+00,-1.281643328035761309e+00,-3.385054538983837680e-01,-1.148441153255962272e-01,-6.392828028663921636e-02,-9.603382067411847522e-03
-1.365714195950487708e+00,-1.274236138665025386e+00,-3.335378895675242261e-01,-1.158605849945735095e-01,-6.526021959899395986e-02,-9.663581088503013158e-03
-1.368512670949978638e+00,-1.266769538579032961e+00,-3.285496613412253741e-01,-1.168867685456872058e-01,-6.654364652720366757e-02,-9.721813809988395089e-03
-1.371170952307433799e+00,-1.259245127793873875e+00,-3.235413503957179082e-01,-1.179219350765398633e-01,-6.777674535525715638e-02,-9.778077454859781387e-03
-1.373691970537702645e+00,-1.251664507110247460e+00,-3.185136454288724495e-01,-1.189653300196047148e-01,-6.895786579430356056e-02,-9.832369390340116658e-03
-1.376078829279432147e+00,-1.244029272062497027e+00,-3.134673448157036524e-01,-1.200161785500014483e-01,-7.008552695833890345e-02,-9.884686936214756928e-03
-1.378334777599716787e+00,-1.236341007592533625e+00,-3.084033574007149503e-01,-1.210736891331963272e-01,-7.115841948721064736e-02,-9.935027217443374858e-03
-1.380463183425321150e+00,-1.228601283467771532e+00,-3.033227019856911677e-01,-1.221370571531585764e-01,-7.217540593717979014e-02,-9.983387060704842011e-03
-1.382467508331395978e+00,-1.220811650443983432e+00,-2.982265055934451570e-01,-1.232054685633258151e-01,-7.313551958148552246e-02,-1.002976293313201893e-02
-1.384351283863341608e+00,-1.212973637158135443e+00,-2.931160006051996558e-01,-1.242781035061363559e-01,-7.403796177901766917e-02,-1.007415092035347445e-02
-1.386118089516010121e+00,-1.205088747722941722e+00,-2.879925208817996629e-01,-1.253541398515674310e-01,-7.488209807874915414e-02,-1.011654674008615612e-02
-1.387771532447815037e+00,-1.197158459984164258e+00,-2.828574969870789046e-01,-1.264327566107503742e-01,-7.566745323162378523e-02,-1.015694578691204997e-02
-1.389315228966160554e+00,-1.189184224393475153e+00,-2.777124506358523703e-01,-1.275131371869924479e-01,-7.639370528086447676e-02,-1.019534320350518053e-02
-1.390752787785223266e+00,-1.181167463443854704e+00,-2.725589884896763571e-01,-1.285944724331143374e-01,-7.706067889695024375e-02,-1.023173397342603055e-02
-1.392087795027510344e+00,-1.173109571610789992e+00,-2.673987954212596052e-01,-1.296759634906426706e-01,-7.766833811560393264e-02,-1.026611303063646417e-02
-1.393323800916592914e+00,-1.165011915740704396e+00,-2.622336273637830284e-01,-1.307568243928445562e-01,-7.821677862680448401e-02,-1.029847538107442340e-02
-1.394464308089592208e+00,-1.156875835827807508e+00,-2.570653038549411962e-01,-1.318362844196732386e-01,-7.870621975079698796e-02,-1.032881623192965712e-02
-1.395512761443906458e+00,-1.148702646121629867e+00,-2.518957003777512749e-01,-1.329135901982675672e-01,-7.913699622395428679e-02,-1.035713112464642545e-02
-1.396472539422780157e+00,-1.140493636509627207e+00,-2.467267405915470335e-01,-1.339880075476205801e-01,-7.950954990369178688e-02,-1.038341606811721100e-02
-1.397346946638054144e+00,-1.132250074122151506e+00,-2.415603885374606463e-01,-1.350588230703453352e-01,-7.982442148790806768e-02,-1.040766766899727663e-02
-1.398139207725257682e+00,-1.123973205110580187e+00,-2.363986408934321271e-01,-1.361253454981000977e-01,-8.008224233098500122e-02,-1.042988325654256067e-02
-1.398852462325563373e+00,-1.115664256553257516e+00,-2.312435193446221171e-01,-1.371869068001959346e-01,-8.028372642551698246e-02,-1.045006099983578074e-02
-1.399489761090531248e+00,-1.107324438447994330e+00,-2.260970631262480546e-01,-1.382428630672279668e-01,-8.042966260685695257e-02,-1.046820001570550676e-02
-1.400054062608584671e+00,-1.098954945754037515e+00,-2.209613217874573099e-01,-1.392925951832934550e-01,-8.052090702641115372e-02,-1.048430046605096540e-02
-1.400548231156379497e+00,-1.090556960450562052e+00,-2.158383482169990153e-01,-1.403355093015422050e-01,-8.055837592947140413e-02,-1.049836364365608343e-02
-1.400975035183322115e+00,-1.082131653582776964e+00,-2.107301919642161347e-01,-1.413710371385128173e-01,-8.054303876428318965e-02,-1.051039204590628259e-02
-1.401337146443172088e+00,-1.073680187270595665e+00,-2.056388928822835138e-01,-1.423986361030066539e-01,-8.047591164101458583e-02,-1.052038943611020849e-02
-1.401637139692687217e+00,-1.065203716658475130e+00,-2.005664751146688518e-01,-1.434177892752097616e-01,-8.035805115228897288e-02,-1.052836089237607978e-02
-1.401877492883450094e+00,-1.056703391788434088e+00,-1.955149414404782349e-01,-1.444280052514504420e-01,-8.019054856092749928e-02,-1.053431284420107243e-02
-1.402060587779194956e+00,-1.048180359381409410e+00,-1.904862679896365540e-01,-1.454288178694405353e-01,-7.997452435545421290e-02,-1.053825309710423180e-02
-1.402188710937009697e+00,-1.039635764514994065e+00,-1.854823993347098632e-01,-1.464197858281413578e-01,-7.971112316967558786e-02,-1.054019084577241007e-02
-1.402264054996643194e+00,-1.031070752188219641e+00,-1.805052439625571270e-01,-1.474004922155704445e-01,-7.940150905918090529e-02,-1.054013667629782360e-02
-1.402288720227724328e+00,-1.022486468766406364e+00,-1.755566701258572671e-01,-1.483705439569630857e-01,-7.904686112484111959e-02,-1.053810255816868199e-02
-1.402264716289960189e+00,-1.013884063301221161e+00,-1.706385020718478029e-01,-1.493295711947573712e-01,-7.864836947123350630e-02,-1.053410182673425975e-02
-1.402193964166297047e+00,-1.005264688722959043e+00,-1.657525166432881614e-01,-1.502772266109121124e-01,-7.820723148631120170e-02,-1.052814915690607547e-02
-1.402078298233587983e+00,-9.966295029037272046e-01,-1.609004402446812254e-01,-1.512131847011171648e-01,-7.772464842749897407e-02,-1.052026052888051927e-02
-1.401919468439505989e+00,-9.879796695916648330e-01,-1.560839461651102600e-01,-1.521371410095321564e-01,-7.720182229866182078e-02,-1.051045318667801626e-02
-1.401719142558283115e+00,-9.793163592175984089e-01,-1.513046522476389211e-01,-1.530488113318074217e-01,-7.663995300199887006e-02,-1.049874559029212624e-02
-1.401478908501350373e+00,-9.706407495766258275e-01,-1.465641188940477735e-01,-1.539479308933083546e-01,-7.604023574880632019e-02,-1.048515736223092423e-02
-1.401200276662116773e+00,-9.619540263880594910e-01,-1.418638473927088528e-01,-1.548342535086902894e-01,-7.540385871317759059e-02,-1.046970922921454730e-02
-1.400884682276976934e+00,-9.532573837379454407e-01,-1.372052785566101607e-01,-1.557075507282548177e-01,-7.473200091302245607e-02,-1.045242295976841519e-02
-1.400533487787193332e+00,-9.445520244090382933e-01,-1.325897916579062974e-01,-1.565676109758677714e-01,-7.402583030324973168e-02,-1.043332129842269862e-02
-1.400147985188586297e+00,-9.358391601036509799e-01,-1.280187036448747206e-01,-1.574142386826281603e-01,-7.328650206653494759e-02,-1.041242789719642493e-02
-1.399729398357997479e+00,-9.271200115652308282e-01,-1.234932686267802560e-01,-1.582472534199475533e-01,-7.251515708775524427e-02,-1.038976724500974801e-02
-1.399278885347294832e+00,-9.183958086048484848e-01,-1.190146776118801153e-01,-1.590664890352281868e-01,-7.171292059889328163e-02,-1.036536459563159977e-02
-1.398797540637285008e+00,-9.096677900390357507e-01,-1.145840584836254200e-01,-1.598717927929106386e-01,-7.088090098196754563e-02,-1.033924589473235629e-02
-1.398286397345293919e+00,-9.009372035455748273e-01,-1.102024762000230335e-01,-1.606630245232963106e-01,-7.002018871832019209e-02,-1.031143770657323017e-02
-1.397746429381412137e+00,-8.922053054439396114e-01,-1.058709332011039811e-01,-1.614400557812303849e-01,-6.913185547336972436e-02,-1.028196714082581058e-02
-1.397178553549472735e+00,-8.834733604071245416e-01,-1.015903700094946405e-01,-1.622027690164550284e-01,-6.821695330670241031e-02,-1.025086177997727895e-02
-1.396583631589762842e+00,-8.747426411115704070e-01,-9.736166600919810010e-02,-1.629510567572043656e-01,-6.727651399812256683e-02,-1.021814960773918292e-02
-1.395962472161283108e+00,-8.660144278318239186e-01,-9.318564038785975834e-02,-1.636848208084097922e-01,-6.631154848100054289e-02,-1.018385893884075043e-02
-1.395315832762062946e+00,-8.572900079864459455e-01,-8.906305322800783797e-02,-1.644039714657110907e-01,-6.532304637494153188e-02,-1.014801835055150793e-02
-1.394644421586644478e+00,-8.485706756415236640e-01,-8.499460673302333680e-02,-1.651084267463229227e-01,-6.431197561044431354e-02,-1.011065661624274171e-02
-1.393948899320354151e+00,-8.398577309779443612e-01,-8.098094657389945383e-02,-1.657981116376833763e-01,-6.327928213882286212e-02,-1.007180264126299532e-02
-1.393229880870420212e+00,-8.311524797283639243e-01,-7.702266334319569918e-02,-1.664729573647084626e-01,-6.222588972122485712e-02,-1.003148540136956750e-02
-1.392487937034356138e+00,-8.224562325895458104e-01,-7.312029410297221643e-02,-1.671329006763905833e-01,-6.115269979109633214e-02,-9.989733883925842883e-03
-1.391723596106339222e+00,-8.137703046154716180e-01,-6.927432401390341832e-02,-1.677778831524074643e-01,-6.006059138491291749e-02,-9.946577032043279337e-03
-1.390937345422565086e+00,-8.050960145963278469e-01,-6.548518803321330684e-02,-1.684078505303473194e-01,-5.895042113642501996e-02,-9.902043691817035212e-03
-1.390129632846766716e+00,-7.964346844281610105e-01,-6.175327266954529909e-02,-1.690227520541066897e-01,-5.782302333004746275e-02,-9.856162562775652378e-03
-1.389300868197251848e+00,-7.877876384776690832e-01,-5.807891778337417182e-02,-1.696225398439726306e-01,-5.667921000936639031e-02,-9.808962151637781388e-03
-1.388451424616947927e+00,-7.791562029462647532e-01,-5.446241842208457418e-02,-1.702071682888643966e-01,-5.551977113703818190e-02,-9.760470729442857069e-03
-1.387581639888044061e+00,-7.705417052372045550e-01,-5.090402667937632408e-02,-1.707765934611755465e-01,-5.434547480262018337e-02,-9.710716292097699640e-03
-1.386691817692893292e+00,-7.619454733292339021e-01,-4.740395356920901193e-02,-1.713307725546254490e-01,-5.315706747510262620e-02,-9.659726524357549124e-03
-1.385782228822896922e+00,-7.533688351598569755e-01,-4.396237090506490558e-02,-1.718696633455009948e-01,-5.195527429710871531e-02,-9.607528767237697581e-03
-1.384853112337121717e+00,-7.448131180209917046e-01,-4.057941317588667496e-02,-1.723932236776373195e-01,-5.074079941789737952e-02,-9.554149988831004553e-03
-1.383904676672422562e+00,-7.362796479694353469e-01,-3.725517941063258981e-02,-1.729014109714581693e-01,-4.951432636244411378e-02,-9.499616758486987417e-03
-1.382937100706845612e+00,-7.277697492542301028e-01,-3.398973502398448115e-02,-1.733941817573630417e-01,-4.827651843399186765e-02,-9.443955224289955069e-03
-1.381950534778080275e+00,-7.192847437626933571e-01,-3.078311363633903092e-02,-1.738714912337165353e-01,-4.702801914755942725e-02,-9.387191093756823076e-03
-1.380945101658710206e+00,-7.108259504865617195e-01,-2.763531886180968858e-02,-1.743332928496576506e-01,-4.576945269197127408e-02,-9.329349617659767752e-03
-1.379920897489990805e+00,-7.023946850093918393e-01,-2.454632605856098271e-02,-1.747795379129095106e-01,-4.450142441803383447e-02,-9.270455576864849653e-03
-1.378877992675846986e+00,-6.939922590160723104e-01,-2.151608403638715500e-02,-1.752101752227280818e-01,-4.322452135053048150e-02,-9.210533272065078714e-03
-1.377816432738750096e+00,-6.856199798250200983e-01,-1.854451671703018570e-02,-1.756251507280846558e-01,-4.193931272174421937e-02,-9.149606516275117507e-03
-1.376736239139088935e+00,-6.772791499433776785e-01,-1.563152474330588987e-02,-1.760244072111291913e-01,-4.064635052424517281e-02,-9.087698629945040532e-03
-1.375637410059611376e+00,-6.689710666452783894e-01,-1.277698703366853678e-02,-1.764078839959329625e-01,-3.934617008070175753e-02,-9.024832438542077645e-03
-1.374519921156462043e+00,-6.606970215730223472e-01,-9.980762279391807226e-03,-1.767755166824557245e-01,-3.803929062849204651e-02,-8.961030272442240679e-03
-1.373383726278294414e+00,-6.524583003607948850e-01,-7.242690382074812305e-03,-1.771272369056293705e-01,-3.672621591690728576e-02,-8.896313968968044134e-03
-1.372228758154890427e+00,-6.442561822803691829e-01,-4.562593829694169476e-03,-1.774629721193935472e-01,-3.540743481475391169e-02,-8.830704876404193993e-03
-1.371054929056667149e+00,-6.360919399080637859e-01,-1.940279009914604776e-03,-1.777826454054615701e-01,-3.408342192617646454e-02,-8.764223859820060442e-03
-1.369862131426403895e+00,-6.279668388120731581e-01,6.244625401603271647e-04,-1.780861753065376418e-01,-3.275463821254165353e-02,-8.696891308526043252e-03
-1.368650238484472315e+00,-6.198821372591571954e-01,3.131852948171055633e-03,-1.783734756836467261e-01,-3.142153161824540880e-02,-8.628727144990333206e-03
-1.367419104808805574e+00,-6.118390859395627102e-01,5.582126884572840078e-03,-1.786444555971820336e-01,-3.008453769833112704e-02,-8.559750835043304987e-03
-1.366168566890792579e+00,-6.038389277089545315e-01,7.975530504157090847e-03,-1.788990192112168975e-01,-2.874408024583872262e-02,-8.489981399198457887e-03
-1.364898443668241423e+00,-5.958828973460605916e-01,1.031232045022167226e-02,-1.791370657205725025e-01,-2.740057191684184060e-02,-8.419437424921686480e-03
-1.363608537036505641e+00,-5.879722213246761919e-01,1.259276292025380065e-02,-1.793584893000792768e-01,-2.605441485117482997e-02,-8.348137079684455480e-03
-1.362298632338826643e+00,-5.801081175986345650e-01,1.481713279168399636e-02,-1.795631790754183277e-01,-2.470600128690208716e-02,-8.276098124641152395e-03
-1.360968498836902629e+00,-5.722917953983287509e-01,1.698571280599453850e-02,-1.797510191148812275e-01,-2.335571416664059680e-02,-8.203337928776447893e-03
-1.359617890162652332e+00,-5.645244550373600401e-01,1.909879280922130440e-02,-1.799218884413417152e-01,-2.200392773391161155e-02,-8.129873483374782175e-03
-1.358246544752102158e+00,-5.568072877279015565e-01,2.115666904667372339e-02,-1.800756610636924937e-01,-2.065100811776951831e-02,-8.055721416671064034e-03
-1.356854186262288042e+00,-5.491414754033843160e-01,2.315964350951349449e-02,-1.802122060269628068e-01,-1.929731390403477062e-02,-7.980898008549192763e-03
-1.355440523972026190e+00,-5.415281905471499568e-01,2.510802333067866862e-02,-1.803313874803016970e-01,-1.794319669154273433e-02,-7.905419205163076099e-03
-1.354005253167369860e+00,-5.339685960257625208e-01,2.700212022751437638e-02,-1.804330647619845907e-01,-1.658900163191124461e-02,-7.829300633363206474e-03
-1.352548055512536651e+00,-5.264638449257285080e-01,2.884224998837488924e-02,-1.805170925005781801e-01,-1.523506795142597764e-02,-7.752557614820665063e-03
-1.351068599407057702e+00,-5.190150803924423739e-01,3.062873200039200466e-02,-1.805833207313831401e-01,-1.388172945374331439e-02,-7.675205179749374287e-03
-1.349566540329866449e+00,-5.116234354702510201e-01,3.236188881556137376e-02,-1.806315950272617543e-01,-1.252931500221551343e-02,-7.597258080136570953e-03
-1.348041521171015500e+00,-5.042900329426120987e-01,3.404204575227977314e-02,-1.806617566429518928e-01,-1.117814898075074684e-02,-7.518730802400685337e-03
-1.346493172551679107e+00,-4.970159851714113231e-01,3.566953052947084007e-02,-1.806736426719679489e-01,-9.828551732231271751e-03,-7.439637579405009027e-03
-1.344921113133071389e+00,-4.898023939345954592e-01,3.724467293046339333e-02,-1.806670862151935897e-01,-8.480839973625111522e-03,-7.359992401764661567e-03
-1.343324949914879163e+00,-4.826503502613748164e-01,3.876780449383282479e-02,-1.806419165602801413e-01,-7.135327187039722588e-03,-7.279809028393366584e-03
-1.341704278523784044e+00,-4.755609342643482007e-01,4.023925822848096329e-02,-1.805979593709791109e-01,-5.792323986079372933e-03,-7.199100996245316221e-03
-1.340058683492619362e+00,-4.685352149680022671e-01,4.165936835031137236e-02,-1.805350368855554721e-01,-4.452138456980479948e-03,-7.117881629215914996e-03
-1.338387738530682380e+00,-4.615742501331381309e-01,4.302847003795336189e-02,-1.804529681234511851e-01,-3.115076474110354317e-03,-7.036164046173459287e-03
-1.336691006785697189e+00,-4.546790860768767928e-01,4.434689920509716360e-02,-1.803515690993957588e-01,-1.781441989523864034e-03,-6.953961168101601038e-03
-1.334968041097896130e+00,-4.478507574879935782e-01,4.561499228712343618e-02,-1.802306530441902255e-01,-4.515372963788716505e-04,-6.871285724339971229e-03
-1.333218384246664501e+00,-4.410902872374246608e-01,4.683308603984004392e-02,-1.800900306314253130e-01,8.743367338857510780e-04,-6.788150257917377299e-03
-1.331441569190170426e+00,-4.343986861838836644e-01,4.800151734827685923e-02,-1.799295102094307652e-01,2.195880440606695974e-03,-6.704567129978581536e-03
-1.329637119298373582e+00,-4.277769529746112132e-01,4.912062304363287030e-02,-1.797488980377914825e-01,3.512795189089933795e-03,-6.620548523311828304e-03
-1.327804548579787136e+00,-4.212260738413654559e-01,5.019073972661822203e-02,-1.795479985278080060e-01,4.824783211754396159e-03,-6.536106444989939722e-03
-1.325943361902339745e+00,-4.147470223918394705e-01,5.121220359558455865e-02,-1.793266144863210065e-01,6.131547474953951381e-03,-6.451252728142987079e-03
-1.324053055208665342e+00,-4.083407593967636751e-01,5.218535027798990727e-02,-1.790845473623640105e-01,7.432791571127065136e-03,-6.365999032885217776e-03
-1.322133115726122021e+00,-4.020082325730194306e-01,5.311051466389680314e-02,-1.788215974961536725e-01,8.728219635850416325e-03,-6.280356846423145074e-03
-1.320183022171820264e+00,-3.957503763631500249e-01,5.398803074035404131e-02,-1.785375643699734227e-01,1.001753628930560254e-02,-6.194337482375384708e-03
-1.318202244952919155e+00,-3.895681117117100190e-01,5.481823142566209783e-02,-1.782322468605510579e-01,1.130044660160704414e-02,-6.107952079338114029e-03
-1.316190246362424210e+00,-3.834623458389422312e-01,5.560144840266815353e-02,-1.779054434925791406e-01,1.257665608138437002e-02,-6.021211598732796252e-03
-1.314146480770703063e+00,-3.774339720123134345e-01,5.633801195037935888e-02,-1.775569526930713959e-01,1.384587068696395765e-02,-5.934126821975168123e-03
-1.312070394812908436e+00,-3.714838693164744243e-01,5.702825077331993842e-02,-1.771865730462948152e-01,1.510779685945177857e-02,-5.846708347006424403e-03
-1.309961427572481796e+00,-3.656129024222393720e-01,5.767249182818989101e-02,-1.767941035490616930e-01,1.636214157698331895e-02,-5.758966584229066946e-03
-1.307819010760886913e+00,-3.598219213552006912e-01,5.827106014750877555e-02,-1.763793438662092095e-01,1.760861242937581186e-02,-5.670911751891043184e-03
-1.305642568893702560e+00,-3.541117612646128010e-01,5.882427866004726058e-02,-1.759420945861381036e-01,1.884691771239333305e-02,-5.582553870962625453e-03
-1.303431519463185806e+00,-3.484832421931873814e-01,5.933246800796179721e-02,-1.754821574763216763e-01,2.007676654081603368e-02,-5.493902759550977830e-03
-1.301185273107395846e+00,-3.429371688484470493e-01,5.979594636065285740e-02,-1.749993357387378545e-01,2.129786897949089916e-02,-5.404968026897541931e-03
-1.298903233775949406e+00,-3.374743303762831048e-01,6.021502922546550368e-02,-1.744934342652143811e-01,2.250993619153247860e-02,-5.315759067003353149e-03
-1.296584798892462143e+00,-3.320955001373563364e-01,6.059002925544157425e-02,-1.739642598927145234e-01,2.371268060283788365e-02,-5.226285051927082211e-03
-1.294229359513711541e+00,-3.268014354869679394e-01,6.092125605441615216e-02,-1.734116216586252812e-01,2.490581608208047165e-02,-5.136554924800116467e-03
-1.291836300485539324e+00,-3.215928775590121136e-01,6.120901597982721098e-02,-1.728353310561437373e-01,2.608905813535094403e-02,-5.046577392602322187e-03
-1.289405000595496897e+00,-3.164705510546003131e-01,6.145361194367611468e-02,-1.722352022898878399e-01,2.726212411462254279e-02,-4.956360918741320801e-03
-1.286934832722219646e+00,-3.114351640359239726e-01,6.165534321213872460e-02,-1.716110525318879088e-01,2.842473343922836612e-02,-4.865913715477168319e-03
-1.284425163981504303e+00,-3.064874077258930574e-01,6.181450520438203089e-02,-1.709627021781427447e-01,2.957660782955312539e-02,-4.775243736233314093e-03
-1.281875355869044331e+00,-3.016279563140577546e-01,6.193138929119013786e-02,-1.702899751059495093e-01,3.071747155215874200e-02,-4.684358667833611774e-03
-1.279284764399772456e+00,-2.968574667692860936e-01,6.200628259404622478e-02,-1.695926989322404099e-01,3.184705167558234823e-02,-4.593265922704009574e-03
-1.276652740243740869e+00,-2.921765786596330905e-01,6.203946778535380374e-02,-1.688707052731820146e-01,3.296507833606653060e-02,-4.501972631076419339e-03
-1.273978628858462470e+00,-2.875859139797997122e-01,6.203122289051250099e-02,-1.681238300053113643e-01,3.407128501250444169e-02,-4.410485633231073059e-03
-1.271261770617625242e+00,-2.830860769865375381e-01,6.198182109258988659e-02,-1.673519135285030934e-01,3.516540880990635248e-02,-4.318811471812564369e-03
-1.268501500936083159e+00,-2.786776540423147597e-01,6.189153054035304025e-02,-1.665548010310768379e-01,3.624719075071936719e-02,-4.226956384253670145e-03
-1.265697150391016823e+00,-2.743612134675146308e-01,6.176061416044120039e-02,-1.657323427573699770e-01,3.731637607335730467e-02,-4.134926295340003895e-03
-1.262848044839153472e+00,-2.701373054013941344e-01,6.158932947447498529e-02,-1.648843942781125504e-01,3.837271453732384735e-02,-4.042726809947597665e-03
-1.259953505529928242e+00,-2.660064616719856057e-01,6.137792842190827741e-02,-1.640108167639533765e-01,3.941596073433779185e-02,-3.950363205984612318e-03
-1.257012849214464101e+00,-2.619691956750799799e-01,6.112665718943655763e-02,-1.631114772624953357e-01,4.044587440489479102e-02,-3.857840427567593277e-03
-1.254025388250242568e+00,-2.580260022623835914e-01,6.083575604778067303e-02,-1.621862489792058881e-01,4.146222075972517268e-02,-3.765163078462026129e-03
-1.250990430701339085e+00,-2.541773576388973166e-01,6.050545919666794337e-02,-1.612350115625749147e-01,4.246477080563155343e-02,-3.672335415816342392e-03
-1.247907280434090271e+00,-2.504237192695221159e-01,6.013599461883362834e-02,-1.602576513938968883e-01,4.345330167521341269e-02,-3.579361344218126312e-03
-1.244775237208064711e+00,-2.467655257948502268e-01,5.972758394386549347e-02,-1.592540618820573461e-01,4.442759696000784381e-02,-3.486244410100911451e-03
-1.241593596762205820e+00,-2.432031969560591866e-01,5.928044232271265090e-02,-1.582241437637046666e-01,4.538744704659634921e-02,-3.392987796529806609e-03
-1.238361650896021127e+00,-2.397371335287833138e-01,5.879477831367746488e-02,-1.571678054091883436e-01,4.633264945524683681e-02,-3.299594318394098724e-03
-1.235078687545692278e+00,-2.363677172657960568e-01,5.827079378070649379e-02,-1.560849631346433730e-01,4.726300918067730117e-02,-3.206066418035081848e-03
-1.231743990854985871e+00,-2.330953108482969327e-01,5.770868380479284021e-02,-1.549755415205963938e-01,4.817833903454328548e-02,-3.112406161337547342e-03
-1.228356841240851205e+00,-2.299202578455579460e-01,5.710863660929922647e-02,-1.538394737374648158e-01,4.907845998926484155e-02,-3.018615234313712630e-03
-1.224916515453595700e+00,-2.268428826826469347e-01,5.647083350000733221e-02,-1.526767018783133645e-01,4.996320152282019561e-02,-2.924694940208829880e-03
-1.221422286631538290e+00,-2.238634906159097104e-01,5.579544882069594619e-02,-1.514871772992236465e-01,5.083240196414256368e-02,-2.830646197158281484e-03
-1.217873424350047307e+00,-2.209823677158581356e-01,5.508264992504761925e-02,-1.502708609676236540e-01,5.168590883876376940e-02,-2.736469536426673534e-03
-1.214269194664881368e+00,-2.181997808570785291e-01,5.433259716568084735e-02,-1.490277238189104680e-01,5.252357921435296673e-02,-2.642165101260232976e-03
-1.210608860149761101e+00,-2.155159777147433453e-01,5.354544390110307223e-02,-1.477577471216874327e-01,5.334528004580108007e-02,-2.547732646384706211e-03
-1.206891679928110861e+00,-2.129311867672790126e-01,5.272133652137803161e-02,-1.464609228519208328e-01,5.415088851950158877e-02,-2.453171538181952212e-03
-1.203116909698923376e+00,-2.104456173047148104e-01,5.186041449330015124e-02,-1.451372540763035957e-01,5.494029239647577750e-02,-2.358480755579476628e-03
-1.199283801756712231e+00,-2.080594594422106314e-01,5.096281042586800480e-02,-1.437867553450944413e-01,5.571339035398553685e-02,-2.263658891688286132e-03
-1.195391605005531988e+00,-2.057728841382362173e-01,5.002865015684857669e-02,-1.424094530946790893e-01,5.647009232526951222e-02,-2.168704156225622747e-03
-1.191439564967062159e+00,-2.035860432168501155e-01,4.905805286122431885e-02,-1.410053860600762876e-01,5.721031983702832419e-02,-2.073614378760369522e-03
-1.187426923782765709e+00,-2.014990693935049537e-01,4.805113118231485458e-02,-1.395746056975854799e-01,5.793400634427259971e-02,-1.978387012820151912e-03
-1.183352920210149151e+00,-1.995120763037835088e-01,4.700799138636558433e-02,-1.381171766177445859e-01,5.864109756213242014e-02,-1.883019140900440936e-03
-1.179216789613172445e+00,-1.976251585344508399e-01,4.592873354139512254e-02,-1.366331770287348146e-01,5.933155179421008979e-02,-1.787507480417199757e-03
-1.175017763946871518e+00,-1.958383916561884930e-01,4.481345172109290481e-02,-1.351226991903365926e-01,6.000534025703845031e-02,-1.691848390645866486e-03
-1.170755071736276909e+00,-1.941518322573601296e-01,4.366223423455701386e-02,-1.335858498785033877e-01,6.066244740018535836e-02,-1.596037880690656706e-03
-1.166427938049734214e+00,-1.925655179781400606e-01,4.247516388265974024e-02,-1.320227508605817945e-01,6.130287122152099089e-02,-1.500071618529310192e-03
-1.162035584466748261e+00,-1.910794675443222568e-01,4.125231824182477858e-02,-1.304335393811634491e-01,6.192662357713858701e-02,-1.403944941179473185e-03
-1.157577229040499311e+00,-1.896936808001114805e-01,3.999376997599434630e-02,-1.288183686585091803e-01,6.253373048539100088e-02,-1.307652866033882704e-03
-1.153052086255198727e+00,-1.884081387391854101e-01,3.869958717755703909e-02,-1.271774083914369302e-01,6.312423242447530447e-02,-1.211190103412375461e-03
-1.148459366978477059e+00,-1.872228035333030893e-01,3.736983373799732805e-02,-1.255108452765131000e-01,6.369818462296560069e-02,-1.114551070379468829e-03
-1.143798278409016822e+00,-1.861376185577227893e-01,3.600456974901442703e-02,-1.238188835353313116e-01,6.425565734266028284e-02,-1.017729905876835770e-03
-1.139068024019673997e+00,-1.851525084126807164e-01,3.460385193484227101e-02,-1.221017454516031275e-01,6.479673615307428303e-02,-9.207204872203788226e-04
-1.134267803496352034e+00,-1.842673789401709783e-01,3.316773411648214070e-02,-1.203596719177223023e-01,6.532152219686976347e-02,-8.235164480118100988e-04
-1.129396812672918138e+00,-1.834821172352558982e-01,3.169626770853518904e-02,-1.185929229903972815e-01,6.583013244547983311e-02,-7.261111975146152192e-04
-1.124454243462485348e+00,-1.827965916511261613e-01,3.018950224929294046e-02,-1.168017784548749521e-01,6.632269994413986236e-02,-6.284979415439987966e-04
-1.119439283785403694e+00,-1.822106517971194550e-01,2.864748596470945499e-02,-1.149865383972040467e-01,6.679937404549955715e-02,-5.306697049198774588e-04
-1.114351117494338128e+00,-1.817241285288971886e-01,2.707026636683861412e-02,-1.131475237839065784e-01,6.726032063094680713e-02,-4.326193555311442108e-04
-1.109188924296840462e+00,-1.813368339299691601e-01,2.545789088727324831e-02,-1.112850770483417712e-01,6.770572231873062119e-02,-3.343396300582773730e-04
-1.103951879675850956e+00,-1.810485612837462732e-01,2.381040754606952858e-02,-1.093995626829587786e-01,6.813577865792662391e-02,-2.358231613998788357e-04
-1.098639154808600971e+00,-1.808590850352934931e-01,2.212786565657888158e-02,-1.074913678365408826e-01,6.855070630724395542e-02,-1.370625078468557922e-04
-1.093249916484421158e+00,-1.807681607419451275e-01,2.041031656654091614e-02,-1.055609029154468692e-01,6.895073919762707837e-02,-3.805018404571364980e-05
-1.087783327021990765e+00,-1.807755250119365831e-01,1.865781443571339418e-02,-1.036086021877525715e-01,6.933612867756110132e-02,6.122130621024750871e-05
-1.082238544186607365e+00,-1.808808954301983629e-01,1.687041705022877119e-02,-1.016349243890888876e-01,6.970714363994362506e-02,1.607594353261576191e-04
-1.076614721108087203e+00,-1.810839704704495512e-01,1.504818667377094861e-02,-9.964035332886096719e-02,7.006407062934134899e-02,2.605716153551347635e-04
-1.070911006199950277e+00,-1.813844293927207307e-01,1.319119093555981038e-02,-9.762539849541694570e-02,7.040721392840536275e-02,3.606651595241598630e-04
-1.065126543080585408e+00,-1.817819321254286746e-01,1.129950375501469380e-02,-9.559059565861435792e-02,7.073689562217490290e-02,4.610472418128723710e-04
-1.059260470497131346e+00,-1.822761191311188800e-01,9.373206302840638229e-03,-9.353650746810668326e-02,7.105345563895723582e-02,5.617248545670146904e-04
-1.053311922252858857e+00,-1.828666112549850731e-01,7.412387998142635701e-03,-9.146372404554405089e-02,7.135725176642968015e-02,6.627047641339882519e-04
-1.047280027138884906e+00,-1.835530095552711516e-01,5.417147541022956231e-03,-8.937286356874765691e-02,7.164865964157053624e-02,7.639934645142845964e-04
-1.041163908871097998e+00,-1.843348951146553116e-01,3.387593979954619996e-03,-8.726457284578154061e-02,7.192807271298809479e-02,8.655971290294758652e-04
-1.034962686033230383e+00,-1.852118288317147476e-01,1.323847813050015292e-03,-8.513952787670388267e-02,7.219590217418163369e-02,9.675215600150225770e-04
-1.028675472027064552e+00,-1.861833511915672035e-01,-7.739578778425387079e-04,-8.299843440063676969e-02,7.245257686623646221e-02,1.069772136554366206e-03
-1.022301375030818749e+00,-1.872489820147870687e-01,-2.905676261479951238e-03,-8.084202842564677804e-02,7.269854314842573439e-02,1.172353760279669192e-03
-1.015839497966820604e+00,-1.884082201836957959e-01,-5.071145561479464478e-03,-7.867107673878034890e-02,7.293426473516666231e-02,1.275270799274157716e-03
-1.009288938479637965e+00,-1.896605433451329648e-01,-7.270187832186523688e-03,-7.648637739344760211e-02,7.316022249775773478e-02,1.378527030121310662e-03
-1.002648788925902146e+00,-1.910054075888220348e-01,-9.502607708088516361e-03,-7.428876017119737107e-02,7.337691422930692209e-02,1.482125578157145575e-03
-9.959181363771341111e-01,-1.924422471004573476e-01,-1.176819112895309029e-02,-7.207908701477462599e-02,7.358485437124999418e-02,1.586068855993600811e-03
-9.890960626369498243e-01,-1.939704737886549513e-01,-1.406670404312614607e-02,-6.985825242920104539e-02,7.378457369985257086e-02,1.690358500393466775e-03
-9.821816442741038156e-01,-1.955894768849303356e-01,-1.639789109169106571e-02,-6.762718384746990719e-02,7.397661897109060469e-02,1.794995307590529837e-03
-9.751739526729071850e-01,-1.972986225158926410e-01,-1.876147427646644369e-02,-6.538684195730026794e-02,7.416155252231225459e-02,1.899979167162526867e-03
-9.680720541026404113e-01,-1.990972532468758271e-01,-2.115715161510360251e-02,-6.313822098525168069e-02,7.433995182909967914e-02,2.005308994579149857e-03
-9.608750098076684898e-01,-2.009846875962664758e-01,-2.358459578683611002e-02,-6.088234893436306888e-02,7.451240901577366182e-02,2.110982662562722965e-03
-9.535818761200575144e-01,-2.029602195198333126e-01,-2.604345277273035705e-02,-5.862028777134664637e-02,7.467953031801716213e-02,2.216996931415221583e-03
-9.461917045965851925e-01,-2.050231178644172647e-01,-2.853334049458703878e-02,-5.635313355924340822e-02,7.484193549613692154e-02,2.323347378482018642e-03
-9.387035421821351422e-01,-2.071726257904041302e-01,-3.105384745694673987e-02,-5.408201653133110076e-02,7.500025719753602993e-02,2.430028326940132828e-03
-9.311164314015671906e-01,-2.094079601624746489e-01,-3.360453139695649544e-02,-5.180810110197037188e-02,7.515514026703523642e-02,2.537032774116685947e-03
-9.234294105822591359e-01,-2.117283109082102044e-01,-3.618491794715630178e-02,-4.953258580998226579e-02,7.530724100375811580e-02,2.644352319561792380e-03
-9.156415141096218013e-01,-2.141328403442284423e-01,-3.879449931654260081e-02,-4.725670319007153897e-02,7.545722636338522693e-02,2.751977093119134868e-03
-9.077517727179998941e-01,-2.166206824696305377e-01,-4.143273299555713662e-02,-4.498171956774783126e-02,7.560577310468620527e-02,2.859895683256877177e-03
-8.997592138194827616e-01,-2.191909422266648255e-01,-4.409904049093180123e-02,-4.270893477315199777e-02,7.575356687935740074e-02,2.968095065941406870e-03
-8.916628618732623801e-01,-2.218426947286474549e-01,-4.679280609658992979e-02,-4.043968176917045465e-02,7.590130126432631519e-02,3.076560534356441792e-03
-8.834617387982908188e-01,-2.245749844553342756e-01,-4.951337570705915264e-02,-3.817532618921777587e-02,7.604967673583416798e-02,3.185275629790295434e-03
-8.751548644321057724e-01,-2.273868244161064700e-01,-5.226005568008672275e-02,-3.591726578008968412e-02,7.619939958477485453e-02,3.294222074034416914e-03
-8.667412570388073334e-01,-2.302771952815212686e-01,-5.503211175536253802e-02,-3.366692974533676969e-02,7.635118077295303951e-02,3.403379703656595878e-03
-8.582199338692855228e-01,-2.332450444839826442e-01,-5.782876803644330238e-02,-3.142577798468600830e-02,7.650573473012732550e-02,3.512726406532311156e-03
-8.495899117769097897e-01,-2.362892852885143113e-01,-6.064920604313071145e-02,-2.919530022514510784e-02,7.666377809192617687e-02,3.622238061037466594e-03
-8.408502078920020439e-01,-2.394087958348612155e-01,-6.349256384168340539e-02,-2.697701503956511163e-02,7.682602837896568282e-02,3.731888478325061029e-03
-8.319998403585235902e-01,-2.426024181524127632e-01,-6.635793526033213763e-02,-2.477246874861262910e-02,7.699320261776010366e-02,3.841649348126923921e-03
-8.230378291365053611e-01,-2.458689571497282844e-01,-6.924436919761807474e-02,-2.258323420231603956e-02,7.716601590429775226e-02,3.951490188539471572e-03
-8.139631968738457735e-01,-2.492071795807547230e-01,-7.215086903107961747e-02,-2.041090943760193524e-02,7.734517991145745119e-02,4.061378300269134246e-03
-8.047749698511901251e-01,-2.526158129901571181e-01,-7.507639213377309551e-02,-1.825711620853108508e-02,7.753140134176438047e-02,4.171278725828570476e-03
-7.954721790036775042e-01,-2.560935446405360749e-01,-7.801984950601911772e-02,-1.612349838627856816e-02,7.772538032732810576e-02,4.281154214188758432e-03
-7.860538610234114598e-01,-2.596390204246799005e-01,-8.098010552962239816e-02,-1.401172022628212159e-02,7.792780877917054871e-02,4.390965191404245030e-03
-7.765190595465585321e-01,-2.632508437663945156e-01,-8.395597785160849313e-02,-1.192346450040715142e-02,7.813936868853653406e-02,4.500669737739043143e-03
-7.668668264290153802e-01,-2.669275745138701139e-01,-8.694623740426014880e-02,-9.860430492447428211e-03,7.836073038318407125e-02,4.610223571828568970e-03
-7.570962231146025623e-01,-2.706677278299761680e-01,-8.994960856791117676e-02,-7.824331855797504384e-03,7.859255074207516234e-02,4.719580042418340671e-03
-7.472063220997386956e-01,-2.744697730843292383e-01,-9.296476948256902906e-02,-5.816894332696901683e-03,7.883547137232833901e-02,4.828690128222608811e-03
-7.371962084985220764e-01,-2.783321327524433397e-01,-9.599035251398488344e-02,-3.839853335056707482e-03,7.909011675275216813e-02,4.937502446445331088e-03
-7.270649817120928837e-01,-2.822531813277535662e-01,-9.902494487927263056e-02,-1.894951387535997621e-03,7.935709234874968598e-02,5.045963270501638981e-03
-7.168117572060661580e-01,-2.862312442527921719e-01,-1.020670894365946352e-01,1.606456576269915497e-05,7.963698270386915246e-02,5.154016557469816816e-03
-7.064356683997087272e-01,-2.902645968762945783e-01,-1.051152856427839816e-01,1.891445988864324254e-03,7.993034951377035735e-02,5.261603985791515371e-03
-6.959358686703847052e-01,-2.943514634435117072e-01,-1.081679906820604831e-01,3.729445712857264606e-03,8.023772968887785129e-02,5.368665003721082365e-03
-6.853115334766004541e-01,-2.984900161275058084e-01,-1.112236207682235078e-01,5.528321022467419521e-03,8.055963341249897103e-02,5.475136889003223706e-03
-6.745618626027490849e-01,-3.026783741096996661e-01,-1.142805526218715895e-01,7.286336865682195227e-03,8.089654220169151255e-02,5.580954820231323783e-03
-6.636860825283726895e-01,-3.069146027184335157e-01,-1.173371251233100848e-01,9.001769180943247975e-03,8.124890697866998801e-02,5.686051960306398763e-03
-6.526834489244329740e-01,-3.111967126347505719e-01,-1.203916411408684634e-01,1.067290833550640222e-02,8.161714616103633857e-02,5.790359552378481628e-03
-6.415532492786978347e-01,-3.155226591750779908e-01,-1.234423695333637522e-01,1.229806266762449932e-02,8.200164377960506012e-02,5.893807028607978005e-03
-6.302948056519117603e-01,-3.198903416608859240e-01,-1.264875473244218285e-01,1.387556212424947456e-02,8.240274763306032479e-02,5.996322132033966336e-03
-6.189074775659171301e-01,-3.242976028857891824e-01,-1.295253820453113325e-01,1.540376198498029543e-02,8.282076748912657604e-02,6.097831051779295866e-03
-6.073906650243341421e-01,-3.287422286908943669e-01,-1.325540542418635337e-01,1.688104666201008242e-02,8.325597334234971503e-02,6.198258571758514558e-03
-5.957438116657740590e-01,-3.332219476594837082e-01,-1.355717201399532224e-01,1.830583356485641910e-02,8.370859373896619160e-02,6.297528232984013312e-03
-5.839664080488615738e-01,-3.377344309423581104e-01,-1.385765144629122481e-01,1.967657701770150064e-02,8.417881417967557067e-02,6.395562509488297506e-03
-5.720579950675769298e-01,-3.422772922253264349e-01,-1.415665533931457221e-01,2.099177221623182293e-02,8.466677561142173236e-02,6.492282997795917332e-03
-5.600181674945804433e-01,-3.468480878504204279e-01,-1.445399376691339222e-01,2.224995920995947660e-02,8.517257301952130266e-02,6.587610619787566575e-03
-5.478465776492666972e-01,-3.514443171024245194e-01,-1.474947558079401366e-01,2.344972689513818639e-02,8.569625413164816408e-02,6.681465838701213661e-03
-5.355429391863041344e-01,-3.560634226722305673e-01,-1.504290874423181434e-01,2.458971700256655166e-02,8.623781824528184425e-02,6.773768887911345467e-03
-5.231070309993459677e-01,-3.607027913083526993e-01,-1.533410067605335547e-01,2.566862806380831516e-02,8.679721519024849452e-02,6.864440012017769890e-03
-5.105387012334611230e-01,-3.653597546676572994e-01,-1.562285860360934364e-01,2.668521933866489435e-02,8.737434443791808336e-02,6.953399719660534155e-03
-4.978378713986173487e-01,-3.700315903759743841e-01,-1.590898992337277107e-01,2.763831468611891232e-02,8.796905436846320925e-02,7.040569047358085329e-03
-4.850045405752716476e-01,-3.747155233087489656e-01,-1.619230256771979903e-01,2.852680636043860435e-02,8.858114170732635240e-02,7.125869833542543101e-03
-4.720387897017758738e-01,-3.794087271012658302e-01,-1.647260537638329247e-01,2.934965871370192117e-02,8.921035114167803759e-02,7.209225001839938453e-03
-4.589407859319038496e-01,-3.841083258972254888e-01,-1.674970847101153737e-01,3.010591178567470841e-02,8.985637512717045694e-02,7.290558852515532928e-03
-4.457107870493536295e-01,-3.888113963435684273e-01,-1.702342363121838453e-01,3.079468476176869252e-02,9.051885389469596643e-02,7.369797360876138848e-03
-4.323491459245816237e-01,-3.935149698384321493e-01,-1.729356467047694912e-01,3.141517927972023450e-02,9.119737566614286028e-02,7.446868481294170034e-03
-4.188563149978014599e-01,-3.982160350379805314e-01,-1.755994781018745399e-01,3.196668256567740396e-02,9.189147708729737685e-02,7.521702455393391301e-03
-4.052328507704323624e-01,-4.029115406265727506e-01,-1.782239205024166162e-01,3.244857038056755266e-02,9.260064388507151245e-02,7.594232122815831529e-03
-3.914794182857332938e-01,-4.075983983533363331e-01,-1.808071953441207913e-01,3.286030975794568265e-02,9.332431175513707100e-02,7.664393232874718888e-03
-3.775967955778192220e-01,-4.122734863366847025e-01,-1.833475590891384122e-01,3.320146151499996090e-02,9.406186748482102400e-02,7.732124755291632998e-03
-3.635858780667418633e-01,-4.169336526366804740e-01,-1.858433067252111270e-01,3.347168251901797009e-02,9.481265031476668326e-02,7.797369188119188804e-03
-3.494476828758579234e-01,-4.215757190933942522e-01,-1.882927751666814697e-01,3.367072769239731062e-02,9.557595354139433730e-02,7.860072860865591551e-03
-3.351833530463075861e-01,-4.261964854275627212e-01,-1.906943465402710369e-01,3.379845174021708226e-02,9.635102636060986769e-02,7.920186230766311508e-03
-3.207941616221243186e-01,-4.307927335979174766e-01,-1.930464513413047700e-01,3.385481058547176736e-02,9.713707595151990781e-02,7.977664170093023630e-03
-3.062815155783054633e-01,-4.353612324075504803e-01,-1.953475714469447289e-01,3.383986249830237686e-02,9.793326979712642377e-02,8.032466242352681585e-03
-2.916469595631222544e-01,-4.398987423496228955e-01,-1.975962429740029391e-01,3.375376890693734117e-02,9.873873823710628550e-02,8.084556965212177232e-03
-2.768921794250612245e-01,-4.444020206806285067e-01,-1.997910589700210848e-01,3.359679487957060312e-02,9.955257724584729018e-02,8.133906057988006533e-03
-2.620190054940934599e-01,-4.488678267073081263e-01,-2.019306719275212325e-01,3.336930926804913822e-02,1.003738514269276599e-01,8.180488671567438461e-03
-2.470294155864881103e-01,-4.532929272712034607e-01,-2.040137961126358979e-01,3.307178450600588987e-02,1.012015972132113834e-01,8.224285598678876888e-03
-2.319255377021501863e-01,-4.576741024127571333e-01,-2.060392097007007484e-01,3.270479605594651951e-02,1.020348262597090688e-01,8.265283462505657042e-03
-2.167096523834902977e-01,-4.620081511948368469e-01,-2.080057567128249241e-01,3.226902150176527012e-02,1.028725290143436555e-01,8.303474881739792215e-03
-2.013841947051542569e-01,-4.662918976636077351e-01,-2.099123487489237549e-01,3.176523928521263890e-02,1.037136784497904030e-01,8.338858610300549021e-03
-1.859517558645682744e-01,-4.705221969228282619e-01,-2.117579665141919865e-01,3.119432708694950401e-02,1.045572339376553417e-01,8.371439650096968929e-03
-1.704150843442138463e-01,-4.746959412959224633e-01,-2.135416611374904849e-01,3.055725985498166167e-02,1.054021452444419554e-01,8.401229335392756611e-03
-1.547770866178479199e-01,-4.788100665486135221e-01,-2.152625552816019583e-01,2.985510748545718712e-02,1.062473566270622227e-01,8.428245387535412622e-03
-1.390408273745401546e-01,-4.828615581435153903e-01,-2.169198440467606515e-01,2.908903216300836453e-02,1.070918110041001597e-01,8.452511939037113051e-03
-1.232095292364153299e-01,-4.868474574968926216e-01,-2.185127956702618002e-01,2.826028537001007770e-02,1.079344541776626198e-01,8.474059526240819082e-03
-1.072865719483704072e-01,-4.907648682068392887e-01,-2.200407520262915306e-01,2.737020457628828660e-02,1.087742390794781966e-01,8.492925050068515433e-03
-9.127549102077273102e-02,-4.946109622214119317e-01,-2.215031289313722784e-01,2.642020962292549596e-02,1.096101300139562945e-01,8.509151704626348109e-03
-7.517997580923282963e-02,-4.983829859148022901e-01,-2.228994162619790109e-01,2.541179881585568789e-02,1.104411068702162296e-01,8.522788873730223480e-03
-5.900386701896405406e-02,-5.020782660394620400e-01,-2.242291778919353051e-01,2.434654474689946363e-02,1.112661692746613196e-01,8.533891995711247874e-03
-4.275115362496813287e-02,-5.056942155222139412e-01,-2.254920514581360558e-01,2.322608986174301560e-02,1.120843406555217109e-01,8.542522397158894623e-03
-2.642596920329351451e-02,-5.092283390727986303e-01,-2.266877479639577975e-01,2.205214179609437525e-02,1.128946721909345613e-01,8.548747096556823938e-03
-1.003258767286322600e-02,-5.126782385740312753e-01,-2.278160512304018837e-01,2.082646850284060325e-02,1.136962466125813059e-01,8.552638579057041460e-03
6.424581548178549817e-03,-5.160416182237657079e-01,-2.288768172055682393e-01,1.955089319446528390e-02,1.144881818376616844e-01,8.554274543918093457e-03
2.294099896304692063e-02,-5.193162894001898122e-01,-2.298699731434758475e-01,1.822728912625309200e-02,1.152696344030535863e-01,8.553737626397758809e-03
3.951200098056412841e-02,-5.225001752235903796e-01,-2.307955166635334288e-01,1.685757424689535156e-02,1.160398026768809099e-01,8.551115096135803936e-03
5.613280644506758732e-02,-5.255913147896180693e-01,-2.316535147021227536e-01,1.544370574400717212e-02,1.167979298243762148e-01,8.546498534283807763e-03
7.279852368924252803e-02,-5.285878670512379474e-01,-2.324441023677926155e-01,1.398767451276420291e-02,1.175433065068673816e-01,8.539983491833175872e-03
8.950415808249877203e-02,-5.314881143289386101e-01,-2.331674817114826048e-01,1.249149957635907297e-02,1.182752732949143848e-01,8.531669131755998878e-03
1.062446200430143955e-01,-5.342904654313799240e-01,-2.338239204230096180e-01,1.095722248725880185e-02,1.189932227790493485e-01,8.521657857703828290e-03
1.230147334772872386e-01,-5.369934583714436327e-01,-2.344137504647668124e-01,9.386901738312440277e-03,1.196966013641998783e-01,8.510054932104674230e-03
1.398092446070314521e-01,-5.395957626655911721e-01,-2.349373666532151017e-01,7.782607212611360355e-03,1.203849107366678217e-01,8.496968086557334793e-03
1.566228311395934936e-01,-5.420961812074869268e-01,-2.353952251983018606e-01,6.146414700643731618e-03,1.210577089954564117e-01,8.482507127443892486e-03
1.734501117347970189e-01,-5.444936517099806528e-01,-2.357878422104308647e-01,4.480400512711962997e-03,1.217146114427487269e-01,8.466783539666069072e-03
1.902856557183132957e-01,-5.467872477127191377e-01,-2.361157921840431606e-01,2.786636213801063980e-03,1.223552910313971676e-01,8.449910091359938424e-03
2.071239929893371745e-01,-5.489761791558367410e-01,-2.363797064662591929e-01,1.067183507102459393e-03,1.229794784703465427e-01,8.432000442357825976e-03
2.239596240685684803e-01,-5.510597925233203798e-01,-2.365802717183878856e-01,-6.759107087814822347e-04,1.235869619919382212e-01,8.413168759048312434e-03
2.407870302312854205e-01,-5.530375705627165184e-01,-2.367182283774367235e-01,-2.440619085293706768e-03,1.241775867879903184e-01,8.393529338137859994e-03
2.576006836696677071e-01,-5.549091315908077915e-01,-2.367943691240638471e-01,-4.224938349925669301e-03,1.247512541243773615e-01,8.373196241643971610e-03
2.743950576284986398e-01,-5.566742283977098582e-01,-2.368095373627064626e-01,-6.026893592365032207e-03,1.253079201465071291e-01,8.352282945253730259e-03
2.911646364589420832e-01,-5.583327467644796371e-01,-2.367646257189014725e-01,-7.844542292251283425e-03,1.258475943905766614e-01,8.330902001966873985e-03
3.079039255362470695e-01,-5.598847036117672316e-01,-2.366605745580896147e-01,-9.675978072009049774e-03,1.263703380177554625e-01,8.309164722713618945e-03
3.246074609889568752e-01,-5.613302447992571942e-01,-2.364983705294655680e-01,-1.151933416036059893e-02,1.268762617904647394e-01,8.287180875398317964e-03
3.412698191894612543e-01,-5.626696425976046578e-01,-2.362790451377042023e-01,-1.337278655435928873e-02,1.273655238116777888e-01,8.265058403575036711e-03
3.578856259584929367e-01,-5.639032928562701663e-01,-2.360036733446616852e-01,-1.523455687011643529e-02,1.278383270496408486e-01,8.242903165714316610e-03
3.744495654393851236e-01,-5.650317118920729076e-01,-2.356733722024183242e-01,-1.710291487479552799e-02,1.282949166715979528e-01,8.220818695775676185e-03
3.909563886015164358e-01,-5.660555331244176980e-01,-2.352892995183021030e-01,-1.897618069489872758e-02,1.287355772109895491e-01,8.198905985561314239e-03
4.074009213363250503e-01,-5.669755034839897290e-01,-2.348526525518092878e-01,-2.085272669834870723e-02,1.291606295931854997e-01,8.177263289096231916e-03
4.237780721134960515e-01,-5.677924796222663106e-01,-2.343646667426248220e-01,-2.273097905035015645e-02,1.295704280451111245e-01,8.155985949061535234e-03
4.400828391693593633e-01,-5.685074239494640747e-01,-2.338266144682467074e-01,-2.460941894547507072e-02,1.299653569141408505e-01,8.135166245103150548e-03
4.563103172041053091e-01,-5.691214005285362143e-01,-2.332398038290378062e-01,-2.648658352082802758e-02,1.303458274213802615e-01,8.114893263649825689e-03
4.724557035690631346e-01,-5.696355708525630002e-01,-2.326055774578775492e-01,-2.836106645748643837e-02,1.307122743739513593e-01,8.095252788703294344e-03
4.885143039299291168e-01,-5.700511895323641109e-01,-2.319253113509681663e-01,-3.023151827964937546e-02,1.310651528601575466e-01,8.076327212911139572e-03
5.044815373964087746e-01,-5.703695999204166922e-01,-2.312004137157789574e-01,-3.209664636304123547e-02,1.314049349504547992e-01,8.058195468099688119e-03
5.203529411131936344e-01,-5.705922296962040452e-01,-2.304323238315955369e-01,-3.395521466607845373e-02,1.317321064260211505e-01,8.040932974330587332e-03
5.361241743114701919e-01,-5.707205864369776505e-01,-2.296225109176911472e-01,-3.580604319909466704e-02,1.320471635554198719e-01,8.024611606450408191e-03
5.517910218242116915e-01,-5.707562531966088315e-01,-2.287724730037646315e-01,-3.764800724851107006e-02,1.323506099384206824e-01,8.009299677027372638e-03
5.673493970722867097e-01,-5.707008841137534150e-01,-2.278837357970035227e-01,-3.948003637421534234e-02,1.326429534345038297e-01,7.995061934512576185e-03
5.827953445319012937e-01,-5.705562000689923252e-01,-2.269578515399437446e-01,-4.130111319955841881e-02,1.329247031919490174e-01,7.981959575423885900e-03
5.981250416970413930e-01,-5.703239844089518229e-01,-2.259963978532136264e-01,-4.311027201428235811e-02,1.331963667917310523e-01,7.970050269328284726e-03
6.133348005533899583e-01,-5.700060787536865847e-01,-2.250009765572790477e-01,-4.490659721134579452e-02,1.334584475187313712e-01,7.959388195391525408e-03
6.284210685826339127e-01,-5.696043789018397918e-01,-2.239732124674504721e-01,-4.668922157901331249e-02,1.337114417710494330e-01,7.950024089271508568e-03
6.433804293181588640e-01,-5.691208308463102661e-01,-2.229147521566748058e-01,-4.845732446972196572e-02,1.339558366164851355e-01,7.942005299152322950e-03
6.582096024748451679e-01,-5.685574269113676804e-01,-2.218272626810109671e-01,-5.021012986713795784e-02,1.341921075035786282e-01,7.935375849748382490e-03
6.729054436770428582e-01,-5.679162020203929462e-01,-2.207124302631781609e-01,-5.194690437247898029e-02,1.344207161329575018e-01,7.930176513150862666e-03
6.874649438098265897e-01,-5.671992301016952620e-01,-2.195719589301582120e-01,-5.366695513061711664e-02,1.346421084931664902e-01,7.926444885440551980e-03
7.018852280193310644e-01,-5.664086206381840904e-01,-2.184075691015227583e-01,-5.536962771571125874e-02,1.348567130636550981e-01,7.924215468050881117e-03
7.161635543883666521e-01,-5.655465153650782728e-01,-2.172209961259266298e-01,-5.705430399516776135e-02,1.350649391861865611e-01,7.923519752930780619e-03
7.302973123136378142e-01,-5.646150851183149300e-01,-2.160139887640491474e-01,-5.872039998961751245e-02,1.352671756046136542e-01,7.924386310627950722e-03
7.442840206107581569e-01,-5.636165268349002666e-01,-2.147883076171573369e-01,-6.036736374535169036e-02,1.354637891717523079e-01,7.926840880487723631e-03
7.581213253729025547e-01,-5.625530607051241194e-01,-2.135457235013933086e-01,-6.199467323430501303e-02,1.356551237209762117e-01,7.930906462239628238e-03
7.718069976083932193e-01,-5.614269274753518335e-01,-2.122880157688336600e-01,-6.360183429524068899e-02,1.358414990991587135e-01,7.936603408321885392e-03
7.853389306817984972e-01,-5.602403858990097074e-01,-2.110169705773143056e-01,-6.518837862830370589e-02,1.360232103567030892e-01,7.943949516372120906e-03
7.987151375822691968e-01,-5.589957103324065812e-01,-2.097343791119421208e-01,-6.675386185359387381e-02,1.362005270896287090e-01,7.952960121389553161e-03
8.119337480418659103e-01,-5.576951884711729424e-01,-2.084420357621074027e-01,-6.829786164289340655e-02,1.363736929280173760e-01,7.963648187148696100e-03
8.249930055255697559e-01,-5.563411192223608470e-01,-2.071417362586539523e-01,-6.981997593218761122e-02,1.365429251645675635e-01,7.976024396516470660e-03
8.378912641135382033e-01,-5.549358107066281187e-01,-2.058352757766419849e-01,-7.131982122116334311e-02,1.367084145165514963e-01,7.990097240392492195e-03
8.506269852949881471e-01,-5.534815783844181381e-01,-2.045244470098406264e-01,-7.279703096447569244e-02,1.368703250141147243e-01,8.005873105055818367e-03
8.631987346918841286e-01,-5.519807432996514107e-01,-2.032110382237025670e-01,-7.425125405825494518e-02,1.370287940075947952e-01,8.023356357759758167e-03
8.756051787293823718e-01,-5.504356304341517792e-01,-2.018968312940932486e-01,-7.568215342409496948e-02,1.371839322863601940e-01,8.042549430469256994e-03
8.878450812687644911e-01,-5.488485671658334120e-01,-2.005835997394686265e-01,-7.708940469163159948e-02,1.373358243015717906e-01,8.063452901682427107e-03
8.999173002173818103e-01,-5.472218818235737858e-01,-1.992731067545107648e-01,-7.847269497979111885e-02,1.374845284852446725e-01,8.086065576318929998e-03
9.118207841289486248e-01,-5.455579023316784459e-01,-1.979671032534433828e-01,-7.983172177586897456e-02,1.376300776580268448e-01,8.110384563692993320e-03
9.235545688063629965e-01,-5.438589549369031717e-01,-1.966673259313556354e-01,-8.116619191079059437e-02,1.377724795182088680e-01,8.136405353617950226e-03
9.351177739181190107e-01,-5.421273630111269615e-01,-1.953754953518677673e-01,-8.247582062820621451e-02,1.379117172046246953e-01,8.164121890712522714e-03
9.465095996382970611e-01,-5.403654459229600970e-01,-1.940933140693785475e-01,-8.376033074448098470e-02,1.380477499262944829e-01,8.193526646996816820e-03
9.577293233190909971e-01,-5.385755179718129115e-01,-1.928224647939491831e-01,-8.501945189615420229e-02,1.381805136518866606e-01,8.224610692878508295e-03
9.687762962038514170e-01,-5.367598873782422064e-01,-1.915646086066056797e-01,-8.625291987105171421e-02,1.383099218523325957e-01,8.257363766637403069e-03
9.796499401876962443e-01,-5.349208553247180031e-01,-1.903213832324922028e-01,-8.746047601893944257e-02,1.384358662902080706e-01,8.291774342519809410e-03
9.903497446318647590e-01,-5.330607150413125828e-01,-1.890944013788855016e-01,-8.864186673739295197e-02,1.385582178497935524e-01,8.327829697553553248e-03
1.000875263237166690e+00,-5.311817509311951291e-01,-1.878852491445995865e-01,-8.979684302842393107e-02,1.386768274020374059e-01,8.365515977190382882e-03
1.011226110981106263e+00,-5.292862377312165245e-01,-1.866954845067733681e-01,-9.092516012133752823e-02,1.387915266989664109e-01,8.404818259875520073e-03
1.021401961122542446e+00,-5.273764397032780771e-01,-1.855266358904559543e-01,-9.202657715729117838e-02,1.389021292924123296e-01,8.445720620634760908e-03
1.031402542277073842e+00,-5.254546098525970654e-01,-1.843802008257896252e-01,-9.310085693107326976e-02,1.390084314722485337e-01,8.488206193758169107e-03
1.041227635565715737e+00,-5.235229891693982118e-01,-1.832576446969523265e-01,-9.414776568571449344e-02,1.391102132196540553e-01,8.532257234646716676e-03
1.050877071838861809e+00,-5.215838058909745278e-01,-1.821603995863637360e-01,-9.516707295567655711e-02,1.392072391712394497e-01,8.577855180874437505e-03
1.060350728976990231e+00,-5.196392747814660984e-01,-1.810898632169926359e-01,-9.615855145452625874e-02,1.392992595901799691e-01,8.624980712504375785e-03
1.069648529269090487e+00,-5.176915964270989434e-01,-1.800473979949355208e-01,-9.712197700319073757e-02,1.393860113408023627e-01,8.673613811682084548e-03
1.078770436869334270e+00,-5.157429565450057929e-01,-1.790343301537725695e-01,-9.805712849509616580e-02,1.394672188633619969e-01,8.723733821516059181e-03
1.087716455332111032e+00,-5.137955253041095460e-01,-1.780519490015550765e-01,-9.896378789471192705e-02,1.395425951460263214e-01,8.775319504240507162e-03
1.096486625225174150e+00,-5.118514566568926893e-01,-1.771015062706440824e-01,-9.984174026625133869e-02,1.396118426913458277e-01,8.828349098642652298e-03
1.105081021820308207e+00,-5.099128876811941380e-01,-1.761842155700057977e-01,-1.006907738295125532e-01,1.396746544747477781e-01,8.882800376724356295e-03
1.113499752860621195e+00,-5.079819379314710615e-01,-1.753012519389836599e-01,-1.015106800400776971e-01,1.397307148928265408e-01,8.938650699556547480e-03
1.121742956403296354e+00,-5.060607087992329278e-01,-1.744537515010098905e-01,-1.023012536913199405e-01,1.397797006994312696e-01,8.995877072274876401e-03
1.129810798736388122e+00,-5.041512828826026915e-01,-1.736428112151960357e-01,-1.030622930358951889e-01,1.398212819277639685e-01,9.054456198156153601e-03
1.137703472368033486e+00,-5.022557233651799846e-01,-1.728694887232541944e-01,-1.037935999246160090e-01,1.398551227969010713e-01,9.114364531707672482e-03
1.145421194086252870e+00,-5.003760734045743508e-01,-1.721348022887508877e-01,-1.044949799608166918e-01,1.398808826013380191e-01,9.175578330695481621e-03
1.152964203087351036e+00,-4.985143555311474239e-01,-1.714397308252838537e-01,-1.051662426685209678e-01,1.398982165823318691e-01,9.238073707032883053e-03
1.160332759170774608e+00,-4.966725710576462838e-01,-1.707852140098011506e-01,-1.058072016729156711e-01,1.399067767799789253e-01,9.301826676447149181e-03
1.167527140998161350e+00,-4.948526995005278484e-01,-1.701721524769506111e-01,-1.064176748918133630e-01,1.399062128651176740e-01,9.366813206840374564e-03
1.174547644414205116e+00,-4.930566980138720301e-01,-1.696014080900573318e-01,-1.069974847369566662e-01,1.398961729502870288e-01,9.433009265259612031e-03
1.181394580826871543e+00,-4.912865008368518804e-01,-1.690738042840751465e-01,-1.075464583241735189e-01,1.398763043791033944e-01,9.500390863391794741e-03
1.188068275644423410e+00,-4.895440187557796308e-01,-1.685901264756465845e-01,-1.080644276915381646e-01,1.398462544935408780e-01,9.568934101500460240e-03
1.194569066766656196e+00,-4.878311385817790669e-01,-1.681511225352321504e-01,-1.085512300248269307e-01,1.398056713787140803e-01,9.638615210723672569e-03
1.200897303127698157e+00,-4.861497226451426679e-01,-1.677575033161317064e-01,-1.090067078896805181e-01,1.397542045848682302e-01,9.709410593655952437e-03
1.207053343287696645e+00,-4.845016083074259461e-01,-1.674099432351198180e-01,-1.094307094699971256e-01,1.396915058263807352e-01,9.781296863141041367e-03
1.213037554070689472e+00,-4.828886074923065541e-01,-1.671090808993473398e-01,-1.098230888121825982e-01,1.396172296576698169e-01,9.854250879207160363e-03
1.218850309245948615e+00,-4.813125062361964801e-01,-1.668555197741252438e-01,-1.101837060749766284e-01,1.395310341259919096e-01,9.928249784081692036e-03
1.224491988250084651e+00,-4.797750642595411397e-01,-1.666498288861988641e-01,-1.105124277846575021e-01,1.394325814011900533e-01,1.000327103522798480e-02
1.229962974947203413e+00,-4.782780145596742805e-01,-1.664925435571413537e-01,-1.108091270955032237e-01,1.393215383825296139e-01,1.007929243635308572e-02
1.235263656424424372e+00,-4.768230630260203440e-01,-1.663841661615396150e-01,-1.110736840554542304e-01,1.391975772828291935e-01,1.015629216634149866e-02
1.240394421820088189e+00,-4.754118880783489431e-01,-1.663251669047156045e-01,-1.113059858769832461e-01,1.390603761901584579e-01,1.023424880607656969e-02
1.245355661182015572e+00,-4.740461403286916342e-01,-1.663159846148149767e-01,-1.115059272132315205e-01,1.389096196074381673e-01,1.031314136311758944e-02
1.250147764353204627e+00,-4.727274422674295762e-01,-1.663570275442033397e-01,-1.116734104395183391e-01,1.387449989703341269e-01,1.039294929420716586e-02
1.254771119882400754e+00,-4.714573879739518136e-01,-1.664486741752359000e-01,-1.118083459403727969e-01,1.385662131438916145e-01,1.047365252558985979e-02
1.259226113957010229e+00,-4.702375428521733958e-01,-1.665912740256056401e-01,-1.119106524022737692e-01,1.383729688984078332e-01,1.055523147112916345e-02
1.263513129355878561e+00,-4.690694433910855832e-01,-1.667851484486275460e-01,-1.119802571123167112e-01,1.381649813650876468e-01,1.063766704821593294e-02
1.267632544419504903e+00,-4.679545969503924874e-01,-1.670305914239792744e-01,-1.120170962630535200e-01,1.379419744720725982e-01,1.072094069146700690e-02
1.271584732035314413e+00,-4.668944815711697505e-01,-1.673278703345906782e-01,-1.120211152637765328e-01,1.377036813614754274e-01,1.080503436421806698e-02
1.275370058635669324e+00,-4.658905458113590803e-01,-1.676772267255531301e-01,-1.119922690585378605e-01,1.374498447880914132e-01,1.088993056781973993e-02
1.278988883206354288e+00,-4.649442086057939960e-01,-1.680788770411038580e-01,-1.119305224512126135e-01,1.371802175004946944e-01,1.097561234875049814e-02
1.282441556303332009e+00,-4.640568591503314577e-01,-1.685330133359292937e-01,-1.118358504379289575e-01,1.368945626052613662e-01,1.106206330356400078e-02
1.285728419075625739e+00,-4.632298568095473135e-01,-1.690398039572218458e-01,-1.117082385471983574e-01,1.365926539150933705e-01,1.114926758169221266e-02
1.288849802292246105e+00,-4.624645310473372573e-01,-1.695993941941166816e-01,-1.115476831880881231e-01,1.362742762816451791e-01,1.123720988612885753e-02
1.291806025371144084e+00,-4.617621813796510821e-01,-1.702119068913281463e-01,-1.113541920067834534e-01,1.359392259138829939e-01,1.132587547202051730e-02
1.294597395408233043e+00,-4.611240773484789890e-01,-1.708774430239966002e-01,-1.111277842518888781e-01,1.355873106828293650e-01,1.141525014319500972e-02
1.297224206204588004e+00,-4.605514585160986329e-01,-1.715960822309468281e-01,-1.108684911488187624e-01,1.352183504135684444e-01,1.150532024665856454e-02
1.299686737289995397e+00,-4.600455344784904477e-01,-1.723678833037472768e-01,-1.105763562836239444e-01,1.348321771654057977e-01,1.159607266509474384e-02
1.301985252941087357e+00,-4.596074848967250381e-01,-1.731928846291437840e-01,-1.102514359965955371e-01,1.344286355010941847e-01,1.168749480739910557e-02
1.304120001192364153e+00,-4.592384595450308971e-01,-1.740711045826235093e-01,-1.098937997859787269e-01,1.340075827460505686e-01,1.177957459728424215e-02
1.306091212838469851e+00,-4.589395783741562207e-01,-1.750025418710426661e-01,-1.095035307221176452e-01,1.335688892385021032e-01,1.187230045999012988e-02
1.307899100426154648e+00,-4.587119315885473947e-01,-1.759871758224253180e-01,-1.090807258723382467e-01,1.331124385715080627e-01,1.196566130713465348e-02
1.309543857234417574e+00,-4.585565797357810114e-01,-1.770249666212110606e-01,-1.086254967368577573e-01,1.326381278278126186e-01,1.205964651973884770e-02
1.311025656241396886e+00,-4.584745538066005710e-01,-1.781158554873949751e-01,-1.081379696959888226e-01,1.321458678084871385e-01,1.215424592946076632e-02
1.312344649076634173e+00,-4.584668553438284722e-01,-1.792597647981659104e-01,-1.076182864688814966e-01,1.316355832563248229e-01,1.224944979807103713e-02
1.313500964957411643e+00,-4.585344565583459042e-01,-1.804565981508069461e-01,-1.070666045840181352e-01,1.311072130749490749e-01,1.234524879520218152e-02
1.314494709607925804e+00,-4.586783004502556493e-01,-1.817062403657782876e-01,-1.064830978616441021e-01,1.305607105445960869e-01,1.244163397440251062e-02
1.315325964160131145e+00,-4.588993009332699713e-01,-1.830085574290540584e-01,-1.058679569082812549e-01,1.299960435355273225e-01,1.253859674752420654e-02
1.315994784035160459e+00,-4.591983429602921607e-01,-1.843633963729351677e-01,-1.052213896234305557e-01,1.294131947200210797e-01,1.263612885747379851e-02
1.316501197804296641e+00,-4.595762826480900287e-01,-1.857705850947079240e-01,-1.045436217185258254e-01,1.288121617838836608e-01,1.273422234935187719e-02
1.316845206028548709e+00,-4.600339473988881989e-01,-1.872299321126657257e-01,-1.038348972481510230e-01,1.281929576384097935e-01,1.283286954000755799e-02
1.317026780075960080e+00,-4.605721360166377676e-01,-1.887412262591571521e-01,-1.030954791534794968e-01,1.275556106337086826e-01,1.293206298603193256e-02
1.317045860915858624e+00,-4.611916188156504059e-01,-1.903042363104702206e-01,-1.023256498178344714e-01,1.269001647742977190e-01,1.303179545021357008e-02
1.316902357889341513e+00,-4.618931377192156962e-01,-1.919187105535114513e-01,-1.015257116342059146e-01,1.262266799378482240e-01,1.313205986647815286e-02
1.316596147455374899e+00,-4.626774063457489428e-01,-1.935843762893874886e-01,-1.006959875844890967e-01,1.255352320979489789e-01,1.323284930333352982e-02
1.316127071911983970e+00,-4.635451100799450330e-01,-1.953009392741502370e-01,-9.983682183013516120e-02,1.248259135517327534e-01,1.333415692584095924e-02
1.315494938092105937e+00,-4.644969061263405918e-01,-1.970680830971231756e-01,-9.894858031382314234e-02,1.240988331531875516e-01,1.343597595613306092e-02
1.314699516033784432e+00,-4.655334235426131229e-01,-1.988854684973881959e-01,-9.803165137167602072e-02,1.233541165529510319e-01,1.353829963249910534e-02
1.313740537624495719e+00,-4.666552632498660036e-01,-2.007527326191802242e-01,-9.708644635545103652e-02,1.225919064453594026e-01,1.364112116705879819e-02
1.312617695219521652e+00,-4.678629980170720404e-01,-2.026694882071107262e-01,-9.611340026403492054e-02,1.218123628234946132e-01,1.374443370204661216e-02
1.311330640234409373e+00,-4.691571724167626911e-01,-2.046353227423242660e-01,-9.511297238347049543e-02,1.210156632429441187e-01,1.384823026473018873e-02
1.309878981711705137e+00,-4.705383027489678516e-01,-2.066497975208835824e-01,-9.408564693462874440e-02,1.202020030949556839e-01,1.395250372098819774e-02
1.308262284862298452e+00,-4.720068769303210621e-01,-2.087124466758803198e-01,-9.303193372752302515e-02,1.193715958896373330e-01,1.405724672757560807e-02
1.306480069581881231e+00,-4.735633543451545635e-01,-2.108227761449812110e-01,-9.195236882113769217e-02,1.185246735498172305e-01,1.416245168310739481e-02
1.304531808943210081e+00,-4.752081656553138189e-01,-2.129802625853435549e-01,-9.084751518751210675e-02,1.176614867161416972e-01,1.426811067779540886e-02
1.302416927665052349e+00,-4.769417125653234169e-01,-2.151843522380732787e-01,-8.971796337868399862e-02,1.167823050639515831e-01,1.437421544197765161e-02
1.300134800558920389e+00,-4.787643675394354092e-01,-2.174344597446486727e-01,-8.856433219495189746e-02,1.158874176324360683e-01,1.448075729348428410e-02
1.297684750954927635e+00,-4.806764734669871086e-01,-2.197299669180011183e-01,-8.738726935276629193e-02,1.149771331665207785e-01,1.458772708389056982e-02
1.295066049108364759e+00,-4.826783432723898981e-01,-2.220702214712257927e-01,-8.618745215040231333e-02,1.140517804719022033e-01,1.469511514371369017e-02
1.292277910588871537e+00,-4.847702594659606956e-01,-2.244545357071945912e-01,-8.496558812940427363e-02,1.131117087835923629e-01,1.480291122661782713e-02
1.289319494654396436e+00,-4.869524736316980240e-01,-2.268821851726593730e-01,-8.372241572962331457e-02,1.121572881482881812e-01,1.491110445270022074e-02
1.286189902612469904e+00,-4.892252058479930055e-01,-2.293524072807680558e-01,-8.245870493549550817e-02,1.111889098208257015e-01,1.501968325094018251e-02
1.282888176171689709e+00,-4.915886440371537436e-01,-2.318643999062676708e-01,-8.117525791102758737e-02,1.102069866749226801e-01,1.512863530090298447e-02
1.279413295786725691e+00,-4.940429432395087583e-01,-2.344173199580401323e-01,-7.987290962077314704e-02,1.092119536283517600e-01,1.523794747380167666e-02
1.275764179000592913e+00,-4.965882248077469474e-01,-2.370102819340058065e-01,-7.855252843389265438e-02,1.082042680826208608e-01,1.534760577303161469e-02
1.271939678788429173e+00,-4.992245755170425792e-01,-2.396423564638392179e-01,-7.721501670819728991e-02,1.071844103771660561e-01,1.545759527430536941e-02
1.267938581907542828e+00,-5.019520465864110159e-01,-2.423125688453688920e-01,-7.586131135088028388e-02,1.061528842579857607e-01,1.556790006552928769e-02
1.263759607259075990e+00,-5.047706526066433330e-01,-2.450198975809803337e-01,-7.449238435243940581e-02,1.051102173605609480e-01,1.567850318657762129e-02
1.259401404267261659e+00,-5.076803703700771830e-01,-2.477632729208058548e-01,-7.310924329009327316e-02,1.040569617068147074e-01,1.578938656913553631e-02
1.254862551282937444e+00,-5.106811375973805411e-01,-2.505415754199679101e-01,-7.171293179679126550e-02,1.029936942157640561e-01,1.590053097679859292e-02
1.250141554018731060e+00,-5.137728515564551346e-01,-2.533536345176419236e-01,-7.030452999171428463e-02,1.019210172274066240e-01,1.601191594563336484e-02
1.245236844024143030e+00,-5.169553675685127914e-01,-2.561982271462194816e-01,-6.888515486796169263e-02,1.008395590392628938e-01,1.612351972542164225e-02
1.240146777209637508e+00,-5.202284973963363646e-01,-2.590740763793829560e-01,-6.745596063291998956e-02,9.974997445486009917e-02,1.623531922182915727e-02
1.234869632429807185e+00,-5.235920075097216797e-01,-2.619798501284427150e-01,-6.601813899661268525e-02,9.865294534329445419e-02,1.634728993975870237e-02
1.229403610136713176e+00,-5.270456172230995051e-01,-2.649141598968418054e-01,-6.457291940313926448e-02,9.754918120884281674e-02,1.645940592816705697e-02
1.223746831115623435e+00,-5.305889967003685204e-01,-2.678755596032913466e-01,-6.312156920012620964e-02,9.643941976941045047e-02,1.657163972664489615e-02
1.217897335316574292e+00,-5.342217648220335402e-01,-2.708625444845655372e-01,-6.166539374093627651e-02,9.532442754239708882e-02,1.668396231407873187e-02
1.211853080796481130e+00,-5.379434869098397298e-01,-2.738735500895504993e-01,-6.020573641421538696e-02,9.420500043633497911e-02,1.679634305973395567e-02
1.205611942787920610e+00,-5.417536723042315483e-01,-2.769069513767055124e-01,-5.874397859520179982e-02,9.308196434639932904e-02,1.690874967711756410e-02
1.199171712912198151e+00,-5.456517717901490094e-01,-2.799610619276521883e-01,-5.728153951308188885e-02,9.195617575160912327e-02,1.702114818099840707e-02
1.192530098555914853e+00,-5.496371748669048873e-01,-2.830341332901526452e-01,-5.581987602855296299e-02,9.082852231122262587e-02,1.713350284798103793e-02
1.185684722431954219e+00,-5.537092068581789261e-01,-2.861243544642645409e-01,-5.436048231564892530e-02,8.969992345748327434e-02,1.724577618104648769e-02
1.178633122347616746e+00,-5.578671258585169435e-01,-2.892298515459671426e-01,-5.290488944180207070e-02,8.857133098148521622e-02,1.735792887848891519e-02
1.171372751204557972e+00,-5.621101195131449346e-01,-2.923486875430243992e-01,-5.145466484005628560e-02,8.744372960849976228e-02,1.746991980769081743e-02
1.163900977257209091e+00,-5.664373016284102169e-01,-2.954788623782867996e-01,-5.001141166731731813e-02,8.631813755863039506e-02,1.758170598419065214e-02
1.156215084658498649e+00,-5.708477086107440757e-01,-2.986183130960212706e-01,-4.857676804252723801e-02,8.519560708814241656e-02,1.769324255650506911e-02
1.148312274323930682e+00,-5.753402957327219402e-01,-3.017649142871887125e-01,-4.715240615868668272e-02,8.407722500623827921e-02,1.780448279717244259e-02
1.140189665147407494e+00,-5.799139332255720536e-01,-3.049164787498515605e-01,-4.574003126272389169e-02,8.296411316141938386e-02,1.791537810048479326e-02
1.131844295604606865e+00,-5.845674021983801039e-01,-3.080707584010772826e-01,-4.434138049732718606e-02,8.185742889088487573e-02,1.802587798737046582e-02
1.123273125782217052e+00,-5.892993903852441484e-01,-3.112254454567930928e-01,-4.295822159902261406e-02,8.075836542566494636e-02,1.813593011787925299e-02
1.114473039873889570e+00,-5.941084877227771344e-01,-3.143781738960329530e-01,-4.159235144699482273e-02,7.966815224336856738e-02,1.824548031170442758e-02
1.105440849186361874e+00,-5.989931817616368503e-01,-3.175265212258772674e-01,-4.024559445742147828e-02,7.858805535953888866e-02,1.835447257715100075e-02
1.096173295701806660e+00,-6.039518529171928884e-01,-3.206680105631102840e-01,-3.891980081842486699e-02,7.751937754765546307e-02,1.846284914892585768e-02
1.086667056245060659e+00,-6.089827695660368079e-01,-3.238001130481842349e-01,-3.761684456114376685e-02,7.646345847679744678e-02,1.857055053508175832e-02
1.076918747306918833e+00,-6.140840829968030601e-01,-3.269202506064693425e-01,-3.633862146289893597e-02,7.542167475488946449e-02,1.867751557339284232e-02
1.066924930577124231e+00,-6.192538222257167879e-01,-3.300257990709588030e-01,-3.508704677897278579e-02,7.439543986429159039e-02,1.878368149737274714e-02
1.056682119242976947e+00,-6.244898886894207912e-01,-3.331140916795701790e-01,-3.386405280015246377e-02,7.338620397527360895e-02,1.888898401206673058e-02
1.046186785111571593e+00,-6.297900508299731914e-01,-3.361824229589127633e-01,-3.267158623390181704e-02,7.239545362163572750e-02,1.899335737965525406e-02
1.035435366615486741e+00,-6.351519385894519587e-01,-3.392280530048504827e-01,-3.151160540783629754e-02,7.142471122141312578e-02,1.909673451479713957e-02
1.024424277763202662e+00,-6.405730378343666986e-01,-3.422482121683582679e-01,-3.038607729508118610e-02,7.047553442424205061e-02,1.919904708951478134e-02
1.013149918096538871e+00,-6.460506847330602653e-01,-3.452401061530173121e-01,-2.929697436210202191e-02,6.954951526558608710e-02,1.930022564728114259e-02
1.001608683717871262e+00,-6.515820601124884259e-01,-3.482009215279989189e-01,-2.824627124071149228e-02,6.864827910664210442e-02,1.940019972580786511e-02
9.897969794497047946e-01,-6.571641838241985001e-01,-3.511278316575190406e-01,-2.723594122718226568e-02,6.777348333739074970e-02,1.949889798785563524e-02
9.777112321882128754e-01,-6.627939091529780891e-01,-3.540180030444826098e-01,-2.626795261273348614e-02,6.692681581895511267e-02,1.959624835919185001e-02
9.653479055104805528e-01,-6.684679173055119161e-01,-3.568686020823567118e-01,-2.534426485111064553e-02,6.610999304021732137e-02,1.969217817260751971e-02
9.527035155922597420e-01,-6.741827120204523238e-01,-3.596768022051919922e-01,-2.446682457054484214e-02,6.532475796255887701e-02,1.978661431667643258e-02
9.397746484889040186e-01,-6.799346143455614611e-01,-3.624397914211383021e-01,-2.363756143905514431e-02,6.457287752568093009e-02,1.987948338769679468e-02
9.265579788266407046e-01,-6.857197576319958854e-01,-3.651547802097619422e-01,-2.285838389384299216e-02,6.385613978678132685e-02,1.997071184300180935e-02
9.130502899442886067e-01,-6.915340828003448959e-01,-3.678190097579651652e-01,-2.213117474741256238e-02,6.317635066497560847e-02,2.006022615356495634e-02
8.992484955167722172e-01,-6.973733339376629869e-01,-3.704297605033354257e-01,-2.145778668502542133e-02,6.253533026281618556e-02,2.014795295356278798e-02
8.851496626811510282e-01,-7.032330542894035252e-01,-3.729843609473327826e-01,-2.084003767014650649e-02,6.193490873716221007e-02,2.023381918429974224e-02
8.707510366732096330e-01,-7.091085827148007059e-01,-3.754801966938817737e-01,-2.027970627664299474e-02,6.137692169256095398e-02,2.031775222965287800e-02
8.560500669677959529e-01,-7.149950506787956517e-01,-3.779147196617159143e-01,-1.977852696863304643e-02,6.086320507180498218e-02,2.039968003996935411e-02
8.410444348989156715e-01,-7.208873798579624737e-01,-3.802854574112877195e-01,-1.933818535101844427e-02,6.039558952051539420e-02,2.047953124115629853e-02
8.257320827159941867e-01,-7.267802804419729590e-01,-3.825900225192861437e-01,-1.896031341583721483e-02,5.997589420556011242e-02,2.055723522555396449e-02
8.101112440106308377e-01,-7.326682502158249344e-01,-3.848261219258989341e-01,-1.864648481159713114e-02,5.960592007093641620e-02,2.063272222109237275e-02
7.941804754235788355e-01,-7.385455745112209369e-01,-3.869915661720474409e-01,-1.839821016464858114e-02,5.928744251951345579e-02,2.070592333521414224e-02
7.779386895146275238e-01,-7.444063271179856001e-01,-3.890842784360586948e-01,-1.821693248336950580e-02,5.902220351482163896e-02,2.077677057011817485e-02
7.613851886486466825e-01,-7.502443722480907073e-01,-3.911023032718048964e-01,-1.810402267740195137e-02,5.881190310395675858e-02,2.084519680605666572e-02
7.445196997194706290e-01,-7.560533676455535312e-01,-3.930438149434417605e-01,-1.806077522533018620e-02,5.865819037068752129e-02,2.091113574971879829e-02
7.273424094998336420e-01,-7.618267689350107785e-01,-3.949071252457524994e-01,-1.808840402494859417e-02,5.856265383704276767e-02,2.097452184517430152e-02
7.098540003706055312e-01,-7.675578352999646858e-01,-3.966906906940098065e-01,-1.818803846055504561e-02,5.852681134200839880e-02,2.103529014544379752e-02
6.920556861466192755e-01,-7.732396365783660297e-01,-3.983931189634927761e-01,-1.836071972144075193e-02,5.855209943744960066e-02,2.109337614352249993e-02
6.739492476800486020e-01,-7.788650618581554053e-01,-4.000131744566355341e-01,-1.860739740485033156e-02,5.863986235391604324e-02,2.114871556261802010e-02
6.555370678863280398e-01,-7.844268296484653291e-01,-4.015497828755534293e-01,-1.892892643507921788e-02,5.879134060246597737e-02,2.120124410647521510e-02
6.368221658028755394e-01,-7.899174996932200044e-01,-4.030020346796984732e-01,-1.932606432799055182e-02,5.900765929288712131e-02,2.125089717194833874e-02
6.178082292583534363e-01,-7.953294864827443744e-01,-4.043691873129462988e-01,-1.979946882701340977e-02,5.928981626347053224e-02,2.129760952743267252e-02
5.984996457009778004e-01,-8.006550745055841523e-01,-4.056506660917849616e-01,-2.034969593258911802e-02,5.963867013252307364e-02,2.134131496236484418e-02
5.789015307096174734e-01,-8.058864352670188635e-01,-4.068460636567051703e-01,-2.097719834204521405e-02,6.005492839674021061e-02,2.138194591471329759e-02
5.590197536923389166e-01,-8.110156460826835056e-01,-4.079551379025687652e-01,-2.168232431100872853e-02,6.053913571600417348e-02,2.141943308516753089e-02
5.388609602648880559e-01,-8.160347106353893487e-01,-4.089778083207645243e-01,-2.246531694076627644e-02,6.109166253767023269e-02,2.145370504854484869e-02
5.184325907975828596e-01,-8.209355812607599390e-01,-4.099141507063789880e-01,-2.332631388852131685e-02,6.171269422546231398e-02,2.148468787470349597e-02
4.977428946243648844e-01,-8.257101829028945517e-01,-4.107643902073202513e-01,-2.426534748941426220e-02,6.240222086819212366e-02,2.151230477290847279e-02
4.768009394233468923e-01,-8.303504386552276184e-01,-4.115288927191341206e-01,-2.528234527062946449e-02,6.316002795110338408e-02,2.153647577505937369e-02
4.556166153049454604e-01,-8.348482967744509375e-01,-4.122081546588008960e-01,-2.637713082913048512e-02,6.398568807718835183e-02,2.155711747437122350e-02
4.342006331821862131e-01,-8.391957590272759449e-01,-4.128027911826080421e-01,-2.754942503580153773e-02,6.487855392681815547e-02,2.157414283690984105e-02
4.125645170483224766e-01,-8.433849102014874255e-01,-4.133135229466372573e-01,-2.879884752032773471e-02,6.583775264101474067e-02,2.158746110373473831e-02
3.907205898494547913e-01,-8.474079485847992865e-01,-4.137411615427121214e-01,-3.012491838335105629e-02,6.686218180629023566e-02,2.159697780121442798e-02
3.686819527139323371e-01,-8.512572171881659377e-01,-4.140865937769333538e-01,-3.152706007564456958e-02,6.795050720691518664e-02,2.160259487628175129e-02
3.464624573850914047e-01,-8.549252354651488695e-01,-4.143507649911818413e-01,-3.300459937861414256e-02,6.910116249360453988e-02,2.160421097194006185e-02
3.240766717980370082e-01,-8.584047312564472287e-01,-4.145346616591293332e-01,-3.455676941671388669e-02,7.031235089593511345e-02,2.160172185618609852e-02
3.015398388429783028e-01,-8.616886726695186516e-01,-4.146392935162447335e-01,-3.618271163067117435e-02,7.158204907950385665e-02,2.159502101468240357e-02
2.788678284649632189e-01,-8.647702995880550692e-01,-4.146656755069230149e-01,-3.788147764103184933e-02,7.290801321825532422e-02,2.158400041402203443e-02
2.560770833602671881e-01,-8.676431544955918174e-01,-4.146148098501482027e-01,-3.965203093466266454e-02,7.428778731808088898e-02,2.156855143834612853e-02
2.331845586404329707e-01,-8.703011122922683640e-01,-4.144876685370872393e-01,-4.149324831260331470e-02,7.571871379042949268e-02,2.154856599749926938e-02
2.102076559431342029e-01,-8.727384087841643101e-01,-4.142851765789204443e-01,-4.340392104606118073e-02,7.719794623513487331e-02,2.152393779996975010e-02
1.871641525716567500e-01,-8.749496675309869076e-01,-4.140081963204672588e-01,-4.538275569828780637e-02,7.872246435095660300e-02,2.149456377872106805e-02
1.640721263389338658e-01,-8.769299247503099526e-01,-4.136575131244321635e-01,-4.742837458334830947e-02,8.028909085154910252e-02,2.146034565285900170e-02
1.409498768749642139e-01,-8.786746519949865109e-01,-4.132338227123161234e-01,-4.953931584805036648e-02,8.189451022487161114e-02,2.142119160309137807e-02
1.178158442256123373e-01,-8.801797763445491363e-01,-4.127377204214465745e-01,-5.171403318008443994e-02,8.353528913660045185e-02,2.137701803432592862e-02
9.468852562415357166e-02,-8.814416978809183068e-01,-4.121696926037022868e-01,-5.395089516318635897e-02,8.520789824403679491e-02,2.132775139471104753e-02
7.158639135287878097e-02,-8.824573042529781919e-01,-4.115301103511602165e-01,-5.624818431823529891e-02,8.690873515736396993e-02,2.127333001713399563e-02
4.852780062957438856e-02,-8.832239821727801976e-01,-4.108192256881316173e-01,-5.860409588696159633e-02,8.863414826081686404e-02,2.121370594680468957e-02
2.553091845228836962e-02,-8.837396257274275913e-01,-4.100371703191651451e-01,-6.101673643165744787e-02,9.038046108812693158e-02,2.114884671718925829e-02
2.613634315641436695e-03,-8.840026414341033423e-01,-4.091839569700166379e-01,-6.348412233927264170e-02,9.214399693504453370e-02,2.107873703629281961e-02
-2.020651632620032445e-02,-8.840119500101923933e-01,-4.082594833048568961e-01,-6.600417833089912423e-02,9.392110338713519080e-02,2.100338034615620644e-02
-4.291242702960541833e-02,-8.837669848749916124e-01,-4.072635383496871486e-01,-6.857473608734708515e-02,9.570817644348307562e-02,2.092280022040910945e-02
-6.548749101404996442e-02,-8.832676874430456238e-01,-4.061958113006023940e-01,-7.119353310784624911e-02,9.750168392626423763e-02,2.083704156774804014e-02
-8.791566682905735397e-02,-8.825144993107469915e-01,-4.050559025476282438e-01,-7.385821192155755943e-02,9.929818788200175939e-02,2.074617161317369313e-02
-1.101815384600287051e-01,-8.815083514766025585e-01,-4.038433367016648345e-01,-7.656631977038831638e-02,1.010943657021125125e-01,2.065028063358417126e-02
-1.322703693976765571e-01,-8.802506507707315020e-01,-4.025575773746906116e-01,-7.931530887656150497e-02,1.028870297173573589e-01,2.054948242970361036e-02
-1.541681503007366894e-01,-8.787432637000952562e-01,-4.011980434326822276e-01,-8.210253739964239184e-02,1.046731450521346946e-01,2.044391452213655674e-02
-1.758616399886271664e-01,-8.769884979421797011e-01,-3.997641264173006359e-01,-8.492527117556444849e-02,1.064498455592391840e-01,2.033373806537287429e-02
-1.973383996071277902e-01,-8.749890817410266308e-01,-3.982552088166259607e-01,-8.778068631503996300e-02,1.082144476927185822e-01,2.021913747962271121e-02
-2.185868199135362899e-01,-8.727481414754684197e-01,-3.966706828571754939e-01,-9.066587272111423235e-02,1.099644622147626649e-01,2.010031980624159276e-02
-2.395961417259638015e-01,-8.702691776801239065e-01,-3.950099694889527835e-01,-9.357783856612467144e-02,1.116976036711413989e-01,1.997751379803558436e-02
-2.603564696726099470e-01,-8.675560398052765132e-01,-3.932725372419675347e-01,-9.651351574761291019e-02,1.134117976076205181e-01,1.985096876076302905e-02
-2.808587794595087672e-01,-8.646129000023909938e-01,-3.914579206459602445e-01,-9.946976632147458419e-02,1.151051855361617804e-01,1.972095316654929459e-02
-3.010949189482138855e-01,-8.614442262180722620e-01,-3.895657379242434826e-01,-1.024433898894812761e-01,1.167761276938078657e-01,1.958775306361208376e-02
-3.210576033974210652e-01,-8.580547548711291439e-01,-3.875957076967868620e-01,-1.054311318978937984e-01,1.184232036683320055e-01,1.945167030959914570e-02
-3.407404052741607181e-01,-8.544494633755526092e-01,-3.855476644560180133e-01,-1.084296927847710201e-01,1.200452109925064514e-01,1.931302065794027883e-02
-3.601377390808288559e-01,-8.506335427571719565e-01,-3.834215726103276101e-01,-1.114357378962535089e-01,1.216411618328555599e-01,1.917213172791544865e-02
-3.792448416741281414e-01,-8.466123705940449273e-01,-3.812175389240072820e-01,-1.144459080769636983e-01,1.232102779187860264e-01,1.902934088967035003e-02
-3.980577485713901464e-01,-8.423914844908282351e-01,-3.789358232173813956e-01,-1.174568308270183548e-01,1.247519838739330339e-01,1.888499309522285660e-02
-4.165732667493782237e-01,-8.379765562759967645e-01,-3.765768472263478772e-01,-1.204651319081968125e-01,1.262658991234444916e-01,1.873943868566876891e-02
-4.347889444413244320e-01,-8.333733670883592959e-01,-3.741412015556168646e-01,-1.234674472746542656e-01,1.277518285588686853e-01,1.859303120339668436e-02
-4.527030384305584243e-01,-8.285877834963457644e-01,-3.716296506939183453e-01,-1.264604351992279774e-01,1.292097521465183085e-01,1.844612523625110273e-02
-4.703144793246424316e-01,-8.236257347704694087e-01,-3.690431360917248993e-01,-1.294407884647837403e-01,1.306398136659322196e-01,1.829907431833544679e-02
