0.000000000000000000e+00,0.000000000000000000e+00,0.000000000000000000e+00,0.000000000000000000e+00,0.000000000000000000e+00,0.000000000000000000e+00
-1.890442086878185734e-04,1.781243003396841776e-05,-5.580786489852862390e-04,4.812224518413667392e-04,-1.423668712567480339e-04,5.904376710995084149e-05
-5.655128079289784958e-04,1.803274382056150267e-05,-1.563548395932291835e-03,1.330669223164295889e-03,-4.142372522064188605e-04,1.459363718907980977e-04
-1.127816048498085774e-03,-2.671077636482336806e-05,-2.930201528618379438e-03,2.459035198219014593e-03,-8.037795487949793123e-04,2.586445017022819719e-04
-1.874386533897324375e-03,-1.375135408587039839e-04,-4.590947154699031099e-03,3.797583916349995224e-03,-1.300092399695989285e-03,3.897796697590007924e-04
-2.803673323800924457e-03,-3.306147688507156943e-04,-6.493449183036541748e-03,5.292884016735921980e-03,-1.893114975746723432e-03,5.351697122498448762e-04
-3.914138342354961386e-03,-6.184813452070164448e-04,-8.596804239909534504e-03,6.903485043392991460e-03,-2.573548756532248460e-03,6.911907216082882610e-04
-5.204253765860571840e-03,-1.010651105681554000e-03,-1.086895540085579086e-02,8.597147919528775467e-03,-3.332787982982427909e-03,8.551534171360802242e-04
-6.672500087789336176e-03,-1.514384639707247373e-03,-1.328469385680933201e-02,1.034875468967427076e-02,-4.162857519772229439e-03,1.024955759547053862e-03
-8.317364594422362728e-03,-2.135170255549397218e-03,-1.582411080679870310e-02,1.213867831760663714e-02,-5.056357014099279942e-03,1.198984358139723334e-03
-1.013734014149417391e-02,-2.877114928164194001e-03,-1.847139906676200163e-02,1.395152592860227601e-02,-6.006410552596071553e-03,1.375993252870531640e-03
-1.213092416915324302e-02,-3.743247088735916512e-03,-2.121392500035129691e-02,1.577516650616912416e-02,-7.006621168273199397e-03,1.555021953477938278e-03
-1.429661792523896982e-02,-4.735751145291998768e-03,-2.404150975676609334e-02,1.759997992693207447e-02,-8.051029668390458777e-03,1.735328926070066075e-03
-1.663292587983234566e-02,-5.856149156500617750e-03,-2.694587249161573342e-02,1.941827695527712297e-02,-9.134077335073285953e-03,1.916340987085485498e-03
-1.913835531986939759e-02,-7.105441583945333595e-03,-2.992019898229146546e-02,2.122385160708877005e-02,-1.025057211222837883e-02,2.097613975015239027e-03
-2.181141611415781528e-02,-8.484216353208971773e-03,-3.295880731949306364e-02,2.301163591071460346e-02,-1.139565794015330244e-02,2.278802426880510018e-03
-2.465062063899261385e-02,-9.992733366190309149e-03,-3.605688876571122581e-02,2.477743389865373624e-02,-1.256478693803893612e-02,2.459636152745089000e-03
-2.765448385378417237e-02,-1.163098999235725843e-02,-3.921030682823239272e-02,2.651771689567444107e-02,-1.375369416689624369e-02,2.639902168197835394e-03
-3.082152351527045822e-02,-1.339877181710099480e-02,-4.241544143035257119e-02,2.822946622779328243e-02,-1.495837473303491399e-02,2.819430768463099517e-03
-3.415026051821511144e-02,-1.529569195861268591e-02,-4.566906803255262742e-02,2.991005261508637020e-02,-1.617506301617124137e-02,2.998084808943669247e-03
-3.763921935007065456e-02,-1.732122151671420390e-02,-4.896826385192719344e-02,3.155714394062623246e-02,-1.740021382728475924e-02,3.175751466704858448e-03
-4.128692864690689662e-02,-1.947471313836751650e-02,-5.231033510496897743e-02,3.316863496739256428e-02,-1.863048531998926297e-02,3.352335921873843445e-03
-4.509192183793406250e-02,-2.175541923686516443e-02,-5.569276057343597319e-02,3.474259402926964391e-02,-1.986272349580633576e-02,3.527756524679313832e-03
-4.905273786614274684e-02,-2.416250605533581258e-02,-5.911314785642055036e-02,3.627722284731151048e-02,-2.109394815861124692e-02,3.701941112101685399e-03
-5.316792197289599980e-02,-2.669506449725354835e-02,-6.256919949429147476e-02,3.777082649278615950e-02,-2.232134018688461050e-02,3.874824214092001742e-03
-5.743602653470598896e-02,-2.935211843937239259e-02,-6.605868678636984959e-02,3.922179119171737005e-02,-2.354223000443066149e-02,4.046344948123894829e-03
-6.185561194087935144e-02,-3.213263108218655795e-02,-6.957942961619091593e-02,4.062856818632572947e-02,-2.475408714106613547e-02,4.216445446337369063e-03
-6.642524750119901955e-02,-3.503550976901578795e-02,-7.312928097862343713e-02,4.198966227144466240e-02,-2.595451078457254937e-02,4.385069694728662738e-03
-7.114351237331008326e-02,-3.805960960891065920e-02,-7.670611519721957927e-02,4.330362393536409116e-02,-2.714122123405120213e-02,4.552162691065488043e-03
-7.600899649998064944e-02,-4.120373616440184406e-02,-8.030781904748902911e-02,4.456904427530489210e-02,-2.831205217282265971e-02,4.717669849265182340e-03
-8.102030154690849362e-02,-4.446664740775671532e-02,-8.393228517745489337e-02,4.578455204384639793e-02,-2.946494368625696830e-02,4.881536594260295174e-03
-8.617604183223510905e-02,-4.784705510504605463e-02,-8.757740735255442610e-02,4.694881232649446290e-02,-3.059793595648401324e-02,5.043708103972208492e-03
-9.147484523940691004e-02,-5.134362575301582021e-02,-9.124107715675118524e-02,4.806052646176506293e-02,-3.170916357188282436e-02,5.204129164754246750e-03
-9.691535410548773877e-02,-5.495498116722230542e-02,-9.492118186262964163e-02,4.911843290107867355e-02,-3.279685039464504126e-02,5.362744114198242026e-03
-1.024962260774762712e-01,-5.867969879935946292e-02,-9.861560324567414382e-02,5.012130877214695385e-02,-3.385930493460499735e-02,5.519496851022988662e-03
-1.082161349296162506e-01,-6.251631184581896150e-02,-1.023222171660823632e-01,5.106797196082162038e-02,-3.489491618197547440e-02,5.674330896266620815e-03
-1.140737713351074045e-01,-6.646330919721959996e-02,-1.060388937785781971e-01,5.195728356599858128e-02,-3.590214985566780870e-02,5.827189493487082775e-03
-1.200678435860300930e-01,-7.051913526910623398e-02,-1.097634982592816666e-01,5.278815061278403775e-02,-3.687954502754647867e-02,5.978015738367313189e-03
-1.261970782556894044e-01,-7.468218974661601506e-02,-1.134938919607083319e-01,5.355952893278904253e-02,-3.782571108630738282e-02,6.126752730203585164e-03
-1.324602207979636292e-01,-7.895082727015281798e-02,-1.172279339229127804e-01,5.427042613871434218e-02,-3.873932500770721488e-02,6.273343739365357802e-03
-1.388560360786100234e-01,-8.332335708461915957e-02,-1.209634826818256487e-01,5.491990463454988342e-02,-3.961912890063776227e-02,6.417732386060139363e-03
-1.453833088338372936e-01,-8.779804267123693384e-02,-1.246983983258614093e-01,5.550708461369450314e-02,-4.046392780105966674e-02,6.559862826700160222e-03
-1.520408440518016546e-01,-9.237310137821638789e-02,-1.284305447595947280e-01,5.603114700583849972e-02,-4.127258768810924267e-02,6.699679944913229310e-03
-1.588274672730195236e-01,-9.704670406433174579e-02,-1.321577921392554089e-01,5.649133634011480054e-02,-4.204403369879029101e-02,6.837129544817572950e-03
-1.657420248060200718e-01,-1.018169747676961057e-01,-1.358780194493948712e-01,5.688696349725479856e-02,-4.277724851958101399e-02,6.972158544628077881e-03
-1.727833838548805956e-01,-1.066819904105932720e-01,-1.395891171936526343e-01,5.721740832762282902e-02,-4.347127093504089129e-02,7.104715169008770682e-03
-1.799504325556026130e-01,-1.116397805500389528e-01,-1.432889901753525430e-01,5.748212211531372046e-02,-4.412519451511109220e-02,7.234749138856573329e-03
-1.872420799185936235e-01,-1.166883271827459378e-01,-1.469755603458742510e-01,5.768062987118294238e-02,-4.473816642427831669e-02,7.362211857411975202e-03
-1.946572556748216443e-01,-1.218255646123104913e-01,-1.506467697005296758e-01,5.781253243989671609e-02,-4.530938633713021274e-02,7.487056591756986908e-03
-2.021949100235069241e-01,-1.270493793856821707e-01,-1.543005832031366376e-01,5.787750840796054841e-02,-4.583810544608214743e-02,7.609238648890247897e-03
-2.098540132795081448e-01,-1.323576103053004938e-01,-1.579349917217142962e-01,5.787531580130159115e-02,-4.632362554821158745e-02,7.728715545671455654e-03
-2.176335554188500443e-01,-1.377480485226573459e-01,-1.615480149587923131e-01,5.780579356241462990e-02,-4.676529819920738351e-02,7.845447172008860465e-03
-2.255325455211266428e-01,-1.432184377184574919e-01,-1.651377043607790973e-01,5.766886279838634444e-02,-4.716252392343583955e-02,7.959395946729199561e-03
-2.335500111077986052e-01,-1.487664743739914586e-01,-1.687021459917139865e-01,5.746452779232971014e-02,-4.751475147005171373e-02,8.070526965622999704e-03
-2.416849973756877989e-01,-1.543898081377944320e-01,-1.722394633575576040e-01,5.719287677191921271e-02,-4.782147710594726597e-02,8.178808141202477747e-03
-2.499365663252554604e-01,-1.600860422911381253e-01,-1.757478201679816276e-01,5.685408242984125310e-02,-4.808224393714276984e-02,8.284210333746764784e-03
-2.583037957835333520e-01,-1.658527343153849143e-01,-1.792254230234107959e-01,5.644840219207757082e-02,-4.829664125098288158e-02,8.386707473241477445e-03
-2.667857783218633982e-01,-1.716873965637225607e-01,-1.826705240158612298e-01,5.597617823103487322e-02,-4.846430387222024072e-02,8.486276671848267186e-03
-2.753816200688856686e-01,-1.775874970392931351e-01,-1.860814232329141005e-01,5.543783722162709537e-02,-4.858491152674457303e-02,8.582898326565970709e-03
-2.840904394195059024e-01,-1.835504602812303709e-01,-1.894564711549663327e-01,5.483388983951257428e-02,-4.865818820735658828e-02,8.676556211769197863e-03
-2.929113656408629529e-01,-1.895736683596269123e-01,-1.927940709367101657e-01,5.416493000178776440e-02,-4.868390153659386127e-02,8.767237561333386664e-03
-3.018435373766141794e-01,-1.956544619799668872e-01,-1.960926805646129867e-01,5.343163385154240524e-02,-4.866186212219351243e-02,8.854933140078073001e-03
-3.108861010511548839e-01,-2.017901416970824535e-01,-1.993508148829936655e-01,5.263475848878537700e-02,-4.859192290132623854e-02,8.939637304282812766e-03
-3.200382091756922565e-01,-2.079779692382256739e-01,-2.025670474821194833e-01,5.177514045135390985e-02,-4.847397847025967238e-02,9.021348051053323241e-03
-3.292990185584047658e-01,-2.142151689343925747e-01,-2.057400124425772248e-01,5.085369395051641400e-02,-4.830796439660748481e-02,9.100067056339190136e-03
-3.386676884212294070e-01,-2.204989292585948224e-01,-2.088684059309963703e-01,4.987140886706708381e-02,-4.809385651179572813e-02,9.175799701429336597e-03
-3.481433784261432351e-01,-2.268264044693490689e-01,-2.119509876430201167e-01,4.882934851478287069e-02,-4.783167018182975933e-02,9.248555087777493924e-03
-3.577252466141264686e-01,-2.331947163572461457e-01,-2.149865820902254199e-01,4.772864717916555644e-02,-4.752145955487474538e-02,9.318346040037409073e-03
-3.674124472603289004e-01,-2.396009560920727421e-01,-2.179740797284842602e-01,4.657050744041693613e-02,-4.716331678457023197e-02,9.385189097216650039e-03
-3.772041286492973100e-01,-2.460421861675901600e-01,-2.209124379260294091e-01,4.535619729058863736e-02,-4.675737122838516391e-02,9.449104491888720564e-03
-3.870994307744609064e-01,-2.525154424407271003e-01,-2.238006817702355711e-01,4.408704705580278327e-02,-4.630378862068328799e-02,9.510116117435922847e-03
-3.970974829664209449e-01,-2.590177362616208900e-01,-2.266379047128506685e-01,4.276444613535105438e-02,-4.580277022051110203e-02,9.568251483330059842e-03
-4.071974014549390453e-01,-2.655460566906394093e-01,-2.294232690541044284e-01,4.138983957034070987e-02,-4.525455193444016116e-02,9.623541658494686943e-03
-4.173982868698739024e-01,-2.720973727982426427e-01,-2.321560062667844815e-01,3.996472445536213697e-02,-4.465940341509322398e-02,9.676021202831269069e-03
-4.276992216866704055e-01,-2.786686360432897858e-01,-2.348354171619988495e-01,3.849064620739783144e-02,-4.401762713625879259e-02,9.725728087032136163e-03
-4.380992676223658955e-01,-2.852567827251743515e-01,-2.374608718989377476e-01,3.696919470687224513e-02,-4.332955744575112123e-02,9.772703600845634303e-03
-4.485974629884327824e-01,-2.918587365049671867e-01,-2.400318098415058221e-01,3.540200032635144184e-02,-4.259555959740245201e-02,9.816992250003129389e-03
-4.591928200071362376e-01,-2.984714109905731161e-01,-2.425477392652166664e-01,3.379072986293638059e-02,-4.181602876378107819e-02,9.858641642063431521e-03
-4.698843220984382230e-01,-3.050917123807549980e-01,-2.450082369182250974e-01,3.213708239085004414e-02,-4.099138903141277129e-02,9.897702361477647703e-03
-4.806709211448288999e-01,-3.117165421627519639e-01,-2.474129474408188478e-01,3.044278505109333788e-02,-4.012209238044440324e-02,9.934227834226120810e-03
-4.915515347418104586e-01,-3.183427998581135898e-01,-2.497615826481009160e-01,2.870958879533470551e-02,-3.920861765082706701e-02,9.968274182428822974e-03
-5.025250434420927004e-01,-3.249673858112907543e-01,-2.520539206809665478e-01,2.693926410140136049e-02,-3.825146949721218437e-02,9.999900069380963583e-03
-5.135902880018846650e-01,-3.315872040154610456e-01,-2.542898050308156077e-01,2.513359667785381585e-02,-3.725117733484882565e-02,1.002916653551639593e-02
-5.247460666379779592e-01,-3.381991649700269442e-01,-2.564691434437443296e-01,2.329438317514920601e-02,-3.620829427884261070e-02,1.005613682585229478e-02
-5.359911323046150367e-01,-3.448001885642008602e-01,-2.585919067102308011e-01,2.142342692083114286e-02,-3.512339607918928130e-02,1.008087620951905912e-02
-5.473241899994134574e-01,-3.513872069810864418e-01,-2.606581273465639614e-01,1.952253369602489907e-02,-3.399708005402730937e-02,1.010345179202922807e-02
-5.587438941078775034e-01,-3.579571676166761196e-01,-2.626678981744754449e-01,1.759350757026654360e-02,-3.282996402356636728e-02,1.012393232098775762e-02
-5.702488457962625601e-01,-3.645070360082092176e-01,-2.646213708056111558e-01,1.563814681135396525e-02,-3.162268524714222095e-02,1.014238798599303645e-02
-5.818375904627699491e-01,-3.710337987663743786e-01,-2.665187540376279807e-01,1.365823988647799775e-02,-3.037589936582427846e-02,1.015889021352288368e-02
-5.935086152572307538e-01,-3.775344665058894544e-01,-2.683603121688287185e-01,1.165556157037484809e-02,-2.909027935296119166e-02,1.017351145764213392e-02
-6.052603466795871689e-01,-3.840060767690534060e-01,-2.701463632383432900e-01,9.631869175638914371e-03,-2.776651447499261377e-02,1.018632498740774071e-02
-6.170911482675983661e-01,-3.904456969369350938e-01,-2.718772771989422798e-01,7.588898919650826150e-03,-2.640530926478341575e-02,1.019740467188311531e-02
-6.289993183842775837e-01,-3.968504271229421621e-01,-2.735534740296169387e-01,5.528362441812260594e-03,-2.500738250965011886e-02,1.020682476370529841e-02
-6.409830881156065585e-01,-4.032174030435995427e-01,-2.751754217950912462e-01,3.451943483940498637e-03,-2.357346625615001565e-02,1.021465968217595034e-02
-6.530406192890743089e-01,-4.095437988614583080e-01,-2.767436346594356888e-01,1.361294745765942796e-03,-2.210430483359135390e-02,1.022098379686971377e-02
-6.651700026235393137e-01,-4.158268299951547453e-01,-2.782586708609367521e-01,-7.419650735005729530e-04,-2.060065389809960512e-02,1.022587121277074816e-02
-6.773692560208234292e-01,-4.220637558917377796e-01,-2.797211306553391008e-01,-2.856254037601929294e-03,-1.906327949894041918e-02,1.022939555795979172e-02
-6.896363230093024432e-01,-4.282518827564937292e-01,-2.811316542345151936e-01,-4.980029530835969331e-03,-1.749295716865563455e-02,1.023162977487962651e-02
-7.019690713495646550e-01,-4.343885662356005706e-01,-2.824909196275349754e-01,-7.111790603134496985e-03,-1.589047103841494460e-02,1.023264591620589269e-02
-7.143652918119627326e-01,-4.404712140470591342e-01,-2.837996405910015452e-01,-9.250080096120119610e-03,-1.425661297982358348e-02,1.023251494634262737e-02
-7.268226971355812305e-01,-4.464972885554601145e-01,-2.850585644953880227e-01,-1.139348654486838953e-02,-1.259218177425605774e-02,1.023130654954733203e-02
-7.393389211777824377e-01,-4.524643092862615790e-01,-2.862684702139570159e-01,-1.354064585136111054e-02,-1.089798231060839541e-02,1.022908894566864832e-02
-7.519115182630788929e-01,-4.583698553753666194e-01,-2.874301660206640130e-01,-1.569024272689879818e-02,-9.174824812177261035e-03,1.022592871445069176e-02
-7.645379627395990640e-01,-4.642115679499101977e-01,-2.885444875032416867e-01,-1.784101190203851717e-02,-7.423524093184336037e-03,1.022189062932161822e-02
-7.772156487508825595e-01,-4.699871524362793096e-01,-2.896122954974316710e-01,-1.999173910392949838e-02,-5.644898845269531208e-03,1.021703750154006468e-02
-7.899418902301390544e-01,-4.756943807915108846e-01,-2.906344740480746869e-01,-2.214126180222497631e-02,-3.839770954077673364e-03,1.021143003552176833e-02
-8.027139211234500804e-01,-4.813310936543294671e-01,-2.916119284024885627e-01,-2.428846972604550847e-02,-2.008964845861585871e-03,1.020512669610993718e-02
-8.155288958476742955e-01,-4.868952024122042976e-01,-2.925455830412582725e-01,-2.643230515574795242e-02,-1.533068638209758756e-04,1.019818358848717521e-02
-8.283838899880381357e-01,-4.923846911809261484e-01,-2.934363797512328231e-01,-2.857176299450598506e-02,1.726375326307125245e-03,1.019065435135396713e-02
-8.412759012395577551e-01,-4.977976186933193437e-01,-2.942852757451722701e-01,-3.070589062592300744e-02,3.629253302093007547e-03,1.018259006391957974e-02
-8.542018505955453200e-01,-5.031321200938251303e-01,-2.950932418321164374e-01,-3.283378756506724616e-02,5.554498422579868394e-03,1.017403916716578920e-02
-8.671585837855023682e-01,-5.083864086358090839e-01,-2.958612606421590074e-01,-3.495460491143199261e-02,7.501282339850269196e-03,1.016504739975302232e-02
-8.801428729637043036e-01,-5.135587772785641381e-01,-2.965903249089046900e-01,-3.706754461337230522e-02,9.468777485260145704e-03,1.015565774884268774e-02
-8.931514186487296003e-01,-5.186476001810987890e-01,-2.972814358124734047e-01,-3.917185855454318605e-02,1.145615753178414430e-02,1.014591041600938423e-02
-9.061808519130936102e-01,-5.236513340899195956e-01,-2.979356013854913554e-01,-4.126684747375557183e-02,1.346259783408097245e-02,1.013584279831335720e-02
-9.192277368210119981e-01,-5.285685196181383327e-01,-2.985538349840816119e-01,-4.335185973046571523e-02,1.548727584803765052e-02,1.012548948449761704e-02
-9.322885731111523189e-01,-5.333977824133554480e-01,-2.991371538254400386e-01,-4.542628992881464489e-02,1.752937153168437900e-02,1.011488226616676436e-02
-9.453597991200323181e-01,-5.381378342118983138e-01,-2.996865775931600306e-01,-4.748957741372916014e-02,1.958806772948466432e-02,1.010405016369669839e-02
-9.584377949405085140e-01,-5.427874737771212210e-01,-3.002031271110557897e-01,-4.954120465307956800e-02,2.166255054209570083e-02,1.009301946651718074e-02
-9.715188858085660462e-01,-5.473455877196095054e-01,-3.006878230858347489e-01,-5.158069552025684040e-02,2.375200968375969224e-02,1.008181378730377796e-02
-9.845993457103838775e-01,-5.518111511972682015e-01,-3.011416849185843403e-01,-5.360761349177982360e-02,2.585563882952543469e-02,1.007045412951326768e-02
-9.976754012004194205e-01,-5.561832284934281612e-01,-3.015657295846784214e-01,-5.562155977466987089e-02,2.797263595450946369e-02,1.005895896759820794e-02
-1.010743235420036967e+00,-5.604609734712541202e-01,-3.019609705813678380e-01,-5.762217137833469671e-02,3.010220366738600509e-02,1.004734433914339017e-02
-1.023798992305012812e+00,-5.646436299029142791e-01,-3.023284169420095702e-01,-5.960911914558718327e-02,3.224354954024356151e-02,1.003562394808015477e-02
-1.036838780969093099e+00,-5.687305316721447124e-01,-3.026690723156052476e-01,-6.158210575718993385e-02,3.439588643686351810e-02,1.002380927805544830e-02
-1.049858680249666776e+00,-5.727211028490398759e-01,-3.029839341100665218e-01,-6.354086372396776372e-02,3.655843284136186394e-02,1.001190971496173851e-02
-1.062854743400567958e+00,-5.766148576361095346e-01,-3.032739926974047928e-01,-6.548515338007258879e-02,3.873041318899068941e-02,9.999932677572459516e-03
-1.075823002916033833e+00,-5.804114001848672544e-01,-3.035402306788507754e-01,-6.741476089042584829e-02,4.091105820072195309e-02,9.987883755176389655e-03
-1.088759475468945581e+00,-5.841104242824594062e-01,-3.037836222077517356e-01,-6.932949628471145320e-02,4.309960522303493691e-02,9.975766851063671420e-03
-1.101660166945666264e+00,-5.877117129081058655e-01,-3.040051323679627271e-01,-7.122919152955518862e-02,4.529529857410289490e-02,9.963584330686761983e-03
-1.114521077559079920e+00,-5.912151376594039220e-01,-3.042057166053485640e-01,-7.311369864971661858e-02,4.749738989732663758e-02,9.951337173301632796e-03
-1.127338207020837313e+00,-5.946206580488455629e-01,-3.043863202099358900e-01,-7.498288790824667038e-02,4.970513852289736023e-02,9.939025125888184195e-03
-1.140107559753334554e+00,-5.979283206712180387e-01,-3.045478778462041847e-01,-7.683664605464027297e-02,5.191781183779147629e-02,9.926646858154164824e-03
-1.152825150121597808e+00,-6.011382582428916876e-01,-3.046913131289736287e-01,-7.867487464905051353e-02,5.413468566431103163e-02,9.914200117443575447e-03
-1.165487007665026997e+00,-6.042506885143520412e-01,-3.048175382423341517e-01,-8.049748846964106808e-02,5.635504464698942034e-02,9.901681882398391185e-03
-1.178089182308869720e+00,-6.072659130577009456e-01,-3.049274535990644242e-01,-8.230441400914785544e-02,5.857818264738796910e-02,9.889088514260815227e-03
-1.190627749535352553e+00,-6.101843159312300147e-01,-3.050219475380037126e-01,-8.409558806571219847e-02,6.080340314601968832e-02,9.876415904751682795e-03
-1.203098815494599849e+00,-6.130063622235597531e-01,-3.051018960568651628e-01,-8.587095643204536999e-02,6.303001965035653908e-02,9.863659619518174923e-03
-1.215498522035806328e+00,-6.157325964802353724e-01,-3.051681625780137130e-01,-8.763047268599988282e-02,6.525735610761110306e-02,9.850815036209924561e-03
-1.227823051639614471e+00,-6.183636410160696650e-01,-3.052215977447679807e-01,-8.937409708466498293e-02,6.748474732073615756e-02,9.837877476315828873e-03
-1.240068632233259693e+00,-6.209001941169236538e-01,-3.052630392458311470e-01,-9.110179556318087624e-02,6.971153936586108046e-02,9.824842329973486332e-03
-1.252231541870795661e+00,-6.233430281350127444e-01,-3.052933116654992229e-01,-9.281353883858635412e-02,7.193709000918514784e-02,9.811705173047987824e-03
-1.264308113261575883e+00,-6.256929874822138027e-01,-3.053132263573426486e-01,-9.450930161818368869e-02,7.416076912117801345e-02,9.798461875865705981e-03
-1.276294738131154682e+00,-6.279509865262247192e-01,-3.053235813391052544e-01,-9.618906191112788773e-02,7.638195908579939464e-02,9.785108703080693318e-03
-1.288187871399854245e+00,-6.301180073947894034e-01,-3.053251612066137377e-01,-9.785280044122963983e-02,7.860005520234510101e-02,9.771642404244966149e-03
-1.299984035165427487e+00,-6.321950976935386546e-01,-3.053187370645398802e-01,-9.950050015830505523e-02,8.081446607745575161e-02,9.758060294748533564e-03
-1.311679822477504143e+00,-6.341833681433152181e-01,-3.053050664719093588e-01,-1.011321458448132260e-01,8.302461400478949871e-02,9.744360326889068419e-03
-1.323271900892839303e+00,-6.360839901431392107e-01,-3.052848934003036252e-01,-1.027477238139951898e-01,8.522993532985960463e-02,9.730541150923996060e-03
-1.334757015801765867e+00,-6.378981932652253439e-01,-3.052589482027565637e-01,-1.043472216952665843e-01,8.742988079757181563e-02,9.716602166048117495e-03
-1.346131993517676539e+00,-6.396272626886906343e-01,-3.052279475914069784e-01,-1.059306283022191791e-01,8.962391588006425602e-02,9.702543561327164542e-03
-1.357393744122812329e+00,-6.412725365787753651e-01,-3.051925946220302444e-01,-1.074979335782538237e-01,9.181152108255094535e-02,9.688366346700874945e-03
-1.368539264065096628e+00,-6.428354034185511656e-01,-3.051535786836405695e-01,-1.090491286145962163e-01,9.399219222499875792e-02,9.674072374247612641e-03
-1.379565638502216363e+00,-6.443172993002000970e-01,-3.051115754914299760e-01,-1.105842057352358770e-01,9.616544069762233971e-02,9.659664349975687417e-03
-1.390470043390600097e+00,-6.457197051830163570e-01,-3.050672470813886594e-01,-1.121031586431741889e-01,9.833079368836065981e-02,9.645145836473734829e-03
-1.401249747318359162e+00,-6.470441441253115267e-01,-3.050212418050401442e-01,-1.136059826222676483e-01,1.004877943806977564e-01,9.630521246813437269e-03
-1.411902113082643684e+00,-6.482921784973925128e-01,-3.049741943228179708e-01,-1.150926747889019774e-01,1.026360021204076878e-01,9.615795830152158719e-03
-1.422424599013191626e+00,-6.494654071827259401e-01,-3.049267255947116229e-01,-1.165632343877307381e-01,1.047749925500332940e-01,9.600975649530482658e-03
-1.432814760045121982e+00,-6.505654627743125973e-01,-3.048794428669202583e-01,-1.180176631257526115e-01,1.069043577101496389e-01,9.586067552400127575e-03
-1.443070248545222256e+00,-6.515940087731659780e-01,-3.048329396533651647e-01,-1.194559655390817765e-01,1.090237061067101110e-01,9.571079134451083645e-03
-1.453188814897107939e+00,-6.525527367956209801e-01,-3.047877957110366465e-01,-1.208781493868823914e-01,1.111326627440232528e-01,9.556018697333324222e-03
-1.463168307851669070e+00,-6.534433637960028740e-01,-3.047445770082766736e-01,-1.222842260670867626e-01,1.132308691231592307e-01,9.540895200887961405e-03
-1.473006674650176651e+00,-6.542676293109526142e-01,-3.047038356852309060e-01,-1.236742110486936663e-01,1.153179832058317672e-01,9.525718210515732309e-03
-1.482701960928279661e+00,-6.550272927314503280e-01,-3.046661100058407068e-01,-1.250481243156454092e-01,1.173936793440416709e-01,9.510497840317174920e-03
-1.492252310409887706e+00,-6.557241306082918220e-01,-3.046319243008825950e-01,-1.264059908175060309e-01,1.194576481760006165e-01,9.495244692639417949e-03
-1.501655964400609777e+00,-6.563599339964695245e-01,-3.046017889017031410e-01,-1.277478409224044320e-01,1.215095964890742786e-01,9.479969794659197369e-03
-1.510911261090984503e+00,-6.569365058435847615e-01,-3.045762000644370859e-01,-1.290737108679629874e-01,1.235492470506905222e-01,9.464684532621319563e-03
-1.520016634680218415e+00,-6.574556584270787596e-01,-3.045556398846344659e-01,-1.303836432062009387e-01,1.255763384083512790e-01,9.449400584336402342e-03
-1.528970614331528699e+00,-6.579192108447178278e-01,-3.045405762023589147e-01,-1.316776872386796748e-01,1.275906246600612970e-01,9.434129850522072341e-03
-1.537771822970473767e+00,-6.583289865624084580e-01,-3.045314624979511553e-01,-1.329558994384404114e-01,1.295918751966449178e-01,9.418884385548232860e-03
-1.546418975937859264e+00,-6.586868110230520434e-01,-3.045287377787790906e-01,-1.342183438555736019e-01,1.315798744175608048e-01,9.403676328120100236e-03
-1.554910879508918820e+00,-6.589945093197802084e-01,-3.045328264574163613e-01,-1.354650925035484343e-01,1.335544214219442638e-01,9.388517832402866123e-03
-1.563246429290503059e+00,-6.592539039365438169e-01,-3.045441382218062598e-01,-1.366962257237193112e-01,1.355153296767072080e-01,9.373421000059755856e-03
-1.571424608507974163e+00,-6.594668125586633511e-01,-3.045630678980721928e-01,-1.379118325257128186e-01,1.374624266636063075e-01,9.358397813641085999e-03
-1.579444486193386066e+00,-6.596350459555896384e-01,-3.045899953067341959e-01,-1.391120109016802109e-01,1.393955535072524121e-01,9.343460071726549659e-03
-1.587305215286359372e+00,-6.597604059377690788e-01,-3.046252851131783790e-01,-1.402968681126758876e-01,1.413145645860765243e-01,9.328619326186409280e-03
-1.595006030658826957e+00,-6.598446833891719043e-01,-3.046692866733028970e-01,-1.414665209456908435e-01,1.432193271282930780e-01,9.313886821890365181e-03
-1.602546247074535080e+00,-6.598896563767041590e-01,-3.047223338753339283e-01,-1.426210959401288669e-01,1.451097207949093582e-01,9.299273439155696444e-03
-1.609925257093858697e+00,-6.598970883374132290e-01,-3.047847449788591567e-01,-1.437607295827626475e-01,1.469856372518213716e-01,9.284789639189361052e-03
-1.617142528934111256e+00,-6.598687263440919937e-01,-3.048568224521755465e-01,-1.448855684704455637e-01,1.488469797330133071e-01,9.270445412742377156e-03
-1.624197604295123831e+00,-6.598062994495997868e-01,-3.049388528090821171e-01,-1.459957694400810524e-01,1.506936625968407495e-01,9.256250232159344421e-03
-1.631090096159432123e+00,-6.597115171099505737e-01,-3.050311064462764010e-01,-1.470914996655658669e-01,1.525256108773279939e-01,9.242213006971485012e-03
-1.637819686575947786e+00,-6.595860676859641725e-01,-3.051338374825267596e-01,-1.481729367216245430e-01,1.543427598323488803e-01,9.228342043148729870e-03
-1.644386124435513796e+00,-6.594316170230432039e-01,-3.052472836008015000e-01,-1.492402686146405422e-01,1.561450544904899596e-01,9.214645006094689464e-03
-1.650789223246248216e+00,-6.592498071084195166e-01,-3.053716658945302420e-01,-1.502936937807635709e-01,1.579324491983150891e-01,9.201128887438765960e-03
-1.657028858916085978e+00,-6.590422548050194340e-01,-3.055071887191647684e-01,-1.513334210517328360e-01,1.597049071696641787e-01,9.187799975651616755e-03
-1.663104967549415614e+00,-6.588105506609117645e-01,-3.056540395501836094e-01,-1.523596695890036823e-01,1.614624000385263825e-01,9.174663830484271199e-03
-1.669017543264206704e+00,-6.585562577931431960e-01,-3.058123888486611874e-01,-1.533726687868971761e-01,1.632049074169303060e-01,9.161725261207190329e-03
-1.674766636035519785e+00,-6.582809108446194823e-01,-3.059823899354864873e-01,-1.543726581456128510e-01,1.649324164591937369e-01,9.148988308603646369e-03
-1.680352349570791048e+00,-6.579860150125619311e-01,-3.061641788752787474e-01,-1.553598871150502769e-01,1.666449214337722140e-01,9.136456230651972613e-03
-1.685774839221799715e+00,-6.576730451469595673e-01,-3.063578743710021479e-01,-1.563346149104798966e-01,1.683424233038411100e-01,9.124131491813403105e-03
-1.691034309937745395e+00,-6.573434449173375382e-01,-3.065635776702316240e-01,-1.572971103011839289e-01,1.700249293176423204e-01,9.112015755826496227e-03
-1.696131014263402514e+00,-6.569986260460861649e-01,-3.067813724839716372e-01,-1.582476513732577472e-01,1.716924526095217618e-01,9.100109881895374758e-03
-1.701065250385868532e+00,-6.566399676065252100e-01,-3.070113249188704541e-01,-1.591865252678201503e-01,1.733450118124821304e-01,9.088413924147158152e-03
-1.705837360232994593e+00,-6.562688153838265315e-01,-3.072534834236152479e-01,-1.601140278959280461e-01,1.749826306829754263e-01,9.076927134224000229e-03
-1.710447727626170922e+00,-6.558864812968792091e-01,-3.075078787502334432e-01,-1.610304636315273152e-01,1.766053377385612411e-01,9.065647966866919455e-03
-1.714896776489748698e+00,-6.554942428791520337e-01,-3.077745239309618852e-01,-1.619361449837999067e-01,1.782131659089644660e-01,9.054574088342079441e-03
-1.719184969119004203e+00,-6.550933428165894856e-01,-3.080534142712844647e-01,-1.628313922502850619e-01,1.798061522009747060e-01,9.043702387555186545e-03
-1.723312804508197127e+00,-6.546849885405757741e-01,-3.083445273596742697e-01,-1.637165331521626965e-01,1.813843373775443357e-01,9.033028989696167271e-03
-1.727280816739944269e+00,-6.542703518739971802e-01,-3.086478230945137180e-01,-1.645919024530896613e-01,1.829477656513613382e-01,9.022549272254128463e-03
-1.731089573436812579e+00,-6.538505687284494883e-01,-3.089632437286043976e-01,-1.654578415629761323e-01,1.844964843930957943e-01,9.012257883241657844e-03
-1.734739674275747712e+00,-6.534267388506516117e-01,-3.092907139316148912e-01,-1.663146981280774483e-01,1.860305438544481160e-01,9.002148761467716753e-03
-1.738231749565680717e+00,-6.529999256161553856e-01,-3.096301408707559655e-01,-1.671628256087622222e-01,1.875499969060606120e-01,8.992215158699587776e-03
-1.741566458888402114e+00,-6.525711558684703650e-01,-3.099814143099119956e-01,-1.680025828462957949e-01,1.890548987902926081e-01,8.982449663556395583e-03
-1.744744489802561249e+00,-6.521414198017608799e-01,-3.103444067274012674e-01,-1.688343336199532585e-01,1.905453068888033619e-01,8.972844226979633658e-03
-1.747766556610435895e+00,-6.517116708853145646e-01,-3.107189734524805069e-01,-1.696584461957472700e-01,1.920212805048360227e-01,8.963390189129654545e-03
-1.750633399186917849e+00,-6.512828258280241034e-01,-3.111049528206565329e-01,-1.704752928680239310e-01,1.934828806600497608e-01,8.954078307561223748e-03
-1.753345781869987130e+00,-6.508557645811784420e-01,-3.115021663478149683e-01,-1.712852494951456195e-01,1.949301699057054416e-01,8.944898786535867424e-03
-1.755904492411779261e+00,-6.504313303779055699e-01,-3.119104189231268198e-01,-1.720886950304418850e-01,1.963632121479749193e-01,8.935841307333736508e-03
-1.758310340989211129e+00,-6.500103298076677083e-01,-3.123294990206462174e-01,-1.728860110495728519e-01,1.977820724871099112e-01,8.926895059433051158e-03
-1.760564159272993923e+00,-6.495935329242620293e-01,-3.127591789294661972e-01,-1.736775812754081938e-01,1.991868170701799612e-01,8.918048772430704069e-03
-1.762666799553749053e+00,-6.491816733858398747e-01,-3.131992150022571142e-01,-1.744637911014854104e-01,2.005775129570641080e-01,8.909290748583367434e-03
-1.764619133923837513e+00,-6.487754486255136177e-01,-3.136493479219703007e-01,-1.752450271150696182e-01,2.019542279993608302e-01,8.900608895854190267e-03
-1.766422053513423407e+00,-6.483755200511789329e-01,-3.141093029864506780e-01,-1.760216766207960970e-01,2.033170307318638015e-01,8.891990761356051778e-03
-1.768076467779210681e+00,-6.479825132732393023e-01,-3.145787904106644994e-01,-1.767941271658359514e-01,2.046659902762368866e-01,8.883423565088140877e-03
-1.769583303844226796e+00,-6.475970183589760953e-01,-3.150575056462124879e-01,-1.775627660674840846e-01,2.060011762565114868e-01,8.874894233868361668e-03
-1.770943505886965585e+00,-6.472195901123668493e-01,-3.155451297177672143e-01,-1.783279799440292968e-01,2.073226587260201814e-01,8.866389435369744290e-03
-1.772158034578152241e+00,-6.468507483782093281e-01,-3.160413295760389207e-01,-1.790901542497262411e-01,2.086305081053751731e-01,8.857895612174506578e-03
-1.773227866563354738e+00,-6.464909783694648970e-01,-3.165457584668458502e-01,-1.798496728146509183e-01,2.099247951310954652e-01,8.849399015764770546e-03
-1.774153993989628697e+00,-6.461407310167891493e-01,-3.170580563158362231e-01,-1.806069173901837244e-01,2.112055908144847005e-01,8.840885740374022222e-03
-1.774937424074359837e+00,-6.458004233392694582e-01,-3.175778501283817445e-01,-1.813622672008279035e-01,2.124729664103605364e-01,8.832341756628375035e-03
-1.775579178714445483e+00,-6.454704388354393085e-01,-3.181047544041362141e-01,-1.821160985030357560e-01,2.137269933952370971e-01,8.823752944911323476e-03
-1.776080294133943305e+00,-6.451511278936897797e-01,-3.186383715657309379e-01,-1.828687841516812296e-01,2.149677434545629873e-01,8.815105128390152839e-03
-1.776441820568307239e+00,-6.448428082212430690e-01,-3.191782924010526656e-01,-1.836206931747845217e-01,2.161952884786201845e-01,8.806384105646323721e-03
-1.776664821983322984e+00,-6.445457652908981316e-01,-3.197240965185299544e-01,-1.843721903570630094e-01,2.174097005666913718e-01,8.797575682856131202e-03
-1.776750375826859907e+00,-6.442602528048017030e-01,-3.202753528148327700e-01,-1.851236358328521570e-01,2.186110520391070511e-01,8.788665705471571110e-03
-1.776699572811552885e+00,-6.439864931745354903e-01,-3.208316199543705394e-01,-1.858753846889114048e-01,2.197994154567862457e-01,8.779640089354827370e-03
-1.776513516726542452e+00,-6.437246780168492943e-01,-3.213924468599553275e-01,-1.866277865776012346e-01,2.209748636478897355e-01,8.770484851322944697e-03
-1.776193324276402974e+00,-6.434749686644041233e-01,-3.219573732139799360e-01,-1.873811853408916261e-01,2.221374697412060728e-01,8.761186139062243292e-03
-1.775740124945406340e+00,-6.432374966909211178e-01,-3.225259299694436255e-01,-1.881359186456352250e-01,2.232873072058961517e-01,8.751730260374738363e-03
-1.775155060885281522e+00,-6.430123644501618552e-01,-3.230976398701433938e-01,-1.888923176305142559e-01,2.244244498972234048e-01,8.742103711721337447e-03
-1.774439286824644801e+00,-6.427996456281929172e-01,-3.236720179793343699e-01,-1.896507065650454016e-01,2.255489721079000642e-01,8.732293206028940782e-03
-1.773593969998296771e+00,-6.425993858084112498e-01,-3.242485722161491113e-01,-1.904114025210041916e-01,2.266609486246821681e-01,8.722285699730656858e-03
-1.772620290094601092e+00,-6.424116030488286055e-01,-3.248268038990537177e-01,-1.911747150566071585e-01,2.277604547898477161e-01,8.712068419010319392e-03
-1.771519439219178871e+00,-6.422362884711332320e-01,-3.254062082956070689e-01,-1.919409459137678409e-01,2.288475665671931003e-01,8.701628885224335988e-03
-1.770292621873179595e+00,-6.420734068610620682e-01,-3.259862751777795054e-01,-1.927103887287218154e-01,2.299223606121844621e-01,8.690954939475466906e-03
-1.768941054944409119e+00,-6.419228972796324761e-01,-3.265664893820787729e-01,-1.934833287562938986e-01,2.309849143459004328e-01,8.680034766314799477e-03
-1.767465967709622054e+00,-6.417846736847911959e-01,-3.271463313737205669e-01,-1.942600426080602072e-01,2.320353060324021888e-01,8.668856916549529806e-03
-1.765868601846313224e+00,-6.416586255630509772e-01,-3.277252778140780087e-01,-1.950407980046371115e-01,2.330736148591662227e-01,8.657410329135556415e-03
-1.764150211452366390e+00,-6.415446185706876747e-01,-3.283028021306358957e-01,-1.958258535423086921e-01,2.340999210202140135e-01,8.645684352135162010e-03
-1.762312063071948653e+00,-6.414424951840786981e-01,-3.288783750886713486e-01,-1.966154584741839351e-01,2.351143058015712772e-01,8.633668762721282558e-03
-1.760355435726069784e+00,-6.413520753587628187e-01,-3.294514653638813684e-01,-1.974098525060546672e-01,2.361168516686869001e-01,8.621353786211049391e-03
-1.758281620946249735e+00,-6.412731571968037780e-01,-3.300215401151735950e-01,-1.982092656071047510e-01,2.371076423554403789e-01,8.608730114112408960e-03
-1.756091922809776218e+00,-6.412055176220353703e-01,-3.305880655568381732e-01,-1.990139178356012950e-01,2.380867629543638175e-01,8.595788921168854776e-03
-1.753787657975059089e+00,-6.411489130627637811e-01,-3.311505075293180722e-01,-1.998240191796772092e-01,2.390543000077016422e-01,8.582521881388326113e-03
-1.751370155715628929e+00,-6.411030801414959734e-01,-3.317083320677992608e-01,-2.006397694132951715e-01,2.400103415989296995e-01,8.568921183043578735e-03
-1.748840757951353408e+00,-6.410677363712571353e-01,-3.322610059678443029e-01,-2.014613579674608412e-01,2.409549774443525416e-01,8.554979542632444936e-03
-1.746200819275489202e+00,-6.410425808580468843e-01,-3.328079973473002662e-01,-2.022889638167335025e-01,2.418882989843957332e-01,8.540690217787631766e-03
-1.743451706976216764e+00,-6.410272950089787036e-01,-3.333487762037172786e-01,-2.031227553810604491e-01,2.428103994742084881e-01,8.526047019126924142e-03
-1.740594801051350338e+00,-6.410215432456319862e-01,-3.338828149665236666e-01,-2.039628904429404144e-01,2.437213740731905831e-01,8.511044321035960564e-03
-1.737631494214950001e+00,-6.410249737221340727e-01,-3.344095890432133289e-01,-2.048095160798999448e-01,2.446213199330568022e-01,8.495677071377051928e-03
-1.734563191894608059e+00,-6.410372190474752374e-01,-3.349285773588127069e-01,-2.056627686122445287e-01,2.455103362840521386e-01,8.479940800118952043e-03
-1.731391312218222955e+00,-6.410578970115464736e-01,-3.354392628879080962e-01,-2.065227735660251362e-01,2.463885245189321727e-01,8.463831626883853640e-03
-1.728117285989121177e+00,-6.410866113143723899e-01,-3.359411331785288612e-01,-2.073896456511383213e-01,2.472559882743239068e-01,8.447346267409450160e-03
-1.724742556648430014e+00,-6.411229522979979834e-01,-3.364336808671984924e-01,-2.082634887544561053e-01,2.481128335090860837e-01,8.430482038925433616e-03
-1.721268580223658029e+00,-6.411664976804700711e-01,-3.369164041844834312e-01,-2.091443959478603565e-01,2.489591685792907350e-01,8.413236864445398228e-03
-1.717696825262486904e+00,-6.412168132913388385e-01,-3.373888074503886281e-01,-2.100324495110335032e-01,2.497951043094535362e-01,8.395609275976814376e-03
-1.714028772750829432e+00,-6.412734538080901991e-01,-3.378504015589707254e-01,-2.109277209688359689e-01,2.506207540596463446e-01,8.377598416653432231e-03
-1.710265916014267917e+00,-6.413359634928993414e-01,-3.383007044515603523e-01,-2.118302711430784802e-01,2.514362337881328457e-01,8.359204041796247306e-03
-1.706409760602037418e+00,-6.414038769290861808e-01,-3.387392415780099975e-01,-2.127401502184758930e-01,2.522416621091775335e-01,8.340426518910979900e-03
-1.702461824152779135e+00,-6.414767197566337842e-01,-3.391655463454086861e-01,-2.136573978225475012e-01,2.530371603456881280e-01,8.321266826631836672e-03
-1.698423636241349621e+00,-6.415540094061185084e-01,-3.395791605537296642e-01,-2.145820431192075883e-01,2.538228525763645549e-01,8.301726552623206468e-03
-1.694296738206032771e+00,-6.416352558303871634e-01,-3.399796348179062178e-01,-2.155141049157689448e-01,2.545988656770394876e-01,8.281807890452826462e-03
-1.690082682955563298e+00,-6.417199622333037423e-01,-3.403665289758574519e-01,-2.164535917830619771e-01,2.553653293559120518e-01,8.261513635451869786e-03
-1.685783034755438781e+00,-6.418076257948781560e-01,-3.407394124820165016e-01,-2.174005021883515243e-01,2.561223761823920864e-01,8.240847179579270654e-03
-1.681399368993063081e+00,-6.418977383920767554e-01,-3.410978647859426172e-01,-2.183548246407144844e-01,2.568701416092906142e-01,8.219812505309545894e-03
-1.676933271921331237e+00,-6.419897873146110934e-01,-3.414414756956303809e-01,-2.193165378485224803e-01,2.576087639881115554e-01,8.198414178565227931e-03
-1.672386340380338732e+00,-6.420832559749899415e-01,-3.417698457251604482e-01,-2.202856108886552255e-01,2.583383845772219689e-01,8.176657340716864814e-03
-1.667760181496966254e+00,-6.421776246121175813e-01,-3.420825864263684624e-01,-2.212620033870532632e-01,2.590591475426990975e-01,8.154547699675402522e-03
-1.663056412362166725e+00,-6.422723709877166121e-01,-3.423793207042413189e-01,-2.222456657102023225e-01,2.597711999516781889e-01,8.132091520103476925e-03
-1.658276659685851806e+00,-6.423669710748542983e-01,-3.426596831157831535e-01,-2.232365391671251031e-01,2.604746917580488264e-01,8.109295612773931294e-03
-1.653422559429352345e+00,-6.424608997378508102e-01,-3.429233201521266206e-01,-2.242345562214420884e-01,2.611697757803748687e-01,8.086167323105462532e-03
-1.648495756415499391e+00,-6.425536314028512663e-01,-3.431698905036982272e-01,-2.252396407130488609e-01,2.618566076719414104e-01,8.062714518906907366e-03
-1.643497903916448566e+00,-6.426446407183495912e-01,-3.433990653082800715e-01,-2.262517080889444032e-01,2.625353458828584285e-01,8.038945577363182035e-03
-1.638430663219448080e+00,-6.427334032049580870e-01,-3.436105283818428058e-01,-2.272706656427334049e-01,2.632061516141834256e-01,8.014869371297262887e-03
-1.633295703170822399e+00,-6.428193958937280517e-01,-3.438039764320598990e-01,-2.282964127623143269e-01,2.638691887640525757e-01,7.990495254743927578e-03
-1.628094699698519721e+00,-6.429020979523381030e-01,-3.439791192544434661e-01,-2.293288411852557329e-01,2.645246238658432447e-01,7.965833047872157915e-03
-1.622829335313648036e+00,-6.429809912984802978e-01,-3.441356799110759646e-01,-2.303678352613548475e-01,2.651726260184202322e-01,7.940893021294203463e-03
-1.617501298591494718e+00,-6.430555611997929022e-01,-3.442733948919436404e-01,-2.314132722218644744e-01,2.658133668085504442e-01,7.915685879800274730e-03
-1.612112283632598730e+00,-6.431252968597057640e-01,-3.443920142589090294e-01,-2.324650224548689970e-01,2.664470202256022380e-01,7.890222745558639686e-03
-1.606663989504513834e+00,-6.431896919885851105e-01,-3.444913017723902349e-01,-2.335229497862843784e-01,2.670737625686767647e-01,7.864515140821712672e-03
-1.601158119664972679e+00,-6.432482453595904648e-01,-3.445710350008450162e-01,-2.345869117659537262e-01,2.676937723463509999e-01,7.838574970179208734e-03
-1.595596381367226257e+00,-6.433004613486780210e-01,-3.446310054131866973e-01,-2.356567599583071215e-01,2.683072301692414063e-01,7.812414502399982891e-03
-1.589980485048398950e+00,-6.433458504582153514e-01,-3.446710184542865485e-01,-2.367323402370532792e-01,2.689143186356295900e-01,7.786046351904436606e-03
-1.584312143701762876e+00,-6.433839298236996296e-01,-3.446908936037462179e-01,-2.378134930833692984e-01,2.695152222104180151e-01,7.759483459909642666e-03
-1.578593072233891226e+00,-6.434142237031041933e-01,-3.446904644181478794e-01,-2.389000538870569568e-01,2.701101270977157576e-01,7.732739075289337891e-03
-1.572824986807711989e+00,-6.434362639484093593e-01,-3.446695785570164650e-01,-2.399918532501352508e-01,2.706992211073785404e-01,7.705826735190907974e-03
-1.567009604172529214e+00,-6.434495904589097037e-01,-3.446280977927518863e-01,-2.410887172923412702e-01,2.712826935158553776e-01,7.678760245451303999e-03
-1.561148640982136460e+00,-6.434537516159234416e-01,-3.445658980048120767e-01,-2.421904679580174358e-01,2.718607349217178060e-01,7.651553660853476282e-03
-1.555243813102185735e+00,-6.434483046985706167e-01,-3.444828691584494451e-01,-2.432969233238664319e-01,2.724335370962714942e-01,7.624221265264517419e-03
-1.549296834908020948e+00,-6.434328162803195639e-01,-3.443789152683234822e-01,-2.444078979070623825e-01,2.730012928296707830e-01,7.596777551696128755e-03
-1.543309418574220659e+00,-6.434068626060449603e-01,-3.442539543473322472e-01,-2.455232029732143939e-01,2.735641957729757490e-01,7.569237202327368762e-03
-1.537283273357128888e+00,-6.433700299493793073e-01,-3.441079183410230002e-01,-2.466426468436855868e-01,2.741224402766099799e-01,7.541615068528874193e-03
-1.531220104871679366e+00,-6.433219149501786527e-01,-3.439407530479584585e-01,-2.477660352017807543e-01,2.746762212256915192e-01,7.513926150926871460e-03
-1.525121614363845080e+00,-6.432621249319672163e-01,-3.437524180264321938e-01,-2.488931713973255022e-01,2.752257338727225888e-01,7.486185579544342439e-03
-1.518989497980062442e+00,-6.431902781992651086e-01,-3.435428864879389033e-01,-2.500238567491701036e-01,2.757711736681350834e-01,7.458408594055658536e-03
-1.512825446034993471e+00,-6.431060043147447391e-01,-3.433121451778200495e-01,-2.511578908451635450e-01,2.763127360891969309e-01,7.430610524189866679e-03
-1.506631142278999080e+00,-6.430089443562044815e-01,-3.430601942435161922e-01,-2.522950718391548941e-01,2.768506164677906334e-01,7.402806770316608734e-03
-1.500408263166703060e+00,-6.428987511533870158e-01,-3.427870470908670475e-01,-2.534351967445924170e-01,2.773850098175781875e-01,7.375012784247425915e-03
-1.494158477128021190e+00,-6.427750895047122937e-01,-3.424927302289122455e-01,-2.545780617243041943e-01,2.779161106610695819e-01,7.347244050283830222e-03
-1.487883443843030395e+00,-6.426376363740348152e-01,-3.421772831036500317e-01,-2.557234623760591408e-01,2.784441128571089052e-01,7.319516066542194367e-03
-1.481584813522037081e+00,-6.424860810675725453e-01,-3.418407579212215941e-01,-2.568711940135202654e-01,2.789692094292894886e-01,7.291844326584092685e-03
-1.475264226192193551e+00,-6.423201253911966502e-01,-3.414832194609925820e-01,-2.580210519422196924e-01,2.794915923958035675e-01,7.264244301379263122e-03
-1.468923310991987474e+00,-6.421394837883046547e-01,-3.411047448790077707e-01,-2.591728317301986717e-01,2.800114526012230654e-01,7.236731421626909320e-03
-1.462563685474909780e+00,-6.419438834585386999e-01,-3.407054235022998756e-01,-2.603263294729732391e-01,2.805289795506978323e-01,7.209321060459554335e-03
-1.456186954923572419e+00,-6.417330644576438869e-01,-3.402853566145346287e-01,-2.614813420525022858e-01,2.810443612470450159e-01,7.182028516552130953e-03
-1.449794711675518544e+00,-6.415067797787967763e-01,-3.398446572334764548e-01,-2.626376673898516700e-01,2.815577840311876412e-01,7.154868997657510415e-03
-1.443388534461929940e+00,-6.412647954157616459e-01,-3.393834498807594691e-01,-2.637951046912654918e-01,2.820694324263844921e-01,7.127857604588110942e-03
-1.436969987760393419e+00,-6.410068904082694141e-01,-3.389018703444476865e-01,-2.649534546873731911e-01,2.825794889866740656e-01,7.101009315661725198e-03
-1.430540621162845749e+00,-6.407328568700344507e-01,-3.384000654348674475e-01,-2.661125198652779522e-01,2.830881341499347226e-01,7.074338971628181018e-03
-1.424101968759768244e+00,-6.404424999998574730e-01,-3.378781927341922842e-01,-2.672721046932913791e-01,2.835955460959413976e-01,7.047861261091956098e-03
-1.417655548541649546e+00,-6.401356380762830423e-01,-3.373364203402584582e-01,-2.684320158380957277e-01,2.841019006097760258e-01,7.021590706444373782e-03
-1.411202861818684484e+00,-6.398121024363055964e-01,-3.367749266050830692e-01,-2.695920623741339672e-01,2.846073709509220895e-01,6.995541650317530814e-03
-1.404745392659615844e+00,-6.394717374386359454e-01,-3.361938998685554125e-01,-2.707520559850464803e-01,2.851121277283507616e-01,6.969728242570677641e-03
-1.398284607350571029e+00,-6.391144004120624666e-01,-3.355935381877632184e-01,-2.719118111569902574e-01,2.856163387818758670e-01,6.944164427818343317e-03
-1.391821953874682105e+00,-6.387399615894523430e-01,-3.349740490624115719e-01,-2.730711453636956998e-01,2.861201690700292399e-01,6.918863933508098869e-03
-1.385358861413215958e+00,-6.383483040279578358e-01,-3.343356491567852085e-01,-2.742298792431340226e-01,2.866237805646787429e-01,6.893840258554512906e-03
-1.378896739868878063e+00,-6.379393235160024656e-01,-3.336785640186959445e-01,-2.753878367656855675e-01,2.871273321525818489e-01,6.869106662534494104e-03
-1.372436979411885360e+00,-6.375129284676313013e-01,-3.330030277958505036e-01,-2.765448453937187079e-01,2.876309795440396555e-01,6.844676155447963588e-03
-1.365980950049342280e+00,-6.370690398048204361e-01,-3.323092829500646217e-01,-2.777007362325055739e-01,2.881348751887852777e-01,6.820561488046496604e-03
-1.359530001218382633e+00,-6.366075908283437279e-01,-3.315975799697400417e-01,-2.788553441724188064e-01,2.886391681992123703e-01,6.796775142731386297e-03
-1.353085461403475076e+00,-6.361285270778025414e-01,-3.308681770810111833e-01,-2.800085080223718714e-01,2.891440042810193845e-01,6.773329325021394155e-03
-1.346648637778224966e+00,-6.356318061814233422e-01,-3.301213399579586150e-01,-2.811600706344805634e-01,2.896495256713170208e-01,6.750235955589287649e-03
-1.340220815871936422e+00,-6.351173976962305456e-01,-3.293573414322748527e-01,-2.823098790199429775e-01,2.901558710842175870e-01,6.727506662865197044e-03
-1.333803259261132634e+00,-6.345852829392000238e-01,-3.285764612027577969e-01,-2.834577844561489424e-01,2.906631756638967112e-01,6.705152776203725240e-03
-1.327397209286170332e+00,-6.340354548099949028e-01,-3.277789855449950718e-01,-2.846036425850488327e-01,2.911715709450920508e-01,6.683185319610740992e-03
-1.321003884793015670e+00,-6.334679176058816141e-01,-3.269652070215908757e-01,-2.857473135028251732e-01,2.916811848209759361e-01,6.661615006024802256e-03
-1.314624481900190878e+00,-6.328826868294171737e-01,-3.261354241932745146e-01,-2.868886618409277056e-01,2.921921415183150739e-01,6.640452232147202316e-03
-1.308260173790837921e+00,-6.322797889894908874e-01,-3.252899413312184129e-01,-2.880275568385465279e-01,2.927045615798052891e-01,6.619707073813745762e-03
-1.301912110529783950e+00,-6.316592613962943581e-01,-3.244290681308787394e-01,-2.891638724066134536e-01,2.932185618534471905e-01,6.599389281900487104e-03
-1.295581418905441762e+00,-6.310211519507837874e-01,-3.235531194276609623e-01,-2.902974871834347326e-01,2.937342554888062729e-01,6.579508278754859010e-03
-1.289269202296316141e+00,-6.303655189291857974e-01,-3.226624149146978815e-01,-2.914282845820724277e-01,2.942517519399813208e-01,6.560073155142830473e-03
-1.282976540561839629e+00,-6.296924307630855644e-01,-3.217572788630156388e-01,-2.925561528296055092e-01,2.947711569750859351e-01,6.541092667701997078e-03
-1.276704489957208644e+00,-6.290019658156230653e-01,-3.208380398443487214e-01,-2.936809849984127196e-01,2.952925726920297977e-01,6.522575236889831610e-03
-1.270454083071840934e+00,-6.282942121543062530e-01,-3.199050304568523684e-01,-2.948026790296328636e-01,2.958160975403720250e-01,6.504528945415632805e-03
-1.264226328791033804e+00,-6.275692673209366523e-01,-3.189585870539464185e-01,-2.959211377489671668e-01,2.963418263490025795e-01,6.486961537144129812e-03
-1.258022212280356156e+00,-6.268272380991251058e-01,-3.179990494765125297e-01,-2.970362688750030622e-01,2.968698503593960036e-01,6.469880416458128301e-03
-1.251842694992270300e+00,-6.260682402798586343e-01,-3.170267607886498307e-01,-2.981479850202436443e-01,2.974002572641705755e-01,6.453292648067027355e-03
-1.245688714694440202e+00,-6.252923984255620571e-01,-3.160420670171856794e-01,-2.992562036850407448e-01,2.979331312506752760e-01,6.437204957247575667e-03
-1.239561185519149733e+00,-6.244998456330796976e-01,-3.150453168951193872e-01,-3.003608472446366862e-01,2.984685530493191297e-01,6.421623730502788036e-03
-1.233460998033223621e+00,-6.236907232959847391e-01,-3.140368616091665510e-01,-3.014618429295273239e-01,2.990065999863518176e-01,6.406555016624526817e-03
-1.227389019327813857e+00,-6.228651808666031409e-01,-3.130170545515579827e-01,-3.025591227993673638e-01,2.995473460407966915e-01,6.392004528144901686e-03
-1.221346093127389842e+00,-6.220233756181245965e-01,-3.119862510762327901e-01,-3.036526237106453863e-01,3.000908619052364279e-01,6.377977643161312354e-03
-1.215333039917249058e+00,-6.211654724071470346e-01,-3.109448082595541729e-01,-3.047422872783621672e-01,3.006372150501472329e-01,6.364479407519687409e-03
-1.209350657088840597e+00,-6.202916434369897258e-01,-3.098930846656614002e-01,-3.058280598319501609e-01,3.011864697914773958e-01,6.351514537340239089e-03
-1.203399719102185017e+00,-6.194020680220859720e-01,-3.088314401165616063e-01,-3.069098923656786715e-01,3.017386873611656584e-01,6.339087421869837868e-03
-1.197480977664650448e+00,-6.184969323537485852e-01,-3.077602354670508356e-01,-3.079877404837913502e-01,3.022939259802975287e-01,6.327202126644980613e-03
-1.191595161925340651e+00,-6.175764292675839373e-01,-3.066798323845423280e-01,-3.090615643406265378e-01,3.028522409345990596e-01,6.315862396949189876e-03
-1.185742978684337867e+00,-6.166407580128099308e-01,-3.055905931338689374e-01,-3.101313285759740856e-01,3.034136846519726594e-01,6.305071661548630746e-03
-1.179925112616037497e+00,-6.156901240237165895e-01,-3.044928803671149709e-01,-3.111970022459230600e-01,3.039783067817838358e-01,6.294833036689668343e-03
-1.174142226505810127e+00,-6.147247386934883151e-01,-3.033870569185216914e-01,-3.122585587494569048e-01,3.045461542756138229e-01,6.285149330342115932e-03
-1.168394961499219953e+00,-6.137448191505914252e-01,-3.022734856044999030e-01,-3.133159757510532439e-01,3.051172714691997578e-01,6.276023046671960932e-03
-1.162683937363033992e+00,-6.127505880379106040e-01,-3.011525290287739853e-01,-3.143692350995441753e-01,3.056917001652923460e-01,6.267456390727424616e-03
-1.157009752757256482e+00,-6.117422732948039066e-01,-3.000245493926702589e-01,-3.154183227434941839e-01,3.062694797171683359e-01,6.259451273322339665e-03
-1.151372985517429282e+00,-6.107201079422277523e-01,-2.988899083105552856e-01,-3.164632286433494701e-01,3.068506471125451718e-01,6.252009316100985876e-03
-1.145774192946442671e+00,-6.096843298710676873e-01,-2.977489666304184435e-01,-3.175039466806126587e-01,3.074352370576544091e-01,6.245131856768681294e-03
-1.140213912115114470e+00,-6.086351816337969289e-01,-2.966020842595866736e-01,-3.185404745642923530e-01,3.080232820612407441e-01,6.238819954472684531e-03
-1.134692660170799616e+00,-6.075729102395681647e-01,-2.954496199955502500e-01,-3.195728137348760600e-01,3.086148125182640034e-01,6.233074395318182609e-03
-1.129210934653309684e+00,-6.064977669528301973e-01,-2.942919313618704291e-01,-3.206009692660697907e-01,3.092098567930934294e-01,6.227895698004438756e-03
-1.123769213817429780e+00,-6.054100070955492630e-01,-2.931293744491344500e-01,-3.216249497645447541e-01,3.098084413019930872e-01,6.223284119566469506e-03
-1.118367956961339171e+00,-6.043098898530989693e-01,-2.919623037609138105e-01,-3.226447672679275125e-01,3.104105905947112110e-01,6.219239661207963919e-03
-1.113007604760253733e+00,-6.031976780838728125e-01,-2.907910720646786906e-01,-3.236604371412629688e-01,3.110163274349957430e-01,6.215762074211528092e-03
-1.107688579604628965e+00,-6.020736381326597941e-01,-2.896160302476132320e-01,-3.246719779721773946e-01,3.116256728798716957e-01,6.212850865912696377e-03
-1.102411285942275887e+00,-6.009380396478141151e-01,-2.884375271772721128e-01,-3.256794114649604333e-01,3.122386463575275717e-01,6.210505305724593056e-03
-1.097176110623764300e+00,-5.997911554022369307e-01,-2.872559095670138007e-01,-3.266827623337809072e-01,3.128552657436694528e-01,6.208724431200522004e-03
-1.091983423250504348e+00,-5.986332611181812702e-01,-2.860715218461415410e-01,-3.276820581952434308e-01,3.134755474362140304e-01,6.207507054122231999e-03
-1.086833576524920852e+00,-5.974646352958786766e-01,-2.848847060346786364e-01,-3.286773294604877771e-01,3.140995064282023908e-01,6.206851766602048542e-03
-1.081726906602150207e+00,-5.962855590459801292e-01,-2.836958016227019153e-01,-3.296686092270250668e-01,3.147271563788294202e-01,6.206756947187552255e-03
-1.076663733442716708e+00,-5.950963159257930402e-01,-2.825051454541529505e-01,-3.306559331704982396e-01,3.153585096824944589e-01,6.207220766957963556e-03
-1.071644361165660975e+00,-5.938971917792906785e-01,-2.813130716150450961e-01,-3.316393394365469982e-01,3.159935775357887167e-01,6.208241195601879071e-03
-1.066669078401619286e+00,-5.926884745808626009e-01,-2.801199113259807971e-01,-3.326188685329500294e-01,3.166323700023478960e-01,6.209816007466549895e-03
-1.061738158645371133e+00,-5.914704542827657896e-01,-2.789259928388925780e-01,-3.335945632222099277e-01,3.172748960755077396e-01,6.211942787569356764e-03
-1.056851860607396443e+00,-5.902434226662365280e-01,-2.777316413379193882e-01,-3.345664684147380274e-01,3.179211637387104883e-01,6.214618937562684485e-03
-1.052010428564005284e+00,-5.890076731962090584e-01,-2.765371788443274359e-01,-3.355346310627898565e-01,3.185711800236207258e-01,6.217841681643919254e-03
-1.047214092705623489e+00,-5.877635008795889515e-01,-2.753429241253861903e-01,-3.364991000552925993e-01,3.192249510659170841e-01,6.221608072402780819e-03
-1.042463069482841842e+00,-5.865112021270222353e-01,-2.741491926071067953e-01,-3.374599261136995154e-01,3.198824821587375467e-01,6.225914996598773052e-03
-1.037757561949856910e+00,-5.852510746180962231e-01,-2.729562962907519652e-01,-3.384171616889978251e-01,3.205437778037626972e-01,6.230759180862005704e-03
-1.033097760104952911e+00,-5.839834171699066490e-01,-2.717645436730253272e-01,-3.393708608599889653e-01,3.212088417599303636e-01,6.236137197311184856e-03
-1.028483841227694873e+00,-5.827085296089212774e-01,-2.705742396698481156e-01,-3.403210792329521284e-01,3.218776770897824879e-01,6.242045469083062209e-03
-1.023915970212526894e+00,-5.814267126460677115e-01,-2.693856855436329578e-01,-3.412678738427949443e-01,3.225502862034531071e-01,6.248480275768142529e-03
-1.019394299898485068e+00,-5.801382677549709044e-01,-2.681991788339636029e-01,-3.422113030557870084e-01,3.232266709003123739e-01,6.255437758747935985e-03
-1.014918971394761060e+00,-5.788434970532649881e-01,-2.670150132915913854e-01,-3.431514264739647380e-01,3.239068324082880479e-01,6.262913926429532208e-03
-1.010490114401864536e+00,-5.775427031869002636e-01,-2.658334788156594963e-01,-3.440883048412888279e-01,3.245907714208921546e-01,6.270904659373737790e-03
-1.006107847528160182e+00,-5.762361892173675226e-01,-2.646548613940687966e-01,-3.450219999516280778e-01,3.252784881319860655e-01,6.279405715313479512e-03
-1.001772278601566146e+00,-5.749242585117599891e-01,-2.634794430468984094e-01,-3.459525745586365386e-01,3.259699822683217452e-01,6.288412734059635294e-03
-9.974835049762246220e-01,-5.736072146355916113e-01,-2.623075017727973801e-01,-3.468800922875840964e-01,3.266652531199021325e-01,6.297921242291876394e-03
-9.932416138339690281e-01,-5.722853612482925456e-01,-2.611393114982651920e-01,-3.478046175491933956e-01,3.273642995682075618e-01,6.307926658232524200e-03
-9.890466824804340362e-01,-5.709590020013005640e-01,-2.599751420297400917e-01,-3.487262154555303972e-01,3.280671201123387948e-01,6.318424296201835197e-03
-9.848987786356642182e-01,-5.696284404386685596e-01,-2.588152590084163429e-01,-3.496449517379887628e-01,3.287737128931307873e-01,6.329409371053524094e-03
-9.807979607191018578e-01,-5.682939799001088810e-01,-2.576599238677146908e-01,-3.505608926674021464e-01,3.294840757152941446e-01,6.340877002489670768e-03
-9.767442781288417919e-01,-5.669559234263952252e-01,-2.565093937933299317e-01,-3.514741049763137060e-01,3.301982060676441066e-01,6.352822219254570385e-03
-9.727377715150610227e-01,-5.656145736670443736e-01,-2.553639216857844230e-01,-3.523846557834247051e-01,3.309161011414784026e-01,6.365239963207365397e-03
-9.687784730475440531e-01,-5.642702327902022752e-01,-2.542237561254160338e-01,-3.532926125202403567e-01,3.316377578471683130e-01,6.378125093273663213e-03
-9.648664066772366654e-01,-5.629232023946566521e-01,-2.530891413397334255e-01,-3.541980428599245112e-01,3.323631728290272203e-01,6.391472389276613153e-03
-9.610015883917766288e-01,-5.615737834239055148e-01,-2.519603171730718238e-01,-3.551010146483710161e-01,3.330923424785244280e-01,6.405276555648231097e-03
-9.571840264649598140e-01,-5.602222760822069825e-01,-2.508375190584863357e-01,-3.560015958374934675e-01,3.338252629459098619e-01,6.419532225022004865e-03
-9.534137217001138476e-01,-5.588689797525415726e-01,-2.497209779918206363e-01,-3.568998544207322987e-01,3.345619301503190979e-01,6.434233961708073560e-03
-9.496906676673616543e-01,-5.575141929164171284e-01,-2.486109205078923245e-01,-3.577958583707721019e-01,3.353023397884260515e-01,6.449376265052516113e-03
-9.460148509347684476e-01,-5.561582130754512132e-01,-2.475075686587376034e-01,-3.586896755794595770e-01,3.360464873417118303e-01,6.464953572682472470e-03
-9.423862512933750546e-01,-5.548013366746661346e-01,-2.464111399938603286e-01,-3.595813737999077886e-01,3.367943680824183050e-01,6.480960263639051581e-03
-9.388048419761317875e-01,-5.534438590274338710e-01,-2.453218475424330525e-01,-3.604710205907690757e-01,3.375459770782536784e-01,6.497390661400139975e-03
-9.352705898707536214e-01,-5.520860742420115042e-01,-2.442398997973986019e-01,-3.613586832626561884e-01,3.383013091959174989e-01,6.514239036795395517e-03
-9.317834557265279871e-01,-5.507282751496094253e-01,-2.431655007014247305e-01,-3.622444288266874479e-01,3.390603591035117881e-01,6.531499610815867142e-03
-9.283433943551134826e-01,-5.493707532339360267e-01,-2.420988496346641872e-01,-3.631283239451285616e-01,3.398231212719030614e-01,6.549166557320802717e-03
-9.249503548253753538e-01,-5.480137985621679197e-01,-2.410401414042760149e-01,-3.640104348841035065e-01,3.405895899751003597e-01,6.567234005644333877e-03
-9.216042806523105924e-01,-5.466576997172925001e-01,-2.399895662356653636e-01,-3.648908274683401176e-01,3.413597592897121280e-01,6.585696043104822053e-03
-9.183051099801227135e-01,-5.453027437317765624e-01,-2.389473097654004341e-01,-3.657695670379186859e-01,3.421336230935435041e-01,6.604546717419766157e-03
-9.150527757595101619e-01,-5.439492160225144479e-01,-2.379135530357678052e-01,-3.666467184069860941e-01,3.429111750633946909e-01,6.623780039029189722e-03
-9.118472059192407331e-01,-5.425974003270118695e-01,-2.368884724909283979e-01,-3.675223458243984109e-01,3.436924086721184213e-01,6.643389983330558884e-03
-9.086883235320878383e-01,-5.412475786407660028e-01,-2.358722399746381038e-01,-3.683965129362521407e-01,3.444773171849941917e-01,6.663370492828285183e-03
-9.055760469752077713e-01,-5.399000311558012077e-01,-2.348650227294988846e-01,-3.692692827502634390e-01,3.452658936554739988e-01,6.683715479200913120e-03
-9.025102900850463516e-01,-5.385550362003260760e-01,-2.338669833977072010e-01,-3.701407176019536616e-01,3.460581309203534794e-01,6.704418825289137560e-03
-8.994909623068604310e-01,-5.372128701794767203e-01,-2.328782800232687134e-01,-3.710108791225968927e-01,3.468540215944189709e-01,6.725474387007787311e-03
-8.965179688389494084e-01,-5.358738075171154414e-01,-2.318990660556484174e-01,-3.718798282088871532e-01,3.476535580646215595e-01,6.746875995184935595e-03
-8.935912107716910135e-01,-5.345381205986552420e-01,-2.309294903548280986e-01,-3.727476249942787145e-01,3.484567324838245828e-01,6.768617457331285898e-03
-8.907105852214810549e-01,-5.332060797148833187e-01,-2.299696971977427118e-01,-3.736143288219559988e-01,3.492635367641709343e-01,6.790692559342975665e-03
-8.878759854596779411e-01,-5.318779530067587746e-01,-2.290198262860694833e-01,-3.744799982193854349e-01,3.500739625701136393e-01,6.813095067140897791e-03
-8.850873010366546723e-01,-5.305540064111613496e-01,-2.280800127553439804e-01,-3.753446908744044186e-01,3.508880013111518315e-01,6.835818728249649402e-03
-8.823444179010654365e-01,-5.292345036075721820e-01,-2.271503871853786938e-01,-3.762084636128006920e-01,3.517056441343112128e-01,6.858857273319143681e-03
-8.796472185144313949e-01,-5.279197059656659530e-01,-2.262310756119603194e-01,-3.770713723773357895e-01,3.525268819164080747e-01,6.882204417591898833e-03
-8.769955819611567893e-01,-5.266098724937993136e-01,-2.253221995398030364e-01,-3.779334722081658660e-01,3.533517052561314098e-01,6.905853862318958418e-03
-8.743893840540819529e-01,-5.253052597883800523e-01,-2.244238759567356301e-01,-3.787948172246148326e-01,3.541801044659778630e-01,6.929799296127354784e-03
-8.718284974356866890e-01,-5.240061219841055662e-01,-2.235362173491011739e-01,-3.796554606082525041e-01,3.550120695640718305e-01,6.954034396341951009e-03
-8.693127916750524875e-01,-5.227127107050578703e-01,-2.226593317183487020e-01,-3.805154545872336258e-01,3.558475902659002377e-01,6.978552830264450786e-03
-8.668421333606965984e-01,-5.214252750166467054e-01,-2.217933225987966106e-01,-3.813748504218518187e-01,3.566866559759911404e-01,7.003348256412275478e-03
-8.644163861893896517e-01,-5.201440613783934186e-01,-2.209382890765485552e-01,-3.822336983912643094e-01,3.575292557795625714e-01,7.028414325719959874e-03
-8.620354110510681789e-01,-5.188693135975485093e-01,-2.200943258095425514e-01,-3.830920477813435365e-01,3.583753784341662807e-01,7.053744682705619280e-03
-8.596990661099545017e-01,-5.176012727835390681e-01,-2.192615230487150180e-01,-3.839499468736124466e-01,3.592250123613501822e-01,7.079332966604978163e-03
-8.574072068819946768e-01,-5.163401773032425535e-01,-2.184399666602613310e-01,-3.848074429352206782e-01,3.600781456383612134e-01,7.105172812475362039e-03
-8.551596863087262967e-01,-5.150862627370846880e-01,-2.176297381489754601e-01,-3.856645822099205034e-01,3.609347659899083682e-01,7.131257852271972834e-03
-8.529563548276862806e-01,-5.138397618359616947e-01,-2.168309146826510603e-01,-3.865214099100015011e-01,3.617948607800042793e-01,7.157581715898684617e-03
-8.507970604394684555e-01,-5.126009044789869851e-01,-2.160435691175265904e-01,-3.873779702091436627e-01,3.626584170039036659e-01,7.184138032235509036e-03
-8.486816487715402868e-01,-5.113699176320637418e-01,-2.152677700247580816e-01,-3.882343062361508501e-01,3.635254212801534157e-01,7.210920430144791317e-03
-8.466099631389261138e-01,-5.101470253072866168e-01,-2.145035817179023474e-01,-3.890904600695255788e-01,3.643958598427692874e-01,7.237922539458114396e-03
-8.445818446018646952e-01,-5.089324485231764283e-01,-2.137510642813943151e-01,-3.899464727328491587e-01,3.652697185335521124e-01,7.265137991945797707e-03
-8.425971320205452031e-01,-5.077264052657520788e-01,-2.130102736000021868e-01,-3.908023841909307738e-01,3.661469827945564859e-01,7.292560422270781724e-03
-8.406556621070290225e-01,-5.065291104504456854e-01,-2.122812613892439970e-01,-3.916582333466903654e-01,3.670276376607211066e-01,7.320183468928617362e-03
-8.387572694744571677e-01,-5.053407758848664777e-01,-2.115640752267493041e-01,-3.925140580387425082e-01,3.679116677526727552e-01,7.348000775175172680e-03
-8.369017866836482300e-01,-5.041616102324216753e-01,-2.108587585845502210e-01,-3.933698950396476990e-01,3.687990572697114056e-01,7.376005989943599031e-03
-8.350890442871853336e-01,-5.029918189768005643e-01,-2.101653508622855770e-01,-3.942257800548000790e-01,3.696897899829843515e-01,7.404192768751986960e-03
-8.333188708710910220e-01,-5.018316043873309873e-01,-2.094838874213018343e-01,-3.950817477219210616e-01,3.705838492288572317e-01,7.432554774603091809e-03
-8.315910930941872170e-01,-5.006811654852165727e-01,-2.088143996196356322e-01,-3.959378316111294427e-01,3.714812179024874483e-01,7.461085678877387578e-03
-8.299055357252375087e-01,-4.995406980106635864e-01,-2.081569148478608355e-01,-3.967940642255601280e-01,3.723818784516056413e-01,7.489779162220647733e-03
-8.282620216779628119e-01,-4.984103943909076184e-01,-2.075114565657849852e-01,-3.976504770025043878e-01,3.732858128705097700e-01,7.518628915427151907e-03
-8.266603720440243164e-01,-4.972904437091493213e-01,-2.068780443399783620e-01,-3.985071003150456037e-01,3.741930026942765219e-01,7.547628640319554993e-03
-8.251004061240631016e-01,-4.961810316744092453e-01,-2.062566938821200069e-01,-3.993639634741660283e-01,3.751034289931926002e-01,7.576772050626356253e-03
-8.235819414568863461e-01,-4.950823405923127640e-01,-2.056474170881443519e-01,-4.002210947313006861e-01,3.760170723674090554e-01,7.606052872857838390e-03
-8.221047938468838412e-01,-4.939945493368148033e-01,-2.050502220781721396e-01,-4.010785212813161582e-01,3.769339129418218248e-01,7.635464847181270241e-03
-8.206687773897638483e-01,-4.929178333228754205e-01,-2.044651132372092006e-01,-4.019362692658924874e-01,3.778539303611793687e-01,7.665001728296079106e-03
-8.192737044966869053e-01,-4.918523644800965600e-01,-2.038920912565970467e-01,-4.027943637772882224e-01,3.787771037854198442e-01,7.694657286309645843e-03
-8.179193859168807368e-01,-4.907983112273308079e-01,-2.033311531761983204e-01,-4.036528288624686711e-01,3.797034118852379292e-01,7.724425307614293454e-03
-8.166056307588166474e-01,-4.897558384482725846e-01,-2.027822924273005589e-01,-4.045116875275801549e-01,3.806328328378837389e-01,7.754299595765957488e-03
-8.153322465100208971e-01,-4.887251074680421525e-01,-2.022454988762219241e-01,-4.053709617427516121e-01,3.815653443231928899e-01,7.784273972364992751e-03
-8.140990390555999934e-01,-4.877062760307731004e-01,-2.017207588686014685e-01,-4.062306724472083408e-01,3.825009235198486013e-01,7.814342277939470213e-03
-8.129058126955510666e-01,-4.866994982782134049e-01,-2.012080552743573669e-01,-4.070908395546825598e-01,3.834395471018766099e-01,7.844498372831269425e-03
-8.117523701609298259e-01,-4.857049247293493965e-01,-2.007073675332959328e-01,-4.079514819591054664e-01,3.843811912353716220e-01,7.874736138085224046e-03
-8.106385126289442633e-01,-4.847227022610637870e-01,-2.002186717013542117e-01,-4.088126175405687457e-01,3.853258315754561347e-01,7.905049476341493089e-03
-8.095640397370434949e-01,-4.837529740898351971e-01,-1.997419404974585255e-01,-4.096742631715414862e-01,3.862734432634706838e-01,7.935432312731282786e-03
-8.085287495960662429e-01,-4.827958797544904535e-01,-1.992771433509822054e-01,-4.105364347233323441e-01,3.872240009243957393e-01,7.965878595776005808e-03
-8.075324388025127975e-01,-4.818515551000167041e-01,-1.988242464497842477e-01,-4.113991470727847988e-01,3.881774786645039166e-01,7.996382298289875235e-03
-8.065749024500019626e-01,-4.809201322624427899e-01,-1.983832127888112140e-01,-4.122624141091962846e-01,3.891338500692427815e-01,8.026937418285926343e-03
-8.056559341399748275e-01,-4.800017396547974213e-01,-1.979540022192449733e-01,-4.131262487414515405e-01,3.900930882013471379e-01,8.057537979885358650e-03
-8.047753259917006519e-01,-4.790965019541518766e-01,-1.975365714981778820e-01,-4.139906629053617948e-01,3.910551655991810760e-01,8.088178034230087202e-03
-8.039328686516438172e-01,-4.782045400897544374e-01,-1.971308743387973350e-01,-4.148556675712019026e-01,3.920200542753078943e-01,8.118851660398319209e-03
-8.031283513022443588e-01,-4.773259712322627801e-01,-1.967368614610614519e-01,-4.157212727514383310e-01,3.929877257152887826e-01,8.149552966322944417e-03
-8.023615616701660347e-01,-4.764609087840814827e-01,-1.963544806428474954e-01,-4.165874875086412743e-01,3.939581508767093787e-01,8.180276089712482449e-03
-8.016322860340615586e-01,-4.756094623708089220e-01,-1.959836767715543993e-01,-4.174543199635755153e-01,3.949313001884327545e-01,8.211015198974269680e-03
-8.009403092319060669e-01,-4.747717378338001670e-01,-1.956243918961407535e-01,-4.183217773034644260e-01,3.959071435500802760e-01,8.241764494139582065e-03
-8.002854146679427849e-01,-4.739478372238491999e-01,-1.952765652795794837e-01,-4.191898657904218894e-01,3.968856503317387263e-01,8.272518207790296660e-03
-7.996673843192907416e-01,-4.731378587959952919e-01,-1.949401334517100182e-01,-4.200585907700487009e-01,3.978667893738938588e-01,8.303270605986701539e-03
-7.990859987422547217e-01,-4.723418970054567012e-01,-1.946150302624690687e-01,-4.209279566801896744e-01,3.988505289875903248e-01,8.334015989196013469e-03
-7.985410370783819767e-01,-4.715600425046947430e-01,-1.943011869354807353e-01,-4.217979670598471231e-01,3.998368369548180312e-01,8.364748693221136719e-03
-7.980322770603049953e-01,-4.707923821416102883e-01,-1.939985321219862557e-01,-4.226686245582490509e-01,4.008256805291244840e-01,8.395463090129180739e-03
-7.975594950174099695e-01,-4.700389989588746875e-01,-1.937069919550944430e-01,-4.235399309440690541e-01,4.018170264364536171e-01,8.426153589179183334e-03
-7.971224658813687025e-01,-4.692999721943961755e-01,-1.934264901043325768e-01,-4.244118871147952721e-01,4.028108408762113846e-01,8.456814637748551883e-03
-7.967209631915678214e-01,-4.685753772829219232e-01,-1.931569478304781817e-01,-4.252844931062477185e-01,4.038070895225578383e-01,8.487440722257594619e-03
-7.963547591004722648e-01,-4.678652858587762364e-01,-1.928982840406519017e-01,-4.261577481022413849e-01,4.048057375259266344e-01,8.518026369091605959e-03
-7.960236243789533539e-01,-4.671697657597335129e-01,-1.926504153436511824e-01,-4.270316504443944505e-01,4.058067495147720249e-01,8.548566145519858814e-03
-7.957273284216143105e-01,-4.664888810320251822e-01,-1.924132561055046930e-01,-4.279061976420803770e-01,4.068100895975437781e-01,8.579054660610912347e-03
-7.954656392521415320e-01,-4.658226919364781837e-01,-1.921867185052271443e-01,-4.287813863825229999e-01,4.078157213648904711e-01,8.609486566143572522e-03
-7.952383235287122654e-01,-4.651712549557827647e-01,-1.919707125907541556e-01,-4.296572125410341170e-01,4.088236078920924887e-01,8.639856557512867047e-03
-7.950451465494824399e-01,-4.645346228028862656e-01,-1.917651463350363850e-01,-4.305336711913928527e-01,4.098337117417238940e-01,8.670159374630358184e-03
-7.948858722581829683e-01,-4.639128444305090637e-01,-1.915699256922726024e-01,-4.314107566163669638e-01,4.108459949665450028e-01,8.700389802818118620e-03
-7.947602632498480535e-01,-4.633059650417777342e-01,-1.913849546542606417e-01,-4.322884623183743669e-01,4.118604191126261638e-01,8.730542673695702513e-03
-7.946680807766965948e-01,-4.627140261019715428e-01,-1.912101353068454690e-01,-4.331667810302867183e-01,4.128769452227025738e-01,8.760612866059384884e-03
-7.946090847541913416e-01,-4.621370653513755533e-01,-1.910453678864433014e-01,-4.340457047263729384e-01,4.138955338397619088e-01,8.790595306753001478e-03
-7.945830337672943333e-01,-4.615751168192342435e-01,-1.908905508366208204e-01,-4.349252246333836780e-01,4.149161450108645455e-01,8.820484971529669177e-03
-7.945896850769381681e-01,-4.610282108387991906e-01,-1.907455808647083306e-01,-4.358053312417760616e-01,4.159387382911973741e-01,8.850276885903684415e-03
-7.946287946267303059e-01,-4.604963740634630542e-01,-1.906103529984254641e-01,-4.366860143170784303e-01,4.169632727483620349e-01,8.879966125991890086e-03
-7.947001170499095046e-01,-4.599796294839715305e-01,-1.904847606424980855e-01,-4.375672629113949719e-01,4.179897069668973564e-01,8.909547819343810113e-03
-7.948034056765675981e-01,-4.594779964467051170e-01,-1.903686956352450832e-01,-4.384490653750497957e-01,4.190179990530373266e-01,8.939017145759838717e-03
-7.949384125411528279e-01,-4.589914906730212518e-01,-1.902620483051139233e-01,-4.393314093683702293e-01,4.200481066397044327e-01,8.968369338096776611e-03
-7.951048883902674946e-01,-4.585201242796469456e-01,-1.901647075271427623e-01,-4.402142818736080043e-01,4.210799868917390887e-01,8.997599683060039308e-03
-7.953025826907728080e-01,-4.580639058001114150e-01,-1.900765607793281908e-01,-4.410976692069987215e-01,4.221135965113649857e-01,9.026703521981810710e-03
-7.955312436382127039e-01,-4.576228402072083923e-01,-1.899974941988765986e-01,-4.419815570309579278e-01,4.231488917438907538e-01,9.055676251584484499e-03
-7.957906181655661770e-01,-4.571969289364757327e-01,-1.899273926383179822e-01,-4.428659303664131963e-01,4.241858283836482113e-01,9.084513324728704653e-03
-7.960804519523395628e-01,-4.567861699106812723e-01,-1.898661397214602697e-01,-4.437507736052703766e-01,4.252243617801661490e-01,9.113210251145335491e-03
-7.964004894340044327e-01,-4.563905575653016689e-01,-1.898136178991625678e-01,-4.446360705230137378e-01,4.262644468445805912e-01,9.141762598150719385e-03
-7.967504738117934249e-01,-4.560100828749815705e-01,-1.897697085049059873e-01,-4.455218042914373400e-01,4.273060380562801464e-01,9.170165991344557746e-03
-7.971301470628555652e-01,-4.556447333809592881e-01,-1.897342918101402875e-01,-4.464079574915060800e-01,4.283490894697865037e-01,9.198416115289808140e-03
-7.975392499507821809e-01,-4.552944932194454841e-01,-1.897072470793847720e-01,-4.472945121263452450e-01,4.293935547218689086e-01,9.226508714173976486e-03
-7.979775220365055155e-01,-4.549593431509392771e-01,-1.896884526250621206e-01,-4.481814496343544674e-01,4.304393870388920074e-01,9.254439592451190258e-03
-7.984447016895759308e-01,-4.546392605904679973e-01,-1.896777858620438129e-01,-4.490687509024454127e-01,4.314865392443953951e-01,9.282204615464492367e-03
-7.989405260998210245e-01,-4.543342196387341603e-01,-1.896751233618854393e-01,-4.499563962793994842e-01,4.325349637669047564e-01,9.309799710047785004e-03
-7.994647312893902180e-01,-4.540441911141542830e-01,-1.896803409067312762e-01,-4.508443655893419333e-01,4.335846126479710461e-01,9.337220865106882206e-03
-8.000170521251876998e-01,-4.537691425857723893e-01,-1.896933135428665040e-01,-4.517326381453308226e-01,4.346354375504385970e-01,9.364464132179142059e-03
-8.005972223316935032e-01,-4.535090384070327163e-01,-1.897139156338963906e-01,-4.526211927630550691e-01,4.356873897669373275e-01,9.391525625971187605e-03
-8.012049745041764925e-01,-4.532638397503930272e-01,-1.897420209135315949e-01,-4.535100077746396230e-01,4.367404202285992132e-01,9.418401524874225536e-03
-8.018400401222981477e-01,-4.530335046427617085e-01,-1.897775025379588310e-01,-4.543990610425520660e-01,4.377944795139952494e-01,9.445088071456528983e-03
-8.025021495641072589e-01,-4.528179880017400571e-01,-1.898202331377766006e-01,-4.552883299736076306e-01,4.388495178582909606e-01,9.471581572932622969e-03
-8.031910321204261960e-01,-4.526172416726518266e-01,-1.898700848694755139e-01,-4.561777915330668676e-01,4.399054851626167939e-01,9.497878401608794360e-03
-8.039064160096255351e-01,-4.524312144663409918e-01,-1.899269294664434060e-01,-4.570674222588213542e-01,4.409623310036508981e-01,9.523974995304522115e-03
-8.046480283927880395e-01,-4.522598521977185260e-01,-1.899906382894752943e-01,-4.579571982756622806e-01,4.420200046434106800e-01,9.549867857749499978e-03
-8.054155953892574438e-01,-4.521030977250385385e-01,-1.900610823767686919e-01,-4.588470953096267513e-01,4.430784550392493637e-01,9.575553558955908137e-03
-8.062088420925713761e-01,-4.519608909898846227e-01,-1.901381324933849315e-01,-4.597370887024150310e-01,4.441376308540536666e-01,9.601028735565630273e-03
-8.070274925867748639e-01,-4.518331690578450410e-01,-1.902216591801577095e-01,-4.606271534258738476e-01,4.451974804666385954e-01,9.626290091172160987e-03
-8.078712699631106497e-01,-4.517198661598573195e-01,-1.903115328020300590e-01,-4.615172640965386486e-01,4.462579519823347551e-01,9.651334396616960756e-03
-8.087398963370835414e-01,-4.516209137342011015e-01,-1.904076235958014340e-01,-4.624073949902288705e-01,4.473189932437637850e-01,9.676158490260032899e-03
-8.096330928658935777e-01,-4.515362404691179998e-01,-1.905098017172670299e-01,-4.632975200566888385e-01,4.483805518417964264e-01,9.700759278224557747e-03
-8.105505797662352352e-01,-4.514657723460373528e-01,-1.906179372877317701e-01,-4.641876129342679125e-01,4.494425751266888369e-01,9.725133734615415762e-03
-8.114920763324564579e-01,-4.514094326833862914e-01,-1.907319004398815854e-01,-4.650776469646325517e-01,4.505050102193912109e-01,9.749278901711495512e-03
-8.124573009550729585e-01,-4.513671421809620776e-01,-1.908515613629954144e-01,-4.659675952075024163e-01,4.515678040230232115e-01,9.773191890131677217e-03
-8.134459711396333503e-01,-4.513388189648447901e-01,-1.909767903474814676e-01,-4.668574304554035104e-01,4.526309032345105510e-01,9.796869878974453702e-03
-8.144578035259284476e-01,-4.513243786328280938e-01,-1.911074578287218217e-01,-4.677471252484300401e-01,4.536942543563760588e-01,9.820310115931136716e-03
-8.154925139075398510e-01,-4.513237343003455027e-01,-1.912434344302100520e-01,-4.686366518890077160e-01,4.547578037086797975e-01,9.843509917372669435e-03
-8.165498172517213771e-01,-4.513367966468695980e-01,-1.913845910059667477e-01,-4.695259824566494489e-01,4.558214974411008424e-01,9.866466668410069432e-03
-8.176294277196077820e-01,-4.513634739627613301e-01,-1.915307986822185615e-01,-4.704150888226959482e-01,4.568852815451546201e-01,9.889177822928566300e-03
-8.187310586867436735e-01,-4.514036721965460908e-01,-1.916819288983270253e-01,-4.713039426650325603e-01,4.579491018665380886e-01,9.911640903595531071e-03
-8.198544227639265047e-01,-4.514572950025937392e-01,-1.918378534469533103e-01,-4.721925154827735782e-01,4.590129041175970426e-01,9.933853501842329278e-03
-8.209992318183583215e-01,-4.515242437891794358e-01,-1.919984445134464424e-01,-4.730807786109058610e-01,4.600766338899066055e-01,9.955813277820229484e-03
-8.221651969950969363e-01,-4.516044177669016335e-01,-1.921635747144427309e-01,-4.739687032348827711e-01,4.611402366669585251e-01,9.977517960330598012e-03
-8.233520287388020886e-01,-4.516977139974333588e-01,-1.923331171356642555e-01,-4.748562604051594915e-01,4.622036578369473903e-01,9.998965346729534256e-03
-8.245594368157683762e-01,-4.518040274425841885e-01,-1.925069453689058629e-01,-4.757434210516615636e-01,4.632668427056476079e-01,1.002015330280726403e-02
-8.257871303362388504e-01,-4.519232510136484415e-01,-1.926849335481997105e-01,-4.766301559981767633e-01,4.643297365093739804e-01,1.004107976264249046e-02
-8.270348177769912823e-01,-4.520552756210160505e-01,-1.928669563851478364e-01,-4.775164359766624345e-01,4.653922844280173332e-01,1.006174272843206319e-02
-8.283022070041911045e-01,-4.521999902240226299e-01,-1.930528892034131527e-01,-4.784022316414588416e-01,4.664544315981467015e-01,1.008214027029626786e-02
-8.295890052965029238e-01,-4.523572818810148166e-01,-1.932426079723605916e-01,-4.792875135833997158e-01,4.675161231261711348e-01,1.010227052606009132e-02
-8.308949193684538326e-01,-4.525270357996070691e-01,-1.934359893398401031e-01,-4.801722523438110568e-01,4.685773041015510731e-01,1.012213170101085649e-02
-8.322196553940420793e-01,-4.527091353871062762e-01,-1.936329106641045128e-01,-4.810564184283898093e-01,4.696379196100525233e-01,1.014172206763263098e-02
-8.335629190305825498e-01,-4.529034623010801952e-01,-1.938332500448554097e-01,-4.819399823209532530e-01,4.706979147470343183e-01,1.016103996531783973e-02
-8.349244154427833964e-01,-4.531098965000465162e-01,-1.940368863534110699e-01,-4.828229144970504483e-01,4.717572346307605802e-01,1.018008380005654481e-02
-8.363038493270456009e-01,-4.533283162942582933e-01,-1.942436992619913927e-01,-4.837051854374275206e-01,4.728158244157298906e-01,1.019885204410385902e-02
-8.377009249359791410e-01,-4.535585983965627066e-01,-1.944535692721148512e-01,-4.845867656413380686e-01,4.738736293060125671e-01,1.021734323562601722e-02
-8.391153461031284344e-01,-4.538006179733092837e-01,-1.946663777421039909e-01,-4.854676256396903700e-01,4.749305945685869390e-01,1.023555597832560837e-02
-8.405468162678999544e-01,-4.540542486952844348e-01,-1.948820069136959487e-01,-4.863477360080231682e-01,4.759866655466668539e-01,1.025348894104651833e-02
-8.419950385006859106e-01,-4.543193627886489283e-01,-1.951003399377555236e-01,-4.872270673793022699e-01,4.770417876730117523e-01,1.027114085735915915e-02
-8.434597155281755576e-01,-4.545958310858554396e-01,-1.953212608990891330e-01,-4.881055904565301251e-01,4.780959064832102645e-01,1.028851052512652804e-02
-8.449405497588499125e-01,-4.548835230765223558e-01,-1.955446548403583507e-01,-4.889832760251598409e-01,4.791489676289295008e-01,1.030559680605174291e-02
-8.464372433086503333e-01,-4.551823069582422998e-01,-1.957704077850926649e-01,-4.898600949653077463e-01,4.802009168911214876e-01,1.032239862520762524e-02
-8.479494980268168502e-01,-4.554920496873017255e-01,-1.959984067598017077e-01,-4.907360182637559576e-01,4.812517001931783112e-01,1.033891497054897739e-02
-8.494770155218880348e-01,-4.558126170292897128e-01,-1.962285398151878968e-01,-4.916110170257384504e-01,4.823012636140279197e-01,1.035514489240818743e-02
-8.510194971878575210e-01,-4.561438736095732027e-01,-1.964606960464611030e-01,-4.924850624865039772e-01,4.833495534011626460e-01,1.037108750297482257e-02
-8.525766442304791859e-01,-4.564856829636171898e-01,-1.966947656127576993e-01,-4.933581260226491128e-01,4.843965159835920131e-01,1.038674197575986495e-02
-8.541481576937174358e-01,-4.568379075871280004e-01,-1.969306397556668808e-01,-4.942301791632152663e-01,4.854420979847126061e-01,1.040210754504525964e-02
-8.557337384863334950e-01,-4.572004089859978415e-01,-1.971682108168679171e-01,-4.951011936005436098e-01,4.864862462350867944e-01,1.041718350531947029e-02
-8.573330874086040332e-01,-4.575730477260298024e-01,-1.974073722548826959e-01,-4.959711412008827591e-01,4.875289077851229780e-01,1.043196921069972083e-02
-8.589459051791658029e-01,-4.579556834824222156e-01,-1.976480186609484990e-01,-4.968399940147427141e-01,4.885700299176500838e-01,1.044646407434161352e-02
-8.605718924619802923e-01,-4.583481750889913942e-01,-1.978900457740164487e-01,-4.977077242869917817e-01,4.896095601603789316e-01,1.046066756783682952e-02
-8.622107498934132863e-01,-4.587503805871131490e-01,-1.981333504948820379e-01,-4.985743044666895996e-01,4.906474462982433615e-01,1.047457922059960925e-02
-8.638621781094236729e-01,-4.591621572743621593e-01,-1.983778308994542661e-01,-4.994397072166534834e-01,4.916836363856147418e-01,1.048819861924272026e-02
-8.655258777728563890e-01,-4.595833617528304327e-01,-1.986233862511711246e-01,-5.003039054227536031e-01,4.927180787583831933e-01,1.050152540694361189e-02
-8.672015496008346203e-01,-4.600138499771048717e-01,-1.988699170125692028e-01,-5.011668722029325451e-01,4.937507220458980384e-01,1.051455928280146772e-02
-8.688888943922458141e-01,-4.604534773018853500e-01,-1.991173248560159925e-01,-5.020285809159468204e-01,4.947815151827633096e-01,1.052730000118584815e-02
-8.705876130553172887e-01,-4.609020985292245354e-01,-1.993655126736141314e-01,-5.028890051698267083e-01,4.958104074204805478e-01,1.053974737107762731e-02
-8.722974066352757738e-01,-4.613595679553713635e-01,-1.996143845862871635e-01,-5.037481188300515500e-01,4.968373483389342815e-01,1.055190125540293039e-02
-8.740179763420875547e-01,-4.618257394172004537e-01,-1.998638459520569177e-01,-5.046058960274386607e-01,4.978622878577141364e-01,1.056376157036074265e-02
-8.757490235782736665e-01,-4.623004663382098700e-01,-2.001138033735233024e-01,-5.054623111657436940e-01,4.988851762472689133e-01,1.057532828474488235e-02
-8.774902499667968092e-01,-4.627836017740705188e-01,-2.003641647045577290e-01,-5.063173389289699067e-01,4.999059641398871379e-01,1.058660141926102451e-02
-8.792413573790148762e-01,-4.632749984577103630e-01,-2.006148390562215167e-01,-5.071709542883867661e-01,5.009246025404997527e-01,1.059758104583941561e-02
-8.810020479626972101e-01,-4.637745088439180208e-01,-2.008657368019217404e-01,-5.080231325092553485e-01,5.019410428373007882e-01,1.060826728694397314e-02
-8.827720241701010329e-01,-4.642819851534491504e-01,-2.011167695818167622e-01,-5.088738491572604161e-01,5.029552368121809058e-01,1.061866031487837883e-02
-8.845509887861021658e-01,-4.647972794166211341e-01,-2.013678503064844638e-01,-5.097230801046495063e-01,5.039671366509710371e-01,1.062876035108984395e-02
-8.863386449563775971e-01,-4.653202435163812933e-01,-2.016188931598664746e-01,-5.105708015360782559e-01,5.049766949534922889e-01,1.063856766547111553e-02
-8.881346962156361213e-01,-4.658507292308343151e-01,-2.018698136015018296e-01,-5.114169899541630704e-01,5.059838647434076186e-01,1.064808257566138977e-02
-8.899388465158933892e-01,-4.663885882752148992e-01,-2.021205283680647669e-01,-5.122616221847414719e-01,5.069885994778742244e-01,1.065730544634668937e-02
-8.917508002547881452e-01,-4.669336723432929714e-01,-2.023709554742200711e-01,-5.131046753818411243e-01,5.079908530569920977e-01,1.066623668856029293e-02
-8.935702623039367687e-01,-4.674858331481980822e-01,-2.026210142128112845e-01,-5.139461270323602005e-01,5.089905798330475184e-01,1.067487675898378709e-02
-8.953969380373221210e-01,-4.680449224626510030e-01,-2.028706251543964945e-01,-5.147859549604587581e-01,5.099877346195482719e-01,1.068322615924928790e-02
-8.972305333597140331e-01,-4.686107921585909164e-01,-2.031197101461466592e-01,-5.156241373316654553e-01,5.109822727000491449e-01,1.069128543524334833e-02
-8.990707547351191042e-01,-4.691832942461867662e-01,-2.033681923101225142e-01,-5.164606526567001588e-01,5.119741498367663679e-01,1.069905517641307931e-02
-9.009173092152553686e-01,-4.697622809122219412e-01,-2.036159960409448522e-01,-5.172954797950165551e-01,5.129633222789785618e-01,1.070653601507496125e-02
-9.027699044680508322e-01,-4.703476045578425246e-01,-2.038630470028746644e-01,-5.181285979580665391e-01,5.139497467712141887e-01,1.071372862572683542e-02
-9.046282488061618832e-01,-4.709391178356585606e-01,-2.041092721263188803e-01,-5.189599867122907106e-01,5.149333805612237303e-01,1.072063372436352253e-02
-9.064920512155084653e-01,-4.715366736861905661e-01,-2.043545996037779144e-01,-5.197896259818380882e-01,5.159141814077364829e-01,1.072725206779648680e-02
-9.083610213838252401e-01,-4.721401253736510761e-01,-2.045989588852513419e-01,-5.206174960510185912e-01,5.168921075880015259e-01,1.073358445297799106e-02
-9.102348697292246271e-01,-4.727493265210542250e-01,-2.048422806731179935e-01,-5.214435775664926220e-01,5.178671179051120843e-01,1.073963171633010930e-02
-9.121133074287692821e-01,-4.733641311446453726e-01,-2.050844969165068754e-01,-5.222678515392024101e-01,5.188391716951146204e-01,1.074539473307896745e-02
-9.139960464470516799e-01,-4.739843936876435015e-01,-2.053255408051759268e-01,-5.230902993460491146e-01,5.198082288339015422e-01,1.075087441659458229e-02
-9.158827995647785825e-01,-4.746099690532907256e-01,-2.055653467629145748e-01,-5.239109027313206823e-01,5.207742497438893059e-01,1.075607171773660699e-02
-9.177732804073579498e-01,-4.752407126372013013e-01,-2.058038504404873792e-01,-5.247296438078753456e-01,5.217371954004818013e-01,1.076098762420630607e-02
-9.196672034734852952e-01,-4.758764803590065928e-01,-2.060409887081346147e-01,-5.255465050580860886e-01,5.226970273383204635e-01,1.076562315990502346e-02
-9.215642841637271543e-01,-4.765171286932894934e-01,-2.062766996476473047e-01,-5.263614693345516349e-01,5.236537076573223315e-01,1.076997938429942459e-02
-9.234642388090996690e-01,-4.771625146998046962e-01,-2.065109225440325269e-01,-5.271745198605788385e-01,5.246071990285067210e-01,1.077405739179375550e-02
-9.253667846996399549e-01,-4.778124960529802068e-01,-2.067435978767862281e-01,-5.279856402304423657e-01,5.255574646996132859e-01,1.077785831110932707e-02
-9.272716401129662556e-01,-4.784669310706978762e-01,-2.069746673107894785e-01,-5.287948144094288816e-01,5.265044685005116909e-01,1.078138330467141859e-02
-9.291785243428267727e-01,-4.791256787423485153e-01,-2.072040736868447919e-01,-5.296020267336691845e-01,5.274481748484060040e-01,1.078463356800380031e-02
-9.310871577276327304e-01,-4.797885987561603116e-01,-2.074317610118690813e-01,-5.304072619097660590e-01,5.283885487528353631e-01,1.078761032913100673e-02
-9.329972616789736772e-01,-4.804555515257982190e-01,-2.076576744487589887e-01,-5.312105050142242879e-01,5.293255558204730260e-01,1.079031484798850804e-02
-9.349085587101130246e-01,-4.811263982162327646e-01,-2.078817603059450736e-01,-5.320117414926878174e-01,5.302591622597260246e-01,1.079274841584088908e-02
-9.368207724644601608e-01,-4.818010007688781626e-01,-2.081039660266504610e-01,-5.328109571589918492e-01,5.311893348851383090e-01,1.079491235470813638e-02
-9.387336277440171406e-01,-4.824792219259978476e-01,-2.083242401778701847e-01,-5.336081381940351864e-01,5.321160411215997144e-01,1.079680801680009058e-02
-9.406468505377972855e-01,-4.831609252543788702e-01,-2.085425324390863255e-01,-5.344032711444797190e-01,5.330392490083627477e-01,1.079843678395914566e-02
-9.425601680502118107e-01,-4.838459751682749332e-01,-2.087587935907346814e-01,-5.351963429212841517e-01,5.339589272028715250e-01,1.079980006711119336e-02
-9.444733087294231444e-01,-4.845342369516192349e-01,-2.089729755024383739e-01,-5.359873407980774163e-01,5.348750449844037469e-01,1.080089930572486479e-02
-9.463860022956603890e-01,-4.852255767795085051e-01,-2.091850311210227964e-01,-5.367762524093794285e-01,5.357875722575301536e-01,1.080173596727906048e-02
-9.482979797694948143e-01,-4.859198617389597907e-01,-2.093949144583276412e-01,-5.375630657486755171e-01,5.366964795553936796e-01,1.080231154673872221e-02
-9.502089735000716075e-01,-4.866169598489431536e-01,-2.096025805788296892e-01,-5.383477691663501874e-01,5.376017380428116388e-01,1.080262756603884294e-02
-9.521187171932955495e-01,-4.873167400796918347e-01,-2.098079855870914889e-01,-5.391303513674887693e-01,5.385033195192037159e-01,1.080268557357665429e-02
-9.540269459399656204e-01,-4.880190723712941048e-01,-2.100110866150496358e-01,-5.399108014095508334e-01,5.394011964213490939e-01,1.080248714371191687e-02
-9.559333962438565369e-01,-4.887238276515695756e-01,-2.102118418091565022e-01,-5.406891086999249252e-01,5.402953418259761609e-01,1.080203387627523548e-02
-9.578378060497426683e-01,-4.894308778532343585e-01,-2.104102103173893235e-01,-5.414652629933683903e-01,5.411857294521866812e-01,1.080132739608429676e-02
-9.597399147713611134e-01,-4.901400959303595650e-01,-2.106061522761397964e-01,-5.422392543893402861e-01,5.420723336637196521e-01,1.080036935246793915e-02
-9.616394633193097174e-01,-4.908513558741270932e-01,-2.107996287969973181e-01,-5.430110733292330405e-01,5.429551294710559528e-01,1.079916141879788856e-02
-9.635361941288759224e-01,-4.915645327278887478e-01,-2.109906019534386612e-01,-5.437807105935097418e-01,5.438340925333682296e-01,1.079770529202807479e-02
-9.654298511877928979e-01,-4.922795026015335806e-01,-2.111790347674366852e-01,-5.445481572987523888e-01,5.447091991603182359e-01,1.079600269224134310e-02
-9.673201800639180670e-01,-4.929961426851698358e-01,-2.113648911960002708e-01,-5.453134048946277623e-01,5.455804263137064014e-01,1.079405536220341862e-02
-9.692069279328293652e-01,-4.937143312621264379e-01,-2.115481361176574371e-01,-5.460764451607766912e-01,5.464477516089738529e-01,1.079186506692395367e-02
-9.710898436053361227e-01,-4.944339477212823519e-01,-2.117287353188934129e-01,-5.468372702036328192e-01,5.473111533165625486e-01,1.078943359322447927e-02
-9.729686775548977984e-01,-4.951548725687285879e-01,-2.119066554805548452e-01,-5.475958724531763133e-01,5.481706103631356353e-01,1.078676274931307001e-02
-9.748431819449470126e-01,-4.958769874387719545e-01,-2.120818641642315261e-01,-5.483522446596276190e-01,5.490261023326603596e-01,1.078385436436553498e-02
-9.767131106561118825e-01,-4.966001751042865009e-01,-2.122543297986260458e-01,-5.491063798900884807e-01,5.498776094673570869e-01,1.078071028811293172e-02
-9.785782193133314433e-01,-4.973243194864209737e-01,-2.124240216659222247e-01,-5.498582715251330022e-01,5.507251126685166476e-01,1.077733239043519170e-02
-9.804382653128603797e-01,-4.980493056636700611e-01,-2.125909098881622328e-01,-5.506079132553567401e-01,5.515685934971895632e-01,1.077372256096064893e-02
-9.822930078491557415e-01,-4.987750198803182489e-01,-2.127549654136425272e-01,-5.513552990778867180e-01,5.524080341747490408e-01,1.076988270867125334e-02
-9.841422079416419777e-01,-4.995013495542638404e-01,-2.129161600033379342e-01,-5.521004232928579114e-01,5.532434175833306211e-01,1.076581476151323991e-02
-9.859856284613466304e-01,-5.002281832842327969e-01,-2.130744662173634785e-01,-5.528432804998614225e-01,5.540747272661504796e-01,1.076152066601304691e-02
-9.878230341574016915e-01,-5.009554108563906150e-01,-2.132298574014827031e-01,-5.535838655943683406e-01,5.549019474277058217e-01,1.075700238689822688e-02
-9.896541916834050712e-01,-5.016829232503623448e-01,-2.133823076736713620e-01,-5.543221737641339519e-01,5.557250629338585934e-01,1.075226190672314876e-02
-9.914788696236342957e-01,-5.024106126446691301e-01,-2.135317919107447282e-01,-5.550582004855864060e-01,5.565440593118049506e-01,1.074730122549924678e-02
-9.932968385191074390e-01,-5.031383724215917619e-01,-2.136782857350568721e-01,-5.557919415202038360e-01,5.573589227499331500e-01,1.074212236032957846e-02
-9.951078708934842920e-01,-5.038660971714706838e-01,-2.138217655012794594e-01,-5.565233929108844846e-01,5.581696400975710848e-01,1.073672734504747123e-02
-9.969117412788005561e-01,-5.045936826964525501e-01,-2.139622082832679795e-01,-5.572525509783123887e-01,5.589761988646257951e-01,1.073111822985903414e-02
-9.987082262410291733e-01,-5.053210260136934417e-01,-2.140995918610222593e-01,-5.579794123173232867e-01,5.597785872211169522e-01,1.072529708098927947e-02
-1.000497104405460469e+00,-5.060480253580287302e-01,-2.142338947077486178e-01,-5.587039737932734118e-01,5.605767939966048719e-01,1.071926598033164785e-02
-1.002278156481895444e+00,-5.067745801841211373e-01,-2.143650959770301567e-01,-5.594262325384146139e-01,5.613708086795162755e-01,1.071302702510070273e-02
-1.004051165289643999e+00,-5.075005911680965376e-01,-2.144931754901117371e-01,-5.601461859482793626e-01,5.621606214163680226e-01,1.070658232748778957e-02
-1.005815915782320324e+00,-5.082259602086782735e-01,-2.146181137233057479e-01,-5.608638316780769628e-01,5.629462230108903675e-01,1.069993401431940799e-02
-1.007572195072429455e+00,-5.089505904278321946e-01,-2.147398917955246900e-01,-5.615791676391057585e-01,5.637276049230517394e-01,1.069308422671812024e-02
-1.009319792455735332e+00,-5.096743861709311929e-01,-2.148584914559459880e-01,-5.622921919951822112e-01,5.645047592679851567e-01,1.068603511976575458e-02
-1.011058499435404379e+00,-5.103972530064525559e-01,-2.149738950718148023e-01,-5.630029031590896293e-01,5.652776788148178300e-01,1.067878886216871472e-02
-1.012788109745915266e+00,-5.111190977252180190e-01,-2.150860856163896995e-01,-5.637112997890492139e-01,5.660463569854051746e-01,1.067134763592520602e-02
-1.014508419376727755e+00,-5.118398283391879522e-01,-2.151950466570360654e-01,-5.644173807852147506e-01,5.668107878529696775e-01,1.066371363599416013e-02
-1.016219226595702851e+00,-5.125593540798208947e-01,-2.153007623434722850e-01,-5.651211452861936158e-01,5.675709661406450612e-01,1.065588906996569121e-02
-1.017920331972264281e+00,-5.132775853960108714e-01,-2.154032173961725194e-01,-5.658225926655945370e-01,5.683268872199271904e-01,1.064787615773289328e-02
-1.019611538400295281e+00,-5.139944339516122618e-01,-2.155023970949308809e-01,-5.665217225286051095e-01,5.690785471090319403e-01,1.063967713116480661e-02
-1.021292651120761175e+00,-5.147098126225652104e-01,-2.155982872675905881e-01,-5.672185347085993978e-01,5.698259424711601406e-01,1.063129423378039382e-02
-1.022963477744048388e+00,-5.154236354936323483e-01,-2.156908742789419020e-01,-5.679130292637771804e-01,5.705690706126700373e-01,1.062272972042335034e-02
-1.024623828272013482e+00,-5.161358178547580389e-01,-2.157801450197925353e-01,-5.686052064738361667e-01,5.713079294811583830e-01,1.061398585693761748e-02
-1.026273515119732638e+00,-5.168462761970633590e-01,-2.158660868962136437e-01,-5.692950668366784095e-01,5.720425176634496012e-01,1.060506491984344012e-02
-1.027912353136942070e+00,-5.175549282084861424e-01,-2.159486878189645631e-01,-5.699826110651498023e-01,5.727728343834929126e-01,1.059596919601383733e-02
-1.029540159629162233e+00,-5.182616927690794073e-01,-2.160279361930992070e-01,-5.706678400838166576e-01,5.734988795001684236e-01,1.058670098235136268e-02
-1.031156754378496077e+00,-5.189664899459791592e-01,-2.161038209077569827e-01,-5.713507550257769241e-01,5.742206535050012883e-01,1.057726258546502762e-02
-1.032761959664093565e+00,-5.196692409880533381e-01,-2.161763313261402808e-01,-5.720313572295081528e-01,5.749381575197846095e-01,1.056765632134728031e-02
-1.034355600282272691e+00,-5.203698683202429009e-01,-2.162454572756814242e-01,-5.727096482357518781e-01,5.756513932941105249e-01,1.055788451505094636e-02
-1.035937503566288775e+00,-5.210682955376071401e-01,-2.163111890384006031e-01,-5.733856297844351912e-01,5.763603632028091450e-01,1.054794950036602383e-02
-1.037507499405743605e+00,-5.217644473990852294e-01,-2.163735173414574331e-01,-5.740593038116288405e-01,5.770650702432958967e-01,1.053785361949625271e-02
-1.039065420265625317e+00,-5.224582498209840997e-01,-2.164324333478970241e-01,-5.747306724465425232e-01,5.777655180328258311e-01,1.052759922273538949e-02
-1.040611101204970135e+00,-5.231496298702049685e-01,-2.164879286475930309e-01,-5.753997380085572599e-01,5.784617108056561152e-01,1.051718866814310184e-02
-1.042144379895137529e+00,-5.238385157572202910e-01,-2.165399952483887391e-01,-5.760665030042940726e-01,5.791536534101145994e-01,1.050662432122045041e-02
-1.043665096637689915e+00,-5.245248368288111251e-01,-2.165886255674370209e-01,-5.767309701247194109e-01,5.798413513055756807e-01,1.049590855458487453e-02
-1.045173094381869561e+00,-5.252085235605777891e-01,-2.166338124227409900e-01,-5.773931422422866611e-01,5.805248105593421304e-01,1.048504374764466784e-02
-1.046668218741661383e+00,-5.258895075492332483e-01,-2.166755490248958582e-01,-5.780530224081137369e-01,5.812040378434328858e-01,1.047403228627289892e-02
-1.048150318012436077e+00,-5.265677215046919990e-01,-2.167138289690329067e-01,-5.787106138491953100e-01,5.818790404312760289e-01,1.046287656248072635e-02
-1.049619243187163153e+00,-5.272430992419638862e-01,-2.167486462269659075e-01,-5.793659199656502334e-01,5.825498261943068412e-01,1.045157897409014665e-02
-1.051074847972187198e+00,-5.279155756728652893e-01,-2.167799951395411873e-01,-5.800189443280031609e-01,5.832164035984704897e-01,1.044014192440610375e-02
-1.052516988802557174e+00,-5.285850867975572243e-01,-2.168078704091908337e-01,-5.806696906744992503e-01,5.838787817006287906e-01,1.042856782188799833e-02
-1.053945524856902072e+00,-5.292515696959215754e-01,-2.168322670926897955e-01,-5.813181629084522850e-01,5.845369701448703825e-01,1.041685907982057950e-02
-1.055360318071844494e+00,-5.299149625187864476e-01,-2.168531805941166513e-01,-5.819643650956241032e-01,5.851909791587244225e-01,1.040501811598424330e-02
-1.056761233155944169e+00,-5.305752044790104094e-01,-2.168706066580182168e-01,-5.826083014616362243e-01,5.858408195492769144e-01,1.039304735232474824e-02
-1.058148137603163397e+00,-5.312322358424365065e-01,-2.168845413627775720e-01,-5.832499763894112288e-01,5.864865026991896713e-01,1.038094921462238279e-02
-1.059520901705846896e+00,-5.318859979187259279e-01,-2.168949811141852313e-01,-5.838893944166441141e-01,5.871280405626208010e-01,1.036872613216060363e-02
-1.060879398567209364e+00,-5.325364330520818701e-01,-2.169019226392131239e-01,-5.845265602333028498e-01,5.877654456610477141e-01,1.035638053739420042e-02
-1.062223504113320782e+00,-5.331834846118733706e-01,-2.169053629799904681e-01,-5.851614786791559109e-01,5.883987310789908776e-01,1.034391486561701476e-02
-1.063553097104586120e+00,-5.338270969831686585e-01,-2.169052994879813734e-01,-5.857941547413278993e-01,5.890279104596390924e-01,1.033133155462927569e-02
-1.064868059146709012e+00,-5.344672155571883465e-01,-2.169017298183627540e-01,-5.864245935518805908e-01,5.896529980003750726e-01,1.031863304440460566e-02
-1.066168274701134067e+00,-5.351037867216873467e-01,-2.168946519246019999e-01,-5.870528003854196264e-01,5.902740084482026584e-01,1.030582177675674720e-02
-1.067453631094960942e+00,-5.357367578512756134e-01,-2.168840640532332664e-01,-5.876787806567255190e-01,5.908909570950735546e-01,1.029290019500609353e-02
-1.068724018530323505e+00,-5.363660772976862612e-01,-2.168699647388311058e-01,-5.883025399184079740e-01,5.915038597731150372e-01,1.027987074364608046e-02
-1.069979330093227654e+00,-5.369916943800007170e-01,-2.168523527991803312e-01,-5.889240838585825255e-01,5.921127328497580722e-01,1.026673586800952095e-02
-1.071219461761842462e+00,-5.376135593748396779e-01,-2.168312273306406135e-01,-5.895434182985695992e-01,5.927175932227655153e-01,1.025349801393496060e-02
-1.072444312414237322e+00,-5.382316235065284227e-01,-2.168065877037043954e-01,-5.901605491906135592e-01,5.933184583151611680e-01,1.024015962743312497e-02
-1.073653783835560649e+00,-5.388458389372449142e-01,-2.167784335587465416e-01,-5.907754826156218497e-01,5.939153460700588028e-01,1.022672315435357686e-02
-1.074847780724654589e+00,-5.394561587571602423e-01,-2.167467648019638371e-01,-5.913882247809235659e-01,5.945082749453924897e-01,1.021319104005162862e-02
-1.076026210700099073e+00,-5.400625369745778448e-01,-2.167115816015029173e-01,-5.919987820180458993e-01,5.950972639085478910e-01,1.019956572905563429e-02
-1.077188984305682551e+00,-5.406649285060813881e-01,-2.166728843837744112e-01,-5.926071607805083463e-01,5.956823324308944123e-01,1.018584966473475191e-02
-1.078336015015292748e+00,-5.412632891666977475e-01,-2.166306738299515755e-01,-5.932133676416329049e-01,5.962635004822196549e-01,1.017204528896725746e-02
-1.079467219237223219e+00,-5.418575756600835236e-01,-2.165849508726510331e-01,-5.938174092923711456e-01,5.968407885250656131e-01,1.015815504180951970e-02
-1.080582516317892372e+00,-5.424477455687424232e-01,-2.165357166927939225e-01,-5.944192925391459381e-01,5.974142175089678375e-01,1.014418136116574179e-02
-1.081681828544970747e+00,-5.430337573442811649e-01,-2.164829727166446283e-01,-5.950190243017077218e-01,5.979838088645978988e-01,1.013012668245855639e-02
-1.082765081149910991e+00,-5.436155702977100157e-01,-2.164267206130253696e-01,-5.956166116110044317e-01,5.985495844978095947e-01,1.011599343830059568e-02
-1.083832202309880088e+00,-5.441931445897962849e-01,-2.163669622907035961e-01,-5.962120616070655243e-01,5.991115667835901215e-01,1.010178405816711429e-02
-1.084883123149087636e+00,-5.447664412214759944e-01,-2.163036998959503021e-01,-5.968053815368977721e-01,5.996697785599169883e-01,1.008750096806980238e-02
-1.085917777739509704e+00,-5.453354220243318284e-01,-2.162369358102662620e-01,-5.973965787523934923e-01,6.002242431215210061e-01,1.007314659023186149e-02
-1.086936103101004081e+00,-5.459000496511421385e-01,-2.161666726482735224e-01,-5.979856607082509878e-01,6.007749842135573504e-01,1.005872334276447164e-02
-1.087938039200814888e+00,-5.464602875665084403e-01,-2.160929132557697085e-01,-5.985726349599052032e-01,6.013220260251843641e-01,1.004423363934473651e-02
-1.088923528952464137e+00,-5.470161000375657334e-01,-2.160156607079420088e-01,-5.991575091614692594e-01,6.018653931830529880e-01,1.002967988889522100e-02
-1.089892518214029993e+00,-5.475674521247838600e-01,-2.159349183077381995e-01,-5.997402910636877582e-01,6.024051107447065956e-01,1.001506449526518190e-02
-1.090844955785807979e+00,-5.481143096728623432e-01,-2.158506895843914364e-01,-6.003209885118981903e-01,6.029412041918928988e-01,1.000038985691358712e-02
-1.091780793407354899e+00,-5.486566393017269228e-01,-2.157629782920960637e-01,-6.008996094440034463e-01,6.034736994237899221e-01,9.985658366594041269e-03
-1.092699985753915470e+00,-5.491944083976297852e-01,-2.156717884088312220e-01,-6.014761618884530980e-01,6.040026227501467115e-01,9.970872411041692418e-03
-1.093602490432229013e+00,-5.497275851043612604e-01,-2.155771241353291734e-01,-6.020506539622344500e-01,6.045280008843411101e-01,9.956034370662241242e-03
-1.094488267975717743e+00,-5.502561383145759821e-01,-2.154789898941847637e-01,-6.026230938688725836e-01,6.050498609363548219e-01,9.941146619223141176e-03
-1.095357281839054897e+00,-5.507800376612383975e-01,-2.153773903291032465e-01,-6.031934898964390612e-01,6.055682304056696497e-01,9.926211523547069301e-03
-1.096209498392114901e+00,-5.512992535091916224e-01,-2.152723303042827496e-01,-6.037618504155698451e-01,6.060831371740836859e-01,9.911231443207791161e-03
-1.097044886913304040e+00,-5.518137569468541948e-01,-2.151638149039279968e-01,-6.043281838774922088e-01,6.065946094984530079e-01,9.896208730228480202e-03
-1.097863419582273403e+00,-5.523235197780475003e-01,-2.150518494318919283e-01,-6.048924988120599755e-01,6.071026760033571001e-01,9.881145728782599405e-03
-1.098665071472015864e+00,-5.528285145139586465e-01,-2.149364394114418042e-01,-6.054548038257984155e-01,6.076073656736924455e-01,9.866044774897414493e-03
-1.099449820540347345e+00,-5.533287143652414475e-01,-2.148175905851457401e-01,-6.060151075999572479e-01,6.081087078471950624e-01,9.850908196160241062e-03
-1.100217647620774564e+00,-5.538240932342591849e-01,-2.146953089148765925e-01,-6.065734188885735234e-01,6.086067322068949847e-01,9.835738311427489819e-03
-1.100968536412751497e+00,-5.543146257074705874e-01,-2.145696005819292540e-01,-6.071297465165429452e-01,6.091014687735037958e-01,9.820537430536594933e-03
-1.101702473471326105e+00,-5.548002870479644688e-01,-2.144404719872475829e-01,-6.076840993777012923e-01,6.095929478977387683e-01,9.805307854020896621e-03
-1.102419448196181540e+00,-5.552810531881426925e-01,-2.143079297517574144e-01,-6.082364864329148357e-01,6.100812002525847211e-01,9.790051872827554291e-03
-1.103119452820071622e+00,-5.557569007225559021e-01,-2.141719807168016299e-01,-6.087869167081813027e-01,6.105662568254959233e-01,9.774771768038549233e-03
-1.103802482396657680e+00,-5.562278069008931292e-01,-2.140326319446736458e-01,-6.093353992927403873e-01,6.110481489105420438e-01,9.759469810594867054e-03
-1.104468534787747425e+00,-5.566937496211267211e-01,-2.138898907192452181e-01,-6.098819433371946985e-01,6.115269081004987006e-01,9.744148261023882415e-03
-1.105117610649939630e+00,-5.571547074228160312e-01,-2.137437645466849501e-01,-6.104265580516423650e-01,6.120025662788861620e-01,9.728809369170043214e-03
-1.105749713420680624e+00,-5.576106594805692040e-01,-2.135942611562633431e-01,-6.109692527038194099e-01,6.124751556119578666e-01,9.713455373928895839e-03
-1.106364849303735243e+00,-5.580615855976657214e-01,-2.134413885012403367e-01,-6.115100366172548929e-01,6.129447085406433127e-01,9.698088502984491405e-03
-1.106963027254076470e+00,-5.585074661998410406e-01,-2.132851547598317299e-01,-6.120489191694374886e-01,6.134112577724454285e-01,9.682710972550244086e-03
-1.107544258962200656e+00,-5.589482823292322156e-01,-2.131255683362501818e-01,-6.125859097899943873e-01,6.138748362732969754e-01,9.667324987113286652e-03
-1.108108558837870516e+00,-5.593840156384882745e-01,-2.129626378618166560e-01,-6.131210179588830744e-01,6.143354772593777602e-01,9.651932739182342291e-03
-1.108655943993294590e+00,-5.598146483850426902e-01,-2.127963721961387000e-01,-6.136542532045972109e-01,6.147932141888963198e-01,9.636536409039183834e-03
-1.109186434225745810e+00,-5.602401634255509411e-01,-2.126267804283509533e-01,-6.141856251023845026e-01,6.152480807538373009e-01,9.621138164493702946e-03
-1.109700051999626735e+00,-5.606605442104911630e-01,-2.124538718784142743e-01,-6.147151432724813347e-01,6.157001108716794180e-01,9.605740160642611825e-03
-1.110196822427987451e+00,-5.610757747789290040e-01,-2.122776560984691308e-01,-6.152428173783601739e-01,6.161493386770857672e-01,9.590344539631836390e-03
-1.110676773253502114e+00,-5.614858397534466805e-01,-2.120981428742391983e-01,-6.157686571249934016e-01,6.165957985135688268e-01,9.574953430422600970e-03
-1.111139934828911269e+00,-5.618907243352343484e-01,-2.119153422264812292e-01,-6.162926722571332450e-01,6.170395249251341419e-01,9.559568948561244367e-03
-1.111586340096935688e+00,-5.622904142993448984e-01,-2.117292644124769696e-01,-6.168148725576071412e-01,6.174805526479051343e-01,9.544193195952791614e-03
-1.112016024569670636e+00,-5.626848959901101788e-01,-2.115399199275629916e-01,-6.173352678456313081e-01,6.179189166017321488e-01,9.528828260638286599e-03
-1.112429026307466984e+00,-5.630741563167184216e-01,-2.113473195066944421e-01,-6.178538679751410800e-01,6.183546518817887305e-01,9.513476216575909861e-03
-1.112825385897305841e+00,-5.634581827489513195e-01,-2.111514741260386852e-01,-6.183706828331400063e-01,6.187877937501577996e-01,9.498139123425902372e-03
-1.113205146430676695e+00,-5.638369633130794201e-01,-2.109523950045947005e-01,-6.188857223380671568e-01,6.192183776274111651e-01,9.482819026339281421e-03
-1.113568353480964612e+00,-5.642104865879148390e-01,-2.107500936058340490e-01,-6.193989964381844127e-01,6.196464390841850411e-01,9.467517955750395439e-03
-1.113915055080356931e+00,-5.645787417010196263e-01,-2.105445816393597958e-01,-6.199105151099825184e-01,6.200720138327551201e-01,9.452237927173281345e-03
-1.114245301696276336e+00,-5.649417183250673435e-01,-2.103358710625787553e-01,-6.204202883566087845e-01,6.204951377186135320e-01,9.436980941001860829e-03
-1.114559146207349860e+00,-5.652994066743570745e-01,-2.101239740823836744e-01,-6.209283262063148845e-01,6.209158467120512448e-01,9.421748982313954759e-03
-1.114856643878922249e+00,-5.656517975014766497e-01,-2.099089031568410202e-01,-6.214346387109264125e-01,6.213341768997485692e-01,9.406544020679119197e-03
-1.115137852338122570e+00,-5.659988820941140863e-01,-2.096906709968805738e-01,-6.219392359443345342e-01,6.217501644763772095e-01,9.391368009970313402e-03
-1.115402831548493623e+00,-5.663406522720136893e-01,-2.094692905679827188e-01,-6.224421280010102864e-01,6.221638457362165253e-01,9.376222888179379031e-03
-1.115651643784193681e+00,-5.666771003840757048e-01,-2.092447750918600136e-01,-6.229433249945417472e-01,6.225752570647872242e-01,9.361110577236313179e-03
-1.115884353603779244e+00,-5.670082193055957509e-01,-2.090171380481287144e-01,-6.234428370561949651e-01,6.229844349305050377e-01,9.346032982832359545e-03
-1.116101027823579894e+00,-5.673340024356421374e-01,-2.087863931759666170e-01,-6.239406743334985350e-01,6.233914158763583790e-01,9.330991994246874352e-03
-1.116301735490673908e+00,-5.676544436945679672e-01,-2.085525544757536043e-01,-6.244368469888536000e-01,6.237962365116117569e-01,9.315989484177967031e-03
-1.116486547855474853e+00,-5.679695375216546882e-01,-2.083156362106909909e-01,-6.249313651981673878e-01,6.241989335035387221e-01,9.301027308576901784e-03
-1.116655538343940490e+00,-5.682792788728852074e-01,-2.080756529083961082e-01,-6.254242391495141717e-01,6.245995435691867881e-01,9.286107306486244412e-03
-1.116808782529412403e+00,-5.685836632188424611e-01,-2.078326193624684126e-01,-6.259154790418198777e-01,6.249981034671776570e-01,9.271231299881730128e-03
-1.116946358104098591e+00,-5.688826865427296653e-01,-2.075865506340237865e-01,-6.264050950835744480e-01,6.253946499895455258e-01,9.256401093517840212e-03
-1.117068344850208339e+00,-5.691763453385115801e-01,-2.073374620531931167e-01,-6.268930974915701837e-01,6.257892199536159161e-01,9.241618474777068409e-03
-1.117174824610751127e+00,-5.694646366091691281e-01,-2.070853692205821273e-01,-6.273794964896668436e-01,6.261818501939283577e-01,9.226885213522851084e-03
-1.117265881260009142e+00,-5.697475578650684769e-01,-2.068302880086887174e-01,-6.278643023075847207e-01,6.265725775542058118e-01,9.212203061956145481e-03
-1.117341600673695590e+00,-5.700251071224372579e-01,-2.065722345632746704e-01,-6.283475251797241423e-01,6.269614388793727233e-01,9.197573754475630095e-03
-1.117402070698808592e+00,-5.702972829019467005e-01,-2.063112253046884836e-01,-6.288291753440138354e-01,6.273484710076258075e-01,9.182999007541501127e-03
-1.117447381123193306e+00,-5.705640842273942415e-01,-2.060472769291358808e-01,-6.293092630407868260e-01,6.277337107625591273e-01,9.168480519542851134e-03
-1.117477623644821394e+00,-5.708255106244849442e-01,-2.057804064098951169e-01,-6.297877985116845378e-01,6.281171949453461245e-01,9.154019970668591730e-03
-1.117492891840801361e+00,-5.710815621197046221e-01,-2.055106309984739421e-01,-6.302647919985897573e-01,6.284989603269828251e-01,9.139619022781902968e-03
-1.117493281136129557e+00,-5.713322392392846671e-01,-2.052379682257050864e-01,-6.307402537425875755e-01,6.288790436405923279e-01,9.125279319298185143e-03
-1.117478888772193590e+00,-5.715775430082513653e-01,-2.049624359027774623e-01,-6.312141939829559734e-01,6.292574815737950189e-01,9.111002485066488701e-03
-1.117449813775039713e+00,-5.718174749495578135e-01,-2.046840521222003384e-01,-6.316866229561841628e-01,6.296343107611461765e-01,9.096790126254387585e-03
-1.117406156923416827e+00,-5.720520370832928858e-01,-2.044028352586973185e-01,-6.321575508950206812e-01,6.300095677766436308e-01,9.082643830236275181e-03
-1.117348020716605550e+00,-5.722812319259644731e-01,-2.041188039700280454e-01,-6.326269880275504631e-01,6.303832891263081439e-01,9.068565165485058602e-03
-1.117275509342048334e+00,-5.725050624898518903e-01,-2.038319771977343542e-01,-6.330949445763003336e-01,6.307555112408377296e-01,9.054555681467223519e-03
-1.117188728642787732e+00,-5.727235322824240082e-01,-2.035423741678088483e-01,-6.335614307573734783e-01,6.311262704683400226e-01,9.040616908541238353e-03
-1.117087786084728585e+00,-5.729366453058182262e-01,-2.032500143912830959e-01,-6.340264567796134454e-01,6.314956030671434739e-01,9.026750357859285659e-03
-1.116972790723732345e+00,-5.731444060563771759e-01,-2.029549176647334197e-01,-6.344900328437966808e-01,6.318635451986894802e-01,9.012957521272275604e-03
-1.116843853172558187e+00,-5.733468195242377163e-01,-2.026571040707015880e-01,-6.349521691418531510e-01,6.322301329205091136e-01,8.999239871238125937e-03
-1.116701085567660012e+00,-5.735438911929690020e-01,-2.023565939780286593e-01,-6.354128758561163881e-01,6.325954021792851156e-01,8.985598860733294557e-03
-1.116544601535853110e+00,-5.737356270392550694e-01,-2.020534080420994805e-01,-6.358721631586020662e-01,6.329593888040011551e-01,8.972035923167512653e-03
-1.116374516160860031e+00,-5.739220335326172817e-01,-2.017475672049961199e-01,-6.363300412103134462e-01,6.333221284991817912e-01,8.958552472301718403e-03
-1.116190945949750768e+00,-5.741031176351732990e-01,-2.014390926955580974e-01,-6.367865201605762415e-01,6.336836568382225865e-01,8.945149902169151346e-03
-1.115994008799284121e+00,-5.742788868014282455e-01,-2.011280060293477723e-01,-6.372416101464002391e-01,6.340440092568151442e-01,8.931829586999593534e-03
-1.115783823962166466e+00,-5.744493489780928552e-01,-2.008143290085187826e-01,-6.376953212918691216e-01,6.344032210464661814e-01,8.918592881146731460e-03
-1.115560512013236139e+00,-5.746145126039255979e-01,-2.004980837215864786e-01,-6.381476637075563785e-01,6.347613273481136353e-01,8.905441119018610990e-03
-1.115324194815587644e+00,-5.747743866095945675e-01,-2.001792925430982417e-01,-6.385986474899689735e-01,6.351183631458425793e-01,8.892375615011169701e-03
-1.115074995486644349e+00,-5.749289804175538032e-01,-1.998579781332024408e-01,-6.390482827210167693e-01,6.354743632606990600e-01,8.879397663444808450e-03
-1.114813038364193876e+00,-5.750783039419322673e-01,-1.995341634371146367e-01,-6.394965794675078197e-01,6.358293623446076293e-01,8.866508538504022999e-03
-1.114538448972395734e+00,-5.752223675884284848e-01,-1.992078716844798703e-01,-6.399435477806696415e-01,6.361833948743909062e-01,8.853709494180015890e-03
-1.114251353987772752e+00,-5.753611822542094023e-01,-1.988791263886296179e-01,-6.403891976956951337e-01,6.365364951458938325e-01,8.841001764216321543e-03
-1.113951881205198724e+00,-5.754947593278081364e-01,-1.985479513457324985e-01,-6.408335392313135870e-01,6.368886972682141767e-01,8.828386562057389045e-03
-1.113640159503891836e+00,-5.756231106890167259e-01,-1.982143706338377054e-01,-6.412765823893848971e-01,6.372400351580395084e-01,8.815865080800124390e-03
-1.113316318813426076e+00,-5.757462487087707803e-01,-1.978784086118101082e-01,-6.417183371545180925e-01,6.375905425340928634e-01,8.803438493148367863e-03
-1.112980490079771068e+00,-5.758641862490212482e-01,-1.975400899181566916e-01,-6.421588134937128434e-01,6.379402529116877663e-01,8.791107951370285764e-03
-1.112632805231370980e+00,-5.759769366625900888e-01,-1.971994394697428321e-01,-6.425980213560227305e-01,6.382891995973938304e-01,8.778874587258666054e-03
-1.112273397145274512e+00,-5.760845137930061810e-01,-1.968564824603986074e-01,-6.430359706722407198e-01,6.386374156838132699e-01,8.766739512094100586e-03
-1.111902399613325487e+00,-5.761869319743170292e-01,-1.965112443594140557e-01,-6.434726713546059518e-01,6.389849340444706538e-01,8.754703816611027895e-03
-1.111519947308424072e+00,-5.762842060308737135e-01,-1.961637509099231624e-01,-6.439081332965308491e-01,6.393317873288150155e-01,8.742768570966645211e-03
-1.111126175750871248e+00,-5.763763512770849751e-01,-1.958140281271763261e-01,-6.443423663723482075e-01,6.396780079573367583e-01,8.730934824712639417e-03
-1.110721221274804771e+00,-5.764633835171366627e-01,-1.954621022967009125e-01,-6.447753804370771613e-01,6.400236281167986929e-01,8.719203606769768133e-03
-1.110305220994737496e+00,-5.765453190446738763e-01,-1.951079999723496772e-01,-6.452071853262083545e-01,6.403686797555825372e-01,8.707575925405231995e-03
-1.109878312772208941e+00,-5.766221746424419203e-01,-1.947517479742371105e-01,-6.456377908555059886e-01,6.407131945791517680e-01,8.696052768212872777e-03
-1.109440635182558310e+00,-5.766939675818827382e-01,-1.943933733865639280e-01,-6.460672068208278551e-01,6.410572040456304910e-01,8.684635102096122800e-03
-1.108992327481830520e+00,-5.767607156226840504e-01,-1.940329035553293724e-01,-6.464954429979610229e-01,6.414007393614995500e-01,8.673323873253773256e-03
-1.108533529573823895e+00,-5.768224370122779776e-01,-1.936703660859317166e-01,-6.469225091424731788e-01,6.417438314774095431e-01,8.662120007168471261e-03
-1.108064381977288626e+00,-5.768791504852857077e-01,-1.933057888406575775e-01,-6.473484149895792905e-01,6.420865110841116330e-01,8.651024408598004603e-03
-1.107585025793286881e+00,-5.769308752629056514e-01,-1.929391999360599019e-01,-6.477731702540218128e-01,6.424288086085063743e-01,8.640037961569296127e-03
-1.107095602672722334e+00,-5.769776310522422014e-01,-1.925706277402253197e-01,-6.481967846299642177e-01,6.427707542098098914e-01,8.629161529375163273e-03
-1.106596254784047995e+00,-5.770194380455720973e-01,-1.922001008699315006e-01,-6.486192677908971804e-01,6.431123777758390725e-01,8.618395954573782047e-03
-1.106087124781162556e+00,-5.770563169195457309e-01,-1.918276481876950157e-01,-6.490406293895558676e-01,6.434537089194138915e-01,8.607742058990872774e-03
-1.105568355771502809e+00,-5.770882888343210615e-01,-1.914532987987103974e-01,-6.494608790578494384e-01,6.437947769748788573e-01,8.597200643724598954e-03
-1.105040091284340775e+00,-5.771153754326272534e-01,-1.910770820476811738e-01,-6.498800264067986499e-01,6.441356109947415920e-01,8.586772489153148002e-03
-1.104502475239294013e+00,-5.771375988387555944e-01,-1.906990275155438785e-01,-6.502980810264843425e-01,6.444762397464296466e-01,8.576458354945014698e-03
-1.103955651915057512e+00,-5.771549816574758074e-01,-1.903191650160857840e-01,-6.507150524860035867e-01,6.448166917091655570e-01,8.566258980071956089e-03
-1.103399765918364750e+00,-5.771675469728747565e-01,-1.899375245924574684e-01,-6.511309503334333781e-01,6.451569950709579171e-01,8.556175082824619624e-03
-1.102834962153184994e+00,-5.771753183471161064e-01,-1.895541365135814116e-01,-6.515457840958016611e-01,6.454971777257105803e-01,8.546207360830839275e-03
-1.102261385790166637e+00,-5.771783198191184905e-01,-1.891690312704574217e-01,-6.519595632790634587e-01,6.458372672704484341e-01,8.536356491076575390e-03
-1.101679182236331656e+00,-5.771765759031500798e-01,-1.887822395723665336e-01,-6.523722973680831094e-01,6.461772910026589711e-01,8.526623129929515599e-03
-1.101088497105028541e+00,-5.771701115873379972e-01,-1.883937923429745143e-01,-6.527839958266200560e-01,6.465172759177492123e-01,8.517007913165303840e-03
-1.100489476186153004e+00,-5.771589523320903581e-01,-1.880037207163361701e-01,-6.531946680973185204e-01,6.468572487066188703e-01,8.507511455996404418e-03
-1.099882265416640470e+00,-5.771431240684297137e-01,-1.876120560328019549e-01,-6.536043236016999547e-01,6.471972357533468667e-01,8.498134353103578564e-03
-1.099267010851238346e+00,-5.771226531962361239e-01,-1.872188298348288482e-01,-6.540129717401571563e-01,6.475372631329918693e-01,8.488877178669987367e-03
-1.098643858633563841e+00,-5.770975665823978584e-01,-1.868240738626961162e-01,-6.544206218919496054e-01,6.478773566095065162e-01,8.479740486417889841e-03
-1.098012954967455101e+00,-5.770678915588690616e-01,-1.864278200501285065e-01,-6.548272834151993571e-01,6.482175416337623286e-01,8.470724809647934422e-03
-1.097374446088618782e+00,-5.770336559206326044e-01,-1.860301005198277957e-01,-6.552329656468861563e-01,6.485578433416879784e-01,8.461830661281040389e-03
-1.096728478236582704e+00,-5.769948879235669015e-01,-1.856309475789148511e-01,-6.556376779028414425e-01,6.488982865525163568e-01,8.453058533902862298e-03
-1.096075197626957154e+00,-5.769516162822154737e-01,-1.852303937142839307e-01,-6.560414294777406896e-01,6.492388957671421101e-01,8.444408899810800992e-03
-1.095414750424011707e+00,-5.769038701674585878e-01,-1.848284715878710238e-01,-6.564442296450926362e-01,6.495796951665873120e-01,8.435882211063590666e-03
-1.094747282713571135e+00,-5.768516792040856433e-01,-1.844252140318377309e-01,-6.568460876572254081e-01,6.499207086105749376e-01,8.427478899533420373e-03
-1.094072940476236377e+00,-5.767950734682675273e-01,-1.840206540436731542e-01,-6.572470127452678668e-01,6.502619596362082532e-01,8.419199376960593423e-03
-1.093391869560935259e+00,-5.767340834849281617e-01,-1.836148247812156020e-01,-6.576470141191272933e-01,6.506034714567560107e-01,8.411044035010710809e-03
-1.092704215658807154e+00,-5.766687402250144645e-01,-1.832077595575958839e-01,-6.580461009674604123e-01,6.509452669605411135e-01,8.403013245334361309e-03
-1.092010124277426053e+00,-5.765990751026643935e-01,-1.827994918361044441e-01,-6.584442824576383080e-01,6.512873687099326458e-01,8.395107359629318255e-03
-1.091309740715366017e+00,-5.765251199722722930e-01,-1.823900552249843043e-01,-6.588415677357053468e-01,6.516297989404395974e-01,8.387326709705215239e-03
-1.090603210037112580e+00,-5.764469071254508803e-01,-1.819794834721522037e-01,-6.592379659263296610e-01,6.519725795599040641e-01,8.379671607550698981e-03
-1.089890677048324985e+00,-5.763644692878903131e-01,-1.815678104598496823e-01,-6.596334861327457499e-01,6.523157321477947024e-01,8.372142345403035119e-03
-1.089172286271450796e+00,-5.762778396161133410e-01,-1.811550701992266643e-01,-6.600281374366886444e-01,6.526592779545965506e-01,8.364739195820166881e-03
-1.088448181921698232e+00,-5.761870516941266507e-01,-1.807412968248595098e-01,-6.604219288983181890e-01,6.530032379012977728e-01,8.357462411755197176e-03
-1.087718507883367103e+00,-5.760921395299679615e-01,-1.803265245892059776e-01,-6.608148695561339991e-01,6.533476325789711048e-01,8.350312226633280210e-03
-1.086983407686543446e+00,-5.759931375521498698e-01,-1.799107878569992103e-01,-6.612069684268799818e-01,6.536924822484484476e-01,8.343288854430922635e-03
-1.086243024484158548e+00,-5.758900806059991107e-01,-1.794941210995830705e-01,-6.615982345054369773e-01,6.540378068400869438e-01,8.336392489757650862e-03
-1.085497501029415446e+00,-5.757830039498922359e-01,-1.790765588891915505e-01,-6.619886767647049641e-01,6.543836259536264244e-01,8.329623307940049737e-03
-1.084746979653586241e+00,-5.756719432513881518e-01,-1.786581358931736696e-01,-6.623783041554730522e-01,6.547299588581342311e-01,8.322981465108143101e-03
-1.083991602244179786e+00,-5.755569345832568517e-01,-1.782388868681672456e-01,-6.627671256062770411e-01,6.550768244920383010e-01,8.316467098284097137e-03
-1.083231510223484184e+00,-5.754380144194057856e-01,-1.778188466542233725e-01,-6.631551500232437668e-01,6.554242414632449609e-01,8.310080325473237842e-03
-1.082466844527483874e+00,-5.753152196307033117e-01,-1.773980501688840472e-01,-6.635423862899226810e-01,6.557722280493413214e-01,8.303821245757339251e-03
-1.081697745585153081e+00,-5.751885874807006749e-01,-1.769765324012154417e-01,-6.639288432671035523e-01,6.561208021978796046e-01,8.297689939390191088e-03
-1.080924353298128748e+00,-5.750581556212525092e-01,-1.765543284057992102e-01,-6.643145297926202897e-01,6.564699815267424077e-01,8.291686467895400744e-03
-1.080146807020759825e+00,-5.749239620880364221e-01,-1.761314732966842711e-01,-6.646994546811402227e-01,6.568197833245865702e-01,8.285810874166419163e-03
-1.079365245540538476e+00,-5.747860452959731026e-01,-1.757080022413015086e-01,-6.650836267239387256e-01,6.571702245513647567e-01,8.280063182568762892e-03
-1.078579807058910767e+00,-5.746444440345466198e-01,-1.752839504543437232e-01,-6.654670546886590765e-01,6.575213218389222014e-01,8.274443399044413214e-03
-1.077790629172468151e+00,-5.744991974630272447e-01,-1.748593531916135535e-01,-6.658497473190567728e-01,6.578730914916676165e-01,8.268951511218361125e-03
-1.076997848854519990e+00,-5.743503451055960163e-01,-1.744342457438414762e-01,-6.662317133347286369e-01,6.582255494873165969e-01,8.263587488507279089e-03
-1.076201602437047544e+00,-5.741979268463730524e-01,-1.740086634304764956e-01,-6.666129614308257123e-01,6.585787114777041928e-01,8.258351282230291801e-03
-1.075402025593039435e+00,-5.740419829243510463e-01,-1.735826415934521028e-01,-6.669935002777507282e-01,6.589325927896678703e-01,8.253242825721821690e-03
-1.074599253319207470e+00,-5.738825539282333965e-01,-1.731562155909297240e-01,-6.673733385208393543e-01,6.592872084259960852e-01,8.248262034446477917e-03
-1.073793419919082837e+00,-5.737196807911800756e-01,-1.727294207910221868e-01,-6.677524847800250241e-01,6.596425730664425835e-01,8.243408806115964590e-03
-1.072984658986492867e+00,-5.735534047854606854e-01,-1.723022925654996707e-01,-6.681309476494872168e-01,6.599987010688043165e-01,8.238683020807982191e-03
-1.072173103389416404e+00,-5.733837675170172510e-01,-1.718748662834806429e-01,-6.685087356972837513e-01,6.603556064700605299e-01,8.234084541087090953e-03
-1.071358885254217297e+00,-5.732108109199374191e-01,-1.714471773051098880e-01,-6.688858574649660937e-01,6.607133029875721375e-01,8.229613212127499799e-03
-1.070542135950255380e+00,-5.730345772508391722e-01,-1.710192609752264059e-01,-6.692623214671782339e-01,6.610718040203394930e-01,8.225268861837768675e-03
-1.069722986074873594e+00,-5.728551090831691672e-01,-1.705911526170234838e-01,-6.696381361912385755e-01,6.614311226503157837e-01,8.221051300987379171e-03
-1.068901565438759027e+00,-5.726724493014154760e-01,-1.701628875257031048e-01,-6.700133100967056166e-01,6.617912716437762688e-01,8.216960323335138761e-03
-1.068078003051676994e+00,-5.724866410952365037e-01,-1.697345009621274159e-01,-6.703878516149265332e-01,6.621522634527393647e-01,8.212995705759420367e-03
-1.067252427108577262e+00,-5.722977279535076400e-01,-1.693060281464691952e-01,-6.707617691485694422e-01,6.625141102164395779e-01,8.209157208390136656e-03
-1.066424964976069090e+00,-5.721057536582868641e-01,-1.688775042518642078e-01,-6.711350710711389000e-01,6.628768237628498428e-01,8.205444574742513236e-03
-1.065595743179263977e+00,-5.719107622787013012e-01,-1.684489643980671136e-01,-6.715077657264749700e-01,6.632404156102517101e-01,8.201857531852535868e-03
-1.064764887388983672e+00,-5.717127981647560642e-01,-1.680204436451137873e-01,-6.718798614282357473e-01,6.636048969688512766e-01,8.198395790414095968e-03
-1.063932522409331893e+00,-5.715119059410671554e-01,-1.675919769869921028e-01,-6.722513664593640081e-01,6.639702787424398567e-01,8.195059044917775426e-03
-1.063098772165627315e+00,-5.713081305005202060e-01,-1.671635993453233493e-01,-6.726222890715370939e-01,6.643365715300973973e-01,8.191846973791258590e-03
-1.062263759692694043e+00,-5.711015169978566064e-01,-1.667353455630566639e-01,-6.729926374846016968e-01,6.647037856279365275e-01,8.188759239541300305e-03
-1.061427607123508920e+00,-5.708921108431885827e-01,-1.663072503981787298e-01,-6.733624198859919918e-01,6.650719310308864651e-01,8.185795488897256930e-03
-1.060590435678200993e+00,-5.706799576954458830e-01,-1.658793485174407667e-01,-6.737316444301325591e-01,6.654410174345144480e-01,8.182955352956124834e-03
-1.059752365653402917e+00,-5.704651034557546296e-01,-1.654516744901050884e-01,-6.741003192378264286e-01,6.658110542368834706e-01,8.180238447329046467e-03
-1.058913516411948308e+00,-5.702475942607510007e-01,-1.650242627817133934e-01,-6.744684523956271383e-01,6.661820505404444370e-01,8.177644372289256253e-03
-1.058074006372915266e+00,-5.700274764758317403e-01,-1.645971477478787581e-01,-6.748360519551964698e-01,6.665540151539613989e-01,8.175172712921442014e-03
-1.057233953002009397e+00,-5.698047966883423854e-01,-1.641703636281036938e-01,-6.752031259326478629e-01,6.669269565944682121e-01,8.172823039272457749e-03
-1.056393472802286349e+00,-5.695796017007062062e-01,-1.637439445396259019e-01,-6.755696823078749524e-01,6.673008830892550591e-01,8.170594906503384283e-03
-1.055552681305209184e+00,-5.693519385234953045e-01,-1.633179244712942568e-01,-6.759357290238667826e-01,6.676758025778832817e-01,8.168487855042873627e-03
-1.054711693062036826e+00,-5.691218543684455344e-01,-1.628923372774766232e-01,-6.763012739860086997e-01,6.680517227142274139e-01,8.166501410741763139e-03
-1.053870621635540683e+00,-5.688893966414175773e-01,-1.624672166720015631e-01,-6.766663250613708103e-01,6.684286508685420847e-01,8.164635085028907474e-03
-1.053029579592046128e+00,-5.686546129353062806e-01,-1.620425962221360983e-01,-6.770308900779831163e-01,6.688065941295535666e-01,8.162888375068205749e-03
-1.052188678493794161e+00,-5.684175510228994810e-01,-1.616185093426011632e-01,-6.773949768240978830e-01,6.691855593065733077e-01,8.161260763916777100e-03
-1.051348028891621267e+00,-5.681782588496895325e-01,-1.611949892896266390e-01,-6.777585930474404607e-01,6.695655529316330012e-01,8.159751720684244730e-03
-1.050507740317952354e+00,-5.679367845266377612e-01,-1.607720691550481029e-01,-6.781217464544478934e-01,6.699465812616394178e-01,8.158360700693112824e-03
-1.049667921280103000e+00,-5.676931763228960648e-01,-1.603497818604466552e-01,-6.784844447094967590e-01,6.703286502805473335e-01,8.157087145640177367e-03
-1.048828679253888119e+00,-5.674474826584859910e-01,-1.599281601513340700e-01,-6.788466954341193516e-01,6.707117657015501111e-01,8.155930483758950036e-03
-1.047990120677531722e+00,-5.671997520969371820e-01,-1.595072365913846324e-01,-6.792085062062105383e-01,6.710959329692859354e-01,8.154890129983051808e-03
-1.047152350945875776e+00,-5.669500333378892920e-01,-1.590870435567155183e-01,-6.795698845592236248e-01,6.714811572620587032e-01,8.153965486110538105e-03
-1.046315474404881485e+00,-5.666983752096569349e-01,-1.586676132302175524e-01,-6.799308379813572278e-01,6.718674434940721252e-01,8.153155940969131210e-03
-1.045479594346421459e+00,-5.664448266617609917e-01,-1.582489775959376732e-01,-6.802913739147333771e-01,6.722547963176763730e-01,8.152460870582316568e-03
-1.044644813003357209e+00,-5.661894367574284992e-01,-1.578311684335149678e-01,-6.806514997545664025e-01,6.726432201256251631e-01,8.151879638336259615e-03
-1.043811231544897966e+00,-5.659322546660622288e-01,-1.574142173126716615e-01,-6.810112228483246044e-01,6.730327190533432757e-01,8.151411595147530983e-03
-1.042978950072237287e+00,-5.656733296556828439e-01,-1.569981555877608126e-01,-6.813705504948837088e-01,6.734232969812027347e-01,8.151056079631577647e-03
-1.042148067614462104e+00,-5.654127110853454097e-01,-1.565830143923719608e-01,-6.817294899436736610e-01,6.738149575368064248e-01,8.150812418271929580e-03
-1.041318682124731332e+00,-5.651504483975323678e-01,-1.561688246339965058e-01,-6.820880483938193128e-01,6.742077040972784818e-01,8.150679925590089900e-03
-1.040490890476719388e+00,-5.648865911105243054e-01,-1.557556169887538422e-01,-6.824462329932737825e-01,6.746015397915603451e-01,8.150657904316085944e-03
-1.039664788461318823e+00,-5.646211888107525168e-01,-1.553434218961800561e-01,-6.828040508379483731e-01,6.749964675027114724e-01,8.150745645559639638e-03
-1.038840470783599867e+00,-5.643542911451322475e-01,-1.549322695540802930e-01,-6.831615089708360511e-01,6.753924898702132751e-01,8.150942428981932872e-03
-1.038018031060021995e+00,-5.640859478133818383e-01,-1.545221899134462396e-01,-6.835186143811313730e-01,6.757896092922762721e-01,8.151247522967919323e-03
-1.037197561815891733e+00,-5.638162085603283247e-01,-1.541132126734398311e-01,-6.838753740033460815e-01,6.761878279281495763e-01,8.151660184799174036e-03
-1.036379154483065168e+00,-5.635451231682009343e-01,-1.537053672764447654e-01,-6.842317947164218150e-01,6.765871477004298251e-01,8.152179660827220051e-03
-1.035562899397887593e+00,-5.632727414489157036e-01,-1.532986829031866560e-01,-6.845878833428402643e-01,6.769875702973716658e-01,8.152805186647319943e-03
-1.034748885799368523e+00,-5.629991132363524331e-01,-1.528931884679234077e-01,-6.849436466477309970e-01,6.773890971751970191e-01,8.153535987272704511e-03
-1.033937201827586749e+00,-5.627242883786268690e-01,-1.524889126137065065e-01,-6.852990913379776172e-01,6.777917295604026782e-01,8.154371277309179628e-03
-1.033127934522320324e+00,-5.624483167303583331e-01,-1.520858837077148085e-01,-6.856542240613232586e-01,6.781954684520661303e-01,8.155310261130111274e-03
-1.032321169821899032e+00,-5.621712481449371301e-01,-1.516841298366615187e-01,-6.860090514054749677e-01,6.786003146241482709e-01,8.156352133051745362e-03
-1.031516992562273138e+00,-5.618931324667916227e-01,-1.512836788022757506e-01,-6.863635798972094193e-01,6.790062686277924531e-01,8.157496077508824203e-03
-1.030715486476295295e+00,-5.616140195236585253e-01,-1.508845581168591909e-01,-6.867178160014781874e-01,6.794133307936195409e-01,8.158741269230490936e-03
-1.029916734193210726e+00,-5.613339591188569733e-01,-1.504867949989195652e-01,-6.870717661205146820e-01,6.798215012340176333e-01,8.160086873416431616e-03
-1.029120817238352137e+00,-5.610530010235693643e-01,-1.500904163688809578e-01,-6.874254365929429733e-01,6.802307798454269028e-01,8.161532045913234140e-03
-1.028327816033033582e+00,-5.607711949691309705e-01,-1.496954488448728471e-01,-6.877788336928891688e-01,6.806411663106176624e-01,8.163075933390948405e-03
-1.027537809894641274e+00,-5.604885906393285433e-01,-1.493019187385977720e-01,-6.881319636290950115e-01,6.810526601009624370e-01,8.164717673519792177e-03
-1.026750877036914922e+00,-5.602052376627122410e-01,-1.489098520512792123e-01,-6.884848325440363626e-01,6.814652604787007073e-01,8.166456395147006150e-03
-1.025967094570417126e+00,-5.599211856049211011e-01,-1.485192744696902101e-01,-6.888374465130437940e-01,6.818789664991961041e-01,8.168291218473807888e-03
-1.025186538503185307e+00,-5.596364839610242781e-01,-1.481302113622633143e-01,-6.891898115434298422e-01,6.822937770131850543e-01,8.170221255232429022e-03
-1.024409283741562815e+00,-5.593511821478802659e-01,-1.477426877752829604e-01,-6.895419335736199251e-01,6.827096906690180989e-01,8.172245608863209707e-03
-1.023635404091206125e+00,-5.590653294965157727e-01,-1.473567284291607271e-01,-6.898938184722896994e-01,6.831267059148909970e-01,8.174363374691720821e-03
-1.022864972258261007e+00,-5.587789752445255775e-01,-1.469723577147941662e-01,-6.902454720375081898e-01,6.835448210010676151e-01,8.176573640105886179e-03
-1.022098059850707008e+00,-5.584921685284960358e-01,-1.465895996900100362e-01,-6.905968999958884691e-01,6.839640339820919346e-01,8.178875484733104731e-03
-1.021334737379864244e+00,-5.582049583764534528e-01,-1.462084780760923020e-01,-6.909481080017446653e-01,6.843843427189920670e-01,8.181267980617294711e-03
-1.020575074262059623e+00,-5.579173937003389927e-01,-1.458290162543955104e-01,-6.912991016362575181e-01,6.848057448814718340e-01,8.183750192395903081e-03
-1.019819138820447391e+00,-5.576295232885127851e-01,-1.454512372630444028e-01,-6.916498864066478180e-01,6.852282379500932441e-01,8.186321177476802227e-03
-1.019066998286981329e+00,-5.573413957982877864e-01,-1.450751637937197913e-01,-6.920004677453597264e-01,6.856518192184476446e-01,8.188979986215080831e-03
-1.018318718804533729e+00,-5.570530597484951718e-01,-1.447008181885315325e-01,-6.923508510092514223e-01,6.860764857953158824e-01,8.191725662089701168e-03
-1.017574365429159133e+00,-5.567645635120850311e-01,-1.443282224369789035e-01,-6.927010414787978521e-01,6.865022346068172521e-01,8.194557241879989878e-03
-1.016834002132496639e+00,-5.564759553087608168e-01,-1.439573981729989627e-01,-6.930510443573026924e-01,6.869290623985472299e-01,8.197473755841951787e-03
-1.016097691804308978e+00,-5.561872831976518716e-01,-1.435883666721029794e-01,-6.934008647701209727e-01,6.873569657377028852e-01,8.200474227884384237e-03
-1.015365496255153488e+00,-5.558985950700241485e-01,-1.432211488486015982e-01,-6.937505077638939088e-01,6.877859410151975217e-01,8.203557675744764174e-03
-1.014637476219182766e+00,-5.556099386420318975e-01,-1.428557652529189037e-01,-6.940999783057945072e-01,6.882159844477625521e-01,8.206723111164901038e-03
-1.013913691357070768e+00,-5.553213614475104309e-01,-1.424922360689957757e-01,-6.944492812827862682e-01,6.886470920800381590e-01,8.209969540066317309e-03
-1.013194200259059485e+00,-5.550329108308135195e-01,-1.421305811117827833e-01,-6.947984215008941034e-01,6.890792597866510771e-01,8.213295962725348023e-03
-1.012479060448125301e+00,-5.547446339396949755e-01,-1.417708198248227580e-01,-6.951474036844883519e-01,6.895124832742810517e-01,8.216701373947943657e-03
-1.011768328383260140e+00,-5.544565777182377531e-01,-1.414129712779234882e-01,-6.954962324755827874e-01,6.899467580837141956e-01,8.220184763244146875e-03
-1.011062059462863871e+00,-5.541687888998307887e-01,-1.410570541649204812e-01,-6.958449124331463898e-01,6.903820795918851339e-01,8.223745115002234485e-03
-1.010360308028245946e+00,-5.538813140001956903e-01,-1.407030868015301528e-01,-6.961934480324293295e-01,6.908184430139059362e-01,8.227381408662491624e-03
-1.009663127367230739e+00,-5.535941993104647185e-01,-1.403510871232934165e-01,-6.965418436643042721e-01,6.912558434050833922e-01,8.231092618890623394e-03
-1.008970569717867027e+00,-5.533074908903116151e-01,-1.400010726836099784e-01,-6.968901036346220046e-01,6.916942756629237410e-01,8.234877715750760566e-03
-1.008282686272234718e+00,-5.530212345611364988e-01,-1.396530606518631423e-01,-6.972382321635839375e-01,6.921337345291254106e-01,8.238735664878062831e-03
-1.007599527180347510e+00,-5.527354758993064943e-01,-1.393070678116354877e-01,-6.975862333851295949e-01,6.925742145915594339e-01,8.242665427650884905e-03
-1.006921141554149690e+00,-5.524502602294530940e-01,-1.389631105590152516e-01,-6.979341113463405355e-01,6.930157102862376517e-01,8.246665961362505473e-03
-1.006247577471601318e+00,-5.521656326178284724e-01,-1.386212049009933889e-01,-6.982818700068615936e-01,6.934582158992692591e-01,8.250736219392392976e-03
-1.005578881980851325e+00,-5.518816378657210864e-01,-1.382813664539515042e-01,-6.986295132383384399e-01,6.939017255688048058e-01,8.254875151376987394e-03
-1.004915101104494335e+00,-5.515983205029326708e-01,-1.379436104422403497e-01,-6.989770448238727951e-01,6.943462332869688725e-01,8.259081703379994588e-03
-1.004256279843909194e+00,-5.513157247813177397e-01,-1.376079516968490013e-01,-6.993244684574956294e-01,6.947917329017806454e-01,8.263354818062165416e-03
-1.003602462183675881e+00,-5.510338946683871475e-01,-1.372744046541645724e-01,-6.996717877436579025e-01,6.952382181190625010e-01,8.267693434850552706e-03
-1.002953691096068356e+00,-5.507528738409759317e-01,-1.369429833548223008e-01,-7.000190061967397348e-01,6.956856825043382653e-01,8.272096490107226988e-03
-1.002310008545620912e+00,-5.504727056789779915e-01,-1.366137014426458407e-01,-7.003661272405785621e-01,6.961341194847188163e-01,8.276562917297424979e-03
-1.001671455493765794e+00,-5.501934332591489341e-01,-1.362865721636777050e-01,-7.007131542080154984e-01,6.965835223507768070e-01,8.281091647157146421e-03
-1.001038071903538107e+00,-5.499150993489766437e-01,-1.359616083652996077e-01,-7.010600903404614614e-01,6.970338842584109518e-01,8.285681607860150705e-03
-1.000409896744347549e+00,-5.496377464006224622e-01,-1.356388224954424293e-01,-7.014069387874819483e-01,6.974851982306979892e-01,8.290331725184346343e-03
-9.997869679968129919e-01,-5.493614165449335340e-01,-1.353182266018856661e-01,-7.017537026064027961e-01,6.979374571597354304e-01,8.295040922677581960e-03
-9.991693226576586762e-01,-5.490861515855276487e-01,-1.349998323316460302e-01,-7.021003847619341487e-01,6.983906538084725391e-01,8.299808121822786766e-03
-9.985569967446692452e-01,-5.488119929929508034e-01,-1.346836509304549234e-01,-7.024469881258158521e-01,6.988447808125315408e-01,8.304632242202491729e-03
-9.979500253017010714e-01,-5.485389818989105937e-01,-1.343696932423245893e-01,-7.027935154764824999e-01,6.992998306820187304e-01,8.309512201662663800e-03
-9.973484424037485363e-01,-5.482671590905838777e-01,-1.340579697092024181e-01,-7.031399694987489069e-01,6.997557958033246983e-01,8.314446916475886143e-03
-9.967522811620623813e-01,-5.479965650050023784e-01,-1.337484903707132633e-01,-7.034863527835168995e-01,7.002126684409154533e-01,8.319435301503837546e-03
-9.961615737293186834e-01,-5.477272397235155577e-01,-1.334412648639891896e-01,-7.038326678275025339e-01,7.006704407391139977e-01,8.324476270359091809e-03
-9.955763513048360158e-01,-5.474592229663319820e-01,-1.331363024235865666e-01,-7.041789170329840752e-01,7.011291047238720209e-01,8.329568735566174678e-03
-9.949966441398387929e-01,-5.471925540871411808e-01,-1.328336118814896494e-01,-7.045251027075718486e-01,7.015886523045323786e-01,8.334711608721911275e-03
-9.944224815427658015e-01,-5.469272720678158839e-01,-1.325332016672006452e-01,-7.048712270639992949e-01,7.020490752755834674e-01,8.339903800655029328e-03
-9.938538918846201442e-01,-5.466634155131960826e-01,-1.322350798079156009e-01,-7.052172922199352323e-01,7.025103653184033847e-01,8.345144221584995664e-03
-9.932909026043615919e-01,-5.464010226459554698e-01,-1.319392539287856936e-01,-7.055633001978173224e-01,7.029725140029965402e-01,8.350431781280094612e-03
-9.927335402143370180e-01,-5.461401313015521453e-01,-1.316457312532633428e-01,-7.059092529247085190e-01,7.034355127897217175e-01,8.355765389214718855e-03
-9.921818303057485799e-01,-5.458807789232629215e-01,-1.313545186035326995e-01,-7.062551522321741659e-01,7.038993530310120317e-01,8.361143954725860569e-03
-9.916357975541572056e-01,-5.456230025573037823e-01,-1.310656224010242343e-01,-7.066009998561812999e-01,7.043640259730866715e-01,8.366566387168801119e-03
-9.910954657250211630e-01,-5.453668388480358287e-01,-1.307790486670121766e-01,-7.069467974370201580e-01,7.048295227576554245e-01,8.372031596071961151e-03
-9.905608576792669373e-01,-5.451123240332584885e-01,-1.304948030232951639e-01,-7.072925465192475558e-01,7.052958344236153199e-01,8.377538491290938832e-03
-9.900319953788909721e-01,-5.448594939395906556e-01,-1.302128906929586605e-01,-7.076382485516524712e-01,7.057629519087403880e-01,8.383085983161672056e-03
-9.895088998925908319e-01,-5.446083839779397584e-01,-1.299333165012191982e-01,-7.079839048872434981e-01,7.062308660513639813e-01,8.388672982652752366e-03
-9.889915914014262288e-01,-5.443590291390607572e-01,-1.296560848763493035e-01,-7.083295167832588390e-01,7.066995675920549891e-01,8.394298401516854177e-03
-9.884800892045048082e-01,-5.441114639892048466e-01,-1.293811998506828875e-01,-7.086750854011983902e-01,7.071690471752866136e-01,8.399961152441281012e-03
-9.879744117246955781e-01,-5.438657226658588639e-01,-1.291086650617002951e-01,-7.090206118068776986e-01,7.076392953510995953e-01,8.405660149197604486e-03
-9.874745765143650988e-01,-5.436218388735759577e-01,-1.288384837531919569e-01,-7.093660969705049002e-01,7.081103025767585546e-01,8.411394306790378680e-03
-9.869806002611379858e-01,-5.433798458798984043e-01,-1.285706587765007292e-01,-7.097115417667787529e-01,7.085820592184031153e-01,8.417162541604938583e-03
-9.864924987936788403e-01,-5.431397765113730181e-01,-1.283051925918415326e-01,-7.100569469750103169e-01,7.090545555526928112e-01,8.422963771554242696e-03
-9.860102870874948300e-01,-5.429016631496598189e-01,-1.280420872696979573e-01,-7.104023132792653961e-01,7.095277817684465527e-01,8.428796916224763278e-03
-9.855339792707586977e-01,-5.426655377277342929e-01,-1.277813444922947794e-01,-7.107476412685298506e-01,7.100017279682772076e-01,8.434660897021408615e-03
-9.850635886301495336e-01,-5.424314317261843543e-01,-1.275229655551459729e-01,-7.110929314368967802e-01,7.104763841702204097e-01,8.440554637311454764e-03
-9.845991276167119777e-01,-5.421993761696020098e-01,-1.272669513686771614e-01,-7.114381841837763565e-01,7.109517403093589261e-01,8.446477062567485025e-03
-9.841406078517314082e-01,-5.419694016230703904e-01,-1.270133024599219840e-01,-7.117833998141264162e-01,7.114277862394422502e-01,8.452427100509319821e-03
-9.836880401326255630e-01,-5.417415381887468184e-01,-1.267620189742912351e-01,-7.121285785387059253e-01,7.119045117345017548e-01,8.458403681244916136e-03
-9.832414344388500371e-01,-5.415158155025421305e-01,-1.265131006774144196e-01,-7.124737204743498697e-01,7.123819064904607368e-01,8.464405737410238273e-03
-9.828007999378187698e-01,-5.412922627308964785e-01,-1.262665469570523058e-01,-7.128188256442661297e-01,7.128599601267420205e-01,8.470432204308070423e-03
-9.823661449908367427e-01,-5.410709085676529417e-01,-1.260223568250802006e-01,-7.131638939783534470e-01,7.133386621878693434e-01,8.476482020045771060e-03
-9.819374771590455575e-01,-5.408517812310279504e-01,-1.257805289195408349e-01,-7.135089253135413756e-01,7.138180021450671875e-01,8.482554125671944861e-03
-9.815148032093800046e-01,-5.406349084606802968e-01,-1.255410615067658331e-01,-7.138539193941513261e-01,7.142979693978551703e-01,8.488647465312033902e-03
-9.810981291205360666e-01,-5.404203175148780680e-01,-1.253039524835652396e-01,-7.141988758722791486e-01,7.147785532756401050e-01,8.494760986302784742e-03
-9.806874600889481375e-01,-5.402080351677640557e-01,-1.250691993794838253e-01,-7.145437943081983656e-01,7.152597430393040634e-01,8.500893639325624376e-03
-9.802828005347766771e-01,-5.399980877067201979e-01,-1.248367993591236458e-01,-7.148886741707848325e-01,7.157415278827896632e-01,8.507044378538886065e-03
-9.798841541079036377e-01,-5.397905009298312740e-01,-1.246067492245315211e-01,-7.152335148379619367e-01,7.162238969346824691e-01,8.513212161708898912e-03
-9.794915236939367720e-01,-5.395853001434475216e-01,-1.243790454176508520e-01,-7.155783155971665588e-01,7.167068392597899518e-01,8.519395950339920393e-03
-9.791049114202208248e-01,-5.393825101598471727e-01,-1.241536840228366495e-01,-7.159230756458355716e-01,7.171903438607182268e-01,8.525594709802899671e-03
-9.787243186618562740e-01,-5.391821552949985774e-01,-1.239306607694328072e-01,-7.162677940919123243e-01,7.176743996794457958e-01,8.531807409463052633e-03
-9.783497460477244001e-01,-5.389842593664223580e-01,-1.237099710344107678e-01,-7.166124699543736654e-01,7.181589955988953999e-01,8.538033022806248637e-03
-9.779811934665180173e-01,-5.387888456911537061e-01,-1.234916098450684202e-01,-7.169571021637766162e-01,7.186441204445027653e-01,8.544270527564182954e-03
-9.776186600727778675e-01,-5.385959370838044880e-01,-1.232755718817884621e-01,-7.173016895628244738e-01,7.191297629857835716e-01,8.550518905838322761e-03
-9.772621442929342317e-01,-5.384055558547261588e-01,-1.230618514808549946e-01,-7.176462309069536749e-01,7.196159119378980895e-01,8.556777144222635356e-03
-9.769116438313524275e-01,-5.382177238082723747e-01,-1.228504426373275005e-01,-7.179907248649378682e-01,7.201025559632139306e-01,8.563044233925043089e-03
-9.765671556763833028e-01,-5.380324622411627455e-01,-1.226413390079711813e-01,-7.183351700195134137e-01,7.205896836728661325e-01,8.569319170887637963e-03
-9.762286761064169482e-01,-5.378497919409461758e-01,-1.224345339142424438e-01,-7.186795648680218696e-01,7.210772836283170228e-01,8.575600955905616010e-03
-9.758962006959397417e-01,-5.376697331845654571e-01,-1.222300203453287326e-01,-7.190239078230722392e-01,7.215653443429121960e-01,8.581888594744922771e-03
-9.755697243215948333e-01,-5.374923057370213364e-01,-1.220277909612415140e-01,-7.193681972132207614e-01,7.220538542834363804e-01,8.588181098258613339e-03
-9.752492411682450735e-01,-5.373175288501377267e-01,-1.218278380959614132e-01,-7.197124312836694626e-01,7.225428018716668621e-01,8.594477482501878401e-03
-9.749347447350382723e-01,-5.371454212614266144e-01,-1.216301537606343797e-01,-7.200566081969826948e-01,7.230321754859254657e-01,8.600776768845777923e-03
-9.746262278414749014e-01,-5.369760011930531096e-01,-1.214347296468178961e-01,-7.204007260338204377e-01,7.235219634626288698e-01,8.607077984089607850e-03
-9.743236826334767953e-01,-5.368092863509011936e-01,-1.212415571297760508e-01,-7.207447827936895868e-01,7.240121540978382564e-01,8.613380160571948441e-03
-9.740271005894588496e-01,-5.366452939237383868e-01,-1.210506272718225168e-01,-7.210887763957124497e-01,7.245027356488059622e-01,8.619682336280338683e-03
-9.737364725264006093e-01,-5.364840405824807812e-01,-1.208619308257101871e-01,-7.214327046794121179e-01,7.249936963355223529e-01,8.625983554959580288e-03
-9.734517886059195213e-01,-5.363255424795569937e-01,-1.206754582380665242e-01,-7.217765654055132707e-01,7.254850243422601430e-01,8.632282866218671247e-03
-9.731730383403451867e-01,-5.361698152483725943e-01,-1.204911996528733598e-01,-7.221203562567607426e-01,7.259767078191180500e-01,8.638579325636330797e-03
-9.729002105987940574e-01,-5.360168740028716794e-01,-1.203091449149901876e-01,-7.224640748387531897e-01,7.264687348835626723e-01,8.644871994865136605e-03
-9.726332936132449092e-01,-5.358667333371989194e-01,-1.201292835737197556e-01,-7.228077186807924104e-01,7.269610936219691455e-01,8.651159941734234277e-03
-9.723722749846142044e-01,-5.357194073254595290e-01,-1.199516048864148060e-01,-7.231512852367485422e-01,7.274537720911605776e-01,8.657442240350626123e-03
-9.721171416888317873e-01,-5.355749095215769362e-01,-1.197760978221249079e-01,-7.234947718859396915e-01,7.279467583199463743e-01,8.663717971199027049e-03
