# time, joint_angles
0.000000000000000000e+00 -1.429556791395287553e-02 -6.537783253289018992e-01 1.153034897375798451e+00 -2.992567031045308967e-01 8.570443317421733154e-02 1.000001310714817432e-01
0.000000000000000000e+00 -1.429556791395287553e-02 -6.537783253289018992e-01 1.153034897375798451e+00 -2.992567031045308967e-01 8.570443317421733154e-02 1.000001310714817432e-01
1.000000000000000021e-02 -1.429556791395287553e-02 -6.537783253289018992e-01 1.153034897375798451e+00 -2.992567031045308967e-01 8.570443317421733154e-02 1.000001310714817432e-01
1.000000000000000021e-02 -1.429556791395287553e-02 -6.537783253289018992e-01 1.153034897375798451e+00 -2.992567031045308967e-01 8.570443317421733154e-02 1.000001310714817432e-01
2.000000000000000042e-02 -1.432677609501502650e-02 -6.537090764075917937e-01 1.152916026123653070e+00 -2.991429621270829120e-01 8.523840402451499099e-02 9.313921501008773363e-02
2.000000000000000042e-02 -1.432677609501502650e-02 -6.537090764075917937e-01 1.152916026123653070e+00 -2.991429621270829120e-01 8.523840402451499099e-02 9.313921501008773363e-02
2.999999999999999889e-02 -1.438620498403305609e-02 -6.535746775702061528e-01 1.152691552989637769e+00 -2.993899257793218305e-01 8.433719143784189354e-02 8.588652113694361656e-02
2.999999999999999889e-02 -1.438620498403305609e-02 -6.535746775702061528e-01 1.152691552989637769e+00 -2.993899257793218305e-01 8.433719143784189354e-02 8.588652113694361656e-02
4.000000000000000083e-02 -1.447115996932493535e-02 -6.533752146331461841e-01 1.152354528578696025e+00 -3.000227788853204181e-01 8.303127496418313824e-02 7.903438413974421539e-02
4.000000000000000083e-02 -1.447115996932493535e-02 -6.533752146331461841e-01 1.152354528578696025e+00 -3.000227788853204181e-01 8.303127496418313824e-02 7.903438413974421539e-02
5.000000000000000278e-02 -1.457902280980068709e-02 -6.531105820113844995e-01 1.151896604521308154e+00 -3.010111327047082508e-01 8.135109361141554252e-02 7.265277523345090027e-02
5.000000000000000278e-02 -1.457902280980068709e-02 -6.531105820113844995e-01 1.151896604521308154e+00 -3.010111327047082508e-01 8.135109361141554252e-02 7.265277523345090027e-02
6.000000000000000472e-02 -1.470723137257586369e-02 -6.527809614889638068e-01 1.151310418362535781e+00 -3.023192971814338548e-01 7.932698327380702241e-02 6.672170282235020955e-02
6.000000000000000472e-02 -1.470723137257586369e-02 -6.527809614889638068e-01 1.151310418362535781e+00 -3.023192971814338548e-01 7.932698327380702241e-02 6.672170282235020955e-02
7.000000000000000666e-02 -1.485328547328619749e-02 -6.523868714095764076e-01 1.150589869355768569e+00 -3.039126765593080370e-01 7.698904704011330646e-02 6.121158580601691879e-02
7.000000000000000666e-02 -1.485328547328619749e-02 -6.523868714095764076e-01 1.150589869355768569e+00 -3.039126765593080370e-01 7.698904704011330646e-02 6.121158580601691879e-02
8.000000000000000167e-02 -1.501475464452830741e-02 -6.519291616522504551e-01 1.149730126241974126e+00 -3.057585889151322456e-01 7.436703633756977516e-02 5.609353819279042086e-02
8.000000000000000167e-02 -1.501475464452830741e-02 -6.519291616522504551e-01 1.149730126241974126e+00 -3.057585889151322456e-01 7.436703633756977516e-02 5.609353819279042086e-02
8.999999999999999667e-02 -1.518928585193134347e-02 -6.514090001487731207e-01 1.148727594032844967e+00 -3.078263463166128200e-01 7.149023618331389052e-02 5.134050074397670388e-02
8.999999999999999667e-02 -1.518928585193134347e-02 -6.514090001487731207e-01 1.148727594032844967e+00 -3.078263463166128200e-01 7.149023618331389052e-02 5.134050074397670388e-02
9.999999999999999167e-02 -1.537461056874814443e-02 -6.508278576446872021e-01 1.147579871899260473e+00 -3.100872360789683757e-01 6.838735856519816136e-02 4.692725816315548165e-02
9.999999999999999167e-02 -1.537461056874814443e-02 -6.508278576446872021e-01 1.147579871899260473e+00 -3.100872360789683757e-01 6.838735856519816136e-02 4.692725816315548165e-02
1.099999999999999867e-01 -1.556855115089886450e-02 -6.501874916058860698e-01 1.146285706355392842e+00 -3.125144816519083157e-01 6.508644420894355020e-02 4.283032153495588273e-02
1.099999999999999867e-01 -1.556855115089886450e-02 -6.501874916058860698e-01 1.146285706355392842e+00 -3.125144816519083157e-01 6.508644420894355020e-02 4.283032153495588273e-02
1.199999999999999817e-01 -1.576902649366926021e-02 -6.494899294889455721e-01 1.144844940636393638e+00 -3.150831936953095158e-01 6.161477284032226137e-02 3.902780028066347301e-02
1.199999999999999817e-01 -1.576902649366926021e-02 -6.494899294889455721e-01 1.144844940636393638e+00 -3.150831936953095158e-01 6.161477284032226137e-02 3.902780028066347301e-02
1.299999999999999767e-01 -1.597405695680438956e-02 -6.487374514853525564e-01 1.143258460699608348e+00 -3.177703131809843096e-01 5.799878198209542507e-02 3.549927854155866813e-02
1.299999999999999767e-01 -1.597405695680438956e-02 -6.487374514853525564e-01 1.143258460699608348e+00 -3.177703131809843096e-01 5.799878198209542507e-02 3.549927854155866813e-02
1.399999999999999856e-01 -1.618176854698577874e-02 -6.479325728144332830e-01 1.141528138162574368e+00 -3.205545471717488604e-01 5.426399426950533761e-02 3.222569676338866290e-02
1.399999999999999856e-01 -1.618176854698577874e-02 -6.479325728144332830e-01 1.141528138162574368e+00 -3.205545471717488604e-01 5.426399426950533761e-02 3.222569676338866290e-02
1.499999999999999944e-01 -1.639039634908393342e-02 -6.470780256117244500e-01 1.139656770405251152e+00 -3.234162976610307494e-01 5.043495321744075055e-02 2.918923718157778735e-02
1.499999999999999944e-01 -1.639039634908393342e-02 -6.470780256117244500e-01 1.139656770405251152e+00 -3.234162976610307494e-01 5.043495321744075055e-02 2.918923718157778735e-02
1.600000000000000033e-01 -1.659828720011446990e-02 -6.461767404284238792e-01 1.137648017959490110e+00 -3.263375836399753371e-01 4.653516732623073221e-02 2.637321120520638371e-02
1.600000000000000033e-01 -1.659828720011446990e-02 -6.461767404284238792e-01 1.137648017959490110e+00 -3.263375836399753371e-01 4.653516732623073221e-02 2.637321120520638371e-02
1.700000000000000122e-01 -1.680390160187208645e-02 -6.452318273185078112e-01 1.135506339164073397e+00 -3.293019562458548988e-01 4.258706237166061392e-02 2.376194588027843654e-02
1.700000000000000122e-01 -1.680390160187208645e-02 -6.452318273185078112e-01 1.135506339164073397e+00 -3.293019562458548988e-01 4.258706237166061392e-02 2.376194588027843654e-02
1.800000000000000211e-01 -1.700581486877367557e-02 -6.442465564361256058e-01 1.133236921848827405e+00 -3.322944063487950905e-01 3.861194168894209466e-02 2.134066527044135159e-02
1.800000000000000211e-01 -1.700581486877367557e-02 -6.442465564361256058e-01 1.133236921848827405e+00 -3.322944063487950905e-01 3.861194168894209466e-02 2.134066527044135159e-02
1.900000000000000300e-01 -1.720271750489232518e-02 -6.432243379844713171e-01 1.130845611472833800e+00 -3.353012631171632951e-01 3.462995423130432737e-02 1.909536026272200260e-02
1.900000000000000300e-01 -1.720271750489232518e-02 -6.432243379844713171e-01 1.130845611472833800e+00 -3.353012631171632951e-01 3.462995423130432737e-02 1.909536026272200260e-02
2.000000000000000389e-01 -1.739341479566391263e-02 -6.421687012248695758e-01 1.128338834578354488e+00 -3.383100807072665916e-01 3.066007016405409777e-02 1.701263611549558991e-02
2.000000000000000389e-01 -1.739341479566391263e-02 -6.421687012248695758e-01 1.128338834578354488e+00 -3.383100807072665916e-01 3.066007016405409777e-02 1.701263611549558991e-02
2.100000000000000477e-01 -1.757682557986836938e-02 -6.410832720244127314e-01 1.125723515432283994e+00 -3.413095077310943637e-01 2.672006374925948655e-02 1.507951921207278598e-02
2.100000000000000477e-01 -1.757682557986836938e-02 -6.410832720244127314e-01 1.125723515432283994e+00 -3.413095077310943637e-01 2.672006374925948655e-02 1.507951921207278598e-02
2.200000000000000566e-01 -1.775198012501631728e-02 -6.399717479935602693e-01 1.123006981886440547e+00 -3.442891294598681151e-01 2.282650329497192682e-02 1.328318899002056339e-02
2.200000000000000566e-01 -1.775198012501631728e-02 -6.399717479935602693e-01 1.123006981886440547e+00 -3.442891294598681151e-01 2.282650329497192682e-02 1.328318899002056339e-02
2.300000000000000655e-01 -1.791801693913343957e-02 -6.388378694195760987e-01 1.120196852839928869e+00 -3.472392632929945933e-01 1.899474800958902282e-02 1.161056847365459291e-02
2.300000000000000655e-01 -1.791801693913343957e-02 -6.388378694195760987e-01 1.120196852839928869e+00 -3.472392632929945933e-01 1.899474800958902282e-02 1.161056847365459291e-02
2.400000000000000744e-01 -1.807417815286972707e-02 -6.376853823938685162e-01 1.117300891886630954e+00 -3.501506675809891722e-01 1.523895177457287170e-02 1.004763297607796230e-02
2.400000000000000744e-01 -1.807417815286972707e-02 -6.376853823938685162e-01 1.117300891886630954e+00 -3.501506675809891722e-01 1.523895177457287170e-02 1.004763297607796230e-02
2.500000000000000555e-01 -1.821980263152352120e-02 -6.365179862848275860e-01 1.114326793407268923e+00 -3.530140751074080097e-01 1.157207428619708156e-02 8.578111703133871682e-03
2.500000000000000555e-01 -1.821980263152352120e-02 -6.365179862848275860e-01 1.114326793407268923e+00 -3.530140751074080097e-01 1.157207428619708156e-02 8.578111703133871682e-03
2.600000000000000644e-01 -1.835431471027720862e-02 -6.353392464393176065e-01 1.111281818725843751e+00 -3.558193306518084853e-01 8.005901216883494834e-03 7.180731760358646798e-03
2.600000000000000644e-01 -1.835431471027720862e-02 -6.353392464393176065e-01 1.111281818725843751e+00 -3.558193306518084853e-01 8.005901216883494834e-03 7.180731760358646798e-03
2.700000000000000733e-01 -1.847720246325828056e-02 -6.341524176449704342e-01 1.108172047267750315e+00 -3.585534891599764240e-01 4.551078876246226687e-03 5.822378235918148313e-03
2.700000000000000733e-01 -1.847720246325828056e-02 -6.341524176449704342e-01 1.108172047267750315e+00 -3.585534891599764240e-01 4.551078876246226687e-03 5.822378235918148313e-03
2.800000000000000822e-01 -1.858796336753348877e-02 -6.329599815969427778e-01 1.105000392584236879e+00 -3.611954842674733324e-01 1.217184450053129807e-03 4.436780831369990623e-03
2.800000000000000822e-01 -1.858796336753348877e-02 -6.329599815969427778e-01 1.105000392584236879e+00 -3.611954842674733324e-01 1.217184450053129807e-03 4.436780831369990623e-03
2.900000000000000910e-01 -1.868589594086993155e-02 -6.317618219763680987e-01 1.101758725937055816e+00 -3.636938359973045931e-01 -1.987049674904530112e-03 2.825700367563674809e-03
2.900000000000000910e-01 -1.868589594086993155e-02 -6.317618219763680987e-01 1.101758725937055816e+00 -3.636938359973045931e-01 -1.987049674904530112e-03 2.825700367563674809e-03
3.000000000000000999e-01 -1.876794448170527457e-02 -6.305362055503214158e-01 1.098344942731686258e+00 -3.657160928854576998e-01 -5.051565983492873127e-03 -5.808339640590268367e-04
3.000000000000000999e-01 -1.876794448170527457e-02 -6.305362055503214158e-01 1.098344942731686258e+00 -3.657160928854576998e-01 -5.051565983492873127e-03 -5.808339640590268367e-04
3.100000000000001088e-01 -1.884176835262422675e-02 -6.293555363735879871e-01 1.095066964869462645e+00 -3.682852679074616886e-01 -7.978141266964267758e-03 4.598565435040449616e-04
3.100000000000001088e-01 -1.884176835262422675e-02 -6.293555363735879871e-01 1.095066964869462645e+00 -3.682852679074616886e-01 -7.978141266964267758e-03 4.598565435040449616e-04
3.200000000000001177e-01 -1.890508501014744394e-02 -6.282025579087208156e-01 1.091841178928750322e+00 -3.708587498914452940e-01 -1.075916226906529008e-02 9.198784617977127584e-04
3.200000000000001177e-01 -1.890508501014744394e-02 -6.282025579087208156e-01 1.091841178928750322e+00 -3.708587498914452940e-01 -1.075916226906529008e-02 9.198784617977127584e-04
3.300000000000001266e-01 -1.895736227460152398e-02 -6.270760821497676218e-01 1.088655620797124968e+00 -3.734096082868522126e-01 -1.338978464508230361e-02 1.004929612784458484e-03
3.300000000000001266e-01 -1.895736227460152398e-02 -6.270760821497676218e-01 1.088655620797124968e+00 -3.734096082868522126e-01 -1.338978464508230361e-02 1.004929612784458484e-03
3.400000000000001354e-01 -1.899844536016605592e-02 -6.259774363423019627e-01 1.085509450467144310e+00 -3.759330672231622761e-01 -1.586644952290400951e-02 9.248972042468598135e-04
3.400000000000001354e-01 -1.899844536016605592e-02 -6.259774363423019627e-01 1.085509450467144310e+00 -3.759330672231622761e-01 -1.586644952290400951e-02 9.248972042468598135e-04
3.500000000000001443e-01 -1.902835077871061972e-02 -6.249087229764279661e-01 1.082405375570833828e+00 -3.784234097250185336e-01 -1.818661725975860566e-02 7.742319408128833357e-04
3.500000000000001443e-01 -1.902835077871061972e-02 -6.249087229764279661e-01 1.082405375570833828e+00 -3.784234097250185336e-01 -1.818661725975860566e-02 7.742319408128833357e-04
3.600000000000001532e-01 -1.904720263693725907e-02 -6.238723301179061043e-01 1.079347611002967389e+00 -3.808747324574627280e-01 -2.034866486334427696e-02 5.950827095796086454e-04
3.600000000000001532e-01 -1.904720263693725907e-02 -6.238723301179061043e-01 1.079347611002967389e+00 -3.808747324574627280e-01 -2.034866486334427696e-02 5.950827095796086454e-04
3.700000000000001621e-01 -1.905520554608253897e-02 -6.228707464529310567e-01 1.076341101429015401e+00 -3.832817218465636722e-01 -2.235181582762041028e-02 4.082356426610584408e-04
3.700000000000001621e-01 -1.905520554608253897e-02 -6.228707464529310567e-01 1.076341101429015401e+00 -3.832817218465636722e-01 -2.235181582762041028e-02 4.082356426610584408e-04
3.800000000000001710e-01 -1.905262933637636574e-02 -6.219064701229382042e-01 1.073391136817239966e+00 -3.856397896032355832e-01 -2.419608106770431213e-02 2.249036508670101476e-04
3.800000000000001710e-01 -1.905262933637636574e-02 -6.219064701229382042e-01 1.073391136817239966e+00 -3.856397896032355832e-01 -2.419608106770431213e-02 2.249036508670101476e-04
3.900000000000001799e-01 -1.903979871631651319e-02 -6.209819567927652439e-01 1.070503134675820478e+00 -3.879450190655835962e-01 -2.588220451066949868e-02 5.150305266279556335e-05
3.900000000000001799e-01 -1.903979871631651319e-02 -6.209819567927652439e-01 1.070503134675820478e+00 -3.879450190655835962e-01 -2.588220451066949868e-02 5.150305266279556335e-05
4.000000000000001887e-01 -1.901708536368503302e-02 -6.200995870611610838e-01 1.067682505140066684e+00 -3.901940811971952860e-01 -2.741161094187519534e-02 -1.081726766329737383e-04
4.000000000000001887e-01 -1.901708536368503302e-02 -6.200995870611610838e-01 1.067682505140066684e+00 -3.901940811971952860e-01 -2.741161094187519534e-02 -1.081726766329737383e-04
4.100000000000001976e-01 -1.898490135796691500e-02 -6.192616444309801960e-01 1.064934561315419748e+00 -3.923841583928456833e-01 -2.878635513584946667e-02 -2.518539252943994937e-04
4.100000000000001976e-01 -1.898490135796691500e-02 -6.192616444309801960e-01 1.064934561315419748e+00 -3.923841583928456833e-01 -2.878635513584946667e-02 -2.518539252943994937e-04
4.200000000000002065e-01 -1.894369342960784686e-02 -6.184702995131747816e-01 1.062264456144741187e+00 -3.945128815624470153e-01 -3.000907189357377228e-02 -3.781937320661418397e-04
4.200000000000002065e-01 -1.894369342960784686e-02 -6.184702995131747816e-01 1.062264456144741187e+00 -3.945128815624470153e-01 -3.000907189357377228e-02 -3.781937320661418397e-04
4.300000000000002154e-01 -1.889393775612560264e-02 -6.177275981727787801e-01 1.059677135787515434e+00 -3.965782786825928774e-01 -3.108292687777290328e-02 -4.864201096595741135e-04
4.300000000000002154e-01 -1.889393775612560264e-02 -6.177275981727787801e-01 1.059677135787515434e+00 -3.965782786825928774e-01 -3.108292687777290328e-02 -4.864201096595741135e-04
4.400000000000002243e-01 -1.883399247470477975e-02 -6.170154559339194877e-01 1.057093690223007920e+00 -3.983349712605976367e-01 -3.200936571876403236e-02 -1.804860761757883696e-03
4.400000000000002243e-01 -1.883399247470477975e-02 -6.170154559339194877e-01 1.057093690223007920e+00 -3.983349712605976367e-01 -3.200936571876403236e-02 -1.804860761757883696e-03
4.500000000000002331e-01 -1.876487575333628949e-02 -6.163401610093932614e-01 1.054537942310005638e+00 -3.999068113979872829e-01 -3.279312590594263971e-02 -3.083222470223935790e-03
4.500000000000002331e-01 -1.876487575333628949e-02 -6.163401610093932614e-01 1.054537942310005638e+00 -3.999068113979872829e-01 -3.279312590594263971e-02 -3.083222470223935790e-03
4.600000000000002420e-01 -1.868750238833381122e-02 -6.157065018917690091e-01 1.052027135330630525e+00 -4.013248903865318518e-01 -3.343920933515249355e-02 -4.194727513847289029e-03
4.600000000000002420e-01 -1.868750238833381122e-02 -6.157065018917690091e-01 1.052027135330630525e+00 -4.013248903865318518e-01 -3.343920933515249355e-02 -4.194727513847289029e-03
4.700000000000002509e-01 -1.860276079147750103e-02 -6.151187906465757083e-01 1.049576770097237599e+00 -4.026090131235600666e-01 -3.395290313333845789e-02 -5.136935194619851944e-03
4.700000000000002509e-01 -1.860276079147750103e-02 -6.151187906465757083e-01 1.049576770097237599e+00 -4.026090131235600666e-01 -3.395290313333845789e-02 -5.136935194619851944e-03
4.800000000000002598e-01 -1.851306793633079872e-02 -6.145958971932189430e-01 1.047264388241244015e+00 -4.039680771503018075e-01 -3.434114733396534391e-02 -4.931060403949862406e-03
4.800000000000002598e-01 -1.851306793633079872e-02 -6.145958971932189430e-01 1.047264388241244015e+00 -4.039680771503018075e-01 -3.434114733396534391e-02 -4.931060403949862406e-03
4.900000000000002687e-01 -1.841888229640755228e-02 -6.141378375819533941e-01 1.045087852972928166e+00 -4.053189338426948507e-01 -3.460917358413366507e-02 -4.588851588611908908e-03
4.900000000000002687e-01 -1.841888229640755228e-02 -6.141378375819533941e-01 1.045087852972928166e+00 -4.053189338426948507e-01 -3.460917358413366507e-02 -4.588851588611908908e-03
5.000000000000002220e-01 -1.832071202442198121e-02 -6.137451855074704810e-01 1.043048073721960067e+00 -4.066486628319194718e-01 -3.476246506234060424e-02 -4.239858638096881752e-03
5.000000000000002220e-01 -1.832071202442198121e-02 -6.137451855074704810e-01 1.043048073721960067e+00 -4.066486628319194718e-01 -3.476246506234060424e-02 -4.239858638096881752e-03
5.100000000000002309e-01 -1.821906838352109828e-02 -6.134184262837576451e-01 1.041145973135487512e+00 -4.079535060081390663e-01 -3.480668448354944794e-02 -3.899044292704234062e-03
5.100000000000002309e-01 -1.821906838352109828e-02 -6.134184262837576451e-01 1.041145973135487512e+00 -4.079535060081390663e-01 -3.480668448354944794e-02 -3.899044292704234062e-03
5.200000000000002398e-01 -1.811445786383217293e-02 -6.131578767539914709e-01 1.039382106184515875e+00 -4.092309391592042211e-01 -3.474763303764220879e-02 -3.566640414197202406e-03
5.200000000000002398e-01 -1.811445786383217293e-02 -6.131578767539914709e-01 1.039382106184515875e+00 -4.092309391592042211e-01 -3.474763303764220879e-02 -3.566640414197202406e-03
5.300000000000002487e-01 -1.800737945221900921e-02 -6.129636797329364173e-01 1.037756626779674285e+00 -4.104786592625797037e-01 -3.459121465277255336e-02 -3.241113754852478594e-03
5.300000000000002487e-01 -1.800737945221900921e-02 -6.129636797329364173e-01 1.037756626779674285e+00 -4.104786592625797037e-01 -3.459121465277255336e-02 -3.241113754852478594e-03
5.400000000000002576e-01 -1.789832270417323484e-02 -6.128358086096454826e-01 1.036269300599436338e+00 -4.116944705546581873e-01 -3.434340240032337371e-02 -2.920834952819724786e-03
5.400000000000002576e-01 -1.789832270417323484e-02 -6.128358086096454826e-01 1.036269300599436338e+00 -4.116944705546581873e-01 -3.434340240032337371e-02 -2.920834952819724786e-03
5.500000000000002665e-01 -1.778776605191382740e-02 -6.127740736491648077e-01 1.034919524665201651e+00 -4.128762866811598320e-01 -3.401020667344420434e-02 -2.604280671518758618e-03
5.500000000000002665e-01 -1.778776605191382740e-02 -6.127740736491648077e-01 1.034919524665201651e+00 -4.128762866811598320e-01 -3.401020667344420434e-02 -2.604280671518758618e-03
5.600000000000002753e-01 -1.767617527263995805e-02 -6.127781288453436614e-01 1.033706348396091990e+00 -4.140221471412092735e-01 -3.359764512515082957e-02 -2.290045971883931074e-03
5.600000000000002753e-01 -1.767617527263995805e-02 -6.127781288453436614e-01 1.033706348396091990e+00 -4.140221471412092735e-01 -3.359764512515082957e-02 -2.290045971883931074e-03
5.700000000000002842e-01 -1.756400210410065388e-02 -6.128474791336087080e-01 1.032628495345797592e+00 -4.151302347647637392e-01 -3.311171438908762366e-02 -1.976832554994859947e-03
5.700000000000002842e-01 -1.756400210410065388e-02 -6.128474791336087080e-01 1.032628495345797592e+00 -4.151302347647637392e-01 -3.311171438908762366e-02 -1.976832554994859947e-03
5.800000000000002931e-01 -1.745168300267690986e-02 -6.129814878984869431e-01 1.031684385412477756e+00 -4.161988924739774554e-01 -3.255836360248755279e-02 -1.663434234459922273e-03
5.800000000000002931e-01 -1.745168300267690986e-02 -6.129814878984869431e-01 1.031684385412477756e+00 -4.161988924739774554e-01 -3.255836360248755279e-02 -1.663434234459922273e-03
5.900000000000003020e-01 -1.733963804007153039e-02 -6.131793847280848642e-01 1.030872157394526756e+00 -4.172266390826153137e-01 -3.194346974242373571e-02 -1.348722318721311394e-03
5.900000000000003020e-01 -1.733963804007153039e-02 -6.131793847280848642e-01 1.030872157394526756e+00 -4.172266390826153137e-01 -3.194346974242373571e-02 -1.348722318721311394e-03
6.000000000000003109e-01 -1.722826993469601595e-02 -6.134402733711685762e-01 1.030189691780747596e+00 -4.182121840916152578e-01 -3.127281477781165137e-02 -1.031631186973042168e-03
6.000000000000003109e-01 -1.722826993469601595e-02 -6.134402733711685762e-01 1.030189691780747596e+00 -4.182121840916152578e-01 -3.127281477781165137e-02 -1.031631186973042168e-03
6.100000000000003197e-01 -1.711796321375036456e-02 -6.137631398543971217e-01 1.029634633671226762e+00 -4.191544414750060787e-01 -3.055206463142526307e-02 -7.111440424324135196e-04
6.100000000000003197e-01 -1.711796321375036456e-02 -6.137631398543971217e-01 1.029634633671226762e+00 -4.191544414750060787e-01 -3.055206463142526307e-02 -7.111440424324135196e-04
6.200000000000003286e-01 -1.700908350192600199e-02 -6.141468607193663054e-01 1.029204415732956956e+00 -4.200525424661750162e-01 -2.978674993853115682e-02 -3.862787866344202987e-04
6.200000000000003286e-01 -1.700908350192600199e-02 -6.141468607193663054e-01 1.029204415732956956e+00 -4.200525424661750162e-01 -2.978674993853115682e-02 -3.862787866344202987e-04
6.300000000000003375e-01 -1.690197693264563344e-02 -6.145902113416930046e-01 1.028896281103397703e+00 -4.209058473696240532e-01 -2.898224858164259038e-02 -5.607394273494215693e-05
6.300000000000003375e-01 -1.690197693264563344e-02 -6.145902113416930046e-01 1.028896281103397703e+00 -4.209058473696240532e-01 -2.898224858164259038e-02 -5.607394273494215693e-05
6.400000000000003464e-01 -1.679696967779358702e-02 -6.150918742974966769e-01 1.028707306166066093e+00 -4.217139564408589614e-01 -2.814376997435560565e-02 2.804254643459816953e-04
6.400000000000003464e-01 -1.679696967779358702e-02 -6.150918742974966769e-01 1.028707306166066093e+00 -4.217139564408589614e-01 -2.814376997435560565e-02 2.804254643459816953e-04
6.500000000000003553e-01 -1.669436759199089196e-02 -6.156504477463389247e-01 1.028634423135152964e+00 -4.224767198977365523e-01 -2.727634106125157581e-02 6.241821906229243818e-04
6.500000000000003553e-01 -1.669436759199089196e-02 -6.156504477463389247e-01 1.028634423135152964e+00 -4.224767198977365523e-01 -2.727634106125157581e-02 6.241821906229243818e-04
6.600000000000003642e-01 -1.659445596763499398e-02 -6.162644538039968589e-01 1.028674442401242839e+00 -4.231942471510253823e-01 -2.638479399543102594e-02 9.761813733610040164e-04
6.600000000000003642e-01 -1.659445596763499398e-02 -6.162644538039968589e-01 1.028674442401242839e+00 -4.231942471510253823e-01 -2.638479399543102594e-02 9.761813733610040164e-04
6.700000000000003730e-01 -1.649749939715966160e-02 -6.169323468834011504e-01 1.028824074607701977e+00 -4.238669153707458892e-01 -2.547375545037721886e-02 1.337445646986553782e-03
6.700000000000003730e-01 -1.649749939715966160e-02 -6.169323468834011504e-01 1.028824074607701977e+00 -4.238669153707458892e-01 -2.547375545037721886e-02 1.337445646986553782e-03
6.800000000000003819e-01 -1.640374173928333193e-02 -6.176525219877090356e-01 1.029079952447440771e+00 -4.244953775388592976e-01 -2.454763751852910916e-02 1.709051025130886581e-03
6.800000000000003819e-01 -1.640374173928333193e-02 -6.176525219877090356e-01 1.029079952447440771e+00 -4.244953775388592976e-01 -2.454763751852910916e-02 1.709051025130886581e-03
6.900000000000003908e-01 -1.631340618641409848e-02 -6.184233229458836467e-01 1.029438652192960602e+00 -4.250805701791497415e-01 -2.361063014516742026e-02 2.092143863381616935e-03
6.900000000000003908e-01 -1.631340618641409848e-02 -6.184233229458836467e-01 1.029438652192960602e+00 -4.250805701791497415e-01 -2.361063014516742026e-02 2.092143863381616935e-03
7.000000000000003997e-01 -1.622669543088113217e-02 -6.192430505884212177e-01 1.029896714999389173e+00 -4.256237210031689200e-01 -2.266669504298251051e-02 2.487959296003816167e-03
7.000000000000003997e-01 -1.622669543088113217e-02 -6.192430505884212177e-01 1.029896714999389173e+00 -4.256237210031689200e-01 -2.266669504298251051e-02 2.487959296003816167e-03
7.100000000000004086e-01 -1.614379192828670900e-02 -6.201099708691824031e-01 1.030450668051397400e+00 -4.261263567689068110e-01 -2.171956103000080573e-02 2.897841637778216916e-03
7.100000000000004086e-01 -1.614379192828670900e-02 -6.201099708691824031e-01 1.030450668051397400e+00 -4.261263567689068110e-01 -2.171956103000080573e-02 2.897841637778216916e-03
7.200000000000004174e-01 -1.606485825704971962e-02 -6.210223229488908148e-01 1.031097045661581335e+00 -4.265903117192065830e-01 -2.077272073140620443e-02 3.323267365560187130e-03
7.200000000000004174e-01 -1.606485825704971962e-02 -6.210223229488908148e-01 1.031097045661581335e+00 -4.265903117192065830e-01 -2.077272073140620443e-02 3.323267365560187130e-03
7.300000000000004263e-01 -1.599003757418219346e-02 -6.219783272671202123e-01 1.031832410471673844e+00 -4.270177370537077688e-01 -1.982942858422240967e-02 3.765871452087218851e-03
7.300000000000004263e-01 -1.599003757418219346e-02 -6.219783272671202123e-01 1.031832410471673844e+00 -4.270177370537077688e-01 -1.982942858422240967e-02 3.765871452087218851e-03
7.400000000000004352e-01 -1.591945416856347176e-02 -6.229761936430151525e-01 1.032653374961051806e+00 -4.274111119966213512e-01 -1.889270008285310817e-02 4.227478029400506994e-03
7.400000000000004352e-01 -1.591945416856347176e-02 -6.229761936430151525e-01 1.032653374961051806e+00 -4.274111119966213512e-01 -1.889270008285310817e-02 4.227478029400506994e-03
7.500000000000004441e-01 -1.585321411453410531e-02 -6.240141294613085199e-01 1.033556623532551511e+00 -4.277732571603677370e-01 -1.796531220316084643e-02 4.710136628521210088e-03
7.500000000000004441e-01 -1.585321411453410531e-02 -6.240141294613085199e-01 1.033556623532551511e+00 -4.277732571603677370e-01 -1.796531220316084643e-02 4.710136628521210088e-03
7.600000000000004530e-01 -1.579140603063887427e-02 -6.250903480204422769e-01 1.034538935528031667e+00 -4.281073510825084694e-01 -1.704980494318180176e-02 5.216165600648187475e-03
7.600000000000004530e-01 -1.579140603063887427e-02 -6.250903480204422769e-01 1.034538935528031667e+00 -4.281073510825084694e-01 -1.704980494318180176e-02 5.216165600648187475e-03
7.700000000000004619e-01 -1.573410195096914752e-02 -6.262030771452329336e-01 1.035597209631701210e+00 -4.284169510453156859e-01 -1.614848391984324144e-02 5.748204808939833335e-03
7.700000000000004619e-01 -1.573410195096914752e-02 -6.262030771452329336e-01 1.035597209631701210e+00 -4.284169510453156859e-01 -1.614848391984324144e-02 5.748204808939833335e-03
7.800000000000004707e-01 -1.568135832002352445e-02 -6.273505681996613959e-01 1.036728490256968671e+00 -4.287060195950068708e-01 -1.526342396335481771e-02 6.309280341076368981e-03
7.800000000000004707e-01 -1.568135832002352445e-02 -6.273505681996613959e-01 1.036728490256968671e+00 -4.287060195950068708e-01 -1.526342396335481771e-02 6.309280341076368981e-03
7.900000000000004796e-01 -1.563321712666143268e-02 -6.285311056790534590e-01 1.037929996695468038e+00 -4.289789585919606685e-01 -1.439647365455641072e-02 6.902884908337673063e-03
7.900000000000004796e-01 -1.563321712666143268e-02 -6.285311056790534590e-01 1.037929996695468038e+00 -4.289789585919606685e-01 -1.439647365455641072e-02 6.902884908337673063e-03
8.000000000000004885e-01 -1.558970719906439643e-02 -6.297430176196220364e-01 1.039199156054098294e+00 -4.292406531894822352e-01 -1.354926075583457595e-02 7.533078882517510802e-03
8.000000000000004885e-01 -1.558970719906439643e-02 -6.297430176196220364e-01 1.039199156054098294e+00 -4.292406531894822352e-01 -1.354926075583457595e-02 7.533078882517510802e-03
8.100000000000004974e-01 -1.555084569138450758e-02 -6.309846871437241322e-01 1.040533641345759763e+00 -4.294965289246696072e-01 -1.272319849389118816e-02 8.204618754122190369e-03
8.100000000000004974e-01 -1.555084569138450758e-02 -6.309846871437241322e-01 1.040533641345759763e+00 -4.294965289246696072e-01 -1.272319849389118816e-02 8.204618754122190369e-03
8.200000000000005063e-01 -1.551663980506982725e-02 -6.322545655712937807e-01 1.041931416575005986e+00 -4.297526262136677211e-01 -1.191949266362284099e-02 8.923122448386201777e-03
8.200000000000005063e-01 -1.551663980506982725e-02 -6.322545655712937807e-01 1.041931416575005986e+00 -4.297526262136677211e-01 -1.191949266362284099e-02 8.923122448386201777e-03
8.300000000000005151e-01 -1.548708880544084031e-02 -6.335511876872520487e-01 1.043390791337325263e+00 -4.300156981347408869e-01 -1.113914953815123982e-02 9.695284845089545411e-03
8.300000000000005151e-01 -1.548708880544084031e-02 -6.335511876872520487e-01 1.043390791337325263e+00 -4.300156981347408869e-01 -1.113914953815123982e-02 9.695284845089545411e-03
8.400000000000005240e-01 -1.546218641967265876e-02 -6.348731899856423500e-01 1.044910488434570572e+00 -4.302933397088691270e-01 -1.038298459302835867e-02 1.052916272042170309e-02
8.400000000000005240e-01 -1.546218641967265876e-02 -6.348731899856423500e-01 1.044910488434570572e+00 -4.302933397088691270e-01 -1.038298459302835867e-02 1.052916272042170309e-02
8.500000000000005329e-01 -1.544192374030107368e-02 -6.362193330530390156e-01 1.046489729467242391e+00 -4.305941603585889954e-01 -9.651632086724851525e-03 1.143455733896032479e-02
8.500000000000005329e-01 -1.544192374030107368e-02 -6.362193330530390156e-01 1.046489729467242391e+00 -4.305941603585889954e-01 -9.651632086724851525e-03 1.143455733896032479e-02
8.600000000000005418e-01 -1.542629281596942688e-02 -6.375885297712405864e-01 1.048128345574717235e+00 -4.309280165231059168e-01 -8.945555591203573076e-03 1.242353707890717952e-02
8.600000000000005418e-01 -1.542629281596942688e-02 -6.375885297712405864e-01 1.048128345574717235e+00 -4.309280165231059168e-01 -8.945555591203573076e-03 1.242353707890717952e-02
8.700000000000005507e-01 -1.541529120071024293e-02 -6.389798818225979060e-01 1.049826923929730649e+00 -4.313063296992513673e-01 -8.265059646851992056e-03 1.351116531174821958e-02
8.700000000000005507e-01 -1.541529120071024293e-02 -6.389798818225979060e-01 1.049826923929730649e+00 -4.313063296992513673e-01 -8.265059646851992056e-03 1.351116531174821958e-02
8.800000000000005596e-01 -1.540892787630953817e-02 -6.403927282640990981e-01 1.051587006084293563e+00 -4.317425285327813889e-01 -7.610302845096641317e-03 1.471653673044446241e-02
8.800000000000005596e-01 -1.540892787630953817e-02 -6.403927282640990981e-01 1.051587006084293563e+00 -4.317425285327813889e-01 -7.610302845096641317e-03 1.471653673044446241e-02
8.900000000000005684e-01 -1.540723119881995049e-02 -6.418267120514212776e-01 1.053411363326307137e+00 -4.322526758097473554e-01 -6.981312856057305706e-03 1.606429066382148232e-02
8.900000000000005684e-01 -1.540723119881995049e-02 -6.418267120514212776e-01 1.053411363326307137e+00 -4.322526758097473554e-01 -6.981312856057305706e-03 1.606429066382148232e-02
9.000000000000005773e-01 -1.541025992543307299e-02 -6.432818740128515289e-01 1.055304389724695424e+00 -4.328563796084392568e-01 -6.378004287464701834e-03 1.758688689567191807e-02
9.000000000000005773e-01 -1.541025992543307299e-02 -6.432818740128515289e-01 1.055304389724695424e+00 -4.328563796084392568e-01 -6.378004287464701834e-03 1.758688689567191807e-02
9.100000000000005862e-01 -1.541811910242863425e-02 -6.447587902372411417e-01 1.057272681287712235e+00 -4.335781572525047589e-01 -5.800200925536706451e-03 1.932814881522089759e-02
9.100000000000005862e-01 -1.541811910242863425e-02 -6.447587902372411417e-01 1.057272681287712235e+00 -4.335781572525047589e-01 -5.800200925536706451e-03 1.932814881522089759e-02
9.200000000000005951e-01 -1.543098395837080340e-02 -6.462587809938680206e-01 1.059325921874406218e+00 -4.344495527605371499e-01 -5.247665169302858507e-03 2.134901289728310600e-02
9.200000000000005951e-01 -1.543098395837080340e-02 -6.462587809938680206e-01 1.059325921874406218e+00 -4.344495527605371499e-01 -5.247665169302858507e-03 2.134901289728310600e-02
9.300000000000006040e-01 -1.544913767561667539e-02 -6.477842436083014466e-01 1.061478301019674220e+00 -4.355125762169464454e-01 -4.720140015741700751e-03 2.373734122604456709e-02
9.300000000000006040e-01 -1.544913767561667539e-02 -6.477842436083014466e-01 1.061478301019674220e+00 -4.355125762169464454e-01 -4.720140015741700751e-03 2.373734122604456709e-02
9.400000000000006128e-01 -1.547303480601219458e-02 -6.493392141749397828e-01 1.063750914608625919e+00 -4.368256201999120014e-01 -4.217414501868707241e-03 2.662575588650253899e-02
9.400000000000006128e-01 -1.547303480601219458e-02 -6.493392141749397828e-01 1.063750914608625919e+00 -4.368256201999120014e-01 -4.217414501868707241e-03 2.662575588650253899e-02
9.500000000000006217e-01 -1.550341610828896016e-02 -6.509303876733647520e-01 1.066176136468931723e+00 -4.384744272308886970e-01 -3.739436829632954845e-03 3.022678261148355194e-02
9.500000000000006217e-01 -1.550341610828896016e-02 -6.509303876733647520e-01 1.066176136468931723e+00 -4.384744272308886970e-01 -3.739436829632954845e-03 3.022678261148355194e-02
9.600000000000006306e-01 -1.554153840461824747e-02 -6.525691625968943477e-01 1.068806399964143061e+00 -4.405945873490899056e-01 -3.286535700464796560e-03 3.491001266053773977e-02
9.600000000000006306e-01 -1.554153840461824747e-02 -6.525691625968943477e-01 1.068806399964143061e+00 -4.405945873490899056e-01 -3.286535700464796560e-03 3.491001266053773977e-02
9.700000000000006395e-01 -1.558965584628390841e-02 -6.542758512975948015e-01 1.071733165862632564e+00 -4.434230400024209429e-01 -2.859888135470721113e-03 4.138912217689172390e-02
9.700000000000006395e-01 -1.558965584628390841e-02 -6.542758512975948015e-01 1.071733165862632564e+00 -4.434230400024209429e-01 -2.859888135470721113e-03 4.138912217689172390e-02
9.800000000000006484e-01 -1.565250933741245756e-02 -6.560929474744794376e-01 1.075144165802331520e+00 -4.474538144129074357e-01 -2.462949846929293925e-03 5.135218414602805981e-02
9.800000000000006484e-01 -1.565250933741245756e-02 -6.560929474744794376e-01 1.075144165802331520e+00 -4.474538144129074357e-01 -2.462949846929293925e-03 5.135218414602805981e-02
9.900000000000006573e-01 -1.574313802382123692e-02 -6.581363175899351825e-01 1.079552504856073014e+00 -4.541037630355000410e-01 -2.107150603087732006e-03 7.038888319832706242e-02
9.900000000000006573e-01 -1.574313802382123692e-02 -6.581363175899351825e-01 1.079552504856073014e+00 -4.541037630355000410e-01 -2.107150603087732006e-03 7.038888319832706242e-02
1.000000000000000666e+00 -1.592798590577440554e-02 -6.609801469373201011e-01 1.087725360434717237e+00 -4.722201293658020438e-01 -1.856737912270503511e-03 1.400960691891836862e-01
1.000000000000000666e+00 -1.592798590577440554e-02 -6.609801469373201011e-01 1.087725360434717237e+00 -4.722201293658020438e-01 -1.856737912270503511e-03 1.400960691891836862e-01
1.010000000000000675e+00 -1.603141780424335514e-02 -6.630474113171144213e-01 1.092632719197317970e+00 -4.768912990520784989e-01 -1.528924657568109854e-03 1.068052039526395935e-01
1.010000000000000675e+00 -1.603141780424335514e-02 -6.630474113171144213e-01 1.092632719197317970e+00 -4.768912990520784989e-01 -1.528924657568109854e-03 1.068052039526395935e-01
1.020000000000000684e+00 -1.609647778391139206e-02 -6.647681128453288846e-01 1.096093168635801085e+00 -4.794633059814042420e-01 -1.171015133558109310e-03 8.152862636326055346e-02
1.020000000000000684e+00 -1.609647778391139206e-02 -6.647681128453288846e-01 1.096093168635801085e+00 -4.794633059814042420e-01 -1.171015133558109310e-03 8.152862636326055346e-02
1.030000000000000693e+00 -1.613599250388731213e-02 -6.662559806131559403e-01 1.098579796226330618e+00 -4.808212224263377910e-01 -7.971026543616790451e-04 6.450891731015787056e-02
1.030000000000000693e+00 -1.613599250388731213e-02 -6.662559806131559403e-01 1.098579796226330618e+00 -4.808212224263377910e-01 -7.971026543616790451e-04 6.450891731015787056e-02
1.040000000000000702e+00 -1.615704658873012498e-02 -6.675714337280835853e-01 1.100346261189353747e+00 -4.812045822432192699e-01 -4.148050145290586984e-04 5.256931342395741724e-02
1.040000000000000702e+00 -1.615704658873012498e-02 -6.675714337280835853e-01 1.100346261189353747e+00 -4.812045822432192699e-01 -4.148050145290586984e-04 5.256931342395741724e-02
1.050000000000000711e+00 -1.616526962205620810e-02 -6.687619963146470559e-01 1.101596216881640444e+00 -4.809044933380205999e-01 -2.990117858078198158e-05 4.444508909350558534e-02
1.050000000000000711e+00 -1.616526962205620810e-02 -6.687619963146470559e-01 1.101596216881640444e+00 -4.809044933380205999e-01 -2.990117858078198158e-05 4.444508909350558534e-02
1.060000000000000719e+00 -1.616767022136399862e-02 -6.698869875209293445e-01 1.102586746459758293e+00 -4.804542782994548622e-01 3.507759329435630085e-04 4.075613692029223661e-02
1.060000000000000719e+00 -1.616767022136399862e-02 -6.698869875209293445e-01 1.102586746459758293e+00 -4.804542782994548622e-01 3.507759329435630085e-04 4.075613692029223661e-02
1.070000000000000728e+00 -1.607416034835382201e-02 -6.698179748302406367e-01 1.104622068804948176e+00 -5.158238836955612028e-01 7.941860607648316452e-04 3.117269683820258486e-01
1.070000000000000728e+00 -1.607416034835382201e-02 -6.698179748302406367e-01 1.104622068804948176e+00 -5.158238836955612028e-01 7.941860607648316452e-04 3.117269683820258486e-01
1.080000000000000737e+00 -1.593751190994402434e-02 -6.692782317637143708e-01 1.104342990359780785e+00 -5.268797554203371591e-01 1.268885412924964382e-03 3.124207742780922836e-01
1.080000000000000737e+00 -1.593751190994402434e-02 -6.692782317637143708e-01 1.104342990359780785e+00 -5.268797554203371591e-01 1.268885412924964382e-03 3.124207742780922836e-01
1.090000000000000746e+00 -1.576770031692484308e-02 -6.684344471598024917e-01 1.102550251127482284e+00 -5.319918756395507486e-01 1.761980878610466730e-03 2.768595710409765265e-01
1.090000000000000746e+00 -1.576770031692484308e-02 -6.684344471598024917e-01 1.102550251127482284e+00 -5.319918756395507486e-01 1.761980878610466730e-03 2.768595710409765265e-01
1.100000000000000755e+00 -1.557757860462393069e-02 -6.674034649712655698e-01 1.099764549369173450e+00 -5.348933116097991380e-01 2.259068519097145403e-03 2.433158147393489068e-01
1.100000000000000755e+00 -1.557757860462393069e-02 -6.674034649712655698e-01 1.099764549369173450e+00 -5.348933116097991380e-01 2.259068519097145403e-03 2.433158147393489068e-01
1.110000000000000764e+00 -1.537492463847297403e-02 -6.662477896887817330e-01 1.096256673530652037e+00 -5.363042308044694284e-01 2.752261334647453182e-03 2.148430310914941632e-01
1.110000000000000764e+00 -1.537492463847297403e-02 -6.662477896887817330e-01 1.096256673530652037e+00 -5.363042308044694284e-01 2.752261334647453182e-03 2.148430310914941632e-01
1.120000000000000773e+00 -1.516514315532982785e-02 -6.650095094244588001e-01 1.092207487407397259e+00 -5.364866682634188422e-01 3.236562533925941773e-03 1.905046003980721547e-01
1.120000000000000773e+00 -1.516514315532982785e-02 -6.650095094244588001e-01 1.092207487407397259e+00 -5.364866682634188422e-01 3.236562533925941773e-03 1.905046003980721547e-01
1.130000000000000782e+00 -1.495228817479414378e-02 -6.637201750751134943e-01 1.087752948835608136e+00 -5.356193935508379855e-01 3.708648077745417028e-03 1.693662481272407150e-01
1.130000000000000782e+00 -1.495228817479414378e-02 -6.637201750751134943e-01 1.087752948835608136e+00 -5.356193935508379855e-01 3.708648077745417028e-03 1.693662481272407150e-01
1.140000000000000790e+00 -1.473968285416761038e-02 -6.624061131086180776e-01 1.083006462643765877e+00 -5.338630440976275260e-01 4.166176015250294684e-03 1.508284387999011267e-01
1.140000000000000790e+00 -1.473968285416761038e-02 -6.624061131086180776e-01 1.083006462643765877e+00 -5.338630440976275260e-01 4.166176015250294684e-03 1.508284387999011267e-01
1.150000000000000799e+00 -1.453010410163922857e-02 -6.610898728866834162e-01 1.078065042966265485e+00 -5.313603878440315009e-01 4.607564287156370487e-03 1.344653491450012450e-01
1.150000000000000799e+00 -1.453010410163922857e-02 -6.610898728866834162e-01 1.078065042966265485e+00 -5.313603878440315009e-01 4.607564287156370487e-03 1.344653491450012450e-01
1.160000000000000808e+00 -1.432590459830586013e-02 -6.597911686634739814e-01 1.073013328494520469e+00 -5.282392380922326103e-01 5.031836629052801636e-03 1.199587103969148721e-01
1.160000000000000808e+00 -1.432590459830586013e-02 -6.597911686634739814e-01 1.073013328494520469e+00 -5.282392380922326103e-01 5.031836629052801636e-03 1.199587103969148721e-01
1.170000000000000817e+00 -1.412909000396843189e-02 -6.585274441873887330e-01 1.067926016071871098e+00 -5.246143842836462623e-01 5.438517957995155777e-03 1.070595684268055708e-01
1.170000000000000817e+00 -1.412909000396843189e-02 -6.585274441873887330e-01 1.067926016071871098e+00 -5.246143842836462623e-01 5.438517957995155777e-03 1.070595684268055708e-01
1.180000000000000826e+00 -1.394137066556277310e-02 -6.573142199369397254e-01 1.062869395856225641e+00 -5.205889932105323137e-01 5.827558335971964702e-03 9.556606732370737101e-02
1.180000000000000826e+00 -1.394137066556277310e-02 -6.573142199369397254e-01 1.062869395856225641e+00 -5.205889932105323137e-01 5.827558335971964702e-03 9.556606732370737101e-02
1.190000000000000835e+00 -1.376419863777643415e-02 -6.561653139283418756e-01 1.057902369180209190e+00 -5.162556901617074701e-01 6.199273768085643635e-03 8.531017119453702946e-02
1.190000000000000835e+00 -1.376419863777643415e-02 -6.561653139283418756e-01 1.057902369180209190e+00 -5.162556901617074701e-01 6.199273768085643635e-03 8.531017119453702946e-02
1.200000000000000844e+00 -1.359879589953822548e-02 -6.550929869263195648e-01 1.053077158452823126e+00 -5.116974214800632526e-01 6.554297417870516562e-03 7.614931781391097443e-02
1.200000000000000844e+00 -1.359879589953822548e-02 -6.550929869263195648e-01 1.053077158452823126e+00 -5.116974214800632526e-01 6.554297417870516562e-03 7.614931781391097443e-02
1.210000000000000853e+00 -1.344617707874687200e-02 -6.541080418570742738e-01 1.048439829459798966e+00 -5.069881664858909565e-01 6.893537617030067594e-03 6.796088186629910266e-02
1.210000000000000853e+00 -1.344617707874687200e-02 -6.541080418570742738e-01 1.048439829459798966e+00 -5.069881664858909565e-01 6.893537617030067594e-03 6.796088186629910266e-02
1.220000000000000862e+00 -1.330716862121196324e-02 -6.532198957744344003e-01 1.044030698530355128e+00 -5.021935478697759914e-01 7.218140553286830040e-03 6.063831696446141117e-02
1.220000000000000862e+00 -1.330716862121196324e-02 -6.532198957744344003e-01 1.044030698530355128e+00 -5.021935478697759914e-01 7.218140553286830040e-03 6.063831696446141117e-02
1.230000000000000870e+00 -1.318243811340381010e-02 -6.524367477455509379e-01 1.039884770756606569e+00 -4.973707084560489711e-01 7.529408246233585192e-03 5.408540665606777209e-02
1.230000000000000870e+00 -1.318243811340381010e-02 -6.524367477455509379e-01 1.039884770756606569e+00 -4.973707084560489711e-01 7.529408246233585192e-03 5.408540665606777209e-02
1.240000000000000879e+00 -1.307247856452607715e-02 -6.517653548166750799e-01 1.036031732357957091e+00 -4.925702656604678542e-01 7.828880385105726689e-03 4.822188897785922163e-02
1.240000000000000879e+00 -1.307247856452607715e-02 -6.517653548166750799e-01 1.036031732357957091e+00 -4.925702656604678542e-01 7.828880385105726689e-03 4.822188897785922163e-02
1.250000000000000888e+00 -1.297764288866467414e-02 -6.512112578516203731e-01 1.032496481948591116e+00 -4.878359847753001022e-01 8.118234961270421116e-03 4.297608673979400051e-02
1.250000000000000888e+00 -1.297764288866467414e-02 -6.512112578516203731e-01 1.032496481948591116e+00 -4.878359847753001022e-01 8.118234961270421116e-03 4.297608673979400051e-02
1.260000000000000897e+00 -1.289815603942754720e-02 -6.507788209868986540e-01 1.029299375771123515e+00 -4.832052516877509696e-01 8.399262681562272986e-03 3.828411761930355928e-02
1.260000000000000897e+00 -1.289815603942754720e-02 -6.507788209868986540e-01 1.029299375771123515e+00 -4.832052516877509696e-01 8.399262681562272986e-03 3.828411761930355928e-02
1.270000000000000906e+00 -1.283412661483982788e-02 -6.504712756263156814e-01 1.026456476010123131e+00 -4.787095167819842567e-01 8.673842617237531236e-03 3.408900065614660357e-02
1.270000000000000906e+00 -1.283412661483982788e-02 -6.504712756263156814e-01 1.026456476010123131e+00 -4.787095167819842567e-01 8.673842617237531236e-03 3.408900065614660357e-02
1.280000000000000915e+00 -1.278555797473201507e-02 -6.502907697984892099e-01 1.023979805813400201e+00 -4.743747324541156551e-01 8.943919125825700381e-03 3.033986804870790477e-02
1.280000000000000915e+00 -1.278555797473201507e-02 -6.502907697984892099e-01 1.023979805813400201e+00 -4.743747324541156551e-01 8.943919125825700381e-03 3.033986804870790477e-02
1.290000000000000924e+00 -1.275235887900978693e-02 -6.502384230128707143e-01 1.021877611972716204e+00 -4.702217872290555545e-01 9.211480097151419910e-03 2.699128446855816182e-02
1.290000000000000924e+00 -1.275235887900978693e-02 -6.502384230128707143e-01 1.021877611972716204e+00 -4.702217872290555545e-01 9.211480097151419910e-03 2.699128446855816182e-02
1.300000000000000933e+00 -1.273435364102661407e-02 -6.503143863299784000e-01 1.020154634778659863e+00 -4.662669357863786224e-01 9.478536572983840142e-03 2.400265538151954633e-02
1.300000000000000933e+00 -1.273435364102661407e-02 -6.503143863299784000e-01 1.020154634778659863e+00 -4.662669357863786224e-01 9.478536572983840142e-03 2.400265538151954633e-02
1.310000000000000941e+00 -1.273129178449668684e-02 -6.505179070651936346e-01 1.018812383629926543e+00 -4.625222230903160425e-01 9.747103782373731790e-03 2.133770820978472815e-02
1.310000000000000941e+00 -1.273129178449668684e-02 -6.505179070651936346e-01 1.018812383629926543e+00 -4.625222230903160425e-01 9.747103782373731790e-03 2.133770820978472815e-02
1.320000000000000950e+00 -1.274285719126885819e-02 -6.508473973374079291e-01 1.017849416361108039e+00 -4.589959003322359177e-01 1.001918362451465448e-02 1.896403398214533548e-02
1.320000000000000950e+00 -1.274285719126885819e-02 -6.508473973374079291e-01 1.017849416361108039e+00 -4.589959003322359177e-01 1.001918362451465448e-02 1.896403398214533548e-02
1.330000000000000959e+00 -1.276867672895154633e-02 -6.513005055384378794e-01 1.017261619876583145e+00 -4.556928301919621616e-01 1.029674861924081801e-02 1.685268003982583543e-02
1.330000000000000959e+00 -1.276867672895154633e-02 -6.513005055384378794e-01 1.017261619876583145e+00 -4.556928301919621616e-01 1.029674861924081801e-02 1.685268003982583543e-02
1.340000000000000968e+00 -1.280832835067209109e-02 -6.518741897255724282e-01 1.017042489492067769e+00 -4.526148789101254732e-01 1.058172733292649798e-02 1.497778645736154261e-02
1.340000000000000968e+00 -1.280832835067209109e-02 -6.518741897255724282e-01 1.017042489492067769e+00 -4.526148789101254732e-01 1.058172733292649798e-02 1.497778645736154261e-02
1.350000000000000977e+00 -1.286134866340117935e-02 -6.525647919185176837e-01 1.017183404352920650e+00 -4.497612927867743471e-01 1.087599127521564173e-02 1.331626035051630685e-02
1.350000000000000977e+00 -1.286134866340117935e-02 -6.525647919185176837e-01 1.017183404352920650e+00 -4.497612927867743471e-01 1.087599127521564173e-02 1.331626035051630685e-02
1.360000000000000986e+00 -1.292723996574955507e-02 -6.533681123045665950e-01 1.017673896388696431e+00 -4.471290569451748520e-01 1.118134325015372570e-02 1.184748336150632381e-02
1.360000000000000986e+00 -1.292723996574955507e-02 -6.533681123045665950e-01 1.017673896388696431e+00 -4.471290569451748520e-01 1.118134325015372570e-02 1.184748336150632381e-02
1.370000000000000995e+00 -1.300547676059326044e-02 -6.542794824135744758e-01 1.018501910449614911e+00 -4.447132344947011817e-01 1.149950713425612267e-02 1.055304845753074136e-02
1.370000000000000995e+00 -1.300547676059326044e-02 -6.542794824135744758e-01 1.018501910449614911e+00 -4.447132344947011817e-01 1.149950713425612267e-02 1.055304845753074136e-02
1.380000000000001004e+00 -1.309551175206610796e-02 -6.552938364090938883e-01 1.019654053528093351e+00 -4.425072845683066802e-01 1.183211904406314234e-02 9.416522831011969394e-03
1.380000000000001004e+00 -1.309551175206610796e-02 -6.552938364090938883e-01 1.019654053528093351e+00 -4.425072845683066802e-01 1.183211904406314234e-02 9.416522831011969394e-03
1.390000000000001013e+00 -1.319678134022067052e-02 -6.564057797460828292e-01 1.021115831274973740e+00 -4.405033580772458879e-01 1.218071984695162126e-02 8.423234201048505898e-03
1.390000000000001013e+00 -1.319678134022067052e-02 -6.564057797460828292e-01 1.021115831274973740e+00 -4.405033580772458879e-01 1.218071984695162126e-02 8.423234201048505898e-03
1.400000000000001021e+00 -1.330871062991116106e-02 -6.576096545618104194e-01 1.022871870355577695e+00 -4.386925704006086613e-01 1.254674896147699864e-02 7.560078220152558100e-03
1.400000000000001021e+00 -1.330871062991116106e-02 -6.576096545618104194e-01 1.022871870355577695e+00 -4.386925704006086613e-01 1.254674896147699864e-02 7.560078220152558100e-03
1.410000000000001030e+00 -1.343071797314936665e-02 -6.588996012885594000e-01 1.024906125537641932e+00 -4.370652505948362521e-01 1.293153938733208885e-02 6.815345012184707667e-03
1.410000000000001030e+00 -1.343071797314936665e-02 -6.588996012885594000e-01 1.024906125537641932e+00 -4.370652505948362521e-01 1.293153938733208885e-02 6.815345012184707667e-03
1.420000000000001039e+00 -1.356221906631827415e-02 -6.602696160989564023e-01 1.027202070746568108e+00 -4.356111670565200877e-01 1.333631390010756729e-02 6.178563123465622038e-03
1.420000000000001039e+00 -1.356221906631827415e-02 -6.602696160989564023e-01 1.027202070746568108e+00 -4.356111670565200877e-01 1.333631390010756729e-02 6.178563123465622038e-03
1.430000000000001048e+00 -1.370263062521248631e-02 -6.617136039127042846e-01 1.029742873651043444e+00 -4.343197298909725612e-01 1.376218234236653223e-02 5.640359372065533068e-03
1.430000000000001048e+00 -1.370263062521248631e-02 -6.617136039127042846e-01 1.029742873651043444e+00 -4.343197298909725612e-01 1.376218234236653223e-02 5.640359372065533068e-03
1.440000000000001057e+00 -1.385137366194304741e-02 -6.632254268035787659e-01 1.032511553644489544e+00 -4.331801705224708754e-01 1.421013994001619173e-02 5.192333240417127543e-03
1.440000000000001057e+00 -1.385137366194304741e-02 -6.632254268035787659e-01 1.032511553644489544e+00 -4.331801705224708754e-01 1.421013994001619173e-02 5.192333240417127543e-03
1.450000000000001066e+00 -1.400787638834219244e-02 -6.647989477451935469e-01 1.035491123358237786e+00 -4.321816993253641548e-01 1.468106657146845719e-02 4.826944582275885173e-03
1.450000000000001066e+00 -1.400787638834219244e-02 -6.647989477451935469e-01 1.035491123358237786e+00 -4.321816993253641548e-01 1.468106657146845719e-02 4.826944582275885173e-03
1.460000000000001075e+00 -1.417157677068448668e-02 -6.664280697215368976e-01 1.038664714076528162e+00 -4.313136422563189631e-01 1.517572691651043575e-02 4.537413514231048058e-03
1.460000000000001075e+00 -1.417157677068448668e-02 -6.664280697215368976e-01 1.038664714076528162e+00 -4.313136422563189631e-01 1.517572691651043575e-02 4.537413514231048058e-03
1.470000000000001084e+00 -1.434192476036266241e-02 -6.681067703027561144e-01 1.042015685619384291e+00 -4.305655576267575779e-01 1.569477141203182852e-02 4.317631441165706123e-03
1.470000000000001084e+00 -1.434192476036266241e-02 -6.681067703027561144e-01 1.042015685619384291e+00 -4.305655576267575779e-01 1.569477141203182852e-02 4.317631441165706123e-03
1.480000000000001092e+00 -1.451838422467871016e-02 -6.698291318479134837e-01 1.045527721416988465e+00 -4.299273342725529190e-01 1.623873794265522086e-02 4.162082230176756235e-03
1.480000000000001092e+00 -1.451838422467871016e-02 -6.698291318479134837e-01 1.045527721416988465e+00 -4.299273342725529190e-01 1.623873794265522086e-02 4.162082230176756235e-03
1.490000000000001101e+00 -1.470043460119192270e-02 -6.715893675448180167e-01 1.049184909619775619e+00 -4.293892724580996023e-01 1.680805419576832452e-02 4.065772603484197126e-03
1.490000000000001101e+00 -1.470043460119192270e-02 -6.715893675448180167e-01 1.049184909619775619e+00 -4.293892724580996023e-01 1.680805419576832452e-02 4.065772603484197126e-03
1.500000000000001110e+00 -1.488757229816106351e-02 -6.733818435333279728e-01 1.052971811174638228e+00 -4.289421488976973285e-01 1.740304061235398159e-02 4.024170871803533535e-03
1.500000000000001110e+00 -1.488757229816106351e-02 -6.733818435333279728e-01 1.052971811174638228e+00 -4.289421488976973285e-01 1.740304061235398159e-02 4.024170871803533535e-03
1.510000000000001119e+00 -1.507931186257855521e-02 -6.752010973838054042e-01 1.056873515852737588e+00 -4.285772672930358573e-01 1.802391386725545747e-02 4.033153178518262064e-03
1.510000000000001119e+00 -1.507931186257855521e-02 -6.752010973838054042e-01 1.056873515852737588e+00 -4.285772672930358573e-01 1.802391386725545747e-02 4.033153178518262064e-03
1.520000000000001128e+00 -1.527518693616572269e-02 -6.770418532179376392e-01 1.060875687242276433e+00 -4.282864957759741631e-01 1.867079081501510363e-02 4.088956473780132675e-03
1.520000000000001128e+00 -1.527518693616572269e-02 -6.770418532179376392e-01 1.060875687242276433e+00 -4.282864957759741631e-01 1.867079081501510363e-02 4.088956473780132675e-03
1.530000000000001137e+00 -1.547475101851837100e-02 -6.788990337662790253e-01 1.064964597724227247e+00 -4.280622926152692354e-01 1.934369284011149687e-02 4.188137487488171121e-03
1.530000000000001137e+00 -1.547475101851837100e-02 -6.788990337662790253e-01 1.064964597724227247e+00 -4.280622926152692354e-01 1.934369284011149687e-02 4.188137487488171121e-03
1.540000000000001146e+00 -1.567757805539359700e-02 -6.807677696569615078e-01 1.069127154434432514e+00 -4.278977214987249034e-01 2.004255055323416607e-02 4.327537021314835537e-03
1.540000000000001146e+00 -1.567757805539359700e-02 -6.807677696569615078e-01 1.069127154434432514e+00 -4.278977214987249034e-01 2.004255055323416607e-02 4.327537021314835537e-03
1.550000000000001155e+00 -1.588326286893725070e-02 -6.826434062243867951e-01 1.073350917185516229e+00 -4.277864576423467957e-01 2.076720877812816488e-02 4.504248932350151703e-03
1.550000000000001155e+00 -1.588326286893725070e-02 -6.826434062243867951e-01 1.073350917185516229e+00 -4.277864576423467957e-01 2.076720877812816488e-02 4.504248932350151703e-03
1.560000000000001164e+00 -1.609142144548651732e-02 -6.845215081165604287e-01 1.077624109280177933e+00 -4.277227859090185769e-01 2.151743177647631733e-02 4.715593233930413797e-03
1.560000000000001164e+00 -1.609142144548651732e-02 -6.845215081165604287e-01 1.077624109280177933e+00 -4.277227859090185769e-01 2.151743177647631733e-02 4.715593233930413797e-03
1.570000000000001172e+00 -1.630169109545787781e-02 -6.863978619661630365e-01 1.081935622096837468e+00 -4.277015920439948826e-01 2.229290866123610076e-02 4.959092792010721777e-03
1.570000000000001172e+00 -1.630169109545787781e-02 -6.863978619661630365e-01 1.081935622096837468e+00 -4.277015920439948826e-01 2.229290866123610076e-02 4.959092792010721777e-03
1.580000000000001181e+00 -1.651373049875659582e-02 -6.882684773744386364e-01 1.086275014271975037e+00 -4.277183480557000816e-01 2.309325895178985372e-02 5.232453147171524724e-03
1.580000000000001181e+00 -1.651373049875659582e-02 -6.882684773744386364e-01 1.086275014271975037e+00 -4.277183480557000816e-01 2.309325895178985372e-02 5.232453147171524724e-03
1.590000000000001190e+00 -1.672721964812580800e-02 -6.901295864393547363e-01 1.090632506243222055e+00 -4.277690926900316604e-01 2.391803822718525929e-02 5.533545042206183817e-03
1.590000000000001190e+00 -1.672721964812580800e-02 -6.901295864393547363e-01 1.090632506243222055e+00 -4.277690926900316604e-01 2.391803822718525929e-02 5.533545042206183817e-03
1.600000000000001199e+00 -1.694185970189369603e-02 -6.919776420409431417e-01 1.094998970855208142e+00 -4.278504078662792032e-01 2.476674383662600190e-02 5.860389282532663634e-03
1.600000000000001199e+00 -1.694185970189369603e-02 -6.919776420409431417e-01 1.094998970855208142e+00 -4.278504078662792032e-01 2.476674383662600190e-02 5.860389282532663634e-03
1.610000000000001208e+00 -1.715737275667664208e-02 -6.938093150778519291e-01 1.099365920667940255e+00 -4.279593918641989569e-01 2.563882062921145691e-02 6.211143600879884610e-03
1.610000000000001208e+00 -1.715737275667664208e-02 -6.938093150778519291e-01 1.099365920667940255e+00 -4.279593918641989569e-01 2.563882062921145691e-02 6.211143600879884610e-03
1.620000000000001217e+00 -1.737350154975350960e-02 -6.956214908303760547e-01 1.103725492546309361e+00 -4.280936299757225894e-01 2.653366666771234464e-02 6.584091238464360486e-03
1.620000000000001217e+00 -1.737350154975350960e-02 -6.956214908303760547e-01 1.103725492546309361e+00 -4.280936299757225894e-01 2.653366666771234464e-02 6.584091238464360486e-03
1.630000000000001226e+00 -1.759000910003880730e-02 -6.974112646069542398e-01 1.108070430050135391e+00 -4.282511632619544484e-01 2.745063889390091799e-02 6.977630992009327404e-03
1.630000000000001226e+00 -1.759000910003880730e-02 -6.974112646069542398e-01 1.108070430050135391e+00 -4.282511632619544484e-01 2.745063889390091799e-02 6.977630992009327404e-03
1.640000000000001235e+00 -1.780667829584769643e-02 -6.991759368135939123e-01 1.112394064087665502e+00 -4.284304559870208418e-01 2.838905871562515115e-02 7.390268509422043795e-03
1.640000000000001235e+00 -1.780667829584769643e-02 -6.991759368135939123e-01 1.112394064087665502e+00 -4.284304559870208418e-01 2.838905871562515115e-02 7.390268509422043795e-03
1.650000000000001243e+00 -1.802331143696024249e-02 -7.009130075691026862e-01 1.116690292242129567e+00 -4.286303622353037635e-01 2.934821748842217359e-02 7.820608646813905981e-03
1.650000000000001243e+00 -1.802331143696024249e-02 -7.009130075691026862e-01 1.116690292242129567e+00 -4.286303622353037635e-01 2.934821748842217359e-02 7.820608646813905981e-03
1.660000000000001252e+00 -1.823972973785268140e-02 -7.026201709735092615e-01 1.120953557131135314e+00 -4.288500921577922953e-01 3.032738186700360133e-02 8.267348725985340305e-03
1.660000000000001252e+00 -1.823972973785268140e-02 -7.026201709735092615e-01 1.120953557131135314e+00 -4.288500921577922953e-01 3.032738186700360133e-02 8.267348725985340305e-03
1.670000000000001261e+00 -1.845577279836647239e-02 -7.042953091227125428e-01 1.125178824112532450e+00 -4.290891782367834972e-01 3.132579900441054971e-02 8.729272554728596117e-03
1.670000000000001261e+00 -1.845577279836647239e-02 -7.042953091227125428e-01 1.125178824112532450e+00 -4.290891782367834972e-01 3.132579900441054971e-02 8.729272554728596117e-03
1.680000000000001270e+00 -1.867129804752863664e-02 -7.059364859492611721e-01 1.129361558607955729e+00 -4.293474419059389868e-01 3.234270157902607162e-02 9.205245092590947850e-03
1.680000000000001270e+00 -1.867129804752863664e-02 -7.059364859492611721e-01 1.129361558607955729e+00 -4.293474419059389868e-01 3.234270157902607162e-02 9.205245092590947850e-03
1.690000000000001279e+00 -1.888618016571638400e-02 -7.075419409572235585e-01 1.133497703276534985e+00 -4.296249608146647248e-01 3.337731263194410741e-02 9.694207662365957046e-03
1.690000000000001279e+00 -1.888618016571638400e-02 -7.075419409572235585e-01 1.133497703276534985e+00 -4.296249608146647248e-01 3.337731263194410741e-02 9.694207662365957046e-03
1.700000000000001288e+00 -1.910031048987294658e-02 -7.091100829083542001e-01 1.137583655236159119e+00 -4.299220369817968734e-01 3.442885019942391184e-02 1.019517362282441018e-02
1.700000000000001288e+00 -1.910031048987294658e-02 -7.091100829083542001e-01 1.137583655236159119e+00 -4.299220369817968734e-01 3.442885019942391184e-02 1.019517362282441018e-02
1.710000000000001297e+00 -1.931359640602752989e-02 -7.106394835071410121e-01 1.141616243498048355e+00 -4.302391660434748966e-01 3.549653172730448530e-02 1.070722443133000079e-02
1.710000000000001297e+00 -1.931359640602752989e-02 -7.106394835071410121e-01 1.141616243498048355e+00 -4.302391660434748966e-01 3.549653172730448530e-02 1.070722443133000079e-02
1.720000000000001306e+00 -1.952596073294854406e-02 -7.121288711237885316e-01 1.145592706752051049e+00 -4.305770077636771331e-01 3.657957825631222293e-02 1.122950603626394865e-02
1.720000000000001306e+00 -1.952596073294854406e-02 -7.121288711237885316e-01 1.145592706752051049e+00 -4.305770077636771331e-01 3.657957825631222293e-02 1.122950603626394865e-02
1.730000000000001315e+00 -1.973734110036388933e-02 -7.135771245866734391e-01 1.149510671614850210e+00 -4.309363579429763003e-01 3.767721836916409356e-02 1.176122554884196682e-02
1.730000000000001315e+00 -1.973734110036388933e-02 -7.135771245866734391e-01 1.149510671614850210e+00 -4.309363579429763003e-01 3.767721836916409356e-02 1.176122554884196682e-02
1.740000000000001323e+00 -1.994768932481370480e-02 -7.149832670692455316e-01 1.153368131430918320e+00 -4.313181218314336984e-01 3.878869189224679048e-02 1.230164815215774657e-02
1.740000000000001323e+00 -1.994768932481370480e-02 -7.149832670692455316e-01 1.153368131430918320e+00 -4.313181218314336984e-01 3.878869189224679048e-02 1.230164815215774657e-02
1.750000000000001332e+00 -2.015697078585822546e-02 -7.163464600906503943e-01 1.157163425696382530e+00 -4.317232891249770943e-01 3.991325334643659045e-02 1.285009421231799072e-02
1.750000000000001332e+00 -2.015697078585822546e-02 -7.163464600906503943e-01 1.157163425696382530e+00 -4.317232891249770943e-01 3.991325334643659045e-02 1.285009421231799072e-02
1.760000000000001341e+00 -2.036516380504499457e-02 -7.176659976444565991e-01 1.160895220158746799e+00 -4.321529106008882293e-01 4.105017514331474326e-02 1.340593656251153412e-02
1.760000000000001341e+00 -2.036516380504499457e-02 -7.176659976444565991e-01 1.160895220158746799e+00 -4.321529106008882293e-01 4.105017514331474326e-02 1.340593656251153412e-02
1.770000000000001350e+00 -2.057225902974466059e-02 -7.189413004656953765e-01 1.164562487630438570e+00 -4.326080764269557011e-01 4.219875052462687681e-02 1.396859793592364687e-02
1.770000000000001350e+00 -2.057225902974466059e-02 -7.189413004656953765e-01 1.164562487630438570e+00 -4.326080764269557011e-01 4.219875052462687681e-02 1.396859793592364687e-02
1.780000000000001359e+00 -2.077825882369192800e-02 -7.201719104428997431e-01 1.168164489541209772e+00 -4.330898961602294150e-01 4.335829624433217011e-02 1.453754852769395360e-02
1.780000000000001359e+00 -2.077825882369192800e-02 -7.201719104428997431e-01 1.168164489541209772e+00 -4.330898961602294150e-01 4.335829624433217011e-02 1.453754852769395360e-02
1.790000000000001368e+00 -2.098317666581688695e-02 -7.213574851788904230e-01 1.171700758243320983e+00 -4.335994804349520559e-01 4.452815499398791316e-02 1.511230366973055628e-02
1.790000000000001368e+00 -2.098317666581688695e-02 -7.213574851788904230e-01 1.171700758243320983e+00 -4.335994804349520559e-01 4.452815499398791316e-02 1.511230366973055628e-02
1.800000000000001377e+00 -2.118703655872114511e-02 -7.224977927016326129e-01 1.175171080074001173e+00 -4.341379243249637865e-01 4.570769757351764162e-02 1.569242160523004470e-02
1.800000000000001377e+00 -2.118703655872114511e-02 -7.224977927016326129e-01 1.175171080074001173e+00 -4.341379243249637865e-01 4.570769757351764162e-02 1.569242160523004470e-02
1.810000000000001386e+00 -2.138987244794210776e-02 -7.235927063245202184e-01 1.178575479171714457e+00 -4.347062923535030543e-01 4.689632481061666025e-02 1.627750135229376338e-02
1.810000000000001386e+00 -2.138987244794210776e-02 -7.235927063245202184e-01 1.178575479171714457e+00 -4.347062923535030543e-01 4.689632481061666025e-02 1.627750135229376338e-02
1.820000000000001394e+00 -2.159172765295622534e-02 -7.246421996538781052e-01 1.181914202036138173e+00 -4.353056051127035531e-01 4.809346923315794414e-02 1.686718064814638970e-02
1.820000000000001394e+00 -2.159172765295622534e-02 -7.246421996538781052e-01 1.181914202036138173e+00 -4.353056051127035531e-01 4.809346923315794414e-02 1.686718064814638970e-02
1.830000000000001403e+00 -2.179265431069767403e-02 -7.256463417402533311e-01 1.185187702816301591e+00 -4.359368274460590498e-01 4.929859649997520715e-02 1.746113396721431926e-02
1.830000000000001403e+00 -2.179265431069767403e-02 -7.256463417402533311e-01 1.185187702816301591e+00 -4.359368274460590498e-01 4.929859649997520715e-02 1.746113396721431926e-02
1.840000000000001412e+00 -2.199271283221145706e-02 -7.266052923691503906e-01 1.188396629306923913e+00 -4.366008581395569577e-01 5.051120659631979509e-02 1.805907060776081388e-02
1.840000000000001412e+00 -2.199271283221145706e-02 -7.266052923691503906e-01 1.188396629306923913e+00 -4.366008581395569577e-01 5.051120659631979509e-02 1.805907060776081388e-02
1.850000000000001421e+00 -2.219197137291867294e-02 -7.275192974862050299e-01 1.191541809629505178e+00 -4.372985210609352524e-01 5.173083480111543425e-02 1.866073284294882464e-02
1.850000000000001421e+00 -2.219197137291867294e-02 -7.275192974862050299e-01 1.191541809629505178e+00 -4.372985210609352524e-01 5.173083480111543425e-02 1.866073284294882464e-02
1.860000000000001430e+00 -2.239050531684582193e-02 -7.283886847513553198e-01 1.194624239572037006e+00 -4.380305576814713664e-01 5.295705243387216488e-02 1.926589413315002094e-02
1.860000000000001430e+00 -2.239050531684582193e-02 -7.283886847513553198e-01 1.194624239572037006e+00 -4.380305576814713664e-01 5.295705243387216488e-02 1.926589413315002094e-02
1.870000000000001439e+00 -2.258839677505845855e-02 -7.292138592163176503e-01 1.197645070559230529e+00 -4.387976209107568026e-01 5.418946738976987421e-02 1.987435739707333476e-02
1.870000000000001439e+00 -2.258839677505845855e-02 -7.292138592163176503e-01 1.197645070559230529e+00 -4.387976209107568026e-01 5.418946738976987421e-02 1.987435739707333476e-02
1.880000000000001448e+00 -2.278573409844158321e-02 -7.299952991195793883e-01 1.200605598223801529e+00 -4.396002701719359251e-01 5.542772447198562186e-02 2.048595333987947992e-02
1.880000000000001448e+00 -2.278573409844158321e-02 -7.299952991195793883e-01 1.200605598223801529e+00 -4.396002701719359251e-01 5.542772447198562186e-02 2.048595333987947992e-02
1.890000000000001457e+00 -2.298261140488370297e-02 -7.307335517931553559e-01 1.203507251548529666e+00 -4.404389676427978850e-01 5.667150553082025283e-02 2.110053883690336460e-02
1.890000000000001457e+00 -2.298261140488370297e-02 -7.307335517931553559e-01 1.203507251548529666e+00 -4.404389676427978850e-01 5.667150553082025283e-02 2.110053883690336460e-02
1.900000000000001465e+00 -2.317912812084797075e-02 -7.314292296754968392e-01 1.206351582548448542e+00 -4.413140755868138476e-01 5.792052941958139578e-02 2.171799537194817400e-02
1.900000000000001465e+00 -2.317912812084797075e-02 -7.314292296754968392e-01 1.206351582548448542e+00 -4.413140755868138476e-01 5.792052941958139578e-02 2.171799537194817400e-02
1.910000000000001474e+00 -2.337538853725083451e-02 -7.320830064251657721e-01 1.209140256462556406e+00 -4.422258546976233773e-01 5.917455177750560735e-02 2.233822752936059225e-02
1.910000000000001474e+00 -2.337538853725083451e-02 -7.320830064251657721e-01 1.209140256462556406e+00 -4.422258546976233773e-01 5.917455177750560735e-02 2.233822752936059225e-02
1.920000000000001483e+00 -2.357150137951582666e-02 -7.326956131301802788e-01 1.211875042424807702e+00 -4.431744633805151379e-01 6.043336465025504062e-02 2.296116153926462677e-02
1.920000000000001483e+00 -2.357150137951582666e-02 -7.326956131301802788e-01 1.211875042424807702e+00 -4.431744633805151379e-01 6.043336465025504062e-02 2.296116153926462677e-02
1.930000000000001492e+00 -2.376757939162617295e-02 -7.332678346082821541e-01 1.214557804584800671e+00 -4.441599578950468641e-01 6.169679595870776467e-02 2.358674387543457929e-02
1.930000000000001492e+00 -2.376757939162617295e-02 -7.332678346082821541e-01 1.214557804584800671e+00 -4.441599578950468641e-01 6.169679595870776467e-02 2.358674387543457929e-02
1.940000000000001501e+00 -2.396373893396425148e-02 -7.338005057937587727e-01 1.217190493649462857e+00 -4.451822932840383551e-01 6.296470882687879578e-02 2.421493990533942625e-02
1.940000000000001501e+00 -2.396373893396425148e-02 -7.338005057937587727e-01 1.217190493649462857e+00 -4.451822932840383551e-01 6.296470882687879578e-02 2.421493990533942625e-02
1.950000000000001510e+00 -2.416009959469757329e-02 -7.342945082068589313e-01 1.219775138818126603e+00 -4.462413250156880840e-01 6.423700077986548018e-02 2.484573259190143643e-02
1.950000000000001510e+00 -2.416009959469757329e-02 -7.342945082068589313e-01 1.219775138818126603e+00 -4.462413250156880840e-01 6.423700077986548018e-02 2.484573259190143643e-02
1.960000000000001519e+00 -2.435678381444917467e-02 -7.347507665022690038e-01 1.222313840084623848e+00 -4.473368112674506736e-01 6.551360282270941859e-02 2.547912124648989834e-02
1.960000000000001519e+00 -2.435678381444917467e-02 -7.347507665022690038e-01 1.222313840084623848e+00 -4.473368112674506736e-01 6.551360282270941859e-02 2.547912124648989834e-02
1.970000000000001528e+00 -2.455391652397430347e-02 -7.351702450935444499e-01 1.224808760881398673e+00 -4.484684157825157280e-01 6.679447841101168737e-02 2.611512033262524193e-02
1.970000000000001528e+00 -2.455391652397430347e-02 -7.351702450935444499e-01 1.224808760881398673e+00 -4.484684157825157280e-01 6.679447841101168737e-02 2.611512033262524193e-02
1.980000000000001537e+00 -2.475162479455429720e-02 -7.355539448508288114e-01 1.227262121042097975e+00 -4.496357112321978655e-01 6.807962232403290403e-02 2.675375831980509114e-02
1.980000000000001537e+00 -2.475162479455429720e-02 -7.355539448508288114e-01 1.227262121042097975e+00 -4.496357112321978655e-01 6.807962232403290403e-02 2.675375831980509114e-02
1.990000000000001545e+00 -2.495003750081197999e-02 -7.359028998696153234e-01 1.229676190060627450e+00 -4.508381830202390916e-01 6.936905945085791725e-02 2.739507658678832364e-02
1.990000000000001545e+00 -2.495003750081197999e-02 -7.359028998696153234e-01 1.229676190060627450e+00 -4.508381830202390916e-01 6.936905945085791725e-02 2.739507658678832364e-02
2.000000000000001332e+00 -2.514928499564995923e-02 -7.362181743087269359e-01 1.232053280626236980e+00 -4.520752334678954654e-01 7.066284350001116044e-02 2.803912837359029409e-02
2.000000000000001332e+00 -2.514928499564995923e-02 -7.362181743087269359e-01 1.232053280626236980e+00 -4.520752334678954654e-01 7.066284350001116044e-02 2.803912837359029409e-02
2.010000000000001119e+00 -2.534949879701350536e-02 -7.365008592960903266e-01 1.234395742415799635e+00 -4.533461863216896592e-01 7.196105564267603338e-02 2.868597778135609233e-02
2.010000000000001119e+00 -2.534949879701350536e-02 -7.365008592960903266e-01 1.234395742415799635e+00 -4.533461863216896592e-01 7.196105564267603338e-02 2.868597778135609233e-02
2.020000000000000906e+00 -2.555081128618236566e-02 -7.367520699012648500e-01 1.236705956126050054e+00 -4.546502915288286872e-01 7.326380309940480617e-02 2.933569881919258215e-02
2.020000000000000906e+00 -2.555081128618236566e-02 -7.367520699012648500e-01 1.236705956126050054e+00 -4.546502915288286872e-01 7.326380309940480617e-02 2.933569881919258215e-02
2.030000000000000693e+00 -2.575335541730084526e-02 -7.369729421740510711e-01 1.238986327730148718e+00 -4.559867302284728585e-01 7.457121767990657069e-02 2.998837449695618620e-02
2.030000000000000693e+00 -2.575335541730084526e-02 -7.369729421740510711e-01 1.238986327730148718e+00 -4.559867302284728585e-01 7.457121767990657069e-02 2.998837449695618620e-02
2.040000000000000480e+00 -2.595726443786180657e-02 -7.371646302488430447e-01 1.241239282944505362e+00 -4.573546199102752619e-01 7.588345428517505320e-02 3.064409596291495230e-02
2.040000000000000480e+00 -2.595726443786180657e-02 -7.371646302488430447e-01 1.241239282944505362e+00 -4.573546199102752619e-01 7.588345428517505320e-02 3.064409596291495230e-02
2.050000000000000266e+00 -2.616267161986797832e-02 -7.373283035147052411e-01 1.243467261893334230e+00 -4.587530196948580996e-01 7.720068938086740995e-02 3.130296168513096305e-02
2.050000000000000266e+00 -2.616267161986797832e-02 -7.373283035147052411e-01 1.243467261893334230e+00 -4.587530196948580996e-01 7.720068938086740995e-02 3.130296168513096305e-02
2.060000000000000053e+00 -2.636971000140238622e-02 -7.374651438514444601e-01 1.245672713959897981e+00 -4.601809356941328755e-01 7.852311945047392439e-02 3.196507667534536495e-02
2.060000000000000053e+00 -2.636971000140238622e-02 -7.374651438514444601e-01 1.245672713959897981e+00 -4.601809356941328755e-01 7.852311945047392439e-02 3.196507667534536495e-02
2.069999999999999840e+00 -2.657851213834873036e-02 -7.375763429322096387e-01 1.247858092814830622e+00 -4.616373264125819276e-01 7.985095943642918359e-02 3.263055175409293462e-02
2.069999999999999840e+00 -2.657851213834873036e-02 -7.375763429322096387e-01 1.247858092814830622e+00 -4.616373264125819276e-01 7.985095943642918359e-02 3.263055175409293462e-02
2.079999999999999627e+00 -2.678920986601179485e-02 -7.376630995933884938e-01 1.250025851613294714e+00 -4.631211081537799923e-01 8.118444117691143991e-02 3.329950285572771951e-02
2.079999999999999627e+00 -2.678920986601179485e-02 -7.376630995933884938e-01 1.250025851613294714e+00 -4.631211081537799923e-01 8.118444117691143991e-02 3.329950285572771951e-02
2.089999999999999414e+00 -2.700193407039720023e-02 -7.377266172727768856e-01 1.252178438354025314e+00 -4.646311603995309514e-01 8.252381184566076611e-02 3.397205037200565908e-02
2.089999999999999414e+00 -2.700193407039720023e-02 -7.377266172727768856e-01 1.252178438354025314e+00 -4.646311603995309514e-01 8.252381184566076611e-02 3.397205037200565908e-02
2.099999999999999201e+00 -2.721681446891888873e-02 -7.377681015171757561e-01 1.254318291394527218e+00 -4.661663311320085601e-01 8.386933240172159132e-02 3.464831853284530000e-02
2.099999999999999201e+00 -2.721681446891888873e-02 -7.377681015171757561e-01 1.254318291394527218e+00 -4.661663311320085601e-01 8.386933240172159132e-02 3.464831853284530000e-02
2.109999999999998987e+00 -2.743397940031148258e-02 -7.377887575607233739e-01 1.256447835117833645e+00 -4.677254420722113948e-01 8.522127605558332819e-02 3.532843482287236631e-02
2.109999999999998987e+00 -2.743397940031148258e-02 -7.377887575607233739e-01 1.256447835117833645e+00 -4.677254420722113948e-01 8.522127605558332819e-02 3.532843482287236631e-02
2.119999999999998774e+00 -2.765355562353285016e-02 -7.377897879753935184e-01 1.258569475747280730e+00 -4.693072938108571179e-01 8.657992675775688651e-02 3.601252943234905385e-02
2.119999999999998774e+00 -2.765355562353285016e-02 -7.377897879753935184e-01 1.258569475747280730e+00 -4.693072938108571179e-01 8.657992675775688651e-02 3.601252943234905385e-02
2.129999999999998561e+00 -2.787566812545002465e-02 -7.377723903951861617e-01 1.260685597306717920e+00 -4.709106708105436634e-01 8.794557771538671909e-02 3.670073474109346312e-02
2.129999999999998561e+00 -2.787566812545002465e-02 -7.377723903951861617e-01 1.260685597306717920e+00 -4.709106708105436634e-01 8.794557771538671909e-02 3.670073474109346312e-02
2.139999999999998348e+00 -2.810043993710855184e-02 -7.377377553156092560e-01 1.262798557724447379e+00 -4.725343462605836597e-01 8.931852994206068708e-02 3.739318483400794896e-02
2.139999999999998348e+00 -2.810043993710855184e-02 -7.377377553156092560e-01 1.262798557724447379e+00 -4.725343462605836597e-01 8.931852994206068708e-02 3.739318483400794896e-02
2.149999999999998135e+00 -2.832799195839182452e-02 -7.376870639700934262e-01 1.264910685079968511e+00 -4.741770867683716140e-01 9.069909084554385326e-02 3.809001504685714107e-02
2.149999999999998135e+00 -2.832799195839182452e-02 -7.376870639700934262e-01 1.264910685079968511e+00 -4.741770867683716140e-01 9.069909084554385326e-02 3.809001504685714107e-02
2.159999999999997922e+00 -2.855844279088259538e-02 -7.376214862849984621e-01 1.267024273993294203e+00 -4.758376568734620227e-01 9.208757285773135071e-02 3.879136154096547717e-02
2.159999999999997922e+00 -2.855844279088259538e-02 -7.376214862849984621e-01 1.267024273993294203e+00 -4.758376568734620227e-01 9.208757285773135071e-02 3.879136154096547717e-02
2.169999999999997708e+00 -2.879190857874383558e-02 -7.375421789148691731e-01 1.269141582157207626e+00 -4.775148233727230518e-01 9.348429211068899625e-02 3.949736090554031853e-02
2.169999999999997708e+00 -2.879190857874383558e-02 -7.375421789148691731e-01 1.269141582157207626e+00 -4.775148233727230518e-01 9.348429211068899625e-02 3.949736090554031853e-02
2.179999999999997495e+00 -2.902850285744041497e-02 -7.374502833595663054e-01 1.271264827013339982e+00 -4.792073594469770104e-01 9.488956716223188870e-02 4.020814978636839954e-02
2.179999999999997495e+00 -2.902850285744041497e-02 -7.374502833595663054e-01 1.271264827013339982e+00 -4.792073594469770104e-01 9.488956716223188870e-02 4.020814978636839954e-02
2.189999999999997282e+00 -2.926833641012662260e-02 -7.373469241648491490e-01 1.273396182573372837e+00 -4.809140485814500932e-01 9.630371777408112954e-02 4.092386453967997856e-02
2.189999999999997282e+00 -2.926833641012662260e-02 -7.373469241648491490e-01 1.273396182573372837e+00 -4.809140485814500932e-01 9.630371777408112954e-02 4.092386453967997856e-02
2.199999999999997069e+00 -2.951151713152758843e-02 -7.372332072079151866e-01 1.275537776387007272e+00 -4.826336882741267820e-01 9.772706374523852657e-02 4.164464091002553769e-02
2.199999999999997069e+00 -2.951151713152758843e-02 -7.372332072079151866e-01 1.275537776387007272e+00 -4.826336882741267820e-01 9.772706374523852657e-02 4.164464091002553769e-02
2.209999999999996856e+00 -2.975814989914499220e-02 -7.371102180693104300e-01 1.277691686658598336e+00 -4.843650935277423186e-01 9.915992380283027152e-02 4.237061373106333628e-02
2.209999999999996856e+00 -2.975814989914499220e-02 -7.371102180693104300e-01 1.277691686658598336e+00 -4.843650935277423186e-01 9.915992380283027152e-02 4.237061373106333628e-02
2.219999999999996643e+00 -3.000833645161931837e-02 -7.369790204925156241e-01 1.279859939514527367e+00 -4.861071001226506816e-01 1.006026145522932319e-01 4.310191664821136359e-02
2.219999999999996643e+00 -3.000833645161931837e-02 -7.369790204925156241e-01 1.279859939514527367e+00 -4.861071001226506816e-01 1.006026145522932319e-01 4.310191664821136359e-02
2.229999999999996430e+00 -3.026217527408224875e-02 -7.368406549323852639e-01 1.282044506423485553e+00 -4.878585676691803430e-01 1.020554494884140379e-01 4.383868186217368401e-02
2.229999999999996430e+00 -3.026217527408224875e-02 -7.368406549323852639e-01 1.282044506423485553e+00 -4.878585676691803430e-01 1.020554494884140379e-01 4.383868186217368401e-02
2.239999999999996216e+00 -3.051976149033376953e-02 -7.366961371934765967e-01 1.284247301771872074e+00 -4.896183824393376405e-01 1.035187380683804947e-01 4.458103989240787268e-02
2.239999999999996216e+00 -3.051976149033376953e-02 -7.366961371934765967e-01 1.284247301771872074e+00 -4.896183824393376405e-01 1.035187380683804947e-01 4.458103989240787268e-02
2.249999999999996003e+00 -3.078118676167912807e-02 -7.365464571591475718e-01 1.286470180596466450e+00 -4.913854599788435307e-01 1.049927848476696762e-01 4.532911935965616007e-02
2.249999999999996003e+00 -3.078118676167912807e-02 -7.365464571591475718e-01 1.286470180596466450e+00 -4.913854599788435307e-01 1.049927848476696762e-01 4.532911935965616007e-02
2.259999999999995790e+00 -3.104653919226108699e-02 -7.363925776121359457e-01 1.288714936476437423e+00 -4.931587475014985733e-01 1.064778886792761975e-01 4.608304678671753390e-02
2.259999999999995790e+00 -3.104653919226108699e-02 -7.363925776121359457e-01 1.288714936476437423e+00 -4.931587475014985733e-01 1.064778886792761975e-01 4.608304678671753390e-02
2.269999999999995577e+00 -3.131590324072302395e-02 -7.362354331471500091e-01 1.290983299586585753e+00 -4.949372260687678882e-01 1.079743419764795515e-01 4.684294641669098369e-02
2.269999999999995577e+00 -3.131590324072302395e-02 -7.362354331471500091e-01 1.290983299586585753e+00 -4.949372260687678882e-01 1.079743419764795515e-01 4.684294641669098369e-02
2.279999999999995364e+00 -3.158935963803830016e-02 -7.360759291758143252e-01 1.293276934913507814e+00 -4.967199125582696939e-01 1.094824300390603855e-01 4.760894004797002615e-02
2.279999999999995364e+00 -3.158935963803830016e-02 -7.360759291758143252e-01 1.293276934913507814e+00 -4.967199125582696939e-01 1.094824300390603855e-01 4.760894004797002615e-02
2.289999999999995151e+00 -3.186698531134119633e-02 -7.359149410241146994e-01 1.295597440636106379e+00 -4.985058614255408194e-01 1.110024304426030228e-01 4.838114688531618829e-02
2.289999999999995151e+00 -3.186698531134119633e-02 -7.359149410241146994e-01 1.295597440636106379e+00 -4.985058614255408194e-01 1.110024304426030228e-01 4.838114688531618829e-02
2.299999999999994937e+00 -3.214885331359446097e-02 -7.357533131222844247e-01 1.297946346671569495e+00 -5.002941662640512099e-01 1.125346124902656814e-01 4.915968340638231238e-02
2.299999999999994937e+00 -3.214885331359446097e-02 -7.357533131222844247e-01 1.297946346671569495e+00 -5.002941662640512099e-01 1.125346124902656814e-01 4.915968340638231238e-02
2.309999999999994724e+00 -3.243503275892827692e-02 -7.355918582868652411e-01 1.300325113387600151e+00 -5.020839611689479343e-01 1.140792367261604656e-01 4.994466324309750765e-02
2.309999999999994724e+00 -3.243503275892827692e-02 -7.355918582868652411e-01 1.300325113387600151e+00 -5.020839611689479343e-01 1.140792367261604656e-01 4.994466324309750765e-02
2.319999999999994511e+00 -3.272558876348539980e-02 -7.354313570944652767e-01 1.302735130481308179e+00 -5.038744219104377420e-01 1.156365545092627872e-01 5.073619707736114204e-02
2.319999999999994511e+00 -3.272558876348539980e-02 -7.354313570944652767e-01 1.302735130481308179e+00 -5.038744219104377420e-01 1.156365545092627872e-01 5.073619707736114204e-02
2.329999999999994298e+00 -3.302058239160706593e-02 -7.352725573465219711e-01 1.305177716024775947e+00 -5.056647669230703857e-01 1.172068076465641595e-01 5.153439255052577606e-02
2.329999999999994298e+00 -3.302058239160706593e-02 -7.352725573465219711e-01 1.305177716024775947e+00 -5.056647669230703857e-01 1.172068076465641595e-01 5.153439255052577606e-02
2.339999999999994085e+00 -3.332007060719449631e-02 -7.351161736241669242e-01 1.307654115676895934e+00 -5.074542581174693590e-01 1.187902280839934627e-01 5.233935418617721713e-02
2.339999999999994085e+00 -3.332007060719449631e-02 -7.351161736241669242e-01 1.307654115676895934e+00 -5.074542581174693590e-01 1.187902280839934627e-01 5.233935418617721713e-02
2.349999999999993872e+00 -3.362410623008099675e-02 -7.349628869320755653e-01 1.310165502060637976e+00 -5.092422015212787478e-01 1.203870376534593584e-01 5.315118332574397114e-02
2.349999999999993872e+00 -3.362410623008099675e-02 -7.349628869320755653e-01 1.310165502060637976e+00 -5.092422015212787478e-01 1.203870376534593584e-01 5.315118332574397114e-02
2.359999999999993658e+00 -3.393273789725027162e-02 -7.348133444299764783e-01 1.312712974304465874e+00 -5.110279477562594819e-01 1.219974478742107821e-01 5.396997807648869910e-02
2.359999999999993658e+00 -3.393273789725027162e-02 -7.348133444299764783e-01 1.312712974304465874e+00 -5.110279477562594819e-01 1.219974478742107821e-01 5.396997807648869910e-02
2.369999999999993445e+00 -3.424601002873716576e-02 -7.346681592502902758e-01 1.315297557746170742e+00 -5.128108923585842360e-01 1.236216598065726230e-01 5.479583327145085003e-02
2.369999999999993445e+00 -3.424601002873716576e-02 -7.346681592502902758e-01 1.315297557746170742e+00 -5.128108923585842360e-01 1.236216598065726230e-01 5.479583327145085003e-02
2.379999999999993232e+00 -3.456396279804824917e-02 -7.345279104001671833e-01 1.317920203796937750e+00 -5.145904759494486225e-01 1.252598639559902582e-01 5.562884044092280406e-02
2.379999999999993232e+00 -3.456396279804824917e-02 -7.345279104001671833e-01 1.317920203796937750e+00 -5.145904759494486225e-01 1.252598639559902582e-01 5.562884044092280406e-02
2.389999999999993019e+00 -3.488663210694064459e-02 -7.343931427460010930e-01 1.320581789963017894e+00 -5.163661842631457333e-01 1.269122402252081949e-01 5.646908779505134535e-02
2.389999999999993019e+00 -3.488663210694064459e-02 -7.343931427460010930e-01 1.320581789963017894e+00 -5.163661842631457333e-01 1.269122402252081949e-01 5.646908779505134535e-02
2.399999999999992806e+00 -3.521404956439927458e-02 -7.342643670783103316e-01 1.323283120021934156e+00 -5.181375480397467648e-01 1.285789579123152171e-01 5.731666021716348008e-02
2.399999999999992806e+00 -3.521404956439927458e-02 -7.342643670783103316e-01 1.323283120021934156e+00 -5.181375480397467648e-01 1.285789579123152171e-01 5.731666021716348008e-02
2.409999999999992593e+00 -3.554624246965432111e-02 -7.341420602547013008e-01 1.326024924349729517e+00 -5.199041427894940393e-01 1.302601757523107473e-01 5.817163926741936858e-02
2.409999999999992593e+00 -3.554624246965432111e-02 -7.341420602547013008e-01 1.326024924349729517e+00 -5.199041427894940393e-01 1.302601757523107473e-01 5.817163926741936858e-02
2.419999999999992379e+00 -3.588323379908286981e-02 -7.340266654184616213e-01 1.328807860395346374e+00 -5.216655884359528983e-01 1.319560419997825862e-01 5.903410319639715992e-02
2.419999999999992379e+00 -3.588323379908286981e-02 -7.340266654184616213e-01 1.328807860395346374e+00 -5.216655884359528983e-01 1.319560419997825862e-01 5.903410319639715992e-02
2.429999999999992166e+00 -3.622504219684100774e-02 -7.339185922901757531e-01 1.331632513297838605e+00 -5.234215488448843434e-01 1.336666945502374415e-01 5.990412696821427463e-02
2.429999999999992166e+00 -3.622504219684100774e-02 -7.339185922901757531e-01 1.331632513297838605e+00 -5.234215488448843434e-01 1.336666945502374415e-01 5.990412696821427463e-02
2.439999999999991953e+00 -3.657168196907514129e-02 -7.338182175296088516e-01 1.334499396641740221e+00 -5.251717312457010456e-01 1.353922610975880347e-01 6.078178229278781430e-02
2.439999999999991953e+00 -3.657168196907514129e-02 -7.338182175296088516e-01 1.334499396641740221e+00 -5.251717312457010456e-01 1.353922610975880347e-01 6.078178229278781430e-02
2.449999999999991740e+00 -3.692316308156429194e-02 -7.337258851649727243e-01 1.337408953345572193e+00 -5.269158855522531049e-01 1.371328593252778838e-01 6.166713766683365461e-02
2.449999999999991740e+00 -3.692316308156429194e-02 -7.337258851649727243e-01 1.337408953345572193e+00 -5.269158855522531049e-01 1.371328593252778838e-01 6.166713766683365461e-02
2.459999999999991527e+00 -3.727949116064793039e-02 -7.336419070865677350e-01 1.340361556678141719e+00 -5.286538035895631538e-01 1.388885971285130361e-01 6.256025842319973274e-02
2.459999999999991527e+00 -3.727949116064793039e-02 -7.336419070865677350e-01 1.340361556678141719e+00 -5.286538035895631538e-01 1.388885971285130361e-01 6.256025842319973274e-02
2.469999999999991314e+00 -3.764066749729735872e-02 -7.335665636016855951e-01 1.343357511396999326e+00 -5.303853182329935079e-01 1.406595728650701926e-01 6.346120678812423865e-02
2.469999999999991314e+00 -3.764066749729735872e-02 -7.335665636016855951e-01 1.343357511396999326e+00 -5.303853182329935079e-01 1.406595728650701926e-01 6.346120678812423865e-02
2.479999999999991100e+00 -3.800668905419177235e-02 -7.335001040475641609e-01 1.346397055003149434e+00 -5.321103024661864023e-01 1.424458756321625441e-01 6.437004194600434714e-02
2.479999999999991100e+00 -3.800668905419177235e-02 -7.335001040475641609e-01 1.346397055003149434e+00 -5.321103024661864023e-01 1.424458756321625441e-01 6.437004194600434714e-02
2.489999999999990887e+00 -3.837754847566392929e-02 -7.334427474591053153e-01 1.349480359105881044e+00 -5.338286683639698049e-01 1.442475855668660656e-01 6.528682011125618023e-02
2.489999999999990887e+00 -3.837754847566392929e-02 -7.334427474591053153e-01 1.349480359105881044e+00 -5.338286683639698049e-01 1.442475855668660656e-01 6.528682011125618023e-02
2.499999999999990674e+00 -3.875323410038372662e-02 -7.333946832879977284e-01 1.352607530891380749e+00 -5.355403660062715288e-01 1.460647741676408262e-01 6.621159460684139519e-02
2.499999999999990674e+00 -3.875323410038372662e-02 -7.333946832879977284e-01 1.352607530891380749e+00 -5.355403660062715288e-01 1.460647741676408262e-01 6.621159460684139519e-02
2.509999999999990461e+00 -3.913372997665184871e-02 -7.333560721698351159e-01 1.355778614688620598e+00 -5.372453823289314867e-01 1.478975046345229749e-01 6.714441594903167165e-02
2.509999999999990461e+00 -3.913372997665184871e-02 -7.333560721698351159e-01 1.355778614688620598e+00 -5.372453823289314867e-01 1.478975046345229749e-01 6.714441594903167165e-02
2.519999999999990248e+00 -3.951901588017939920e-02 -7.333270467357778655e-01 1.358993593625874352e+00 -5.389437399171501664e-01 1.497458322256121355e-01 6.808533193797842997e-02
2.519999999999990248e+00 -3.951901588017939920e-02 -7.333270467357778655e-01 1.358993593625874352e+00 -5.389437399171501664e-01 1.497458322256121355e-01 6.808533193797842997e-02
2.529999999999990035e+00 -3.990906733423308511e-02 -7.333077124652803702e-01 1.362252391371112648e+00 -5.406354957471588563e-01 1.516098046275365652e-01 6.903438775365196289e-02
2.529999999999990035e+00 -3.990906733423308511e-02 -7.333077124652803702e-01 1.362252391371112648e+00 -5.406354957471588563e-01 1.516098046275365652e-01 6.903438775365196289e-02
2.539999999999989821e+00 -4.030385563202940058e-02 -7.332981485763919727e-01 1.365554873949449188e+00 -5.423207398815458324e-01 1.534894623376429623e-01 6.999162605671235826e-02
2.539999999999989821e+00 -4.030385563202940058e-02 -7.332981485763919727e-01 1.365554873949449188e+00 -5.423207398815458324e-01 1.534894623376429623e-01 6.999162605671235826e-02
2.549999999999989608e+00 -4.070334786126490745e-02 -7.332984089501396463e-01 1.368900851630771465e+00 -5.439995941235233889e-01 1.553848390557290848e-01 7.095708709387339719e-02
2.549999999999989608e+00 -4.070334786126490745e-02 -7.332984089501396463e-01 1.368900851630771465e+00 -5.439995941235233889e-01 1.553848390557290848e-01 7.095708709387339719e-02
2.559999999999989395e+00 -4.110750693067340839e-02 -7.333085230855088676e-01 1.372290080880673946e+00 -5.456722106352728252e-01 1.572959620832140859e-01 7.193080880732130589e-02
2.559999999999989395e+00 -4.110750693067340839e-02 -7.333085230855088676e-01 1.372290080880673946e+00 -5.456722106352728252e-01 1.572959620832140859e-01 7.193080880732130589e-02
2.569999999999989182e+00 -4.151629159850420830e-02 -7.333284970815653336e-01 1.375722266367827906e+00 -5.473387705253576208e-01 1.592228527277246841e-01 7.291282694775112760e-02
2.569999999999989182e+00 -4.151629159850420830e-02 -7.333284970815653336e-01 1.375722266367827906e+00 -5.473387705253576208e-01 1.592228527277246841e-01 7.291282694775112760e-02
2.579999999999988969e+00 -4.192965650281930273e-02 -7.333583146432928190e-01 1.379197063020969560e+00 -5.489994824100520310e-01 1.611655267111615497e-01 7.390317519058711704e-02
2.579999999999988969e+00 -4.192965650281930273e-02 -7.333583146432928190e-01 1.379197063020969560e+00 -5.489994824100520310e-01 1.611655267111615497e-01 7.390317519058711704e-02
2.589999999999988756e+00 -4.234755219351033634e-02 -7.333979381077674331e-01 1.382714078128755020e+00 -5.506545809532881197e-01 1.631239945794022705e-01 7.490188525495720950e-02
2.589999999999988756e+00 -4.234755219351033634e-02 -7.333979381077674331e-01 1.382714078128755020e+00 -5.506545809532881197e-01 1.631239945794022705e-01 7.490188525495720950e-02
2.599999999999988542e+00 -4.276992516593949162e-02 -7.334473094873456001e-01 1.386272873475828504e+00 -5.523043253897843563e-01 1.650982621118912419e-01 7.590898702499740414e-02
2.599999999999988542e+00 -4.276992516593949162e-02 -7.334473094873456001e-01 1.386272873475828504e+00 -5.523043253897843563e-01 1.650982621118912419e-01 7.590898702499740414e-02
2.609999999999988329e+00 -4.319671789611121554e-02 -7.335063515266052603e-01 1.389872967508570811e+00 -5.539489980357780174e-01 1.670883307294646625e-01 7.692450867306899198e-02
2.609999999999988329e+00 -4.319671789611121554e-02 -7.335063515266052603e-01 1.389872967508570811e+00 -5.539489980357780174e-01 1.670883307294646625e-01 7.692450867306899198e-02
2.619999999999988116e+00 -4.362786887728443280e-02 -7.335749687698553956e-01 1.393513837524133603e+00 -5.555889027916428580e-01 1.690941978988585170e-01 7.794847678447935913e-02
2.619999999999988116e+00 -4.362786887728443280e-02 -7.335749687698553956e-01 1.393513837524133603e+00 -5.555889027916428580e-01 1.690941978988585170e-01 7.794847678447935913e-02
2.629999999999987903e+00 -4.406331265793742014e-02 -7.336530486361103609e-01 1.397194921876526053e+00 -5.572243636405374012e-01 1.711158575324485953e-01 7.898091648330708703e-02
2.629999999999987903e+00 -4.406331265793742014e-02 -7.336530486361103609e-01 1.397194921876526053e+00 -5.572243636405374012e-01 1.711158575324485953e-01 7.898091648330708703e-02
2.639999999999987690e+00 -4.450297988099967406e-02 -7.337404624985133239e-01 1.400915622193701360e+00 -5.588557231470853148e-01 1.731533003818742089e-01 8.002185155894252222e-02
2.639999999999987690e+00 -4.450297988099967406e-02 -7.337404624985133239e-01 1.400915622193701360e+00 -5.588557231470853148e-01 1.731533003818742089e-01 8.002185155894252222e-02
2.649999999999987477e+00 -4.494679732426713065e-02 -7.338370667652899249e-01 1.404675305599782709e+00 -5.604833409599537797e-01 1.752065144243007966e-01 8.107130459296696401e-02
2.649999999999987477e+00 -4.494679732426713065e-02 -7.338370667652899249e-01 1.404675305599782709e+00 -5.604833409599537797e-01 1.752065144243007966e-01 8.107130459296696401e-02
2.659999999999987264e+00 -4.539468794191890699e-02 -7.339427039594152991e-01 1.408473306936778746e+00 -5.621075923220503201e-01 1.772754852401790815e-01 8.212929708600630319e-02
2.659999999999987264e+00 -4.539468794191890699e-02 -7.339427039594152991e-01 1.408473306936778746e+00 -5.621075923220503201e-01 1.772754852401790815e-01 8.212929708600630319e-02
2.669999999999987050e+00 -4.584657090705516330e-02 -7.340572037942826311e-01 1.412308930980360033e+00 -5.637288665919204522e-01 1.793601963814622779e-01 8.319584958420939147e-02
2.669999999999987050e+00 -4.584657090705516330e-02 -7.340572037942826311e-01 1.412308930980360033e+00 -5.637288665919204522e-01 1.793601963814622779e-01 8.319584958420939147e-02
2.679999999999986837e+00 -4.630236165517703784e-02 -7.341803842427750970e-01 1.416181454644498849e+00 -5.653475657797804033e-01 1.814606297293440418e-01 8.427098180501559066e-02
2.679999999999986837e+00 -4.630236165517703784e-02 -7.341803842427750970e-01 1.416181454644498849e+00 -5.653475657797804033e-01 1.814606297293440418e-01 8.427098180501559066e-02
2.689999999999986624e+00 -4.676197192853056434e-02 -7.343120525972564039e-01 1.420090129170017201e+00 -5.669641031014763799e-01 1.835767658406813052e-01 8.535471276189210421e-02
2.689999999999986624e+00 -4.676197192853056434e-02 -7.343120525972564039e-01 1.420090129170017201e+00 -5.669641031014763799e-01 1.835767658406813052e-01 8.535471276189210421e-02
2.699999999999986411e+00 -4.722530982123733512e-02 -7.344520065181147084e-01 1.424034182292333472e+00 -5.685789015535110957e-01 1.857085842823647803e-01 8.644706088773751462e-02
2.699999999999986411e+00 -4.722530982123733512e-02 -7.344520065181147084e-01 1.424034182292333472e+00 -5.685789015535110957e-01 1.857085842823647803e-01 8.644706088773751462e-02
2.709999999999986198e+00 -4.769227982513520037e-02 -7.346000350686145985e-01 1.428012820383952830e+00 -5.701923925121294978e-01 1.878560639529973375e-01 8.754804415666525563e-02
2.709999999999986198e+00 -4.769227982513520037e-02 -7.346000350686145985e-01 1.428012820383952830e+00 -5.701923925121294978e-01 1.878560639529973375e-01 8.754804415666525563e-02
2.719999999999985985e+00 -4.816278287625271742e-02 -7.347559197339356141e-01 1.432025230567502527e+00 -5.718050143593000900e-01 1.900191833913350836e-01 8.865768020389784565e-02
2.719999999999985985e+00 -4.816278287625271742e-02 -7.347559197339356141e-01 1.432025230567502527e+00 -5.718050143593000900e-01 1.900191833913350836e-01 8.865768020389784565e-02
2.729999999999985771e+00 -4.863671640184114714e-02 -7.349194354223991255e-01 1.436070582795372585e+00 -5.734172111382755954e-01 1.921979210710378083e-01 8.977598644352050017e-02
2.729999999999985771e+00 -4.863671640184114714e-02 -7.349194354223991255e-01 1.436070582795372585e+00 -5.734172111382755954e-01 1.921979210710378083e-01 8.977598644352050017e-02
2.739999999999985558e+00 -4.911397436788784987e-02 -7.350903514470099598e-01 1.440148031892282354e+00 -5.750294312412551623e-01 1.943922556813645064e-01 9.090298018386108736e-02
2.739999999999985558e+00 -4.911397436788784987e-02 -7.350903514470099598e-01 1.440148031892282354e+00 -5.750294312412551623e-01 1.943922556813645064e-01 9.090298018386108736e-02
2.749999999999985345e+00 -4.959444732703478104e-02 -7.352684324855649489e-01 1.444256719557352575e+00 -5.766421261315117786e-01 1.966021663935355879e-01 9.203867874028119622e-02
2.749999999999985345e+00 -4.959444732703478104e-02 -7.352684324855649489e-01 1.444256719557352575e+00 -5.766421261315117786e-01 1.966021663935355879e-01 9.203867874028119622e-02
2.759999999999985132e+00 -5.007802246682530045e-02 -7.354534395177044770e-01 1.448395776322521478e+00 -5.782557491021844687e-01 1.988276331125651553e-01 9.318309954518194660e-02
2.759999999999985132e+00 -5.007802246682530045e-02 -7.354534395177044770e-01 1.448395776322521478e+00 -5.782557491021844687e-01 1.988276331125651553e-01 9.318309954518194660e-02
2.769999999999984919e+00 -5.056458365820231532e-02 -7.356451307374075599e-01 1.452564323464396123e+00 -5.798707540737702004e-01 2.010686367144457198e-01 9.433626025504608659e-02
2.769999999999984919e+00 -5.056458365820231532e-02 -7.356451307374075599e-01 1.452564323464396123e+00 -5.798707540737702004e-01 2.010686367144457198e-01 9.433626025504608659e-02
2.779999999999984706e+00 -5.105401150418002049e-02 -7.358432624395534472e-01 1.456761474866884898e+00 -5.814875944321825640e-01 2.033251592686418641e-01 9.549817885435665787e-02
2.779999999999984706e+00 -5.105401150418002049e-02 -7.358432624395534472e-01 1.456761474866884898e+00 -5.814875944321825640e-01 2.033251592686418641e-01 9.549817885435665787e-02
2.789999999999984492e+00 -5.154618338861098603e-02 -7.360475898792936400e-01 1.460986338832200193e+00 -5.831067219090771969e-01 2.055971842459202170e-01 9.666887375625013434e-02
2.789999999999984492e+00 -5.154618338861098603e-02 -7.360475898792936400e-01 1.460986338832200193e+00 -5.831067219090771969e-01 2.055971842459202170e-01 9.666887375625013434e-02
2.799999999999984279e+00 -5.204097352496964840e-02 -7.362578681030985672e-01 1.465238019838065009e+00 -5.847285855059732862e-01 2.078846967116093070e-01 9.784836389978050775e-02
2.799999999999984279e+00 -5.204097352496964840e-02 -7.362578681030985672e-01 1.465238019838065009e+00 -5.847285855059732862e-01 2.078846967116093070e-01 9.784836389978050775e-02
2.809999999999984066e+00 -5.253825300507254659e-02 -7.364738527504586241e-01 1.469515620239188358e+00 -5.863536304635301732e-01 2.101876835044451108e-01 9.903666884368780843e-02
2.809999999999984066e+00 -5.253825300507254659e-02 -7.364738527504586241e-01 1.469515620239188358e+00 -5.863536304635301732e-01 2.101876835044451108e-01 9.903666884368780843e-02
2.819999999999983853e+00 -5.303788984765495790e-02 -7.366953008253349644e-01 1.473818241911305282e+00 -5.879822972771685530e-01 2.125061334012157133e-01 1.002338088565820351e-01
2.819999999999983853e+00 -5.303788984765495790e-02 -7.366953008253349644e-01 1.473818241911305282e+00 -5.879822972771685530e-01 2.125061334012157133e-01 1.002338088565820351e-01
2.829999999999983640e+00 -5.353974904672288704e-02 -7.369219714365669027e-01 1.478144987836297108e+00 -5.896150207600545645e-01 2.148400372674721670e-01 1.014398050034703291e-01
2.829999999999983640e+00 -5.353974904672288704e-02 -7.369219714365669027e-01 1.478144987836297108e+00 -5.896150207600545645e-01 2.148400372674721670e-01 1.014398050034703291e-01
2.839999999999983427e+00 -5.404369261959864751e-02 -7.371536265065506965e-01 1.482494963627120965e+00 -5.912522291542958719e-01 2.171893881946215521e-01 1.026546792285714105e-01
2.839999999999983427e+00 -5.404369261959864751e-02 -7.371536265065506965e-01 1.482494963627120965e+00 -5.912522291542958719e-01 2.171893881946215521e-01 1.026546792285714105e-01
2.849999999999983213e+00 -5.454957965457782332e-02 -7.373900314476118378e-01 1.486867278991482300e+00 -5.928943432910308564e-01 2.195541816237626120e-01 1.038784544343770017e-01
2.849999999999983213e+00 -5.454957965457782332e-02 -7.373900314476118378e-01 1.486867278991482300e+00 -5.928943432910308564e-01 2.195541816237626120e-01 1.038784544343770017e-01
2.859999999999983000e+00 -5.505726635811476061e-02 -7.376309558055931248e-01 1.491261049133380867e+00 -5.945417757999253983e-01 2.219344154566650351e-01 1.051111545569354544e-01
2.859999999999983000e+00 -5.505726635811476061e-02 -7.376309558055931248e-01 1.491261049133380867e+00 -5.945417757999253983e-01 2.219344154566650351e-01 1.051111545569354544e-01
2.869999999999982787e+00 -5.556660610145344042e-02 -7.378761738702803719e-01 1.495675396091849407e+00 -5.961949303684281887e-01 2.243300901543291148e-01 1.063528046373468372e-01
2.869999999999982787e+00 -5.556660610145344042e-02 -7.378761738702803719e-01 1.495675396091849407e+00 -5.961949303684281887e-01 2.243300901543291148e-01 1.063528046373468372e-01
2.879999999999982574e+00 -5.607744946662023694e-02 -7.381254652523834281e-01 1.500109450016383184e+00 -5.978542010509739768e-01 2.267412088235942202e-01 1.076034308894733282e-01
2.879999999999982574e+00 -5.607744946662023694e-02 -7.381254652523834281e-01 1.500109450016383184e+00 -5.978542010509739768e-01 2.267412088235942202e-01 1.076034308894733282e-01
2.889999999999982361e+00 -5.658964429169501681e-02 -7.383786154268806579e-01 1.504562350378728430e+00 -5.995199716281672808e-01 2.291677772922920409e-01 1.088630607638811226e-01
2.889999999999982361e+00 -5.658964429169501681e-02 -7.383786154268806579e-01 1.504562350378728430e+00 -5.995199716281672808e-01 2.291677772922920409e-01 1.088630607638811226e-01
2.899999999999982148e+00 -5.710303571527702848e-02 -7.386354162426227443e-01 1.509033247120863841e+00 -6.011926150158248827e-01 2.316098041734640511e-01 1.101317230080434556e-01
2.899999999999982148e+00 -5.710303571527702848e-02 -7.386354162426227443e-01 1.509033247120863841e+00 -6.011926150158248827e-01 2.316098041734640511e-01 1.101317230080434556e-01
2.909999999999981934e+00 -5.761746622006221064e-02 -7.388956663981763873e-01 1.513521301739156000e+00 -6.028724927236073228e-01 2.340673009191820975e-01 1.114094477228453617e-01
2.909999999999981934e+00 -5.761746622006221064e-02 -7.388956663981763873e-01 1.513521301739156000e+00 -6.028724927236073228e-01 2.340673009191820975e-01 1.114094477228453617e-01
2.919999999999981721e+00 -5.813277567544910401e-02 -7.391591718839675140e-01 1.518025688304821319e+00 -6.045599543628249473e-01 2.365402818645265803e-01 1.126962664154422950e-01
2.919999999999981721e+00 -5.813277567544910401e-02 -7.391591718839675140e-01 1.518025688304821319e+00 -6.045599543628249473e-01 2.365402818645265803e-01 1.126962664154422950e-01
2.929999999999981508e+00 -5.864880137909091185e-02 -7.394257463908607830e-01 1.522545594420959381e+00 -6.062553372028661736e-01 2.390287642622888342e-01 1.139922120485349771e-01
2.929999999999981508e+00 -5.864880137909091185e-02 -7.394257463908607830e-01 1.522545594420959381e+00 -6.062553372028661736e-01 2.390287642622888342e-01 1.139922120485349771e-01
2.939999999999981295e+00 -5.916537809731238495e-02 -7.396952116853842130e-01 1.527080222116550923e+00 -6.079589657755626320e-01 2.415327683089726063e-01 1.152973190861318886e-01
2.939999999999981295e+00 -5.916537809731238495e-02 -7.396952116853842130e-01 1.527080222116550923e+00 -6.079589657755626320e-01 2.415327683089726063e-01 1.152973190861318886e-01
2.949999999999981082e+00 -5.968233810431093633e-02 -7.399673979518760492e-01 1.531628788677935615e+00 -6.096711515266799442e-01 2.440523171626747534e-01 1.166116235358802544e-01
2.949999999999981082e+00 -5.968233810431093633e-02 -7.399673979518760492e-01 1.531628788677935615e+00 -6.096711515266799442e-01 2.440523171626747534e-01 1.166116235358802544e-01
2.959999999999980869e+00 -6.019951122006294425e-02 -7.402421441018964821e-01 1.536190527418396234e+00 -6.113921925136034385e-01 2.465874369534271082e-01 1.179351629880541069e-01
2.959999999999980869e+00 -6.019951122006294425e-02 -7.402421441018964821e-01 1.536190527418396234e+00 -6.113921925136034385e-01 2.465874369534271082e-01 1.179351629880541069e-01
2.969999999999980655e+00 -6.071672484685747273e-02 -7.405192980513075618e-01 1.540764688386577319e+00 -6.131223731481755257e-01 2.491381567865803559e-01 1.192679766512949463e-01
2.969999999999980655e+00 -6.071672484685747273e-02 -7.405192980513075618e-01 1.540764688386577319e+00 -6.131223731481755257e-01 2.491381567865803559e-01 1.192679766512949463e-01
2.979999999999980442e+00 -6.123380400438158816e-02 -7.407987169654824955e-01 1.545350539014569646e+00 -6.148619639835360973e-01 2.517045087398068759e-01 1.206101053852076110e-01
2.979999999999980442e+00 -6.123380400438158816e-02 -7.407987169654824955e-01 1.545350539014569646e+00 -6.148619639835360973e-01 2.517045087398068759e-01 1.206101053852076110e-01
2.989999999999980229e+00 -6.175057136328323398e-02 -7.410802674731576944e-01 1.549947364706574904e+00 -6.166112215437202781e-01 2.542865278542930096e-01 1.219615917299194524e-01
2.989999999999980229e+00 -6.175057136328323398e-02 -7.410802674731576944e-01 1.549947364706574904e+00 -6.166112215437202781e-01 2.542865278542930096e-01 1.219615917299194524e-01
2.999999999999980016e+00 -6.226684727713999168e-02 -7.413638258494943400e-01 1.554554469369153757e+00 -6.183703881946760461e-01 2.568842521206819995e-01 1.233224799327159726e-01
2.999999999999980016e+00 -6.226684727713999168e-02 -7.413638258494943400e-01 1.554554469369153757e+00 -6.183703881946760461e-01 2.568842521206819995e-01 1.233224799327159726e-01
3.009999999999979803e+00 -6.278244981276437375e-02 -7.416492781689595359e-01 1.559171175884132898e+00 -6.201396920552854075e-01 2.594977224603177701e-01 1.246928159718706519e-01
3.009999999999979803e+00 -6.278244981276437375e-02 -7.416492781689595359e-01 1.559171175884132898e+00 -6.201396920552854075e-01 2.594977224603177701e-01 1.246928159718706519e-01
3.019999999999979590e+00 -6.329719477877907008e-02 -7.419365204286823001e-01 1.563796826525319261e+00 -6.219193469468952129e-01 2.621269827023266497e-01 1.260726475777903532e-01
3.019999999999979590e+00 -6.329719477877907008e-02 -7.419365204286823001e-01 1.563796826525319261e+00 -6.219193469468952129e-01 2.621269827023266497e-01 1.260726475777903532e-01
3.029999999999979376e+00 -6.381089575239837219e-02 -7.422254586429796186e-01 1.568430783320232447e+00 -6.237095523797999697e-01 2.647720795570585595e-01 1.274620242516006086e-01
3.029999999999979376e+00 -6.381089575239837219e-02 -7.422254586429796186e-01 1.568430783320232447e+00 -6.237095523797999697e-01 2.647720795570585595e-01 1.274620242516006086e-01
3.039999999999979163e+00 -6.432336410435511576e-02 -7.425160089097835314e-01 1.573072428358126329e+00 -6.255104935750603889e-01 2.674330625863926558e-01 1.288609972812979898e-01
3.039999999999979163e+00 -6.432336410435511576e-02 -7.425160089097835314e-01 1.573072428358126329e+00 -6.255104935750603889e-01 2.674330625863926558e-01 1.288609972812979898e-01
3.049999999999978950e+00 -6.483440902191588140e-02 -7.428080974497344169e-01 1.577721164045621460e+00 -6.273223415199905562e-01 2.701099841713940353e-01 1.302696197555980318e-01
3.049999999999978950e+00 -6.483440902191588140e-02 -7.428080974497344169e-01 1.577721164045621460e+00 -6.273223415199905562e-01 2.701099841713940353e-01 1.302696197555980318e-01
3.059999999999978737e+00 -6.534383752993042083e-02 -7.431016606187361706e-01 1.582376413311319174e+00 -6.291452530556058687e-01 2.728028994777890182e-01 1.316879465756090051e-01
3.059999999999978737e+00 -6.534383752993042083e-02 -7.431016606187361706e-01 1.582376413311319174e+00 -6.291452530556058687e-01 2.728028994777890182e-01 1.316879465756090051e-01
3.069999999999978524e+00 -6.585145450986538973e-02 -7.433966448947955108e-01 1.587037619760811591e+00 -6.309793709942895790e-01 2.755118664197049316e-01 1.331160344644622961e-01
3.069999999999978524e+00 -6.585145450986538973e-02 -7.433966448947955108e-01 1.587037619760811591e+00 -6.309793709942895790e-01 2.755118664197049316e-01 1.331160344644622961e-01
3.079999999999978311e+00 -6.635706271677578594e-02 -7.436930068399930649e-01 1.591704247783537030e+00 -6.328248242659082479e-01 2.782369456221000514e-01 1.345539419750303167e-01
3.079999999999978311e+00 -6.635706271677578594e-02 -7.436930068399930649e-01 1.591704247783537030e+00 -6.328248242659082479e-01 2.782369456221000514e-01 1.345539419750303167e-01
3.089999999999978098e+00 -6.686046279417190430e-02 -7.439907130384552092e-01 1.596375782612966532e+00 -6.346817280905886483e-01 2.809782003822857699e-01 1.360017294958629219e-01
3.089999999999978098e+00 -6.686046279417190430e-02 -7.439907130384552092e-01 1.596375782612966532e+00 -6.346817280905886483e-01 2.809782003822857699e-01 1.360017294958629219e-01
3.099999999999977884e+00 -6.736145328674354726e-02 -7.442897400112141737e-01 1.601051730341636725e+00 -6.365501841763567814e-01 2.837356966309212414e-01 1.374594592554721773e-01
3.099999999999977884e+00 -6.736145328674354726e-02 -7.442897400112141737e-01 1.601051730341636725e+00 -6.365501841763567814e-01 2.837356966309212414e-01 1.374594592554721773e-01
3.109999999999977671e+00 -6.785983065090746280e-02 -7.445900741088605779e-01 1.605731617892565133e+00 -6.384302809398351153e-01 2.865095028928366649e-01 1.389271953250945935e-01
3.109999999999977671e+00 -6.785983065090746280e-02 -7.445900741088605779e-01 1.605731617892565133e+00 -6.384302809398351153e-01 2.865095028928366649e-01 1.389271953250945935e-01
3.119999999999977458e+00 -6.835538926314846386e-02 -7.448917113829071068e-01 1.610414992948611124e+00 -6.403220937481965969e-01 2.892996902480183263e-01 1.404050036200581164e-01
3.119999999999977458e+00 -6.835538926314846386e-02 -7.448917113829071068e-01 1.610414992948611124e+00 -6.403220937481965969e-01 2.892996902480183263e-01 1.404050036200581164e-01
3.129999999999977245e+00 -6.884792142612895793e-02 -7.451946574367906972e-01 1.615101423841360795e+00 -6.422256851805830946e-01 2.921063322930647632e-01 1.418929518998793549e-01
3.129999999999977245e+00 -6.884792142612895793e-02 -7.451946574367906972e-01 1.615101423841360795e+00 -6.422256851805830946e-01 2.921063322930647632e-01 1.418929518998793549e-01
3.139999999999977032e+00 -6.933721737254630590e-02 -7.454989272574528147e-01 1.619790499401125849e+00 -6.441411053072100268e-01 2.949295051033991588e-01 1.433911097672142532e-01
3.139999999999977032e+00 -6.933721737254630590e-02 -7.454989272574528147e-01 1.619790499401125849e+00 -6.441411053072100268e-01 2.949295051033991588e-01 1.433911097672142532e-01
3.149999999999976819e+00 -6.982306526672184266e-02 -7.458045450284414013e-01 1.624481828769663627e+00 -6.460683919844013579e-01 2.977692871965004207e-01 1.448995486657829179e-01
3.149999999999976819e+00 -6.982306526672184266e-02 -7.458045450284414013e-01 1.624481828769663627e+00 -6.460683919844013579e-01 2.977692871965004207e-01 1.448995486657829179e-01
3.159999999999976605e+00 -7.030525120391005467e-02 -7.461115439254835113e-01 1.629175041177226557e+00 -6.480075711638243474e-01 3.006257594963915869e-01 1.464183418773864209e-01
3.159999999999976605e+00 -7.030525120391005467e-02 -7.461115439254835113e-01 1.629175041177226557e+00 -6.480075711638243474e-01 3.006257594963915869e-01 1.464183418773864209e-01
3.169999999999976392e+00 -7.078355920732103124e-02 -7.464199658954807637e-01 1.633869785685559517e+00 -6.499586572142261875e-01 3.034990052996008325e-01 1.479475645181302923e-01
3.169999999999976392e+00 -7.078355920732103124e-02 -7.464199658954807637e-01 1.633869785685559517e+00 -6.499586572142261875e-01 3.034990052996008325e-01 1.479475645181302923e-01
3.179999999999976179e+00 -7.125777122285395504e-02 -7.467298614198771833e-01 1.638565730898462247e+00 -6.519216532540094144e-01 3.063891102427891422e-01 1.494872935339662534e-01
3.179999999999976179e+00 -7.125777122285395504e-02 -7.467298614198771833e-01 1.638565730898462247e+00 -6.519216532540094144e-01 3.063891102427891422e-01 1.494872935339662534e-01
3.189999999999975966e+00 -7.172766711154389407e-02 -7.470412892633514490e-01 1.643262564641535084e+00 -6.538965514930258349e-01 3.092961622722154580e-01 1.510376076956599090e-01
3.189999999999975966e+00 -7.172766711154389407e-02 -7.470412892633514490e-01 1.643262564641535084e+00 -6.538965514930258349e-01 3.092961622722154580e-01 1.510376076956599090e-01
3.199999999999975753e+00 -7.219302463972891715e-02 -7.473543162087783465e-01 1.647959993612722052e+00 -6.558833335820111188e-01 3.122202516151892926e-01 1.525985875932888147e-01
3.199999999999975753e+00 -7.219302463972891715e-02 -7.473543162087783465e-01 1.647959993612722052e+00 -6.558833335820111188e-01 3.122202516151892926e-01 1.525985875932888147e-01
3.209999999999975540e+00 -7.265361946694881556e-02 -7.476690167794003417e-01 1.652657743005261137e+00 -6.578819709681326122e-01 3.151614707536408710e-01 1.541703156303713407e-01
3.209999999999975540e+00 -7.265361946694881556e-02 -7.476690167794003417e-01 1.652657743005261137e+00 -6.578819709681326122e-01 3.151614707536408710e-01 1.541703156303713407e-01
3.219999999999975326e+00 -7.310922513159147373e-02 -7.479854729491448584e-01 1.657355556104640470e+00 -6.598924252551729985e-01 3.181199143999176582e-01 1.557528760177225857e-01
3.219999999999975326e+00 -7.310922513159147373e-02 -7.479854729491448584e-01 1.657355556104640470e+00 -6.598924252551729985e-01 3.181199143999176582e-01 1.557528760177225857e-01
3.229999999999975113e+00 -7.355961303430706699e-02 -7.483037738420106333e-01 1.662053193861152467e+00 -6.619146485669278324e-01 3.210956794748985876e-01 1.573463547671301033e-01
3.229999999999975113e+00 -7.355961303430706699e-02 -7.483037738420106333e-01 1.662053193861152467e+00 -6.619146485669278324e-01 3.210956794748985876e-01 1.573463547671301033e-01
3.239999999999974900e+00 -7.400455241921476135e-02 -7.486240154214406362e-01 1.666750434439622452e+00 -6.639485839124501521e-01 3.240888650884982680e-01 1.589508396849372285e-01
3.239999999999974900e+00 -7.400455241921476135e-02 -7.486240154214406362e-01 1.666750434439622452e+00 -6.639485839124501521e-01 3.240888650884982680e-01 1.589508396849372285e-01
3.249999999999974687e+00 -7.444381035293054505e-02 -7.489463001705840561e-01 1.671447072747876517e+00 -6.659941655518362147e-01 3.270995725226163442e-01 1.605664203656185507e-01
3.249999999999974687e+00 -7.444381035293054505e-02 -7.489463001705840561e-01 1.671447072747876517e+00 -6.659941655518362147e-01 3.270995725226163442e-01 1.605664203656185507e-01
3.259999999999974474e+00 -7.487715170144919330e-02 -7.492707367643391958e-01 1.676142919945492915e+00 -6.680513193613049072e-01 3.301279052165711492e-01 1.621931881854271895e-01
3.259999999999974474e+00 -7.487715170144919330e-02 -7.492707367643391958e-01 1.676142919945492915e+00 -6.680513193613049072e-01 3.301279052165711492e-01 1.621931881854271895e-01
3.269999999999974261e+00 -7.530433910491697580e-02 -7.495974397340541273e-01 1.680837802934366243e+00 -6.701199631963856707e-01 3.331739687550415163e-01 1.638312362961894253e-01
3.269999999999974261e+00 -7.530433910491697580e-02 -7.495974397340541273e-01 1.680837802934366243e+00 -6.701199631963856707e-01 3.331739687550415163e-01 1.638312362961894253e-01
3.279999999999974047e+00 -7.572513295033585223e-02 -7.499265291257474209e-01 1.685531563832592727e+00 -6.722000072520935010e-01 3.362378708585259668e-01 1.654806596193180435e-01
3.279999999999974047e+00 -7.572513295033585223e-02 -7.499265291257474209e-01 1.685531563832592727e+00 -6.722000072520935010e-01 3.362378708585259668e-01 1.654806596193180435e-01
3.289999999999973834e+00 -7.613929134224331485e-02 -7.502581301526936031e-01 1.690224059433160342e+00 -6.742913544190304309e-01 3.393197213763154418e-01 1.671415548401117279e-01
3.289999999999973834e+00 -7.613929134224331485e-02 -7.502581301526936031e-01 1.690224059433160342e+00 -6.742913544190304309e-01 3.393197213763154418e-01 1.671415548401117279e-01
3.299999999999973621e+00 -7.654657007141563163e-02 -7.505923728432021269e-01 1.694915160648906793e+00 -6.763939006344190652e-01 3.424196322819630933e-01 1.688140204024031199e-01
3.299999999999973621e+00 -7.654657007141563163e-02 -7.505923728432021269e-01 1.694915160648906793e+00 -6.763939006344190652e-01 3.424196322819630933e-01 1.688140204024031199e-01
3.309999999999973408e+00 -7.694672258164565737e-02 -7.509293916843992056e-01 1.699604751945179792e+00 -6.785075352271348059e-01 3.455377176712238207e-01 1.704981565036144397e-01
3.309999999999973408e+00 -7.694672258164565737e-02 -7.509293916843992056e-01 1.699604751945179792e+00 -6.785075352271348059e-01 3.455377176712238207e-01 1.704981565036144397e-01
3.319999999999973195e+00 -7.733949993464943329e-02 -7.512693252628032115e-01 1.704292730761611141e+00 -6.806321412558680173e-01 3.486740937624250858e-01 1.721940650902753778e-01
3.319999999999973195e+00 -7.733949993464943329e-02 -7.512693252628032115e-01 1.704292730761611141e+00 -6.806321412558680173e-01 3.486740937624250858e-01 1.721940650902753778e-01
3.329999999999972982e+00 -7.772465077315886262e-02 -7.516123159024641343e-01 1.708979006924381761e+00 -6.827675958396094424e-01 3.518288788992219862e-01 1.739018498540536584e-01
3.329999999999972982e+00 -7.772465077315886262e-02 -7.516123159024641343e-01 1.708979006924381761e+00 -6.827675958396094424e-01 3.518288788992219862e-01 1.739018498540536584e-01
3.339999999999972768e+00 -7.810192128226063624e-02 -7.519585093014168331e-01 1.713663502050331244e+00 -6.849137704797138015e-01 3.550021935556805786e-01 1.756216162283449900e-01
3.339999999999972768e+00 -7.810192128226063624e-02 -7.519585093014168331e-01 1.713663502050331244e+00 -6.849137704797138015e-01 3.550021935556805786e-01 1.756216162283449900e-01
3.349999999999972555e+00 -7.847105514904409440e-02 -7.523080541671767207e-01 1.718346148944228435e+00 -6.870705313728568964e-01 3.581941603436254451e-01 1.773534713854652278e-01
3.349999999999972555e+00 -7.847105514904409440e-02 -7.523080541671767207e-01 1.718346148944228435e+00 -6.870705313728568964e-01 3.581941603436254451e-01 1.773534713854652278e-01
3.359999999999972342e+00 -7.883179352062330558e-02 -7.526611018519843155e-01 1.723026890990491777e+00 -6.892377397142607220e-01 3.614049040221822828e-01 1.790975242344836071e-01
3.359999999999972342e+00 -7.883179352062330558e-02 -7.526611018519843155e-01 1.723026890990491777e+00 -6.892377397142607220e-01 3.614049040221822828e-01 1.790975242344836071e-01
3.369999999999972129e+00 -7.918387496060090569e-02 -7.530178059884823361e-01 1.727705681540609550e+00 -6.914152519906198169e-01 3.646345515094390755e-01 1.808538854197323797e-01
3.369999999999972129e+00 -7.918387496060090569e-02 -7.530178059884823361e-01 1.727705681540609550e+00 -6.914152519906198169e-01 3.646345515094390755e-01 1.808538854197323797e-01
3.379999999999971916e+00 -7.952703540404330862e-02 -7.533783221264871433e-01 1.732382483297479236e+00 -6.936029202622164824e-01 3.678832318961449688e-01 1.826226673200245787e-01
3.379999999999971916e+00 -7.952703540404330862e-02 -7.533783221264871433e-01 1.732382483297479236e+00 -6.936029202622164824e-01 3.678832318961449688e-01 1.826226673200245787e-01
3.389999999999971703e+00 -7.986100811103885588e-02 -7.537428073714917964e-01 1.737057267697846408e+00 -6.958005924337681281e-01 3.711510764613618063e-01 1.844039840486079440e-01
3.389999999999971703e+00 -7.986100811103885588e-02 -7.537428073714917964e-01 1.737057267697846408e+00 -6.958005924337681281e-01 3.711510764613618063e-01 1.844039840486079440e-01
3.399999999999971489e+00 -8.018552361891231883e-02 -7.541114200255153444e-01 1.741730014293988438e+00 -6.980081125136017306e-01 3.744382186899802845e-01 1.861979514538803504e-01
3.399999999999971489e+00 -8.018552361891231883e-02 -7.541114200255153444e-01 1.741730014293988438e+00 -6.980081125136017306e-01 3.744382186899802845e-01 1.861979514538803504e-01
3.409999999999971276e+00 -8.050030969317055474e-02 -7.544843192308886559e-01 1.746400710135746603e+00 -7.002253208608004709e-01 3.777447942920090229e-01 1.880046871208879977e-01
3.409999999999971276e+00 -8.050030969317055474e-02 -7.544843192308886559e-01 1.746400710135746603e+00 -7.002253208608004709e-01 3.777447942920090229e-01 1.880046871208879977e-01
3.419999999999971063e+00 -8.080509127725578333e-02 -7.548616646175435596e-01 1.751069349153977051e+00 -7.024520544200151262e-01 3.810709412235435134e-01 1.898243103736250992e-01
3.419999999999971063e+00 -8.080509127725578333e-02 -7.548616646175435596e-01 1.751069349153977051e+00 -7.024520544200151262e-01 3.810709412235435134e-01 1.898243103736250992e-01
3.429999999999970850e+00 -8.109959044118397742e-02 -7.552436159543467475e-01 1.755735931546445805e+00 -7.046881469436802048e-01 3.844167997093205225e-01 1.916569422781508325e-01
3.429999999999970850e+00 -8.109959044118397742e-02 -7.552436159543467475e-01 1.755735931546445805e+00 -7.046881469436802048e-01 3.844167997093205225e-01 1.916569422781508325e-01
3.439999999999970637e+00 -8.138352632914712392e-02 -7.556303328049976953e-01 1.760400463167154372e+00 -7.069334292014161081e-01 3.877825122667619140e-01 1.935027056465360162e-01
3.439999999999970637e+00 -8.138352632914712392e-02 -7.556303328049976953e-01 1.760400463167154372e+00 -7.069334292014161081e-01 3.877825122667619140e-01 1.935027056465360162e-01
3.449999999999970424e+00 -8.165661510615895846e-02 -7.560219741889838696e-01 1.765062954920043614e+00 -7.091877291764403513e-01 3.911682237314124677e-01 1.953617250416497808e-01
3.449999999999970424e+00 -8.165661510615895846e-02 -7.560219741889838696e-01 1.765062954920043614e+00 -7.091877291764403513e-01 3.911682237314124677e-01 1.953617250416497808e-01
3.459999999999970210e+00 -8.191856990382466452e-02 -7.564186982480630705e-01 1.769723422157977843e+00 -7.114508722488502857e-01 3.945740812836760480e-01 1.972341267827935618e-01
3.459999999999970210e+00 -8.191856990382466452e-02 -7.564186982480630705e-01 1.769723422157977843e+00 -7.114508722488502857e-01 3.945740812836760480e-01 1.972341267827935618e-01
3.469999999999969997e+00 -8.216910076531555585e-02 -7.568206619187182183e-01 1.774381884087873118e+00 -7.137226813656745161e-01 3.980002344767543110e-01 1.991200389521873559e-01
3.469999999999969997e+00 -8.216910076531555585e-02 -7.568206619187182183e-01 1.774381884087873118e+00 -7.137226813656745161e-01 3.980002344767543110e-01 1.991200389521873559e-01
3.479999999999969784e+00 -8.240791458963045435e-02 -7.572280206110073575e-01 1.779038363182787075e+00 -7.160029771976250679e-01 4.014468352656945238e-01 2.010195914023109598e-01
3.479999999999969784e+00 -8.240791458963045435e-02 -7.572280206110073575e-01 1.779038363182787075e+00 -7.160029771976250679e-01 4.014468352656945238e-01 2.010195914023109598e-01
3.489999999999969571e+00 -8.263471507522579529e-02 -7.576409278942060066e-01 1.783692884601748574e+00 -7.182915782825124440e-01 4.049140380374531278e-01 2.029329157641003578e-01
3.489999999999969571e+00 -8.263471507522579529e-02 -7.576409278942060066e-01 1.783692884601748574e+00 -7.182915782825124440e-01 4.049140380374531278e-01 2.029329157641003578e-01
3.499999999999969358e+00 -8.284920266309681036e-02 -7.580595351896164402e-01 1.788345475618058789e+00 -7.205883011553168016e-01 4.084019996418838394e-01 2.048601454559976776e-01
3.499999999999969358e+00 -8.284920266309681036e-02 -7.580595351896164402e-01 1.788345475618058789e+00 -7.205883011553168016e-01 4.084019996418838394e-01 2.048601454559976776e-01
3.509999999999969145e+00 -8.305107447939230614e-02 -7.584839914708956243e-01 1.792996165056756519e+00 -7.228929604649318996e-01 4.119108794235606941e-01 2.068014156938507708e-01
3.509999999999969145e+00 -8.305107447939230614e-02 -7.584839914708956243e-01 1.792996165056756519e+00 -7.228929604649318996e-01 4.119108794235606941e-01 2.068014156938507708e-01
3.519999999999968932e+00 -8.324002427764576328e-02 -7.589144429722302077e-01 1.797644982741890773e+00 -7.252053690776255612e-01 4.154408392543484929e-01 2.087568635016568142e-01
3.519999999999968932e+00 -8.324002427764576328e-02 -7.589144429722302077e-01 1.797644982741890773e+00 -7.252053690776255612e-01 4.154408392543484929e-01 2.087568635016568142e-01
3.529999999999968718e+00 -8.341574238070534331e-02 -7.593510329046637697e-01 1.802291958954208795e+00 -7.275253381672814879e-01 4.189920435666352749e-01 2.107266277231424345e-01
3.529999999999968718e+00 -8.341574238070534331e-02 -7.593510329046637697e-01 1.802291958954208795e+00 -7.275253381672814879e-01 4.189920435666352749e-01 2.107266277231424345e-01
3.539999999999968505e+00 -8.357791562244551442e-02 -7.597939011808610976e-01 1.806937123899814868e+00 -7.298526772925063577e-01 4.225646593871437706e-01 2.127108490341709512e-01
3.539999999999968505e+00 -8.357791562244551442e-02 -7.597939011808610976e-01 1.806937123899814868e+00 -7.298526772925063577e-01 4.225646593871437706e-01 2.127108490341709512e-01
3.549999999999968292e+00 -8.372622728934267511e-02 -7.602431841485708386e-01 1.811580507190321931e+00 -7.321871944607053484e-01 4.261588563712410127e-01 2.147096699559660760e-01
3.549999999999968292e+00 -8.372622728934267511e-02 -7.602431841485708386e-01 1.811580507190321931e+00 -7.321871944607053484e-01 4.261588563712410127e-01 2.147096699559660760e-01
3.559999999999968079e+00 -8.386035706199716777e-02 -7.606990143330274456e-01 1.816222137334966957e+00 -7.345286961792433233e-01 4.297748068376675556e-01 2.167232348691397192e-01
3.559999999999968079e+00 -8.386035706199716777e-02 -7.606990143330274456e-01 1.816222137334966957e+00 -7.345286961792433233e-01 4.297748068376675556e-01 2.167232348691397192e-01
3.569999999999967866e+00 -8.397998095668376961e-02 -7.611615201885122417e-01 1.820862041245123741e+00 -7.368769874938253528e-01 4.334126858036105867e-01 2.187516900285096377e-01
3.569999999999967866e+00 -8.397998095668376961e-02 -7.611615201885122417e-01 1.820862041245123741e+00 -7.368769874938253528e-01 4.334126858036105867e-01 2.187516900285096377e-01
3.579999999999967653e+00 -8.408477126701244253e-02 -7.616308258592738856e-01 1.825500243751603691e+00 -7.392318720142386779e-01 4.370726710200464882e-01 2.207951835786922945e-01
3.579999999999967653e+00 -8.408477126701244253e-02 -7.616308258592738856e-01 1.825500243751603691e+00 -7.392318720142386779e-01 4.370726710200464882e-01 2.207951835786922945e-01
3.589999999999967439e+00 -8.417439650578090182e-02 -7.621070509499875412e-01 1.830136767135091658e+00 -7.415931519276123263e-01 4.407549430072821295e-01 2.228538655704536964e-01
3.589999999999967439e+00 -8.417439650578090182e-02 -7.621070509499875412e-01 1.830136767135091658e+00 -7.415931519276123263e-01 4.407549430072821295e-01 2.228538655704536964e-01
3.599999999999967226e+00 -8.424852134710023033e-02 -7.625903103059142873e-01 1.834771630670025910e+00 -7.439606279993564719e-01 4.444596850906248342e-01 2.249278879778008611e-01
3.599999999999967226e+00 -8.424852134710023033e-02 -7.625903103059142873e-01 1.834771630670025910e+00 -7.439606279993564719e-01 4.444596850906248342e-01 2.249278879778008611e-01
3.609999999999967013e+00 -8.430680656887444557e-02 -7.630807138029020997e-01 1.839404850182188245e+00 -7.463340995619524021e-01 4.481870834361136868e-01 2.270174047157946517e-01
3.609999999999967013e+00 -8.430680656887444557e-02 -7.630807138029020997e-01 1.839404850182188245e+00 -7.463340995619524021e-01 4.481870834361136868e-01 2.270174047157946517e-01
3.619999999999966800e+00 -8.434890899571463596e-02 -7.635783661473536377e-01 1.844036437620232727e+00 -7.487133644917685071e-01 4.519373270862465652e-01 2.291225716590636063e-01
3.619999999999966800e+00 -8.434890899571463596e-02 -7.635783661473536377e-01 1.844036437620232727e+00 -7.487133644917685071e-01 4.519373270862465652e-01 2.291225716590636063e-01
3.629999999999966587e+00 -8.437448144236794900e-02 -7.640833666862669737e-01 1.848666400641341578e+00 -7.510982191740840364e-01 4.557106079956386169e-01 2.312435466609976398e-01
3.629999999999966587e+00 -8.437448144236794900e-02 -7.640833666862669737e-01 1.848666400641341578e+00 -7.510982191740840364e-01 4.557106079956386169e-01 2.312435466609976398e-01
3.639999999999966374e+00 -8.438317265774145093e-02 -7.645958092274395268e-01 1.853294742211159640e+00 -7.534884584565024745e-01 4.595071210665495065e-01 2.333804895735990259e-01
3.639999999999966374e+00 -8.438317265774145093e-02 -7.645958092274395268e-01 1.853294742211159640e+00 -7.534884584565024745e-01 4.595071210665495065e-01 2.333804895735990259e-01
3.649999999999966160e+00 -8.437462726960057169e-02 -7.651157818699091395e-01 1.857921460218119103e+00 -7.558838755909426110e-01 4.633270641842175963e-01 2.355335622679672058e-01
3.649999999999966160e+00 -8.437462726960057169e-02 -7.651157818699091395e-01 1.857921460218119103e+00 -7.558838755909426110e-01 4.633270641842175963e-01 2.355335622679672058e-01
3.659999999999965947e+00 -8.434848573002169669e-02 -7.656433668446901430e-01 1.862546547102235328e+00 -7.582842621643925973e-01 4.671706382519402734e-01 2.377029286553926368e-01
3.659999999999965947e+00 -8.434848573002169669e-02 -7.656433668446901430e-01 1.862546547102235328e+00 -7.582842621643925973e-01 4.671706382519402734e-01 2.377029286553926368e-01
3.669999999999965734e+00 -8.430438426167828625e-02 -7.661786403658488176e-01 1.867169989498413063e+00 -7.606894080186156204e-01 4.710380472258401952e-01 2.398887547090344241e-01
3.669999999999965734e+00 -8.430438426167828625e-02 -7.661786403658488176e-01 1.867169989498413063e+00 -7.606894080186156204e-01 4.710380472258401952e-01 2.398887547090344241e-01
3.679999999999965521e+00 -8.424195480503962608e-02 -7.667216724919465598e-01 1.871791767894273040e+00 -7.630991011589930428e-01 4.749294981492567236e-01 2.420912084861547020e-01
3.679999999999965521e+00 -8.424195480503962608e-02 -7.667216724919465598e-01 1.871791767894273040e+00 -7.630991011589930428e-01 4.749294981492567236e-01 2.420912084861547020e-01
3.689999999999965308e+00 -8.416082496656150658e-02 -7.672725269978662999e-01 1.876411856302474535e+00 -7.655131276526914164e-01 4.788452011867030400e-01 2.443104601508824525e-01
3.689999999999965308e+00 -8.416082496656150658e-02 -7.672725269978662999e-01 1.876411856302474535e+00 -7.655131276526914164e-01 4.788452011867030400e-01 2.443104601508824525e-01
3.699999999999965095e+00 -8.406061796794782326e-02 -7.678312612570259432e-01 1.881030221947476155e+00 -7.679312715163365555e-01 4.827853696573276565e-01 2.465466819974777568e-01
3.699999999999965095e+00 -8.406061796794782326e-02 -7.678312612570259432e-01 1.881030221947476155e+00 -7.679312715163365555e-01 4.827853696573276565e-01 2.465466819974777568e-01
3.709999999999964881e+00 -8.394095259656247920e-02 -7.683979261339674016e-01 1.885646824966649815e+00 -7.703533145933769699e-01 4.867502200678188728e-01 2.488000484740670037e-01
3.709999999999964881e+00 -8.394095259656247920e-02 -7.683979261339674016e-01 1.885646824966649815e+00 -7.703533145933769699e-01 4.867502200678188728e-01 2.488000484740670037e-01
3.719999999999964668e+00 -8.380144315707077629e-02 -7.689725658873008962e-01 1.890261618125629317e+00 -7.727790364213148466e-01 4.907399721446892293e-01 2.510707362068181903e-01
3.719999999999964668e+00 -8.380144315707077629e-02 -7.689725658873008962e-01 1.890261618125629317e+00 -7.727790364213148466e-01 4.907399721446892293e-01 2.510707362068181903e-01
3.729999999999964455e+00 -8.364169942439007854e-02 -7.695552180829721145e-01 1.894874546547751448e+00 -7.752082140889809958e-01 4.947548488658758403e-01 2.533589240245244789e-01
3.729999999999964455e+00 -8.364169942439007854e-02 -7.695552180829721145e-01 1.894874546547751448e+00 -7.752082140889809958e-01 4.947548488658758403e-01 2.533589240245244789e-01
3.739999999999964242e+00 -8.346132659802946163e-02 -7.701459135178080340e-01 1.899485547457416601e+00 -7.776406220840264005e-01 4.987950764915899393e-01 2.556647929835630384e-01
3.739999999999964242e+00 -8.346132659802946163e-02 -7.701459135178080340e-01 1.899485547457416601e+00 -7.776406220840264005e-01 4.987950764915899393e-01 2.556647929835630384e-01
3.749999999999964029e+00 -8.325992525789897847e-02 -7.707446761532900092e-01 1.904094549937173086e+00 -7.800760321307992351e-01 5.028608845943467465e-01 2.579885263931954165e-01
3.749999999999964029e+00 -8.325992525789897847e-02 -7.707446761532900092e-01 1.904094549937173086e+00 -7.800760321307992351e-01 5.028608845943467465e-01 2.579885263931954165e-01
3.759999999999963816e+00 -8.303709132166915696e-02 -7.713515230594910621e-01 1.908701474698303757e+00 -7.825142130187735523e-01 5.069525060881046041e-01 2.603303098411737793e-01
3.759999999999963816e+00 -8.303709132166915696e-02 -7.713515230594910621e-01 1.908701474698303757e+00 -7.825142130187735523e-01 5.069525060881046041e-01 2.603303098411737793e-01
3.769999999999963602e+00 -8.279241600376247012e-02 -7.719664643691063199e-01 1.913306233864673134e+00 -7.849549304216922874e-01 5.110701772564377743e-01 2.626903312196173235e-01
3.769999999999963602e+00 -8.279241600376247012e-02 -7.719664643691063199e-01 1.913306233864673134e+00 -7.849549304216922874e-01 5.110701772564377743e-01 2.626903312196173235e-01
3.779999999999963389e+00 -8.252548577605892111e-02 -7.725895032414987762e-01 1.917908730769567693e+00 -7.873979467075830074e-01 5.152141377796646271e-01 2.650687807511206140e-01
3.779999999999963389e+00 -8.252548577605892111e-02 -7.725895032414987762e-01 1.917908730769567693e+00 -7.873979467075830074e-01 5.152141377796646271e-01 2.650687807511206140e-01
3.789999999999963176e+00 -8.223588233039903772e-02 -7.732206358366727761e-01 1.922508859765246436e+00 -7.898430207398025038e-01 5.193846307608493973e-01 2.674658510150556556e-01
3.789999999999963176e+00 -8.223588233039903772e-02 -7.732206358366727761e-01 1.922508859765246436e+00 -7.898430207398025038e-01 5.193846307608493973e-01 2.674658510150556556e-01
3.799999999999962963e+00 -8.192318254296838964e-02 -7.738598512990816358e-01 1.927106506044898193e+00 -7.922899076692627718e-01 5.235819027505890233e-01 2.698817369740273420e-01
3.799999999999962963e+00 -8.192318254296838964e-02 -7.738598512990816358e-01 1.927106506044898193e+00 -7.922899076692627718e-01 5.235819027505890233e-01 2.698817369740273420e-01
3.809999999999962750e+00 -8.158695844064893510e-02 -7.745071317511702524e-01 1.931701545476684378e+00 -7.947383587179885911e-01 5.278062037704943643e-01 2.723166360004408149e-01
3.809999999999962750e+00 -8.158695844064893510e-02 -7.745071317511702524e-01 1.931701545476684378e+00 -7.947383587179885911e-01 5.278062037704943643e-01 2.723166360004408149e-01
3.819999999999962537e+00 -8.122677716942376669e-02 -7.751624522965450126e-01 1.936293844449531898e+00 -7.971881209541537006e-01 5.320577873352674292e-01 2.747707479031379352e-01
3.819999999999962537e+00 -8.122677716942376669e-02 -7.751624522965450126e-01 1.936293844449531898e+00 -7.971881209541537006e-01 5.320577873352674292e-01 2.747707479031379352e-01
3.829999999999962323e+00 -8.084220096492335250e-02 -7.758257810326607551e-01 1.940883259730326049e+00 -7.996389370587405621e-01 5.363369104732715886e-01 2.772442749540589002e-01
3.829999999999962323e+00 -8.084220096492335250e-02 -7.758257810326607551e-01 1.940883259730326049e+00 -7.996389370587405621e-01 5.363369104732715886e-01 2.772442749540589002e-01
3.839999999999962110e+00 -8.043278712520271490e-02 -7.764970790729063266e-01 1.945469638332139262e+00 -8.020905450839682649e-01 5.406438337454859688e-01 2.797374219148828223e-01
3.839999999999962110e+00 -8.043278712520271490e-02 -7.764970790729063266e-01 1.945469638332139262e+00 -8.020905450839682649e-01 5.406438337454859688e-01 2.797374219148828223e-01
3.849999999999961897e+00 -7.999808798584086278e-02 -7.771763005779683819e-01 1.950052817393121973e+00 -8.045426782036292357e-01 5.449788212627261208e-01 2.822503960636005838e-01
3.849999999999961897e+00 -7.999808798584086278e-02 -7.771763005779683819e-01 1.950052817393121973e+00 -8.045426782036292357e-01 5.449788212627261208e-01 2.822503960636005838e-01
3.859999999999961684e+00 -7.953765089745562511e-02 -7.778633927963467531e-01 1.954632624065671065e+00 -8.069950644554774177e-01 5.493421407010093960e-01 2.847834072209705081e-01
3.859999999999961684e+00 -7.953765089745562511e-02 -7.778633927963467531e-01 1.954632624065671065e+00 -8.069950644554774177e-01 5.493421407010093960e-01 2.847834072209705081e-01
3.869999999999961471e+00 -7.905101820572896232e-02 -7.785582961138913793e-01 1.959208875415481277e+00 -8.094474264758083626e-01 5.537340633149330227e-01 2.873366677768071642e-01
3.869999999999961471e+00 -7.905101820572896232e-02 -7.785582961138913793e-01 1.959208875415481277e+00 -8.094474264758083626e-01 5.537340633149330227e-01 2.873366677768071642e-01
3.879999999999961258e+00 -7.853772723404009448e-02 -7.792609441122276825e-01 1.963781378330081040e+00 -8.118994812263726768e-01 5.581548639489256614e-01 2.899103927160501804e-01
3.879999999999961258e+00 -7.853772723404009448e-02 -7.792609441122276825e-01 1.963781378330081040e+00 -8.118994812263726768e-01 5.581548639489256614e-01 2.899103927160501804e-01
3.889999999999961044e+00 -7.799731026880621365e-02 -7.799712636359334983e-01 1.968349929436444823e+00 -8.143509397137653760e-01 5.626048210462255561e-01 2.925047996445603871e-01
3.889999999999961044e+00 -7.799731026880621365e-02 -7.799712636359334983e-01 1.968349929436444823e+00 -8.143509397137653760e-01 5.626048210462255561e-01 2.925047996445603871e-01
3.899999999999960831e+00 -7.742929454763285146e-02 -7.806891748683272292e-01 1.972914315027272325e+00 -8.168015067014350317e-01 5.670842166554287411e-01 2.951201088145865015e-01
3.899999999999960831e+00 -7.742929454763285146e-02 -7.806891748683272292e-01 1.972914315027272325e+00 -8.168015067014350317e-01 5.670842166554287411e-01 2.951201088145865015e-01
3.909999999999960618e+00 -7.683320225037881812e-02 -7.814145914157255568e-01 1.977474310995518403e+00 -8.192508804144585932e-01 5.715933364344411016e-01 2.977565431498456205e-01
3.909999999999960618e+00 -7.683320225037881812e-02 -7.814145914157255568e-01 1.977474310995518403e+00 -8.192508804144585932e-01 5.715933364344411016e-01 2.977565431498456205e-01
3.919999999999960405e+00 -7.620855049324348762e-02 -7.821474204000249397e-01 1.982029682776761170e+00 -8.216987522372311004e-01 5.761324696516592070e-01 3.004143282701576823e-01
3.919999999999960405e+00 -7.620855049324348762e-02 -7.821474204000249397e-01 1.982029682776761170e+00 -8.216987522372311004e-01 5.761324696516592070e-01 3.004143282701576823e-01
3.929999999999960192e+00 -7.555485132598722953e-02 -7.828875625594600152e-01 1.986580185298989054e+00 -8.241448064042229404e-01 5.807019091841938430e-01 3.030936925155728323e-01
3.929999999999960192e+00 -7.555485132598722953e-02 -7.828875625594600152e-01 1.986580185298989054e+00 -8.241448064042229404e-01 5.807019091841938430e-01 3.030936925155728323e-01
3.939999999999959979e+00 -7.487161173239902101e-02 -7.836349123573892461e-01 1.991125562939391358e+00 -8.265887196839623030e-01 5.853019515129398442e-01 3.057948669699281363e-01
3.939999999999959979e+00 -7.487161173239902101e-02 -7.836349123573892461e-01 1.991125562939391358e+00 -8.265887196839623030e-01 5.853019515129398442e-01 3.057948669699281363e-01
3.949999999999959766e+00 -7.415833363412874246e-02 -7.843893580989569347e-01 1.995665549487741108e+00 -8.290301610564048129e-01 5.899328967142855040e-01 3.085180854837688003e-01
3.949999999999959766e+00 -7.415833363412874246e-02 -7.843893580989569347e-01 1.995665549487741108e+00 -8.290301610564048129e-01 5.899328967142855040e-01 3.085180854837688003e-01
3.959999999999959552e+00 -7.341451389800519867e-02 -7.851507820554773920e-01 2.000199868115955848e+00 -8.314687913838592070e-01 5.945950484482412923e-01 3.112635846965655650e-01
3.959999999999959552e+00 -7.341451389800519867e-02 -7.851507820554773920e-01 2.000199868115955848e+00 -8.314687913838592070e-01 5.945950484482412923e-01 3.112635846965655650e-01
3.969999999999959339e+00 -7.263964434696480732e-02 -7.859190605963874976e-01 2.004728231353434253e+00 -8.339042630756441365e-01 5.992887139427585108e-01 3.140316040581596635e-01
3.969999999999959339e+00 -7.263964434696480732e-02 -7.859190605963874976e-01 2.004728231353434253e+00 -8.339042630756441365e-01 5.992887139427585108e-01 3.140316040581596635e-01
3.979999999999959126e+00 -7.183321177471994889e-02 -7.866940643286101098e-01 2.009250341067764012e+00 -8.363362197466610581e-01 6.040142039739937463e-01 3.168223858493630085e-01
3.979999999999959126e+00 -7.183321177471994889e-02 -7.866940643286101098e-01 2.009250341067764012e+00 -8.363362197466610581e-01 6.040142039739937463e-01 3.168223858493630085e-01
3.989999999999958913e+00 -7.099469796430001034e-02 -7.874756582431704510e-01 2.013765888450412600e+00 -8.387642958700730622e-01 6.087718328422637715e-01 3.196361752016400049e-01
3.989999999999958913e+00 -7.099469796430001034e-02 -7.874756582431704510e-01 2.013765888450412600e+00 -8.387642958700730622e-01 6.087718328422637715e-01 3.196361752016400049e-01
3.999999999999958700e+00 -7.012357971060281803e-02 -7.882637018689052644e-01 2.018274554007008170e+00 -8.411881164242943631e-01 6.135619183434225521e-01 3.224732201157946565e-01
3.999999999999958700e+00 -7.012357971060281803e-02 -7.882637018689052644e-01 2.018274554007008170e+00 -8.411881164242943631e-01 6.135619183434225521e-01 3.224732201157946565e-01
4.009999999999958931e+00 -6.921932884709859624e-02 -7.890580494331030925e-01 2.022776007551841282e+00 -8.436072965345006169e-01 6.183847817353768095e-01 3.253337714795845326e-01
4.009999999999958931e+00 -6.921932884709859624e-02 -7.890580494331030925e-01 2.022776007551841282e+00 -8.436072965345006169e-01 6.183847817353768095e-01 3.253337714795845326e-01
4.019999999999958717e+00 -6.828141227683354186e-02 -7.898585500289122541e-01 2.027269908206215554e+00 -8.460214411088868847e-01 6.232407476994458184e-01 3.282180830841809893e-01
4.019999999999958717e+00 -6.828141227683354186e-02 -7.898585500289122541e-01 2.027269908206215554e+00 -8.460214411088868847e-01 6.232407476994458184e-01 3.282180830841809893e-01
4.029999999999958504e+00 -6.730929200788515754e-02 -7.906650477893509832e-01 2.031755904400292412e+00 -8.484301444699088313e-01 6.281301442962533566e-01 3.311264116393927148e-01
4.029999999999958504e+00 -6.730929200788515754e-02 -7.906650477893509832e-01 2.031755904400292412e+00 -8.484301444699088313e-01 6.281301442962533566e-01 3.311264116393927148e-01
4.039999999999958291e+00 -6.630242519342663399e-02 -7.914773820677525329e-01 2.036233633878090199e+00 -8.508329899807597352e-01 6.330533029158288416e-01 3.340590167875665539e-01
4.039999999999958291e+00 -6.630242519342663399e-02 -7.914773820677525329e-01 2.036233633878090199e+00 -8.508329899807597352e-01 6.330533029158288416e-01 3.340590167875665539e-01
4.049999999999958078e+00 -6.526026417656324852e-02 -7.922953876244757110e-01 2.040702723705301924e+00 -8.532295496673493185e-01 6.380105582215769289e-01 3.370161611160786275e-01
4.049999999999958078e+00 -6.526026417656324852e-02 -7.922953876244757110e-01 2.040702723705301924e+00 -8.532295496673493185e-01 6.380105582215769289e-01 3.370161611160786275e-01
4.059999999999957865e+00 -6.418225654010922820e-02 -7.931188948197092081e-01 2.045162790279620779e+00 -8.556193838360665049e-01 6.430022480877611857e-01 3.399981101683250406e-01
4.059999999999957865e+00 -6.418225654010922820e-02 -7.931188948197092081e-01 2.045162790279620779e+00 -8.556193838360665049e-01 6.430022480877611857e-01 3.399981101683250406e-01
4.069999999999957652e+00 -6.306784516147963260e-02 -7.939477298121949689e-01 2.049613439343267896e+00 -8.580020406876268657e-01 6.480287135301322499e-01 3.430051324531198653e-01
4.069999999999957652e+00 -6.306784516147963260e-02 -7.939477298121949689e-01 2.049613439343267896e+00 -8.580020406876268657e-01 6.480287135301322499e-01 3.430051324531198653e-01
4.079999999999957438e+00 -6.191646827287770188e-02 -7.947817147636936363e-01 2.054054265997443007e+00 -8.603770559273232754e-01 6.530902986293145585e-01 3.460374994524051395e-01
4.079999999999957438e+00 -6.191646827287770188e-02 -7.947817147636936363e-01 2.054054265997443007e+00 -8.603770559273232754e-01 6.530902986293145585e-01 3.460374994524051395e-01
4.089999999999957225e+00 -6.072755952696467369e-02 -7.956206680490122141e-01 2.058484854718424018e+00 -8.627439523720179526e-01 6.581873504465501901e-01 3.490954856271759610e-01
4.089999999999957225e+00 -6.072755952696467369e-02 -7.956206680490122141e-01 2.058484854718424018e+00 -8.627439523720179526e-01 6.581873504465501901e-01 3.490954856271759610e-01
4.099999999999957012e+00 -5.950054806820539305e-02 -7.964644044714097593e-01 2.062904779375069442e+00 -8.651022395542368182e-01 6.633202189313819330e-01 3.521793684215200892e-01
4.099999999999957012e+00 -5.950054806820539305e-02 -7.964644044714097593e-01 2.062904779375069442e+00 -8.651022395542368182e-01 6.633202189313819330e-01 3.521793684215200892e-01
4.109999999999956799e+00 -5.823485861008987491e-02 -7.973127354831941460e-01 2.067313603247490139e+00 -8.674514133237473112e-01 6.684892568208423702e-01 3.552894282646709145e-01
4.109999999999956799e+00 -5.823485861008987491e-02 -7.973127354831941460e-01 2.067313603247490139e+00 -8.674514133237473112e-01 6.684892568208423702e-01 3.552894282646709145e-01
4.119999999999956586e+00 -5.692991151843780628e-02 -7.981654694113189397e-01 2.071710879046681164e+00 -8.697909554470273363e-01 6.736948195296986741e-01 3.584259485709681003e-01
4.119999999999956586e+00 -5.692991151843780628e-02 -7.981654694113189397e-01 2.071710879046681164e+00 -8.697909554470273363e-01 6.736948195296986741e-01 3.584259485709681003e-01
4.129999999999956373e+00 -5.558512290100014325e-02 -7.990224116877842064e-01 2.076096148934917007e+00 -8.721203332050566637e-01 6.789372650312868185e-01 3.615892157376199845e-01
4.129999999999956373e+00 -5.558512290100014325e-02 -7.990224116877842064e-01 2.076096148934917007e+00 -8.721203332050566637e-01 6.789372650312868185e-01 3.615892157376199845e-01
4.139999999999956160e+00 -5.419990470357917423e-02 -7.998833650846414178e-01 2.080468944546746357e+00 -8.744389989898890825e-01 6.842169537284517045e-01 3.647795191401572712e-01
4.139999999999956160e+00 -5.419990470357917423e-02 -7.998833650846414178e-01 2.080468944546746357e+00 -8.744389989898890825e-01 6.842169537284517045e-01 3.647795191401572712e-01
4.149999999999955946e+00 -5.277366481289581801e-02 -8.007481299533957264e-01 2.084828787010430062e+00 -8.767463899004935834e-01 6.895342483140950440e-01 3.679971511254677696e-01
4.149999999999955946e+00 -5.277366481289581801e-02 -8.007481299533957264e-01 2.084828787010430062e+00 -8.767463899004935834e-01 6.895342483140950440e-01 3.679971511254677696e-01
4.159999999999955733e+00 -5.130580716644055073e-02 -8.016165044685957808e-01 2.089175186969701947e+00 -8.790419273383798249e-01 6.948895136208143031e-01 3.712424070022970479e-01
4.159999999999955733e+00 -5.130580716644055073e-02 -8.016165044685957808e-01 2.089175186969701947e+00 -8.790419273383798249e-01 6.948895136208143031e-01 3.712424070022970479e-01
4.169999999999955520e+00 -4.979573186955198877e-02 -8.024882848753922548e-01 2.093507644605746343e+00 -8.813250166035573319e-01 7.002831164591023505e-01 3.745155850290997623e-01
4.169999999999955520e+00 -4.979573186955198877e-02 -8.024882848753922548e-01 2.093507644605746343e+00 -8.813250166035573319e-01 7.002831164591023505e-01 3.745155850290997623e-01
4.179999999999955307e+00 -4.824283531997498875e-02 -8.033632657408417144e-01 2.097825649659314617e+00 -8.835950464914085201e-01 7.057154254435588081e-01 3.778169863991228672e-01
4.179999999999955307e+00 -4.824283531997498875e-02 -8.033632657408417144e-01 2.097825649659314617e+00 -8.835950464914085201e-01 7.057154254435588081e-01 3.778169863991228672e-01
4.189999999999955094e+00 -4.664651034015805664e-02 -8.042412402087247836e-01 2.102128681452924752e+00 -8.858513888910923839e-01 7.111868108065512173e-01 3.811469152226007462e-01
4.189999999999955094e+00 -4.664651034015805664e-02 -8.042412402087247836e-01 2.102128681452924752e+00 -8.858513888910923839e-01 7.111868108065512173e-01 3.811469152226007462e-01
4.199999999999954881e+00 -4.500614631755769923e-02 -8.051220002576396917e-01 2.106416208913114207e+00 -8.880933983861292180e-01 7.166976441987473745e-01 3.845056785059394744e-01
4.199999999999954881e+00 -4.500614631755769923e-02 -8.051220002576396917e-01 2.106416208913114207e+00 -8.880933983861292180e-01 7.166976441987473745e-01 3.845056785059394744e-01
4.209999999999954667e+00 -4.332112935322549041e-02 -8.060053369621236197e-01 2.110687690592745192e+00 -8.903204118578562642e-01 7.222482984759254210e-01 3.878935861277661989e-01
4.209999999999954667e+00 -4.332112935322549041e-02 -8.060053369621236197e-01 2.110687690592745192e+00 -8.903204118578562642e-01 7.222482984759254210e-01 3.878935861277661989e-01
4.219999999999954454e+00 -4.159084241896151418e-02 -8.068910407565481613e-01 2.114942574693379651e+00 -8.925317480924824798e-01 7.278391474714553944e-01 3.913109508117170732e-01
4.219999999999954454e+00 -4.159084241896151418e-02 -8.068910407565481613e-01 2.114942574693379651e+00 -8.925317480924824798e-01 7.278391474714553944e-01 3.913109508117170732e-01
4.229999999999954241e+00 -3.981466552332586784e-02 -8.077789017015216677e-01 2.119180299087780384e+00 -8.947267073925121439e-01 7.334705657538310719e-01 3.947580880958360683e-01
4.229999999999954241e+00 -3.981466552332586784e-02 -8.077789017015216677e-01 2.119180299087780384e+00 -8.947267073925121439e-01 7.334705657538310719e-01 3.947580880958360683e-01
4.239999999999954028e+00 -3.799197588680779114e-02 -8.086687097525264711e-01 2.123400291342607105e+00 -8.969045711933484322e-01 7.391429283686200558e-01 3.982353162984548778e-01
4.239999999999954028e+00 -3.799197588680779114e-02 -8.086687097525264711e-01 2.123400291342607105e+00 -8.969045711933484322e-01 7.391429283686200558e-01 3.982353162984548778e-01
4.249999999999953815e+00 -3.612214812645983542e-02 -8.095602550305038836e-01 2.127601968741416716e+00 -8.990646016859328293e-01 7.448566105641866164e-01 4.017429564804225195e-01
4.249999999999953815e+00 -3.612214812645983542e-02 -8.095602550305038836e-01 2.127601968741416716e+00 -8.990646016859328293e-01 7.448566105641866164e-01 4.017429564804225195e-01
4.259999999999953602e+00 -3.420455445031200109e-02 -8.104533280940937612e-01 2.131784738308099669e+00 -9.012060414463204383e-01 7.506119875005333730e-01 4.052813324035526299e-01
4.259999999999953602e+00 -3.420455445031200109e-02 -8.104533280940937612e-01 2.131784738308099669e+00 -9.012060414463204383e-01 7.506119875005333730e-01 4.052813324035526299e-01
4.269999999999953388e+00 -3.223856486188838438e-02 -8.113477202132189925e-01 2.135947996830911855e+00 -9.033281130731398711e-01 7.564094339405963430e-01 4.088507704851540581e-01
4.269999999999953388e+00 -3.223856486188838438e-02 -8.113477202132189925e-01 2.135947996830911855e+00 -9.033281130731398711e-01 7.564094339405963430e-01 4.088507704851540581e-01
4.279999999999953175e+00 -3.022354737515588544e-02 -8.122432236436983866e-01 2.140091130887291637e+00 -9.054300188339319266e-01 7.622493239233230078e-01 4.124515997485100893e-01
4.279999999999953175e+00 -3.022354737515588544e-02 -8.122432236436983866e-01 2.140091130887291637e+00 -9.054300188339319266e-01 7.622493239233230078e-01 4.124515997485100893e-01
4.289999999999952962e+00 -2.815886824024150040e-02 -8.131396319025551156e-01 2.144213516869683644e+00 -9.075109403214137727e-01 7.681320304178532732e-01 4.160841517691700187e-01
4.289999999999952962e+00 -2.815886824024150040e-02 -8.131396319025551156e-01 2.144213516869683644e+00 -9.075109403214137727e-01 7.681320304178532732e-01 4.160841517691700187e-01
4.299999999999952749e+00 -2.604389218026106206e-02 -8.140367400436766543e-01 2.148314521012612222e+00 -9.095700381207626473e-01 7.740579249581229782e-01 4.197487606169176266e-01
4.299999999999952749e+00 -2.604389218026106206e-02 -8.140367400436766543e-01 2.148314521012612222e+00 -9.095700381207626473e-01 7.740579249581229782e-01 4.197487606169176266e-01
4.309999999999952536e+00 -2.387798263960843811e-02 -8.149343449334688350e-01 2.152393499421286993e+00 -9.116064514890672710e-01 7.800273772572029474e-01 4.234457627932777801e-01
4.309999999999952536e+00 -2.387798263960843811e-02 -8.149343449334688350e-01 2.152393499421286993e+00 -9.116064514890672710e-01 7.800273772572029474e-01 4.234457627932777801e-01
4.319999999999952323e+00 -2.166050204405956317e-02 -8.158322455261323158e-01 2.156449798102045179e+00 -9.136192980481459003e-01 7.860407548006888012e-01 4.271754971644246557e-01
4.319999999999952323e+00 -2.166050204405956317e-02 -8.158322455261323158e-01 2.156449798102045179e+00 -9.136192980481459003e-01 7.860407548006888012e-01 4.271754971644246557e-01
4.329999999999952109e+00 -1.939081207305057633e-02 -8.167302431381752159e-01 2.160482752994965949e+00 -9.156076734919849081e-01 7.920984224184591804e-01 4.309383048893537516e-01
4.329999999999952109e+00 -1.939081207305057633e-02 -8.167302431381752159e-01 2.160482752994965949e+00 -9.156076734919849081e-01 7.920984224184591804e-01 4.309383048893537516e-01
4.339999999999951896e+00 -1.706827394449348528e-02 -8.176281417217614589e-01 2.164491690009025415e+00 -9.175706513101037354e-01 7.982007418341222627e-01 4.347345293431804647e-01
4.339999999999951896e+00 -1.706827394449348528e-02 -8.176281417217614589e-01 2.164491690009025415e+00 -9.175706513101037354e-01 7.982007418341222627e-01 4.347345293431804647e-01
4.349999999999951683e+00 -1.469224871249615039e-02 -8.185257481364796028e-01 2.168475925060183940e+00 -9.195072825282076812e-01 8.043480711914806625e-01 4.385645160354271210e-01
4.349999999999951683e+00 -1.469224871249615039e-02 -8.185257481364796028e-01 2.168475925060183940e+00 -9.195072825282076812e-01 8.043480711914806625e-01 4.385645160354271210e-01
4.359999999999951470e+00 -1.226209757835582635e-02 -8.194228724191008340e-01 2.172434764112832983e+00 -9.214165954675439529e-01 8.105407645573536879e-01 4.424286125231630673e-01
4.359999999999951470e+00 -1.226209757835582635e-02 -8.194228724191008340e-01 2.172434764112832983e+00 -9.214165954675439529e-01 8.105407645573536879e-01 4.424286125231630673e-01
4.369999999999951257e+00 -9.777182215197010098e-03 -8.203193280508793706e-01 2.176367503225053124e+00 -9.232975955244304700e-01 8.167791714001109149e-01 4.463271683188616001e-01
4.369999999999951257e+00 -9.777182215197010098e-03 -8.203193280508793706e-01 2.176367503225053124e+00 -9.232975955244304700e-01 8.167791714001109149e-01 4.463271683188616001e-01
4.379999999999951044e+00 -7.236865106624659066e-03 -8.212149322219336467e-01 2.180273428598163754e+00 -9.251492649714802008e-01 8.230636360432875831e-01 4.502605347928397839e-01
4.379999999999951044e+00 -7.236865106624659066e-03 -8.212149322219336467e-01 2.180273428598163754e+00 -9.251492649714802008e-01 8.230636360432875831e-01 4.502605347928397839e-01
4.389999999999950830e+00 -4.640509899763039375e-03 -8.221095060922298803e-01 2.184151816631074272e+00 -9.269705627820992166e-01 8.293944970936750760e-01 4.542290650701480970e-01
4.389999999999950830e+00 -4.640509899763039375e-03 -8.221095060922298803e-01 2.184151816631074272e+00 -9.269705627820992166e-01 8.293944970936750760e-01 4.542290650701480970e-01
4.399999999999950617e+00 -1.987481773048242317e-03 -8.230028750486741984e-01 2.188001933979972335e+00 -9.287604244798853825e-01 8.357720868433041739e-01 4.582331139217794003e-01
4.399999999999950617e+00 -1.987481773048242317e-03 -8.230028750486741984e-01 2.188001933979972335e+00 -9.287604244798853825e-01 8.357720868433041739e-01 4.582331139217794003e-01
4.409999999999950404e+00 7.228521808612321971e-04 -8.238948689578040607e-01 2.191823037623912729e+00 -9.305177620146076745e-01 8.421967306447697421e-01 4.622730376500681637e-01
4.409999999999950404e+00 7.228521808612321971e-04 -8.238948689578040607e-01 2.191823037623912729e+00 -9.305177620146076745e-01 8.421967306447697421e-01 4.622730376500681637e-01
4.419999999999950191e+00 3.491122556696675452e-03 -8.247853224135529571e-01 2.195614374936892599e+00 -9.322414636664949628e-01 8.486687462593796027e-01 4.663491939681544962e-01
4.419999999999950191e+00 3.491122556696675452e-03 -8.247853224135529571e-01 2.195614374936892599e+00 -9.322414636664949628e-01 8.486687462593796027e-01 4.663491939681544962e-01
4.429999999999949978e+00 6.317957222361976835e-03 -8.256740749795488110e-01 2.199375183767025899e+00 -9.339303939806081756e-01 8.551884431776501927e-01 4.704619418733897995e-01
4.429999999999949978e+00 6.317957222361976835e-03 -8.256740749795488110e-01 2.199375183767025899e+00 -9.339303939806081756e-01 8.551884431776501927e-01 4.704619418733897995e-01
4.439999999999949765e+00 9.203980888543699182e-03 -8.265609714253896456e-01 2.203104692523455643e+00 -9.355833937331146100e-01 8.617561219117174653e-01 4.746116415145646417e-01
4.439999999999949765e+00 9.203980888543699182e-03 -8.265609714253896456e-01 2.203104692523455643e+00 -9.355833937331146100e-01 8.617561219117174653e-01 4.746116415145646417e-01
4.449999999999949551e+00 1.214981466181589906e-02 -8.274458619563270778e-01 2.206802120271654122e+00 -9.371992799313249023e-01 8.683720732592815628e-01 4.787986540528434976e-01
4.449999999999949551e+00 1.214981466181589906e-02 -8.274458619563270778e-01 2.206802120271654122e+00 -9.371992799313249023e-01 8.683720732592815628e-01 4.787986540528434976e-01
4.459999999999949338e+00 1.515607558092017630e-02 -8.283286024357742194e-01 2.210466676837796296e+00 -9.387768458493875867e-01 8.750365775387596301e-01 4.830233415162946686e-01
4.459999999999949338e+00 1.515607558092017630e-02 -8.283286024357742194e-01 2.210466676837796296e+00 -9.387768458493875867e-01 8.750365775387596301e-01 4.830233415162946686e-01
4.469999999999949125e+00 1.822337613591664893e-02 -8.292090546000399076e-01 2.214097562922897389e+00 -9.403148611015716973e-01 8.817499037953860919e-01 4.872860666479095770e-01
4.469999999999949125e+00 1.822337613591664893e-02 -8.292090546000399076e-01 2.214097562922897389e+00 -9.403148611015716973e-01 8.817499037953860919e-01 4.872860666479095770e-01
4.479999999999948912e+00 2.135232376991928402e-02 -8.300870862646818615e-01 2.217693970227430977e+00 -9.418120717550932941e-01 8.885123089780657679e-01 4.915871927470100156e-01
4.479999999999948912e+00 2.135232376991928402e-02 -8.300870862646818615e-01 2.217693970227430977e+00 -9.418120717550932941e-01 8.885123089780657679e-01 4.915871927470100156e-01
4.489999999999948699e+00 2.454352036314926336e-02 -8.309625715218577069e-01 2.221255081587150126e+00 -9.432672004844665503e-01 8.953240370868642550e-01 4.959270835039481518e-01
4.489999999999948699e+00 2.454352036314926336e-02 -8.309625715218577069e-01 2.221255081587150126e+00 -9.432672004844665503e-01 8.953240370868642550e-01 4.959270835039481518e-01
4.499999999999948486e+00 2.779756169906300034e-02 -8.318353909280441494e-01 2.224780071120859404e+00 -9.446789467693736952e-01 9.021853182910994917e-01 5.003061028280109124e-01
4.499999999999948486e+00 2.779756169906300034e-02 -8.318353909280441494e-01 2.224780071120859404e+00 -9.446789467693736952e-01 9.021853182910994917e-01 5.003061028280109124e-01
4.509999999999948272e+00 3.111503691233728081e-02 -8.327054316814869184e-01 2.228268104390880744e+00 -9.460459871380605401e-01 9.090963680180907946e-01 5.047246146684459811e-01
4.509999999999948272e+00 3.111503691233728081e-02 -8.327054316814869184e-01 2.228268104390880744e+00 -9.460459871380605401e-01 9.090963680180907946e-01 5.047246146684459811e-01
4.519999999999948059e+00 3.449652791852281936e-02 -8.335725877887352198e-01 2.231718338576975658e+00 -9.473669754582633162e-01 9.160573860127173562e-01 5.091829828285362458e-01
4.519999999999948059e+00 3.449652791852281936e-02 -8.335725877887352198e-01 2.231718338576975658e+00 -9.473669754582633162e-01 9.160573860127173562e-01 5.091829828285362458e-01
4.529999999999947846e+00 3.794260882520936878e-02 -8.344367602196112177e-01 2.235129922664483626e+00 -9.486405432776694457e-01 9.230685553680432198e-01 5.136815707726558600e-01
4.529999999999947846e+00 3.794260882520936878e-02 -8.344367602196112177e-01 2.235129922664483626e+00 -9.486405432776694457e-01 9.230685553680432198e-01 5.136815707726558600e-01
4.539999999999947633e+00 4.145384532458076116e-02 -8.352978570499617339e-01 2.238501997647440511e+00 -9.498653002158982117e-01 9.301300415273775490e-01 5.182207414262500755e-01
4.539999999999947633e+00 4.145384532458076116e-02 -8.352978570499617339e-01 2.238501997647440511e+00 -9.498653002158982117e-01 9.301300415273775490e-01 5.182207414262500755e-01
4.549999999999947420e+00 4.503079406727666933e-02 -8.361557935915369111e-01 2.241833696747442151e+00 -9.510398344099632029e-01 9.372419912582592438e-01 5.228008569686919405e-01
4.549999999999947420e+00 4.503079406727666933e-02 -8.361557935915369111e-01 2.241833696747442151e+00 -9.510398344099632029e-01 9.372419912582592438e-01 5.228008569686919405e-01
4.559999999999947207e+00 4.867400201751986843e-02 -8.370104925083445835e-01 2.245124145649005865e+00 -9.521627130151448792e-01 9.444045315989820777e-01 5.274222786189775025e-01
4.559999999999947207e+00 4.867400201751986843e-02 -8.370104925083445835e-01 2.245124145649005865e+00 -9.521627130151448792e-01 9.444045315989820777e-01 5.274222786189775025e-01
4.569999999999946994e+00 5.238400578951322994e-02 -8.378618839188296530e-01 2.248372462752182610e+00 -9.532324827631541986e-01 9.516177687784123096e-01 5.320853664142317641e-01
4.569999999999946994e+00 5.238400578951322994e-02 -8.378618839188296530e-01 2.248372462752182610e+00 -9.532324827631541986e-01 9.516177687784123096e-01 5.320853664142317641e-01
4.579999999999946780e+00 5.616133096515973228e-02 -8.387099054832384271e-01 2.251577759443151638e+00 -9.542476705794130654e-01 9.588817871099929446e-01 5.367904789810111765e-01
4.579999999999946780e+00 5.616133096515973228e-02 -8.387099054832384271e-01 2.251577759443151638e+00 -9.542476705794130654e-01 9.588817871099929446e-01 5.367904789810111765e-01
4.589999999999946567e+00 6.000649139321159731e-02 -8.395545024755339814e-01 2.254739140383518414e+00 -9.552067842612068649e-01 9.661966478609796960e-01 5.415379732993981232e-01
4.589999999999946567e+00 6.000649139321159731e-02 -8.395545024755339814e-01 2.254739140383518414e+00 -9.552067842612068649e-01 9.661966478609796960e-01 5.415379732993981232e-01
4.599999999999946354e+00 6.391998847001095774e-02 -8.403956278392432644e-01 2.257855703819017013e+00 -9.561083132183819666e-01 9.735623880981116862e-01 5.463282044598977150e-01
4.599999999999946354e+00 6.391998847001095774e-02 -8.403956278392432644e-01 2.257855703819017013e+00 -9.561083132183819666e-01 9.735623880981116862e-01 5.463282044598977150e-01
4.609999999999946141e+00 6.790231040204476598e-02 -8.412332422266332044e-01 2.260926541908284015e+00 -9.569507292781656016e-01 9.809790195110842381e-01 5.511615254131595476e-01
4.609999999999946141e+00 6.790231040204476598e-02 -8.412332422266332044e-01 2.260926541908284015e+00 -9.569507292781656016e-01 9.809790195110842381e-01 5.511615254131595476e-01
4.619999999999945928e+00 7.195393145060047235e-02 -8.420673140206302865e-01 2.263950741072352724e+00 -9.577324875555753847e-01 9.884465272153637461e-01 5.560382867125635009e-01
4.619999999999945928e+00 7.195393145060047235e-02 -8.420673140206302865e-01 2.263950741072352724e+00 -9.577324875555753847e-01 9.884465272153637461e-01 5.560382867125635009e-01
4.629999999999945715e+00 7.607531115887654349e-02 -8.428978193389247142e-01 2.266927382365474308e+00 -9.584520273907611854e-01 9.959648685360618092e-01 5.609588362497216485e-01
4.629999999999945715e+00 7.607531115887654349e-02 -8.428978193389247142e-01 2.266927382365474308e+00 -9.584520273907611854e-01 9.959648685360618092e-01 5.609588362497216485e-01
4.639999999999945501e+00 8.026689356197308500e-02 -8.437247420197242498e-01 2.269855541867834337e+00 -9.591077733544822737e-01 1.003533971774770439e+00 5.659235189829657786e-01
4.639999999999945501e+00 8.026689356197308500e-02 -8.437247420197242498e-01 2.269855541867834337e+00 -9.591077733544822737e-01 1.003533971774770439e+00 5.659235189829657786e-01
4.649999999999945288e+00 8.452910638026270296e-02 -8.445480735886568002e-01 2.272734291100693582e+00 -9.596981363227680140e-01 1.011153734961450557e+00 5.709326766589073454e-01
4.649999999999945288e+00 8.452910638026270296e-02 -8.445480735886568002e-01 2.272734291100693582e+00 -9.596981363227680140e-01 1.011153734961450557e+00 5.709326766589073454e-01
4.659999999999945075e+00 8.886236019671964192e-02 -8.453678132063532358e-01 2.275562697464426076e+00 -9.602215146216398489e-01 1.018824024593657063e+00 5.759866475271734343e-01
4.659999999999945075e+00 8.886236019671964192e-02 -8.453678132063532358e-01 2.275562697464426076e+00 -9.602215146216398489e-01 1.018824024593657063e+00 5.759866475271734343e-01
4.669999999999944862e+00 9.326704761886693562e-02 -8.461839675962836704e-01 2.278339824699878502e+00 -9.606762952425850211e-01 1.026544674365586385e+00 5.810857660484403109e-01
4.669999999999944862e+00 9.326704761886693562e-02 -8.461839675962836704e-01 2.278339824699878502e+00 -9.606762952425850211e-01 1.026544674365586385e+00 5.810857660484403109e-01
4.679999999999944649e+00 9.774354242608583598e-02 -8.469965509524637337e-01 2.281064733373415088e+00 -9.610608551292711965e-01 1.034315483889630460e+00 5.862303625959076614e-01
4.679999999999944649e+00 9.774354242608583598e-02 -8.469965509524637337e-01 2.281064733373415088e+00 -9.610608551292711965e-01 1.034315483889630460e+00 5.862303625959076614e-01
4.689999999999944436e+00 1.022921987031190361e-01 -8.478055848266935479e-01 2.283736481385944650e+00 -9.613735625357722192e-01 1.042136217413324184e+00 5.914207631503739515e-01
4.689999999999944436e+00 1.022921987031190361e-01 -8.478055848266935479e-01 2.283736481385944650e+00 -9.613735625357722192e-01 1.042136217413324184e+00 5.914207631503739515e-01
4.699999999999944222e+00 1.069133499606895465e-01 -8.486110979950481914e-01 2.286354124506161600e+00 -9.616127784563414105e-01 1.050006602534781841e+00 5.966572889890958686e-01
4.699999999999944222e+00 1.069133499606895465e-01 -8.486110979950481914e-01 2.286354124506161600e+00 -9.616127784563414105e-01 1.050006602534781841e+00 5.966572889890958686e-01
4.709999999999944009e+00 1.116073082442494285e-01 -8.494131263033914969e-01 2.288916716928155903e+00 -9.617768581265199179e-01 1.057926328919917891e+00 6.019402563686361285e-01
4.709999999999944009e+00 1.116073082442494285e-01 -8.494131263033914969e-01 2.288916716928155903e+00 -9.617768581265199179e-01 1.057926328919917891e+00 6.019402563686361285e-01
4.719999999999943796e+00 1.163743632319668708e-01 -8.502117124917490942e-01 2.291423311853471034e+00 -9.618641525951027171e-01 1.065895047024955078e+00 6.072699762019251324e-01
4.719999999999943796e+00 1.163743632319668708e-01 -8.502117124917490942e-01 2.291423311853471034e+00 -9.618641525951027171e-01 1.065895047024955078e+00 6.072699762019251324e-01
4.729999999999943583e+00 1.212147813231566895e-01 -8.510069059974403327e-01 2.293872962097601942e+00 -9.618730103662078701e-01 1.073912366827920684e+00 6.126467537297847210e-01
4.729999999999943583e+00 1.212147813231566895e-01 -8.510069059974403327e-01 2.293872962097601942e+00 -9.618730103662078701e-01 1.073912366827920684e+00 6.126467537297847210e-01
4.739999999999943370e+00 1.261288047184562222e-01 -8.517987627369393300e-01 2.296264720720840202e+00 -9.618017791104001013e-01 1.081977856573031360e+00 6.180708881871876947e-01
4.739999999999943370e+00 1.261288047184562222e-01 -8.517987627369393300e-01 2.296264720720840202e+00 -9.618017791104001013e-01 1.081977856573031360e+00 6.180708881871876947e-01
4.749999999999943157e+00 1.311166504931472465e-01 -8.525873448665077792e-01 2.298597641683283399e+00 -9.616488074435186606e-01 1.090091041532056826e+00 6.235426724645473096e-01
4.749999999999943157e+00 1.311166504931472465e-01 -8.525873448665077792e-01 2.298597641683283399e+00 -9.616488074435186606e-01 1.090091041532056826e+00 6.235426724645473096e-01
4.759999999999942943e+00 1.361785096651229876e-01 -8.533727205217205292e-01 2.300870780523726733e+00 -9.614124467715398081e-01 1.098251402786939224e+00 6.290623927643569369e-01
4.759999999999942943e+00 1.361785096651229876e-01 -8.533727205217205292e-01 2.300870780523726733e+00 -9.614124467715398081e-01 1.098251402786939224e+00 6.290623927643569369e-01
4.769999999999942730e+00 1.413145462590977286e-01 -8.541549635360855541e-01 2.303083195062057165e+00 -9.610910531994809602e-01 1.106458376038120583e+00 6.346303282535246115e-01
4.769999999999942730e+00 1.413145462590977286e-01 -8.541549635360855541e-01 2.303083195062057165e+00 -9.610910531994809602e-01 1.106458376038120583e+00 6.346303282535246115e-01
4.779999999999942517e+00 1.465248963687547923e-01 -8.549341531390426407e-01 2.305233946124671807e+00 -9.606829895020169152e-01 1.114711350443195359e+00 6.402467507117705070e-01
4.779999999999942517e+00 1.465248963687547923e-01 -8.549341531390426407e-01 2.305233946124671807e+00 -9.606829895020169152e-01 1.114711350443195359e+00 6.402467507117705070e-01
4.789999999999942304e+00 1.518096672186244611e-01 -8.557103736337136057e-01 2.307322098292334367e+00 -9.601866271531375174e-01 1.123009667490662666e+00 6.459119241764799124e-01
4.789999999999942304e+00 1.518096672186244611e-01 -8.557103736337136057e-01 2.307322098292334367e+00 -9.601866271531375174e-01 1.123009667490662666e+00 6.459119241764799124e-01
4.799999999999942091e+00 1.571689362275792146e-01 -8.564837140548646754e-01 2.309346720669779529e+00 -9.596003484118275084e-01 1.131352619913689184e+00 6.516261045844305988e-01
4.799999999999942091e+00 1.571689362275792146e-01 -8.564837140548646754e-01 2.309346720669779529e+00 -9.596003484118275084e-01 1.131352619913689184e+00 6.516261045844305988e-01
4.809999999999941878e+00 1.626027500759252287e-01 -8.572542678076342515e-01 2.311306887676267685e+00 -9.589225484604002592e-01 1.139739450648923569e+00 6.573895394108345558e-01
4.809999999999941878e+00 1.626027500759252287e-01 -8.572542678076342515e-01 2.311306887676267685e+00 -9.589225484604002592e-01 1.139739450648923569e+00 6.573895394108345558e-01
4.819999999999941664e+00 1.681111237781589551e-01 -8.580221322876703249e-01 2.313201679856180082e+00 -9.581516375917631390e-01 1.148169351845504504e+00 6.632024673061588382e-01
4.819999999999941664e+00 1.681111237781589551e-01 -8.580221322876703249e-01 2.313201679856180082e+00 -9.581516375917631390e-01 1.148169351845504504e+00 6.632024673061588382e-01
4.829999999999941451e+00 1.736940397635429734e-01 -8.587874084834173916e-01 2.315030184708644523e+00 -9.572860434415431108e-01 1.156641463929500180e+00 6.690651177312140208e-01
4.829999999999941451e+00 1.736940397635429734e-01 -8.587874084834173916e-01 2.315030184708644523e+00 -9.572860434415431108e-01 1.156641463929500180e+00 6.690651177312140208e-01
4.839999999999941238e+00 1.793514469667366606e-01 -8.595502005613850915e-01 2.316791497535062305e+00 -9.563242132606516455e-01 1.165154874729079637e+00 6.749777105910185204e-01
4.839999999999941238e+00 1.793514469667366606e-01 -8.595502005613850915e-01 2.316791497535062305e+00 -9.563242132606516455e-01 1.165154874729079637e+00 6.749777105910185204e-01
4.849999999999941025e+00 1.850832599307936921e-01 -8.603106154353258317e-01 2.318484722303310264e+00 -9.552646162235267635e-01 1.173708618665764147e+00 6.809404558679693631e-01
4.849999999999941025e+00 1.850832599307936921e-01 -8.603106154353258317e-01 2.318484722303310264e+00 -9.552646162235267635e-01 1.173708618665764147e+00 6.809404558679693631e-01
4.859999999999940812e+00 1.908893579249087979e-01 -8.610687623203415741e-01 2.320108972527279878e+00 -9.541057457669560593e-01 1.182301676017128322e+00 6.869535532548671775e-01
4.859999999999940812e+00 1.908893579249087979e-01 -8.610687623203415741e-01 2.320108972527279878e+00 -9.541057457669560593e-01 1.182301676017128322e+00 6.869535532548671775e-01
4.869999999999940599e+00 1.967695840793607098e-01 -8.618247522730303478e-01 2.321663372160314598e+00 -9.528461219540619309e-01 1.190932972256314448e+00 6.930171917883639621e-01
4.869999999999940599e+00 1.967695840793607098e-01 -8.618247522730303478e-01 2.321663372160314598e+00 -9.528461219540619309e-01 1.190932972256314448e+00 6.930171917883639621e-01
4.879999999999940385e+00 2.027237445401554872e-01 -8.625786977188740767e-01 2.323147056501009722e+00 -9.514842938577208198e-01 1.199601377473695107e+00 6.991315494834137168e-01
4.879999999999940385e+00 2.027237445401554872e-01 -8.625786977188740767e-01 2.323147056501009722e+00 -9.514842938577208198e-01 1.199601377473695107e+00 6.991315494834137168e-01
4.889999999999940172e+00 2.087516076459242365e-01 -8.633307119681540298e-01 2.324559173109738808e+00 -9.500188419573939447e-01 1.208305705885955650e+00 7.052967929693219062e-01
4.889999999999940172e+00 2.087516076459242365e-01 -8.633307119681540298e-01 2.324559173109738808e+00 -9.500188419573939447e-01 1.208305705885955650e+00 7.052967929693219062e-01
4.899999999999939959e+00 2.148529031296708414e-01 -8.640809087217637963e-01 2.325898882734184880e+00 -9.484483805430760084e-01 1.217044715437782809e+00 7.115130771280010480e-01
4.899999999999939959e+00 2.148529031296708414e-01 -8.640809087217637963e-01 2.325898882734184880e+00 -9.484483805430760084e-01 1.217044715437782809e+00 7.115130771280010480e-01
4.909999999999939746e+00 2.210273213479980181e-01 -8.648294015683672953e-01 2.327165360242067660e+00 -9.467715601198114506e-01 1.225817107501220526e+00 7.177805447350446011e-01
4.909999999999939746e+00 2.210273213479980181e-01 -8.648294015683672953e-01 2.327165360242067660e+00 -9.467715601198114506e-01 1.225817107501220526e+00 7.177805447350446011e-01
4.919999999999939533e+00 2.272745125404637967e-01 -8.655763034744224926e-01 2.328357795559178545e+00 -9.449870698060034435e-01 1.234621526677608161e+00 7.240993261042401041e-01
4.919999999999939533e+00 2.272745125404637967e-01 -8.655763034744224926e-01 2.328357795559178545e+00 -9.449870698060034435e-01 1.234621526677608161e+00 7.240993261042401041e-01
4.929999999999939320e+00 2.335940861217339626e-01 -8.663217262686586650e-01 2.329475394610766692e+00 -9.430936397185357700e-01 1.243456560706829084e+00 7.304695387361426206e-01
4.929999999999939320e+00 2.335940861217339626e-01 -8.663217262686586650e-01 2.329475394610766692e+00 -9.430936397185357700e-01 1.243456560706829084e+00 7.304695387361426206e-01
4.939999999999939106e+00 2.399856100091995181e-01 -8.670657801226564487e-01 2.330517380264248040e+00 -9.410900433375560814e-01 1.252320740488380935e+00 7.368912869713258873e-01
4.939999999999939106e+00 2.399856100091995181e-01 -8.670657801226564487e-01 2.330517380264248040e+00 -9.410900433375560814e-01 1.252320740488380935e+00 7.368912869713258873e-01
4.949999999999938893e+00 2.464486099887212012e-01 -8.678085730292315336e-01 2.331482993271164261e+00 -9.389750998436281471e-01 1.261212540218535016e+00 7.433646616489277825e-01
4.949999999999938893e+00 2.464486099887212012e-01 -8.678085730292315336e-01 2.331482993271164261e+00 -9.389750998436281471e-01 1.261212540218535016e+00 7.433646616489277825e-01
4.959999999999938680e+00 2.529825691211446959e-01 -8.685502102803700497e-01 2.332371493206261803e+00 -9.367476764198491290e-01 1.270130377647563868e+00 7.498897397710921897e-01
4.959999999999938680e+00 2.529825691211446959e-01 -8.685502102803700497e-01 2.332371493206261803e+00 -9.367476764198491290e-01 1.270130377647563868e+00 7.498897397710921897e-01
4.969999999999938467e+00 2.595869271922003896e-01 -8.692907939464999956e-01 2.333182159401526068e+00 -9.344066905114569721e-01 1.279072614460709634e+00 7.564665841738991148e-01
4.969999999999938467e+00 2.595869271922003896e-01 -8.692907939464999956e-01 2.333182159401526068e+00 -9.344066905114569721e-01 1.279072614460709634e+00 7.564665841738991148e-01
4.979999999999938254e+00 2.662610802083611450e-01 -8.700304223589114816e-01 2.333914291872981384e+00 -9.319511120354145861e-01 1.288037556786213456e+00 7.630952432053560441e-01
4.979999999999938254e+00 2.662610802083611450e-01 -8.700304223589114816e-01 2.333914291872981384e+00 -9.319511120354145861e-01 1.288037556786213456e+00 7.630952432053560441e-01
4.989999999999938041e+00 2.730043799411780436e-01 -8.707691895971568785e-01 2.334567212238043421e+00 -9.293799655324577191e-01 1.297023455833357097e+00 7.697757504110023241e-01
4.989999999999938041e+00 2.730043799411780436e-01 -8.707691895971568785e-01 2.334567212238043421e+00 -9.293799655324577191e-01 1.297023455833357097e+00 7.697757504110023241e-01
4.999999999999937828e+00 2.798161335225499147e-01 -8.715071849832715101e-01 2.335140264621208050e+00 -9.266923322541337216e-01 1.306028508663054977e+00 7.765081242276508089e-01
4.999999999999937828e+00 2.798161335225499147e-01 -8.715071849832715101e-01 2.335140264621208050e+00 -9.266923322541337216e-01 1.306028508663054977e+00 7.765081242276508089e-01
5.009999999999937614e+00 2.866956030933058841e-01 -8.722444925846530861e-01 2.335632816545856638e+00 -9.238873521774373376e-01 1.315050859093104929e+00 7.832923676857623807e-01
5.009999999999937614e+00 2.866956030933058841e-01 -8.722444925846530861e-01 2.335632816545856638e+00 -9.238873521774373376e-01 1.315050859093104929e+00 7.832923676857623807e-01
5.019999999999937401e+00 2.936420055073923341e-01 -8.729811907274280802e-01 2.336044259809983092e+00 -9.209642259397684549e-01 1.324088598739743272e+00 7.901284681209136407e-01
5.019999999999937401e+00 2.936420055073923341e-01 -8.729811907274280802e-01 2.336044259809983092e+00 -9.209642259397684549e-01 1.324088598739743272e+00 7.901284681209136407e-01
5.029999999999937188e+00 3.006545120938553528e-01 -8.737173515221093867e-01 2.336374011343656409e+00 -9.179222166870972810e-01 1.333139768196662356e+00 7.970163968947791000e-01
5.029999999999937188e+00 3.006545120938553528e-01 -8.737173515221093867e-01 2.336374011343656409e+00 -9.179222166870972810e-01 1.333139768196662356e+00 7.970163968947791000e-01
5.039999999999936975e+00 3.077322484786989554e-01 -8.744530404033177273e-01 2.336621514046080428e+00 -9.147606518284213672e-01 1.342202358352140967e+00 8.039561091260081227e-01
5.039999999999936975e+00 3.077322484786989554e-01 -8.744530404033177273e-01 2.336621514046080428e+00 -9.147606518284213672e-01 1.342202358352140967e+00 8.039561091260081227e-01
5.049999999999936762e+00 3.148742944685768985e-01 -8.751883156852960921e-01 2.336786237600151139e+00 -9.114789246898382657e-01 1.351274311844410381e+00 8.109475434313314635e-01
5.049999999999936762e+00 3.148742944685768985e-01 -8.751883156852960921e-01 2.336786237600151139e+00 -9.114789246898382657e-01 1.351274311844410381e+00 8.109475434313314635e-01
5.059999999999936549e+00 3.220796839981421855e-01 -8.759232281348916516e-01 2.336867679262467856e+00 -9.080764960618351589e-01 1.360353524654827062e+00 8.179906216771826166e-01
5.059999999999936549e+00 3.220796839981421855e-01 -8.759232281348916516e-01 2.336867679262467856e+00 -9.080764960618351589e-01 1.360353524654827062e+00 8.179906216771826166e-01
5.069999999999936335e+00 3.293474051427350835e-01 -8.766578205636167409e-01 2.336865364626822483e+00 -9.045528956337134385e-01 1.369437847837867039e+00 8.250852487420706760e-01
5.069999999999936335e+00 3.293474051427350835e-01 -8.766578205636167409e-01 2.336865364626822483e+00 -9.045528956337134385e-01 1.369437847837867039e+00 8.250852487420706760e-01
5.079999999999936122e+00 3.366764001979369314e-01 -8.773921274403263526e-01 2.336778848359262639e+00 -9.009077233094163750e-01 1.378525089386377411e+00 8.322313122898853388e-01
5.079999999999936122e+00 3.366764001979369314e-01 -8.773921274403263526e-01 2.336778848359262639e+00 -9.009077233094163750e-01 1.378525089386377411e+00 8.322313122898853388e-01
5.089999999999935909e+00 3.440655658273529816e-01 -8.781261745259650864e-01 2.336607714902909638e+00 -8.971406503994151516e-01 1.387613016229943819e+00 8.394286825542640607e-01
5.089999999999935909e+00 3.440655658273529816e-01 -8.781261745259650864e-01 2.336607714902909638e+00 -8.971406503994151516e-01 1.387613016229943819e+00 8.394286825542640607e-01
5.099999999999935696e+00 3.515137532798168762e-01 -8.788599785317462443e-01 2.336351579150803826e+00 -8.932514206837257609e-01 1.396699356363641398e+00 8.466772121340936375e-01
5.099999999999935696e+00 3.515137532798168762e-01 -8.788599785317462443e-01 2.336351579150803826e+00 -8.932514206837257609e-01 1.396699356363641398e+00 8.466772121340936375e-01
5.109999999999935483e+00 3.590197686770278951e-01 -8.795935468020227299e-01 2.336010087085151010e+00 -8.892398513415792349e-01 1.405781801103846762e+00 8.539767358001651987e-01
5.109999999999935483e+00 3.590197686770278951e-01 -8.795935468020227299e-01 2.336010087085151010e+00 -8.892398513415792349e-01 1.405781801103846762e+00 8.539767358001651987e-01
5.119999999999935270e+00 3.665823733724452582e-01 -8.803268770230034956e-01 2.335582916381445440e+00 -8.851058337437407442e-01 1.414858007467206358e+00 8.613270703129469741e-01
5.119999999999935270e+00 3.665823733724452582e-01 -8.803268770230034956e-01 2.335582916381445440e+00 -8.851058337437407442e-01 1.414858007467206358e+00 8.613270703129469741e-01
5.129999999999935056e+00 3.742002843820695368e-01 -8.810599569583505986e-01 2.335069776976068212e+00 -8.808493341039771440e-01 1.423925600668265901e+00 8.687280142513869041e-01
5.129999999999935056e+00 3.742002843820695368e-01 -8.810599569583505986e-01 2.335069776976068212e+00 -8.808493341039771440e-01 1.423925600668265901e+00 8.687280142513869041e-01
5.139999999999934843e+00 3.818721748875402722e-01 -8.817927642125743537e-01 2.334470411596061723e+00 -8.764703939866917981e-01 1.432982176730701385e+00 8.761793478526072043e-01
5.139999999999934843e+00 3.818721748875402722e-01 -8.817927642125743537e-01 2.334470411596061723e+00 -8.764703939866917981e-01 1.432982176730701385e+00 8.761793478526072043e-01
5.149999999999934630e+00 3.895966748117737355e-01 -8.825252660230135104e-01 2.333784596249920185e+00 -8.719691306682887388e-01 1.442025305206525276e+00 8.836808328623058095e-01
5.149999999999934630e+00 3.895966748117737355e-01 -8.825252660230135104e-01 2.333784596249920185e+00 -8.719691306682887388e-01 1.442025305206525276e+00 8.836808328623058095e-01
5.159999999999934417e+00 3.973723714671558160e-01 -8.832574190810588144e-01 2.333012140678352608e+00 -8.673457373503826728e-01 1.451052531997101269e+00 8.912322123956364361e-01
5.159999999999934417e+00 3.973723714671558160e-01 -8.832574190810588144e-01 2.333012140678352608e+00 -8.673457373503826728e-01 1.451052531997101269e+00 8.912322123956364361e-01
5.169999999999934204e+00 4.051978102760913081e-01 -8.839891693831414266e-01 2.332152888764103871e+00 -8.626004832235427688e-01 1.460061382269275176e+00 8.988332108083030292e-01
5.169999999999934204e+00 4.051978102760913081e-01 -8.839891693831414266e-01 2.332152888764103871e+00 -8.626004832235427688e-01 1.460061382269275176e+00 8.988332108083030292e-01
5.179999999999933991e+00 4.130714955634955943e-01 -8.847204521118728904e-01 2.331206718900055819e+00 -8.577337133808329295e-01 1.469049363459429935e+00 9.064835335775692782e-01
5.179999999999933991e+00 4.130714955634955943e-01 -8.847204521118728904e-01 2.331206718900055819e+00 -8.577337133808329295e-01 1.469049363459429935e+00 9.064835335775692782e-01
5.189999999999933777e+00 4.209918914205985629e-01 -8.854511915475821171e-01 2.330173544314955159e+00 -8.527458485809957800e-01 1.478013968357802410e+00 9.141828671928599048e-01
5.189999999999933777e+00 4.209918914205985629e-01 -8.854511915475821171e-01 2.330173544314955159e+00 -8.527458485809957800e-01 1.478013968357802410e+00 9.141828671928599048e-01
5.199999999999933564e+00 4.289574226392127154e-01 -8.861813010103583022e-01 2.329053313356249433e+00 -8.476373848617119178e-01 1.486952678264950256e+00 9.219308790556115518e-01
5.199999999999933564e+00 4.289574226392127154e-01 -8.861813010103583022e-01 2.329053313356249433e+00 -8.476373848617119178e-01 1.486952678264950256e+00 9.219308790556115518e-01
5.209999999999933351e+00 4.369664757154007595e-01 -8.869106828325679093e-01 2.327846009729644727e+00 -8.424088930039480561e-01 1.495862966211854994e+00 9.297272173880178903e-01
5.209999999999933351e+00 4.369664757154007595e-01 -8.869106828325679093e-01 2.327846009729644727e+00 -8.424088930039480561e-01 1.495862966211854994e+00 9.297272173880178903e-01
5.219999999999933138e+00 4.450173999212625464e-01 -8.876392283616785228e-01 2.326551652695120875e+00 -8.370610178489878983e-01 1.504742300234769736e+00 9.375715111503122312e-01
5.219999999999933138e+00 4.450173999212625464e-01 -8.876392283616785228e-01 2.326551652695120875e+00 -8.370610178489878983e-01 1.504742300234769736e+00 9.375715111503122312e-01
5.229999999999932925e+00 4.531085084433482679e-01 -8.883668179930860331e-01 2.325170297219272264e+00 -8.315944774703074582e-01 1.513588146695586723e+00 9.454633699662366997e-01
5.229999999999932925e+00 4.531085084433482679e-01 -8.883668179930860331e-01 2.325170297219272264e+00 -8.315944774703074582e-01 1.513588146695586723e+00 9.454633699662366997e-01
5.239999999999932712e+00 4.612380795859951643e-01 -8.890933212325127233e-01 2.323702034083962253e+00 -8.260100622030164264e-01 1.522397973638210056e+00 9.534023840563566887e-01
5.239999999999932712e+00 4.612380795859951643e-01 -8.890933212325127233e-01 2.323702034083962253e+00 -8.260100622030164264e-01 1.522397973638210056e+00 9.534023840563566887e-01
5.249999999999932498e+00 4.694043580376792701e-01 -8.898185967874141511e-01 2.322146989951392015e+00 -8.203086335341299717e-01 1.531169254171167005e+00 9.613881241789069554e-01
5.249999999999932498e+00 4.694043580376792701e-01 -8.898185967874141511e-01 2.322146989951392015e+00 -8.203086335341299717e-01 1.531169254171167005e+00 9.613881241789069554e-01
5.259999999999932285e+00 4.776055561982739395e-01 -8.905424926867132607e-01 2.320505327385808503e+00 -8.144911228574627238e-01 1.539899469866489623e+00 9.694201415778843645e-01
5.259999999999932285e+00 4.776055561982739395e-01 -8.905424926867132607e-01 2.320505327385808503e+00 -8.144911228574627238e-01 1.539899469866489623e+00 9.694201415778843645e-01
5.269999999999932072e+00 4.858398555649125483e-01 -8.912648464280622518e-01 2.318777244832173956e+00 -8.085585300974411638e-01 1.548586114164743677e+00 9.774979679381410325e-01
5.269999999999932072e+00 4.858398555649125483e-01 -8.912648464280622518e-01 2.318777244832173956e+00 -8.085585300974411638e-01 1.548586114164743677e+00 9.774979679381410325e-01
5.279999999999931859e+00 4.941054081739660875e-01 -8.919854851517248218e-01 2.316962976552224607e+00 -8.025119222066146030e-01 1.557226695775974612e+00 9.856211153472828057e-01
5.279999999999931859e+00 4.941054081739660875e-01 -8.919854851517248218e-01 2.316962976552224607e+00 -8.025119222066146030e-01 1.557226695775974612e+00 9.856211153472828057e-01
5.289999999999931646e+00 5.024003380964662258e-01 -8.927042258400676999e-01 2.315062792518441714e+00 -7.963524315421017796e-01 1.565818742066281466e+00 9.937890762642318521e-01
5.289999999999931646e+00 5.024003380964662258e-01 -8.927042258400676999e-01 2.315062792518441714e+00 -7.963524315421017796e-01 1.565818742066281466e+00 9.937890762642318521e-01
5.299999999999931433e+00 5.107227429841353361e-01 -8.934208755415570247e-01 2.313076998266547779e+00 -7.900812541266379885e-01 1.574359802419726062e+00 1.002001323494374541e+00
5.299999999999931433e+00 5.107227429841353361e-01 -8.934208755415570247e-01 2.313076998266547779e+00 -7.900812541266379885e-01 1.574359802419726062e+00 1.002001323494374541e+00
5.309999999999931219e+00 5.190706956630226632e-01 -8.941352316180677384e-01 2.311005934707215825e+00 -7.836996478002901112e-01 1.582847451565325470e+00 1.010257310171287282e+00
5.309999999999931219e+00 5.190706956630226632e-01 -8.941352316180677384e-01 2.311005934707215825e+00 -7.836996478002901112e-01 1.582847451565325470e+00 1.010257310171287282e+00
5.319999999999931006e+00 5.274422457715957080e-01 -8.948470820142367943e-01 2.308849977897760475e+00 -7.772089302692704038e-01 1.591279292858973404e+00 1.018556469745106385e+00
5.319999999999931006e+00 5.274422457715957080e-01 -8.948470820142367943e-01 2.308849977897760475e+00 -7.772089302692704038e-01 1.591279292858973404e+00 1.018556469745106385e+00
5.329999999999930793e+00 5.358354214399951854e-01 -8.955562055475230210e-01 2.306609538774640367e+00 -7.706104770586169606e-01 1.599652961510279692e+00 1.026898215977688711e+00
5.329999999999930793e+00 5.358354214399951854e-01 -8.955562055475230210e-01 2.306609538774640367e+00 -7.706104770586169606e-01 1.599652961510279692e+00 1.026898215977688711e+00
5.339999999999930580e+00 5.442482310070347884e-01 -8.962623722175742103e-01 2.304285062847663212e+00 -7.639057193758062025e-01 1.607966127744511420e+00 1.035281942944791922e+00
5.339999999999930580e+00 5.442482310070347884e-01 -8.962623722175742103e-01 2.304285062847663212e+00 -7.639057193758062025e-01 1.607966127744511420e+00 1.035281942944791922e+00
5.349999999999930367e+00 5.526786647714089229e-01 -8.969653435334546954e-01 2.301877029856831403e+00 -7.570961418926255293e-01 1.616216499890067215e+00 1.043707025045589321e+00
5.349999999999930367e+00 5.526786647714089229e-01 -8.969653435334546954e-01 2.301877029856831403e+00 -7.570961418926255293e-01 1.616216499890067215e+00 1.043707025045589321e+00
5.359999999999930154e+00 5.611246967734696556e-01 -8.976648728572421687e-01 2.299385953392816706e+00 -7.501832804528598686e-01 1.624401827382200958e+00 1.052172817019921602e+00
5.359999999999930154e+00 5.611246967734696556e-01 -8.976648728572421687e-01 2.299385953392816706e+00 -7.501832804528598686e-01 1.624401827382200958e+00 1.052172817019921602e+00
5.369999999999929940e+00 5.695842866038421937e-01 -8.983607057624735104e-01 2.296812380482077032e+00 -7.431687197135329326e-01 1.632519903674054973e+00 1.060678653973772256e+00
5.369999999999929940e+00 5.695842866038421937e-01 -8.983607057624735104e-01 2.296812380482077032e+00 -7.431687197135329326e-01 1.632519903674054973e+00 1.060678653973772256e+00
5.379999999999929727e+00 5.780553812350723852e-01 -8.990525804058940862e-01 2.294156891137669962e+00 -7.360540907275932021e-01 1.640568569046439329e+00 1.069223851413542148e+00
5.379999999999929727e+00 5.780553812350723852e-01 -8.990525804058940862e-01 2.294156891137669962e+00 -7.360540907275932021e-01 1.640568569046439329e+00 1.069223851413542148e+00
5.389999999999929514e+00 5.865359168724354477e-01 -8.997402279109522061e-01 2.291420097876829320e+00 -7.288410684760440184e-01 1.648545713308219307e+00 1.077807705289776319e+00
5.389999999999929514e+00 5.865359168724354477e-01 -8.997402279109522061e-01 2.291420097876829320e+00 -7.288410684760440184e-01 1.648545713308219307e+00 1.077807705289776319e+00
5.399999999999929301e+00 5.950238208199875034e-01 -9.004233727614762151e-01 2.288602645206392339e+00 -7.215313693575881038e-01 1.656449278379631629e+00 1.086429492051080858e+00
5.399999999999929301e+00 5.950238208199875034e-01 -9.004233727614762151e-01 2.288602645206392339e+00 -7.215313693575881038e-01 1.656449278379631629e+00 1.086429492051080858e+00
5.409999999999929088e+00 6.035170133579054186e-01 -9.011017332039725769e-01 2.285705209077168121e+00 -7.141267486438882539e-01 1.664277260751354071e+00 1.095088468709034535e+00
5.409999999999929088e+00 6.035170133579054186e-01 -9.011017332039725769e-01 2.285705209077168121e+00 -7.141267486438882539e-01 1.664277260751354071e+00 1.095088468709034535e+00
5.419999999999928875e+00 6.120134096271417912e-01 -9.017750216569972999e-01 2.282728496308351840e+00 -7.066289979085407236e-01 1.672027713812676675e+00 1.103783872914974040e+00
5.419999999999928875e+00 6.120134096271417912e-01 -9.017750216569972999e-01 2.282728496308351840e+00 -7.066289979085407236e-01 1.672027713812676675e+00 1.103783872914974040e+00
5.429999999999928662e+00 6.205109215174153814e-01 -9.024429451260694846e-01 2.279673243983071806e+00 -6.990399424378099802e-01 1.679698750042693201e+00 1.112514923049585880e+00
5.429999999999928662e+00 6.205109215174153814e-01 -9.024429451260694846e-01 2.279673243983071806e+00 -6.990399424378099802e-01 1.679698750042693201e+00 1.112514923049585880e+00
5.439999999999928448e+00 6.290074595545662728e-01 -9.031052056226241964e-01 2.276540218816166306e+00 -6.913614386310942272e-01 1.687288543059011658e+00 1.121280818326293227e+00
5.439999999999928448e+00 6.290074595545662728e-01 -9.031052056226241964e-01 2.276540218816166306e+00 -6.913614386310942272e-01 1.687288543059011658e+00 1.121280818326293227e+00
5.449999999999928235e+00 6.375009347833289208e-01 -9.037615005855327288e-01 2.273330216495262235e+00 -6.835953713989707525e-01 1.694795329519100946e+00 1.130080738909466920e+00
5.449999999999928235e+00 6.375009347833289208e-01 -9.037615005855327288e-01 2.273330216495262235e+00 -6.835953713989707525e-01 1.694795329519100946e+00 1.130080738909466920e+00
5.459999999999928022e+00 6.459892606416141048e-01 -9.044115233037586243e-01 2.270044060996222246e+00 -6.757436515665172783e-01 1.702217410870017211e+00 1.138913846048523748e+00
5.459999999999928022e+00 6.459892606416141048e-01 -9.044115233037586243e-01 2.270044060996222246e+00 -6.757436515665172783e-01 1.702217410870017211e+00 1.138913846048523748e+00
5.469999999999927809e+00 6.544703548224409806e-01 -9.050549633387603432e-01 2.266682603874002222e+00 -6.678082132894167522e-01 1.709553154942902164e+00 1.147779282228995834e+00
5.469999999999927809e+00 6.544703548224409806e-01 -9.050549633387603432e-01 2.266682603874002222e+00 -6.678082132894167522e-01 1.709553154942902164e+00 1.147779282228995834e+00
5.479999999999927596e+00 6.629421411197278236e-01 -9.056915069453034262e-01 2.263246723529944937e+00 -6.597910114901331946e-01 1.716800997389301697e+00 1.156676171341668447e+00
5.479999999999927596e+00 6.629421411197278236e-01 -9.056915069453034262e-01 2.263246723529944937e+00 -6.597910114901331946e-01 1.716800997389301697e+00 1.156676171341668447e+00
5.489999999999927383e+00 6.714025512542279861e-01 -9.063208374893960695e-01 2.259737324456513541e+00 -6.516940193211961940e-01 1.723959442957023303e+00 1.165603618870880709e+00
5.489999999999927383e+00 6.714025512542279861e-01 -9.063208374893960695e-01 2.259737324456513541e+00 -6.516940193211961940e-01 1.723959442957023303e+00 1.165603618870880709e+00
5.499999999999927169e+00 6.798495266759880806e-01 -9.069426358621218709e-01 2.256155336460436089e+00 -6.435192256623513130e-01 1.731027066603914699e+00 1.174560712103074778e+00
5.499999999999927169e+00 6.798495266759880806e-01 -9.069426358621218709e-01 2.256155336460436089e+00 -6.435192256623513130e-01 1.731027066603914699e+00 1.174560712103074778e+00
5.509999999999926956e+00 6.882810203398121995e-01 -9.075565808882022356e-01 2.252501713865217692e+00 -6.352686326580258003e-01 1.738002514448619529e+00 1.183546520356654863e+00
5.509999999999926956e+00 6.882810203398121995e-01 -9.075565808882022356e-01 2.252501713865217692e+00 -6.352686326580258003e-01 1.738002514448619529e+00 1.183546520356654863e+00
5.519999999999926743e+00 6.966949984503282289e-01 -9.081623497281855473e-01 2.248777434693944866e+00 -6.269442533012308250e-01 1.744884504558030347e+00 1.192560095234183493e+00
5.519999999999926743e+00 6.966949984503282289e-01 -9.081623497281855473e-01 2.248777434693944866e+00 -6.269442533012308250e-01 1.744884504558030347e+00 1.192560095234183493e+00
5.529999999999926530e+00 7.050894421733822082e-01 -9.087596182732260441e-01 2.244983499833279605e+00 -6.185481090696648421e-01 1.751671827571813944e+00 1.201600470897897122e+00
5.529999999999926530e+00 7.050894421733822082e-01 -9.087596182732260441e-01 2.244983499833279605e+00 -6.185481090696648421e-01 1.751671827571813944e+00 1.201600470897897122e+00
5.539999999999926317e+00 7.134623493106231340e-01 -9.093480615314800675e-01 2.241120932179519354e+00 -6.100822276194101113e-01 1.758363347165034174e+00 1.210666664369464574e+00
5.539999999999926317e+00 7.134623493106231340e-01 -9.093480615314800675e-01 2.241120932179519354e+00 -6.100822276194101113e-01 1.758363347165034174e+00 1.210666664369464574e+00
5.549999999999926104e+00 7.218117359342866024e-01 -9.099273540052184028e-01 2.237190775767572415e+00 -6.015486405412229232e-01 1.764958000350522083e+00 1.219757675854849843e+00
5.549999999999926104e+00 7.218117359342866024e-01 -9.099273540052184028e-01 2.237190775767572415e+00 -6.015486405412229232e-01 1.764958000350522083e+00 1.219757675854849843e+00
5.559999999999925890e+00 7.301356379793435547e-01 -9.104971700578190497e-01 2.233194094883671266e+00 -5.929493811840126360e-01 1.771454797623257971e+00 1.228872489095059528e+00
5.559999999999925890e+00 7.301356379793435547e-01 -9.104971700578190497e-01 2.233194094883671266e+00 -5.929493811840126360e-01 1.771454797623257971e+00 1.228872489095059528e+00
5.569999999999925677e+00 7.384321127903431536e-01 -9.110571842698748091e-01 2.229131973162633340e+00 -5.842864825496831838e-01 1.777852822949616662e+00 1.238010071743471885e+00
5.569999999999925677e+00 7.384321127903431536e-01 -9.110571842698748091e-01 2.229131973162633340e+00 -5.842864825496831838e-01 1.777852822949616662e+00 1.238010071743471885e+00
5.579999999999925464e+00 7.466992406204505661e-01 -9.116070717837185811e-01 2.225005512670449992e+00 -5.755619752630850572e-01 1.784151233604892584e+00 1.247169375770347255e+00
5.579999999999925464e+00 7.466992406204505661e-01 -9.116070717837185811e-01 2.225005512670449992e+00 -5.755619752630850572e-01 1.784151233604892584e+00 1.247169375770347255e+00
5.589999999999925251e+00 7.549351260803582875e-01 -9.121465086357345431e-01 2.220815832972970583e+00 -5.667778856203880000e-01 1.790349259863054598e+00 1.256349337895024565e+00
5.589999999999925251e+00 7.549351260803582875e-01 -9.121465086357345431e-01 2.220815832972970583e+00 -5.667778856203880000e-01 1.790349259863054598e+00 1.256349337895024565e+00
5.599999999999925038e+00 7.631378995349329397e-01 -9.126751720758928821e-01 2.216564070191435309e+00 -5.579362337187453447e-01 1.796446204543186598e+00 1.265548880046190705e+00
5.599999999999925038e+00 7.631378995349329397e-01 -9.126751720758928821e-01 2.216564070191435309e+00 -5.579362337187453447e-01 1.796446204543186598e+00 1.265548880046190705e+00
5.609999999999924825e+00 7.713057184456456605e-01 -9.131927408740073693e-01 2.212251376045596185e+00 -5.490390316696793782e-01 1.802441442417539896e+00 1.274766909850501451e+00
5.609999999999924825e+00 7.713057184456456605e-01 -9.131927408740073693e-01 2.212251376045596185e+00 -5.490390316696793782e-01 1.802441442417539896e+00 1.274766909850501451e+00
5.619999999999924611e+00 7.794367686570273790e-01 -9.136988956122807926e-01 2.207878916885156695e+00 -5.400882818981748157e-01 1.808334419486560707e+00 1.284002321149710024e+00
5.619999999999924611e+00 7.794367686570273790e-01 -9.136988956122807926e-01 2.207878916885156695e+00 -5.400882818981748157e-01 1.808334419486560707e+00 1.284002321149710024e+00
5.629999999999924398e+00 7.875292656255821200e-01 -9.141933189637634349e-01 2.203447872710253996e+00 -5.310859755290323614e-01 1.814124652126652970e+00 1.293253994546337937e+00
5.629999999999924398e+00 7.875292656255821200e-01 -9.141933189637634349e-01 2.203447872710253996e+00 -5.310859755290323614e-01 1.814124652126652970e+00 1.293253994546337937e+00
5.639999999999924185e+00 7.955814555897883222e-01 -9.146756959564099621e-01 2.198959436181705751e+00 -5.220340908616003528e-01 1.819811726116797868e+00 1.302520797977790190e+00
5.639999999999924185e+00 7.955814555897883222e-01 -9.146756959564099621e-01 2.198959436181705751e+00 -5.220340908616003528e-01 1.819811726116797868e+00 1.302520797977790190e+00
5.649999999999923972e+00 8.035916166800127769e-01 -9.151457142224767027e-01 2.194414811621744121e+00 -5.129345919335821513e-01 1.825395295550472197e+00 1.311801587318695450e+00
5.649999999999923972e+00 8.035916166800127769e-01 -9.151457142224767027e-01 2.194414811621744121e+00 -5.129345919335821513e-01 1.825395295550472197e+00 1.311801587318695450e+00
5.659999999999923759e+00 8.115580599673595241e-01 -9.156030642330562630e-01 2.189815214005963462e+00 -5.037894271742031638e-01 1.830875081639585122e+00 1.321095207011114825e+00
5.659999999999923759e+00 8.115580599673595241e-01 -9.156030642330562630e-01 2.189815214005963462e+00 -5.037894271742031638e-01 1.830875081639585122e+00 1.321095207011114825e+00
5.669999999999923546e+00 8.194791304506686691e-01 -9.160474395176000373e-01 2.185161867947211789e+00 -4.946005281466229753e-01 1.836250871417392405e+00 1.330400490722133622e+00
5.669999999999923546e+00 8.194791304506686691e-01 -9.160474395176000373e-01 2.185161867947211789e+00 -4.946005281466229753e-01 1.836250871417392405e+00 1.330400490722133622e+00
5.679999999999923332e+00 8.273532079810757001e-01 -9.164785368683281419e-01 2.180456006672171210e+00 -4.853698083790956574e-01 1.841522516347541716e+00 1.339716262028220806e+00
5.679999999999923332e+00 8.273532079810757001e-01 -9.164785368683281419e-01 2.180456006672171210e+00 -4.853698083790956574e-01 1.841522516347541716e+00 1.339716262028220806e+00
5.689999999999923119e+00 8.351787081237285193e-01 -9.168960565294755893e-01 2.175698870991381817e+00 -4.760991622840120563e-01 1.846689930846557637e+00 1.349041335125612529e+00
5.689999999999923119e+00 8.351787081237285193e-01 -9.168960565294755893e-01 2.175698870991381817e+00 -4.760991622840120563e-01 1.846689930846557637e+00 1.349041335125612529e+00
5.699999999999922906e+00 8.429540829564502458e-01 -9.172997023713680420e-01 2.170891708263484432e+00 -4.667904641636122509e-01 1.851753090727187967e+00 1.358374515565845320e+00
5.699999999999922906e+00 8.429540829564502458e-01 -9.172997023713680420e-01 2.170891708263484432e+00 -4.667904641636122509e-01 1.851753090727187967e+00 1.358374515565845320e+00
5.709999999999922693e+00 8.506778218053131502e-01 -9.176891820493648932e-01 2.166035771354472228e+00 -4.574455673008280820e-01 1.856712031570103338e+00 1.367714601015443732e+00
5.709999999999922693e+00 8.506778218053131502e-01 -9.176891820493648932e-01 2.166035771354472228e+00 -4.574455673008280820e-01 1.856712031570103338e+00 1.367714601015443732e+00
5.719999999999922480e+00 8.583484519172711602e-01 -9.180642071477485011e-01 2.161132317592764363e+00 -4.480663031334098934e-01 1.861566847031473904e+00 1.377060382038647779e+00
5.719999999999922480e+00 8.583484519172711602e-01 -9.180642071477485011e-01 2.161132317592764363e+00 -4.480663031334098934e-01 1.861566847031473904e+00 1.377060382038647779e+00
5.729999999999922267e+00 8.659645390701657952e-01 -9.184244933086765927e-01 2.156182607720942723e+00 -4.386544805092092991e-01 1.866317687093939748e+00 1.386410642901945822e+00
5.729999999999922267e+00 8.659645390701657952e-01 -9.184244933086765927e-01 2.156182607720942723e+00 -4.386544805092092991e-01 1.866317687093939748e+00 1.386410642901945822e+00
5.739999999999922053e+00 8.735246881205874780e-01 -9.187697603463543805e-01 2.151187904845017762e+00 -4.292118850202312208e-01 1.870964756268445717e+00 1.395764162399071306e+00
5.739999999999922053e+00 8.735246881205874780e-01 -9.187697603463543805e-01 2.151187904845017762e+00 -4.292118850202312208e-01 1.870964756268445717e+00 1.395764162399071306e+00
5.749999999999921840e+00 8.810275434902328229e-01 -9.190997323466154612e-01 2.146149473382113815e+00 -4.197402784128346775e-01 1.875508311754328306e+00 1.405119714695017175e+00
5.749999999999921840e+00 8.810275434902328229e-01 -9.190997323466154612e-01 2.146149473382113815e+00 -4.197402784128346775e-01 1.875508311754328306e+00 1.405119714695017175e+00
5.759999999999921627e+00 8.884717895915470454e-01 -9.194141377521367620e-01 2.141068578007506495e+00 -4.102413980712535935e-01 1.879948661564928569e+00 1.414476070187519863e+00
5.759999999999921627e+00 8.884717895915470454e-01 -9.194141377521367620e-01 2.141068578007506495e+00 -4.102413980712535935e-01 1.879948661564928569e+00 1.414476070187519863e+00
5.769999999999921414e+00 8.958561511935869692e-01 -9.197127094335437736e-01 2.135946482601962515e+00 -4.007169565714260306e-01 1.884286162625852690e+00 1.423831996384379517e+00
5.769999999999921414e+00 8.958561511935869692e-01 -9.197127094335437736e-01 2.135946482601962515e+00 -4.007169565714260306e-01 1.884286162625852690e+00 1.423831996384379517e+00
5.779999999999921201e+00 9.031793937291713315e-01 -9.199951847466926180e-01 2.130784449200381125e+00 -3.911686413019643260e-01 1.888521218852825090e+00 1.433186258794892254e+00
5.779999999999921201e+00 9.031793937291713315e-01 -9.199951847466926180e-01 2.130784449200381125e+00 -3.911686413019643260e-01 1.888521218852825090e+00 1.433186258794892254e+00
5.789999999999920988e+00 9.104403235445136522e-01 -9.202613055764459205e-01 2.125583736942756374e+00 -3.815981141489675488e-01 1.892654279215868041e+00 1.442537621833600792e+00
5.789999999999920988e+00 9.104403235445136522e-01 -9.202613055764459205e-01 2.125583736942756374e+00 -3.815981141489675488e-01 1.892654279215868041e+00 1.442537621833600792e+00
5.799999999999920774e+00 9.176377880926505082e-01 -9.205108183672868760e-01 2.120345601028525540e+00 -3.720070112412732222e-01 1.896685835796311448e+00 1.451884849734496941e+00
5.799999999999920774e+00 9.176377880926505082e-01 -9.205108183672868760e-01 2.120345601028525540e+00 -3.720070112412732222e-01 1.896685835796311448e+00 1.451884849734496941e+00
5.809999999999920561e+00 9.247706760720839636e-01 -9.207434741411424373e-01 2.115071291675400644e+00 -3.623969427526657072e-01 1.900616421842873605e+00 1.461226707473755715e+00
5.809999999999920561e+00 9.247706760720839636e-01 -9.207434741411424373e-01 2.115071291675400644e+00 -3.623969427526657072e-01 1.900616421842873605e+00 1.461226707473755715e+00
5.819999999999920348e+00 9.318379175121592750e-01 -9.209590285028140810e-01 2.109762053083811040e+00 -3.527694927575039663e-01 1.904446609832781023e+00 1.470561961699025755e+00
5.819999999999920348e+00 9.318379175121592750e-01 -9.209590285028140810e-01 2.109762053083811040e+00 -3.527694927575039663e-01 1.904446609832781023e+00 1.470561961699025755e+00
5.829999999999920135e+00 9.388384838067856952e-01 -9.211572416334371516e-01 2.104419122408129894e+00 -3.431262191362008940e-01 1.908177009543593039e+00 1.479889381663264336e+00
5.829999999999920135e+00 9.388384838067856952e-01 -9.211572416334371516e-01 2.104419122408129894e+00 -3.431262191362008940e-01 1.908177009543593039e+00 1.479889381663264336e+00
5.839999999999919922e+00 9.457713876981923562e-01 -9.213378782724170879e-01 2.099043728735877856e+00 -3.334686535269787422e-01 1.911808266141085788e+00 1.489207740161070381e+00
5.839999999999919922e+00 9.457713876981923562e-01 -9.213378782724170879e-01 2.099043728735877856e+00 -3.334686535269787422e-01 1.911808266141085788e+00 1.489207740161070381e+00
5.849999999999919709e+00 9.526356832124782681e-01 -9.215007076883114934e-01 2.093637092076145567e+00 -3.237983013203402094e-01 1.915341058288223541e+00 1.498515814465451790e+00
5.849999999999919709e+00 9.526356832124782681e-01 -9.215007076883114934e-01 2.093637092076145567e+00 -3.237983013203402094e-01 1.915341058288223541e+00 1.498515814465451790e+00
5.859999999999919496e+00 9.594304655487810862e-01 -9.216455036391508759e-01 2.088200422358494457e+00 -3.141166416927295146e-01 1.918776096279905863e+00 1.507812387262945197e+00
5.859999999999919496e+00 9.594304655487810862e-01 -9.216455036391508759e-01 2.088200422358494457e+00 -3.141166416927295146e-01 1.918776096279905863e+00 1.507812387262945197e+00
5.869999999999919282e+00 9.661548709239398125e-01 -9.217720443227125360e-01 2.082734918443632566e+00 -3.044251276759138425e-01 1.922114120207835786e+00 1.517096247585008051e+00
5.869999999999919282e+00 9.661548709239398125e-01 -9.217720443227125360e-01 2.082734918443632566e+00 -3.044251276759138425e-01 1.922114120207835786e+00 1.517096247585008051e+00
5.879999999999919069e+00 9.728080763745714510e-01 -9.218801123172831735e-01 2.077241767147187890e+00 -2.947251862586882654e-01 1.925355898159499590e+00 1.526366191733609767e+00
5.879999999999919069e+00 9.728080763745714510e-01 -9.218801123172831735e-01 2.077241767147187890e+00 -2.947251862586882654e-01 1.925355898159499590e+00 1.526366191733609767e+00
5.889999999999918856e+00 9.793892995185159434e-01 -9.219694945134658814e-01 2.071722142277927059e+00 -2.850182185175976213e-01 1.928502224454893943e+00 1.535621024198961404e+00
5.889999999999918856e+00 9.793892995185159434e-01 -9.219694945134658814e-01 2.071722142277927059e+00 -2.850182185175976213e-01 1.928502224454893943e+00 1.535621024198961404e+00
5.899999999999918643e+00 9.858977982776304660e-01 -9.220399820376068423e-01 2.066177203691786257e+00 -2.753055997734747962e-01 1.931553917924281105e+00 1.544859558567351687e+00
5.899999999999918643e+00 9.858977982776304660e-01 -9.220399820376068423e-01 2.066177203691786257e+00 -2.753055997734747962e-01 1.931553917924281105e+00 1.544859558567351687e+00
5.909999999999918430e+00 9.923328705639319347e-01 -9.220913701674359197e-01 2.060608096363106601e+00 -2.655886797707132652e-01 1.934511820229895207e+00 1.554080618417091220e+00
5.909999999999918430e+00 9.923328705639319347e-01 -9.220913701674359197e-01 2.060608096363106601e+00 -2.655886797707132652e-01 1.934511820229895207e+00 1.554080618417091220e+00
5.919999999999918217e+00 9.986938539310967755e-01 -9.221234582405324343e-01 2.055015949474473747e+00 -2.558687828763238081e-01 1.937376794234170196e+00 1.563283038200609987e+00
5.919999999999918217e+00 9.986938539310967755e-01 -9.221234582405324343e-01 2.055015949474473747e+00 -2.558687828763238081e-01 1.937376794234170196e+00 1.563283038200609987e+00
5.929999999999918003e+00 1.004980125193328799e+00 -9.221360495562445081e-01 2.049401875526580152e+00 -2.461472082959667018e-01 1.940149722416715905e+00 1.572465664110800576e+00
5.929999999999918003e+00 1.004980125193328799e+00 -9.221360495562445081e-01 2.049401875526580152e+00 -2.461472082959667018e-01 1.940149722416715905e+00 1.572465664110800576e+00
5.939999999999917790e+00 1.011191100013601352e+00 -9.221289512717067982e-01 2.043766969469534178e+00 -2.364252303043009040e-01 1.942831505341922727e+00 1.581627354929766138e+00
5.939999999999917790e+00 1.011191100013601352e+00 -9.221289512717067982e-01 2.043766969469534178e+00 -2.364252303043009040e-01 1.942831505341922727e+00 1.581627354929766138e+00
5.949999999999917577e+00 1.017326232463267255e+00 -9.221019742926143126e-01 2.038112307857040673e+00 -2.267040984871507847e-01 1.945423060178749886e+00 1.590766982858192291e+00
5.949999999999917577e+00 1.017326232463267255e+00 -9.221019742926143126e-01 2.038112307857040673e+00 -2.267040984871507847e-01 1.945423060178749886e+00 1.590766982858192291e+00
5.959999999999917364e+00 1.023385014555012518e+00 -9.220549331594248832e-01 2.032438948024885228e+00 -2.169850379931532458e-01 1.947925319273924538e+00 1.599883434323637887e+00
5.959999999999917364e+00 1.023385014555012518e+00 -9.220549331594248832e-01 2.032438948024885228e+00 -2.169850379931532458e-01 1.947925319273924538e+00 1.599883434323637887e+00
5.969999999999917151e+00 1.029366975751103475e+00 -9.219876459296729720e-01 2.026747927295136975e+00 -2.072692497927161315e-01 1.950339228779475631e+00 1.608975610766121278e+00
5.969999999999917151e+00 1.029366975751103475e+00 -9.219876459296729720e-01 2.026747927295136975e+00 -2.072692497927161315e-01 1.950339228779475631e+00 1.608975610766121278e+00
5.979999999999916938e+00 1.035271682448845931e+00 -9.218999340570902534e-01 2.021040262207488336e+00 -1.975579109422894164e-01 1.952665747335223800e+00 1.618042429399459969e+00
5.979999999999916938e+00 1.035271682448845931e+00 -9.218999340570902534e-01 2.021040262207488336e+00 -1.975579109422894164e-01 1.952665747335223800e+00 1.618042429399459969e+00
5.989999999999916724e+00 1.041098737445141253e+00 -9.217916222682345229e-01 2.015316947779123513e+00 -1.878521748521212731e-01 1.954905844806569926e+00 1.627082823946920609e+00
5.989999999999916724e+00 1.041098737445141253e+00 -9.217916222682345229e-01 2.015316947779123513e+00 -1.878521748521212731e-01 1.954905844806569926e+00 1.627082823946920609e+00
5.999999999999916511e+00 1.046847779381981036e+00 -9.216625384373369201e-01 2.009578956794496385e+00 -1.781531715558429263e-01 1.957060501077654502e+00 1.636095745349821051e+00
5.999999999999916511e+00 1.046847779381981036e+00 -9.216625384373369201e-01 2.009578956794496385e+00 -1.781531715558429263e-01 1.957060501077654502e+00 1.636095745349821051e+00
6.009999999999916298e+00 1.052518482174676695e+00 -9.215125134600827828e-01 2.003827239126368731e+00 -1.684620079803956227e-01 1.959130704899710640e+00 1.645080162447835503e+00
6.009999999999916298e+00 1.052518482174676695e+00 -9.215125134600827828e-01 2.003827239126368731e+00 -1.684620079803956227e-01 1.959130704899710640e+00 1.645080162447835503e+00
6.019999999999916085e+00 1.058110554424571248e+00 -9.213413811270437792e-01 1.998062721089427507e+00 -1.587797682149799383e-01 1.961117452794194138e+00 1.654035062629852781e+00
6.019999999999916085e+00 1.058110554424571248e+00 -9.213413811270437792e-01 1.998062721089427507e+00 -1.587797682149799383e-01 1.961117452794194138e+00 1.654035062629852781e+00
6.029999999999915872e+00 1.063623738817928155e+00 -9.211489779974803005e-01 1.992286304827774357e+00 -1.491075137778709592e-01 1.963021748010060463e+00 1.662959452454342291e+00
6.029999999999915872e+00 1.063623738817928155e+00 -9.211489779974803005e-01 1.992286304827774357e+00 -1.491075137778709592e-01 1.963021748010060463e+00 1.662959452454342291e+00
6.039999999999915659e+00 1.069057811512633238e+00 -9.209351432742324262e-01 1.986498867737525709e+00 -1.394462838801011628e-01 1.964844599534352199e+00 1.671852358238292258e+00
6.039999999999915659e+00 1.069057811512633238e+00 -9.209351432742324262e-01 1.986498867737525709e+00 -1.394462838801011628e-01 1.964844599534352199e+00 1.671852358238292258e+00
6.049999999999915445e+00 1.074412581514288423e+00 -9.206997186804144473e-01 1.980701261925730483e+00 -1.297970956851654811e-01 1.966587021155080661e+00 1.680712826613893540e+00
6.049999999999915445e+00 1.074412581514288423e+00 -9.206997186804144473e-01 1.980701261925730483e+00 -1.297970956851654811e-01 1.966587021155080661e+00 1.680712826613893540e+00
6.059999999999915232e+00 1.079687890043213860e+00 -9.204425483386217133e-01 1.974894313706748949e+00 -1.201609445640491047e-01 1.968250030575217524e+00 1.689539925052251146e+00
6.059999999999915232e+00 1.079687890043213860e+00 -9.204425483386217133e-01 1.974894313706748949e+00 -1.201609445640491047e-01 1.968250030575217524e+00 1.689539925052251146e+00
6.069999999999915019e+00 1.084883609893810608e+00 -9.201634786533504640e-01 1.969078823137191181e+00 -1.105388043450174218e-01 1.969834648576463731e+00 1.698332742353516389e+00
6.069999999999915019e+00 1.084883609893810608e+00 -9.201634786533504640e-01 1.969078823137191181e+00 -1.105388043450174218e-01 1.969834648576463731e+00 1.698332742353516389e+00
6.079999999999914806e+00 1.089999644787672084e+00 -9.198623581973223162e-01 1.963255563590443842e+00 -1.009316275577381850e-01 1.971341898231333101e+00 1.707090389102942529e+00
6.079999999999914806e+00 1.089999644787672084e+00 -9.198623581973223162e-01 1.963255563590443842e+00 -1.009316275577381850e-01 1.971341898231333101e+00 1.707090389102942529e+00
6.089999999999914593e+00 1.095035928721764584e+00 -9.195390376023894197e-01 1.957425281371755865e+00 -9.134034567142917949e-02 1.972772804161973648e+00 1.715811998092475088e+00
6.089999999999914593e+00 1.095035928721764584e+00 -9.195390376023894197e-01 1.957425281371755865e+00 -9.134034567142917949e-02 1.972772804161973648e+00 1.715811998092475088e+00
6.099999999999914380e+00 1.099992425312930733e+00 -9.191933694556836398e-01 1.951588695374776528e+00 -8.176586932683786724e-02 1.974128391844051533e+00 1.724496724707594186e+00
6.099999999999914380e+00 1.099992425312930733e+00 -9.191933694556836398e-01 1.951588695374776528e+00 -8.176586932683786724e-02 1.974128391844051533e+00 1.724496724707594186e+00
6.109999999999914166e+00 1.104869127139900931e+00 -9.188252082016529210e-01 1.945746496780371482e+00 -7.220908856196465997e-02 1.975409686953945032e+00 1.733143747279233704e+00
6.109999999999914166e+00 1.104869127139900931e+00 -9.188252082016529210e-01 1.945746496780371482e+00 -7.220908856196465997e-02 1.975409686953945032e+00 1.733143747279233704e+00
6.119999999999913953e+00 1.109666055083932346e+00 -9.184344100506078856e-01 1.939899348798458156e+00 -6.267087303153681677e-02 1.976617714757427757e+00 1.741752267400701104e+00
6.119999999999913953e+00 1.109666055083932346e+00 -9.184344100506078856e-01 1.939899348798458156e+00 -6.267087303153681677e-02 1.976617714757427757e+00 1.741752267400701104e+00
6.129999999999913740e+00 1.114383257669121496e+00 -9.180208328943801899e-01 1.934047886453521325e+00 -5.315207222032613393e-02 1.977753499537975079e+00 1.750321510209624787e+00
6.129999999999913740e+00 1.114383257669121496e+00 -9.180208328943801899e-01 1.934047886453521325e+00 -5.315207222032613393e-02 1.977753499537975079e+00 1.750321510209624787e+00
6.139999999999913527e+00 1.119020810403376309e+00 -9.175843362296656203e-01 1.928192716414385055e+00 -4.365351565048038174e-02 1.978818064062786819e+00 1.758850724635050433e+00
6.139999999999913527e+00 1.119020810403376309e+00 -9.175843362296656203e-01 1.928192716414385055e+00 -4.365351565048038174e-02 1.978818064062786819e+00 1.758850724635050433e+00
6.149999999999913314e+00 1.123578815120958918e+00 -9.171247810896004937e-01 1.922334416868721751e+00 -3.417601308310554142e-02 1.979812429084606418e+00 1.767339183609899500e+00
6.149999999999913314e+00 1.123578815120958918e+00 -9.171247810896004937e-01 1.922334416868721751e+00 -3.417601308310554142e-02 1.979812429084606418e+00 1.767339183609899500e+00
6.159999999999913101e+00 1.128057399327451416e+00 -9.166420299840862818e-01 1.916473537442693775e+00 -2.472035471439436999e-02 1.980737612877401910e+00 1.775786184249095401e+00
6.159999999999913101e+00 1.128057399327451416e+00 -9.166420299840862818e-01 1.916473537442693775e+00 -2.472035471439436999e-02 1.980737612877401910e+00 1.775786184249095401e+00
6.169999999999912887e+00 1.132456715547925707e+00 -9.161359468493478486e-01 1.910610599166019385e+00 -1.528731136664548788e-02 1.981594630803982460e+00 1.784191047993743284e+00
6.169999999999912887e+00 1.132456715547925707e+00 -9.161359468493478486e-01 1.910610599166019385e+00 -1.528731136664548788e-02 1.981594630803982460e+00 1.784191047993743284e+00
6.179999999999912674e+00 1.136776940679041115e+00 -9.156063970071736113e-01 1.904746094482661967e+00 -5.877634674558028863e-03 1.982384494913638884e+00 1.792553120721830151e+00
6.179999999999912674e+00 1.136776940679041115e+00 -9.156063970071736113e-01 1.904746094482661967e+00 -5.877634674558028863e-03 1.982384494913638884e+00 1.792553120721830151e+00
6.189999999999912461e+00 1.141018275345725641e+00 -9.150532471342512908e-01 1.898880487307239351e+00 3.507942732781718989e-03 1.983108213567923439e+00 1.800871772825991979e+00
6.189999999999912461e+00 1.141018275345725641e+00 -9.150532471342512908e-01 1.898880487307239351e+00 3.507942732781718989e-03 1.983108213567923439e+00 1.800871772825991979e+00
6.199999999999912248e+00 1.145180943263041540e+00 -9.144763652419726219e-01 1.893014213127147460e+00 1.286870705378120178e-02 1.983766791092720139e+00 1.809146399258959370e+00
6.199999999999912248e+00 1.145180943263041540e+00 -9.144763652419726219e-01 1.893014213127147460e+00 1.286870705378120178e-02 1.983766791092720139e+00 1.809146399258959370e+00
6.209999999999912035e+00 1.149265190603774967e+00 -9.138756206670415327e-01 1.887147679150287694e+00 2.220396313963334672e-02 1.984361227454801924e+00 1.817376419547362287e+00
6.209999999999912035e+00 1.149265190603774967e+00 -9.138756206670415327e-01 1.887147679150287694e+00 2.220396313963334672e-02 1.984361227454801924e+00 1.817376419547362287e+00
6.219999999999911822e+00 1.153271285372232891e+00 -9.132508840731776711e-01 1.881281264498187111e+00 3.151303432255369436e-02 1.984892517961124980e+00 1.825561277774636393e+00
6.219999999999911822e+00 1.153271285372232891e+00 -9.132508840731776711e-01 1.881281264498187111e+00 3.151303432255369436e-02 1.984892517961124980e+00 1.825561277774636393e+00
6.229999999999911608e+00 1.157199516784679361e+00 -9.126020274641640784e-01 1.875415320444191236e+00 4.079526224649516336e-02 1.985361652979167113e+00 1.833700442533827912e+00
6.229999999999911608e+00 1.157199516784679361e+00 -9.126020274641640784e-01 1.875415320444191236e+00 4.079526224649516336e-02 1.985361652979167113e+00 1.833700442533827912e+00
6.239999999999911395e+00 1.161050194656788159e+00 -9.119289242084429592e-01 1.869550170696303582e+00 5.005000669987655360e-02 1.985769617676688581e+00 1.841793406851145898e+00
6.239999999999911395e+00 1.161050194656788159e+00 -9.119289242084429592e-01 1.869550170696303582e+00 5.005000669987655360e-02 1.985769617676688581e+00 1.841793406851145898e+00
6.249999999999911182e+00 1.164823648798441580e+00 -9.112314490754185314e-01 1.863686111724145222e+00 5.927664544987054640e-02 1.986117391779359531e+00 1.849839688081156730e+00
6.249999999999911182e+00 1.164823648798441580e+00 -9.112314490754185314e-01 1.863686111724145222e+00 5.927664544987054640e-02 1.986117391779359531e+00 1.849839688081156730e+00
6.259999999999910969e+00 1.168520228416158657e+00 -9.105094782835789768e-01 1.857823413129398027e+00 6.847457407781221139e-02 1.986405949344778321e+00 1.857838827774562551e+00
6.259999999999910969e+00 1.168520228416158657e+00 -9.105094782835789768e-01 1.857823413129398027e+00 6.847457407781221139e-02 1.986405949344778321e+00 1.857838827774562551e+00
6.269999999999910756e+00 1.172140301523388217e+00 -9.097628895605026633e-01 1.851962318058993251e+00 7.764320581530728682e-02 1.986636258551480960e+00 1.865790391519530855e+00
6.269999999999910756e+00 1.172140301523388217e+00 -9.097628895605026633e-01 1.851962318058993251e+00 7.764320581530728682e-02 1.986636258551480960e+00 1.865790391519530855e+00
6.279999999999910543e+00 1.175684254358866809e+00 -9.089915622147657359e-01 1.846103043660204390e+00 8.678197138064407123e-02 1.986809281501628055e+00 1.873693968757589312e+00
6.279999999999910543e+00 1.175684254358866809e+00 -9.089915622147657359e-01 1.846103043660204390e+00 8.678197138064407123e-02 1.986809281501628055e+00 1.873693968757589312e+00
6.289999999999910330e+00 1.179152490813195175e+00 -9.081953772197203234e-01 1.840245781576703932e+00 9.589031881513888911e-02 1.986925974036134690e+00 1.881549172575116780e+00
6.289999999999910330e+00 1.179152490813195175e+00 -9.081953772197203234e-01 1.840245781576703932e+00 9.589031881513888911e-02 1.986925974036134690e+00 1.881549172575116780e+00
6.299999999999910116e+00 1.182545431863756269e+00 -9.073742173090658669e-01 1.834390698484540616e+00 1.049677133190748540e-01 1.986987285561100824e+00 1.889355639471489878e+00
6.299999999999910116e+00 1.182545431863756269e+00 -9.073742173090658669e-01 1.834390698484540616e+00 1.049677133190748540e-01 1.986987285561100824e+00 1.889355639471489878e+00
6.309999999999909903e+00 1.185863515018059422e+00 -9.065279670840860060e-01 1.828537936666901231e+00 1.140136370869262589e-01 1.986994158884479056e+00 1.897113029104964710e+00
6.309999999999909903e+00 1.185863515018059422e+00 -9.065279670840860060e-01 1.828537936666901231e+00 1.140136370869262589e-01 1.986994158884479056e+00 1.897113029104964710e+00
6.319999999999909690e+00 1.189107193765567727e+00 -9.056565131323778273e-01 1.822687614626425257e+00 1.230275891415942013e-01 1.986947530062009859e+00 1.904821024017385289e+00
6.319999999999909690e+00 1.189107193765567727e+00 -9.056565131323778273e-01 1.822687614626425257e+00 1.230275891415942013e-01 1.986947530062009859e+00 1.904821024017385289e+00
6.329999999999909477e+00 1.192276937038033946e+00 -9.047597441578519861e-01 1.816839827733749413e+00 1.320090851674154964e-01 1.986848328251533680e+00 1.912479329338827139e+00
6.329999999999909477e+00 1.192276937038033946e+00 -9.047597441578519861e-01 1.816839827733749413e+00 1.320090851674154964e-01 1.986848328251533680e+00 1.912479329338827139e+00
6.339999999999909264e+00 1.195373228678345390e+00 -9.038375511217373592e-01 1.810994648910872584e+00 1.409576573417418988e-01 1.986697475574879634e+00 1.920087672473285378e+00
6.339999999999909264e+00 1.195373228678345390e+00 -9.038375511217373592e-01 1.810994648910872584e+00 1.409576573417418988e-01 1.986697475574879634e+00 1.920087672473285378e+00
6.349999999999909051e+00 1.198396566917854233e+00 -9.028898273942763675e-01 1.805152129347848078e+00 1.498728541649245738e-01 1.986495886986608506e+00 1.927645802766527972e+00
6.349999999999909051e+00 1.198396566917854233e+00 -9.028898273942763675e-01 1.805152129347848078e+00 1.498728541649245738e-01 1.986495886986608506e+00 1.927645802766527972e+00
6.359999999999908837e+00 1.201347463862149745e+00 -9.019164689167551430e-01 1.799312299251228264e+00 1.587542402885748771e-01 1.986244470148972319e+00 1.935153491157233452e+00
6.359999999999908837e+00 1.201347463862149745e+00 -9.019164689167551430e-01 1.799312299251228264e+00 1.587542402885748771e-01 1.986244470148972319e+00 1.935153491157233452e+00
6.369999999999908624e+00 1.204226444985206257e+00 -9.009173743734684159e-01 1.793475168622612026e+00 1.676013963420089070e-01 1.985944125312529840e+00 1.942610529812527353e+00
6.369999999999908624e+00 1.204226444985206257e+00 -9.009173743734684159e-01 1.793475168622612026e+00 1.676013963420089070e-01 1.985944125312529840e+00 1.942610529812527353e+00
6.379999999999908411e+00 1.207034048631829615e+00 -8.998924453731770301e-01 1.787640728065575280e+00 1.764139187568191935e-01 1.985595745201929940e+00 1.950016731749031340e+00
6.379999999999908411e+00 1.207034048631829615e+00 -8.998924453731770301e-01 1.787640728065575280e+00 1.764139187568191935e-01 1.985595745201929940e+00 1.950016731749031340e+00
6.389999999999908198e+00 1.209770825528306171e+00 -8.988415866395770282e-01 1.781808949619195781e+00 1.851914195895510984e-01 1.985200214906451821e+00 1.957371930440528374e+00
6.389999999999908198e+00 1.209770825528306171e+00 -8.988415866395770282e-01 1.781808949619195781e+00 1.851914195895510984e-01 1.985200214906451821e+00 1.957371930440528374e+00
6.399999999999907985e+00 1.212437338301148415e+00 -8.977647062102609432e-01 1.775979787616321026e+00 1.939335263424948885e-01 1.984758411774955267e+00 1.964675979413339046e+00
6.399999999999907985e+00 1.212437338301148415e+00 -8.977647062102609432e-01 1.775979787616321026e+00 1.939335263424948885e-01 1.984758411774955267e+00 1.964675979413339046e+00
6.409999999999907772e+00 1.215034161003820223e+00 -8.966617156436146319e-01 1.770153179564675439e+00 2.026398817826358389e-01 1.984271205314960707e+00 1.971928751830486437e+00
6.409999999999907772e+00 1.215034161003820223e+00 -8.966617156436146319e-01 1.770153179564675439e+00 2.026398817826358389e-01 1.984271205314960707e+00 1.971928751830486437e+00
6.419999999999907558e+00 1.217561878651318930e+00 -8.955325302330595649e-01 1.764329047048845522e+00 2.113101437588342790e-01 1.983739457095637704e+00 1.979130140065720411e+00
6.419999999999907558e+00 1.217561878651318930e+00 -8.955325302330595649e-01 1.764329047048845522e+00 2.113101437588342790e-01 1.983739457095637704e+00 1.979130140065720411e+00
6.429999999999907345e+00 1.220021086762481222e+00 -8.943770692280180734e-01 1.758507296651138585e+00 2.199439850173352806e-01 1.983164020654540005e+00 1.986280055268445865e+00
6.429999999999907345e+00 1.220021086762481222e+00 -8.943770692280180734e-01 1.758507296651138585e+00 2.199439850173352806e-01 1.983164020654540005e+00 1.986280055268445865e+00
6.439999999999907132e+00 1.222412390909880298e+00 -8.931952560609492942e-01 1.752687820889268000e+00 2.285410930157324438e-01 1.982545741407972795e+00 1.993378426920584978e+00
6.439999999999907132e+00 1.222412390909880298e+00 -8.931952560609492942e-01 1.752687820889268000e+00 2.285410930157324438e-01 1.982545741407972795e+00 1.993378426920584978e+00
6.449999999999906919e+00 1.224736406277176171e+00 -8.919870185797752482e-01 1.746870499168784008e+00 2.371011697355334957e-01 1.981885456564928871e+00 2.000425202386383550e+00
6.449999999999906919e+00 1.224736406277176171e+00 -8.919870185797752482e-01 1.746870499168784008e+00 2.371011697355334957e-01 1.981885456564928871e+00 2.000425202386383550e+00
6.459999999999906706e+00 1.226993757223779902e+00 -8.907522892849929486e-01 1.741055198748135968e+00 2.456239314934953732e-01 1.981183995044571988e+00 2.007420346456144422e+00
6.459999999999906706e+00 1.226993757223779902e+00 -8.907522892849929486e-01 1.741055198748135968e+00 2.456239314934953732e-01 1.981183995044571988e+00 2.007420346456144422e+00
6.469999999999906493e+00 1.229185076856694536e+00 -8.894910055707435648e-01 1.735241775714230217e+00 2.541091087519145586e-01 1.980442177397283565e+00 2.014363840884853207e+00
6.469999999999906493e+00 1.229185076856694536e+00 -8.894910055707435648e-01 1.735241775714230217e+00 2.541091087519145586e-01 1.980442177397283565e+00 2.014363840884853207e+00
6.479999999999906279e+00 1.231311006609397074e+00 -8.882031099690921305e-01 1.729430075966327029e+00 2.625564459280728680e-01 1.979660815729323398e+00 2.021255683926625135e+00
6.479999999999906279e+00 1.231311006609397074e+00 -8.882031099690921305e-01 1.729430075966327029e+00 2.625564459280728680e-01 1.979660815729323398e+00 2.021255683926625135e+00
6.489999999999906066e+00 1.233372195827627138e+00 -8.868885503967515183e-01 1.723619936206107539e+00 2.709657012030519119e-01 1.978840713631185411e+00 2.028095889865890733e+00
6.489999999999906066e+00 1.233372195827627138e+00 -8.868885503967515183e-01 1.723619936206107539e+00 2.709657012030519119e-01 1.978840713631185411e+00 2.028095889865890733e+00
6.499999999999905853e+00 1.235369301361953775e+00 -8.855472804034718592e-01 1.717811184931732793e+00 2.793366463301384384e-01 1.977982666109753040e+00 2.034884488546193637e+00
6.499999999999905853e+00 1.235369301361953775e+00 -8.855472804034718592e-01 1.717811184931732793e+00 2.793366463301384384e-01 1.977982666109753040e+00 2.034884488546193637e+00
6.509999999999905640e+00 1.237302987166997381e+00 -8.841792594213024881e-01 1.712003643433717359e+00 2.876690664430505140e-01 1.977087459524378810e+00 2.041621524897456741e+00
6.509999999999905640e+00 1.237302987166997381e+00 -8.841792594213024881e-01 1.712003643433717359e+00 2.876690664430505140e-01 1.977087459524378810e+00 2.041621524897456741e+00
6.519999999999905427e+00 1.239173923907188168e+00 -8.827844530139257184e-01 1.706197126790439222e+00 2.959627598642177726e-01 1.976155871527031760e+00 2.048307058462534691e+00
6.519999999999905427e+00 1.239173923907188168e+00 -8.827844530139257184e-01 1.706197126790439222e+00 2.959627598642177726e-01 1.976155871527031760e+00 2.048307058462534691e+00
6.529999999999905214e+00 1.240982788568951500e+00 -8.813628331252542081e-01 1.700391444861120371e+00 3.042175379133522650e-01 1.975188671006667285e+00 2.054941162923848541e+00
6.529999999999905214e+00 1.240982788568951500e+00 -8.813628331252542081e-01 1.700391444861120371e+00 3.042175379133522650e-01 1.975188671006667285e+00 2.054941162923848541e+00
6.539999999999905000e+00 1.242730264079215496e+00 -8.799143783264800067e-01 1.694586403274125352e+00 3.124332247165443333e-01 1.974186618037981455e+00 2.061523925630857956e+00
6.539999999999905000e+00 1.242730264079215496e+00 -8.799143783264800067e-01 1.694586403274125352e+00 3.124332247165443333e-01 1.974186618037981455e+00 2.061523925630857956e+00
6.549999999999904787e+00 1.244417038930147879e+00 -8.784390740607623815e-01 1.688781804408443055e+00 3.206096570161158787e-01 1.973150463834717927e+00 2.068055447129100610e+00
6.549999999999904787e+00 1.244417038930147879e+00 -8.784390740607623815e-01 1.688781804408443055e+00 3.206096570161158787e-01 1.973150463834717927e+00 2.068055447129100610e+00
6.559999999999904574e+00 1.246043806810033905e+00 -8.769369128847421813e-01 1.682977448366243411e+00 3.287466839814573438e-01 1.972080950707697733e+00 2.074535840691491995e+00
6.559999999999904574e+00 1.246043806810033905e+00 -8.769369128847421813e-01 1.682977448366243411e+00 3.287466839814573438e-01 1.972080950707697733e+00 2.074535840691491995e+00
6.569999999999904361e+00 1.247611266240219230e+00 -8.754078947060760507e-01 1.677173133934430016e+00 3.368441670210683414e-01 1.970978812027737170e+00 2.080965231852552222e+00
6.569999999999904361e+00 1.247611266240219230e+00 -8.754078947060760507e-01 1.677173133934430016e+00 3.368441670210683414e-01 1.970978812027737170e+00 2.080965231852552222e+00
6.579999999999904148e+00 1.249120120218048857e+00 -8.738520270161883596e-01 1.671368659533144063e+00 3.449019795960110435e-01 1.969844772193616533e+00 2.087343757946184208e+00
6.579999999999904148e+00 1.249120120218048857e+00 -8.738520270161883596e-01 1.671368659533144063e+00 3.449019795960110435e-01 1.969844772193616533e+00 2.087343757946184208e+00
6.589999999999903935e+00 1.250571075865744453e+00 -8.722693251174494788e-01 1.665563824149213223e+00 3.529200070349753360e-01 1.968679546605253350e+00 2.093671567647599652e+00
6.589999999999903935e+00 1.250571075865744453e+00 -8.722693251174494788e-01 1.665563824149213223e+00 3.529200070349753360e-01 1.968679546605253350e+00 2.093671567647599652e+00
6.599999999999903721e+00 1.251964844085169615e+00 -8.706598123440006942e-01 1.659758428252585905e+00 3.608981463511412024e-01 1.967483841642223785e+00 2.099948820519961235e+00
6.599999999999903721e+00 1.251964844085169615e+00 -8.706598123440006942e-01 1.659758428252585905e+00 3.608981463511412024e-01 1.967483841642223785e+00 2.099948820519961235e+00
6.609999999999903508e+00 1.253302139218444022e+00 -8.690235202754588162e-01 1.653952274693835989e+00 3.688363060610091448e-01 1.966258354647761442e+00 2.106175686566263305e+00
6.609999999999903508e+00 1.253302139218444022e+00 -8.690235202754588162e-01 1.653952274693835989e+00 3.688363060610091448e-01 1.966258354647761442e+00 2.106175686566263305e+00
6.619999999999903295e+00 1.254583678714375594e+00 -8.673604889427514175e-01 1.648145169580878422e+00 3.767344060053536836e-01 1.965003773918348795e+00 2.112352345786947971e+00
6.619999999999903295e+00 1.254583678714375594e+00 -8.673604889427514175e-01 1.648145169580878422e+00 3.767344060053536836e-01 1.965003773918348795e+00 2.112352345786947971e+00
6.629999999999903082e+00 1.255810182800689789e+00 -8.656707670253512843e-01 1.642336923133093540e+00 3.845923771724381046e-01 1.963720778698998748e+00 2.118478987743726005e+00
6.629999999999903082e+00 1.255810182800689789e+00 -8.656707670253512843e-01 1.642336923133093540e+00 3.845923771724381046e-01 1.963720778698998748e+00 2.118478987743726005e+00
6.639999999999902869e+00 1.256982374162042948e+00 -8.639544120392002036e-01 1.636527350511114198e+00 3.924101615236093021e-01 1.962410039184306898e+00 2.124555811130023120e+00
6.639999999999902869e+00 1.256982374162042948e+00 -8.639544120392002036e-01 1.636527350511114198e+00 3.924101615236093021e-01 1.962410039184306898e+00 2.124555811130023120e+00
6.649999999999902656e+00 1.258100977623815675e+00 -8.622114905146349706e-01 1.630716272620600593e+00 4.001877118213738038e-01 1.961072216525332479e+00 2.130583023348457061e+00
6.649999999999902656e+00 1.258100977623815675e+00 -8.622114905146349706e-01 1.630716272620600593e+00 4.001877118213738038e-01 1.961072216525332479e+00 2.130583023348457061e+00
6.659999999999902442e+00 1.259166719841690707e+00 -8.604420781636529236e-01 1.624903516888389632e+00 4.079249914600351912e-01 1.959707962842345497e+00 2.136560840095707459e+00
6.659999999999902442e+00 1.259166719841690707e+00 -8.604420781636529236e-01 1.624903516888389632e+00 4.079249914600351912e-01 1.959707962842345497e+00 2.136560840095707459e+00
6.669999999999902229e+00 1.260180328997026811e+00 -8.586462600358818475e-01 1.619088918009481626e+00 4.156219742989527011e-01 1.958317921243458049e+00 2.142489484955111489e+00
6.669999999999902229e+00 1.260180328997026811e+00 -8.586462600358818475e-01 1.619088918009481626e+00 4.156219742989527011e-01 1.958317921243458049e+00 2.142489484955111489e+00
6.679999999999902016e+00 1.261142534498046919e+00 -8.568241306626479536e-01 1.613272318663398375e+00 4.232786444984603103e-01 1.956902725849131164e+00 2.148369188997290014e+00
6.679999999999902016e+00 1.261142534498046919e+00 -8.568241306626479536e-01 1.613272318663398375e+00 4.232786444984603103e-01 1.956902725849131164e+00 2.148369188997290014e+00
6.689999999999901803e+00 1.262054066686866705e+00 -8.549757941885647305e-01 1.607453570198526416e+00 4.308949963584641218e-01 1.955463001822529190e+00 2.154200190389076841e+00
6.689999999999901803e+00 1.262054066686866705e+00 -8.549757941885647305e-01 1.607453570198526416e+00 4.308949963584641218e-01 1.955463001822529190e+00 2.154200190389076841e+00
6.699999999999901590e+00 1.262915656552392907e+00 -8.531013644900992121e-01 1.601632533283138482e+00 4.384710341597141126e-01 1.953999365405666655e+00 2.159982734010990946e+00
6.699999999999901590e+00 1.262915656552392907e+00 -8.531013644900992121e-01 1.601632533283138482e+00 4.384710341597141126e-01 1.953999365405666655e+00 2.159982734010990946e+00
6.709999999999901377e+00 1.263728035449130482e+00 -8.512009652806036275e-01 1.595809078521868596e+00 4.460067720077258713e-01 1.952512423961274335e+00 2.165717071083470113e+00
6.709999999999901377e+00 1.263728035449130482e+00 -8.512009652806036275e-01 1.595809078521868596e+00 4.460067720077258713e-01 1.952512423961274335e+00 2.165717071083470113e+00
6.719999999999901164e+00 1.264491934821935892e+00 -8.492747302013377020e-01 1.589983087036503040e+00 4.535022336793055331e-01 1.951002776020282825e+00 2.171403458802043218e+00
6.719999999999901164e+00 1.264491934821935892e+00 -8.492747302013377020e-01 1.589983087036503040e+00 4.535022336793055331e-01 1.951002776020282825e+00 2.171403458802043218e+00
6.729999999999900950e+00 1.265208085936764038e+00 -8.473228028980401838e-01 1.584154451010035158e+00 4.609574524716112398e-01 1.949471011334803938e+00 2.177042159981608549e+00
6.729999999999900950e+00 1.265208085936764038e+00 -8.473228028980401838e-01 1.584154451010035158e+00 4.609574524716112398e-01 1.949471011334803938e+00 2.177042159981608549e+00
6.739999999999900737e+00 1.265877219617454141e+00 -8.453453370826484736e-01 1.578323074193022091e+00 4.683724710536630309e-01 1.947917710936465152e+00 2.182633442709941196e+00
6.739999999999900737e+00 1.265877219617454141e+00 -8.453453370826484736e-01 1.578323074193022091e+00 4.683724710536630309e-01 1.947917710936465152e+00 2.182633442709941196e+00
6.749999999999900524e+00 1.266500065988606316e+00 -8.433424965798003159e-01 1.572488872371374358e+00 4.757473413201933066e-01 1.946343447199933685e+00 2.188177580010540524e+00
6.749999999999900524e+00 1.266500065988606316e+00 -8.433424965798003159e-01 1.572488872371374358e+00 4.757473413201933066e-01 1.946343447199933685e+00 2.188177580010540524e+00
6.759999999999900311e+00 1.267077354224598995e+00 -8.413144553577945883e-01 1.566651773794799585e+00 4.830821242477102428e-01 1.944748783911445011e+00 2.193674849514894998e+00
6.759999999999900311e+00 1.267077354224598995e+00 -8.413144553577945883e-01 1.566651773794799585e+00 4.830821242477102428e-01 1.944748783911445011e+00 2.193674849514894998e+00
6.769999999999900098e+00 1.267609812304798300e+00 -8.392613975437244189e-01 1.560811719565216471e+00 4.903768897526279424e-01 1.943134276342132649e+00 2.199125533144223876e+00
6.769999999999900098e+00 1.267609812304798300e+00 -8.392613975437244189e-01 1.560811719565216471e+00 4.903768897526279424e-01 1.943134276342132649e+00 2.199125533144223876e+00
6.779999999999899885e+00 1.268098166775014191e+00 -8.371835174225400467e-01 1.554968663984553467e+00 4.976317165512989527e-01 1.941500471325937172e+00 2.204529916800728184e+00
6.779999999999899885e+00 1.268098166775014191e+00 -8.371835174225400467e-01 1.554968663984553467e+00 4.976317165512989527e-01 1.941500471325937172e+00 2.204529916800728184e+00
6.789999999999899671e+00 1.268543142515250688e+00 -8.350810194198381442e-01 1.549122574861439894e+00 5.048466920217671294e-01 1.939847907341857747e+00 2.209888290068366068e+00
6.789999999999899671e+00 1.268543142515250688e+00 -8.350810194198381442e-01 1.549122574861439894e+00 5.048466920217671294e-01 1.939847907341857747e+00 2.209888290068366068e+00
6.799999999999899458e+00 1.268945462513803468e+00 -8.329541180682178414e-01 1.543273433776396253e+00 5.120219120670433943e-01 1.938177114600291295e+00 2.215200945923141429e+00
6.799999999999899458e+00 1.268945462513803468e+00 -8.329541180682178414e-01 1.543273433776396253e+00 5.120219120670433943e-01 1.938177114600291295e+00 2.215200945923141429e+00
6.809999999999899245e+00 1.269305847647748786e+00 -8.308030379570853219e-01 1.537421236305229311e+00 5.191574809796903889e-01 1.936488615133195923e+00 2.220468180452882745e+00
6.809999999999899245e+00 1.269305847647748786e+00 -8.308030379570853219e-01 1.537421236305229311e+00 5.191574809796903889e-01 1.936488615133195923e+00 2.220468180452882745e+00
6.819999999999899032e+00 1.269625016469870360e+00 -8.286280136658311646e-01 1.531565992200434767e+00 5.262535113074896520e-01 1.934782922887797740e+00 2.225690292586461894e+00
6.819999999999899032e+00 1.269625016469870360e+00 -8.286280136658311646e-01 1.531565992200434767e+00 5.262535113074896520e-01 1.934782922887797740e+00 2.225690292586461894e+00
6.829999999999898819e+00 1.269903685002062410e+00 -8.264292896803492328e-01 1.525707725530512260e+00 5.333101237199494582e-01 1.933060543823554411e+00 2.230867583832393031e+00
6.829999999999898819e+00 1.269903685002062410e+00 -8.264292896803492328e-01 1.525707725530512260e+00 5.333101237199494582e-01 1.933060543823554411e+00 2.230867583832393031e+00
6.839999999999898606e+00 1.270142566535247486e+00 -8.242071202929072138e-01 1.519846474777191148e+00 5.403274468754024618e-01 1.931321976012077668e+00 2.236000358026728030e+00
6.839999999999898606e+00 1.270142566535247486e+00 -8.242071202929072138e-01 1.519846474777191148e+00 5.403274468754024618e-01 1.931321976012077668e+00 2.236000358026728030e+00
6.849999999999898392e+00 1.270342371435837059e+00 -8.219617694854226553e-01 1.513982292890672987e+00 5.473056172884287474e-01 1.929567709739711923e+00 2.241088921090160113e+00
6.849999999999898392e+00 1.270342371435837059e+00 -8.219617694854226553e-01 1.513982292890672987e+00 5.473056172884287474e-01 1.929567709739711923e+00 2.241088921090160113e+00
6.859999999999898179e+00 1.270503806958762860e+00 -8.196935107962415312e-01 1.508115247303086104e+00 5.542447791973328375e-01 1.927798227612459669e+00 2.246133580794218432e+00
6.859999999999898179e+00 1.270503806958762860e+00 -8.196935107962415312e-01 1.508115247303086104e+00 5.542447791973328375e-01 1.927798227612459669e+00 2.246133580794218432e+00
6.869999999999897966e+00 1.270627577067096503e+00 -8.174026271705585600e-01 1.502245419900454904e+00 5.611450844313937703e-01 1.926014004662942369e+00 2.251134646536439909e+00
6.869999999999897966e+00 1.270627577067096503e+00 -8.174026271705585600e-01 1.502245419900454904e+00 5.611450844313937703e-01 1.926014004662942369e+00 2.251134646536439909e+00
6.879999999999897753e+00 1.270714382258270714e+00 -8.150894107946616840e-01 1.496372906953577164e+00 5.680066922776011440e-01 1.924215508459083068e+00 2.256092429124377130e+00
6.879999999999897753e+00 1.270714382258270714e+00 -8.150894107946616840e-01 1.496372906953577164e+00 5.680066922776011440e-01 1.924215508459083068e+00 2.256092429124377130e+00
6.889999999999897540e+00 1.270764919396907278e+00 -8.127541629142239765e-01 1.490497819008305358e+00 5.748297693465851399e-01 1.922403199214197667e+00 2.261007240568301935e+00
6.889999999999897540e+00 1.270764919396907278e+00 -8.127541629142239765e-01 1.490497819008305358e+00 5.748297693465851399e-01 1.922403199214197667e+00 2.261007240568301935e+00
6.899999999999897327e+00 1.270779881554249702e+00 -8.103971936369086526e-01 1.484620280735819753e+00 5.816144894374439822e-01 1.920577529898183977e+00 2.265879393882448412e+00
6.899999999999897327e+00 1.270779881554249702e+00 -8.103971936369086526e-01 1.484620280735819753e+00 5.816144894374439822e-01 1.920577529898183977e+00 2.265879393882448412e+00
6.909999999999897113e+00 1.270759957854190603e+00 -8.080188217195938272e-01 1.478740430743578527e+00 5.883610334011706300e-01 1.918738946349499264e+00 2.270709202894628298e+00
6.909999999999897113e+00 1.270759957854190603e+00 -8.080188217195938272e-01 1.478740430743578527e+00 5.883610334011706300e-01 1.918738946349499264e+00 2.270709202894628298e+00
6.919999999999896900e+00 1.270705833325874723e+00 -8.056193743405627439e-01 1.472858421347723157e+00 5.950695890023779411e-01 1.916887887387626055e+00 2.275496982064052709e+00
6.919999999999896900e+00 1.270705833325874723e+00 -8.056193743405627439e-01 1.472858421347723157e+00 5.950695890023779411e-01 1.916887887387626055e+00 2.275496982064052709e+00
6.929999999999896687e+00 1.270618188762852707e+00 -8.031991868570463877e-01 1.466974418307806394e+00 6.017403507790252126e-01 1.915024784925728030e+00 2.280243046307173671e+00
6.929999999999896687e+00 1.270618188762852707e+00 -8.031991868570463877e-01 1.466974418307806394e+00 6.017403507790252126e-01 1.915024784925728030e+00 2.280243046307173671e+00
6.939999999999896474e+00 1.270497700588747891e+00 -8.007586025485418091e-01 1.461088600524805825e+00 6.083735198998468929e-01 1.913150064083209756e+00 2.284947710831364720e+00
6.939999999999896474e+00 1.270497700588747891e+00 -8.007586025485418091e-01 1.461088600524805825e+00 6.083735198998468929e-01 1.913150064083209756e+00 2.284947710831364720e+00
6.949999999999896261e+00 1.270345040729393915e+00 -7.982979723463687893e-01 1.455201159703466418e+00 6.149693040191925864e-01 1.911264143297899620e+00 2.289611290976248714e+00
6.949999999999896261e+00 1.270345040729393915e+00 -7.982979723463687893e-01 1.455201159703466418e+00 6.149693040191925864e-01 1.911264143297899620e+00 2.289611290976248714e+00
6.959999999999896048e+00 1.270160876491388535e+00 -7.958176545499632271e-01 1.449312299980108687e+00 6.215279171289873617e-01 1.909367434437590605e+00 2.294234102062475689e+00
6.959999999999896048e+00 1.270160876491388535e+00 -7.958176545499632271e-01 1.449312299980108687e+00 6.215279171289873617e-01 1.909367434437590605e+00 2.294234102062475689e+00
6.969999999999895834e+00 1.269945870447001690e+00 -7.933180145304403741e-01 1.443422237517115958e+00 6.280495794075328098e-01 1.907460342910681783e+00 2.298816459247752242e+00
6.969999999999895834e+00 1.269945870447001690e+00 -7.933180145304403741e-01 1.443422237517115958e+00 6.280495794075328098e-01 1.907460342910681783e+00 2.298816459247752242e+00
6.979999999999895621e+00 1.269700680325367870e+00 -7.907994244219960223e-01 1.437531200065398362e+00 6.345345170648747368e-01 1.905543267775678062e+00 2.303358677389920395e+00
6.979999999999895621e+00 1.269700680325367870e+00 -7.907994244219960223e-01 1.437531200065398362e+00 6.345345170648747368e-01 1.905543267775678062e+00 2.303358677389920395e+00
6.989999999999895408e+00 1.269425958909881524e+00 -7.882622628017454947e-01 1.431639426496208456e+00 6.409829621844733705e-01 1.903616601849318357e+00 2.307861070916882085e+00
6.989999999999895408e+00 1.269425958909881524e+00 -7.882622628017454947e-01 1.431639426496208456e+00 6.409829621844733705e-01 1.903616601849318357e+00 2.307861070916882085e+00
6.999999999999895195e+00 1.269122353941706693e+00 -7.857069143586326021e-01 1.425747166303755975e+00 6.473951525609242807e-01 1.901680731813120362e+00 2.312323953703159685e+00
6.999999999999895195e+00 1.269122353941706693e+00 -7.857069143586326021e-01 1.425747166303755975e+00 6.473951525609242807e-01 1.901680731813120362e+00 2.312323953703159685e+00
7.009999999999894982e+00 1.268790508029304043e+00 -7.831337695520689257e-01 1.419854679080142956e+00 6.537713315334900965e-01 1.899736038318141418e+00 2.316747638952888266e+00
7.009999999999894982e+00 1.268790508029304043e+00 -7.831337695520689257e-01 1.419854679080142956e+00 6.537713315334900965e-01 1.899736038318141418e+00 2.316747638952888266e+00
7.019999999999894769e+00 1.268431058563869396e+00 -7.805432242609934290e-01 1.413962233964203508e+00 6.601117478152180862e-01 1.897782896087775395e+00 2.321132439089031330e+00
7.019999999999894769e+00 1.268431058563869396e+00 -7.805432242609934290e-01 1.413962233964203508e+00 6.601117478152180862e-01 1.897782896087775395e+00 2.321132439089031330e+00
7.029999999999894555e+00 1.268044637640569183e+00 -7.779356794240673834e-01 1.408070109065904019e+00 6.664166553174339924e-01 1.895821674018417946e+00 2.325478665648611276e+00
7.029999999999894555e+00 1.268044637640569183e+00 -7.779356794240673834e-01 1.408070109065904019e+00 6.664166553174339924e-01 1.895821674018417946e+00 2.325478665648611276e+00
7.039999999999894342e+00 1.267631871985450687e+00 -7.753115406717451252e-01 1.402178590868009556e+00 6.726863129694204968e-01 1.893852735277855137e+00 2.329786629183748126e+00
7.039999999999894342e+00 1.267631871985450687e+00 -7.753115406717451252e-01 1.402178590868009556e+00 6.726863129694204968e-01 1.893852735277855137e+00 2.329786629183748126e+00
7.049999999999894129e+00 1.267193382887899178e+00 -7.726712179509833689e-01 1.396287973606785915e+00 6.789209845331067861e-01 1.891876437401242894e+00 2.334056639168301750e+00
7.049999999999894129e+00 1.267193382887899178e+00 -7.726712179509833689e-01 1.396287973606785915e+00 6.789209845331067861e-01 1.891876437401242894e+00 2.334056639168301750e+00
7.059999999999893916e+00 1.266729786138503400e+00 -7.700151251433730026e-01 1.390398558633554549e+00 6.851209384126172308e-01 1.889893132384566465e+00 2.338289003909910679e+00
7.059999999999893916e+00 1.266729786138503400e+00 -7.700151251433730026e-01 1.390398558633554549e+00 6.851209384126172308e-01 1.889893132384566465e+00 2.338289003909910679e+00
7.069999999999893703e+00 1.266241691972186612e+00 -7.673436796774957269e-01 1.384510653758961096e+00 6.912864474585469488e-01 1.887903166775483088e+00 2.342484030467229417e+00
7.069999999999893703e+00 1.266241691972186612e+00 -7.673436796774957269e-01 1.384510653758961096e+00 6.912864474585469488e-01 1.887903166775483088e+00 2.342484030467229417e+00
7.079999999999893490e+00 1.265729705016454654e+00 -7.646573021363238798e-01 1.378624572581867325e+00 6.974177887668574494e-01 1.885906881761473919e+00 2.346642024572159091e+00
7.079999999999893490e+00 1.265729705016454654e+00 -7.646573021363238798e-01 1.378624572581867325e+00 6.974177887668574494e-01 1.885906881761473919e+00 2.346642024572159091e+00
7.089999999999893276e+00 1.265194424244604043e+00 -7.619564158604984483e-01 1.372740633804804711e+00 7.035152434723082049e-01 1.883904613255243721e+00 2.350763290556880492e+00
7.089999999999893276e+00 1.265194424244604043e+00 -7.619564158604984483e-01 1.372740633804804711e+00 7.035152434723082049e-01 1.883904613255243721e+00 2.350763290556880492e+00
7.099999999999893063e+00 1.264636442933729121e+00 -7.592414465483297015e-01 1.366859160537964302e+00 7.095790965363658609e-01 1.881896691977329006e+00 2.354848131285490087e+00
7.099999999999893063e+00 1.264636442933729121e+00 -7.592414465483297015e-01 1.366859160537964302e+00 7.095790965363658609e-01 1.881896691977329006e+00 2.354848131285490087e+00
7.109999999999892850e+00 1.264056348627364379e+00 -7.565128218533773152e-01 1.360980479593722814e+00 7.156096365295608885e-01 1.879883443535888876e+00 2.358896848090051179e+00
7.109999999999892850e+00 1.264056348627364379e+00 -7.565128218533773152e-01 1.360980479593722814e+00 7.156096365295608885e-01 1.879883443535888876e+00 2.358896848090051179e+00
7.119999999999892637e+00 1.263454723102590549e+00 -7.537709709804732983e-01 1.355104920773723798e+00 7.216071554082876816e-01 1.877865188503672345e+00 2.362909740710871898e+00
7.119999999999892637e+00 1.263454723102590549e+00 -7.537709709804732983e-01 1.355104920773723798e+00 7.216071554082876816e-01 1.877865188503672345e+00 2.362909740710871898e+00
7.129999999999892424e+00 1.262832142341430375e+00 -7.510163242810561357e-01 1.349232816150548020e+00 7.275719482860747434e-01 1.875842242492170575e+00 2.366887107240827515e+00
7.129999999999892424e+00 1.262832142341430375e+00 -7.510163242810561357e-01 1.349232816150548020e+00 7.275719482860747434e-01 1.875842242492170575e+00 2.366887107240827515e+00
7.139999999999892211e+00 1.262189176506359312e+00 -7.482493128486888967e-01 1.343364499346017205e+00 7.335043131993798093e-01 1.873814916222979576e+00 2.370829244073546782e+00
7.139999999999892211e+00 1.262189176506359312e+00 -7.482493128486888967e-01 1.343364499346017205e+00 7.335043131993798093e-01 1.873814916222979576e+00 2.370829244073546782e+00
7.149999999999891998e+00 1.261526389919749302e+00 -7.454703681156323869e-01 1.337500304808178830e+00 7.394045508679973899e-01 1.871783515596412206e+00 2.374736445855285982e+00
7.149999999999891998e+00 1.261526389919749302e+00 -7.454703681156323869e-01 1.337500304808178830e+00 7.394045508679973899e-01 1.871783515596412206e+00 2.374736445855285982e+00
7.159999999999891784e+00 1.260844341047066663e+00 -7.426799214513440939e-01 1.331640567089012794e+00 7.452729644501964179e-01 1.869748341757415222e+00 2.378609005440323276e+00
7.159999999999891784e+00 1.260844341047066663e+00 -7.426799214513440939e-01 1.331640567089012794e+00 7.452729644501964179e-01 1.869748341757415222e+00 2.378609005440323276e+00
7.169999999999891571e+00 1.260143582483639335e+00 -7.398784037637685662e-01 1.325785620124897424e+00 7.511098592927387685e-01 1.867709691158858210e+00 2.382447213849701928e+00
7.169999999999891571e+00 1.260143582483639335e+00 -7.398784037637685662e-01 1.325785620124897424e+00 7.511098592927387685e-01 1.867709691158858210e+00 2.382447213849701928e+00
7.179999999999891358e+00 1.259424660944811647e+00 -7.370662451042775398e-01 1.319935796521853000e+00 7.569155426759603955e-01 1.865667855622276106e+00 2.386251360233164309e+00
7.179999999999891358e+00 1.259424660944811647e+00 -7.370662451042775398e-01 1.319935796521853000e+00 7.569155426759603955e-01 1.865667855622276106e+00 2.386251360233164309e+00
7.189999999999891145e+00 1.258688117259302075e+00 -7.342438742771079108e-01 1.314091426847562083e+00 7.626903235541323545e-01 1.863623122396157239e+00 2.390021731834116370e+00
7.189999999999891145e+00 1.258688117259302075e+00 -7.342438742771079108e-01 1.314091426847562083e+00 7.626903235541323545e-01 1.863623122396157239e+00 2.390021731834116370e+00
7.199999999999890932e+00 1.257934486365580362e+00 -7.314117184541363281e-01 1.308252838932136619e+00 7.684345122913496251e-01 1.861575774211880363e+00 2.393758613957471137e+00
7.199999999999890932e+00 1.257934486365580362e+00 -7.314117184541363281e-01 1.308252838932136619e+00 7.684345122913496251e-01 1.861575774211880363e+00 2.393758613957471137e+00
7.209999999999890719e+00 1.257164297311083034e+00 -7.285702027958097515e-01 1.302420357179570276e+00 7.741484203932311736e-01 1.859526089337415700e+00 2.397462289940223368e+00
7.209999999999890719e+00 1.257164297311083034e+00 -7.285702027958097515e-01 1.302420357179570276e+00 7.741484203932311736e-01 1.859526089337415700e+00 2.397462289940223368e+00
7.219999999999890505e+00 1.256378073254085237e+00 -7.257197500790397715e-01 1.296594301891773826e+00 7.798323602347455585e-01 1.857474341628910564e+00 2.401133041124609679e+00
7.219999999999890505e+00 1.256378073254085237e+00 -7.257197500790397715e-01 1.296594301891773826e+00 7.798323602347455585e-01 1.857474341628910564e+00 2.401133041124609679e+00
7.229999999999890292e+00 1.255576331468050144e+00 -7.228607803328440662e-01 1.290774988607046314e+00 7.854866447845110233e-01 1.855420800580291241e+00 2.404771146833718287e+00
7.229999999999890292e+00 1.255576331468050144e+00 -7.228607803328440662e-01 1.290774988607046314e+00 7.854866447845110233e-01 1.855420800580291241e+00 2.404771146833718287e+00
7.239999999999890079e+00 1.254759583348280749e+00 -7.199937104824998269e-01 1.284962727454782350e+00 7.911115873259507714e-01 1.853365731371018343e+00 2.408376884349413327e+00
7.239999999999890079e+00 1.254759583348280749e+00 -7.199937104824998269e-01 1.284962727454782350e+00 7.911115873259507714e-01 1.853365731371018343e+00 2.408376884349413327e+00
7.249999999999889866e+00 1.253928334420700175e+00 -7.171189540029475618e-01 1.279157822528161015e+00 7.967075011757159819e-01 1.851309394912137529e+00 2.411950528892444101e+00
7.249999999999889866e+00 1.253928334420700175e+00 -7.171189540029475618e-01 1.279157822528161015e+00 7.967075011757159819e-01 1.851309394912137529e+00 2.411950528892444101e+00
7.259999999999889653e+00 1.253083084352590859e+00 -7.142369205821585965e-01 1.273360571276495490e+00 8.022746993998197684e-01 1.849252047890774353e+00 2.415492353604614006e+00
7.259999999999889653e+00 1.253083084352590859e+00 -7.142369205821585965e-01 1.273360571276495490e+00 8.022746993998197684e-01 1.849252047890774353e+00 2.415492353604614006e+00
7.269999999999889440e+00 1.252224326965128309e+00 -7.113480157951497240e-01 1.267571263918858104e+00 8.078134945279561441e-01 1.847193942813225354e+00 2.419002629532894577e+00
7.269999999999889440e+00 1.252224326965128309e+00 -7.113480157951497240e-01 1.267571263918858104e+00 8.078134945279561441e-01 1.847193942813225354e+00 2.419002629532894577e+00
7.279999999999889226e+00 1.251352550247547102e+00 -7.084526407892981492e-01 1.261790182880520250e+00 8.133241982665054826e-01 1.845135328046797252e+00 2.422481625615363399e+00
7.279999999999889226e+00 1.251352550247547102e+00 -7.084526407892981492e-01 1.261790182880520250e+00 8.133241982665054826e-01 1.845135328046797252e+00 2.422481625615363399e+00
7.289999999999889013e+00 1.250468236372783926e+00 -7.055511919815765642e-01 1.256017602253667320e+00 8.188071212107568275e-01 1.843076447860551248e+00 2.425929608668858428e+00
7.289999999999889013e+00 1.250468236372783926e+00 -7.055511919815765642e-01 1.256017602253667320e+00 8.188071212107568275e-01 1.843076447860551248e+00 2.425929608668858428e+00
7.299999999999888800e+00 1.249571861714446674e+00 -7.026440607682941097e-01 1.250253787283769125e+00 8.242625725569029393e-01 1.841017542465107626e+00 2.429346843378244802e+00
7.299999999999888800e+00 1.249571861714446674e+00 -7.026440607682941097e-01 1.250253787283769125e+00 8.242625725569029393e-01 1.841017542465107626e+00 2.429346843378244802e+00
7.309999999999888587e+00 1.248663896864964373e+00 -6.997316332478908940e-01 1.244498993882894755e+00 8.296908598143866165e-01 1.838958848051666761e+00 2.432733592287191104e+00
7.309999999999888587e+00 1.248663896864964373e+00 -6.997316332478908940e-01 1.244498993882894755e+00 8.296908598143866165e-01 1.838958848051666761e+00 2.432733592287191104e+00
7.319999999999888374e+00 1.247744806654779604e+00 -6.968142899572969950e-01 1.238753468171172267e+00 8.350922885192016976e-01 1.836900596830398413e+00 2.436090115790360944e+00
7.319999999999888374e+00 1.247744806654779604e+00 -6.968142899572969950e-01 1.238753468171172267e+00 8.350922885192016976e-01 1.836900596830398413e+00 2.436090115790360944e+00
7.329999999999888161e+00 1.246815050172448425e+00 -6.938924056223254588e-01 1.233017446047497634e+00 8.404671619487693590e-01 1.834843017068353177e+00 2.439416672126924812e+00
7.329999999999888161e+00 1.246815050172448425e+00 -6.938924056223254588e-01 1.233017446047497634e+00 8.404671619487693590e-01 1.834843017068353177e+00 2.439416672126924812e+00
7.339999999999887947e+00 1.245875080785524114e+00 -6.909663489225291721e-01 1.227291152790498385e+00 8.458157808390305288e-01 1.832786333127041756e+00 2.442713517375307397e+00
7.339999999999887947e+00 1.245875080785524114e+00 -6.909663489225291721e-01 1.227291152790498385e+00 8.458157808390305288e-01 1.832786333127041756e+00 2.442713517375307397e+00
7.349999999999887734e+00 1.244925346162102375e+00 -6.880364822709067463e-01 1.221574802690656103e+00 8.511384431044085597e-01 1.830730765499825718e+00 2.445980905449087750e+00
7.349999999999887734e+00 1.244925346162102375e+00 -6.880364822709067463e-01 1.221574802690656103e+00 8.511384431044085597e-01 1.830730765499825718e+00 2.445980905449087750e+00
7.359999999999887521e+00 1.243966288292917444e+00 -6.851031616088011367e-01 1.215868598714387794e+00 8.564354435613109606e-01 1.828676530849259851e+00 2.449219088093972818e+00
7.359999999999887521e+00 1.243966288292917444e+00 -6.851031616088011367e-01 1.215868598714387794e+00 8.564354435613109606e-01 1.828676530849259851e+00 2.449219088093972818e+00
7.369999999999887308e+00 1.242998343513882054e+00 -6.821667362162884274e-01 1.210172732200778922e+00 8.617070736558474220e-01 1.826623842044515778e+00 2.452428314885769289e+00
7.369999999999887308e+00 1.242998343513882054e+00 -6.821667362162884274e-01 1.210172732200778922e+00 8.617070736558474220e-01 1.826623842044515778e+00 2.452428314885769289e+00
7.379999999999887095e+00 1.242021942528972689e+00 -6.792275485383094669e-01 1.204487382591554523e+00 8.669536211964490313e-01 1.824572908199014298e+00 2.455608833229285359e+00
7.379999999999887095e+00 1.242021942528972689e+00 -6.792275485383094669e-01 1.204487382591554523e+00 8.669536211964490313e-01 1.824572908199014298e+00 2.455608833229285359e+00
7.389999999999886882e+00 1.241037510433369517e+00 -6.762859340267509678e-01 1.198812717194763788e+00 8.721753700920780172e-01 1.822523934708384807e+00 2.458760888358096253e+00
7.389999999999886882e+00 1.241037510433369517e+00 -6.762859340267509678e-01 1.198812717194763788e+00 8.721753700920780172e-01 1.822523934708384807e+00 2.458760888358096253e+00
7.399999999999886668e+00 1.240045466736766633e+00 -6.733422209986358320e-01 1.193148890982542287e+00 8.773726000967179139e-01 1.820477123288860355e+00 2.461884723335107328e+00
7.399999999999886668e+00 1.240045466736766633e+00 -6.733422209986358320e-01 1.193148890982542287e+00 8.773726000967179139e-01 1.820477123288860355e+00 2.461884723335107328e+00
7.409999999999886455e+00 1.239046225386776001e+00 -6.703967305105368313e-01 1.187496046423208718e+00 8.825455865608323736e-01 1.818432672016212726e+00 2.464980579053865029e+00
7.409999999999886455e+00 1.239046225386776001e+00 -6.703967305105368313e-01 1.187496046423208718e+00 8.825455865608323736e-01 1.818432672016212726e+00 2.464980579053865029e+00
7.419999999999886242e+00 1.238040194792356496e+00 -6.674497762492789255e-01 1.181854313347837415e+00 8.876946001904747474e-01 1.816390775365317678e+00 2.468048694240554841e+00
7.419999999999886242e+00 1.238040194792356496e+00 -6.674497762492789255e-01 1.181854313347837415e+00 8.876946001904747474e-01 1.816390775365317678e+00 2.468048694240554841e+00
7.429999999999886029e+00 1.237027777847204524e+00 -6.645016644389510896e-01 1.176223808851341257e+00 8.928199068147223416e-01 1.814351624250434503e+00 2.471089305456636964e+00
7.429999999999886029e+00 1.237027777847204524e+00 -6.645016644389510896e-01 1.176223808851341257e+00 8.928199068147223416e-01 1.814351624250434503e+00 2.471089305456636964e+00
7.439999999999885816e+00 1.236009371953053382e+00 -6.615526937642006722e-01 1.170604637227988798e+00 8.979217671620975949e-01 1.812315406066274948e+00 2.474102647102073504e+00
7.439999999999885816e+00 1.236009371953053382e+00 -6.615526937642006722e-01 1.170604637227988798e+00 8.979217671620975949e-01 1.812315406066274948e+00 2.474102647102073504e+00
7.449999999999885603e+00 1.234985369042832959e+00 -6.586031553097374536e-01 1.164996889941170011e+00 9.030004366466218846e-01 1.810282304729921243e+00 2.477088951419107232e+00
7.449999999999885603e+00 1.234985369042832959e+00 -6.586031553097374536e-01 1.164996889941170011e+00 9.030004366466218846e-01 1.810282304729921243e+00 2.477088951419107232e+00
7.459999999999885389e+00 1.233956155603648908e+00 -6.556533325159296099e-01 1.159400645627120641e+00 9.080561651641306797e-01 1.808252500723648959e+00 2.480048448496547042e+00
7.459999999999885389e+00 1.233956155603648908e+00 -6.556533325159296099e-01 1.159400645627120641e+00 9.080561651641306797e-01 1.808252500723648959e+00 2.480048448496547042e+00
7.469999999999885176e+00 1.232922112699547990e+00 -6.527035011503291573e-01 1.153815970132209490e+00 9.130891968994553354e-01 1.806226171138695547e+00 2.482981366274526813e+00
7.469999999999885176e+00 1.232922112699547990e+00 -6.527035011503291573e-01 1.153815970132209490e+00 9.130891968994553354e-01 1.806226171138695547e+00 2.482981366274526813e+00
7.479999999999884963e+00 1.231883615994042502e+00 -6.497539292949204848e-01 1.148242916583292139e+00 9.180997701450517301e-01 1.804203489720005660e+00 2.485887930549704361e+00
7.479999999999884963e+00 1.231883615994042502e+00 -6.497539292949204848e-01 1.148242916583292139e+00 9.180997701450517301e-01 1.804203489720005660e+00 2.485887930549704361e+00
7.489999999999884750e+00 1.230841035772373138e+00 -6.468048773488435099e-01 1.142681525490534922e+00 9.230881171316295264e-01 1.802184626911975229e+00 2.488768364980869841e+00
7.489999999999884750e+00 1.230841035772373138e+00 -6.468048773488435099e-01 1.142681525490534922e+00 9.230881171316295264e-01 1.802184626911975229e+00 2.488768364980869841e+00
7.499999999999884537e+00 1.229794736963496060e+00 -6.438565980463022420e-01 1.137131824882019027e+00 9.280544638713017491e-01 1.800169749905203176e+00 2.491622891094938730e+00
7.499999999999884537e+00 1.229794736963496060e+00 -6.438565980463022420e-01 1.137131824882019027e+00 9.280544638713017491e-01 1.800169749905203176e+00 2.491622891094938730e+00
7.509999999999884324e+00 1.228745079161786657e+00 -6.409093364893279077e-01 1.131593830469341810e+00 9.329990300137417369e-01 1.798159022684250097e+00 2.494451728293302750e+00
7.509999999999884324e+00 1.228745079161786657e+00 -6.409093364893279077e-01 1.131593830469341810e+00 9.329990300137417369e-01 1.798159022684250097e+00 2.494451728293302750e+00
7.519999999999884110e+00 1.227692416648455520e+00 -6.379633301950303759e-01 1.126067545843344897e+00 9.379220287157973290e-01 1.796152606076392821e+00 2.497255093858519626e+00
7.519999999999884110e+00 1.227692416648455520e+00 -6.379633301950303759e-01 1.126067545843344897e+00 9.379220287157973290e-01 1.796152606076392821e+00 2.497255093858519626e+00
7.529999999999883897e+00 1.226637098412682203e+00 -6.350188091569330950e-01 1.120552962699016053e+00 9.428236665249716264e-01 1.794150657801354631e+00 2.500033202961321699e+00
7.529999999999883897e+00 1.226637098412682203e+00 -6.350188091569330950e-01 1.120552962699016053e+00 9.428236665249716264e-01 1.794150657801354631e+00 2.500033202961321699e+00
7.539999999999883684e+00 1.225579468172472541e+00 -6.320759959199522271e-01 1.115050061088532996e+00 9.477041432771386997e-01 1.792153332521976727e+00 2.502786268667929637e+00
7.539999999999883684e+00 1.225579468172472541e+00 -6.320759959199522271e-01 1.115050061088532996e+00 9.477041432771386997e-01 1.792153332521976727e+00 2.502786268667929637e+00
7.549999999999883471e+00 1.224519864395254176e+00 -6.291351056685496879e-01 1.109558809701341797e+00 9.525636520088163195e-01 1.790160781895792530e+00 2.505514501947655681e+00
7.549999999999883471e+00 1.224519864395254176e+00 -6.291351056685496879e-01 1.109558809701341797e+00 9.525636520088163195e-01 1.790160781895792530e+00 2.505514501947655681e+00
7.559999999999883258e+00 1.223458620318227164e+00 -6.261963463275563857e-01 1.104079166170097714e+00 9.574023788842738192e-01 1.788173154627451744e+00 2.508218111680786677e+00
7.559999999999883258e+00 1.223458620318227164e+00 -6.261963463275563857e-01 1.104079166170097714e+00 9.574023788842738192e-01 1.788173154627451744e+00 2.508218111680786677e+00
7.569999999999883045e+00 1.222396063968491875e+00 -6.232599186751360820e-01 1.098611077401228764e+00 9.622205031377023543e-01 1.786190596521936902e+00 2.510897304666735330e+00
7.569999999999883045e+00 1.222396063968491875e+00 -6.232599186751360820e-01 1.098611077401228764e+00 9.622205031377023543e-01 1.786190596521936902e+00 2.510897304666735330e+00
7.579999999999882832e+00 1.221332518182979943e+00 -6.203260164673318755e-01 1.093154479928825529e+00 9.670181970306265251e-01 1.784213250538501772e+00 2.513552285632457028e+00
7.579999999999882832e+00 1.221332518182979943e+00 -6.203260164673318755e-01 1.093154479928825529e+00 9.670181970306265251e-01 1.784213250538501772e+00 2.513552285632457028e+00
7.589999999999882618e+00 1.220268300628216673e+00 -6.173948265736146634e-01 1.087709300290511605e+00 9.717956258246842616e-01 1.782241256845257249e+00 2.516183257241119353e+00
7.589999999999882618e+00 1.220268300628216673e+00 -6.173948265736146634e-01 1.087709300290511605e+00 9.717956258246842616e-01 1.782241256845257249e+00 2.516183257241119353e+00
7.599999999999882405e+00 1.219203723819948904e+00 -6.144665291228297299e-01 1.082275455423896249e+00 9.765529477698509098e-01 1.780274752874321242e+00 2.518790420101031824e+00
7.599999999999882405e+00 1.219203723819948904e+00 -6.144665291228297299e-01 1.082275455423896249e+00 9.765529477698509098e-01 1.780274752874321242e+00 2.518790420101031824e+00
7.609999999999882192e+00 1.218139095142672712e+00 -6.115412976589202909e-01 1.076852853082176598e+00 9.812903141081281699e-01 1.778313873377439736e+00 2.521373972774821226e+00
7.609999999999882192e+00 1.218139095142672712e+00 -6.115412976589202909e-01 1.076852853082176598e+00 9.812903141081281699e-01 1.778313873377439736e+00 2.521373972774821226e+00
7.619999999999881979e+00 1.217074716869098960e+00 -6.086192993057870648e-01 1.071441392267415305e+00 9.860078690926667999e-01 1.776358750481986659e+00 2.523934111788861845e+00
7.619999999999881979e+00 1.217074716869098960e+00 -6.086192993057870648e-01 1.071441392267415305e+00 9.860078690926667999e-01 1.776358750481986659e+00 2.523934111788861845e+00
7.629999999999881766e+00 1.216010886179597517e+00 -6.057006949406315011e-01 1.066040963679997233e+00 9.907057500222374857e-01 1.774409513747235323e+00 2.526471031642954390e+00
7.629999999999881766e+00 1.216010886179597517e+00 -6.057006949406315011e-01 1.066040963679997233e+00 9.907057500222374857e-01 1.774409513747235323e+00 2.526471031642954390e+00
7.639999999999881553e+00 1.214947895181661686e+00 -6.027856393751148678e-01 1.060651450182736877e+00 9.953840872909099913e-01 1.772466290220798824e+00 2.528984924820261160e+00
7.639999999999881553e+00 1.214947895181661686e+00 -6.027856393751148678e-01 1.060651450182736877e+00 9.953840872909099913e-01 1.772466290220798824e+00 2.528984924820261160e+00
7.649999999999881339e+00 1.213886030929435034e+00 -5.998742815436590714e-01 1.055272727278100620e+00 1.000043004452748185e+00 1.770529204495125519e+00 2.531475981797493890e+00
7.649999999999881339e+00 1.213886030929435034e+00 -5.998742815436590714e-01 1.055272727278100620e+00 1.000043004452748185e+00 1.770529204495125519e+00 2.531475981797493890e+00
7.659999999999881126e+00 1.212825575443348125e+00 -5.969667646982045328e-01 1.049904663596985310e+00 1.004682618301274699e+00 1.768598378763934331e+00 2.533944391055362733e+00
7.659999999999881126e+00 1.212825575443348125e+00 -5.969667646982045328e-01 1.049904663596985310e+00 1.004682618301274699e+00 1.768598378763934331e+00 2.533944391055362733e+00
7.669999999999880913e+00 1.211766805729906693e+00 -5.940632266087387814e-01 1.044547121397498390e+00 1.009303038963407229e+00 1.766673932878474629e+00 2.536390339089286794e+00
7.669999999999880913e+00 1.211766805729906693e+00 -5.940632266087387814e-01 1.044547121397498390e+00 1.009303038963407229e+00 1.766673932878474629e+00 2.536390339089286794e+00
7.679999999999880700e+00 1.210709993801681650e+00 -5.911637997689033197e-01 1.039199957072176828e+00 1.013904370007517208e+00 1.764755984403488354e+00 2.538814010420372913e+00
7.679999999999880700e+00 1.210709993801681650e+00 -5.911637997689033197e-01 1.039199957072176828e+00 1.013904370007517208e+00 1.764755984403488354e+00 2.538814010420372913e+00
7.689999999999880487e+00 1.209655406697542013e+00 -5.882686116059901993e-01 1.033863021662090098e+00 1.018486708565214061e+00 1.762844648672755810e+00 2.541215587606668880e+00
7.689999999999880487e+00 1.209655406697542013e+00 -5.882686116059901993e-01 1.033863021662090098e+00 1.018486708565214061e+00 1.762844648672755810e+00 2.541215587606668880e+00
7.699999999999880274e+00 1.208603306503181374e+00 -5.853777846946380814e-01 1.028536161376282010e+00 1.023050145466406047e+00 1.760940038844100330e+00 2.543595251254692435e+00
7.699999999999880274e+00 1.208603306503181374e+00 -5.853777846946380814e-01 1.028536161376282010e+00 1.023050145466406047e+00 1.760940038844100330e+00 2.543595251254692435e+00
7.709999999999880060e+00 1.207553950371980322e+00 -5.824914369735438857e-01 1.023219218115019924e+00 1.027594765387148001e+00 1.759042265953734141e+00 2.545953180031243601e+00
7.709999999999880060e+00 1.207553950371980322e+00 -5.824914369735438857e-01 1.023219218115019924e+00 1.027594765387148001e+00 1.759042265953734141e+00 2.545953180031243601e+00
7.719999999999879847e+00 1.206507590546250563e+00 -5.796096819645126796e-01 1.017912029995342804e+00 1.032120647009737269e+00 1.757151438969821289e+00 2.548289550675507442e+00
7.719999999999879847e+00 1.206507590546250563e+00 -5.796096819645126796e-01 1.017912029995342804e+00 1.032120647009737269e+00 1.757151438969821289e+00 2.548289550675507442e+00
7.729999999999879634e+00 1.205464474378905138e+00 -5.767326289931760108e-01 1.012614431877419507e+00 1.036627863194482968e+00 1.755267664845140851e+00 2.550604538011449485e+00
7.729999999999879634e+00 1.205464474378905138e+00 -5.767326289931760108e-01 1.012614431877419507e+00 1.036627863194482968e+00 1.755267664845140851e+00 2.550604538011449485e+00
7.739999999999879421e+00 1.204424844355596935e+00 -5.738603834107194324e-01 1.007326255890261368e+00 1.041116481162528640e+00 1.753391048568732735e+00 2.552898314960510451e+00
7.739999999999879421e+00 1.204424844355596935e+00 -5.738603834107194324e-01 1.007326255890261368e+00 1.041116481162528640e+00 1.753391048568732735e+00 2.552898314960510451e+00
7.749999999999879208e+00 1.203388938117365914e+00 -5.709930468159732930e-01 1.002047331955365328e+00 1.045586562689076571e+00 1.751521693216412157e+00 2.555171052554604749e+00
7.749999999999879208e+00 1.203388938117365914e+00 -5.709930468159732930e-01 1.002047331955365328e+00 1.045586562689076571e+00 1.751521693216412157e+00 2.555171052554604749e+00
7.759999999999878995e+00 1.202356988483836320e+00 -5.681307172772344094e-01 9.967774883069008274e-01 1.050038164306327904e+00 1.749659700000042006e+00 2.557422919949427609e+00
7.759999999999878995e+00 1.202356988483836320e+00 -5.681307172772344094e-01 9.967774883069008274e-01 1.050038164306327904e+00 1.749659700000042006e+00 2.557422919949427609e+00
7.769999999999878781e+00 1.201329223476999664e+00 -5.652734895532020021e-01 9.915165520070932104e-01 1.054471337515418661e+00 1.747805168315458513e+00 2.559654084438073074e+00
7.769999999999878781e+00 1.201329223476999664e+00 -5.652734895532020021e-01 9.915165520070932104e-01 1.054471337515418661e+00 1.747805168315458513e+00 2.559654084438073074e+00
7.779999999999878568e+00 1.200305866345620087e+00 -5.624214553124294858e-01 9.862643494555044521e-01 1.058886129006610499e+00 1.745958195788946954e+00 2.561864711464968192e+00
7.779999999999878568e+00 1.200305866345620087e+00 -5.624214553124294858e-01 9.862643494555044521e-01 1.058886129006610499e+00 1.745958195788946954e+00 2.561864711464968192e+00
7.789999999999878355e+00 1.199287135590294540e+00 -5.595747033507116885e-01 9.810207068909558847e-01 1.063282580886963258e+00 1.744118878322172828e+00 2.564054964640122947e+00
7.789999999999878355e+00 1.199287135590294540e+00 -5.595747033507116885e-01 9.810207068909558847e-01 1.063282580886963258e+00 1.744118878322172828e+00 2.564054964640122947e+00
7.799999999999878142e+00 1.198273244989198849e+00 -5.567333198058489474e-01 9.757854508848897712e-01 1.067660730914704148e+00 1.742287310135477441e+00 2.566225005753703048e+00
7.799999999999878142e+00 1.198273244989198849e+00 -5.567333198058489474e-01 9.757854508848897712e-01 1.067660730914704148e+00 1.742287310135477441e+00 2.566225005753703048e+00
7.809999999999877929e+00 1.197264403624548113e+00 -5.538973883692502875e-01 9.705584088250202024e-01 1.072020612739482015e+00 1.740463583809454429e+00 2.568374994790918464e+00
7.809999999999877929e+00 1.197264403624548113e+00 -5.538973883692502875e-01 9.705584088250202024e-01 1.072020612739482015e+00 1.740463583809454429e+00 2.568374994790918464e+00
7.819999999999877716e+00 1.196260815909796493e+00 -5.510669904938607644e-01 9.653394093881785265e-01 1.076362256147689767e+00 1.738647790324729936e+00 2.570505089947236588e+00
7.819999999999877716e+00 1.196260815909796493e+00 -5.510669904938607644e-01 9.653394093881785265e-01 1.076362256147689767e+00 1.738647790324729936e+00 2.570505089947236588e+00
7.829999999999877502e+00 1.195262681617598632e+00 -5.482422055979228048e-01 9.601282830013174729e-01 1.080685687312018528e+00 1.736840019099877619e+00 2.572615447643912479e+00
7.829999999999877502e+00 1.195262681617598632e+00 -5.482422055979228048e-01 9.601282830013174729e-01 1.080685687312018528e+00 1.736840019099877619e+00 2.572615447643912479e+00
7.839999999999877289e+00 1.194270195908553323e+00 -5.454231112641059198e-01 9.549248622896958638e-01 1.084990929044409969e+00 1.735040358027404528e+00 2.574706222543839296e+00
7.839999999999877289e+00 1.194270195908553323e+00 -5.454231112641059198e-01 9.549248622896958638e-01 1.084990929044409969e+00 1.735040358027404528e+00 2.574706222543839296e+00
7.849999999999877076e+00 1.193283549360745655e+00 -5.426097834335651404e-01 9.497289825113303108e-01 1.089278001051558142e+00 1.733248893507754573e+00 2.576777567567711813e+00
7.849999999999877076e+00 1.193283549360745655e+00 -5.426097834335651404e-01 9.497289825113303108e-01 1.089278001051558142e+00 1.733248893507754573e+00 2.576777567567711813e+00
7.859999999999876863e+00 1.192302928000100737e+00 -5.398022965945148410e-01 9.445404819768594695e-01 1.093546920192123739e+00 1.731465710481283171e+00 2.578829633910503460e+00
7.859999999999876863e+00 1.192302928000100737e+00 -5.398022965945148410e-01 9.445404819768594695e-01 1.093546920192123739e+00 1.731465710481283171e+00 2.578829633910503460e+00
7.869999999999876650e+00 1.191328513331560091e+00 -5.370007239649328135e-01 9.393592024540332597e-01 1.097797700734815640e+00 1.729690892458164209e+00 2.580862571058250676e+00
7.869999999999876650e+00 1.191328513331560091e+00 -5.370007239649328135e-01 9.393592024540332597e-01 1.097797700734815640e+00 1.729690892458164209e+00 2.580862571058250676e+00
7.879999999999876437e+00 1.190360482371088491e+00 -5.342051376690357678e-01 9.341849895561025185e-01 1.102030354616509999e+00 1.727924521546201131e+00 2.582876526805137019e+00
7.879999999999876437e+00 1.190360482371088491e+00 -5.342051376690357678e-01 9.341849895561025185e-01 1.102030354616509999e+00 1.727924521546201131e+00 2.582876526805137019e+00
7.889999999999876223e+00 1.189399007678513476e+00 -5.314156089071973010e-01 9.290176931134506155e-01 1.106244891699580624e+00 1.726166678476519500e+00 2.584871647270874373e+00
7.889999999999876223e+00 1.189399007678513476e+00 -5.314156089071973010e-01 9.290176931134506155e-01 1.106244891699580624e+00 1.726166678476519500e+00 2.584871647270874373e+00
7.899999999999876010e+00 1.188444257391201964e+00 -5.286322081190065747e-01 9.238571675278738349e-01 1.110441320027629297e+00 1.724417442627130370e+00 2.586848076918371042e+00
7.899999999999876010e+00 1.188444257391201964e+00 -5.286322081190065747e-01 9.238571675278738349e-01 1.110441320027629297e+00 1.724417442627130370e+00 2.586848076918371042e+00
7.909999999999875797e+00 1.187496395258567983e+00 -5.258550051391958080e-01 9.187032721089847254e-01 1.114619646078820914e+00 1.722676892044360253e+00 2.588805958571677390e+00
7.909999999999875797e+00 1.187496395258567983e+00 -5.258550051391958080e-01 9.187032721089847254e-01 1.114619646078820914e+00 1.722676892044360253e+00 2.588805958571677390e+00
7.919999999999875584e+00 1.186555580677409294e+00 -5.230840693461930035e-01 9.135558713922762308e-01 1.118779875016046033e+00 1.720945103462152570e+00 2.590745433434203715e+00
7.919999999999875584e+00 1.186555580677409294e+00 -5.230840693461930035e-01 9.135558713922762308e-01 1.118779875016046033e+00 1.720945103462152570e+00 2.590745433434203715e+00
7.929999999999875371e+00 1.185621968728063358e+00 -5.203194698030851884e-01 9.084148354384528057e-01 1.122922010933152803e+00 1.719222152319253683e+00 2.592666641107194803e+00
7.929999999999875371e+00 1.185621968728063358e+00 -5.203194698030851884e-01 9.084148354384528057e-01 1.122922010933152803e+00 1.719222152319253683e+00 2.592666641107194803e+00
7.939999999999875158e+00 1.184695710211372210e+00 -5.175612753908074293e-01 9.032800401136984458e-01 1.127046057096519505e+00 1.717508112774307705e+00 2.594569719608454061e+00
7.939999999999875158e+00 1.184695710211372210e+00 -5.175612753908074293e-01 9.032800401136984458e-01 1.127046057096519505e+00 1.717508112774307705e+00 2.594569719608454061e+00
7.949999999999874944e+00 1.183776951686440482e+00 -5.148095549333998600e-01 8.981513673506162920e-01 1.131152016181256936e+00 1.715803057718888303e+00 2.596454805391303911e+00
7.949999999999874944e+00 1.183776951686440482e+00 -5.148095549333998600e-01 8.981513673506162920e-01 1.131152016181256936e+00 1.715803057718888303e+00 2.596454805391303911e+00
7.959999999999874731e+00 1.182865835509171459e+00 -5.120643773152055989e-01 8.930287053896399652e-01 1.135239890501366755e+00 1.714107058788506777e+00 2.598322033363767325e+00
7.959999999999874731e+00 1.182865835509171459e+00 -5.120643773152055989e-01 8.930287053896399652e-01 1.135239890501366755e+00 1.714107058788506777e+00 2.598322033363767325e+00
7.969999999999874518e+00 1.181962499871560768e+00 -5.093258115899091942e-01 8.879119490007774118e-01 1.139309682233206944e+00 1.712420186371643060e+00 2.600171536907962100e+00
7.969999999999874518e+00 1.181962499871560768e+00 -5.093258115899091942e-01 8.879119490007774118e-01 1.139309682233206944e+00 1.712420186371643060e+00 2.600171536907962100e+00
7.979999999999874305e+00 1.181067078841724571e+00 -5.065939270813434314e-01 8.828009996856118757e-01 1.143361393631649792e+00 1.710742509616853368e+00 2.602003447899689181e+00
7.979999999999874305e+00 1.181067078841724571e+00 -5.065939270813434314e-01 8.828009996856118757e-01 1.143361393631649792e+00 1.710742509616853368e+00 2.602003447899689181e+00
7.989999999999874092e+00 1.180179702404638320e+00 -5.038687934760206488e-01 8.776957658595441192e-01 1.147395027238352405e+00 1.709074096438015111e+00 2.603817896728200854e+00
7.989999999999874092e+00 1.180179702404638320e+00 -5.038687934760206488e-01 8.776957658595441192e-01 1.147395027238352405e+00 1.709074096438015111e+00 2.603817896728200854e+00
7.999999999999873879e+00 1.179300496503558726e+00 -5.011504809073700217e-01 8.725961630143200809e-01 1.151410586081595078e+00 1.707415013517777691e+00 2.605615012316136792e+00
7.999999999999873879e+00 1.179300496503558726e+00 -5.011504809073700217e-01 8.725961630143200809e-01 1.151410586081595078e+00 1.707415013517777691e+00 2.605615012316136792e+00
8.009999999999873666e+00 1.178429583082098553e+00 -4.984390600316905284e-01 8.675021138609441129e-01 1.155408073867180141e+00 1.705765326309292895e+00 2.607394922139608884e+00
8.009999999999873666e+00 1.178429583082098553e+00 -4.984390600316905284e-01 8.675021138609441129e-01 1.155408073867180141e+00 1.705765326309292895e+00 2.607394922139608884e+00
8.019999999999873452e+00 1.177567080126924237e+00 -4.957346020958526278e-01 8.624135484531361140e-01 1.159387495159922121e+00 1.704125099036305713e+00 2.609157752248419282e+00
8.019999999999873452e+00 1.177567080126924237e+00 -4.957346020958526278e-01 8.624135484531361140e-01 1.159387495159922121e+00 1.704125099036305713e+00 2.609157752248419282e+00
8.029999999999873239e+00 1.176713101711040599e+00 -4.930371789968091001e-01 8.573304042915426137e-01 1.163348855555299988e+00 1.702494394691692170e+00 2.610903627286396134e+00
8.029999999999873239e+00 1.176713101711040599e+00 -4.930371789968091001e-01 8.573304042915426137e-01 1.163348855555299988e+00 1.702494394691692170e+00 2.610903627286396134e+00
8.039999999999873026e+00 1.175867758037628885e+00 -4.903468633329975956e-01 8.522526264089659298e-01 1.167292161840880915e+00 1.700873275034533227e+00 2.612632670511829236e+00
8.039999999999873026e+00 1.175867758037628885e+00 -4.903468633329975956e-01 8.522526264089659298e-01 1.167292161840880915e+00 1.700873275034533227e+00 2.612632670511829236e+00
8.049999999999872813e+00 1.175031155484400847e+00 -4.876637284477422507e-01 8.471801674369244806e-01 1.171217422147168952e+00 1.699261800585823101e+00 2.614345003817989177e+00
8.049999999999872813e+00 1.175031155484400847e+00 -4.876637284477422507e-01 8.471801674369244806e-01 1.171217422147168952e+00 1.699261800585823101e+00 2.614345003817989177e+00
8.059999999999872600e+00 1.174203396648429321e+00 -4.849878484647831001e-01 8.421129876539064085e-01 1.175124646087569058e+00 1.697660030622910821e+00 2.616040747753713536e+00
8.059999999999872600e+00 1.174203396648429321e+00 -4.849878484647831001e-01 8.421129876539064085e-01 1.175124646087569058e+00 1.697660030622910821e+00 2.616040747753713536e+00
8.069999999999872387e+00 1.173384580391416465e+00 -4.823192983160841107e-01 8.370510550157225227e-01 1.179013844887202067e+00 1.696068023172776495e+00 2.617720021544040598e+00
8.069999999999872387e+00 1.173384580391416465e+00 -4.823192983160841107e-01 8.370510550157225227e-01 1.179013844887202067e+00 1.696068023172776495e+00 2.617720021544040598e+00
8.079999999999872173e+00 1.172574801885358120e+00 -4.796581537620914770e-01 8.319943451684115310e-01 1.182885031500345852e+00 1.694485835004252872e+00 2.619382943110873718e+00
8.079999999999872173e+00 1.172574801885358120e+00 -4.796581537620914770e-01 8.319943451684115310e-01 1.182885031500345852e+00 1.694485835004252872e+00 2.619382943110873718e+00
8.089999999999871960e+00 1.171774152658562551e+00 -4.770044914046324691e-01 8.269428414441873931e-01 1.186738220716321068e+00 1.692913521619296979e+00 2.621029629093664326e+00
8.089999999999871960e+00 1.171774152658562551e+00 -4.770044914046324691e-01 8.269428414441873931e-01 1.186738220716321068e+00 1.692913521619296979e+00 2.621029629093664326e+00
8.099999999999871747e+00 1.170982720641981167e+00 -4.743583886926649451e-01 8.218965348409617011e-01 1.190573429253679816e+00 1.691351137243425562e+00 2.622660194870088279e+00
8.099999999999871747e+00 1.170982720641981167e+00 -4.743583886926649451e-01 8.218965348409617011e-01 1.190573429253679816e+00 1.691351137243425562e+00 2.622660194870088279e+00
8.109999999999871534e+00 1.170200590215805914e+00 -4.717199239211039563e-01 8.168554239860068567e-01 1.194390675842597060e+00 1.689798734815425529e+00 2.624274754576704893e+00
8.109999999999871534e+00 1.170200590215805914e+00 -4.717199239211039563e-01 8.168554239860068567e-01 1.194390675842597060e+00 1.689798734815425529e+00 2.624274754576704893e+00
8.119999999999871321e+00 1.169427842256292260e+00 -4.690891762229686401e-01 8.118195150843616759e-01 1.198189981295406437e+00 1.688256365976452678e+00 2.625873421129579555e+00
8.119999999999871321e+00 1.169427842256292260e+00 -4.690891762229686401e-01 8.118195150843616759e-01 1.198189981295406437e+00 1.688256365976452678e+00 2.625873421129579555e+00
8.129999999999871108e+00 1.168664554182761384e+00 -4.664662255551087489e-01 8.067888218526116928e-01 1.201971368565259990e+00 1.686724081058632363e+00 2.627456306244853490e+00
8.129999999999871108e+00 1.168664554182761384e+00 -4.664662255551087489e-01 8.067888218526116928e-01 1.201971368565259990e+00 1.686724081058632363e+00 2.627456306244853490e+00
8.139999999999870894e+00 1.167910800004738459e+00 -4.638511526777824301e-01 8.017633654387046338e-01 1.205734862792932960e+00 1.685201929073275151e+00 2.629023520459246921e+00
8.139999999999870894e+00 1.167910800004738459e+00 -4.638511526777824301e-01 8.017633654387046338e-01 1.205734862792932960e+00 1.685201929073275151e+00 2.629023520459246921e+00
8.149999999999870681e+00 1.167166650369181990e+00 -4.612440391283717522e-01 7.967431743284876244e-01 1.209480491341829556e+00 1.683689957698820461e+00 2.630575173150476509e+00
8.149999999999870681e+00 1.167166650369181990e+00 -4.612440391283717522e-01 7.967431743284876244e-01 1.209480491341829556e+00 1.683689957698820461e+00 2.630575173150476509e+00
8.159999999999870468e+00 1.166432172607760664e+00 -4.586449671895331259e-01 7.917282842396774489e-01 1.213208283821287425e+00 1.682188213268619448e+00 2.632111372557575990e+00
8.159999999999870468e+00 1.166432172607760664e+00 -4.586449671895331259e-01 7.917282842396774489e-01 1.213208283821287425e+00 1.682188213268619448e+00 2.632111372557575990e+00
8.169999999999870255e+00 1.165707430784133969e+00 -4.560540198520908195e-01 7.867187380039932787e-01 1.216918272098309828e+00 1.680696740758665708e+00 2.633632225801101345e+00
8.169999999999870255e+00 1.165707430784133969e+00 -4.560540198520908195e-01 7.867187380039932787e-01 1.216918272098309828e+00 1.680696740758665708e+00 2.633632225801101345e+00
8.179999999999870042e+00 1.164992485741193073e+00 -4.534712807729912587e-01 7.817145854382017145e-01 1.220610490297892703e+00 1.679215583775382159e+00 2.635137838903211183e+00
8.179999999999870042e+00 1.164992485741193073e+00 -4.534712807729912587e-01 7.817145854382017145e-01 1.220610490297892703e+00 1.679215583775382159e+00 2.635137838903211183e+00
8.189999999999869829e+00 1.164287395148220661e+00 -4.508968342286435171e-01 7.767158832048375317e-01 1.224284974792147151e+00 1.677744784543568457e+00 2.636628316807603678e+00
8.189999999999869829e+00 1.164287395148220661e+00 -4.508968342286435171e-01 7.767158832048375317e-01 1.224284974792147151e+00 1.677744784543568457e+00 2.636628316807603678e+00
8.199999999999869615e+00 1.163592213547925747e+00 -4.483307650639795638e-01 7.717226946633782836e-01 1.227941764178447359e+00 1.676284383894609320e+00 2.638103763399302082e+00
8.199999999999869615e+00 1.163592213547925747e+00 -4.483307650639795638e-01 7.717226946633782836e-01 1.227941764178447359e+00 1.676284383894609320e+00 2.638103763399302082e+00
8.209999999999869402e+00 1.162906992403314854e+00 -4.457731586375722754e-01 7.667350897126580245e-01 1.231580899246867533e+00 1.674834421255043448e+00 2.639564281524274580e+00
8.209999999999869402e+00 1.162906992403314854e+00 -4.457731586375722754e-01 7.667350897126580245e-01 1.231580899246867533e+00 1.674834421255043448e+00 2.639564281524274580e+00
8.219999999999869189e+00 1.162231780144358906e+00 -4.432241007631557150e-01 7.617531446253167360e-01 1.235202422937199174e+00 1.673394934635585862e+00 2.641009973008874301e+00
8.219999999999869189e+00 1.162231780144358906e+00 -4.432241007631557150e-01 7.617531446253167360e-01 1.235202422937199174e+00 1.673394934635585862e+00 2.641009973008874301e+00
8.229999999999868976e+00 1.161566622214417421e+00 -4.406836776478937345e-01 7.567769418750824872e-01 1.238806380285867759e+00 1.671965960620692471e+00 2.642440938679095463e+00
8.229999999999868976e+00 1.161566622214417421e+00 -4.406836776478937345e-01 7.567769418750824872e-01 1.238806380285867759e+00 1.671965960620692471e+00 2.642440938679095463e+00
8.239999999999868763e+00 1.160911561116382940e+00 -4.381519758277468979e-01 7.518065699576901295e-01 1.242392818363092122e+00 1.670547534358753916e+00 2.643857278379628362e+00
8.239999999999868763e+00 1.160911561116382940e+00 -4.381519758277468979e-01 7.518065699576901295e-01 1.242392818363092122e+00 1.670547534358753916e+00 2.643857278379628362e+00
8.249999999999868550e+00 1.160266636458510137e+00 -4.356290821002885005e-01 7.468421232062362192e-01 1.245961786200657784e+00 1.669139689552996630e+00 2.645259090992708284e+00
8.249999999999868550e+00 1.160266636458510137e+00 -4.356290821002885005e-01 7.468421232062362192e-01 1.245961786200657784e+00 1.669139689552996630e+00 2.645259090992708284e+00
8.259999999999868336e+00 1.159631884999893670e+00 -4.331150834553201268e-01 7.418837016017704178e-01 1.249513334710691703e+00 1.667742458453167265e+00 2.646646474456749942e+00
8.259999999999868336e+00 1.159631884999893670e+00 -4.331150834553201268e-01 7.418837016017704178e-01 1.249513334710691703e+00 1.667742458453167265e+00 2.646646474456749942e+00
8.269999999999868123e+00 1.159007340695565214e+00 -4.306100670036370204e-01 7.369314105799162906e-01 1.253047516595853228e+00 1.666355871848069548e+00 2.648019525784755412e+00
8.269999999999868123e+00 1.159007340695565214e+00 -4.306100670036370204e-01 7.369314105799162906e-01 1.253047516595853228e+00 1.666355871848069548e+00 2.648019525784755412e+00
8.279999999999867910e+00 1.158393034741174610e+00 -4.281141199042909906e-01 7.319853608343088736e-01 1.256564386251368237e+00 1.664979959059016412e+00 2.649378341082494703e+00
8.279999999999867910e+00 1.158393034741174610e+00 -4.281141199042909906e-01 7.319853608343088736e-01 1.256564386251368237e+00 1.664979959059016412e+00 2.649378341082494703e+00
8.289999999999867697e+00 1.157788995617230254e+00 -4.256273292906955219e-01 7.270456681176243885e-01 1.260063999659354783e+00 1.663614747934256011e+00 2.650723015566447405e+00
8.289999999999867697e+00 1.157788995617230254e+00 -4.256273292906955219e-01 7.270456681176243885e-01 1.260063999659354783e+00 1.663614747934256011e+00 2.650723015566447405e+00
8.299999999999867484e+00 1.157195249132866310e+00 -4.231497821959141481e-01 7.221124530409700482e-01 1.263546414275899865e+00 1.662260264844423796e+00 2.652053643581501863e+00
8.299999999999867484e+00 1.157195249132866310e+00 -4.231497821959141481e-01 7.221124530409700482e-01 1.263546414275899865e+00 1.662260264844423796e+00 2.652053643581501863e+00
8.309999999999867271e+00 1.156611818469115649e+00 -4.206815654774674895e-01 7.171858408723819078e-01 1.267011688911364065e+00 1.660916534679064638e+00 2.653370318618409662e+00
8.309999999999867271e+00 1.156611818469115649e+00 -4.206815654774674895e-01 7.171858408723819078e-01 1.267011688911364065e+00 1.660916534679064638e+00 2.653370318618409662e+00
8.319999999999867057e+00 1.156038724221661207e+00 -4.182227657419889666e-01 7.122659613351693952e-01 1.270459883604396767e+00 1.659583580844266493e+00 2.654673133330984758e+00
8.319999999999867057e+00 1.156038724221661207e+00 -4.182227657419889666e-01 7.122659613351693952e-01 1.270459883604396767e+00 1.659583580844266493e+00 2.654673133330984758e+00
8.329999999999866844e+00 1.155475984443046444e+00 -4.157734692700518764e-01 7.073529484068220574e-01 1.273891059490157573e+00 1.658261425261436939e+00 2.655962179553052582e+00
8.329999999999866844e+00 1.155475984443046444e+00 -4.157734692700518764e-01 7.073529484068220574e-01 1.273891059490157573e+00 1.658261425261436939e+00 2.655962179553052582e+00
8.339999999999866631e+00 1.154923614684322697e+00 -4.133337619414830799e-01 7.024469401191777429e-01 1.277305278663246613e+00 1.656950088367251883e+00 2.657237548315140252e+00
8.339999999999866631e+00 1.154923614684322697e+00 -4.133337619414830799e-01 7.024469401191777429e-01 1.277305278663246613e+00 1.656950088367251883e+00 2.657237548315140252e+00
8.349999999999866418e+00 1.154381628036117213e+00 -4.109037291614699994e-01 6.975480783605296775e-01 1.280702604035847791e+00 1.655649589114794207e+00 2.658499329860906979e+00
8.349999999999866418e+00 1.154381628036117213e+00 -4.109037291614699994e-01 6.975480783605296775e-01 1.280702604035847791e+00 1.655649589114794207e+00 2.658499329860906979e+00
8.359999999999866205e+00 1.153850035169104338e+00 -4.084834557877582983e-01 6.926565086803248006e-01 1.284083099191599464e+00 1.654359944975898777e+00 2.659747613663316912e+00
8.359999999999866205e+00 1.153850035169104338e+00 -4.084834557877582983e-01 6.926565086803248006e-01 1.284083099191599464e+00 1.654359944975898777e+00 2.659747613663316912e+00
8.369999999999865992e+00 1.153328844373868289e+00 -4.060730260592275154e-01 6.877723800970860779e-01 1.287446828235700780e+00 1.653081171944712713e+00 2.660982488440549076e+00
8.369999999999865992e+00 1.153328844373868289e+00 -4.060730260592275154e-01 6.877723800970860779e-01 1.287446828235700780e+00 1.653081171944712713e+00 2.660982488440549076e+00
8.379999999999865778e+00 1.152818061600141109e+00 -4.036725235261217626e-01 6.828958449101599770e-01 1.290793855641769516e+00 1.651813284542470672e+00 2.662204042171650187e+00
8.379999999999865778e+00 1.152818061600141109e+00 -4.036725235261217626e-01 6.828958449101599770e-01 1.290793855641769516e+00 1.651813284542470672e+00 2.662204042171650187e+00
8.389999999999865565e+00 1.152317690495411107e+00 -4.012820309822004439e-01 6.780270585158687524e-01 1.294124246095959441e+00 1.650556295823484065e+00 2.663412362111924114e+00
8.389999999999865565e+00 1.152317690495411107e+00 -4.012820309822004439e-01 6.780270585158687524e-01 1.294124246095959441e+00 1.650556295823484065e+00 2.663412362111924114e+00
8.399999999999865352e+00 1.151827732442888053e+00 -3.989016303990634005e-01 6.731661792286163237e-01 1.297438064338844121e+00 1.649310217382333521e+00 2.664607534808066891e+00
8.399999999999865352e+00 1.151827732442888053e+00 -3.989016303990634005e-01 6.731661792286163237e-01 1.297438064338844121e+00 1.649310217382333521e+00 2.664607534808066891e+00
8.409999999999865139e+00 1.151348186598823098e+00 -3.965314028628914023e-01 6.683133681074679977e-01 1.300735375005569683e+00 1.648075059362249961e+00 2.665789646113043698e+00
8.409999999999865139e+00 1.151348186598823098e+00 -3.965314028628914023e-01 6.683133681074679977e-01 1.300735375005569683e+00 1.648075059362249961e+00 2.665789646113043698e+00
8.419999999999864926e+00 1.150879049929176556e+00 -3.941714285138307461e-01 6.634687887886954183e-01 1.304016242464769215e+00 1.646850830464663629e+00 2.666958781200711837e+00
8.419999999999864926e+00 1.150879049929176556e+00 -3.941714285138307461e-01 6.634687887886954183e-01 1.304016242464769215e+00 1.646850830464663629e+00 2.666958781200711837e+00
8.429999999999864713e+00 1.150420317245630875e+00 -3.918217864882377333e-01 6.586326073247457114e-01 1.307280730656727563e+00 1.645637537959895758e+00 2.668115024580195449e+00
8.429999999999864713e+00 1.150420317245630875e+00 -3.918217864882377333e-01 6.586326073247457114e-01 1.307280730656727563e+00 1.645637537959895758e+00 2.668115024580195449e+00
8.439999999999864500e+00 1.149971981240949237e+00 -3.894825548639849200e-01 6.538049920300661455e-01 1.310528902931269224e+00 1.644435187698962242e+00 2.669258460110009779e+00
8.439999999999864500e+00 1.149971981240949237e+00 -3.894825548639849200e-01 6.538049920300661455e-01 1.310528902931269224e+00 1.644435187698962242e+00 2.669258460110009779e+00
8.449999999999864286e+00 1.149534032523679361e+00 -3.871538106090174347e-01 6.489861133341795485e-01 1.313760821885836982e+00 1.643243784126454665e+00 2.670389171011945617e+00
8.449999999999864286e+00 1.149534032523679361e+00 -3.871538106090174347e-01 6.489861133341795485e-01 1.313760821885836982e+00 1.643243784126454665e+00 2.670389171011945617e+00
8.459999999999864073e+00 1.149106459652203815e+00 -3.848356295333342225e-01 6.441761436423778520e-01 1.316976549204210478e+00 1.642063330294457835e+00 2.671507239884711726e+00
8.459999999999864073e+00 1.149106459652203815e+00 -3.848356295333342225e-01 6.441761436423778520e-01 1.316976549204210478e+00 1.642063330294457835e+00 2.671507239884711726e+00
8.469999999999863860e+00 1.148689249168143967e+00 -3.825280862445536445e-01 6.393752572043664983e-01 1.320176145496303466e+00 1.640893827877461630e+00 2.672612748717346332e+00
8.469999999999863860e+00 1.148689249168143967e+00 -3.825280862445536445e-01 6.393752572043664983e-01 1.320176145496303466e+00 1.640893827877461630e+00 2.672612748717346332e+00
8.479999999999863647e+00 1.148282385629119551e+00 -3.802312541072102592e-01 6.345836299911614686e-01 1.323359670139461874e+00 1.639735277188217877e+00 2.673705778902395469e+00
8.479999999999863647e+00 1.148282385629119551e+00 -3.802312541072102592e-01 6.345836299911614686e-01 1.323359670139461874e+00 1.639735277188217877e+00 2.673705778902395469e+00
8.489999999999863434e+00 1.147885851640872090e+00 -3.779452052059146250e-01 6.298014395805089372e-01 1.326527181121665899e+00 1.638587677194493386e+00 2.674786411248871509e+00
8.489999999999863434e+00 1.147885851640872090e+00 -3.779452052059146250e-01 6.298014395805089372e-01 1.326527181121665899e+00 1.638587677194493386e+00 2.674786411248871509e+00
8.499999999999863221e+00 1.147499627888761475e+00 -3.756700103124926415e-01 6.250288650510626987e-01 1.329678734887027813e+00 1.637451025536662774e+00 2.675854725994992300e+00
8.499999999999863221e+00 1.147499627888761475e+00 -3.756700103124926415e-01 6.250288650510626987e-01 1.329678734887027813e+00 1.637451025536662774e+00 2.675854725994992300e+00
8.509999999999863007e+00 1.147123693168642156e+00 -3.734057388572086800e-01 6.202660868855269793e-01 1.332814386183949429e+00 1.636325318546085095e+00 2.676910802820707591e+00
8.509999999999863007e+00 1.147123693168642156e+00 -3.734057388572086800e-01 6.202660868855269793e-01 1.332814386183949429e+00 1.636325318546085095e+00 2.676910802820707591e+00
8.519999999999862794e+00 1.146758024417132482e+00 -3.711524589041613753e-01 6.155132868829382708e-01 1.335934187916292482e+00 1.635210551264203893e+00 2.677954720860019400e+00
8.519999999999862794e+00 1.146758024417132482e+00 -3.711524589041613753e-01 6.155132868829382708e-01 1.335934187916292482e+00 1.635210551264203893e+00 2.677954720860019400e+00
8.529999999999862581e+00 1.146402596741288082e+00 -3.689102371309267991e-01 6.107706480802285176e-01 1.339038190997887456e+00 1.634106717462309843e+00 2.678986558713104760e+00
8.529999999999862581e+00 1.146402596741288082e+00 -3.689102371309267991e-01 6.107706480802285176e-01 1.339038190997887456e+00 1.634106717462309843e+00 2.678986558713104760e+00
8.539999999999862368e+00 1.146057383447690148e+00 -3.666791388125109075e-01 6.060383546831841217e-01 1.342126444210690384e+00 1.633013809661900906e+00 2.680006394458243957e+00
8.539999999999862368e+00 1.146057383447690148e+00 -3.666791388125109075e-01 6.060383546831841217e-01 1.342126444210690384e+00 1.633013809661900906e+00 2.680006394458243957e+00
8.549999999999862155e+00 1.145722356070964620e+00 -3.644592278096587812e-01 6.013165920068828108e-01 1.345198994066870934e+00 1.631931819155575836e+00 2.681014305663561359e+00
8.549999999999862155e+00 1.145722356070964620e+00 -3.644592278096587812e-01 6.013165920068828108e-01 1.345198994066870934e+00 1.631931819155575836e+00 2.681014305663561359e+00
8.559999999999861942e+00 1.145397484401746047e+00 -3.622505665615550208e-01 5.966055464256634355e-01 1.348255884675096938e+00 1.630860736028393321e+00 2.682010369398589944e+00
8.559999999999861942e+00 1.145397484401746047e+00 -3.622505665615550208e-01 5.966055464256634355e-01 1.348255884675096938e+00 1.630860736028393321e+00 2.682010369398589944e+00
8.569999999999861728e+00 1.145082736514100308e+00 -3.600532160829372774e-01 5.919054053326553433e-01 1.351297157611252464e+00 1.629800549179630798e+00 2.682994662245659079e+00
8.569999999999861728e+00 1.145082736514100308e+00 -3.600532160829372774e-01 5.919054053326553433e-01 1.351297157611252464e+00 1.629800549179630798e+00 2.682994662245659079e+00
8.579999999999861515e+00 1.144778078792423548e+00 -3.578672359656315805e-01 5.872163571088663270e-01 1.354322851793807736e+00 1.628751246344873449e+00 2.683967260311119318e+00
8.579999999999861515e+00 1.144778078792423548e+00 -3.578672359656315805e-01 5.872163571088663270e-01 1.354322851793807736e+00 1.628751246344873449e+00 2.683967260311119318e+00
8.589999999999861302e+00 1.144483475957832175e+00 -3.556926843845062969e-01 5.825385911018023943e-01 1.357333003364032509e+00 1.627712814118366547e+00 2.684928239236406888e+00
8.589999999999861302e+00 1.144483475957832175e+00 -3.556926843845062969e-01 5.825385911018023943e-01 1.357333003364032509e+00 1.627712814118366547e+00 2.684928239236406888e+00
8.599999999999861089e+00 1.144198891094063475e+00 -3.535296181078295130e-01 5.778722976135676204e-01 1.360327645571222543e+00 1.626685237975562526e+00 2.685877674208956289e+00
8.599999999999861089e+00 1.144198891094063475e+00 -3.535296181078295130e-01 5.778722976135676204e-01 1.360327645571222543e+00 1.626685237975562526e+00 2.685877674208956289e+00
8.609999999999860876e+00 1.143924285672900831e+00 -3.513780925120039700e-01 5.732176678983678109e-01 1.363306808663083736e+00 1.625668502295794626e+00 2.686815639972967684e+00
8.609999999999860876e+00 1.143924285672900831e+00 -3.513780925120039700e-01 5.732176678983678109e-01 1.363306808663083736e+00 1.625668502295794626e+00 2.686815639972967684e+00
8.619999999999860663e+00 1.143659619579143527e+00 -3.492381616006414169e-01 5.685748941693197223e-01 1.366270519781394910e+00 1.624662590385010708e+00 2.687742210840036616e+00
8.619999999999860663e+00 1.143659619579143527e+00 -3.492381616006414169e-01 5.685748941693197223e-01 1.366270519781394910e+00 1.624662590385010708e+00 2.687742210840036616e+00
8.629999999999860449e+00 1.143404851135139344e+00 -3.471098780279299190e-01 5.639441696144457117e-01 1.369218802863044537e+00 1.623667484498501956e+00 2.688657460699650503e+00
8.629999999999860449e+00 1.143404851135139344e+00 -3.471098780279299190e-01 5.639441696144457117e-01 1.369218802863044537e+00 1.623667484498501956e+00 2.688657460699650503e+00
8.639999999999860236e+00 1.143159937124896386e+00 -3.449932931262354452e-01 5.593256884217118197e-01 1.372151678546518871e+00 1.622683165863559873e+00 2.689561463029560340e+00
8.639999999999860236e+00 1.143159937124896386e+00 -3.449932931262354452e-01 5.593256884217118197e-01 1.372151678546518871e+00 1.622683165863559873e+00 2.689561463029560340e+00
8.649999999999860023e+00 1.142924832817793446e+00 -3.428884569378718439e-01 5.547196458129503016e-01 1.375069164083887463e+00 1.621709614701999813e+00 2.690454290906035606e+00
8.649999999999860023e+00 1.142924832817793446e+00 -3.428884569378718439e-01 5.547196458129503016e-01 1.375069164083887463e+00 1.621709614701999813e+00 2.690454290906035606e+00
8.659999999999859810e+00 1.142699491991907346e+00 -3.407954182509628782e-01 5.501262380864883061e-01 1.377971273258315366e+00 1.620746810252488457e+00 2.691336017014005044e+00
8.659999999999859810e+00 1.142699491991907346e+00 -3.407954182509628782e-01 5.501262380864883061e-01 1.377971273258315366e+00 1.620746810252488457e+00 2.691336017014005044e+00
8.669999999999859597e+00 1.142483866956975458e+00 -3.387142246393129441e-01 5.455456626682870791e-01 1.380858016307106251e+00 1.619794730792617488e+00 2.692206713657093076e+00
8.669999999999859597e+00 1.142483866956975458e+00 -3.387142246393129441e-01 5.455456626682870791e-01 1.380858016307106251e+00 1.619794730792617488e+00 2.692206713657093076e+00
8.679999999999859384e+00 1.142277908577011170e+00 -3.366449225061945438e-01 5.409781181713828602e-01 1.383729399850258890e+00 1.618853353660663741e+00 2.693066452767554964e+00
8.679999999999859384e+00 1.142277908577011170e+00 -3.366449225061945438e-01 5.409781181713828602e-01 1.383729399850258890e+00 1.618853353660663741e+00 2.693066452767554964e+00
8.689999999999859170e+00 1.142081566292589834e+00 -3.345875571319539277e-01 5.364238044634032088e-01 1.386585426824498590e+00 1.617922655276982979e+00 2.693915305916120495e+00
8.689999999999859170e+00 1.142081566292589834e+00 -3.345875571319539277e-01 5.364238044634032088e-01 1.386585426824498590e+00 1.617922655276982979e+00 2.693915305916120495e+00
8.699999999999858957e+00 1.141894788142824746e+00 -3.325421727253294324e-01 5.318829227419217265e-01 1.389426096422724299e+00 1.617002611164983783e+00 2.694753344321747068e+00
8.699999999999858957e+00 1.141894788142824746e+00 -3.325421727253294324e-01 5.318829227419217265e-01 1.389426096422724299e+00 1.617002611164983783e+00 2.694753344321747068e+00
8.709999999999858744e+00 1.141717520787049356e+00 -3.305088124783716053e-01 5.273556756174034854e-01 1.392251404038792773e+00 1.616093195971632257e+00 2.695580638861291067e+00
8.709999999999858744e+00 1.141717520787049356e+00 -3.305088124783716053e-01 5.273556756174034854e-01 1.392251404038792773e+00 1.616093195971632257e+00 2.695580638861291067e+00
8.719999999999858531e+00 1.141549709526222811e+00 -3.284875186248473744e-01 5.228422672034779284e-01 1.395061341217541884e+00 1.615194383487440710e+00 2.696397260079103742e+00
8.719999999999858531e+00 1.141549709526222811e+00 -3.284875186248473744e-01 5.228422672034779284e-01 1.395061341217541884e+00 1.615194383487440710e+00 2.696397260079103742e+00
8.729999999999858318e+00 1.141391298324076375e+00 -3.264783325020072513e-01 5.183429032142715664e-01 1.397855895609937837e+00 1.614306146665897890e+00 2.697203278196552478e+00
8.729999999999858318e+00 1.141391298324076375e+00 -3.264783325020072513e-01 5.183429032142715664e-01 1.397855895609937837e+00 1.614306146665897890e+00 2.697203278196552478e+00
8.739999999999858105e+00 1.141242229828016708e+00 -3.244812946155887778e-01 5.138577910685228067e-01 1.400635050933213721e+00 1.613428457642297920e+00 2.697998763121476351e+00
8.739999999999858105e+00 1.141242229828016708e+00 -3.244812946155887778e-01 5.138577910685228067e-01 1.400635050933213721e+00 1.613428457642297920e+00 2.697998763121476351e+00
8.749999999999857891e+00 1.141102445389802433e+00 -3.224964447079263774e-01 5.093871400001918071e-01 1.403398786935850850e+00 1.612561287751932637e+00 2.698783784457578161e+00
8.749999999999857891e+00 1.141102445389802433e+00 -3.224964447079263774e-01 5.093871400001918071e-01 1.403398786935850850e+00 1.612561287751932637e+00 2.698783784457578161e+00
8.759999999999857678e+00 1.140971885086009330e+00 -3.205238218290329955e-01 5.049311611752742568e-01 1.406147079367242592e+00 1.611704607547613133e+00 2.699558411513760081e+00
8.759999999999857678e+00 1.140971885086009330e+00 -3.205238218290329955e-01 5.049311611752742568e-01 1.406147079367242592e+00 1.611704607547613133e+00 2.699558411513760081e+00
8.769999999999857465e+00 1.140850487738298780e+00 -3.185634644105179158e-01 5.004900678145224324e-01 1.408879899951860137e+00 1.610858386816488519e+00 2.700322713313403789e+00
8.769999999999857465e+00 1.140850487738298780e+00 -3.185634644105179158e-01 5.004900678145224324e-01 1.408879899951860137e+00 1.610858386816488519e+00 2.700322713313403789e+00
8.779999999999857252e+00 1.140738190933505036e+00 -3.166154103422008648e-01 4.960640753217699928e-01 1.411597216367737495e+00 1.610022594596136836e+00 2.701076758603599526e+00
8.779999999999857252e+00 1.140738190933505036e+00 -3.166154103422008648e-01 4.960640753217699928e-01 1.411597216367737495e+00 1.610022594596136836e+00 2.701076758603599526e+00
8.789999999999857039e+00 1.140634931043553735e+00 -3.146796970512805158e-01 4.916534014175549250e-01 1.414298992229074070e+00 1.609197199189902783e+00 2.701820615864332531e+00
8.789999999999857039e+00 1.140634931043553735e+00 -3.146796970512805158e-01 4.916534014175549250e-01 1.414298992229074070e+00 1.609197199189902783e+00 2.701820615864332531e+00
8.799999999999856826e+00 1.140540643245226748e+00 -3.127563615839148992e-01 4.872582662777320550e-01 1.416985187072747232e+00 1.608382168181463401e+00 2.702554353317622837e+00
8.799999999999856826e+00 1.140540643245226748e+00 -3.127563615839148992e-01 4.872582662777320550e-01 1.416985187072747232e+00 1.608382168181463401e+00 2.702554353317622837e+00
8.809999999999856612e+00 1.140455261539784049e+00 -3.108454406890687749e-01 4.828788926767635936e-01 1.419655756348519260e+00 1.607577468448602831e+00 2.703278038936627325e+00
8.809999999999856612e+00 1.140455261539784049e+00 -3.108454406890687749e-01 4.828788926767635936e-01 1.419655756348519260e+00 1.607577468448602831e+00 2.703278038936627325e+00
8.819999999999856399e+00 1.140378718772457223e+00 -3.089469709044816437e-01 4.785155061353720263e-01 1.422310651412717064e+00 1.606783066176186381e+00 2.703991740454704473e+00
8.819999999999856399e+00 1.140378718772457223e+00 -3.089469709044816437e-01 4.785155061353720263e-01 1.422310651412717064e+00 1.606783066176186381e+00 2.703991740454704473e+00
8.829999999999856186e+00 1.140310946651824420e+00 -3.070609886446102887e-01 4.741683350722416534e-01 1.424949819525157535e+00 1.605998926868320353e+00 2.704695525374444021e+00
8.829999999999856186e+00 1.140310946651824420e+00 -3.070609886446102887e-01 4.741683350722416534e-01 1.424949819525157535e+00 1.605998926868320353e+00 2.704695525374444021e+00
8.839999999999855973e+00 1.140251875769078049e+00 -3.051875302903984122e-01 4.698376109594512573e-01 1.427573203849087591e+00 1.605225015359693419e+00 2.705389460976668214e+00
8.839999999999855973e+00 1.140251875769078049e+00 -3.051875302903984122e-01 4.698376109594512573e-01 1.427573203849087591e+00 1.605225015359693419e+00 2.705389460976668214e+00
8.849999999999855760e+00 1.140201435617195669e+00 -3.033266322807252058e-01 4.655235684813195940e-01 1.430180743453907333e+00 1.604461295826095313e+00 2.706073614329399746e+00
8.849999999999855760e+00 1.140201435617195669e+00 -3.033266322807252058e-01 4.655235684813195940e-01 1.430180743453907333e+00 1.604461295826095313e+00 2.706073614329399746e+00
8.859999999999855547e+00 1.140159554610024495e+00 -3.014783312053857522e-01 4.612264456963455772e-01 1.432772373320444048e+00 1.603707731794113744e+00 2.706748052296804374e+00
8.859999999999855547e+00 1.140159554610024495e+00 -3.014783312053857522e-01 4.612264456963455772e-01 1.432772373320444048e+00 1.603707731794113744e+00 2.706748052296804374e+00
8.869999999999855333e+00 1.140126160101286867e+00 -2.996426638994539315e-01 4.569464842019215212e-01 1.435348024348547247e+00 1.602964286150011741e+00 2.707412841548108240e+00
8.869999999999855333e+00 1.140126160101286867e+00 -2.996426638994539315e-01 4.569464842019215212e-01 1.435348024348547247e+00 1.602964286150011741e+00 2.707412841548108240e+00
8.879999999999855120e+00 1.140101178403516657e+00 -2.978196675388811165e-01 4.526839293015011423e-01 1.437907623366775800e+00 1.602230921147791864e+00 2.708068048566490749e+00
8.879999999999855120e+00 1.140101178403516657e+00 -2.978196675388811165e-01 4.526839293015011423e-01 1.437907623366775800e+00 1.602230921147791864e+00 2.708068048566490749e+00
8.889999999999854907e+00 1.140084534806934613e+00 -2.960093797371808888e-01 4.484390301738958029e-01 1.440451093143956252e+00 1.601507598416457068e+00 2.708713739657953923e+00
8.889999999999854907e+00 1.140084534806934613e+00 -2.960093797371808888e-01 4.484390301738958029e-01 1.440451093143956252e+00 1.601507598416457068e+00 2.708713739657953923e+00
8.899999999999854694e+00 1.140076153598267750e+00 -2.942118386430525590e-01 4.442120400443789752e-01 1.442978352402395803e+00 1.600794278966479300e+00 2.709349980960171322e+00
8.899999999999854694e+00 1.140076153598267750e+00 -2.942118386430525590e-01 4.442120400443789752e-01 1.442978352402395803e+00 1.600794278966479300e+00 2.709349980960171322e+00
8.909999999999854481e+00 1.140075958079523222e+00 -2.924270830387938891e-01 4.400032163572685229e-01 1.445489315832542809e+00 1.600090923195490511e+00 2.709976838451316095e+00
8.909999999999854481e+00 1.140075958079523222e+00 -2.924270830387938891e-01 4.400032163572685229e-01 1.445489315832542809e+00 1.600090923195490511e+00 2.709976838451316095e+00
8.919999999999854268e+00 1.140083870586718451e+00 -2.906551524393551911e-01 4.358128209496606731e-01 1.447983894108896274e+00 1.599397490893214036e+00 2.710594377958868595e+00
8.919999999999854268e+00 1.140083870586718451e+00 -2.906551524393551911e-01 4.358128209496606731e-01 1.447983894108896274e+00 1.599397490893214036e+00 2.710594377958868595e+00
8.929999999999854055e+00 1.140099812508577060e+00 -2.888960871918843099e-01 4.316411202259798352e-01 1.450461993906981162e+00 1.598713941245654357e+00 2.711202665168405357e+00
8.929999999999854055e+00 1.140099812508577060e+00 -2.888960871918843099e-01 4.316411202259798352e-01 1.450461993906981162e+00 1.598713941245654357e+00 2.711202665168405357e+00
8.939999999999853841e+00 1.140123704305192831e+00 -2.871499285756132780e-01 4.274883853330085914e-01 1.452923517921215879e+00 1.598040232838568775e+00 2.711801765632369410e+00
8.939999999999853841e+00 1.140123704305192831e+00 -2.871499285756132780e-01 4.274883853330085914e-01 1.452923517921215879e+00 1.598040232838568775e+00 2.711801765632369410e+00
8.949999999999853628e+00 1.140155465526667911e+00 -2.854167189019344852e-01 4.233548923350540782e-01 1.455368364883514731e+00 1.597376323660243846e+00 2.712391744778820613e+00
8.949999999999853628e+00 1.140155465526667911e+00 -2.854167189019344852e-01 4.233548923350540782e-01 1.455368364883514731e+00 1.597376323660243846e+00 2.712391744778820613e+00
8.959999999999853415e+00 1.140195014831728137e+00 -2.836965016145140961e-01 4.192409223889000391e-01 1.457796429582490561e+00 1.596722171103601484e+00 2.712972667920168668e+00
8.959999999999853415e+00 1.140195014831728137e+00 -2.836965016145140961e-01 4.192409223889000391e-01 1.457796429582490561e+00 1.596722171103601484e+00 2.712972667920168668e+00
8.969999999999853202e+00 1.140242270006320835e+00 -2.819893213892877282e-01 4.151467619181864466e-01 1.460207602883132560e+00 1.596077731967664226e+00 2.713544600261888817e+00
8.969999999999853202e+00 1.140242270006320835e+00 -2.819893213892877282e-01 4.151467619181864466e-01 1.460207602883132560e+00 1.596077731967664226e+00 2.713544600261888817e+00
8.979999999999852989e+00 1.140297147982196169e+00 -2.802952242341822386e-01 4.110727027868509853e-01 1.462601771746863122e+00 1.595442962458407221e+00 2.714107606911213999e+00
8.979999999999852989e+00 1.140297147982196169e+00 -2.802952242341822386e-01 4.110727027868509853e-01 1.462601771746863122e+00 1.595442962458407221e+00 2.714107606911213999e+00
8.989999999999852776e+00 1.140359564855476071e+00 -2.786142575884024697e-01 4.070190424712500366e-01 1.464978819251897990e+00 1.594817818189028236e+00 2.714661752885813684e+00
8.989999999999852776e+00 1.140359564855476071e+00 -2.786142575884024697e-01 4.070190424712500366e-01 1.464978819251897990e+00 1.594817818189028236e+00 2.714661752885813684e+00
8.999999999999852562e+00 1.140429435905213618e+00 -2.769464704211203609e-01 4.029860842305691970e-01 1.467338624613857112e+00 1.594202254179666767e+00 2.715207103122449617e+00
8.999999999999852562e+00 1.140429435905213618e+00 -2.769464704211203609e-01 4.029860842305691970e-01 1.467338624613857112e+00 1.594202254179666767e+00 2.715207103122449617e+00
9.009999999999852349e+00 1.140506675611943077e+00 -2.752919133293988407e-01 3.989741372751159365e-01 1.469681063206601745e+00 1.593596224856605126e+00 2.715743722485612466e+00
9.009999999999852349e+00 1.140506675611943077e+00 -2.752919133293988407e-01 3.989741372751159365e-01 1.469681063206601745e+00 1.593596224856605126e+00 2.715743722485612466e+00
9.019999999999852136e+00 1.140591197676224633e+00 -2.736506386351770237e-01 3.949835169320690120e-01 1.472006006583302717e+00 1.592999684050986131e+00 2.716271675776137151e+00
9.019999999999852136e+00 1.140591197676224633e+00 -2.736506386351770237e-01 3.949835169320690120e-01 1.472006006583302717e+00 1.592999684050986131e+00 2.716271675776137151e+00
9.029999999999851923e+00 1.140682915037183109e+00 -2.720227004811397453e-01 3.910145448082422703e-01 1.474313322497772472e+00 1.592412584997080938e+00 2.716791027739798636e+00
9.029999999999851923e+00 1.140682915037183109e+00 -2.720227004811397453e-01 3.910145448082422703e-01 1.474313322497772472e+00 1.592412584997080938e+00 2.716791027739798636e+00
9.039999999999851710e+00 1.140781739891043811e+00 -2.704081549252848049e-01 3.870675489493958232e-01 1.476602874926130182e+00 1.591834880330141644e+00 2.717301843075883294e+00
9.039999999999851710e+00 1.140781739891043811e+00 -2.704081549252848049e-01 3.870675489493958232e-01 1.476602874926130182e+00 1.591834880330141644e+00 2.717301843075883294e+00
9.049999999999851497e+00 1.140887583709665032e+00 -2.688070600339970695e-01 3.831428639956059867e-01 1.478874524088897413e+00 1.591266522083875756e+00 2.717804186445738512e+00
9.049999999999851497e+00 1.140887583709665032e+00 -2.688070600339970695e-01 3.831428639956059867e-01 1.478874524088897413e+00 1.591266522083875756e+00 2.717804186445738512e+00
9.059999999999851283e+00 1.141000357259067677e+00 -2.672194759734269898e-01 3.792408313321755653e-01 1.481128126473666429e+00 1.590707461687575597e+00 2.718298122481299650e+00
9.059999999999851283e+00 1.141000357259067677e+00 -2.672194759734269898e-01 3.792408313321755653e-01 1.481128126473666429e+00 1.590707461687575597e+00 2.718298122481299650e+00
9.069999999999851070e+00 1.141119970617964441e+00 -2.656454650989639732e-01 3.753617992355390287e-01 1.483363534858511690e+00 1.590157649962940178e+00 2.718783715793588573e+00
9.069999999999851070e+00 1.141119970617964441e+00 -2.656454650989639732e-01 3.753617992355390287e-01 1.483363534858511690e+00 1.590157649962940178e+00 2.718783715793588573e+00
9.079999999999850857e+00 1.141246333196287654e+00 -2.640850920425827919e-01 3.715061230135813797e-01 1.485580598336364577e+00 1.589617037120624854e+00 2.719261030981190430e+00
9.079999999999850857e+00 1.141246333196287654e+00 -2.640850920425827919e-01 3.715061230135813797e-01 1.485580598336364577e+00 1.589617037120624854e+00 2.719261030981190430e+00
9.089999999999850644e+00 1.141379353753714909e+00 -2.625384237978296009e-01 3.676741651397545385e-01 1.487779162340607364e+00 1.589085572756553599e+00 2.719730132638702447e+00
9.089999999999850644e+00 1.141379353753714909e+00 -2.625384237978296009e-01 3.676741651397545385e-01 1.487779162340607364e+00 1.589085572756553599e+00 2.719730132638702447e+00
9.099999999999850431e+00 1.141518940418195793e+00 -2.610055298022023740e-01 3.638662953803378786e-01 1.489959068672187303e+00 1.588563205848028792e+00 2.720191085365152084e+00
9.099999999999850431e+00 1.141518940418195793e+00 -2.610055298022023740e-01 3.638662953803378786e-01 1.489959068672187303e+00 1.588563205848028792e+00 2.720191085365152084e+00
9.109999999999850218e+00 1.141665000704476851e+00 -2.594864820166642438e-01 3.600828909141420842e-01 1.492120155528602776e+00 1.588049884749672680e+00 2.720643953772390766e+00
9.109999999999850218e+00 1.141665000704476851e+00 -2.594864820166642438e-01 3.600828909141420842e-01 1.492120155528602776e+00 1.588049884749672680e+00 2.720643953772390766e+00
9.119999999999850004e+00 1.141817441532627209e+00 -2.579813550020138013e-01 3.563243364439142580e-01 1.494262257535152738e+00 1.587545557189236067e+00 2.721088802493456082e+00
9.119999999999850004e+00 1.141817441532627209e+00 -2.579813550020138013e-01 3.563243364439142580e-01 1.494262257535152738e+00 1.587545557189236067e+00 2.721088802493456082e+00
9.129999999999849791e+00 1.141976169246562645e+00 -2.564902259918203087e-01 3.525910242986510790e-01 1.496385205778898220e+00 1.587050170263303972e+00 2.721525696190901566e+00
9.129999999999849791e+00 1.141976169246562645e+00 -2.564902259918203087e-01 3.525910242986510790e-01 1.496385205778898220e+00 1.587050170263303972e+00 2.721525696190901566e+00
9.139999999999849578e+00 1.142141089632570772e+00 -2.550131749616112997e-01 3.488833545259723001e-01 1.498488827845830151e+00 1.586563670432933781e+00 2.721954699565097613e+00
9.139999999999849578e+00 1.142141089632570772e+00 -2.550131749616112997e-01 3.488833545259723001e-01 1.498488827845830151e+00 1.586563670432933781e+00 2.721954699565097613e+00
9.149999999999849365e+00 1.142312107937835775e+00 -2.535502846939828303e-01 3.452017349736525853e-01 1.500572947861795736e+00 1.586086003519253884e+00 2.722375877362496865e+00
9.149999999999849365e+00 1.142312107937835775e+00 -2.535502846939828303e-01 3.452017349736525853e-01 1.500572947861795736e+00 1.586086003519253884e+00 2.722375877362496865e+00
9.159999999999849152e+00 1.142489128888963812e+00 -2.521016408392797725e-01 3.415465813593489552e-01 1.502637386537784447e+00 1.585617114699054975e+00 2.722789294383868075e+00
9.159999999999849152e+00 1.142489128888963812e+00 -2.521016408392797725e-01 3.415465813593489552e-01 1.502637386537784447e+00 1.585617114699054975e+00 2.722789294383868075e+00
9.169999999999848939e+00 1.142672056710508866e+00 -2.506673319714731174e-01 3.379183173274978857e-01 1.504681961220234898e+00 1.585156948500401342e+00 2.723195015492493543e+00
9.169999999999848939e+00 1.142672056710508866e+00 -2.506673319714731174e-01 3.379183173274978857e-01 1.504681961220234898e+00 1.585156948500401342e+00 2.723195015492493543e+00
9.179999999999848725e+00 1.142860795143500363e+00 -2.492474496388355776e-01 3.343173744922887103e-01 1.506706485947080010e+00 1.584705448798289673e+00 2.723593105622331034e+00
9.179999999999848725e+00 1.142860795143500363e+00 -2.492474496388355776e-01 3.343173744922887103e-01 1.506706485947080010e+00 1.584705448798289673e+00 2.723593105622331034e+00
9.189999999999848512e+00 1.143055247463973023e+00 -2.478420884089939102e-01 3.307441924655516452e-01 1.508710771510303639e+00 1.584262558810382471e+00 2.723983629786141059e+00
9.189999999999848512e+00 1.143055247463973023e+00 -2.478420884089939102e-01 3.307441924655516452e-01 1.508710771510303639e+00 1.584262558810382471e+00 2.723983629786141059e+00
9.199999999999848299e+00 1.143255316501498697e+00 -2.464513459079089308e-01 3.271992188683245928e-01 1.510694625525843104e+00 1.583828221092838495e+00 2.724366653083575063e+00
9.199999999999848299e+00 1.143255316501498697e+00 -2.464513459079089308e-01 3.271992188683245928e-01 1.510694625525843104e+00 1.583828221092838495e+00 2.724366653083575063e+00
9.209999999999848086e+00 1.143460904657723320e+00 -2.450753228523083471e-01 3.236829093247903244e-01 1.512657852511726908e+00 1.583402377536265337e+00 2.724742240709224994e+00
9.209999999999848086e+00 1.143460904657723320e+00 -2.450753228523083471e-01 3.236829093247903244e-01 1.512657852511726908e+00 1.583402377536265337e+00 2.724742240709224994e+00
9.219999999999847873e+00 1.143671913924907413e+00 -2.437141230750680121e-01 3.201957274371942108e-01 1.514600253975403099e+00 1.582984969361814098e+00 2.725110457960636001e+00
9.219999999999847873e+00 1.143671913924907413e+00 -2.437141230750680121e-01 3.201957274371942108e-01 1.514600253975403099e+00 1.582984969361814098e+00 2.725110457960636001e+00
9.229999999999847660e+00 1.143888245904474577e+00 -2.423678535430096037e-01 3.167381447402769501e-01 1.516521628511263486e+00 1.582575937117436382e+00 2.725471370246277836e+00
9.229999999999847660e+00 1.143888245904474577e+00 -2.423678535430096037e-01 3.167381447402769501e-01 1.516521628511263486e+00 1.582575937117436382e+00 2.725471370246277836e+00
9.239999999999847446e+00 1.144109801825567541e+00 -2.410366243665527097e-01 3.133106406336759742e-01 1.518421771909433060e+00 1.582175220674321814e+00 2.725825043093476729e+00
9.239999999999847446e+00 1.144109801825567541e+00 -2.410366243665527097e-01 3.133106406336759742e-01 1.518421771909433060e+00 1.582175220674321814e+00 2.725825043093476729e+00
9.249999999999847233e+00 1.144336482563614199e+00 -2.397205488006289298e-01 3.099137022906649497e-01 1.520300477276947504e+00 1.581782759223531176e+00 2.726171542156306415e+00
9.249999999999847233e+00 1.144336482563614199e+00 -2.397205488006289298e-01 3.099137022906649497e-01 1.520300477276947504e+00 1.581782759223531176e+00 2.726171542156306415e+00
9.259999999999847020e+00 1.144568188658905639e+00 -2.384197432362366587e-01 3.065478245415256264e-01 1.522157535172494747e+00 1.581398491272841822e+00 2.726510933223436961e+00
9.259999999999847020e+00 1.144568188658905639e+00 -2.384197432362366587e-01 3.065478245415256264e-01 1.522157535172494747e+00 1.581398491272841822e+00 2.726510933223436961e+00
9.269999999999846807e+00 1.144804820335189044e+00 -2.371343271819837673e-01 3.032135097297604109e-01 1.523992733755951123e+00 1.581022354643815575e+00 2.726843282225942744e+00
9.269999999999846807e+00 1.144804820335189044e+00 -2.371343271819837673e-01 3.032135097297604109e-01 1.523992733755951123e+00 1.581022354643815575e+00 2.726843282225942744e+00
9.279999999999846594e+00 1.145046277518277700e+00 -2.358644232349368652e-01 2.999112675392794358e-01 1.525805858953987348e+00 1.580654286469102221e+00 2.727168655245066464e+00
9.279999999999846594e+00 1.145046277518277700e+00 -2.358644232349368652e-01 2.999112675392794358e-01 1.525805858953987348e+00 1.580654286469102221e+00 2.727168655245066464e+00
9.289999999999846381e+00 1.145292459854679867e+00 -2.346101570400668523e-01 2.966416147906215106e-01 1.527596694643063691e+00 1.580294223189986580e+00 2.727487118519941411e+00
9.289999999999846381e+00 1.145292459854679867e+00 -2.346101570400668523e-01 2.966416147906215106e-01 1.527596694643063691e+00 1.580294223189986580e+00 2.727487118519941411e+00
9.299999999999846167e+00 1.145543266730252308e+00 -2.333716572375532372e-01 2.934050752041957311e-01 1.529365022851171929e+00 1.579942100554185824e+00 2.727798738455270655e+00
9.299999999999846167e+00 1.145543266730252308e+00 -2.333716572375532372e-01 2.934050752041957311e-01 1.529365022851171929e+00 1.579942100554185824e+00 2.727798738455270655e+00
9.309999999999845954e+00 1.145798597288878007e+00 -2.321490553971838622e-01 2.902021791284679075e-01 1.531110623979712981e+00 1.579597853613903480e+00 2.728103581628960494e+00
9.309999999999845954e+00 1.145798597288878007e+00 -2.321490553971838622e-01 2.902021791284679075e-01 1.531110623979712981e+00 1.579597853613903480e+00 2.728103581628960494e+00
9.319999999999845741e+00 1.146058350451174324e+00 -2.309424859390639406e-01 2.870334632309573530e-01 1.532833277046920850e+00 1.579261416724144107e+00 2.728401714799711719e+00
9.319999999999845741e+00 1.146058350451174324e+00 -2.309424859390639406e-01 2.870334632309573530e-01 1.532833277046920850e+00 1.579261416724144107e+00 2.728401714799711719e+00
9.329999999999845528e+00 1.146322424933234441e+00 -2.297520860398266918e-01 2.838994701498603335e-01 1.534532759954261527e+00 1.578932723541288441e+00 2.728693204914564685e+00
9.329999999999845528e+00 1.146322424933234441e+00 -2.297520860398266918e-01 2.838994701498603335e-01 1.534532759954261527e+00 1.578932723541288441e+00 2.728693204914564685e+00
9.339999999999845315e+00 1.146590719265404346e+00 -2.285779955235223704e-01 2.808007481040795117e-01 1.536208849777238594e+00 1.578611707021930988e+00 2.728978119116401757e+00
9.339999999999845315e+00 1.146590719265404346e+00 -2.285779955235223704e-01 2.808007481040795117e-01 1.536208849777238594e+00 1.578611707021930988e+00 2.728978119116401757e+00
9.349999999999845102e+00 1.146863131811101333e+00 -2.274203567363497214e-01 2.777378504594161801e-01 1.537861323082026610e+00 1.578298299421977635e+00 2.729256524751402235e+00
9.349999999999845102e+00 1.146863131811101333e+00 -2.274203567363497214e-01 2.777378504594161801e-01 1.537861323082026610e+00 1.578298299421977635e+00 2.729256524751402235e+00
9.359999999999844889e+00 1.147139560785676471e+00 -2.262793144043845350e-01 2.747113352486632021e-01 1.539489956269340931e+00 1.577992432295998615e+00 2.729528489376452871e+00
9.359999999999844889e+00 1.147139560785676471e+00 -2.262793144043845350e-01 2.747113352486632021e-01 1.539489956269340931e+00 1.577992432295998615e+00 2.729528489376452871e+00
9.369999999999844675e+00 1.147419904275324809e+00 -2.251550154734609788e-01 2.717217646433554012e-01 1.541094525946908211e+00 1.577694036496832597e+00 2.729794080766512643e+00
9.369999999999844675e+00 1.147419904275324809e+00 -2.251550154734609788e-01 2.717217646433554012e-01 1.541094525946908211e+00 1.577694036496832597e+00 2.729794080766512643e+00
9.379999999999844462e+00 1.147704060256047542e+00 -2.240476089303641283e-01 2.687697043749503467e-01 1.542674809331856967e+00 1.577403042175435477e+00 2.730053366921931346e+00
9.379999999999844462e+00 1.147704060256047542e+00 -2.240476089303641283e-01 2.687697043749503467e-01 1.542674809331856967e+00 1.577403042175435477e+00 2.730053366921931346e+00
9.389999999999844249e+00 1.147991926612670577e+00 -2.229572456045045559e-01 2.658557231032633306e-01 1.544230584684276986e+00 1.577119378780963421e+00 2.730306416075719778e+00
9.389999999999844249e+00 1.147991926612670577e+00 -2.229572456045045559e-01 2.658557231032633306e-01 1.544230584684276986e+00 1.577119378780963421e+00 2.730306416075719778e+00
9.399999999999844036e+00 1.148283401157920824e+00 -2.218840779492663173e-01 2.629803917300508331e-01 1.545761631773107325e+00 1.576842975061081287e+00 2.730553296700776400e+00
9.399999999999844036e+00 1.148283401157920824e+00 -2.218840779492663173e-01 2.629803917300508331e-01 1.545761631773107325e+00 1.576842975061081287e+00 2.730553296700776400e+00
9.409999999999843823e+00 1.148578381651566893e+00 -2.208282598022507370e-01 2.601442826557384680e-01 1.547267732375401827e+00 1.576573759062483759e+00 2.730794077517064267e+00
9.409999999999843823e+00 1.148578381651566893e+00 -2.208282598022507370e-01 2.601442826557384680e-01 1.547267732375401827e+00 1.576573759062483759e+00 2.730794077517064267e+00
9.419999999999843610e+00 1.148876765819623058e+00 -2.197899461236755836e-01 2.573479689774083590e-01 1.548748670809892314e+00 1.576311658131616333e+00 2.731028827498739542e+00
9.419999999999843610e+00 1.148876765819623058e+00 -2.197899461236755836e-01 2.573479689774083590e-01 1.548748670809892314e+00 1.576311658131616333e+00 2.731028827498739542e+00
9.429999999999843396e+00 1.149178451373623178e+00 -2.187692927122433517e-01 2.545920236263304326e-01 1.550204234505606848e+00 1.576056598915581253e+00 2.731257615881234280e+00
9.429999999999843396e+00 1.149178451373623178e+00 -2.187692927122433517e-01 2.545920236263304326e-01 1.550204234505606848e+00 1.576056598915581253e+00 2.731257615881234280e+00
9.439999999999843183e+00 1.149483336029964109e+00 -2.177664558978511522e-01 2.518770184434999670e-01 1.551634214606130158e+00 1.575808507363211985e+00 2.731480512168286801e+00
9.439999999999843183e+00 1.149483336029964109e+00 -2.177664558978511522e-01 2.518770184434999670e-01 1.551634214606130158e+00 1.575808507363211985e+00 2.731480512168286801e+00
9.449999999999842970e+00 1.149791317529321955e+00 -2.167815922105927051e-01 2.492035231918819926e-01 1.553038406609875688e+00 1.575567308726299354e+00 2.731697586138925882e+00
9.449999999999842970e+00 1.149791317529321955e+00 -2.167815922105927051e-01 2.492035231918819926e-01 1.553038406609875688e+00 1.575567308726299354e+00 2.731697586138925882e+00
9.459999999999842757e+00 1.150102293656140695e+00 -2.158148580255894178e-01 2.465721045043188786e-01 1.554416611046510965e+00 1.575332927560949559e+00 2.731908907854402102e+00
9.459999999999842757e+00 1.150102293656140695e+00 -2.158148580255894178e-01 2.465721045043188786e-01 1.554416611046510965e+00 1.575332927560949559e+00 2.731908907854402102e+00
9.469999999999842544e+00 1.150416162258195207e+00 -2.148664091832902523e-01 2.439833247663654170e-01 1.555768634189413246e+00 1.575105287729055892e+00 2.732114547665069892e+00
9.469999999999842544e+00 1.150416162258195207e+00 -2.148664091832902523e-01 2.439833247663654170e-01 1.555768634189413246e+00 1.575105287729055892e+00 2.732114547665069892e+00
9.479999999999842331e+00 1.150732821266227335e+00 -2.139364005849947736e-01 2.414377409336500857e-01 1.557094288803751780e+00 1.574884312399862152e+00 2.732314576217215407e+00
9.479999999999842331e+00 1.150732821266227335e+00 -2.139364005849947736e-01 2.414377409336500857e-01 1.557094288803751780e+00 1.574884312399862152e+00 2.732314576217215407e+00
9.489999999999842117e+00 1.151052168713653900e+00 -2.130249857634858301e-01 2.389359032837493901e-01 1.558393394929466602e+00 1.574669924051597336e+00 2.732509064459834658e+00
9.489999999999842117e+00 1.151052168713653900e+00 -2.130249857634858301e-01 2.389359032837493901e-01 1.558393394929466602e+00 1.574669924051597336e+00 2.732509064459834658e+00
9.499999999999841904e+00 1.151374102756345330e+00 -2.121323164288017593e-01 2.364783541029786551e-01 1.559665780698082926e+00 1.574462044473158073e+00 2.732698083651354803e+00
9.499999999999841904e+00 1.151374102756345330e+00 -2.121323164288017593e-01 2.364783541029786551e-01 1.559665780698082926e+00 1.574462044473158073e+00 2.732698083651354803e+00
9.509999999999841691e+00 1.151698521692470667e+00 -2.112585419893374117e-01 2.340656263089631595e-01 1.560911283181930953e+00 1.574260594765817478e+00 2.732881705366302150e+00
9.509999999999841691e+00 1.151698521692470667e+00 -2.112585419893374117e-01 2.340656263089631595e-01 1.560911283181930953e+00 1.574260594765817478e+00 2.732881705366302150e+00
9.519999999999841478e+00 1.152025323982405425e+00 -2.104038090486355650e-01 2.316982420103499973e-01 1.562129749273954982e+00 1.574065495344936227e+00 2.733060001501913749e+00
9.519999999999841478e+00 1.152025323982405425e+00 -2.104038090486355650e-01 2.316982420103499973e-01 1.562129749273954982e+00 1.574065495344936227e+00 2.733060001501913749e+00
9.529999999999841265e+00 1.152354257279255334e+00 -2.095750974052837945e-01 2.293967441511721717e-01 1.563303344641644665e+00 1.573876075538842345e+00 2.733232741051391024e+00
9.529999999999841265e+00 1.152354257279255334e+00 -2.095750974052837945e-01 2.293967441511721717e-01 1.563303344641644665e+00 1.573876075538842345e+00 2.733232741051391024e+00
9.539999999999841052e+00 1.152685252519437764e+00 -2.087713242321692919e-01 2.271579226061918033e-01 1.564435640444907794e+00 1.573692344213235561e+00 2.733400294199010983e+00
9.539999999999841052e+00 1.152685252519437764e+00 -2.087713242321692919e-01 2.271579226061918033e-01 1.564435640444907794e+00 1.573692344213235561e+00 2.733400294199010983e+00
9.549999999999840838e+00 1.153018236074491387e+00 -2.079915265070113595e-01 2.249789361012131117e-01 1.565529808271583390e+00 1.573514302239743978e+00 2.733562785821869401e+00
9.549999999999840838e+00 1.153018236074491387e+00 -2.079915265070113595e-01 2.249789361012131117e-01 1.565529808271583390e+00 1.573514302239743978e+00 2.733562785821869401e+00
9.559999999999840625e+00 1.153353130935458326e+00 -2.072348527257135142e-01 2.228572865879924758e-01 1.566588647425969816e+00 1.573341942754589162e+00 2.733720292475119606e+00
9.559999999999840625e+00 1.153353130935458326e+00 -2.072348527257135142e-01 2.228572865879924758e-01 1.566588647425969816e+00 1.573341942754589162e+00 2.733720292475119606e+00
9.569999999999840412e+00 1.153689857201885216e+00 -2.065005547562106802e-01 2.207907940052081797e-01 1.567614611863862528e+00 1.573175251450314338e+00 2.733872882045369046e+00
9.569999999999840412e+00 1.153689857201885216e+00 -2.065005547562106802e-01 2.207907940052081797e-01 1.567614611863862528e+00 1.573175251450314338e+00 2.733872882045369046e+00
9.579999999999840199e+00 1.154028332417992742e+00 -2.057879797677056311e-01 2.187775712798861460e-01 1.568609836864414797e+00 1.573014206888654787e+00 2.734020621697591302e+00
9.579999999999840199e+00 1.154028332417992742e+00 -2.057879797677056311e-01 2.187775712798861460e-01 1.568609836864414797e+00 1.573014206888654787e+00 2.734020621697591302e+00
9.589999999999839986e+00 1.154368471865125700e+00 -2.050965622746735717e-01 2.168159997015049190e-01 1.569576165280990088e+00 1.572858780827717684e+00 2.734163579431271085e+00
9.589999999999839986e+00 1.154368471865125700e+00 -2.050965622746735717e-01 2.168159997015049190e-01 1.569576165280990088e+00 1.572858780827717684e+00 2.734163579431271085e+00
9.599999999999839773e+00 1.154710188832425599e+00 -2.044258163470795142e-01 2.149047048294298046e-01 1.570515173192837954e+00 1.572708938558215142e+00 2.734301824348031928e+00
9.599999999999839773e+00 1.154710188832425599e+00 -2.044258163470795142e-01 2.149047048294298046e-01 1.570515173192837954e+00 1.572708938558215142e+00 2.734301824348031928e+00
9.609999999999839559e+00 1.155053394870235062e+00 -2.037753280326501382e-01 2.130425330753884794e-01 1.571428194801780087e+00 1.572564639244305118e+00 2.734435426659639568e+00
9.609999999999839559e+00 1.155053394870235062e+00 -2.037753280326501382e-01 2.130425330753884794e-01 1.571428194801780087e+00 1.572564639244305118e+00 2.734435426659639568e+00
9.619999999999839346e+00 1.155398000027333616e+00 -2.031447480287014440e-01 2.112285290767256518e-01 1.572316346446377855e+00 1.572425836265211707e+00 2.734564457644326207e+00
9.619999999999839346e+00 1.155398000027333616e+00 -2.031447480287014440e-01 2.112285290767256518e-01 1.572316346446377855e+00 1.572425836265211707e+00 2.734564457644326207e+00
9.629999999999839133e+00 1.155743913072513784e+00 -2.025337846329133551e-01 2.094619139511708084e-01 1.573180549633019565e+00 1.572292477554347423e+00 2.734688989593863084e+00
9.629999999999839133e+00 1.155743913072513784e+00 -2.025337846329133551e-01 2.094619139511708084e-01 1.573180549633019565e+00 1.572292477554347423e+00 2.734688989593863084e+00
9.639999999999838920e+00 1.156091041700961108e+00 -2.019421969951441242e-01 2.077420645013767775e-01 1.574021553007626473e+00 1.572164505933150824e+00 2.734809095760359021e+00
9.639999999999838920e+00 1.156091041700961108e+00 -2.019421969951441242e-01 2.077420645013767775e-01 1.574021553007626473e+00 1.572164505933150824e+00 2.734809095760359021e+00
9.649999999999838707e+00 1.156439292725952583e+00 -2.013697886859523722e-01 2.060684934176897354e-01 1.574839953213131416e+00 1.572041859437309119e+00 2.734924850304948585e+00
9.649999999999838707e+00 1.156439292725952583e+00 -2.013697886859523722e-01 2.060684934176897354e-01 1.574839953213131416e+00 1.572041859437309119e+00 2.734924850304948585e+00
9.659999999999838494e+00 1.156788572256454595e+00 -2.008164015919474688e-01 2.044408305104888912e-01 1.575636214596543683e+00 1.571924471633443732e+00 2.735036328249071946e+00
9.659999999999838494e+00 1.156788572256454595e+00 -2.008164015919474688e-01 2.044408305104888912e-01 1.575636214596543683e+00 1.571924471633443732e+00 2.735036328249071946e+00
9.669999999999838280e+00 1.157138785861243635e+00 -2.002819101433431503e-01 2.028588049887599942e-01 1.576410687745527284e+00 1.571812271924707405e+00 2.735143605428696834e+00
9.669999999999838280e+00 1.157138785861243635e+00 -2.002819101433431503e-01 2.028588049887599942e-01 1.576410687745527284e+00 1.571812271924707405e+00 2.735143605428696834e+00
9.679999999999838067e+00 1.157489838720216380e+00 -1.997662158751074835e-01 2.013222287892204310e-01 1.577163626848111067e+00 1.571705185844074482e+00 2.735246758451693072e+00
9.679999999999838067e+00 1.157489838720216380e+00 -1.997662158751074835e-01 2.013222287892204310e-01 1.577163626848111067e+00 1.571705185844074482e+00 2.735246758451693072e+00
9.689999999999837854e+00 1.157841635763574795e+00 -1.992692423198107188e-01 1.998309809500724288e-01 1.577895205880652796e+00 1.571603135334399770e+00 2.735345864658479620e+00
9.689999999999837854e+00 1.157841635763574795e+00 -1.992692423198107188e-01 1.998309809500724288e-01 1.577895205880652796e+00 1.571603135334399770e+00 2.735345864658479620e+00
9.699999999999837641e+00 1.158194081799590824e+00 -1.987909302276080203e-01 1.983849930151344865e-01 1.578605533638684610e+00 1.571506039014582301e+00 2.735441002086009377e+00
9.699999999999837641e+00 1.158194081799590824e+00 -1.987909302276080203e-01 1.983849930151344865e-01 1.578605533638684610e+00 1.571506039014582301e+00 2.735441002086009377e+00
9.709999999999837428e+00 1.158547081631651210e+00 -1.983312331066930390e-01 1.969842354474912183e-01 1.579294667632984872e+00 1.571413812431401658e+00 2.735532249435089547e+00
9.709999999999837428e+00 1.158547081631651210e+00 -1.983312331066930390e-01 1.969842354474912183e-01 1.579294667632984872e+00 1.571413812431401658e+00 2.735532249435089547e+00
9.719999999999837215e+00 1.158900540165285653e+00 -1.978901130759543325e-01 1.956287050267127570e-01 1.579962626879355181e+00 1.571326368296792841e+00 2.735619686040990928e+00
9.719999999999837215e+00 1.158900540165285653e+00 -1.978901130759543325e-01 1.956287050267127570e-01 1.579962626879355181e+00 1.571326368296792841e+00 2.735619686040990928e+00
9.729999999999837001e+00 1.159254362505861558e+00 -1.974675370203987923e-01 1.943184131999368680e-01 1.580609403615307107e+00 1.571243616710498392e+00 2.735703391847259525e+00
9.729999999999837001e+00 1.159254362505861558e+00 -1.974675370203987923e-01 1.943184131999368680e-01 1.580609403615307107e+00 1.571243616710498392e+00 2.735703391847259525e+00
9.739999999999836788e+00 1.159608454047614368e+00 -1.970634730391047362e-01 1.930533753544729225e-01 1.581234973980410574e+00 1.571165465368185465e+00 2.735783447382610589e+00
9.739999999999836788e+00 1.159608454047614368e+00 -1.970634730391047362e-01 1.930533753544729225e-01 1.581234973980410574e+00 1.571165465368185465e+00 2.735783447382610589e+00
9.749999999999836575e+00 1.159962720554654991e+00 -1.966778871749880475e-01 1.918336009779373075e-01 1.581839307699550501e+00 1.571091819755242147e+00 2.735859933740753647e+00
9.749999999999836575e+00 1.159962720554654991e+00 -1.966778871749880475e-01 1.918336009779373075e-01 1.581839307699550501e+00 1.571091819755242147e+00 2.735859933740753647e+00
9.759999999999836362e+00 1.160317068234570703e+00 -1.963107404154345870e-01 1.906590846710515263e-01 1.582422376810002973e+00 1.571022583326568967e+00 2.735932932562987308e+00
9.759999999999836362e+00 1.160317068234570703e+00 -1.963107404154345870e-01 1.906590846710515263e-01 1.582422376810002973e+00 1.571022583326568967e+00 2.735932932562987308e+00
9.769999999999836149e+00 1.160671403805199953e+00 -1.959619859528405894e-01 1.895297979780284914e-01 1.582984163474164818e+00 1.570957657672775065e+00 2.736002526023374237e+00
9.769999999999836149e+00 1.160671403805199953e+00 -1.959619859528405894e-01 1.895297979780284914e-01 1.582984163474164818e+00 1.570957657672775065e+00 2.736002526023374237e+00
9.779999999999835936e+00 1.161025634555133079e+00 -1.956315666942413933e-01 1.884456819997357424e-01 1.583524666920164359e+00 1.570896942673254637e+00 2.736068796816308435e+00
9.779999999999835936e+00 1.161025634555133079e+00 -1.956315666942413933e-01 1.884456819997357424e-01 1.583524666920164359e+00 1.570896942673254637e+00 2.736068796816308435e+00
9.789999999999835723e+00 1.161379668398453413e+00 -1.953194130094706438e-01 1.874066407554765834e-01 1.584043909552514728e+00 1.570840336636678769e+00 2.736131828146278089e+00
9.789999999999835723e+00 1.161379668398453413e+00 -1.953194130094706438e-01 1.874066407554765834e-01 1.584043909552514728e+00 1.570840336636678769e+00 2.736131828146278089e+00
9.799999999999835509e+00 1.161733413924195712e+00 -1.950254407076321417e-01 1.864125352601325170e-01 1.584541942274586335e+00 1.570787736429481996e+00 2.736191703719622392e+00
9.799999999999835509e+00 1.161733413924195712e+00 -1.950254407076321417e-01 1.864125352601325170e-01 1.584541942274586335e+00 1.570787736429481996e+00 2.736191703719622392e+00
9.809999999999835296e+00 1.162086780440968248e+00 -1.947495492320492350e-01 1.854631782844620436e-01 1.585018849064063762e+00 1.570739037592953524e+00 2.736248507738089586e+00
9.809999999999835296e+00 1.162086780440968248e+00 -1.947495492320492350e-01 1.854631782844620436e-01 1.585018849064063762e+00 1.570739037592953524e+00 2.736248507738089586e+00
9.819999999999835083e+00 1.162439678017145317e+00 -1.944916200642581861e-01 1.845583297674732448e-01 1.585474750841800118e+00 1.570694134449571067e+00 2.736302324894000826e+00
9.819999999999835083e+00 1.162439678017145317e+00 -1.944916200642581861e-01 1.845583297674732448e-01 1.585474750841800118e+00 1.570694134449571067e+00 2.736302324894000826e+00
9.829999999999834870e+00 1.162792017517006782e+00 -1.942515153280006679e-01 1.836976928508933515e-01 1.585909808673660493e+00 1.570652920199224534e+00 2.736353240366841799e+00
9.829999999999834870e+00 1.162792017517006782e+00 -1.942515153280006679e-01 1.836976928508933515e-01 1.585909808673660493e+00 1.570652920199224534e+00 2.736353240366841799e+00
9.839999999999834657e+00 1.163143710633165462e+00 -1.940290765845353593e-01 1.828809105068102125e-01 1.586324226344099309e+00 1.570615287005987515e+00 2.736401339821100009e+00
9.839999999999834657e+00 1.163143710633165462e+00 -1.940290765845353593e-01 1.828809105068102125e-01 1.586324226344099309e+00 1.570615287005987515e+00 2.736401339821100009e+00
9.849999999999834444e+00 1.163494669915595470e+00 -1.938241238109008335e-01 1.821075627304727940e-01 1.586718252339424762e+00 1.570581126076092460e+00 2.736446709405188749e+00
9.849999999999834444e+00 1.163494669915595470e+00 -1.938241238109008335e-01 1.821075627304727940e-01 1.586718252339424762e+00 1.570581126076092460e+00 2.736446709405188749e+00
9.859999999999834230e+00 1.163844808797543928e+00 -1.936364545530251391e-01 1.813771642710242937e-01 1.587092181277949043e+00 1.570550327727763706e+00 2.736489435751301880e+00
9.859999999999834230e+00 1.163844808797543928e+00 -1.936364545530251391e-01 1.813771642710242937e-01 1.587092181277949043e+00 1.570550327727763706e+00 2.736489435751301880e+00
9.869999999999834017e+00 1.164194041618583420e+00 -1.934658432457705690e-01 1.806891628735369792e-01 1.587446354823575767e+00 1.570522781453547845e+00 2.736529605976059987e+00
9.869999999999834017e+00 1.164194041618583420e+00 -1.934658432457705690e-01 1.806891628735369792e-01 1.587446354823575767e+00 1.570522781453547845e+00 2.736529605976059987e+00
9.879999999999833804e+00 1.164542283645037868e+00 -1.933120406921327028e-01 1.800429380061453200e-01 1.587781162118802047e+00 1.570498375975770244e+00 2.736567307681819994e+00
9.879999999999833804e+00 1.164542283645037868e+00 -1.933120406921327028e-01 1.800429380061453200e-01 1.587781162118802047e+00 1.570498375975770244e+00 2.736567307681819994e+00
9.889999999999833591e+00 1.164889451087992356e+00 -1.931747736938682347e-01 1.794378000462975853e-01 1.588097039772663699e+00 1.570476999295724818e+00 2.736602628958532790e+00
9.889999999999833591e+00 1.164889451087992356e+00 -1.931747736938682347e-01 1.794378000462975853e-01 1.588097039772663699e+00 1.570476999295724818e+00 2.736602628958532790e+00
9.899999999999833378e+00 1.165235461119078275e+00 -1.930537448258274613e-01 1.788729899002250989e-01 1.588394471438759004e+00 1.570458538737185661e+00 2.736635658386044945e+00
9.899999999999833378e+00 1.165235461119078275e+00 -1.930537448258274613e-01 1.788729899002250989e-01 1.588394471438759004e+00 1.570458538737185661e+00 2.736635658386044945e+00
9.909999999999833165e+00 1.165580231884208562e+00 -1.929486323461970243e-01 1.783476790296153469e-01 1.588673987018200284e+00 1.570442880984802558e+00 2.736666485036755248e+00
9.909999999999833165e+00 1.165580231884208562e+00 -1.929486323461970243e-01 1.783476790296153469e-01 1.588673987018200284e+00 1.570442880984802558e+00 2.736666485036755248e+00
9.919999999999832951e+00 1.165923682515422000e+00 -1.928590902347453451e-01 1.778609698592481525e-01 1.588936161522096713e+00 1.570429912117914162e+00 2.736695198478550584e+00
9.919999999999832951e+00 1.165923682515422000e+00 -1.928590902347453451e-01 1.778609698592481525e-01 1.588936161522096713e+00 1.570429912117914162e+00 2.736695198478550584e+00
9.929999999999832738e+00 1.166265733140981808e+00 -1.927847483510091164e-01 1.774118965390262537e-01 1.589181613627955514e+00 1.570419517640287532e+00 2.736721888777949196e+00
9.929999999999832738e+00 1.166265733140981808e+00 -1.927847483510091164e-01 1.774118965390262537e-01 1.589181613627955514e+00 1.570419517640287532e+00 2.736721888777949196e+00
9.939999999999832525e+00 1.166606304893865520e+00 -1.927252127041690077e-01 1.769994260334096792e-01 1.589411003964188884e+00 1.570411582506256343e+00 2.736746646503395830e+00
9.939999999999832525e+00 1.166606304893865520e+00 -1.927252127041690077e-01 1.769994260334096792e-01 1.589411003964188884e+00 1.570411582506256343e+00 2.736746646503395830e+00
9.949999999999832312e+00 1.166945319918770485e+00 -1.926800658261609289e-01 1.766224595108230044e-01 1.589625033156689460e+00 1.570405991143701163e+00 2.736769562728664340e+00
9.949999999999832312e+00 1.166945319918770485e+00 -1.926800658261609289e-01 1.766224595108230044e-01 1.589625033156689460e+00 1.570405991143701163e+00 2.736769562728664340e+00
9.959999999999832099e+00 1.167282701377754695e+00 -1.926488672393590063e-01 1.762798340051524304e-01 1.589824439671156053e+00 1.570402627474280388e+00 2.736790729036326919e+00
9.959999999999832099e+00 1.167282701377754695e+00 -1.926488672393590063e-01 1.762798340051524304e-01 1.589824439671156053e+00 1.570402627474280388e+00 2.736790729036326919e+00
9.969999999999831886e+00 1.167618373454622160e+00 -1.926311540099647501e-01 1.759703243210356538e-01 1.590009997484498117e+00 1.570401374931283955e+00 2.736810237521260625e+00
9.969999999999831886e+00 1.167618373454622160e+00 -1.926311540099647501e-01 1.759703243210356538e-01 1.590009997484498117e+00 1.570401374931283955e+00 2.736810237521260625e+00
9.979999999999831672e+00 1.167952261358162991e+00 -1.926264413780535978e-01 1.756926451542985823e-01 1.590182513618194182e+00 1.570402116475447585e+00 2.736828180794167231e+00
9.979999999999831672e+00 1.167952261358162991e+00 -1.926264413780535978e-01 1.756926451542985823e-01 1.590182513618194182e+00 1.570402116475447585e+00 2.736828180794167231e+00
9.989999999999831459e+00 1.168284291324346080e+00 -1.926342234550782462e-01 1.754454533986462283e-01 1.590342825565892682e+00 1.570404734609031072e+00 2.736844651985089527e+00
9.989999999999831459e+00 1.168284291324346080e+00 -1.926342234550782462e-01 1.754454533986462283e-01 1.590342825565892682e+00 1.570404734609031072e+00 2.736844651985089527e+00
9.999999999999831246e+00 1.168614390617567222e+00 -1.926539739795155304e-01 1.752273506095922417e-01 1.590491798646824329e+00 1.570409111388423984e+00 2.736859744746911183e+00
9.999999999999831246e+00 1.168614390617567222e+00 -1.926539739795155304e-01 1.752273506095922417e-01 1.590491798646824329e+00 1.570409111388423984e+00 2.736859744746911183e+00
1.000999999999983103e+01 1.168942487531044572e+00 -1.926851471212787381e-01 1.750368855966357162e-01 1.590630323315716410e+00 1.570415128435510121e+00 2.736873553258831748e+00
