# time, ang_and_lin_err
0.000000000000000000e+00 3.161477855475847143e-01 4.474227532585932365e-02
0.000000000000000000e+00 3.161477855475847143e-01 4.474227532585932365e-02
1.000000000000000021e-02 3.161477855475847143e-01 4.474227532585932365e-02
1.000000000000000021e-02 3.161477855475847143e-01 4.474227532585932365e-02
2.000000000000000042e-02 3.161477855475847143e-01 4.474226517824490823e-02
2.000000000000000042e-02 3.161477855475847143e-01 4.474226517824490823e-02
2.999999999999999889e-02 3.095690619856446557e-01 4.473977734227469610e-02
2.999999999999999889e-02 3.095690619856446557e-01 4.473977734227469610e-02
4.000000000000000083e-02 3.021189378158353755e-01 4.472052005586223816e-02
4.000000000000000083e-02 3.021189378158353755e-01 4.472052005586223816e-02
5.000000000000000278e-02 2.945203290444674549e-01 4.468027563376337358e-02
5.000000000000000278e-02 2.945203290444674549e-01 4.468027563376337358e-02
6.000000000000000472e-02 2.868668580925201606e-01 4.461647026308739744e-02
6.000000000000000472e-02 2.868668580925201606e-01 4.461647026308739744e-02
7.000000000000000666e-02 2.791710717095759464e-01 4.452707030912742697e-02
7.000000000000000666e-02 2.791710717095759464e-01 4.452707030912742697e-02
8.000000000000000167e-02 2.714381578544604601e-01 4.441042692773000677e-02
8.000000000000000167e-02 2.714381578544604601e-01 4.441042692773000677e-02
8.999999999999999667e-02 2.636739546563396930e-01 4.426523844975446126e-02
8.999999999999999667e-02 2.636739546563396930e-01 4.426523844975446126e-02
9.999999999999999167e-02 2.558857378211673583e-01 4.409052981525098808e-02
9.999999999999999167e-02 2.558857378211673583e-01 4.409052981525098808e-02
1.099999999999999867e-01 2.480820554778912779e-01 4.388563444060029212e-02
1.099999999999999867e-01 2.480820554778912779e-01 4.388563444060029212e-02
1.199999999999999817e-01 2.402724651877569950e-01 4.365017672136808219e-02
1.199999999999999817e-01 2.402724651877569950e-01 4.365017672136808219e-02
1.299999999999999767e-01 2.324672809104169624e-01 4.338405486948231776e-02
1.299999999999999767e-01 2.324672809104169624e-01 4.338405486948231776e-02
1.399999999999999856e-01 2.246773422697529443e-01 4.308742397285828668e-02
1.399999999999999856e-01 2.246773422697529443e-01 4.308742397285828668e-02
1.499999999999999944e-01 2.169138060756332920e-01 4.276067918616143632e-02
1.499999999999999944e-01 2.169138060756332920e-01 4.276067918616143632e-02
1.600000000000000033e-01 2.091879582308669994e-01 4.240443895789934581e-02
1.600000000000000033e-01 2.091879582308669994e-01 4.240443895789934581e-02
1.700000000000000122e-01 2.015110435736160999e-01 4.201952818790029298e-02
1.700000000000000122e-01 2.015110435736160999e-01 4.201952818790029298e-02
1.800000000000000211e-01 1.938941105840984724e-01 4.160696118921282383e-02
1.800000000000000211e-01 1.938941105840984724e-01 4.160696118921282383e-02
1.900000000000000300e-01 1.863478668800081228e-01 4.116792429376132934e-02
1.900000000000000300e-01 1.863478668800081228e-01 4.116792429376132934e-02
2.000000000000000389e-01 1.788825396683501323e-01 4.070375788090015157e-02
2.000000000000000389e-01 1.788825396683501323e-01 4.070375788090015157e-02
2.100000000000000477e-01 1.715077321221216700e-01 4.021593750186422400e-02
2.100000000000000477e-01 1.715077321221216700e-01 4.021593750186422400e-02
2.200000000000000566e-01 1.642322605753124554e-01 3.970605358060751849e-02
2.200000000000000566e-01 1.642322605753124554e-01 3.970605358060751849e-02
2.300000000000000655e-01 1.570639453010616582e-01 3.917578880749386649e-02
2.300000000000000655e-01 1.570639453010616582e-01 3.917578880749386649e-02
2.400000000000000744e-01 1.500093018826591795e-01 3.862689161551121492e-02
2.400000000000000744e-01 1.500093018826591795e-01 3.862689161551121492e-02
2.500000000000000555e-01 1.430730211340960345e-01 3.806114257178798421e-02
2.500000000000000555e-01 1.430730211340960345e-01 3.806114257178798421e-02
2.600000000000000644e-01 1.362569763065747952e-01 3.748030686564064046e-02
2.600000000000000644e-01 1.362569763065747952e-01 3.748030686564064046e-02
2.700000000000000733e-01 1.295580682471142997e-01 3.688605641932438117e-02
2.700000000000000733e-01 1.295580682471142997e-01 3.688605641932438117e-02
2.800000000000000822e-01 1.229627582157129112e-01 3.627981501608645853e-02
2.800000000000000822e-01 1.229627582157129112e-01 3.627981501608645853e-02
2.900000000000000910e-01 1.164296914217210072e-01 3.566235938959310542e-02
2.900000000000000910e-01 1.164296914217210072e-01 3.566235938959310542e-02
3.000000000000000999e-01 1.098076945211662186e-01 3.503227097923033995e-02
3.000000000000000999e-01 1.098076945211662186e-01 3.503227097923033995e-02
3.100000000000001088e-01 1.017901193207275540e-01 3.436995264436728398e-02
3.100000000000001088e-01 1.017901193207275540e-01 3.436995264436728398e-02
3.200000000000001177e-01 9.779100093165624119e-02 3.373173707958174866e-02
3.200000000000001177e-01 9.779100093165624119e-02 3.373173707958174866e-02
3.300000000000001266e-01 9.330418987352213922e-02 3.310817833983221992e-02
3.300000000000001266e-01 9.330418987352213922e-02 3.310817833983221992e-02
3.400000000000001354e-01 8.854607127812968992e-02 3.249599154801798701e-02
3.400000000000001354e-01 8.854607127812968992e-02 3.249599154801798701e-02
3.500000000000001443e-01 8.372629979815718326e-02 3.189433617547651756e-02
3.500000000000001443e-01 8.372629979815718326e-02 3.189433617547651756e-02
3.600000000000001532e-01 7.894438768397717132e-02 3.130330452998633661e-02
3.600000000000001532e-01 7.894438768397717132e-02 3.130330452998633661e-02
3.700000000000001621e-01 7.424952035093421165e-02 3.072334792149856650e-02
3.700000000000001621e-01 7.424952035093421165e-02 3.072334792149856650e-02
3.800000000000001710e-01 6.966983719160241284e-02 3.015504443001787091e-02
3.800000000000001710e-01 6.966983719160241284e-02 3.015504443001787091e-02
3.900000000000001799e-01 6.522375504485081188e-02 2.959898851218018684e-02
3.900000000000001799e-01 6.522375504485081188e-02 2.959898851218018684e-02
4.000000000000001887e-01 6.092468541836001256e-02 2.905573051400442419e-02
4.000000000000001887e-01 6.092468541836001256e-02 2.905573051400442419e-02
4.100000000000001976e-01 5.678328597347539336e-02 2.852573998564630897e-02
4.100000000000001976e-01 5.678328597347539336e-02 2.852573998564630897e-02
4.200000000000002065e-01 5.280869294579465523e-02 2.800938201461786528e-02
4.200000000000002065e-01 5.280869294579465523e-02 2.800938201461786528e-02
4.300000000000002154e-01 4.900928659762165268e-02 2.750690160374750365e-02
4.300000000000002154e-01 4.900928659762165268e-02 2.750690160374750365e-02
4.400000000000002243e-01 4.539322522850387093e-02 2.701841360520028379e-02
4.400000000000002243e-01 4.539322522850387093e-02 2.701841360520028379e-02
4.500000000000002331e-01 4.099105468132255292e-02 2.652729058105696147e-02
4.500000000000002331e-01 4.099105468132255292e-02 2.652729058105696147e-02
4.600000000000002420e-01 3.692620638912894049e-02 2.603740548296457069e-02
4.600000000000002420e-01 3.692620638912894049e-02 2.603740548296457069e-02
4.700000000000002509e-01 3.331430931158212150e-02 2.555148811930433791e-02
4.700000000000002509e-01 3.331430931158212150e-02 2.555148811930433791e-02
4.800000000000002598e-01 3.016142316771526152e-02 2.507179007844086149e-02
4.800000000000002598e-01 3.016142316771526152e-02 2.507179007844086149e-02
4.900000000000002687e-01 2.810302171577086158e-02 2.461292849732116955e-02
4.900000000000002687e-01 2.810302171577086158e-02 2.461292849732116955e-02
5.000000000000002220e-01 2.632914779249498696e-02 2.417271508248980058e-02
5.000000000000002220e-01 2.632914779249498696e-02 2.417271508248980058e-02
5.100000000000002309e-01 2.475053541728989420e-02 2.374973155555179169e-02
5.100000000000002309e-01 2.475053541728989420e-02 2.374973155555179169e-02
5.200000000000002398e-01 2.336622545518605987e-02 2.334257440676522355e-02
5.200000000000002398e-01 2.336622545518605987e-02 2.334257440676522355e-02
5.300000000000002487e-01 2.218430218473668378e-02 2.294976093052299507e-02
5.300000000000002487e-01 2.218430218473668378e-02 2.294976093052299507e-02
5.400000000000002576e-01 2.121094047268322347e-02 2.256973505321718462e-02
5.400000000000002576e-01 2.121094047268322347e-02 2.256973505321718462e-02
5.500000000000002665e-01 2.044786311225076439e-02 2.220088794774056559e-02
5.500000000000002665e-01 2.044786311225076439e-02 2.220088794774056559e-02
5.600000000000002753e-01 1.989107733830334721e-02 2.184158042039695616e-02
5.600000000000002753e-01 1.989107733830334721e-02 2.184158042039695616e-02
5.700000000000002842e-01 1.953032731014836196e-02 2.149016478908234370e-02
5.700000000000002842e-01 1.953032731014836196e-02 2.149016478908234370e-02
5.800000000000002931e-01 1.934939153530538386e-02 2.114500559705303692e-02
5.800000000000002931e-01 1.934939153530538386e-02 2.114500559705303692e-02
5.900000000000003020e-01 1.932721046661396019e-02 2.080449880703466245e-02
5.900000000000003020e-01 1.932721046661396019e-02 2.080449880703466245e-02
6.000000000000003109e-01 1.943958256690954053e-02 2.046708923351230058e-02
6.000000000000003109e-01 1.943958256690954053e-02 2.046708923351230058e-02
6.100000000000003197e-01 1.966102747680540178e-02 2.013128605707874275e-02
6.100000000000003197e-01 1.966102747680540178e-02 2.013128605707874275e-02
6.200000000000003286e-01 1.996644547437195077e-02 1.979567634295780268e-02
6.200000000000003286e-01 1.996644547437195077e-02 1.979567634295780268e-02
6.300000000000003375e-01 2.033235072246802888e-02 1.945893655624712781e-02
6.300000000000003375e-01 2.033235072246802888e-02 1.945893655624712781e-02
6.400000000000003464e-01 2.073762367132396534e-02 1.911984212725268556e-02
6.400000000000003464e-01 2.073762367132396534e-02 1.911984212725268556e-02
6.500000000000003553e-01 2.116384573473484645e-02 1.877727517040584174e-02
6.500000000000003553e-01 2.116384573473484645e-02 1.877727517040584174e-02
6.600000000000003642e-01 2.159532999503829126e-02 1.843023049948857434e-02
6.600000000000003642e-01 2.159532999503829126e-02 1.843023049948857434e-02
6.700000000000003730e-01 2.201896259610816933e-02 1.807782011080136600e-02
6.700000000000003730e-01 2.201896259610816933e-02 1.807782011080136600e-02
6.800000000000003819e-01 2.242394608825221125e-02 1.771927632563826543e-02
6.800000000000003819e-01 2.242394608825221125e-02 1.771927632563826543e-02
6.900000000000003908e-01 2.280150712661428714e-02 1.735395379545491557e-02
6.900000000000003908e-01 2.280150712661428714e-02 1.735395379545491557e-02
7.000000000000003997e-01 2.314460608923958954e-02 1.698133057908595561e-02
7.000000000000003997e-01 2.314460608923958954e-02 1.698133057908595561e-02
7.100000000000004086e-01 2.344766821378092489e-02 1.660100850295347444e-02
7.100000000000004086e-01 2.344766821378092489e-02 1.660100850295347444e-02
7.200000000000004174e-01 2.370634426563478919e-02 1.621271301398959780e-02
7.200000000000004174e-01 2.370634426563478919e-02 1.621271301398959780e-02
7.300000000000004263e-01 2.391730195534015266e-02 1.581629273240581571e-02
7.300000000000004263e-01 2.391730195534015266e-02 1.581629273240581571e-02
7.400000000000004352e-01 2.407804571182653799e-02 1.541171890865679003e-02
7.400000000000004352e-01 2.407804571182653799e-02 1.541171890865679003e-02
7.500000000000004441e-01 2.418676073783351463e-02 1.499908498691921756e-02
7.500000000000004441e-01 2.418676073783351463e-02 1.499908498691921756e-02
7.600000000000004530e-01 2.424217666328455298e-02 1.457860647672999665e-02
7.600000000000004530e-01 2.424217666328455298e-02 1.457860647672999665e-02
7.700000000000004619e-01 2.424344602102347299e-02 1.415062133530269918e-02
7.700000000000004619e-01 2.424344602102347299e-02 1.415062133530269918e-02
7.800000000000004707e-01 2.419003285868392625e-02 1.371559106505505603e-02
7.800000000000004707e-01 2.419003285868392625e-02 1.371559106505505603e-02
7.900000000000004796e-01 2.408160686155515554e-02 1.327410273282056755e-02
7.900000000000004796e-01 2.408160686155515554e-02 1.327410273282056755e-02
8.000000000000004885e-01 2.391793825348301553e-02 1.282687211648986247e-02
8.000000000000004885e-01 2.391793825348301553e-02 1.282687211648986247e-02
8.100000000000004974e-01 2.369878834895641079e-02 1.237474817675945221e-02
8.100000000000004974e-01 2.369878834895641079e-02 1.237474817675945221e-02
8.200000000000005063e-01 2.342378981981554920e-02 1.191871902827865322e-02
8.200000000000005063e-01 2.342378981981554920e-02 1.191871902827865322e-02
8.300000000000005151e-01 2.309230933574675515e-02 1.145991953239562655e-02
8.300000000000005151e-01 2.309230933574675515e-02 1.145991953239562655e-02
8.400000000000005240e-01 2.270328296490236805e-02 1.099964053110649882e-02
8.400000000000005240e-01 2.270328296490236805e-02 1.099964053110649882e-02
8.500000000000005329e-01 2.225501113968210778e-02 1.053933955364592771e-02
8.500000000000005329e-01 2.225501113968210778e-02 1.053933955364592771e-02
8.600000000000005418e-01 2.174489437880735079e-02 1.008065249776732460e-02
8.600000000000005418e-01 2.174489437880735079e-02 1.008065249776732460e-02
8.700000000000005507e-01 2.116908209488222586e-02 9.625405230387058461e-03
8.700000000000005507e-01 2.116908209488222586e-02 9.625405230387058461e-03
8.800000000000005596e-01 2.052199262656618714e-02 9.175623133873560613e-03
8.800000000000005596e-01 2.052199262656618714e-02 9.175623133873560613e-03
8.900000000000005684e-01 1.979563948923583269e-02 8.733535145550409134e-03
8.900000000000005684e-01 1.979563948923583269e-02 8.733535145550409134e-03
9.000000000000005773e-01 1.897866031687656108e-02 8.301566507683778504e-03
9.000000000000005773e-01 1.897866031687656108e-02 8.301566507683778504e-03
9.100000000000005862e-01 1.805487966486358370e-02 7.882310849204479317e-03
9.100000000000005862e-01 1.805487966486358370e-02 7.882310849204479317e-03
9.200000000000005951e-01 1.700112510966125465e-02 7.478466778763493382e-03
9.200000000000005951e-01 1.700112510966125465e-02 7.478466778763493382e-03
9.300000000000006040e-01 1.578382892042779970e-02 7.092716047987081100e-03
9.300000000000006040e-01 1.578382892042779970e-02 7.092716047987081100e-03
9.400000000000006128e-01 1.435367460303526611e-02 6.727508184986808956e-03
9.400000000000006128e-01 1.435367460303526611e-02 6.727508184986808956e-03
9.500000000000006217e-01 1.263744630684555253e-02 6.384697492576660825e-03
9.500000000000006217e-01 1.263744630684555253e-02 6.384697492576660825e-03
9.600000000000006306e-01 1.052883127805090066e-02 6.064945157412321430e-03
9.600000000000006306e-01 1.052883127805090066e-02 6.064945157412321430e-03
9.700000000000006395e-01 7.909565579950660758e-03 5.766730567587186745e-03
9.700000000000006395e-01 7.909565579950660758e-03 5.766730567587186745e-03
9.800000000000006484e-01 5.121184145647043016e-03 5.484817654912622735e-03
9.800000000000006484e-01 5.121184145647043016e-03 5.484817654912622735e-03
9.900000000000006573e-01 6.902893304838267699e-03 5.207144587912942643e-03
9.900000000000006573e-01 6.902893304838267699e-03 5.207144587912942643e-03
1.000000000000000666e+00 1.982215283541630124e-02 4.910537161610607250e-03
1.000000000000000666e+00 1.982215283541630124e-02 4.910537161610607250e-03
1.010000000000000675e+00 7.576746207148096768e-02 4.669929557633092226e-03
1.010000000000000675e+00 7.576746207148096768e-02 4.669929557633092226e-03
1.020000000000000684e+00 4.025841218394794752e-02 4.104457247349384622e-03
1.020000000000000684e+00 4.025841218394794752e-02 4.104457247349384622e-03
1.030000000000000693e+00 1.425439912742347721e-02 3.697201834702366473e-03
1.030000000000000693e+00 1.425439912742347721e-02 3.697201834702366473e-03
1.040000000000000702e+00 7.091408229027893438e-03 3.436965452662847902e-03
1.040000000000000702e+00 7.091408229027893438e-03 3.436965452662847902e-03
1.050000000000000711e+00 1.797745928061373136e-02 3.334711082030085601e-03
1.050000000000000711e+00 1.797745928061373136e-02 3.334711082030085601e-03
1.060000000000000719e+00 2.609095307305409062e-02 3.412556753963326851e-03
1.060000000000000719e+00 2.609095307305409062e-02 3.412556753963326851e-03
1.070000000000000728e+00 3.001515482947610461e-02 3.660571600601773661e-03
1.070000000000000728e+00 3.001515482947610461e-02 3.660571600601773661e-03
1.080000000000000737e+00 2.077672683566396117e-01 5.974697116373596691e-03
1.080000000000000737e+00 2.077672683566396117e-01 5.974697116373596691e-03
1.090000000000000746e+00 1.970667004258830346e-01 7.229298167390006691e-03
1.090000000000000746e+00 1.970667004258830346e-01 7.229298167390006691e-03
1.100000000000000755e+00 1.548632656957784348e-01 8.423846489192464773e-03
1.100000000000000755e+00 1.548632656957784348e-01 8.423846489192464773e-03
1.110000000000000764e+00 1.160995740712960633e-01 9.724807135632543634e-03
1.110000000000000764e+00 1.160995740712960633e-01 9.724807135632543634e-03
1.120000000000000773e+00 8.333771027519397412e-02 1.112409896035479288e-02
1.120000000000000773e+00 8.333771027519397412e-02 1.112409896035479288e-02
1.130000000000000782e+00 5.557480343886803120e-02 1.259849466252743570e-02
1.130000000000000782e+00 5.557480343886803120e-02 1.259849466252743570e-02
1.140000000000000790e+00 3.200264443871803088e-02 1.412789409206213070e-02
1.140000000000000790e+00 3.200264443871803088e-02 1.412789409206213070e-02
1.150000000000000799e+00 1.327718205169936896e-02 1.569503189197674758e-02
1.150000000000000799e+00 1.327718205169936896e-02 1.569503189197674758e-02
1.160000000000000808e+00 1.225470539136059092e-02 1.728442454893945948e-02
1.160000000000000808e+00 1.225470539136059092e-02 1.728442454893945948e-02
1.170000000000000817e+00 2.584014198190792699e-02 1.888202829488103140e-02
1.170000000000000817e+00 2.584014198190792699e-02 1.888202829488103140e-02
1.180000000000000826e+00 3.911521695622106193e-02 2.047509866731474573e-02
1.180000000000000826e+00 3.911521695622106193e-02 2.047509866731474573e-02
1.190000000000000835e+00 5.093325225177659787e-02 2.205212727378284138e-02
1.190000000000000835e+00 5.093325225177659787e-02 2.205212727378284138e-02
1.200000000000000844e+00 6.130346112214337534e-02 2.360280248974560430e-02
1.200000000000000844e+00 6.130346112214337534e-02 2.360280248974560430e-02
1.210000000000000853e+00 7.035264480212530258e-02 2.511797334341604737e-02
1.210000000000000853e+00 7.035264480212530258e-02 2.511797334341604737e-02
1.220000000000000862e+00 7.821928514721390724e-02 2.658960998079263824e-02
1.220000000000000862e+00 7.821928514721390724e-02 2.658960998079263824e-02
1.230000000000000870e+00 8.503397502436392530e-02 2.801075946122639354e-02
1.230000000000000870e+00 8.503397502436392530e-02 2.801075946122639354e-02
1.240000000000000879e+00 9.091762124291180580e-02 2.937544519055267089e-02
1.240000000000000879e+00 9.091762124291180580e-02 2.937544519055267089e-02
1.250000000000000888e+00 9.597495783019552307e-02 3.067875588066345735e-02
1.250000000000000888e+00 9.597495783019552307e-02 3.067875588066345735e-02
1.260000000000000897e+00 1.003000856476482100e-01 3.191668633754975171e-02
1.260000000000000897e+00 1.003000856476482100e-01 3.191668633754975171e-02
1.270000000000000906e+00 1.039769857203046155e-01 3.308608868887865512e-02
1.270000000000000906e+00 1.039769857203046155e-01 3.308608868887865512e-02
1.280000000000000915e+00 1.070803667939589643e-01 3.418461963824161870e-02
1.280000000000000915e+00 1.070803667939589643e-01 3.418461963824161870e-02
1.290000000000000924e+00 1.096765263274983998e-01 3.521068596061562722e-02
1.290000000000000924e+00 1.096765263274983998e-01 3.521068596061562722e-02
1.300000000000000933e+00 1.118241645200492296e-01 3.616338917586880281e-02
1.300000000000000933e+00 1.118241645200492296e-01 3.616338917586880281e-02
1.310000000000000941e+00 1.135751399082372409e-01 3.704247005626450095e-02
1.310000000000000941e+00 1.135751399082372409e-01 3.704247005626450095e-02
1.320000000000000950e+00 1.149751664511385330e-01 3.784825349835106711e-02
1.320000000000000950e+00 1.149751664511385330e-01 3.784825349835106711e-02
1.330000000000000959e+00 1.160644550591550944e-01 3.858159419959073660e-02
1.330000000000000959e+00 1.160644550591550944e-01 3.858159419959073660e-02
1.340000000000000968e+00 1.168783032059268895e-01 3.924382350534778852e-02
1.340000000000000968e+00 1.168783032059268895e-01 3.924382350534778852e-02
1.350000000000000977e+00 1.174476361885730957e-01 3.983669772700011019e-02
1.350000000000000977e+00 1.174476361885730957e-01 3.983669772700011019e-02
1.360000000000000986e+00 1.177995033008808201e-01 4.036234817441539807e-02
1.360000000000000986e+00 1.177995033008808201e-01 4.036234817441539807e-02
1.370000000000000995e+00 1.179575318497655956e-01 4.082323309439497838e-02
1.370000000000000995e+00 1.179575318497655956e-01 4.082323309439497838e-02
1.380000000000001004e+00 1.179423416460655960e-01 4.122209166015645271e-02
1.380000000000001004e+00 1.179423416460655960e-01 4.122209166015645271e-02
1.390000000000001013e+00 1.177719223558308381e-01 4.156190011517923999e-02
1.390000000000001013e+00 1.177719223558308381e-01 4.156190011517923999e-02
1.400000000000001021e+00 1.174619759078630032e-01 4.184583013761977721e-02
1.400000000000001021e+00 1.174619759078630032e-01 4.184583013761977721e-02
1.410000000000001030e+00 1.170262260105229268e-01 4.207720945915253280e-02
1.410000000000001030e+00 1.170262260105229268e-01 4.207720945915253280e-02
1.420000000000001039e+00 1.164766967270601389e-01 4.225948474457331960e-02
1.420000000000001039e+00 1.164766967270601389e-01 4.225948474457331960e-02
1.430000000000001048e+00 1.158239619852174523e-01 4.239618671598107541e-02
1.430000000000001048e+00 1.158239619852174523e-01 4.239618671598107541e-02
1.440000000000001057e+00 1.150773678456226412e-01 4.249089748791067683e-02
1.440000000000001057e+00 1.150773678456226412e-01 4.249089748791067683e-02
1.450000000000001066e+00 1.142452293171919153e-01 4.254722006740293411e-02
1.450000000000001066e+00 1.142452293171919153e-01 4.254722006740293411e-02
1.460000000000001075e+00 1.133350034800490458e-01 4.256874996558347030e-02
1.460000000000001075e+00 1.133350034800490458e-01 4.256874996558347030e-02
1.470000000000001084e+00 1.123534406517137096e-01 4.255904886461551323e-02
1.470000000000001084e+00 1.123534406517137096e-01 4.255904886461551323e-02
1.480000000000001092e+00 1.113067153058703712e-01 4.252162028549772571e-02
1.480000000000001092e+00 1.113067153058703712e-01 4.252162028549772571e-02
1.490000000000001101e+00 1.102005384212407790e-01 4.245988720753076512e-02
1.490000000000001101e+00 1.102005384212407790e-01 4.245988720753076512e-02
1.500000000000001110e+00 1.090402528983491909e-01 4.237717159868364947e-02
1.500000000000001110e+00 1.090402528983491909e-01 4.237717159868364947e-02
1.510000000000001119e+00 1.078309136327711693e-01 4.227667582667918311e-02
1.510000000000001119e+00 1.078309136327711693e-01 4.227667582667918311e-02
1.520000000000001128e+00 1.065773537742959881e-01 4.216146593242008078e-02
1.520000000000001128e+00 1.065773537742959881e-01 4.216146593242008078e-02
1.530000000000001137e+00 1.052842386327223212e-01 4.203445675933231707e-02
1.530000000000001137e+00 1.052842386327223212e-01 4.203445675933231707e-02
1.540000000000001146e+00 1.039561086138912765e-01 4.189839894321131103e-02
1.540000000000001146e+00 1.039561086138912765e-01 4.189839894321131103e-02
1.550000000000001155e+00 1.025974124856971620e-01 4.175586777611191985e-02
1.550000000000001155e+00 1.025974124856971620e-01 4.175586777611191985e-02
1.560000000000001164e+00 1.012125321851911341e-01 4.160925396373645752e-02
1.560000000000001164e+00 1.012125321851911341e-01 4.160925396373645752e-02
1.570000000000001172e+00 9.980580028658404823e-02 4.146075629775793081e-02
1.570000000000001172e+00 9.980580028658404823e-02 4.146075629775793081e-02
1.580000000000001181e+00 9.838151115798506041e-02 4.131237626190119999e-02
1.580000000000001181e+00 9.838151115798506041e-02 4.131237626190119999e-02
1.590000000000001190e+00 9.694392674393094433e-02 4.116591458303225232e-02
1.590000000000001190e+00 9.694392674393094433e-02 4.116591458303225232e-02
1.600000000000001199e+00 9.549727782272370014e-02 4.102296972586461782e-02
1.600000000000001199e+00 9.549727782272370014e-02 4.102296972586461782e-02
1.610000000000001208e+00 9.404576150356531994e-02 4.088493831249691984e-02
1.610000000000001208e+00 9.404576150356531994e-02 4.088493831249691984e-02
1.620000000000001217e+00 9.259353564938746506e-02 4.075301742643338415e-02
1.620000000000001217e+00 9.259353564938746506e-02 4.075301742643338415e-02
1.630000000000001226e+00 9.114471083774784710e-02 4.062820873598946281e-02
1.630000000000001226e+00 9.114471083774784710e-02 4.062820873598946281e-02
1.640000000000001235e+00 8.970334040454656932e-02 4.051132434523595227e-02
1.640000000000001235e+00 8.970334040454656932e-02 4.051132434523595227e-02
1.650000000000001243e+00 8.827340905373318170e-02 4.040299425330509675e-02
1.650000000000001243e+00 8.827340905373318170e-02 4.040299425330509675e-02
1.660000000000001252e+00 8.685882046051535132e-02 4.030367527644128367e-02
1.660000000000001252e+00 8.685882046051535132e-02 4.030367527644128367e-02
1.670000000000001261e+00 8.546338424563190705e-02 4.021366126309811051e-02
1.670000000000001261e+00 8.546338424563190705e-02 4.021366126309811051e-02
1.680000000000001270e+00 8.409080265362067763e-02 4.013309441198149863e-02
1.680000000000001270e+00 8.409080265362067763e-02 4.013309441198149863e-02
1.690000000000001279e+00 8.274465722825100067e-02 4.006197748731219616e-02
1.690000000000001279e+00 8.274465722825100067e-02 4.006197748731219616e-02
1.700000000000001288e+00 8.142839574285470894e-02 4.000018671550678584e-02
1.700000000000001288e+00 8.142839574285470894e-02 4.000018671550678584e-02
1.710000000000001297e+00 8.014531961158755102e-02 3.994748514340445977e-02
1.710000000000001297e+00 8.014531961158755102e-02 3.994748514340445977e-02
1.720000000000001306e+00 7.889857197906803565e-02 3.990353624014839756e-02
1.720000000000001306e+00 7.889857197906803565e-02 3.990353624014839756e-02
1.730000000000001315e+00 7.769112665972276177e-02 3.986791753259084914e-02
1.730000000000001315e+00 7.769112665972276177e-02 3.986791753259084914e-02
1.740000000000001323e+00 7.652577807387436759e-02 3.984013407704731224e-02
1.740000000000001323e+00 7.652577807387436759e-02 3.984013407704731224e-02
1.750000000000001332e+00 7.540513230452668136e-02 3.981963158754805304e-02
1.750000000000001332e+00 7.540513230452668136e-02 3.981963158754805304e-02
1.760000000000001341e+00 7.433159937636751868e-02 3.980580906145859271e-02
1.760000000000001341e+00 7.433159937636751868e-02 3.980580906145859271e-02
1.770000000000001350e+00 7.330738683623634622e-02 3.979803076638339931e-02
1.770000000000001350e+00 7.330738683623634622e-02 3.979803076638339931e-02
1.780000000000001359e+00 7.233449469182311187e-02 3.979563747660589540e-02
1.780000000000001359e+00 7.233449469182311187e-02 3.979563747660589540e-02
1.790000000000001368e+00 7.141471174245767051e-02 3.979795687190593179e-02
1.790000000000001368e+00 7.141471174245767051e-02 3.979795687190593179e-02
1.800000000000001377e+00 7.054961331246101253e-02 3.980431303562203399e-02
1.800000000000001377e+00 7.054961331246101253e-02 3.980431303562203399e-02
1.810000000000001386e+00 6.974056037379734729e-02 3.981403501148500501e-02
1.810000000000001386e+00 6.974056037379734729e-02 3.981403501148500501e-02
1.820000000000001394e+00 6.898870002104369459e-02 3.982646439955732365e-02
1.820000000000001394e+00 6.898870002104369459e-02 3.982646439955732365e-02
1.830000000000001403e+00 6.829496723849902418e-02 3.984096199010662975e-02
1.830000000000001403e+00 6.829496723849902418e-02 3.984096199010662975e-02
1.840000000000001412e+00 6.766008787725939777e-02 3.985691345024659771e-02
1.840000000000001412e+00 6.766008787725939777e-02 3.985691345024659771e-02
1.850000000000001421e+00 6.708458274013262557e-02 3.987373409158569137e-02
1.850000000000001421e+00 6.708458274013262557e-02 3.987373409158569137e-02
1.860000000000001430e+00 6.656877265511963737e-02 3.989087275795121651e-02
1.860000000000001430e+00 6.656877265511963737e-02 3.989087275795121651e-02
1.870000000000001439e+00 6.611278440474518958e-02 3.990781488067498411e-02
1.870000000000001439e+00 6.611278440474518958e-02 3.990781488067498411e-02
1.880000000000001448e+00 6.571655736940462678e-02 3.992408475509121035e-02
1.880000000000001448e+00 6.571655736940462678e-02 3.992408475509121035e-02
1.890000000000001457e+00 6.537985073863909757e-02 3.993924709607103718e-02
1.890000000000001457e+00 6.537985073863909757e-02 3.993924709607103718e-02
1.900000000000001465e+00 6.510225114511339339e-02 3.995290793287176179e-02
1.900000000000001465e+00 6.510225114511339339e-02 3.995290793287176179e-02
1.910000000000001474e+00 6.488318058198597194e-02 3.996471490456330461e-02
1.910000000000001474e+00 6.488318058198597194e-02 3.996471490456330461e-02
1.920000000000001483e+00 6.472190447497880306e-02 3.997435701709955297e-02
1.920000000000001483e+00 6.472190447497880306e-02 3.997435701709955297e-02
1.930000000000001492e+00 6.461753979513040758e-02 3.998156392195337250e-02
1.930000000000001492e+00 6.461753979513040758e-02 3.998156392195337250e-02
1.940000000000001501e+00 6.456906311603817505e-02 3.998610477436974342e-02
1.940000000000001501e+00 6.456906311603817505e-02 3.998610477436974342e-02
1.950000000000001510e+00 6.457531853931113008e-02 3.998778672689987795e-02
1.950000000000001510e+00 6.457531853931113008e-02 3.998778672689987795e-02
1.960000000000001519e+00 6.463502543276558598e-02 3.998645311113162293e-02
1.960000000000001519e+00 6.463502543276558598e-02 3.998645311113162293e-02
1.970000000000001528e+00 6.474678594647510776e-02 3.998198135755911403e-02
1.970000000000001528e+00 6.474678594647510776e-02 3.998198135755911403e-02
1.980000000000001537e+00 6.490909229102968803e-02 3.997428070045500048e-02
1.980000000000001537e+00 6.490909229102968803e-02 3.997428070045500048e-02
1.990000000000001545e+00 6.512033377937211098e-02 3.996328971150385490e-02
1.990000000000001545e+00 6.512033377937211098e-02 3.996328971150385490e-02
2.000000000000001332e+00 6.537880364768182406e-02 3.994897370288426341e-02
2.000000000000001332e+00 6.537880364768182406e-02 3.994897370288426341e-02
2.010000000000001119e+00 6.568270568151897415e-02 3.993132203750010545e-02
2.010000000000001119e+00 6.568270568151897415e-02 3.993132203750010545e-02
2.020000000000000906e+00 6.603016068065574451e-02 3.991034538118661684e-02
2.020000000000000906e+00 6.603016068065574451e-02 3.991034538118661684e-02
2.030000000000000693e+00 6.641921279978266202e-02 3.988607292895137574e-02
2.030000000000000693e+00 6.641921279978266202e-02 3.988607292895137574e-02
2.040000000000000480e+00 6.684783580283479298e-02 3.985854963469316614e-02
2.040000000000000480e+00 6.684783580283479298e-02 3.985854963469316614e-02
2.050000000000000266e+00 6.731393926650061643e-02 3.982783347132396595e-02
2.050000000000000266e+00 6.731393926650061643e-02 3.982783347132396595e-02
2.060000000000000053e+00 6.781537476405430365e-02 3.979399274583934193e-02
2.060000000000000053e+00 6.781537476405430365e-02 3.979399274583934193e-02
2.069999999999999840e+00 6.834994205462947836e-02 3.975710349158574630e-02
2.069999999999999840e+00 6.834994205462947836e-02 3.975710349158574630e-02
2.079999999999999627e+00 6.891539529597406899e-02 3.971724695777769515e-02
2.079999999999999627e+00 6.891539529597406899e-02 3.971724695777769515e-02
2.089999999999999414e+00 6.950944929119276527e-02 3.967450721418975396e-02
2.089999999999999414e+00 6.950944929119276527e-02 3.967450721418975396e-02
2.099999999999999201e+00 7.012978577246159473e-02 3.962896888688224178e-02
2.099999999999999201e+00 7.012978577246159473e-02 3.962896888688224178e-02
2.109999999999998987e+00 7.077405971759694048e-02 3.958071503880032649e-02
2.109999999999998987e+00 7.077405971759694048e-02 3.958071503880032649e-02
2.119999999999998774e+00 7.143990568900038252e-02 3.952982520710857095e-02
2.119999999999998774e+00 7.143990568900038252e-02 3.952982520710857095e-02
2.129999999999998561e+00 7.212494417906800681e-02 3.947637360717955873e-02
2.129999999999998561e+00 7.212494417906800681e-02 3.947637360717955873e-02
2.139999999999998348e+00 7.282678794180072468e-02 3.942042751123035760e-02
2.139999999999998348e+00 7.282678794180072468e-02 3.942042751123035760e-02
2.149999999999998135e+00 7.354304828709176678e-02 3.936204580772401096e-02
2.149999999999998135e+00 7.354304828709176678e-02 3.936204580772401096e-02
2.159999999999997922e+00 7.427134131199426836e-02 3.930127774578617145e-02
2.159999999999997922e+00 7.427134131199426836e-02 3.930127774578617145e-02
2.169999999999997708e+00 7.500929404212440532e-02 3.923816186708047049e-02
2.169999999999997708e+00 7.500929404212440532e-02 3.923816186708047049e-02
2.179999999999997495e+00 7.575455045609200133e-02 3.917272512580696753e-02
2.179999999999997495e+00 7.575455045609200133e-02 3.917272512580696753e-02
2.189999999999997282e+00 7.650477736638600090e-02 3.910498219578307372e-02
2.189999999999997282e+00 7.650477736638600090e-02 3.910498219578307372e-02
2.199999999999997069e+00 7.725767013130606375e-02 3.903493496191595691e-02
2.199999999999997069e+00 7.725767013130606375e-02 3.903493496191595691e-02
2.209999999999996856e+00 7.801095817420822254e-02 3.896257219182290565e-02
2.209999999999996856e+00 7.801095817420822254e-02 3.896257219182290565e-02
2.219999999999996643e+00 7.876241028837892288e-02 3.888786938188686787e-02
2.219999999999996643e+00 7.876241028837892288e-02 3.888786938188686787e-02
2.229999999999996430e+00 7.950983970815928004e-02 3.881078877068647182e-02
2.229999999999996430e+00 7.950983970815928004e-02 3.881078877068647182e-02
2.239999999999996216e+00 8.025110892938541740e-02 3.873127951150661524e-02
2.239999999999996216e+00 8.025110892938541740e-02 3.873127951150661524e-02
2.249999999999996003e+00 8.098413426474738996e-02 3.864927799454441482e-02
2.249999999999996003e+00 8.098413426474738996e-02 3.864927799454441482e-02
2.259999999999995790e+00 8.170689012215445746e-02 3.856470830847156389e-02
2.259999999999995790e+00 8.170689012215445746e-02 3.856470830847156389e-02
2.269999999999995577e+00 8.241741299665779341e-02 3.847748283021582005e-02
2.269999999999995577e+00 8.241741299665779341e-02 3.847748283021582005e-02
2.279999999999995364e+00 8.311380516879947333e-02 3.838750293118336349e-02
2.279999999999995364e+00 8.311380516879947333e-02 3.838750293118336349e-02
2.289999999999995151e+00 8.379423810445862930e-02 3.829465978765861367e-02
2.289999999999995151e+00 8.379423810445862930e-02 3.829465978765861367e-02
2.299999999999994937e+00 8.445695555329760240e-02 3.819883528280015872e-02
2.299999999999994937e+00 8.445695555329760240e-02 3.819883528280015872e-02
2.309999999999994724e+00 8.510027634477110303e-02 3.809990298747264331e-02
2.309999999999994724e+00 8.510027634477110303e-02 3.809990298747264331e-02
2.319999999999994511e+00 8.572259688235908670e-02 3.799772920715512037e-02
2.319999999999994511e+00 8.572259688235908670e-02 3.799772920715512037e-02
2.329999999999994298e+00 8.632239333819133331e-02 3.789217408227484041e-02
2.329999999999994298e+00 8.632239333819133331e-02 3.789217408227484041e-02
2.339999999999994085e+00 8.689822355158828560e-02 3.778309272959397974e-02
2.339999999999994085e+00 8.689822355158828560e-02 3.778309272959397974e-02
2.349999999999993872e+00 8.744872863622761561e-02 3.767033641264393856e-02
2.349999999999993872e+00 8.744872863622761561e-02 3.767033641264393856e-02
2.359999999999993658e+00 8.797263430168754395e-02 3.755375372970520126e-02
2.359999999999993658e+00 8.797263430168754395e-02 3.755375372970520126e-02
2.369999999999993445e+00 8.846875189602512735e-02 3.743319180840880278e-02
2.369999999999993445e+00 8.846875189602512735e-02 3.743319180840880278e-02
2.379999999999993232e+00 8.893597917681396459e-02 3.730849749671192456e-02
2.379999999999993232e+00 8.893597917681396459e-02 3.730849749671192456e-02
2.389999999999993019e+00 8.937330081874103604e-02 3.717951854072071294e-02
2.389999999999993019e+00 8.937330081874103604e-02 3.717951854072071294e-02
2.399999999999992806e+00 8.977978866640951017e-02 3.704610474062836056e-02
2.399999999999992806e+00 8.977978866640951017e-02 3.704610474062836056e-02
2.409999999999992593e+00 9.015460174146484873e-02 3.690810907684840408e-02
2.409999999999992593e+00 9.015460174146484873e-02 3.690810907684840408e-02
2.419999999999992379e+00 9.049698601354771998e-02 3.676538879926984082e-02
2.419999999999992379e+00 9.049698601354771998e-02 3.676538879926984082e-02
2.429999999999992166e+00 9.080627394488129112e-02 3.661780647341041778e-02
2.429999999999992166e+00 9.080627394488129112e-02 3.661780647341041778e-02
2.439999999999991953e+00 9.108188381854513682e-02 3.646523097809083180e-02
2.439999999999991953e+00 9.108188381854513682e-02 3.646523097809083180e-02
2.449999999999991740e+00 9.132331886068167925e-02 3.630753845009804248e-02
2.449999999999991740e+00 9.132331886068167925e-02 3.630753845009804248e-02
2.459999999999991527e+00 9.153016616700361541e-02 3.614461317210854174e-02
2.459999999999991527e+00 9.153016616700361541e-02 3.614461317210854174e-02
2.469999999999991314e+00 9.170209544406901503e-02 3.597634840093779512e-02
2.469999999999991314e+00 9.170209544406901503e-02 3.597634840093779512e-02
2.479999999999991100e+00 9.183885757583225284e-02 3.580264713391947268e-02
2.479999999999991100e+00 9.183885757583225284e-02 3.580264713391947268e-02
2.489999999999990887e+00 9.194028302599757674e-02 3.562342281193171811e-02
2.489999999999990887e+00 9.194028302599757674e-02 3.562342281193171811e-02
2.499999999999990674e+00 9.200628008667162405e-02 3.543859995824068243e-02
2.499999999999990674e+00 9.200628008667162405e-02 3.543859995824068243e-02
2.509999999999990461e+00 9.203683298376648392e-02 3.524811475294174073e-02
2.509999999999990461e+00 9.203683298376648392e-02 3.524811475294174073e-02
2.519999999999990248e+00 9.203199984952521728e-02 3.505191554333966786e-02
2.519999999999990248e+00 9.203199984952521728e-02 3.505191554333966786e-02
2.529999999999990035e+00 9.199191057244419933e-02 3.484996329111392233e-02
2.529999999999990035e+00 9.199191057244419933e-02 3.484996329111392233e-02
2.539999999999989821e+00 9.191676453473174302e-02 3.464223195756417628e-02
2.539999999999989821e+00 9.191676453473174302e-02 3.464223195756417628e-02
2.549999999999989608e+00 9.180682824731384306e-02 3.442870882864233067e-02
2.549999999999989608e+00 9.180682824731384306e-02 3.442870882864233067e-02
2.559999999999989395e+00 9.166243289222149315e-02 3.420939478182343646e-02
2.559999999999989395e+00 9.166243289222149315e-02 3.420939478182343646e-02
2.569999999999989182e+00 9.148397178202373470e-02 3.398430449716816765e-02
2.569999999999989182e+00 9.148397178202373470e-02 3.398430449716816765e-02
2.579999999999988969e+00 9.127189774576774384e-02 3.375346661519509905e-02
2.579999999999988969e+00 9.127189774576774384e-02 3.375346661519509905e-02
2.589999999999988756e+00 9.102672045068088691e-02 3.351692384438368505e-02
2.589999999999988756e+00 9.102672045068088691e-02 3.351692384438368505e-02
2.599999999999988542e+00 9.074900366866453516e-02 3.327473302130704719e-02
2.599999999999988542e+00 9.074900366866453516e-02 3.327473302130704719e-02
2.609999999999988329e+00 9.043936249637250790e-02 3.302696512651935590e-02
2.609999999999988329e+00 9.043936249637250790e-02 3.302696512651935590e-02
2.619999999999988116e+00 9.009846053741978056e-02 3.277370525942143592e-02
2.619999999999988116e+00 9.009846053741978056e-02 3.277370525942143592e-02
2.629999999999987903e+00 8.972700705499853102e-02 3.251505257538630372e-02
2.629999999999987903e+00 8.972700705499853102e-02 3.251505257538630372e-02
2.639999999999987690e+00 8.932575410293447371e-02 3.225112018845922857e-02
2.639999999999987690e+00 8.932575410293447371e-02 3.225112018845922857e-02
2.649999999999987477e+00 8.889549364290513789e-02 3.198203504294550720e-02
2.649999999999987477e+00 8.889549364290513789e-02 3.198203504294550720e-02
2.659999999999987264e+00 8.843705465528596543e-02 3.170793775716903434e-02
2.659999999999987264e+00 8.843705465528596543e-02 3.170793775716903434e-02
2.669999999999987050e+00 8.795130025078480573e-02 3.142898244264291652e-02
2.669999999999987050e+00 8.795130025078480573e-02 3.142898244264291652e-02
2.679999999999986837e+00 8.743912478972767910e-02 3.114533650180513480e-02
2.679999999999986837e+00 8.743912478972767910e-02 3.114533650180513480e-02
2.689999999999986624e+00 8.690145101556413787e-02 3.085718040738662585e-02
2.689999999999986624e+00 8.690145101556413787e-02 3.085718040738662585e-02
2.699999999999986411e+00 8.633922720884834590e-02 3.056470746634878596e-02
2.699999999999986411e+00 8.633922720884834590e-02 3.056470746634878596e-02
2.709999999999986198e+00 8.575342436764880893e-02 3.026812357120299210e-02
2.709999999999986198e+00 8.575342436764880893e-02 3.026812357120299210e-02
2.719999999999985985e+00 8.514503342003056086e-02 2.996764694134491230e-02
2.719999999999985985e+00 8.514503342003056086e-02 2.996764694134491230e-02
2.729999999999985771e+00 8.451506247394109661e-02 2.966350785687712349e-02
2.729999999999985771e+00 8.451506247394109661e-02 2.966350785687712349e-02
2.739999999999985558e+00 8.386453410953144394e-02 2.935594838717889982e-02
2.739999999999985558e+00 8.386453410953144394e-02 2.935594838717889982e-02
2.749999999999985345e+00 8.319448271862839306e-02 2.904522211626289416e-02
2.749999999999985345e+00 8.319448271862839306e-02 2.904522211626289416e-02
2.759999999999985132e+00 8.250595189577929200e-02 2.873159386672105922e-02
2.759999999999985132e+00 8.250595189577929200e-02 2.873159386672105922e-02
2.769999999999984919e+00 8.179999188499167961e-02 2.841533942378093522e-02
2.769999999999984919e+00 8.179999188499167961e-02 2.841533942378093522e-02
2.779999999999984706e+00 8.107765708599649901e-02 2.809674526071720760e-02
2.779999999999984706e+00 8.107765708599649901e-02 2.809674526071720760e-02
2.789999999999984492e+00 8.034000362357836267e-02 2.777610826652316539e-02
2.789999999999984492e+00 8.034000362357836267e-02 2.777610826652316539e-02
2.799999999999984279e+00 7.958808698324286446e-02 2.745373547641214232e-02
2.799999999999984279e+00 7.958808698324286446e-02 2.745373547641214232e-02
2.809999999999984066e+00 7.882295971621779140e-02 2.712994380532697536e-02
2.809999999999984066e+00 7.882295971621779140e-02 2.712994380532697536e-02
2.819999999999983853e+00 7.804566921653106892e-02 2.680505978422270674e-02
2.819999999999983853e+00 7.804566921653106892e-02 2.680505978422270674e-02
2.829999999999983640e+00 7.725725557265493426e-02 2.647941929843295600e-02
2.829999999999983640e+00 7.725725557265493426e-02 2.647941929843295600e-02
2.839999999999983427e+00 7.645874949597730730e-02 2.615336732693530550e-02
2.839999999999983427e+00 7.645874949597730730e-02 2.615336732693530550e-02
2.849999999999983213e+00 7.565117032812693210e-02 2.582725768080543216e-02
2.849999999999983213e+00 7.565117032812693210e-02 2.582725768080543216e-02
2.859999999999983000e+00 7.483552412897989670e-02 2.550145273856149405e-02
2.859999999999983000e+00 7.483552412897989670e-02 2.550145273856149405e-02
2.869999999999982787e+00 7.401280184696287789e-02 2.517632317549620830e-02
2.869999999999982787e+00 7.401280184696287789e-02 2.517632317549620830e-02
2.879999999999982574e+00 7.318397757309537399e-02 2.485224768342396418e-02
2.879999999999982574e+00 7.318397757309537399e-02 2.485224768342396418e-02
2.889999999999982361e+00 7.235000688003524749e-02 2.452961267658255312e-02
2.889999999999982361e+00 7.235000688003524749e-02 2.452961267658255312e-02
2.899999999999982148e+00 7.151182524723544154e-02 2.420881197868636481e-02
2.899999999999982148e+00 7.151182524723544154e-02 2.420881197868636481e-02
2.909999999999981934e+00 7.067034657317401714e-02 2.389024648538071172e-02
2.909999999999981934e+00 7.067034657317401714e-02 2.389024648538071172e-02
2.919999999999981721e+00 6.982646177549367561e-02 2.357432379556877872e-02
2.919999999999981721e+00 6.982646177549367561e-02 2.357432379556877872e-02
2.929999999999981508e+00 6.898103747975271871e-02 2.326145780430232193e-02
2.929999999999981508e+00 6.898103747975271871e-02 2.326145780430232193e-02
2.939999999999981295e+00 6.813491479740030332e-02 2.295206824918767305e-02
2.939999999999981295e+00 6.813491479740030332e-02 2.295206824918767305e-02
2.949999999999981082e+00 6.728890819347299601e-02 2.264658020152864396e-02
2.949999999999981082e+00 6.728890819347299601e-02 2.264658020152864396e-02
2.959999999999980869e+00 6.644380444442704592e-02 2.234542349280397439e-02
2.959999999999980869e+00 6.644380444442704592e-02 2.234542349280397439e-02
2.969999999999980655e+00 6.560036168644255150e-02 2.204903206653898232e-02
2.969999999999980655e+00 6.560036168644255150e-02 2.204903206653898232e-02
2.979999999999980442e+00 6.475930855444780865e-02 2.175784324527931662e-02
2.979999999999980442e+00 6.475930855444780865e-02 2.175784324527931662e-02
2.989999999999980229e+00 6.392134341204946946e-02 2.147229690218470377e-02
2.989999999999980229e+00 6.392134341204946946e-02 2.147229690218470377e-02
2.999999999999980016e+00 6.308713367247455184e-02 2.119283452687890229e-02
2.999999999999980016e+00 6.308713367247455184e-02 2.119283452687890229e-02
3.009999999999979803e+00 6.225731521056344919e-02 2.091989817560635512e-02
3.009999999999979803e+00 6.225731521056344919e-02 2.091989817560635512e-02
3.019999999999979590e+00 6.143249186577397908e-02 2.065392929654739224e-02
3.019999999999979590e+00 6.143249186577397908e-02 2.065392929654739224e-02
3.029999999999979376e+00 6.061323503607850272e-02 2.039536742241892381e-02
3.029999999999979376e+00 6.061323503607850272e-02 2.039536742241892381e-02
3.039999999999979163e+00 5.980008336254551138e-02 2.014464872423678971e-02
3.039999999999979163e+00 5.980008336254551138e-02 2.014464872423678971e-02
3.049999999999978950e+00 5.899354250430091651e-02 1.990220442246982968e-02
3.049999999999978950e+00 5.899354250430091651e-02 1.990220442246982968e-02
3.059999999999978737e+00 5.819408500345368829e-02 1.966845905472956388e-02
3.059999999999978737e+00 5.819408500345368829e-02 1.966845905472956388e-02
3.069999999999978524e+00 5.740215023944585798e-02 1.944382860269352337e-02
3.069999999999978524e+00 5.740215023944585798e-02 1.944382860269352337e-02
3.079999999999978311e+00 5.661814447214580381e-02 1.922871848508907536e-02
3.079999999999978311e+00 5.661814447214580381e-02 1.922871848508907536e-02
3.089999999999978098e+00 5.584244097284962044e-02 1.902352142826587919e-02
3.089999999999978098e+00 5.584244097284962044e-02 1.902352142826587919e-02
3.099999999999977884e+00 5.507538024217428080e-02 1.882861523101892962e-02
3.099999999999977884e+00 5.507538024217428080e-02 1.882861523101892962e-02
3.109999999999977671e+00 5.431727031363449421e-02 1.864436044578368298e-02
3.109999999999977671e+00 5.431727031363449421e-02 1.864436044578368298e-02
3.119999999999977458e+00 5.356838714148265401e-02 1.847109800391485285e-02
3.119999999999977458e+00 5.356838714148265401e-02 1.847109800391485285e-02
3.129999999999977245e+00 5.282897507115402042e-02 1.830914681823634510e-02
3.129999999999977245e+00 5.282897507115402042e-02 1.830914681823634510e-02
3.139999999999977032e+00 5.209924739041110753e-02 1.815880140114125088e-02
3.139999999999977032e+00 5.209924739041110753e-02 1.815880140114125088e-02
3.149999999999976819e+00 5.137938695901325681e-02 1.802032954093329281e-02
3.149999999999976819e+00 5.137938695901325681e-02 1.802032954093329281e-02
3.159999999999976605e+00 5.066954691445777620e-02 1.789397008249520374e-02
3.159999999999976605e+00 5.066954691445777620e-02 1.789397008249520374e-02
3.169999999999976392e+00 4.996985145104154702e-02 1.777993086048314936e-02
3.169999999999976392e+00 4.996985145104154702e-02 1.777993086048314936e-02
3.179999999999976179e+00 4.928039666920566025e-02 1.767838683374006042e-02
3.179999999999976179e+00 4.928039666920566025e-02 1.767838683374006042e-02
3.189999999999975966e+00 4.860125149179563703e-02 1.758947846836508497e-02
3.189999999999975966e+00 4.860125149179563703e-02 1.758947846836508497e-02
3.199999999999975753e+00 4.793245864360021896e-02 1.751331041368798039e-02
3.199999999999975753e+00 4.793245864360021896e-02 1.751331041368798039e-02
3.209999999999975540e+00 4.727403569020101337e-02 1.744995051028774835e-02
3.209999999999975540e+00 4.727403569020101337e-02 1.744995051028774835e-02
3.219999999999975326e+00 4.662597613190186396e-02 1.739942916226520919e-02
3.219999999999975326e+00 4.662597613190186396e-02 1.739942916226520919e-02
3.229999999999975113e+00 4.598825054821534253e-02 1.736173909746139762e-02
3.229999999999975113e+00 4.598825054821534253e-02 1.736173909746139762e-02
3.239999999999974900e+00 4.536080778814943759e-02 1.733683552952066179e-02
3.239999999999974900e+00 4.536080778814943759e-02 1.733683552952066179e-02
3.249999999999974687e+00 4.474357620129404411e-02 1.732463672512333033e-02
3.249999999999974687e+00 4.474357620129404411e-02 1.732463672512333033e-02
3.259999999999974474e+00 4.413646490452668991e-02 1.732502496880028442e-02
3.259999999999974474e+00 4.413646490452668991e-02 1.732502496880028442e-02
3.269999999999974261e+00 4.353936507898371194e-02 1.733784790705810916e-02
3.269999999999974261e+00 4.353936507898371194e-02 1.733784790705810916e-02
3.279999999999974047e+00 4.295215129183452274e-02 1.736292024361243622e-02
3.279999999999974047e+00 4.295215129183452274e-02 1.736292024361243622e-02
3.289999999999973834e+00 4.237468283730613100e-02 1.740002574877553068e-02
3.289999999999973834e+00 4.237468283730613100e-02 1.740002574877553068e-02
3.299999999999973621e+00 4.180680509138168244e-02 1.744891953893119504e-02
3.299999999999973621e+00 4.180680509138168244e-02 1.744891953893119504e-02
3.309999999999973408e+00 4.124835087460042987e-02 1.750933057672917834e-02
3.309999999999973408e+00 4.124835087460042987e-02 1.750933057672917834e-02
3.319999999999973195e+00 4.069914181746548537e-02 1.758096433939861786e-02
3.319999999999973195e+00 4.069914181746548537e-02 1.758096433939861786e-02
3.329999999999972982e+00 4.015898972304924458e-02 1.766350560132050329e-02
3.329999999999972982e+00 4.015898972304924458e-02 1.766350560132050329e-02
3.339999999999972768e+00 3.962769792157201654e-02 1.775662127774684657e-02
3.339999999999972768e+00 3.962769792157201654e-02 1.775662127774684657e-02
3.349999999999972555e+00 3.910506261191047661e-02 1.785996327896162764e-02
3.349999999999972555e+00 3.910506261191047661e-02 1.785996327896162764e-02
3.359999999999972342e+00 3.859087418525204011e-02 1.797317132809777424e-02
3.359999999999972342e+00 3.859087418525204011e-02 1.797317132809777424e-02
3.369999999999972129e+00 3.808491852638407060e-02 1.809587570086497801e-02
3.369999999999972129e+00 3.808491852638407060e-02 1.809587570086497801e-02
3.379999999999971916e+00 3.758697828844147909e-02 1.822769985125660686e-02
3.379999999999971916e+00 3.758697828844147909e-02 1.822769985125660686e-02
3.389999999999971703e+00 3.709683413727518642e-02 1.836826289360492942e-02
3.389999999999971703e+00 3.709683413727518642e-02 1.836826289360492942e-02
3.399999999999971489e+00 3.661426596198873173e-02 1.851718191775021671e-02
3.399999999999971489e+00 3.661426596198873173e-02 1.851718191775021671e-02
3.409999999999971276e+00 3.613905404857828407e-02 1.867407412038618597e-02
3.409999999999971276e+00 3.613905404857828407e-02 1.867407412038618597e-02
3.419999999999971063e+00 3.567098021403845159e-02 1.883855874156744117e-02
3.419999999999971063e+00 3.567098021403845159e-02 1.883855874156744117e-02
3.429999999999970850e+00 3.520982889869188337e-02 1.901025880075934635e-02
3.429999999999970850e+00 3.520982889869188337e-02 1.901025880075934635e-02
3.439999999999970637e+00 3.475538821494014025e-02 1.918880263157531768e-02
3.439999999999970637e+00 3.475538821494014025e-02 1.918880263157531768e-02
3.449999999999970424e+00 3.430745095104419801e-02 1.937382521841813504e-02
3.449999999999970424e+00 3.430745095104419801e-02 1.937382521841813504e-02
3.459999999999970210e+00 3.386581552894810110e-02 1.956496934156672432e-02
3.459999999999970210e+00 3.386581552894810110e-02 1.956496934156672432e-02
3.469999999999969997e+00 3.343028691555175597e-02 1.976188653989125604e-02
3.469999999999969997e+00 3.343028691555175597e-02 1.976188653989125604e-02
3.479999999999969784e+00 3.300067748721267902e-02 1.996423790234538517e-02
3.479999999999969784e+00 3.300067748721267902e-02 1.996423790234538517e-02
3.489999999999969571e+00 3.257680784760375731e-02 2.017169470075464224e-02
3.489999999999969571e+00 3.257680784760375731e-02 2.017169470075464224e-02
3.499999999999969358e+00 3.215850759936601105e-02 2.038393887723599640e-02
3.499999999999969358e+00 3.215850759936601105e-02 2.038393887723599640e-02
3.509999999999969145e+00 3.174561607028732885e-02 2.060066339998558801e-02
3.509999999999969145e+00 3.174561607028732885e-02 2.060066339998558801e-02
3.519999999999968932e+00 3.133798299497524142e-02 2.082157250114261005e-02
3.519999999999968932e+00 3.133798299497524142e-02 2.082157250114261005e-02
3.529999999999968718e+00 3.093546915320756138e-02 2.104638181017110324e-02
3.529999999999968718e+00 3.093546915320756138e-02 2.104638181017110324e-02
3.539999999999968505e+00 3.053794696629981431e-02 2.127481839563063332e-02
3.539999999999968505e+00 3.053794696629981431e-02 2.127481839563063332e-02
3.549999999999968292e+00 3.014530105295507717e-02 2.150662072754588178e-02
3.549999999999968292e+00 3.014530105295507717e-02 2.150662072754588178e-02
3.559999999999968079e+00 2.975742874612311711e-02 2.174153857172200083e-02
3.559999999999968079e+00 2.975742874612311711e-02 2.174153857172200083e-02
3.569999999999967866e+00 2.937424057242284808e-02 2.197933282649737474e-02
3.569999999999967866e+00 2.937424057242284808e-02 2.197933282649737474e-02
3.579999999999967653e+00 2.899566069564466289e-02 2.221977531147408674e-02
3.579999999999967653e+00 2.899566069564466289e-02 2.221977531147408674e-02
3.589999999999967439e+00 2.862162732577718666e-02 2.246264851685159103e-02
3.589999999999967439e+00 2.862162732577718666e-02 2.246264851685159103e-02
3.599999999999967226e+00 2.825209309484369435e-02 2.270774532106740670e-02
3.599999999999967226e+00 2.825209309484369435e-02 2.270774532106740670e-02
3.609999999999967013e+00 2.788702540065523053e-02 2.295486868357958510e-02
3.609999999999967013e+00 2.788702540065523053e-02 2.295486868357958510e-02
3.619999999999966800e+00 2.752640671932915506e-02 2.320383131879254907e-02
3.619999999999966800e+00 2.752640671932915506e-02 2.320383131879254907e-02
3.629999999999966587e+00 2.717023488709727208e-02 2.345445535636027021e-02
3.629999999999966587e+00 2.717023488709727208e-02 2.345445535636027021e-02
3.639999999999966374e+00 2.681852335157247288e-02 2.370657199238446547e-02
3.639999999999966374e+00 2.681852335157247288e-02 2.370657199238446547e-02
3.649999999999966160e+00 2.647130139219115719e-02 2.396002113538477432e-02
3.649999999999966160e+00 2.647130139219115719e-02 2.396002113538477432e-02
3.659999999999965947e+00 2.612861430905681279e-02 2.421465105032514012e-02
3.659999999999965947e+00 2.612861430905681279e-02 2.421465105032514012e-02
3.669999999999965734e+00 2.579052357885173313e-02 2.447031800345898789e-02
3.669999999999965734e+00 2.579052357885173313e-02 2.447031800345898789e-02
3.679999999999965521e+00 2.545710697585314847e-02 2.472688591029110344e-02
3.679999999999965521e+00 2.545710697585314847e-02 2.472688591029110344e-02
3.689999999999965308e+00 2.512845865541539839e-02 2.498422598854519935e-02
3.689999999999965308e+00 2.512845865541539839e-02 2.498422598854519935e-02
3.699999999999965095e+00 2.480468919652858636e-02 2.524221641765654611e-02
3.699999999999965095e+00 2.480468919652858636e-02 2.524221641765654611e-02
3.709999999999964881e+00 2.448592559928459630e-02 2.550074200601067445e-02
3.709999999999964881e+00 2.448592559928459630e-02 2.550074200601067445e-02
3.719999999999964668e+00 2.417231123223187103e-02 2.575969386686895179e-02
3.719999999999964668e+00 2.417231123223187103e-02 2.575969386686895179e-02
3.729999999999964455e+00 2.386400572372693318e-02 2.601896910369080190e-02
3.729999999999964455e+00 2.386400572372693318e-02 2.601896910369080190e-02
3.739999999999964242e+00 2.356118479052203216e-02 2.627847050537556600e-02
3.739999999999964242e+00 2.356118479052203216e-02 2.627847050537556600e-02
3.749999999999964029e+00 2.326403999589853749e-02 2.653810625176276916e-02
3.749999999999964029e+00 2.326403999589853749e-02 2.653810625176276916e-02
3.759999999999963816e+00 2.297277842881720669e-02 2.679778962961244793e-02
3.759999999999963816e+00 2.297277842881720669e-02 2.679778962961244793e-02
3.769999999999963602e+00 2.268762229472798611e-02 2.705743875915193539e-02
3.769999999999963602e+00 2.268762229472798611e-02 2.705743875915193539e-02
3.779999999999963389e+00 2.240880840794103046e-02 2.731697633119559154e-02
3.779999999999963389e+00 2.240880840794103046e-02 2.731697633119559154e-02
3.789999999999963176e+00 2.213658757489113740e-02 2.757632935475819863e-02
3.789999999999963176e+00 2.213658757489113740e-02 2.757632935475819863e-02
3.799999999999962963e+00 2.187122385717987783e-02 2.783542891503148001e-02
3.799999999999962963e+00 2.187122385717987783e-02 2.783542891503148001e-02
3.809999999999962750e+00 2.161299370312066981e-02 2.809420994153486936e-02
3.809999999999962750e+00 2.161299370312066981e-02 2.809420994153486936e-02
3.819999999999962537e+00 2.136218493663639278e-02 2.835261098622621212e-02
3.819999999999962537e+00 2.136218493663639278e-02 2.835261098622621212e-02
3.829999999999962323e+00 2.111909559283535465e-02 2.861057401132832342e-02
3.829999999999962323e+00 2.111909559283535465e-02 2.861057401132832342e-02
3.839999999999962110e+00 2.088403259051741304e-02 2.886804418659989421e-02
3.839999999999962110e+00 2.088403259051741304e-02 2.886804418659989421e-02
3.849999999999961897e+00 2.065731023330702118e-02 2.912496969579544612e-02
3.849999999999961897e+00 2.065731023330702118e-02 2.912496969579544612e-02
3.859999999999961684e+00 2.043924853306993902e-02 2.938130155201256963e-02
3.859999999999961684e+00 2.043924853306993902e-02 2.938130155201256963e-02
3.869999999999961471e+00 2.023017135190164142e-02 2.963699342166380493e-02
3.869999999999961471e+00 2.023017135190164142e-02 2.963699342166380493e-02
3.879999999999961258e+00 2.003040436220689807e-02 2.989200145679001691e-02
3.879999999999961258e+00 2.003040436220689807e-02 2.989200145679001691e-02
3.889999999999961044e+00 1.984027282829392558e-02 3.014628413544082411e-02
3.889999999999961044e+00 1.984027282829392558e-02 3.014628413544082411e-02
3.899999999999960831e+00 1.966009921744830968e-02 3.039980210986107170e-02
3.899999999999960831e+00 1.966009921744830968e-02 3.039980210986107170e-02
3.909999999999960618e+00 1.949020065351648665e-02 3.065251806223009620e-02
3.909999999999960618e+00 1.949020065351648665e-02 3.065251806223009620e-02
3.919999999999960405e+00 1.933088623162790287e-02 3.090439656770599744e-02
3.919999999999960405e+00 1.933088623162790287e-02 3.090439656770599744e-02
3.929999999999960192e+00 1.918245421847117674e-02 3.115540396454783215e-02
3.929999999999960192e+00 1.918245421847117674e-02 3.115540396454783215e-02
3.939999999999959979e+00 1.904518916855213809e-02 3.140550823109047873e-02
3.939999999999959979e+00 1.904518916855213809e-02 3.140550823109047873e-02
3.949999999999959766e+00 1.891935899258757187e-02 3.165467886936452341e-02
3.949999999999959766e+00 1.891935899258757187e-02 3.165467886936452341e-02
3.959999999999959552e+00 1.880521201958468974e-02 3.190288679516809639e-02
3.959999999999959552e+00 1.880521201958468974e-02 3.190288679516809639e-02
3.969999999999959339e+00 1.870297409870370561e-02 3.215010423439680631e-02
3.969999999999959339e+00 1.870297409870370561e-02 3.215010423439680631e-02
3.979999999999959126e+00 1.861284579053319385e-02 3.239630462546243955e-02
3.979999999999959126e+00 1.861284579053319385e-02 3.239630462546243955e-02
3.989999999999958913e+00 1.853499969955465371e-02 3.264146252763911599e-02
3.989999999999958913e+00 1.853499969955465371e-02 3.264146252763911599e-02
3.999999999999958700e+00 1.846957800004208131e-02 3.288555353516867119e-02
3.999999999999958700e+00 1.846957800004208131e-02 3.288555353516867119e-02
4.009999999999958931e+00 1.841669020636060514e-02 3.312855419698988030e-02
4.009999999999958931e+00 1.841669020636060514e-02 3.312855419698988030e-02
4.019999999999958717e+00 1.837641123535554283e-02 3.337044194194542512e-02
4.019999999999958717e+00 1.837641123535554283e-02 3.337044194194542512e-02
4.029999999999958504e+00 1.834877980335014938e-02 3.361119500933840154e-02
4.029999999999958504e+00 1.834877980335014938e-02 3.361119500933840154e-02
4.039999999999958291e+00 1.833379719331757265e-02 3.385079238470296847e-02
4.039999999999958291e+00 1.833379719331757265e-02 3.385079238470296847e-02
4.049999999999958078e+00 1.833142641924762409e-02 3.408921374067366838e-02
4.049999999999958078e+00 1.833142641924762409e-02 3.408921374067366838e-02
4.059999999999957865e+00 1.834159180500241973e-02 3.432643938282785301e-02
4.059999999999957865e+00 1.834159180500241973e-02 3.432643938282785301e-02
4.069999999999957652e+00 1.836417898445694488e-02 3.456245020039052512e-02
4.069999999999957652e+00 1.836417898445694488e-02 3.456245020039052512e-02
4.079999999999957438e+00 1.839903531890048696e-02 3.479722762167865302e-02
4.079999999999957438e+00 1.839903531890048696e-02 3.479722762167865302e-02
4.089999999999957225e+00 1.844597071713660261e-02 3.503075357417431007e-02
4.089999999999957225e+00 1.844597071713660261e-02 3.503075357417431007e-02
4.099999999999957012e+00 1.850475883386622222e-02 3.526301044911282767e-02
4.099999999999957012e+00 1.850475883386622222e-02 3.526301044911282767e-02
4.109999999999956799e+00 1.857513861324009211e-02 3.549398107046400352e-02
4.109999999999956799e+00 1.857513861324009211e-02 3.549398107046400352e-02
4.119999999999956586e+00 1.865681613732321151e-02 3.572364866819504464e-02
4.119999999999956586e+00 1.865681613732321151e-02 3.572364866819504464e-02
4.129999999999956373e+00 1.874946673378009160e-02 3.595199685568573750e-02
4.129999999999956373e+00 1.874946673378009160e-02 3.595199685568573750e-02
4.139999999999956160e+00 1.885273729363041648e-02 3.617900961117736375e-02
4.139999999999956160e+00 1.885273729363041648e-02 3.617900961117736375e-02
4.149999999999955946e+00 1.896624874828800600e-02 3.640467126312182250e-02
4.149999999999955946e+00 1.896624874828800600e-02 3.640467126312182250e-02
4.159999999999955733e+00 1.908959865539111220e-02 3.662896647929951566e-02
4.159999999999955733e+00 1.908959865539111220e-02 3.662896647929951566e-02
4.169999999999955520e+00 1.922236384477576943e-02 3.685188025956223634e-02
4.169999999999955520e+00 1.922236384477576943e-02 3.685188025956223634e-02
4.179999999999955307e+00 1.936410307923883134e-02 3.707339793205669670e-02
4.179999999999955307e+00 1.936410307923883134e-02 3.707339793205669670e-02
4.189999999999955094e+00 1.951435968909937327e-02 3.729350515277467248e-02
4.189999999999955094e+00 1.951435968909937327e-02 3.729350515277467248e-02
4.199999999999954881e+00 1.967266414474081251e-02 3.751218790826853916e-02
4.199999999999954881e+00 1.967266414474081251e-02 3.751218790826853916e-02
4.209999999999954667e+00 1.983853653691495383e-02 3.772943252136599229e-02
4.209999999999954667e+00 1.983853653691495383e-02 3.772943252136599229e-02
4.219999999999954454e+00 2.001148894044066720e-02 3.794522565970117473e-02
4.219999999999954454e+00 2.001148894044066720e-02 3.794522565970117473e-02
4.229999999999954241e+00 2.019102764266710384e-02 3.815955434688594189e-02
4.229999999999954241e+00 2.019102764266710384e-02 3.815955434688594189e-02
4.239999999999954028e+00 2.037665522354787859e-02 3.837240597611724091e-02
4.239999999999954028e+00 2.037665522354787859e-02 3.837240597611724091e-02
4.249999999999953815e+00 2.056787247926612425e-02 3.858376832602447570e-02
4.249999999999953815e+00 2.056787247926612425e-02 3.858376832602447570e-02
4.259999999999953602e+00 2.076418018582044597e-02 3.879362957854111393e-02
4.259999999999953602e+00 2.076418018582044597e-02 3.879362957854111393e-02
4.269999999999953388e+00 2.096508070293645609e-02 3.900197833857727003e-02
4.269999999999953388e+00 2.096508070293645609e-02 3.900197833857727003e-02
4.279999999999953175e+00 2.117007942193032191e-02 3.920880365526225458e-02
4.279999999999953175e+00 2.117007942193032191e-02 3.920880365526225458e-02
4.289999999999952962e+00 2.137868606380988884e-02 3.941409504451626883e-02
4.289999999999952962e+00 2.137868606380988884e-02 3.941409504451626883e-02
4.299999999999952749e+00 2.159041583594556446e-02 3.961784251269565710e-02
4.299999999999952749e+00 2.159041583594556446e-02 3.961784251269565710e-02
4.309999999999952536e+00 2.180479045715707012e-02 3.982003658105055105e-02
4.309999999999952536e+00 2.180479045715707012e-02 3.982003658105055105e-02
4.319999999999952323e+00 2.202133906207128303e-02 4.002066831072809833e-02
4.319999999999952323e+00 2.202133906207128303e-02 4.002066831072809833e-02
4.329999999999952109e+00 2.223959899615784302e-02 4.021972932802739265e-02
4.329999999999952109e+00 2.223959899615784302e-02 4.021972932802739265e-02
4.339999999999951896e+00 2.245911651311633186e-02 4.041721184962721036e-02
4.339999999999951896e+00 2.245911651311633186e-02 4.041721184962721036e-02
4.349999999999951683e+00 2.267944738615610897e-02 4.061310870747461554e-02
4.349999999999951683e+00 2.267944738615610897e-02 4.061310870747461554e-02
4.359999999999951470e+00 2.290015744442871343e-02 4.080741337302658256e-02
4.359999999999951470e+00 2.290015744442871343e-02 4.080741337302658256e-02
4.369999999999951257e+00 2.312082304534505625e-02 4.100011998052244949e-02
4.369999999999951257e+00 2.312082304534505625e-02 4.100011998052244949e-02
4.379999999999951044e+00 2.334103149289068826e-02 4.119122334895954779e-02
4.379999999999951044e+00 2.334103149289068826e-02 4.119122334895954779e-02
4.389999999999950830e+00 2.356038141130389896e-02 4.138071900242537571e-02
4.389999999999950830e+00 2.356038141130389896e-02 4.138071900242537571e-02
4.399999999999950617e+00 2.377848308271206940e-02 4.156860318844690649e-02
4.399999999999950617e+00 2.377848308271206940e-02 4.156860318844690649e-02
4.409999999999950404e+00 2.399495875647718671e-02 4.175487289399486268e-02
4.409999999999950404e+00 2.399495875647718671e-02 4.175487289399486268e-02
4.419999999999950191e+00 2.420944293718798809e-02 4.193952585877984418e-02
4.419999999999950191e+00 2.420944293718798809e-02 4.193952585877984418e-02
4.429999999999949978e+00 2.442158265740572778e-02 4.212256058547223653e-02
4.429999999999949978e+00 2.442158265740572778e-02 4.212256058547223653e-02
4.439999999999949765e+00 2.463103774046911110e-02 4.230397634646278215e-02
4.439999999999949765e+00 2.463103774046911110e-02 4.230397634646278215e-02
4.449999999999949551e+00 2.483748105788727983e-02 4.248377318678658171e-02
4.449999999999949551e+00 2.483748105788727983e-02 4.248377318678658171e-02
4.459999999999949338e+00 2.504059878511434925e-02 4.266195192281539011e-02
4.459999999999949338e+00 2.504059878511434925e-02 4.266195192281539011e-02
4.469999999999949125e+00 2.524009065879275274e-02 4.283851413633308486e-02
4.469999999999949125e+00 2.524009065879275274e-02 4.283851413633308486e-02
4.479999999999948912e+00 2.543567023789030865e-02 4.301346216359099028e-02
4.479999999999948912e+00 2.543567023789030865e-02 4.301346216359099028e-02
4.489999999999948699e+00 2.562706517051733732e-02 4.318679907894890785e-02
4.489999999999948699e+00 2.562706517051733732e-02 4.318679907894890785e-02
4.499999999999948486e+00 2.581401746764455662e-02 4.335852867270675176e-02
4.499999999999948486e+00 2.581401746764455662e-02 4.335852867270675176e-02
4.509999999999948272e+00 2.599628378434479595e-02 4.352865542272113530e-02
4.509999999999948272e+00 2.599628378434479595e-02 4.352865542272113530e-02
4.519999999999948059e+00 2.617363570869161646e-02 4.369718445941726814e-02
4.519999999999948059e+00 2.617363570869161646e-02 4.369718445941726814e-02
4.529999999999947846e+00 2.634586005791695121e-02 4.386412152380388813e-02
4.529999999999947846e+00 2.634586005791695121e-02 4.386412152380388813e-02
4.539999999999947633e+00 2.651275918096869869e-02 4.402947291810032499e-02
4.539999999999947633e+00 2.651275918096869869e-02 4.402947291810032499e-02
4.549999999999947420e+00 2.667415126614625445e-02 4.419324544860363940e-02
4.549999999999947420e+00 2.667415126614625445e-02 4.419324544860363940e-02
4.559999999999947207e+00 2.682987065204404595e-02 4.435544636041958977e-02
4.559999999999947207e+00 2.682987065204404595e-02 4.435544636041958977e-02
4.569999999999946994e+00 2.697976813962811929e-02 4.451608326370837254e-02
4.569999999999946994e+00 2.697976813962811929e-02 4.451608326370837254e-02
4.579999999999946780e+00 2.712371130283597331e-02 4.467516405109379918e-02
4.579999999999946780e+00 2.712371130283597331e-02 4.467516405109379918e-02
4.589999999999946567e+00 2.726158479470303445e-02 4.483269680591905892e-02
4.589999999999946567e+00 2.726158479470303445e-02 4.483269680591905892e-02
4.599999999999946354e+00 2.739329064563653104e-02 4.498868970103749726e-02
4.599999999999946354e+00 2.739329064563653104e-02 4.498868970103749726e-02
4.609999999999946141e+00 2.751874855004974446e-02 4.514315088786101382e-02
4.609999999999946141e+00 2.751874855004974446e-02 4.514315088786101382e-02
4.619999999999945928e+00 2.763789613724419378e-02 4.529608837540440719e-02
4.619999999999945928e+00 2.763789613724419378e-02 4.529608837540440719e-02
4.629999999999945715e+00 2.775068922202863358e-02 4.544750989910395500e-02
4.629999999999945715e+00 2.775068922202863358e-02 4.544750989910395500e-02
4.639999999999945501e+00 2.785710203026163165e-02 4.559742277921847997e-02
4.639999999999945501e+00 2.785710203026163165e-02 4.559742277921847997e-02
4.649999999999945288e+00 2.795712739415302794e-02 4.574583376864899131e-02
4.649999999999945288e+00 2.795712739415302794e-02 4.574583376864899131e-02
4.659999999999945075e+00 2.805077691188247527e-02 4.589274889006866170e-02
4.659999999999945075e+00 2.805077691188247527e-02 4.589274889006866170e-02
4.669999999999944862e+00 2.813808106580982515e-02 4.603817326228951817e-02
4.669999999999944862e+00 2.813808106580982515e-02 4.603817326228951817e-02
4.679999999999944649e+00 2.821908929332494001e-02 4.618211091584192157e-02
4.679999999999944649e+00 2.821908929332494001e-02 4.618211091584192157e-02
4.689999999999944436e+00 2.829387000418865511e-02 4.632456459779944052e-02
4.689999999999944436e+00 2.829387000418865511e-02 4.632456459779944052e-02
4.699999999999944222e+00 2.836251053808142020e-02 4.646553556593514128e-02
4.699999999999944222e+00 2.836251053808142020e-02 4.646553556593514128e-02
4.709999999999944009e+00 2.842511705599911828e-02 4.660502337235881976e-02
4.709999999999944009e+00 2.842511705599911828e-02 4.660502337235881976e-02
4.719999999999943796e+00 2.848181435913384879e-02 4.674302563684625683e-02
4.719999999999943796e+00 2.848181435913384879e-02 4.674302563684625683e-02
4.729999999999943583e+00 2.853274562896773725e-02 4.687953781014701782e-02
4.729999999999943583e+00 2.853274562896773725e-02 4.687953781014701782e-02
4.739999999999943370e+00 2.857807208249185660e-02 4.701455292762306976e-02
4.739999999999943370e+00 2.857807208249185660e-02 4.701455292762306976e-02
4.749999999999943157e+00 2.861797253677684366e-02 4.714806135365256362e-02
4.749999999999943157e+00 2.861797253677684366e-02 4.714806135365256362e-02
4.759999999999942943e+00 2.865264287754603484e-02 4.728005051731379305e-02
4.759999999999942943e+00 2.865264287754603484e-02 4.728005051731379305e-02
4.769999999999942730e+00 2.868229542699904724e-02 4.741050463994337522e-02
4.769999999999942730e+00 2.868229542699904724e-02 4.741050463994337522e-02
4.779999999999942517e+00 2.870715820687310196e-02 4.753940445525184355e-02
4.779999999999942517e+00 2.870715820687310196e-02 4.753940445525184355e-02
4.789999999999942304e+00 2.872747409365389998e-02 4.766672692277342666e-02
4.789999999999942304e+00 2.872747409365389998e-02 4.766672692277342666e-02
4.799999999999942091e+00 2.874349986396584206e-02 4.779244493550848655e-02
4.799999999999942091e+00 2.874349986396584206e-02 4.779244493550848655e-02
4.809999999999941878e+00 2.875550512947868884e-02 4.791652702271440717e-02
4.809999999999941878e+00 2.875550512947868884e-02 4.791652702271440717e-02
4.819999999999941664e+00 2.876377116219970206e-02 4.803893704890024180e-02
4.819999999999941664e+00 2.876377116219970206e-02 4.803893704890024180e-02
4.829999999999941451e+00 2.876858961274965376e-02 4.815963391015724154e-02
4.829999999999941451e+00 2.876858961274965376e-02 4.815963391015724154e-02
4.839999999999941238e+00 2.877026112617217871e-02 4.827857122907154575e-02
4.839999999999941238e+00 2.877026112617217871e-02 4.827857122907154575e-02
4.849999999999941025e+00 2.876909386197845295e-02 4.839569704953242818e-02
4.849999999999941025e+00 2.876909386197845295e-02 4.839569704953242818e-02
4.859999999999940812e+00 2.876540192747826380e-02 4.851095353286451889e-02
4.859999999999940812e+00 2.876540192747826380e-02 4.851095353286451889e-02
4.869999999999940599e+00 2.875950373596280682e-02 4.862427665678055455e-02
4.869999999999940599e+00 2.875950373596280682e-02 4.862427665678055455e-02
4.879999999999940385e+00 2.875172030396454248e-02 4.873559591872969610e-02
4.879999999999940385e+00 2.875172030396454248e-02 4.873559591872969610e-02
4.889999999999940172e+00 2.874237350459268175e-02 4.884483404531738543e-02
4.889999999999940172e+00 2.874237350459268175e-02 4.884483404531738543e-02
4.899999999999939959e+00 2.873178429675794787e-02 4.895190670951671263e-02
4.899999999999939959e+00 2.873178429675794787e-02 4.895190670951671263e-02
4.909999999999939746e+00 2.872027095293836277e-02 4.905672225746784965e-02
4.909999999999939746e+00 2.872027095293836277e-02 4.905672225746784965e-02
4.919999999999939533e+00 2.870814731090352151e-02 4.915918144671994200e-02
4.919999999999939533e+00 2.870814731090352151e-02 4.915918144671994200e-02
4.929999999999939320e+00 2.869572107746242232e-02 4.925917719780879139e-02
4.929999999999939320e+00 2.869572107746242232e-02 4.925917719780879139e-02
4.939999999999939106e+00 2.868329221473663385e-02 4.935659436110890336e-02
4.939999999999939106e+00 2.868329221473663385e-02 4.935659436110890336e-02
4.949999999999938893e+00 2.867115144162154725e-02 4.945130950091462807e-02
4.949999999999938893e+00 2.867115144162154725e-02 4.945130950091462807e-02
4.959999999999938680e+00 2.865957888489464866e-02 4.954319069872759745e-02
4.959999999999938680e+00 2.865957888489464866e-02 4.954319069872759745e-02
4.969999999999938467e+00 2.864884291578656886e-02 4.963209737772818902e-02
4.969999999999938467e+00 2.864884291578656886e-02 4.963209737772818902e-02
4.979999999999938254e+00 2.863919920868175997e-02 4.971788015038823560e-02
4.979999999999938254e+00 2.863919920868175997e-02 4.971788015038823560e-02
4.989999999999938041e+00 2.863089005887317628e-02 4.980038069117237454e-02
4.989999999999938041e+00 2.863089005887317628e-02 4.980038069117237454e-02
4.999999999999937828e+00 2.862414399593327108e-02 4.987943163621608167e-02
4.999999999999937828e+00 2.862414399593327108e-02 4.987943163621608167e-02
5.009999999999937614e+00 2.861917572821378111e-02 4.995485651183552422e-02
5.009999999999937614e+00 2.861917572821378111e-02 4.995485651183552422e-02
5.019999999999937401e+00 2.861618645222513760e-02 5.002646969363447327e-02
5.019999999999937401e+00 2.861618645222513760e-02 5.002646969363447327e-02
5.029999999999937188e+00 2.861536455816241636e-02 5.009407639789949240e-02
5.029999999999937188e+00 2.861536455816241636e-02 5.009407639789949240e-02
5.039999999999936975e+00 2.861688675964034825e-02 5.015747270688099280e-02
5.039999999999936975e+00 2.861688675964034825e-02 5.015747270688099280e-02
5.049999999999936762e+00 2.862091967176515553e-02 5.021644562942788326e-02
5.049999999999936762e+00 2.862091967176515553e-02 5.021644562942788326e-02
5.059999999999936549e+00 2.862762185706742638e-02 5.027077319832813640e-02
5.059999999999936549e+00 2.862762185706742638e-02 5.027077319832813640e-02
5.069999999999936335e+00 2.863714635354721802e-02 5.032022460555826693e-02
5.069999999999936335e+00 2.863714635354721802e-02 5.032022460555826693e-02
5.079999999999936122e+00 2.864964369318947005e-02 5.036456037649576084e-02
5.079999999999936122e+00 2.864964369318947005e-02 5.036456037649576084e-02
5.089999999999935909e+00 2.866526541285257038e-02 5.040353258397804043e-02
5.089999999999935909e+00 2.866526541285257038e-02 5.040353258397804043e-02
5.099999999999935696e+00 2.868416805241118597e-02 5.043688510290666310e-02
5.099999999999935696e+00 2.868416805241118597e-02 5.043688510290666310e-02
5.109999999999935483e+00 2.870651762750636368e-02 5.046435390592554637e-02
5.109999999999935483e+00 2.870651762750636368e-02 5.046435390592554637e-02
5.119999999999935270e+00 2.873249455622347084e-02 5.048566740047834289e-02
5.119999999999935270e+00 2.873249455622347084e-02 5.048566740047834289e-02
5.129999999999935056e+00 2.876229901048171084e-02 5.050054680738114837e-02
5.129999999999935056e+00 2.876229901048171084e-02 5.050054680738114837e-02
5.139999999999934843e+00 2.879615665385840823e-02 5.050870658079859715e-02
5.139999999999934843e+00 2.879615665385840823e-02 5.050870658079859715e-02
5.149999999999934630e+00 2.883432471799260433e-02 5.050985486932844937e-02
5.149999999999934630e+00 2.883432471799260433e-02 5.050985486932844937e-02
5.159999999999934417e+00 2.887709835952835535e-02 5.050369401767722255e-02
5.159999999999934417e+00 2.887709835952835535e-02 5.050369401767722255e-02
5.169999999999934204e+00 2.892481722879204978e-02 5.048992110817800139e-02
5.169999999999934204e+00 2.892481722879204978e-02 5.048992110817800139e-02
5.179999999999933991e+00 2.897787216999396509e-02 5.046822854120986551e-02
5.179999999999933991e+00 2.897787216999396509e-02 5.046822854120986551e-02
5.189999999999933777e+00 2.903671196071775165e-02 5.043830465335721880e-02
5.189999999999933777e+00 2.903671196071775165e-02 5.043830465335721880e-02
5.199999999999933564e+00 2.910184998588190991e-02 5.039983437193601423e-02
5.199999999999933564e+00 2.910184998588190991e-02 5.039983437193601423e-02
5.209999999999933351e+00 2.917387072832306610e-02 5.035249990432475592e-02
5.209999999999933351e+00 2.917387072832306610e-02 5.035249990432475592e-02
5.219999999999933138e+00 2.925343594491744761e-02 5.029598146035225981e-02
5.219999999999933138e+00 2.925343594491744761e-02 5.029598146035225981e-02
5.229999999999932925e+00 2.934129038404436479e-02 5.022995800579403702e-02
5.229999999999932925e+00 2.934129038404436479e-02 5.022995800579403702e-02
5.239999999999932712e+00 2.943826688771835481e-02 5.015410804489046220e-02
5.239999999999932712e+00 2.943826688771835481e-02 5.015410804489046220e-02
5.249999999999932498e+00 2.954529071054903464e-02 5.006811042962947683e-02
5.249999999999932498e+00 2.954529071054903464e-02 5.006811042962947683e-02
5.259999999999932285e+00 2.966338287867692144e-02 4.997164519339888228e-02
5.259999999999932285e+00 2.966338287867692144e-02 4.997164519339888228e-02
5.269999999999932072e+00 2.979366240605179836e-02 4.986439440651418281e-02
5.269999999999932072e+00 2.979366240605179836e-02 4.986439440651418281e-02
5.279999999999931859e+00 2.993734718407084494e-02 4.974604305099110391e-02
5.279999999999931859e+00 2.993734718407084494e-02 4.974604305099110391e-02
5.289999999999931646e+00 3.009575336503319404e-02 4.961627991189351133e-02
5.289999999999931646e+00 3.009575336503319404e-02 4.961627991189351133e-02
5.299999999999931433e+00 3.027029307147156498e-02 4.947479848248356737e-02
5.299999999999931433e+00 3.027029307147156498e-02 4.947479848248356737e-02
5.309999999999931219e+00 3.046247028354199388e-02 4.932129788040225116e-02
5.309999999999931219e+00 3.046247028354199388e-02 4.932129788040225116e-02
5.319999999999931006e+00 3.067387478633560455e-02 4.915548377205647412e-02
5.319999999999931006e+00 3.067387478633560455e-02 4.915548377205647412e-02
5.329999999999930793e+00 3.090617409899408877e-02 4.897706930242765044e-02
5.329999999999930793e+00 3.090617409899408877e-02 4.897706930242765044e-02
5.339999999999930580e+00 3.116110335789374144e-02 4.878577602752822567e-02
5.339999999999930580e+00 3.116110335789374144e-02 4.878577602752822567e-02
5.349999999999930367e+00 3.144045318628550800e-02 4.858133484679793418e-02
5.349999999999930367e+00 3.144045318628550800e-02 4.858133484679793418e-02
5.359999999999930154e+00 3.174605565097057824e-02 4.836348693281982553e-02
5.359999999999930154e+00 3.174605565097057824e-02 4.836348693281982553e-02
5.369999999999929940e+00 3.207976848021430738e-02 4.813198465583493763e-02
5.369999999999929940e+00 3.207976848021430738e-02 4.813198465583493763e-02
5.379999999999929727e+00 3.244345779248820894e-02 4.788659250068475620e-02
5.379999999999929727e+00 3.244345779248820894e-02 4.788659250068475620e-02
5.389999999999929514e+00 3.283897965824733589e-02 4.762708797396460886e-02
5.389999999999929514e+00 3.283897965824733589e-02 4.762708797396460886e-02
5.399999999999929301e+00 3.326816088176273722e-02 4.735326249937226589e-02
5.399999999999929301e+00 3.326816088176273722e-02 4.735326249937226589e-02
5.409999999999929088e+00 3.373277944182213189e-02 4.706492229945866135e-02
5.409999999999929088e+00 3.373277944182213189e-02 4.706492229945866135e-02
5.419999999999928875e+00 3.423454506417341475e-02 4.676188926223543568e-02
5.419999999999928875e+00 3.423454506417341475e-02 4.676188926223543568e-02
5.429999999999928662e+00 3.477508041113334947e-02 4.644400179138618440e-02
5.429999999999928662e+00 3.477508041113334947e-02 4.644400179138618440e-02
5.439999999999928448e+00 3.535590336259149258e-02 4.611111563914602890e-02
5.439999999999928448e+00 3.535590336259149258e-02 4.611111563914602890e-02
5.449999999999928235e+00 3.597841082734499346e-02 4.576310472126241674e-02
5.449999999999928235e+00 3.597841082734499346e-02 4.576310472126241674e-02
5.459999999999928022e+00 3.664386446599605246e-02 4.539986191384329933e-02
5.459999999999928022e+00 3.664386446599605246e-02 4.539986191384329933e-02
5.469999999999927809e+00 3.735337863021429006e-02 4.502129983234180732e-02
5.469999999999927809e+00 3.735337863021429006e-02 4.502129983234180732e-02
5.479999999999927596e+00 3.810791073321226352e-02 4.462735159337224977e-02
5.479999999999927596e+00 3.810791073321226352e-02 4.462735159337224977e-02
5.489999999999927383e+00 3.890825416921073893e-02 4.421797156060814499e-02
5.489999999999927383e+00 3.890825416921073893e-02 4.421797156060814499e-02
5.499999999999927169e+00 3.975503380209043786e-02 4.379313607657044777e-02
5.499999999999927169e+00 3.975503380209043786e-02 4.379313607657044777e-02
5.509999999999926956e+00 4.064870395165361833e-02 4.335284418274608365e-02
5.509999999999926956e+00 4.064870395165361833e-02 4.335284418274608365e-02
5.519999999999926743e+00 4.158954872548983189e-02 4.289711833119288359e-02
5.519999999999926743e+00 4.158954872548983189e-02 4.289711833119288359e-02
5.529999999999926530e+00 4.257768447911597365e-02 4.242600509155720206e-02
5.529999999999926530e+00 4.257768447911597365e-02 4.242600509155720206e-02
5.539999999999926317e+00 4.361306413938105531e-02 4.193957585830489221e-02
5.539999999999926317e+00 4.361306413938105531e-02 4.193957585830489221e-02
5.549999999999926104e+00 4.469548309660977686e-02 4.143792756392031956e-02
5.549999999999926104e+00 4.469548309660977686e-02 4.143792756392031956e-02
5.559999999999925890e+00 4.582458635895262505e-02 4.092118340494088624e-02
5.559999999999925890e+00 4.582458635895262505e-02 4.092118340494088624e-02
5.569999999999925677e+00 4.699987666575286549e-02 4.038949358888455077e-02
5.569999999999925677e+00 4.699987666575286549e-02 4.038949358888455077e-02
5.579999999999925464e+00 4.822072327293678434e-02 3.984303611154812325e-02
5.579999999999925464e+00 4.822072327293678434e-02 3.984303611154812325e-02
5.589999999999925251e+00 4.948637114903073342e-02 3.928201757569879660e-02
5.589999999999925251e+00 4.948637114903073342e-02 3.928201757569879660e-02
5.599999999999925038e+00 5.079595035245407925e-02 3.870667406397682725e-02
5.599999999999925038e+00 5.079595035245407925e-02 3.870667406397682725e-02
5.609999999999924825e+00 5.214848539618707063e-02 3.811727208090363861e-02
5.609999999999924825e+00 5.214848539618707063e-02 3.811727208090363861e-02
5.619999999999924611e+00 5.354290444215183825e-02 3.751410958120830058e-02
5.619999999999924611e+00 5.354290444215183825e-02 3.751410958120830058e-02
5.629999999999924398e+00 5.497804820273542725e-02 3.689751710442907423e-02
5.629999999999924398e+00 5.497804820273542725e-02 3.689751710442907423e-02
5.639999999999924185e+00 5.645267845937602946e-02 3.626785903887625589e-02
5.639999999999924185e+00 5.645267845937602946e-02 3.626785903887625589e-02
5.649999999999923972e+00 5.796548613690435947e-02 3.562553504166515034e-02
5.649999999999923972e+00 5.796548613690435947e-02 3.562553504166515034e-02
5.659999999999923759e+00 5.951509889705675765e-02 3.497098164575394158e-02
5.659999999999923759e+00 5.951509889705675765e-02 3.497098164575394158e-02
5.669999999999923546e+00 6.110008823499168962e-02 3.430467408980224231e-02
5.669999999999923546e+00 6.110008823499168962e-02 3.430467408980224231e-02
5.679999999999923332e+00 6.271897607892702731e-02 3.362712841235798028e-02
5.679999999999923332e+00 6.271897607892702731e-02 3.362712841235798028e-02
5.689999999999923119e+00 6.437024090542009525e-02 3.293890385845383434e-02
5.689999999999923119e+00 6.437024090542009525e-02 3.293890385845383434e-02
5.699999999999922906e+00 6.605232339189213986e-02 3.224060565435604014e-02
5.699999999999922906e+00 6.605232339189213986e-02 3.224060565435604014e-02
5.709999999999922693e+00 6.776363163411348867e-02 3.153288821501492450e-02
5.709999999999922693e+00 6.776363163411348867e-02 3.153288821501492450e-02
5.719999999999922480e+00 6.950254596005382701e-02 3.081645885892764572e-02
5.719999999999922480e+00 6.950254596005382701e-02 3.081645885892764572e-02
5.729999999999922267e+00 7.126742337334579513e-02 3.009208211671617755e-02
5.729999999999922267e+00 7.126742337334579513e-02 3.009208211671617755e-02
5.739999999999922053e+00 7.305660165981030241e-02 2.936058473283520431e-02
5.739999999999922053e+00 7.305660165981030241e-02 2.936058473283520431e-02
5.749999999999921840e+00 7.486840318969135988e-02 2.862286147446510207e-02
5.749999999999921840e+00 7.486840318969135988e-02 2.862286147446510207e-02
5.759999999999921627e+00 7.670113844658708879e-02 2.787988187764398745e-02
5.759999999999921627e+00 7.670113844658708879e-02 2.787988187764398745e-02
5.769999999999921414e+00 7.855310931188799750e-02 2.713269807767145284e-02
5.769999999999921414e+00 7.855310931188799750e-02 2.713269807767145284e-02
5.779999999999921201e+00 8.042261213102674944e-02 2.638245388799819249e-02
5.779999999999921201e+00 8.042261213102674944e-02 2.638245388799819249e-02
5.789999999999920988e+00 8.230794058521799517e-02 2.563039530782417613e-02
5.789999999999920988e+00 8.230794058521799517e-02 2.563039530782417613e-02
5.799999999999920774e+00 8.420738838968697126e-02 2.487788265115780870e-02
5.799999999999920774e+00 8.420738838968697126e-02 2.487788265115780870e-02
5.809999999999920561e+00 8.611925183677567042e-02 2.412640449552038921e-02
5.809999999999920561e+00 8.611925183677567042e-02 2.412640449552038921e-02
5.819999999999920348e+00 8.804183219987124498e-02 2.337759364113187188e-02
5.819999999999920348e+00 8.804183219987124498e-02 2.337759364113187188e-02
5.829999999999920135e+00 8.997343801179796818e-02 2.263324524282975259e-02
5.829999999999920135e+00 8.997343801179796818e-02 2.263324524282975259e-02
5.839999999999919922e+00 9.191238722921478421e-02 2.189533721471368516e-02
5.839999999999919922e+00 9.191238722921478421e-02 2.189533721471368516e-02
5.849999999999919709e+00 9.385700929269841231e-02 2.116605289386669017e-02
5.849999999999919709e+00 9.385700929269841231e-02 2.116605289386669017e-02
5.859999999999919496e+00 9.580564709050823358e-02 2.044780576006520120e-02
5.859999999999919496e+00 9.580564709050823358e-02 2.044780576006520120e-02
5.869999999999919282e+00 9.775665883258087552e-02 1.974326571087748131e-02
5.869999999999919282e+00 9.775665883258087552e-02 1.974326571087748131e-02
5.879999999999919069e+00 9.970841984003558922e-02 1.905538594568033026e-02
5.879999999999919069e+00 9.970841984003558922e-02 1.905538594568033026e-02
5.889999999999918856e+00 1.016593242543716163e-01 1.838742887232585471e-02
5.889999999999918856e+00 1.016593242543716163e-01 1.838742887232585471e-02
5.899999999999918643e+00 1.036077866696754751e-01 1.774298857299513171e-02
5.899999999999918643e+00 1.036077866696754751e-01 1.774298857299513171e-02
5.909999999999918430e+00 1.055522436903404138e-01 1.712600622678509682e-02
5.909999999999918430e+00 1.055522436903404138e-01 1.712600622678509682e-02
5.919999999999918217e+00 1.074911554162115562e-01 1.654077351063988968e-02
5.919999999999918217e+00 1.074911554162115562e-01 1.654077351063988968e-02
5.929999999999918003e+00 1.094230068565790748e-01 1.599191750903174170e-02
5.929999999999918003e+00 1.094230068565790748e-01 1.599191750903174170e-02
5.939999999999917790e+00 1.113463092740003268e-01 1.548435933753933638e-02
5.939999999999917790e+00 1.113463092740003268e-01 1.548435933753933638e-02
5.949999999999917577e+00 1.132596014586803868e-01 1.502323802796518004e-02
5.949999999999917577e+00 1.132596014586803868e-01 1.502323802796518004e-02
5.959999999999917364e+00 1.151614509339015657e-01 1.461379197193638131e-02
5.959999999999917364e+00 1.151614509339015657e-01 1.461379197193638131e-02
5.969999999999917151e+00 1.170504550927971982e-01 1.426119325254032212e-02
5.969999999999917151e+00 1.170504550927971982e-01 1.426119325254032212e-02
5.979999999999916938e+00 1.189252422667646247e-01 1.397033622229302413e-02
5.979999999999916938e+00 1.189252422667646247e-01 1.397033622229302413e-02
5.989999999999916724e+00 1.207844727256465051e-01 1.374559073443083410e-02
5.989999999999916724e+00 1.207844727256465051e-01 1.374559073443083410e-02
5.999999999999916511e+00 1.226268396098881830e-01 1.359054123458425592e-02
5.999999999999916511e+00 1.226268396098881830e-01 1.359054123458425592e-02
6.009999999999916298e+00 1.244510697948899292e-01 1.350774262542196041e-02
6.009999999999916298e+00 1.244510697948899292e-01 1.350774262542196041e-02
6.019999999999916085e+00 1.262559246877716923e-01 1.349852855211100024e-02
6.019999999999916085e+00 1.262559246877716923e-01 1.349852855211100024e-02
6.029999999999915872e+00 1.280402009569162336e-01 1.356290419965685765e-02
6.029999999999915872e+00 1.280402009569162336e-01 1.356290419965685765e-02
6.039999999999915659e+00 1.298027311946721163e-01 1.369954310000531979e-02
6.039999999999915659e+00 1.298027311946721163e-01 1.369954310000531979e-02
6.049999999999915445e+00 1.315423845137546621e-01 1.390588877966191655e-02
6.049999999999915445e+00 1.315423845137546621e-01 1.390588877966191655e-02
6.059999999999915232e+00 1.332580670779527632e-01 1.417834311594281561e-02
6.059999999999915232e+00 1.332580670779527632e-01 1.417834311594281561e-02
6.069999999999915019e+00 1.349487225678786817e-01 1.451250993959953342e-02
6.069999999999915019e+00 1.349487225678786817e-01 1.451250993959953342e-02
6.079999999999914806e+00 1.366133325825757139e-01 1.490345803241195297e-02
6.079999999999914806e+00 1.366133325825757139e-01 1.490345803241195297e-02
6.089999999999914593e+00 1.382509169779933544e-01 1.534597180419128293e-02
6.089999999999914593e+00 1.382509169779933544e-01 1.534597180419128293e-02
6.099999999999914380e+00 1.398605341433332705e-01 1.583476742022286998e-02
6.099999999999914380e+00 1.398605341433332705e-01 1.583476742022286998e-02
6.109999999999914166e+00 1.414412812164828614e-01 1.636466306363547341e-02
6.109999999999914166e+00 1.414412812164828614e-01 1.636466306363547341e-02
6.119999999999913953e+00 1.429922942397834351e-01 1.693070135902989201e-02
6.119999999999913953e+00 1.429922942397834351e-01 1.693070135902989201e-02
6.129999999999913740e+00 1.445127482575094824e-01 1.752822833362270571e-02
6.129999999999913740e+00 1.445127482575094824e-01 1.752822833362270571e-02
6.139999999999913527e+00 1.460018573565216027e-01 1.815293657986765535e-02
6.139999999999913527e+00 1.460018573565216027e-01 1.815293657986765535e-02
6.149999999999913314e+00 1.474588746516137250e-01 1.880088119092653692e-02
6.149999999999913314e+00 1.474588746516137250e-01 1.880088119092653692e-02
6.159999999999913101e+00 1.488830922171911209e-01 1.946847645394188253e-02
6.159999999999913101e+00 1.488830922171911209e-01 1.946847645394188253e-02
6.169999999999912887e+00 1.502738409669249209e-01 2.015247997173101602e-02
6.169999999999912887e+00 1.502738409669249209e-01 2.015247997173101602e-02
6.179999999999912674e+00 1.516304904831537737e-01 2.084996936978391127e-02
6.179999999999912674e+00 1.516304904831537737e-01 2.084996936978391127e-02
6.189999999999912461e+00 1.529524487977953762e-01 2.155831533361270147e-02
6.189999999999912461e+00 1.529524487977953762e-01 2.155831533361270147e-02
6.199999999999912248e+00 1.542391621265971624e-01 2.227515354543660106e-02
6.199999999999912248e+00 1.542391621265971624e-01 2.227515354543660106e-02
6.209999999999912035e+00 1.554901145586021771e-01 2.299835717972628993e-02
6.209999999999912035e+00 1.554901145586021771e-01 2.299835717972628993e-02
6.219999999999911822e+00 1.567048277027050240e-01 2.372601095189140821e-02
6.219999999999911822e+00 1.567048277027050240e-01 2.372601095189140821e-02
6.229999999999911608e+00 1.578828602932159098e-01 2.445638724989390375e-02
6.229999999999911608e+00 1.578828602932159098e-01 2.445638724989390375e-02
6.239999999999911395e+00 1.590238077563411734e-01 2.518792456809150829e-02
6.239999999999911395e+00 1.590238077563411734e-01 2.518792456809150829e-02
6.249999999999911182e+00 1.601273017395535292e-01 2.591920826464527705e-02
6.249999999999911182e+00 1.601273017395535292e-01 2.591920826464527705e-02
6.259999999999910969e+00 1.611930096056959361e-01 2.664895354490371890e-02
6.259999999999910969e+00 1.611930096056959361e-01 2.664895354490371890e-02
6.269999999999910756e+00 1.622206338938403103e-01 2.737599050782841756e-02
6.269999999999910756e+00 1.622206338938403103e-01 2.737599050782841756e-02
6.279999999999910543e+00 1.632099117487559314e-01 2.809925106240065626e-02
6.279999999999910543e+00 1.632099117487559314e-01 2.809925106240065626e-02
6.289999999999910330e+00 1.641606143208890201e-01 2.881775751298018204e-02
6.289999999999910330e+00 1.641606143208890201e-01 2.881775751298018204e-02
6.299999999999910116e+00 1.650725461387694548e-01 2.953061261798825554e-02
6.299999999999910116e+00 1.650725461387694548e-01 2.953061261798825554e-02
6.309999999999909903e+00 1.659455444556479919e-01 3.023699093912295480e-02
6.309999999999909903e+00 1.659455444556479919e-01 3.023699093912295480e-02
6.319999999999909690e+00 1.667794785722629403e-01 3.093613131476730810e-02
6.319999999999909690e+00 1.667794785722629403e-01 3.093613131476730810e-02
6.329999999999909477e+00 1.675742491374469234e-01 3.162733030898332021e-02
6.329999999999909477e+00 1.675742491374469234e-01 3.162733030898332021e-02
6.339999999999909264e+00 1.683297874284293005e-01 3.230993650494994041e-02
6.339999999999909264e+00 1.683297874284293005e-01 3.230993650494994041e-02
6.349999999999909051e+00 1.690460546125211183e-01 3.298334552821079180e-02
6.349999999999909051e+00 1.690460546125211183e-01 3.298334552821079180e-02
6.359999999999908837e+00 1.697230409918662752e-01 3.364699570014714064e-02
6.359999999999908837e+00 1.697230409918662752e-01 3.364699570014714064e-02
6.369999999999908624e+00 1.703607652329545974e-01 3.430036423558498887e-02
6.369999999999908624e+00 1.703607652329545974e-01 3.430036423558498887e-02
6.379999999999908411e+00 1.709592735824888576e-01 3.494296391031471993e-02
6.379999999999908411e+00 1.709592735824888576e-01 3.494296391031471993e-02
6.389999999999908198e+00 1.715186390711892495e-01 3.557434013470760215e-02
6.389999999999908198e+00 1.715186390711892495e-01 3.557434013470760215e-02
6.399999999999907985e+00 1.720389607070620663e-01 3.619406837862169934e-02
6.399999999999907985e+00 1.720389607070620663e-01 3.619406837862169934e-02
6.409999999999907772e+00 1.725203626596485129e-01 3.680175190052382278e-02
6.409999999999907772e+00 1.725203626596485129e-01 3.680175190052382278e-02
6.419999999999907558e+00 1.729629934366745392e-01 3.739701974046196614e-02
6.419999999999907558e+00 1.729629934366745392e-01 3.739701974046196614e-02
6.429999999999907345e+00 1.733670250545319147e-01 3.797952494221249614e-02
6.429999999999907345e+00 1.733670250545319147e-01 3.797952494221249614e-02
6.439999999999907132e+00 1.737326522039430443e-01 3.854894297482093501e-02
6.439999999999907132e+00 1.737326522039430443e-01 3.854894297482093501e-02
6.449999999999906919e+00 1.740600914121312737e-01 3.910497032793491118e-02
6.449999999999906919e+00 1.740600914121312737e-01 3.910497032793491118e-02
6.459999999999906706e+00 1.743495802028071084e-01 3.964732325888942893e-02
6.459999999999906706e+00 1.743495802028071084e-01 3.964732325888942893e-02
6.469999999999906493e+00 1.746013762551411330e-01 4.017573667254813186e-02
6.469999999999906493e+00 1.746013762551411330e-01 4.017573667254813186e-02
6.479999999999906279e+00 1.748157565630063526e-01 4.068996311751316847e-02
6.479999999999906279e+00 1.748157565630063526e-01 4.068996311751316847e-02
6.489999999999906066e+00 1.749930165955789207e-01 4.118977188451645316e-02
6.489999999999906066e+00 1.749930165955789207e-01 4.118977188451645316e-02
6.499999999999905853e+00 1.751334694604520514e-01 4.167494819473369777e-02
6.499999999999905853e+00 1.751334694604520514e-01 4.167494819473369777e-02
6.509999999999905640e+00 1.752374450703094999e-01 4.214529246735573831e-02
6.509999999999905640e+00 1.752374450703094999e-01 4.214529246735573831e-02
6.519999999999905427e+00 1.753052893142352520e-01 4.260061965716300386e-02
6.519999999999905427e+00 1.753052893142352520e-01 4.260061965716300386e-02
6.529999999999905214e+00 1.753373632346283406e-01 4.304075865403551165e-02
6.529999999999905214e+00 1.753373632346283406e-01 4.304075865403551165e-02
6.539999999999905000e+00 1.753340422106886287e-01 4.346555173735350275e-02
6.539999999999905000e+00 1.753340422106886287e-01 4.346555173735350275e-02
6.549999999999904787e+00 1.752957151494122789e-01 4.387485407911950741e-02
6.549999999999904787e+00 1.752957151494122789e-01 4.387485407911950741e-02
6.559999999999904574e+00 1.752227836849863107e-01 4.426853329040211782e-02
6.559999999999904574e+00 1.752227836849863107e-01 4.426853329040211782e-02
6.569999999999904361e+00 1.751156613874061685e-01 4.464646900634264282e-02
6.569999999999904361e+00 1.751156613874061685e-01 4.464646900634264282e-02
6.579999999999904148e+00 1.749747729811817476e-01 4.500855250552776576e-02
6.579999999999904148e+00 1.749747729811817476e-01 4.500855250552776576e-02
6.589999999999903935e+00 1.748005535748892170e-01 4.535468636003570087e-02
6.589999999999903935e+00 1.748005535748892170e-01 4.535468636003570087e-02
6.599999999999903721e+00 1.745934479023059649e-01 4.568478411286506363e-02
6.599999999999903721e+00 1.745934479023059649e-01 4.568478411286506363e-02
6.609999999999903508e+00 1.743539095758816215e-01 4.599876997983344540e-02
6.609999999999903508e+00 1.743539095758816215e-01 4.599876997983344540e-02
6.619999999999903295e+00 1.740824003532111253e-01 4.629657857335172516e-02
6.619999999999903295e+00 1.740824003532111253e-01 4.629657857335172516e-02
6.629999999999903082e+00 1.737793894171530407e-01 4.657815464575636860e-02
6.629999999999903082e+00 1.737793894171530407e-01 4.657815464575636860e-02
6.639999999999902869e+00 1.734453526702470216e-01 4.684345285011965593e-02
6.639999999999902869e+00 1.734453526702470216e-01 4.684345285011965593e-02
6.649999999999902656e+00 1.730807720439693498e-01 4.709243751668982375e-02
6.649999999999902656e+00 1.730807720439693498e-01 4.709243751668982375e-02
6.659999999999902442e+00 1.726861348234530469e-01 4.732508244327514324e-02
6.659999999999902442e+00 1.726861348234530469e-01 4.732508244327514324e-02
6.669999999999902229e+00 1.722619329881364680e-01 4.754137069807319593e-02
6.669999999999902229e+00 1.722619329881364680e-01 4.754137069807319593e-02
6.679999999999902016e+00 1.718086625688775015e-01 4.774129443358866159e-02
6.679999999999902016e+00 1.718086625688775015e-01 4.774129443358866159e-02
6.689999999999901803e+00 1.713268230220013344e-01 4.792485471040110190e-02
6.689999999999901803e+00 1.713268230220013344e-01 4.792485471040110190e-02
6.699999999999901590e+00 1.708169166207113010e-01 4.809206132968714409e-02
6.699999999999901590e+00 1.708169166207113010e-01 4.809206132968714409e-02
6.709999999999901377e+00 1.702794478642614961e-01 4.824293267347520842e-02
6.709999999999901377e+00 1.702794478642614961e-01 4.824293267347520842e-02
6.719999999999901164e+00 1.697149229053173947e-01 4.837749555173656568e-02
6.719999999999901164e+00 1.697149229053173947e-01 4.837749555173656568e-02
6.729999999999900950e+00 1.691238489958159785e-01 4.849578505548277768e-02
6.729999999999900950e+00 1.691238489958159785e-01 4.849578505548277768e-02
6.739999999999900737e+00 1.685067339516767293e-01 4.859784441512204206e-02
6.739999999999900737e+00 1.685067339516767293e-01 4.859784441512204206e-02
6.749999999999900524e+00 1.678640856366464262e-01 4.868372486340932087e-02
6.749999999999900524e+00 1.678640856366464262e-01 4.868372486340932087e-02
6.759999999999900311e+00 1.671964114655747069e-01 4.875348550238251671e-02
6.759999999999900311e+00 1.671964114655747069e-01 4.875348550238251671e-02
6.769999999999900098e+00 1.665042179273553691e-01 4.880719317373502508e-02
6.769999999999900098e+00 1.665042179273553691e-01 4.880719317373502508e-02
6.779999999999899885e+00 1.657880101277371399e-01 4.884492233214880047e-02
6.779999999999899885e+00 1.657880101277371399e-01 4.884492233214880047e-02
6.789999999999899671e+00 1.650482913522352824e-01 4.886675492115338804e-02
6.789999999999899671e+00 1.650482913522352824e-01 4.886675492115338804e-02
6.799999999999899458e+00 1.642855626493018306e-01 4.887278025113070412e-02
6.799999999999899458e+00 1.642855626493018306e-01 4.887278025113070412e-02
6.809999999999899245e+00 1.635003224338622829e-01 4.886309487913995803e-02
6.809999999999899245e+00 1.635003224338622829e-01 4.886309487913995803e-02
6.819999999999899032e+00 1.626930661114304733e-01 4.883780249026657000e-02
6.819999999999899032e+00 1.626930661114304733e-01 4.883780249026657000e-02
6.829999999999898819e+00 1.618642857227956811e-01 4.879701378027624659e-02
6.829999999999898819e+00 1.618642857227956811e-01 4.879701378027624659e-02
6.839999999999898606e+00 1.610144696094562844e-01 4.874084633935391042e-02
6.839999999999898606e+00 1.610144696094562844e-01 4.874084633935391042e-02
6.849999999999898392e+00 1.601441020997788067e-01 4.866942453679187069e-02
6.849999999999898392e+00 1.601441020997788067e-01 4.866942453679187069e-02
6.859999999999898179e+00 1.592536632159709531e-01 4.858287940649530512e-02
6.859999999999898179e+00 1.592536632159709531e-01 4.858287940649530512e-02
6.869999999999897966e+00 1.583436284018573947e-01 4.848134853323964738e-02
6.869999999999897966e+00 1.583436284018573947e-01 4.848134853323964738e-02
6.879999999999897753e+00 1.574144682714426757e-01 4.836497593962814368e-02
6.879999999999897753e+00 1.574144682714426757e-01 4.836497593962814368e-02
6.889999999999897540e+00 1.564666483782752304e-01 4.823391197375632294e-02
6.889999999999897540e+00 1.564666483782752304e-01 4.823391197375632294e-02
6.899999999999897327e+00 1.555006290055142015e-01 4.808831319760634160e-02
6.899999999999897327e+00 1.555006290055142015e-01 4.808831319760634160e-02
6.909999999999897113e+00 1.545168649766859026e-01 4.792834227624036963e-02
6.909999999999897113e+00 1.545168649766859026e-01 4.792834227624036963e-02
6.919999999999896900e+00 1.535158054870057742e-01 4.775416786789556112e-02
6.919999999999896900e+00 1.535158054870057742e-01 4.775416786789556112e-02
6.929999999999896687e+00 1.524978939552040780e-01 4.756596451510713280e-02
6.929999999999896687e+00 1.524978939552040780e-01 4.756596451510713280e-02
6.939999999999896474e+00 1.514635678957312603e-01 4.736391253703763765e-02
6.939999999999896474e+00 1.514635678957312603e-01 4.736391253703763765e-02
6.949999999999896261e+00 1.504132588111816715e-01 4.714819792319709796e-02
6.949999999999896261e+00 1.504132588111816715e-01 4.714819792319709796e-02
6.959999999999896048e+00 1.493473921048284470e-01 4.691901222880175831e-02
6.959999999999896048e+00 1.493473921048284470e-01 4.691901222880175831e-02
6.969999999999895834e+00 1.482663870131096795e-01 4.667655247201932950e-02
6.969999999999895834e+00 1.482663870131096795e-01 4.667655247201932950e-02
6.979999999999895621e+00 1.471706565578304593e-01 4.642102103341489566e-02
6.979999999999895621e+00 1.471706565578304593e-01 4.642102103341489566e-02
6.989999999999895408e+00 1.460606075179710084e-01 4.615262555790948518e-02
6.989999999999895408e+00 1.460606075179710084e-01 4.615262555790948518e-02
6.999999999999895195e+00 1.449366404208277948e-01 4.587157885962876019e-02
6.999999999999895195e+00 1.449366404208277948e-01 4.587157885962876019e-02
7.009999999999894982e+00 1.437991495523009977e-01 4.557809883002693352e-02
7.009999999999894982e+00 1.437991495523009977e-01 4.557809883002693352e-02
7.019999999999894769e+00 1.426485229860763870e-01 4.527240834972542927e-02
7.019999999999894769e+00 1.426485229860763870e-01 4.527240834972542927e-02
7.029999999999894555e+00 1.414851426314785166e-01 4.495473520452699517e-02
7.029999999999894555e+00 1.414851426314785166e-01 4.495473520452699517e-02
7.039999999999894342e+00 1.403093842996865348e-01 4.462531200611085519e-02
7.039999999999894342e+00 1.403093842996865348e-01 4.462531200611085519e-02
7.049999999999894129e+00 1.391216177880783555e-01 4.428437611795341122e-02
7.049999999999894129e+00 1.391216177880783555e-01 4.428437611795341122e-02
7.059999999999893916e+00 1.379222069824000141e-01 4.393216958705611214e-02
7.059999999999893916e+00 1.379222069824000141e-01 4.393216958705611214e-02
7.069999999999893703e+00 1.367115099764235342e-01 4.356893908210803662e-02
7.069999999999893703e+00 1.367115099764235342e-01 4.356893908210803662e-02
7.079999999999893490e+00 1.354898792088361226e-01 4.319493583875996801e-02
7.079999999999893490e+00 1.354898792088361226e-01 4.319493583875996801e-02
7.089999999999893276e+00 1.342576616169658399e-01 4.281041561272656143e-02
7.089999999999893276e+00 1.342576616169658399e-01 4.281041561272656143e-02
7.099999999999893063e+00 1.330151988070208124e-01 4.241563864150613150e-02
7.099999999999893063e+00 1.330151988070208124e-01 4.241563864150613150e-02
7.109999999999892850e+00 1.317628272405030887e-01 4.201086961554051369e-02
7.109999999999892850e+00 1.317628272405030887e-01 4.201086961554051369e-02
7.119999999999892637e+00 1.305008784363884400e-01 4.159637765972955259e-02
7.119999999999892637e+00 1.305008784363884400e-01 4.159637765972955259e-02
7.129999999999892424e+00 1.292296791886838048e-01 4.117243632625950528e-02
7.129999999999892424e+00 1.292296791886838048e-01 4.117243632625950528e-02
7.139999999999892211e+00 1.279495517990087150e-01 4.073932359979921120e-02
7.139999999999892211e+00 1.279495517990087150e-01 4.073932359979921120e-02
7.149999999999891998e+00 1.266608143237228090e-01 4.029732191619348619e-02
7.149999999999891998e+00 1.266608143237228090e-01 4.029732191619348619e-02
7.159999999999891784e+00 1.253637808352222605e-01 3.984671819588029434e-02
7.159999999999891784e+00 1.253637808352222605e-01 3.984671819588029434e-02
7.169999999999891571e+00 1.240587616969486134e-01 3.938780389335560378e-02
7.169999999999891571e+00 1.240587616969486134e-01 3.938780389335560378e-02
7.179999999999891358e+00 1.227460638516688352e-01 3.892087506413140913e-02
7.179999999999891358e+00 1.227460638516688352e-01 3.892087506413140913e-02
7.189999999999891145e+00 1.214259911225611527e-01 3.844623245075022566e-02
7.189999999999891145e+00 1.214259911225611527e-01 3.844623245075022566e-02
7.199999999999890932e+00 1.200988445266774340e-01 3.796418158956058747e-02
7.199999999999890932e+00 1.200988445266774340e-01 3.796418158956058747e-02
7.209999999999890719e+00 1.187649226002603919e-01 3.747503294010953029e-02
7.209999999999890719e+00 1.187649226002603919e-01 3.747503294010953029e-02
7.219999999999890505e+00 1.174245217355073534e-01 3.697910203918000627e-02
7.219999999999890505e+00 1.174245217355073534e-01 3.697910203918000627e-02
7.229999999999890292e+00 1.160779365282689629e-01 3.647670968167641276e-02
7.229999999999890292e+00 1.160779365282689629e-01 3.647670968167641276e-02
7.239999999999890079e+00 1.147254601362171778e-01 3.596818213077653675e-02
7.239999999999890079e+00 1.147254601362171778e-01 3.596818213077653675e-02
7.249999999999889866e+00 1.133673846470263646e-01 3.545385135998017218e-02
7.249999999999889866e+00 1.133673846470263646e-01 3.545385135998017218e-02
7.259999999999889653e+00 1.120040014561433511e-01 3.493405532993132390e-02
7.259999999999889653e+00 1.120040014561433511e-01 3.493405532993132390e-02
7.269999999999889440e+00 1.106356016536333420e-01 3.440913830315876776e-02
7.269999999999889440e+00 1.106356016536333420e-01 3.440913830315876776e-02
7.279999999999889226e+00 1.092624764197383247e-01 3.387945120015346812e-02
7.279999999999889226e+00 1.092624764197383247e-01 3.387945120015346812e-02
7.289999999999889013e+00 1.078849174287426910e-01 3.334535200051863546e-02
7.289999999999889013e+00 1.078849174287426910e-01 3.334535200051863546e-02
7.299999999999888800e+00 1.065032172607432021e-01 3.280720619325772774e-02
7.299999999999888800e+00 1.065032172607432021e-01 3.280720619325772774e-02
7.309999999999888587e+00 1.051176698210001259e-01 3.226538728059766270e-02
7.309999999999888587e+00 1.051176698210001259e-01 3.226538728059766270e-02
7.319999999999888374e+00 1.037285707665848711e-01 3.172027734011588496e-02
7.319999999999888374e+00 1.037285707665848711e-01 3.172027734011588496e-02
7.329999999999888161e+00 1.023362179400480604e-01 3.117226765032836064e-02
7.329999999999888161e+00 1.023362179400480604e-01 3.117226765032836064e-02
7.339999999999887947e+00 1.009409118099457298e-01 3.062175938523383281e-02
7.339999999999887947e+00 1.009409118099457298e-01 3.062175938523383281e-02
7.349999999999887734e+00 9.954295591808132171e-02 3.006916438371849687e-02
7.349999999999887734e+00 9.954295591808132171e-02 3.006916438371849687e-02
7.359999999999887521e+00 9.814265733338804754e-02 2.951490600004118628e-02
7.359999999999887521e+00 9.814265733338804754e-02 2.951490600004118628e-02
7.369999999999887308e+00 9.674032711249905270e-02 2.895942004194135277e-02
7.369999999999887308e+00 9.674032711249905270e-02 2.895942004194135277e-02
7.379999999999887095e+00 9.533628076716325894e-02 2.840315580313346189e-02
7.379999999999887095e+00 9.533628076716325894e-02 2.840315580313346189e-02
7.389999999999886882e+00 9.393083873861844679e-02 2.784657719707396215e-02
7.389999999999886882e+00 9.393083873861844679e-02 2.784657719707396215e-02
7.399999999999886668e+00 9.252432687941640477e-02 2.729016399886987146e-02
7.399999999999886668e+00 9.252432687941640477e-02 2.729016399886987146e-02
7.409999999999886455e+00 9.111707694302920157e-02 2.673441320192897902e-02
7.409999999999886455e+00 9.111707694302920157e-02 2.673441320192897902e-02
7.419999999999886242e+00 8.970942708191936843e-02 2.617984049542182098e-02
7.419999999999886242e+00 8.970942708191936843e-02 2.617984049542182098e-02
7.429999999999886029e+00 8.830172235480451826e-02 2.562698186766526956e-02
7.429999999999886029e+00 8.830172235480451826e-02 2.562698186766526956e-02
7.439999999999885816e+00 8.689431524406773799e-02 2.507639533906990542e-02
7.439999999999885816e+00 8.689431524406773799e-02 2.507639533906990542e-02
7.449999999999885603e+00 8.548756618438678456e-02 2.452866282612191015e-02
7.449999999999885603e+00 8.548756618438678456e-02 2.452866282612191015e-02
7.459999999999885389e+00 8.408184410387578578e-02 2.398439213479873489e-02
7.459999999999885389e+00 8.408184410387578578e-02 2.398439213479873489e-02
7.469999999999885176e+00 8.267752697930057237e-02 2.344421907766143509e-02
7.469999999999885176e+00 8.267752697930057237e-02 2.344421907766143509e-02
7.479999999999884963e+00 8.127500240701050760e-02 2.290880970321290677e-02
7.479999999999884963e+00 8.127500240701050760e-02 2.290880970321290677e-02
7.489999999999884750e+00 7.987466819161485876e-02 2.237886261877396199e-02
7.489999999999884750e+00 7.987466819161485876e-02 2.237886261877396199e-02
7.499999999999884537e+00 7.847693295454445661e-02 2.185511137857489017e-02
7.499999999999884537e+00 7.847693295454445661e-02 2.185511137857489017e-02
7.509999999999884324e+00 7.708221676500370823e-02 2.133832689667103377e-02
7.509999999999884324e+00 7.708221676500370823e-02 2.133832689667103377e-02
7.519999999999884110e+00 7.569095179602705614e-02 2.082931982912477123e-02
7.519999999999884110e+00 7.569095179602705614e-02 2.082931982912477123e-02
7.529999999999883897e+00 7.430358300857244080e-02 2.032894285125711603e-02
7.529999999999883897e+00 7.430358300857244080e-02 2.032894285125711603e-02
7.539999999999883684e+00 7.292056886698647378e-02 1.983809273327958450e-02
7.539999999999883684e+00 7.292056886698647378e-02 1.983809273327958450e-02
7.549999999999883471e+00 7.154238208931994192e-02 1.935771209100857135e-02
7.549999999999883471e+00 7.154238208931994192e-02 1.935771209100857135e-02
7.559999999999883258e+00 7.016951043623737005e-02 1.888879065769427656e-02
7.559999999999883258e+00 7.016951043623737005e-02 1.888879065769427656e-02
7.569999999999883045e+00 6.880245754264012470e-02 1.843236588880508078e-02
7.569999999999883045e+00 6.880245754264012470e-02 1.843236588880508078e-02
7.579999999999882832e+00 6.744174379601687586e-02 1.798952267488242510e-02
7.579999999999882832e+00 6.744174379601687586e-02 1.798952267488242510e-02
7.589999999999882618e+00 6.608790726612316646e-02 1.756139190066572861e-02
7.589999999999882618e+00 6.608790726612316646e-02 1.756139190066572861e-02
7.599999999999882405e+00 6.474150469019884779e-02 1.714914755444538891e-02
7.599999999999882405e+00 6.474150469019884779e-02 1.714914755444538891e-02
7.609999999999882192e+00 6.340311251831935724e-02 1.675400206523819380e-02
7.609999999999882192e+00 6.340311251831935724e-02 1.675400206523819380e-02
7.619999999999881979e+00 6.207332802312081482e-02 1.637719953285705909e-02
7.619999999999881979e+00 6.207332802312081482e-02 1.637719953285705909e-02
7.629999999999881766e+00 6.075277047796073804e-02 1.602000652550520862e-02
7.629999999999881766e+00 6.075277047796073804e-02 1.602000652550520862e-02
7.639999999999881553e+00 5.944208240701796125e-02 1.568370016019325977e-02
7.639999999999881553e+00 5.944208240701796125e-02 1.568370016019325977e-02
7.649999999999881339e+00 5.814193091016946202e-02 1.536955326247996245e-02
7.649999999999881339e+00 5.814193091016946202e-02 1.536955326247996245e-02
7.659999999999881126e+00 5.685300906433857909e-02 1.507881653180967278e-02
7.659999999999881126e+00 5.685300906433857909e-02 1.507881653180967278e-02
7.669999999999880913e+00 5.557603740153333610e-02 1.481269782136137442e-02
7.669999999999880913e+00 5.557603740153333610e-02 1.481269782136137442e-02
7.679999999999880700e+00 5.431176546188773435e-02 1.457233887478934752e-02
7.679999999999880700e+00 5.431176546188773435e-02 1.457233887478934752e-02
7.689999999999880487e+00 5.306097341721887489e-02 1.435879013497980312e-02
7.689999999999880487e+00 5.306097341721887489e-02 1.435879013497980312e-02
7.699999999999880274e+00 5.182447375742798429e-02 1.417298452942511618e-02
7.699999999999880274e+00 5.182447375742798429e-02 1.417298452942511618e-02
7.709999999999880060e+00 5.060311302755775287e-02 1.401571140882678333e-02
7.709999999999880060e+00 5.060311302755775287e-02 1.401571140882678333e-02
7.719999999999879847e+00 4.939777359814527535e-02 1.388759202796746063e-02
7.719999999999879847e+00 4.939777359814527535e-02 1.388759202796746063e-02
7.729999999999879634e+00 4.820937544441365047e-02 1.378905806579235581e-02
7.729999999999879634e+00 4.820937544441365047e-02 1.378905806579235581e-02
7.739999999999879421e+00 4.703887790205178027e-02 1.372033464822338712e-02
7.739999999999879421e+00 4.703887790205178027e-02 1.372033464822338712e-02
7.749999999999879208e+00 4.588728135680238129e-02 1.368142914163572241e-02
7.749999999999879208e+00 4.588728135680238129e-02 1.368142914163572241e-02
7.759999999999878995e+00 4.475562881354935851e-02 1.367212663316086027e-02
7.759999999999878995e+00 4.475562881354935851e-02 1.367212663316086027e-02
7.769999999999878781e+00 4.364500727596733187e-02 1.369199253913096562e-02
7.769999999999878781e+00 4.364500727596733187e-02 1.369199253913096562e-02
7.779999999999878568e+00 4.255654885169819074e-02 1.374038224409843481e-02
7.779999999999878568e+00 4.255654885169819074e-02 1.374038224409843481e-02
7.789999999999878355e+00 4.149143147881132615e-02 1.381645714155015948e-02
7.789999999999878355e+00 4.149143147881132615e-02 1.381645714155015948e-02
7.799999999999878142e+00 4.045087914835428927e-02 1.391920599537048962e-02
7.799999999999878142e+00 4.045087914835428927e-02 1.391920599537048962e-02
7.809999999999877929e+00 3.943616147479815648e-02 1.404747022343152615e-02
7.809999999999877929e+00 3.943616147479815648e-02 1.404747022343152615e-02
7.819999999999877716e+00 3.844859244184060248e-02 1.419997155107996165e-02
7.819999999999877716e+00 3.844859244184060248e-02 1.419997155107996165e-02
7.829999999999877502e+00 3.748952812682404545e-02 1.437534049316885158e-02
7.829999999999877502e+00 3.748952812682404545e-02 1.437534049316885158e-02
7.839999999999877289e+00 3.656036318425380516e-02 1.457214427380463043e-02
7.839999999999877289e+00 3.656036318425380516e-02 1.457214427380463043e-02
7.849999999999877076e+00 3.566252585014603738e-02 1.478891304202357808e-02
7.849999999999877076e+00 3.566252585014603738e-02 1.478891304202357808e-02
7.859999999999876863e+00 3.479747121723593406e-02 1.502416354209929264e-02
7.859999999999876863e+00 3.479747121723593406e-02 1.502416354209929264e-02
7.869999999999876650e+00 3.396667253041907308e-02 1.527641970577309390e-02
7.869999999999876650e+00 3.396667253041907308e-02 1.527641970577309390e-02
7.879999999999876437e+00 3.317161026669888935e-02 1.554422991642692535e-02
7.879999999999876437e+00 3.317161026669888935e-02 1.554422991642692535e-02
7.889999999999876223e+00 3.241375879961203021e-02 1.582618093064796019e-02
7.889999999999876223e+00 3.241375879961203021e-02 1.582618093064796019e-02
7.899999999999876010e+00 3.169457050960649419e-02 1.612090862103300951e-02
7.899999999999876010e+00 3.169457050960649419e-02 1.612090862103300951e-02
7.909999999999875797e+00 3.101545729371142646e-02 1.642710582520874249e-02
7.909999999999875797e+00 3.101545729371142646e-02 1.642710582520874249e-02
7.919999999999875584e+00 3.037776955254814851e-02 1.674352765605228652e-02
7.919999999999875584e+00 3.037776955254814851e-02 1.674352765605228652e-02
7.929999999999875371e+00 2.978277289019775481e-02 1.706899465653577766e-02
7.929999999999875371e+00 2.978277289019775481e-02 1.706899465653577766e-02
7.939999999999875158e+00 2.923162294816064946e-02 1.740239418007074809e-02
7.939999999999875158e+00 2.923162294816064946e-02 1.740239418007074809e-02
7.949999999999874944e+00 2.872533899874929464e-02 1.774268035358018969e-02
7.949999999999874944e+00 2.872533899874929464e-02 1.774268035358018969e-02
7.959999999999874731e+00 2.826477712994175315e-02 1.808887294421538186e-02
7.959999999999874731e+00 2.826477712994175315e-02 1.808887294421538186e-02
7.969999999999874518e+00 2.785060404195171049e-02 1.844005540828040635e-02
7.969999999999874518e+00 2.785060404195171049e-02 1.844005540828040635e-02
7.979999999999874305e+00 2.748327262019407621e-02 1.879537235721901942e-02
7.979999999999874305e+00 2.748327262019407621e-02 1.879537235721901942e-02
7.989999999999874092e+00 2.716300052428485129e-02 1.915402663365612171e-02
7.989999999999874092e+00 2.716300052428485129e-02 1.915402663365612171e-02
7.999999999999873879e+00 2.688975301577171961e-02 1.951527615233528828e-02
7.999999999999873879e+00 2.688975301577171961e-02 1.951527615233528828e-02
8.009999999999873666e+00 2.666323112453472532e-02 1.987843062732783800e-02
8.009999999999873666e+00 2.666323112453472532e-02 1.987843062732783800e-02
8.019999999999873452e+00 2.648286602364286965e-02 2.024284827834544817e-02
8.019999999999873452e+00 2.648286602364286965e-02 2.024284827834544817e-02
8.029999999999873239e+00 2.634782015826207108e-02 2.060793258523007168e-02
8.029999999999873239e+00 2.634782015826207108e-02 2.060793258523007168e-02
8.039999999999873026e+00 2.625699528438258865e-02 2.097312914040116300e-02
8.039999999999873026e+00 2.625699528438258865e-02 2.097312914040116300e-02
8.049999999999872813e+00 2.620904715661311751e-02 2.133792263354136742e-02
8.049999999999872813e+00 2.620904715661311751e-02 2.133792263354136742e-02
8.059999999999872600e+00 2.620240620615471583e-02 2.170183399069785038e-02
8.059999999999872600e+00 2.620240620615471583e-02 2.170183399069785038e-02
8.069999999999872387e+00 2.623530321241931626e-02 2.206441768061555633e-02
8.069999999999872387e+00 2.623530321241931626e-02 2.206441768061555633e-02
8.079999999999872173e+00 2.630579872830174359e-02 2.242525919407387450e-02
8.079999999999872173e+00 2.630579872830174359e-02 2.242525919407387450e-02
8.089999999999871960e+00 2.641181488857281476e-02 2.278397269671164280e-02
8.089999999999871960e+00 2.641181488857281476e-02 2.278397269671164280e-02
8.099999999999871747e+00 2.655116821704416041e-02 2.314019885213646974e-02
8.099999999999871747e+00 2.655116821704416041e-02 2.314019885213646974e-02
8.109999999999871534e+00 2.672160213843551013e-02 2.349360280940209281e-02
8.109999999999871534e+00 2.672160213843551013e-02 2.349360280940209281e-02
8.119999999999871321e+00 2.692081807339995539e-02 2.384387234726874361e-02
8.119999999999871321e+00 2.692081807339995539e-02 2.384387234726874361e-02
8.129999999999871108e+00 2.714650422040811376e-02 2.419071616654046644e-02
8.129999999999871108e+00 2.714650422040811376e-02 2.419071616654046644e-02
8.139999999999870894e+00 2.739636137726514029e-02 2.453386232122758623e-02
8.139999999999870894e+00 2.739636137726514029e-02 2.453386232122758623e-02
8.149999999999870681e+00 2.766812540153653147e-02 2.487305677908123458e-02
8.149999999999870681e+00 2.766812540153653147e-02 2.487305677908123458e-02
8.159999999999870468e+00 2.795958613321059688e-02 2.520806210213549434e-02
8.159999999999870468e+00 2.795958613321059688e-02 2.520806210213549434e-02
8.169999999999870255e+00 2.826860279148678268e-02 2.553865623811671023e-02
8.169999999999870255e+00 2.826860279148678268e-02 2.553865623811671023e-02
8.179999999999870042e+00 2.859311600455588520e-02 2.586463141400208859e-02
8.179999999999870042e+00 2.859311600455588520e-02 2.586463141400208859e-02
8.189999999999869829e+00 2.893115673590336903e-02 2.618579312343629478e-02
8.189999999999869829e+00 2.893115673590336903e-02 2.618579312343629478e-02
8.199999999999869615e+00 2.928085243655091652e-02 2.650195920025740642e-02
8.199999999999869615e+00 2.928085243655091652e-02 2.650195920025740642e-02
8.209999999999869402e+00 2.964043078541430537e-02 2.681295897088012761e-02
8.209999999999869402e+00 2.964043078541430537e-02 2.681295897088012761e-02
8.219999999999869189e+00 3.000822138661064439e-02 2.711863247884589712e-02
8.219999999999869189e+00 3.000822138661064439e-02 2.711863247884589712e-02
8.229999999999868976e+00 3.038265577985047733e-02 2.741882977532078547e-02
8.229999999999868976e+00 3.038265577985047733e-02 2.741882977532078547e-02
8.239999999999868763e+00 3.076226609436718065e-02 2.771341026987727760e-02
8.239999999999868763e+00 3.076226609436718065e-02 2.771341026987727760e-02
8.249999999999868550e+00 3.114568264330165245e-02 2.800224213631124018e-02
8.249999999999868550e+00 3.114568264330165245e-02 2.800224213631124018e-02
8.259999999999868336e+00 3.153163071830073633e-02 2.828520176873328476e-02
8.259999999999868336e+00 3.153163071830073633e-02 2.828520176873328476e-02
8.269999999999868123e+00 3.191892680631770729e-02 2.856217328355611235e-02
8.269999999999868123e+00 3.191892680631770729e-02 2.856217328355611235e-02
8.279999999999867910e+00 3.230647441432808742e-02 2.883304806339659701e-02
8.279999999999867910e+00 3.230647441432808742e-02 2.883304806339659701e-02
8.289999999999867697e+00 3.269325965424209335e-02 2.909772433925319340e-02
8.289999999999867697e+00 3.269325965424209335e-02 2.909772433925319340e-02
8.299999999999867484e+00 3.307834671041336855e-02 2.935610680766020594e-02
8.299999999999867484e+00 3.307834671041336855e-02 2.935610680766020594e-02
8.309999999999867271e+00 3.346087328612870615e-02 2.960810627977828249e-02
8.309999999999867271e+00 3.346087328612870615e-02 2.960810627977828249e-02
8.319999999999867057e+00 3.384004610322943751e-02 2.985363935969809895e-02
8.319999999999867057e+00 3.384004610322943751e-02 2.985363935969809895e-02
8.329999999999866844e+00 3.421513651044996718e-02 3.009262814943379841e-02
8.329999999999866844e+00 3.421513651044996718e-02 3.009262814943379841e-02
8.339999999999866631e+00 3.458547624072855209e-02 3.032499997832777128e-02
8.339999999999866631e+00 3.458547624072855209e-02 3.032499997832777128e-02
8.349999999999866418e+00 3.495045334531781539e-02 3.055068715479605790e-02
8.349999999999866418e+00 3.495045334531781539e-02 3.055068715479605790e-02
8.359999999999866205e+00 3.530950832264541372e-02 3.076962673849321234e-02
8.359999999999866205e+00 3.530950832264541372e-02 3.076962673849321234e-02
8.369999999999865992e+00 3.566213045203603382e-02 3.098176033118577727e-02
8.369999999999865992e+00 3.566213045203603382e-02 3.098176033118577727e-02
8.379999999999865778e+00 3.600785433644358713e-02 3.118703388473779634e-02
8.379999999999865778e+00 3.600785433644358713e-02 3.118703388473779634e-02
8.389999999999865565e+00 3.634625665374572462e-02 3.138539752475391631e-02
8.389999999999865565e+00 3.634625665374572462e-02 3.138539752475391631e-02
8.399999999999865352e+00 3.667695311277700820e-02 3.157680538857468577e-02
8.399999999999865352e+00 3.667695311277700820e-02 3.157680538857468577e-02
8.409999999999865139e+00 3.699959560788826374e-02 3.176121547638360854e-02
8.409999999999865139e+00 3.699959560788826374e-02 3.176121547638360854e-02
8.419999999999864926e+00 3.731386956410663591e-02 3.193858951433626442e-02
8.419999999999864926e+00 3.731386956410663591e-02 3.193858951433626442e-02
8.429999999999864713e+00 3.761949146391829063e-02 3.210889282866320749e-02
8.429999999999864713e+00 3.761949146391829063e-02 3.210889282866320749e-02
8.439999999999864500e+00 3.791620654604447443e-02 3.227209422983885051e-02
8.439999999999864500e+00 3.791620654604447443e-02 3.227209422983885051e-02
8.449999999999864286e+00 3.820378666635123460e-02 3.242816590591495601e-02
8.449999999999864286e+00 3.820378666635123460e-02 3.242816590591495601e-02
8.459999999999864073e+00 3.848202831092699394e-02 3.257708332426213077e-02
8.459999999999864073e+00 3.848202831092699394e-02 3.257708332426213077e-02
8.469999999999863860e+00 3.875075075164664817e-02 3.271882514095660055e-02
8.469999999999863860e+00 3.875075075164664817e-02 3.271882514095660055e-02
8.479999999999863647e+00 3.900979433473916735e-02 3.285337311714343206e-02
8.479999999999863647e+00 3.900979433473916735e-02 3.285337311714343206e-02
8.489999999999863434e+00 3.925901889330952327e-02 3.298071204178147642e-02
8.489999999999863434e+00 3.925901889330952327e-02 3.298071204178147642e-02
8.499999999999863221e+00 3.949830227528422499e-02 3.310082966014176592e-02
8.499999999999863221e+00 3.949830227528422499e-02 3.310082966014176592e-02
8.509999999999863007e+00 3.972753897861545230e-02 3.321371660757677785e-02
8.509999999999863007e+00 3.972753897861545230e-02 3.321371660757677785e-02
8.519999999999862794e+00 3.994663888615906239e-02 3.331936634804462394e-02
8.519999999999862794e+00 3.994663888615906239e-02 3.331936634804462394e-02
8.529999999999862581e+00 4.015552609316179467e-02 3.341777511694003083e-02
8.529999999999862581e+00 4.015552609316179467e-02 3.341777511694003083e-02
8.539999999999862368e+00 4.035413782069365018e-02 3.350894186781288447e-02
8.539999999999862368e+00 4.035413782069365018e-02 3.350894186781288447e-02
8.549999999999862155e+00 4.054242340893427637e-02 3.359286822258956973e-02
8.549999999999862155e+00 4.054242340893427637e-02 3.359286822258956973e-02
8.559999999999861942e+00 4.072034338460336217e-02 3.366955842492663775e-02
8.559999999999861942e+00 4.072034338460336217e-02 3.366955842492663775e-02
8.569999999999861728e+00 4.088786859729867662e-02 3.373901929638414843e-02
8.569999999999861728e+00 4.088786859729867662e-02 3.373901929638414843e-02
8.579999999999861515e+00 4.104497941984308618e-02 3.380126019509922808e-02
8.579999999999861515e+00 4.104497941984308618e-02 3.380126019509922808e-02
8.589999999999861302e+00 4.119166500820511251e-02 3.385629297667889365e-02
8.589999999999861302e+00 4.119166500820511251e-02 3.385629297667889365e-02
8.599999999999861089e+00 4.132792261681580287e-02 3.390413195705380134e-02
8.599999999999861089e+00 4.132792261681580287e-02 3.390413195705380134e-02
8.609999999999860876e+00 4.145375696546647892e-02 3.394479387705824636e-02
8.609999999999860876e+00 4.145375696546647892e-02 3.394479387705824636e-02
8.619999999999860663e+00 4.156917965426976808e-02 3.397829786850018602e-02
8.619999999999860663e+00 4.156917965426976808e-02 3.397829786850018602e-02
8.629999999999860449e+00 4.167420862338499371e-02 3.400466542154138849e-02
8.629999999999860449e+00 4.167420862338499371e-02 3.400466542154138849e-02
8.639999999999860236e+00 4.176886765454437822e-02 3.402392035317681335e-02
8.639999999999860236e+00 4.176886765454437822e-02 3.402392035317681335e-02
8.649999999999860023e+00 4.185318591155377799e-02 3.403608877666305238e-02
8.649999999999860023e+00 4.185318591155377799e-02 3.403608877666305238e-02
8.659999999999859810e+00 4.192719751716680182e-02 3.404119907172926257e-02
8.659999999999859810e+00 4.192719751716680182e-02 3.404119907172926257e-02
8.669999999999859597e+00 4.199094116399878368e-02 3.403928185543237533e-02
8.669999999999859597e+00 4.199094116399878368e-02 3.403928185543237533e-02
8.679999999999859384e+00 4.204445975716325501e-02 3.403036995353334732e-02
8.679999999999859384e+00 4.204445975716325501e-02 3.403036995353334732e-02
8.689999999999859170e+00 4.208780008662774130e-02 3.401449837226708933e-02
8.689999999999859170e+00 4.208780008662774130e-02 3.401449837226708933e-02
8.699999999999858957e+00 4.212101252734059414e-02 3.399170427041137837e-02
8.699999999999858957e+00 4.212101252734059414e-02 3.399170427041137837e-02
8.709999999999858744e+00 4.214415076527536219e-02 3.396202693156460950e-02
8.709999999999858744e+00 4.214415076527536219e-02 3.396202693156460950e-02
8.719999999999858531e+00 4.215727154779846247e-02 3.392550773653564555e-02
8.719999999999858531e+00 4.215727154779846247e-02 3.392550773653564555e-02
8.729999999999858318e+00 4.216043445668157807e-02 3.388219013578512573e-02
8.729999999999858318e+00 4.216043445668157807e-02 3.388219013578512573e-02
8.739999999999858105e+00 4.215370170236337755e-02 3.383211962184716481e-02
8.739999999999858105e+00 4.215370170236337755e-02 3.383211962184716481e-02
8.749999999999857891e+00 4.213713793798767177e-02 3.377534370168280842e-02
8.749999999999857891e+00 4.213713793798767177e-02 3.377534370168280842e-02
8.759999999999857678e+00 4.211081009200049602e-02 3.371191186890729052e-02
8.759999999999857678e+00 4.211081009200049602e-02 3.371191186890729052e-02
8.769999999999857465e+00 4.207478721797239252e-02 3.364187557585552463e-02
8.769999999999857465e+00 4.207478721797239252e-02 3.364187557585552463e-02
8.779999999999857252e+00 4.202914036053531643e-02 3.356528820546448438e-02
8.779999999999857252e+00 4.202914036053531643e-02 3.356528820546448438e-02
8.789999999999857039e+00 4.197394243635017841e-02 3.348220504291592875e-02
8.789999999999857039e+00 4.197394243635017841e-02 3.348220504291592875e-02
8.799999999999856826e+00 4.190926812900975379e-02 3.339268324705538249e-02
8.799999999999856826e+00 4.190926812900975379e-02 3.339268324705538249e-02
8.809999999999856612e+00 4.183519379688397516e-02 3.329678182154095778e-02
8.809999999999856612e+00 4.183519379688397516e-02 3.329678182154095778e-02
8.819999999999856399e+00 4.175179739306011245e-02 3.319456158573259180e-02
8.819999999999856399e+00 4.175179739306011245e-02 3.319456158573259180e-02
8.829999999999856186e+00 4.165915839635118273e-02 3.308608514530377714e-02
8.829999999999856186e+00 4.165915839635118273e-02 3.308608514530377714e-02
8.839999999999855973e+00 4.155735775264157023e-02 3.297141686258038551e-02
8.839999999999855973e+00 4.155735775264157023e-02 3.297141686258038551e-02
8.849999999999855760e+00 4.144647782569504946e-02 3.285062282661280197e-02
8.849999999999855760e+00 4.144647782569504946e-02 3.285062282661280197e-02
8.859999999999855547e+00 4.132660235666935772e-02 3.272377082297762280e-02
8.859999999999855547e+00 4.132660235666935772e-02 3.272377082297762280e-02
8.869999999999855333e+00 4.119781643166341850e-02 3.259093030332679136e-02
8.869999999999855333e+00 4.119781643166341850e-02 3.259093030332679136e-02
8.879999999999855120e+00 4.106020645647841250e-02 3.245217235470280320e-02
8.879999999999855120e+00 4.106020645647841250e-02 3.245217235470280320e-02
8.889999999999854907e+00 4.091386013809857058e-02 3.230756966861111912e-02
8.889999999999854907e+00 4.091386013809857058e-02 3.230756966861111912e-02
8.899999999999854694e+00 4.075886647208196156e-02 3.215719650989924683e-02
8.899999999999854694e+00 4.075886647208196156e-02 3.215719650989924683e-02
8.909999999999854481e+00 4.059531573543605221e-02 3.200112868543668332e-02
8.909999999999854481e+00 4.059531573543605221e-02 3.200112868543668332e-02
8.919999999999854268e+00 4.042329948424976116e-02 3.183944351263288258e-02
8.919999999999854268e+00 4.042329948424976116e-02 3.183944351263288258e-02
8.929999999999854055e+00 4.024291055566942693e-02 3.167221978780295627e-02
8.929999999999854055e+00 4.024291055566942693e-02 3.167221978780295627e-02
8.939999999999853841e+00 4.005424307362252107e-02 3.149953775441430986e-02
8.939999999999853841e+00 4.005424307362252107e-02 3.149953775441430986e-02
8.949999999999853628e+00 3.985739245782399937e-02 3.132147907123803560e-02
8.949999999999853628e+00 3.985739245782399937e-02 3.132147907123803560e-02
8.959999999999853415e+00 3.965245543561848190e-02 3.113812678042322118e-02
8.959999999999853415e+00 3.965245543561848190e-02 3.113812678042322118e-02
8.969999999999853202e+00 3.943953005623232477e-02 3.094956527552566658e-02
8.969999999999853202e+00 3.943953005623232477e-02 3.094956527552566658e-02
8.979999999999852989e+00 3.921871570693555298e-02 3.075588026951956225e-02
8.979999999999852989e+00 3.921871570693555298e-02 3.075588026951956225e-02
8.989999999999852776e+00 3.899011313085541663e-02 3.055715876280668333e-02
8.989999999999852776e+00 3.899011313085541663e-02 3.055715876280668333e-02
8.999999999999852562e+00 3.875382444597518655e-02 3.035348901126539226e-02
8.999999999999852562e+00 3.875382444597518655e-02 3.035348901126539226e-02
9.009999999999852349e+00 3.850995316501484855e-02 3.014496049434819275e-02
9.009999999999852349e+00 3.850995316501484855e-02 3.014496049434819275e-02
9.019999999999852136e+00 3.825860421586506355e-02 2.993166388326575292e-02
9.019999999999852136e+00 3.825860421586506355e-02 2.993166388326575292e-02
9.029999999999851923e+00 3.799988396227325232e-02 2.971369100927416171e-02
9.029999999999851923e+00 3.799988396227325232e-02 2.971369100927416171e-02
9.039999999999851710e+00 3.773390022452031978e-02 2.949113483209652234e-02
9.039999999999851710e+00 3.773390022452031978e-02 2.949113483209652234e-02
9.049999999999851497e+00 3.746076229978270028e-02 2.926408940849575466e-02
9.049999999999851497e+00 3.746076229978270028e-02 2.926408940849575466e-02
9.059999999999851283e+00 3.718058098201335038e-02 2.903264986101948206e-02
9.059999999999851283e+00 3.718058098201335038e-02 2.903264986101948206e-02
9.069999999999851070e+00 3.689346858105721494e-02 2.879691234695353624e-02
9.069999999999851070e+00 3.689346858105721494e-02 2.879691234695353624e-02
9.079999999999850857e+00 3.659953894082017267e-02 2.855697402748700459e-02
9.079999999999850857e+00 3.659953894082017267e-02 2.855697402748700459e-02
9.089999999999850644e+00 3.629890745637080751e-02 2.831293303711564582e-02
9.089999999999850644e+00 3.629890745637080751e-02 2.831293303711564582e-02
9.099999999999850431e+00 3.599169108968994918e-02 2.806488845331419138e-02
9.099999999999850431e+00 3.599169108968994918e-02 2.806488845331419138e-02
9.109999999999850218e+00 3.567800838404636826e-02 2.781294026647700840e-02
9.109999999999850218e+00 3.567800838404636826e-02 2.781294026647700840e-02
9.119999999999850004e+00 3.535797947682002562e-02 2.755718935016028895e-02
9.119999999999850004e+00 3.535797947682002562e-02 2.755718935016028895e-02
9.129999999999849791e+00 3.503172611063140596e-02 2.729773743164093380e-02
9.129999999999849791e+00 3.503172611063140596e-02 2.729773743164093380e-02
9.139999999999849578e+00 3.469937164273972224e-02 2.703468706280604678e-02
9.139999999999849578e+00 3.469937164273972224e-02 2.703468706280604678e-02
9.149999999999849365e+00 3.436104105261383185e-02 2.676814159139670468e-02
9.149999999999849365e+00 3.436104105261383185e-02 2.676814159139670468e-02
9.159999999999849152e+00 3.401686094757309237e-02 2.649820513261549187e-02
9.159999999999849152e+00 3.401686094757309237e-02 2.649820513261549187e-02
9.169999999999848939e+00 3.366695956651400562e-02 2.622498254113487387e-02
9.169999999999848939e+00 3.366695956651400562e-02 2.622498254113487387e-02
9.179999999999848725e+00 3.331146678162880126e-02 2.594857938350222590e-02
9.179999999999848725e+00 3.331146678162880126e-02 2.594857938350222590e-02
9.189999999999848512e+00 3.295051409812878307e-02 2.566910191098794800e-02
9.189999999999848512e+00 3.295051409812878307e-02 2.566910191098794800e-02
9.199999999999848299e+00 3.258423465195371682e-02 2.538665703288099651e-02
9.199999999999848299e+00 3.258423465195371682e-02 2.538665703288099651e-02
9.209999999999848086e+00 3.221276320545487376e-02 2.510135229027326068e-02
9.209999999999848086e+00 3.221276320545487376e-02 2.510135229027326068e-02
9.219999999999847873e+00 3.183623614106367850e-02 2.481329583035117234e-02
9.219999999999847873e+00 3.183623614106367850e-02 2.481329583035117234e-02
9.229999999999847660e+00 3.145479145302112339e-02 2.452259638124262148e-02
9.229999999999847660e+00 3.145479145302112339e-02 2.452259638124262148e-02
9.239999999999847446e+00 3.106856873708314232e-02 2.422936322744299875e-02
9.239999999999847446e+00 3.106856873708314232e-02 2.422936322744299875e-02
9.249999999999847233e+00 3.067770917839229491e-02 2.393370618588042120e-02
9.249999999999847233e+00 3.067770917839229491e-02 2.393370618588042120e-02
9.259999999999847020e+00 3.028235553740369485e-02 2.363573558266340857e-02
9.259999999999847020e+00 3.028235553740369485e-02 2.363573558266340857e-02
9.269999999999846807e+00 2.988265213405585582e-02 2.333556223058230739e-02
9.269999999999846807e+00 2.988265213405585582e-02 2.333556223058230739e-02
9.279999999999846594e+00 2.947874483015444635e-02 2.303329740742596915e-02
9.279999999999846594e+00 2.947874483015444635e-02 2.303329740742596915e-02
9.289999999999846381e+00 2.907078101007576354e-02 2.272905283520536626e-02
9.289999999999846381e+00 2.907078101007576354e-02 2.272905283520536626e-02
9.299999999999846167e+00 2.865890955985600508e-02 2.242294066037807745e-02
9.299999999999846167e+00 2.865890955985600508e-02 2.242294066037807745e-02
9.309999999999845954e+00 2.824328084471649028e-02 2.211507343518469976e-02
9.309999999999845954e+00 2.824328084471649028e-02 2.211507343518469976e-02
9.319999999999845741e+00 2.782404668512751880e-02 2.180556410023872307e-02
9.319999999999845741e+00 2.782404668512751880e-02 2.180556410023872307e-02
9.329999999999845528e+00 2.740136033147065608e-02 2.149452596849918753e-02
9.329999999999845528e+00 2.740136033147065608e-02 2.149452596849918753e-02
9.339999999999845315e+00 2.697537643743412247e-02 2.118207271082631765e-02
9.339999999999845315e+00 2.697537643743412247e-02 2.118207271082631765e-02
9.349999999999845102e+00 2.654625103208744369e-02 2.086831834329617302e-02
9.349999999999845102e+00 2.654625103208744369e-02 2.086831834329617302e-02
9.359999999999844889e+00 2.611414149096358273e-02 2.055337721652425800e-02
9.359999999999844889e+00 2.611414149096358273e-02 2.055337721652425800e-02
9.369999999999844675e+00 2.567920650598383772e-02 2.023736400724445578e-02
9.369999999999844675e+00 2.567920650598383772e-02 2.023736400724445578e-02
9.379999999999844462e+00 2.524160605451098577e-02 1.992039371246029367e-02
9.379999999999844462e+00 2.524160605451098577e-02 1.992039371246029367e-02
9.389999999999844249e+00 2.480150136753650481e-02 1.960258164649287052e-02
9.389999999999844249e+00 2.480150136753650481e-02 1.960258164649287052e-02
9.399999999999844036e+00 2.435905489721160166e-02 1.928404344133135759e-02
9.399999999999844036e+00 2.435905489721160166e-02 1.928404344133135759e-02
9.409999999999843823e+00 2.391443028373951493e-02 1.896489505072309831e-02
9.409999999999843823e+00 2.391443028373951493e-02 1.896489505072309831e-02
9.419999999999843610e+00 2.346779232192247946e-02 1.864525275849518438e-02
9.419999999999843610e+00 2.346779232192247946e-02 1.864525275849518438e-02
9.429999999999843396e+00 2.301930692739543108e-02 1.832523319169609283e-02
9.429999999999843396e+00 2.301930692739543108e-02 1.832523319169609283e-02
9.439999999999843183e+00 2.256914110289928027e-02 1.800495333917532387e-02
9.439999999999843183e+00 2.256914110289928027e-02 1.800495333917532387e-02
9.449999999999842970e+00 2.211746290474581045e-02 1.768453057633332173e-02
9.449999999999842970e+00 2.211746290474581045e-02 1.768453057633332173e-02
9.459999999999842757e+00 2.166444140987410644e-02 1.736408269685826844e-02
9.459999999999842757e+00 2.166444140987410644e-02 1.736408269685826844e-02
9.469999999999842544e+00 2.121024668379893965e-02 1.704372795234994700e-02
9.469999999999842544e+00 2.121024668379893965e-02 1.704372795234994700e-02
9.479999999999842331e+00 2.075504975002214619e-02 1.672358510086345215e-02
9.479999999999842331e+00 2.075504975002214619e-02 1.672358510086345215e-02
9.489999999999842117e+00 2.029902256143878772e-02 1.640377346551557397e-02
9.489999999999842117e+00 2.029902256143878772e-02 1.640377346551557397e-02
9.499999999999841904e+00 1.984233797450997080e-02 1.608441300443677266e-02
9.499999999999841904e+00 1.984233797450997080e-02 1.608441300443677266e-02
9.509999999999841691e+00 1.938516972710480069e-02 1.576562439350861003e-02
9.509999999999841691e+00 1.938516972710480069e-02 1.576562439350861003e-02
9.519999999999841478e+00 1.892769242118558237e-02 1.544752912347905835e-02
9.519999999999841478e+00 1.892769242118558237e-02 1.544752912347905835e-02
9.529999999999841265e+00 1.847008151170896964e-02 1.513024961324377707e-02
9.529999999999841265e+00 1.847008151170896964e-02 1.513024961324377707e-02
9.539999999999841052e+00 1.800908818373567200e-02 1.481590764151134720e-02
9.539999999999841052e+00 1.800908818373567200e-02 1.481590764151134720e-02
9.549999999999840838e+00 1.754597804614246512e-02 1.450422276171003597e-02
9.549999999999840838e+00 1.754597804614246512e-02 1.450422276171003597e-02
9.559999999999840625e+00 1.708173874156397598e-02 1.419496140406146904e-02
9.559999999999840625e+00 1.708173874156397598e-02 1.419496140406146904e-02
9.569999999999840412e+00 1.661721950071005233e-02 1.388793338832437427e-02
9.569999999999840412e+00 1.661721950071005233e-02 1.388793338832437427e-02
9.579999999999840199e+00 1.615316546710087592e-02 1.358298891847359302e-02
9.579999999999840199e+00 1.615316546710087592e-02 1.358298891847359302e-02
9.589999999999839986e+00 1.569023089345388672e-02 1.328001580749186596e-02
9.589999999999839986e+00 1.569023089345388672e-02 1.328001580749186596e-02
9.599999999999839773e+00 1.522898808962412816e-02 1.297893688554357591e-02
9.599999999999839773e+00 1.522898808962412816e-02 1.297893688554357591e-02
9.609999999999839559e+00 1.476993545523166453e-02 1.267970758591057193e-02
9.609999999999839559e+00 1.476993545523166453e-02 1.267970758591057193e-02
9.619999999999839346e+00 1.431350521274833004e-02 1.238231371132399519e-02
9.619999999999839346e+00 1.431350521274833004e-02 1.238231371132399519e-02
9.629999999999839133e+00 1.386007092411230962e-02 1.208676938504934552e-02
9.629999999999839133e+00 1.386007092411230962e-02 1.208676938504934552e-02
9.639999999999838920e+00 1.340995478028774758e-02 1.179311519148750279e-02
9.639999999999838920e+00 1.340995478028774758e-02 1.179311519148750279e-02
9.649999999999838707e+00 1.296343464841330333e-02 1.150141651124565907e-02
9.649999999999838707e+00 1.296343464841330333e-02 1.150141651124565907e-02
9.659999999999838494e+00 1.252075087231338882e-02 1.121176205573253329e-02
9.659999999999838494e+00 1.252075087231338882e-02 1.121176205573253329e-02
9.669999999999838280e+00 1.208211283732655260e-02 1.092426260639861070e-02
9.669999999999838280e+00 1.208211283732655260e-02 1.092426260639861070e-02
9.679999999999838067e+00 1.164770532562745160e-02 1.063904996378148282e-02
9.679999999999838067e+00 1.164770532562745160e-02 1.063904996378148282e-02
9.689999999999837854e+00 1.121769470407676245e-02 1.035627611144483533e-02
9.689999999999837854e+00 1.121769470407676245e-02 1.035627611144483533e-02
9.699999999999837641e+00 1.079223500385079193e-02 1.007611259970906878e-02
9.699999999999837641e+00 1.079223500385079193e-02 1.007611259970906878e-02
9.709999999999837428e+00 1.037147396987585582e-02 9.798750153677130217e-03
9.709999999999837428e+00 1.037147396987585582e-02 9.798750153677130217e-03
9.719999999999837215e+00 9.955559179999714028e-03 9.524398509340573082e-03
9.719999999999837215e+00 9.955559179999714028e-03 9.524398509340573082e-03
9.729999999999837001e+00 9.544644359633999361e-03 9.253286480380774545e-03
9.729999999999837001e+00 9.544644359633999361e-03 9.253286480380774545e-03
9.739999999999836788e+00 9.138896049578845021e-03 8.985662256426968364e-03
9.739999999999836788e+00 9.138896049578845021e-03 8.985662256426968364e-03
9.749999999999836575e+00 8.738500823878199777e-03 8.721793930760349256e-03
9.749999999999836575e+00 8.738500823878199777e-03 8.721793930760349256e-03
9.759999999999836362e+00 8.343673304773469718e-03 8.461970251370732471e-03
9.759999999999836362e+00 8.343673304773469718e-03 8.461970251370732471e-03
9.769999999999836149e+00 7.954665284290472760e-03 8.206501583453769400e-03
9.769999999999836149e+00 7.954665284290472760e-03 8.206501583453769400e-03
9.779999999999835936e+00 7.571776342033599040e-03 7.955721063305493460e-03
9.779999999999835936e+00 7.571776342033599040e-03 7.955721063305493460e-03
9.789999999999835723e+00 7.195366448494917334e-03 7.709985912455867736e-03
9.789999999999835723e+00 7.195366448494917334e-03 7.709985912455867736e-03
9.799999999999835509e+00 6.825871166050274941e-03 7.469678865970075590e-03
9.799999999999835509e+00 6.825871166050274941e-03 7.469678865970075590e-03
9.809999999999835296e+00 6.463820206069167268e-03 7.235209649279741341e-03
9.809999999999835296e+00 6.463820206069167268e-03 7.235209649279741341e-03
9.819999999999835083e+00 6.109860263630760395e-03 7.007016412823235257e-03
9.819999999999835083e+00 6.109860263630760395e-03 7.007016412823235257e-03
9.829999999999834870e+00 5.764783210915846307e-03 6.785567002362474093e-03
9.829999999999834870e+00 5.764783210915846307e-03 6.785567002362474093e-03
9.839999999999834657e+00 5.429560836317254974e-03 6.571359904838595251e-03
9.839999999999834657e+00 5.429560836317254974e-03 6.571359904838595251e-03
9.849999999999834444e+00 5.105387264836168046e-03 6.364924665273159581e-03
9.849999999999834444e+00 5.105387264836168046e-03 6.364924665273159581e-03
9.859999999999834230e+00 4.793729780602911349e-03 6.166821521217846942e-03
9.859999999999834230e+00 4.793729780602911349e-03 6.166821521217846942e-03
9.869999999999834017e+00 4.496387624237060607e-03 5.977639951106204080e-03
9.869999999999834017e+00 4.496387624237060607e-03 5.977639951106204080e-03
9.879999999999833804e+00 4.215555835506838364e-03 5.797995787771381346e-03
9.879999999999833804e+00 4.215555835506838364e-03 5.797995787771381346e-03
9.889999999999833591e+00 3.953886446595639148e-03 5.628526518112276188e-03
9.889999999999833591e+00 3.953886446595639148e-03 5.628526518112276188e-03
9.899999999999833378e+00 3.714531268616136361e-03 5.469884387844030707e-03
9.899999999999833378e+00 3.714531268616136361e-03 5.469884387844030707e-03
9.909999999999833165e+00 3.501138752155179713e-03 5.322726973286262195e-03
9.909999999999833165e+00 3.501138752155179713e-03 5.322726973286262195e-03
9.919999999999832951e+00 3.317764069913097403e-03 5.187704988589224818e-03
9.919999999999832951e+00 3.317764069913097403e-03 5.187704988589224818e-03
9.929999999999832738e+00 3.168644479884513178e-03 5.065447282448783811e-03
9.929999999999832738e+00 3.168644479884513178e-03 5.065447282448783811e-03
9.939999999999832525e+00 3.057806723298872771e-03 4.956543250250139074e-03
9.939999999999832525e+00 3.057806723298872771e-03 4.956543250250139074e-03
9.949999999999832312e+00 2.988526803915170574e-03 4.861523236348514951e-03
9.949999999999832312e+00 2.988526803915170574e-03 4.861523236348514951e-03
9.959999999999832099e+00 2.962752038341054210e-03 4.780837893687798698e-03
9.959999999999832099e+00 2.962752038341054210e-03 4.780837893687798698e-03
9.969999999999831886e+00 2.980672975600358494e-03 4.714837844338284553e-03
9.969999999999831886e+00 2.980672975600358494e-03 4.714837844338284553e-03
9.979999999999831672e+00 3.040622121320141636e-03 4.663755263851659602e-03
9.979999999999831672e+00 3.040622121320141636e-03 4.663755263851659602e-03
9.989999999999831459e+00 3.139349764169305571e-03 4.627689108767235604e-03
9.989999999999831459e+00 3.139349764169305571e-03 4.627689108767235604e-03
9.999999999999831246e+00 3.272562409287865012e-03 4.606595555094510075e-03
9.999999999999831246e+00 3.272562409287865012e-03 4.606595555094510075e-03
1.000999999999983103e+01 3.435524224140729978e-03 4.600284798904131708e-03
