# time, joint_torque_cmds
0.000000000000000000e+00 0.000000000000000000e+00 0.000000000000000000e+00 0.000000000000000000e+00 0.000000000000000000e+00 0.000000000000000000e+00 0.000000000000000000e+00
0.000000000000000000e+00 0.000000000000000000e+00 0.000000000000000000e+00 0.000000000000000000e+00 0.000000000000000000e+00 0.000000000000000000e+00 0.000000000000000000e+00
1.000000000000000021e-02 -2.678009864133712361e-03 -4.822931970395814005e+01 -1.487261223876024729e+01 -9.882878423962586645e-01 -1.102011971934711898e+00 -1.164680744898706433e+00
1.000000000000000021e-02 -2.678009864133712361e-03 -4.822931970395814005e+01 -1.487261223876024729e+01 -9.882878423962586645e-01 -1.102011971934711898e+00 -1.164680744898706433e+00
2.000000000000000042e-02 4.427573062422610452e-04 -4.823624466888286122e+01 -1.486072473946242489e+01 -9.996622711463865052e-01 -1.055409127811791192e+00 -4.785891690816285182e-01
2.000000000000000042e-02 4.427573062422610452e-04 -4.823624466888286122e+01 -1.486072473946242489e+01 -9.996622711463865052e-01 -1.055409127811791192e+00 -4.785891690816285182e-01
2.999999999999999889e-02 3.632929627023034208e-03 -4.824517405241909529e+01 -1.485047577895594806e+01 -9.601267008243873358e-01 -1.006767469601694165e+00 -3.679163791752939616e-01
2.999999999999999889e-02 3.632929627023034208e-03 -4.824517405241909529e+01 -1.485047577895594806e+01 -9.601267008243873358e-01 -1.006767469601694165e+00 -3.679163791752939616e-01
4.000000000000000083e-02 6.881193271025565564e-03 -4.825694620536764745e+01 -1.483871565547497617e+01 -9.141792963398090999e-01 -9.563756116112933636e-01 -3.321436914931391593e-01
4.000000000000000083e-02 6.881193271025565564e-03 -4.825694620536764745e+01 -1.483871565547497617e+01 -9.141792963398090999e-01 -9.563756116112933636e-01 -3.321436914931391593e-01
5.000000000000000278e-02 1.016313528230064489e-02 -4.827170165896878729e+01 -1.482513134914620423e+01 -8.676570442407808281e-01 -9.045482918439218256e-01 -3.072729783302818318e-01
5.000000000000000278e-02 1.016313528230064489e-02 -4.827170165896878729e+01 -1.482513134914620423e+01 -8.676570442407808281e-01 -9.045482918439218256e-01 -3.072729783302818318e-01
6.000000000000000472e-02 1.345372378831146548e-02 -4.828946777858937622e+01 -1.480978841605963581e+01 -8.214390671808755595e-01 -8.516272088576116728e-01 -2.850796712180724279e-01
6.000000000000000472e-02 1.345372378831146548e-02 -4.828946777858937622e+01 -1.480978841605963581e+01 -8.214390671808755595e-01 -8.516272088576116728e-01 -2.850796712180724279e-01
7.000000000000000666e-02 1.672915869152971635e-02 -4.831024697204794194e+01 -1.479279142506030098e+01 -7.757641954590238642e-01 -7.979159400200583896e-01 -2.644158680677142215e-01
7.000000000000000666e-02 1.672915869152971635e-02 -4.831024697204794194e+01 -1.479279142506030098e+01 -7.757641954590238642e-01 -7.979159400200583896e-01 -2.644158680677142215e-01
8.000000000000000167e-02 1.996704780471096966e-02 -4.833402022929345776e+01 -1.477425608786998801e+01 -7.307711434223586044e-01 -7.437103196161937158e-01 -2.450674422207075320e-01
8.000000000000000167e-02 1.996704780471096966e-02 -4.833402022929345776e+01 -1.477425608786998801e+01 -7.307711434223586044e-01 -7.437103196161937158e-01 -2.450674422207075320e-01
8.999999999999999667e-02 2.314650606730691076e-02 -4.836075038133244419e+01 -1.475430080749569584e+01 -6.865718231642293778e-01 -6.892909305866339320e-01 -2.269392799360459567e-01
8.999999999999999667e-02 2.314650606730691076e-02 -4.836075038133244419e+01 -1.475430080749569584e+01 -6.865718231642293778e-01 -6.892909305866339320e-01 -2.269392799360459567e-01
9.999999999999999167e-02 2.624819773124083613e-02 -4.839038293076365704e+01 -1.473304556265968657e+01 -6.432606132245063391e-01 -6.349226344303986469e-01 -2.099560299164898725e-01
9.999999999999999167e-02 2.624819773124083613e-02 -4.839038293076365704e+01 -1.473304556265968657e+01 -6.432606132245063391e-01 -6.349226344303986469e-01 -2.099560299164898725e-01
1.099999999999999867e-01 2.925436565418013113e-02 -4.842284680836624489e+01 -1.471061138641818644e+01 -6.009160253516386829e-01 -5.808542183305539508e-01 -1.940492685623893543e-01
1.099999999999999867e-01 2.925436565418013113e-02 -4.842284680836624489e+01 -1.471061138641818644e+01 -6.009160253516386829e-01 -5.808542183305539508e-01 -1.940492685623893543e-01
1.199999999999999817e-01 3.214884973395901180e-02 -4.845805516165309967e+01 -1.468711996316774027e+01 -5.596013920104895289e-01 -5.273181458802455035e-01 -1.791557377551636077e-01
1.199999999999999817e-01 3.214884973395901180e-02 -4.845805516165309967e+01 -1.468711996316774027e+01 -5.596013920104895289e-01 -5.273181458802455035e-01 -1.791557377551636077e-01
1.299999999999999767e-01 3.491709445570836956e-02 -4.849590617744652121e+01 -1.466269329625373707e+01 -5.193653733219105728e-01 -4.745304057185986135e-01 -1.652170500871783798e-01
1.299999999999999767e-01 3.491709445570836956e-02 -4.849590617744652121e+01 -1.466269329625373707e+01 -5.193653733219105728e-01 -4.745304057185986135e-01 -1.652170500871783798e-01
1.399999999999999856e-01 3.754614541335203615e-02 -4.853628392402843872e+01 -1.463745345795870989e+01 -4.802423245512296712e-01 -4.226904531209190186e-01 -1.521796589816617196e-01
1.399999999999999856e-01 3.754614541335203615e-02 -4.853628392402843872e+01 -1.463745345795870989e+01 -4.802423245512296712e-01 -4.226904531209190186e-01 -1.521796589816617196e-01
1.499999999999999944e-01 4.002463477268400349e-02 -4.857905919077509083e+01 -1.461152245046872622e+01 -4.422524430040993826e-01 -3.719812395135470018e-01 -1.399949783218692456e-01
1.499999999999999944e-01 4.002463477268400349e-02 -4.857905919077509083e+01 -1.461152245046872622e+01 -4.422524430040993826e-01 -3.719812395135470018e-01 -1.399949783218692456e-01
1.600000000000000033e-01 4.234275573396577980e-02 -4.862409029279844219e+01 -1.458502222489753386e+01 -4.054015524082027477e-01 -3.225693247693951493e-01 -1.286196995018458744e-01
1.600000000000000033e-01 4.234275573396577980e-02 -4.862409029279844219e+01 -1.458502222489753386e+01 -4.054015524082027477e-01 -3.225693247693951493e-01 -1.286196995018458744e-01
1.700000000000000122e-01 4.449222607759582143e-02 -4.867122379039169999e+01 -1.455807493682585729e+01 -3.696802946784361610e-01 -2.746050670958969375e-01 -1.180164181502627863e-01
1.700000000000000122e-01 4.449222607759582143e-02 -4.867122379039169999e+01 -1.455807493682585729e+01 -3.696802946784361610e-01 -2.746050670958969375e-01 -1.180164181502627863e-01
1.800000000000000211e-01 4.646624079292861059e-02 -4.872029504117769960e+01 -1.453080357374573239e+01 -3.350623407057064518e-01 -2.282228853992246398e-01 -1.081547715113987673e-01
1.800000000000000211e-01 4.646624079292861059e-02 -4.872029504117769960e+01 -1.453080357374573239e+01 -3.350623407057064518e-01 -2.282228853992246398e-01 -1.081547715113987673e-01
1.900000000000000300e-01 4.825941352471167789e-02 -4.877112844283036708e+01 -1.450333319741239713e+01 -3.015009325325988532e-01 -1.835415892654604919e-01 -9.901345472514748447e-02
1.900000000000000300e-01 4.825941352471167789e-02 -4.877112844283036708e+01 -1.450333319741239713e+01 -3.015009325325988532e-01 -1.835415892654604919e-01 -9.901345472514748447e-02
2.000000000000000389e-01 4.986770598253472547e-02 -4.882353710550141557e+01 -1.447579325742106349e+01 -2.689224757524497633e-01 -1.406647722707258241e-01 -9.058382332046882590e-02
2.000000000000000389e-01 4.986770598253472547e-02 -4.882353710550141557e+01 -1.447579325742106349e+01 -2.689224757524497633e-01 -1.406647722707258241e-01 -9.058382332046882590e-02
2.100000000000000477e-01 5.128834325523405624e-02 -4.887732144431238623e+01 -1.444832187983828931e+01 -2.372146559019745748e-01 -9.968126548825134714e-02 -8.287651941771181918e-02
2.100000000000000477e-01 5.128834325523405624e-02 -4.887732144431238623e+01 -1.444832187983828931e+01 -2.372146559019745748e-01 -9.968126548825134714e-02 -8.287651941771181918e-02
2.200000000000000566e-01 5.251971051306022348e-02 -4.893226562444311867e+01 -1.442107403954920564e+01 -2.062037581856270840e-01 -6.066565039926113956e-02 -7.593424591582760563e-02
2.200000000000000566e-01 5.251971051306022348e-02 -4.893226562444311867e+01 -1.442107403954920564e+01 -2.062037581856270840e-01 -6.066565039926113956e-02 -7.593424591582760563e-02
2.300000000000000655e-01 5.356122134852870503e-02 -4.898812943323130042e+01 -1.439423797576122510e+01 -1.756090581042897003e-01 -2.367883536126397237e-02 -6.985805623871722825e-02
2.300000000000000655e-01 5.356122134852870503e-02 -4.898812943323130042e+01 -1.439423797576122510e+01 -1.756090581042897003e-01 -2.367883536126397237e-02 -6.985805623871722825e-02
2.400000000000000744e-01 5.441313608038175764e-02 -4.904462948950661882e+01 -1.436807083801232032e+01 -1.449437387513194120e-01 1.123128895760100443e-02 -6.486639835562167666e-02
2.400000000000000744e-01 5.441313608038175764e-02 -4.904462948950661882e+01 -1.436807083801232032e+01 -1.449437387513194120e-01 1.123128895760100443e-02 -6.486639835562167666e-02
2.500000000000000555e-01 5.507627843134888651e-02 -4.910139240977251518e+01 -1.434298503464077079e+01 -1.132749078464981435e-01 4.402907151395313301e-02 -6.144423848822908041e-02
2.500000000000000555e-01 5.507627843134888651e-02 -4.910139240977251518e+01 -1.434298503464077079e+01 -1.132749078464981435e-01 4.402907151395313301e-02 -6.144423848822908041e-02
2.600000000000000644e-01 5.555151364113146417e-02 -4.915782087720888427e+01 -1.431979264335703128e+01 -7.854457376843806959e-02 7.469007582890524466e-02 -6.078666763823270536e-02
2.600000000000000644e-01 5.555151364113146417e-02 -4.915782087720888427e+01 -1.431979264335703128e+01 -7.854457376843806959e-02 7.469007582890524466e-02 -6.078666763823270536e-02
2.700000000000000733e-01 5.583855942121788291e-02 -4.921261310354543639e+01 -1.430058186718266100e+01 -3.513488539365413471e-02 1.031994092526443696e-01 -6.648585315466300216e-02
2.700000000000000733e-01 5.583855942121788291e-02 -4.921261310354543639e+01 -1.430058186718266100e+01 -3.513488539365413471e-02 1.031994092526443696e-01 -6.648585315466300216e-02
2.800000000000000822e-01 5.593238107495492051e-02 -4.926116819125779500e+01 -1.429347165463386915e+01 3.935882971635669414e-02 1.295478253729275553e-01 -9.435014439580871604e-02
2.800000000000000822e-01 5.593238107495492051e-02 -4.926116819125779500e+01 -1.429347165463386915e+01 3.935882971635669414e-02 1.295478253729275553e-01 -9.435014439580871604e-02
2.900000000000000910e-01 5.581870519638906791e-02 -4.925903530376226769e+01 -1.438094564665196451e+01 3.816212588646171189e-01 1.537622581253227649e-01 -3.314460285083512536e-01
2.900000000000000910e-01 5.581870519638906791e-02 -4.925903530376226769e+01 -1.438094564665196451e+01 3.816212588646171189e-01 1.537622581253227649e-01 -3.314460285083512536e-01
3.000000000000000999e-01 5.521966260614779437e-02 -4.947025328064013650e+01 -1.406544773738089305e+01 -4.153292220404412594e-01 1.754726722320629206e-01 5.136225839812611493e-01
3.000000000000000999e-01 5.521966260614779437e-02 -4.947025328064013650e+01 -1.406544773738089305e+01 -4.153292220404412594e-01 1.754726722320629206e-01 5.136225839812611493e-01
3.100000000000001088e-01 5.521060060755639959e-02 -4.949223419366127530e+01 -1.412161115724183347e+01 -1.589567806726982502e-01 1.958994991490973503e-01 -4.399492975562357966e-02
3.100000000000001088e-01 5.521060060755639959e-02 -4.949223419366127530e+01 -1.412161115724183347e+01 -1.589567806726982502e-01 1.958994991490973503e-01 -4.399492975562357966e-02
3.200000000000001177e-01 5.486675998084785538e-02 -4.953982953231172814e+01 -1.412158626849302934e+01 -8.609526164983113961e-02 2.140752023817665828e-01 -3.499579973527347510e-02
3.200000000000001177e-01 5.486675998084785538e-02 -4.953982953231172814e+01 -1.412158626849302934e+01 -8.609526164983113961e-02 2.140752023817665828e-01 -3.499579973527347510e-02
3.300000000000001266e-01 5.433980264856888565e-02 -4.959163010072728639e+01 -1.411051270824457937e+01 -4.350103353237005921e-02 2.301855371418123353e-01 -1.731861392112006570e-02
3.300000000000001266e-01 5.433980264856888565e-02 -4.959163010072728639e+01 -1.411051270824457937e+01 -4.350103353237005921e-02 2.301855371418123353e-01 -1.731861392112006570e-02
3.400000000000001354e-01 5.366095038395420069e-02 -4.964418205056491473e+01 -1.409598405895195228e+01 -1.138553507294607324e-02 2.443270073172602586e-01 -8.295474054622210131e-03
3.400000000000001354e-01 5.366095038395420069e-02 -4.964418205056491473e+01 -1.409598405895195228e+01 -1.138553507294607324e-02 2.443270073172602586e-01 -8.295474054622210131e-03
3.500000000000001443e-01 5.284603018058543072e-02 -4.969613590314069285e+01 -1.408041087653033330e+01 1.549559728535788820e-02 2.565487176399452451e-01 -3.273852444751363180e-03
3.500000000000001443e-01 5.284603018058543072e-02 -4.969613590314069285e+01 -1.408041087653033330e+01 1.549559728535788820e-02 2.565487176399452451e-01 -3.273852444751363180e-03
3.600000000000001532e-01 5.190624705756747420e-02 -4.974696806973162921e+01 -1.406471491932622619e+01 3.913032269856929479e-02 2.669143030401800454e-01 1.987448683869210125e-04
3.600000000000001532e-01 5.190624705756747420e-02 -4.974696806973162921e+01 -1.406471491932622619e+01 3.913032269856929479e-02 2.669143030401800454e-01 1.987448683869210125e-04
3.700000000000001621e-01 5.085126659942523775e-02 -4.979639694948706108e+01 -1.404933364699568443e+01 6.046511606228337221e-02 2.754924729065745814e-01 3.001245342726338670e-03
3.700000000000001621e-01 5.085126659942523775e-02 -4.979639694948706108e+01 -1.404933364699568443e+01 6.046511606228337221e-02 2.754924729065745814e-01 3.001245342726338670e-03
3.800000000000001710e-01 4.969011168321687405e-02 -4.984423341949523945e+01 -1.403450527019078287e+01 8.000673112219727767e-02 2.823555184407193219e-01 5.454560106084324275e-03
3.800000000000001710e-01 4.969011168321687405e-02 -4.984423341949523945e+01 -1.403450527019078287e+01 8.000673112219727767e-02 2.823555184407193219e-01 5.454560106084324275e-03
3.900000000000001799e-01 4.843148667152120945e-02 -4.989033151872111915e+01 -1.402037222267777850e+01 9.804740616437201961e-02 2.875788174072814174e-01 7.688484659201942802e-03
3.900000000000001799e-01 4.843148667152120945e-02 -4.989033151872111915e+01 -1.402037222267777850e+01 9.804740616437201961e-02 2.875788174072814174e-01 7.688484659201942802e-03
4.000000000000001887e-01 4.708390184652887223e-02 -4.993456917044400001e+01 -1.400702547847113699e+01 1.147655712741649514e-01 2.912404345235531933e-01 9.761939661209575667e-03
4.000000000000001887e-01 4.708390184652887223e-02 -4.993456917044400001e+01 -1.400702547847113699e+01 1.147655712741649514e-01 2.912404345235531933e-01 9.761939661209575667e-03
4.100000000000001976e-01 4.565571544248328562e-02 -4.997683971016392235e+01 -1.399452585247165715e+01 1.302758151694055067e-01 2.934207002370987638e-01 1.170469783494949498e-02
4.100000000000001976e-01 4.565571544248328562e-02 -4.997683971016392235e+01 -1.399452585247165715e+01 1.302758151694055067e-01 2.934207002370987638e-01 1.170469783494949498e-02
4.200000000000002065e-01 4.415513849178796801e-02 -5.001704784549349370e+01 -1.398291513473486702e+01 1.446555084650670286e-01 2.942017683306009657e-01 1.353332857092354527e-02
4.200000000000002065e-01 4.415513849178796801e-02 -5.001704784549349370e+01 -1.398291513473486702e+01 1.446555084650670286e-01 2.942017683306009657e-01 1.353332857092354527e-02
4.300000000000002154e-01 4.283758909221390548e-02 -5.001098449574010374e+01 -1.405808832104612982e+01 3.793366650019072139e-01 2.938256869582726583e-01 -1.644468048359812862e-01
4.300000000000002154e-01 4.283758909221390548e-02 -5.001098449574010374e+01 -1.405808832104612982e+01 3.793366650019072139e-01 2.938256869582726583e-01 -1.644468048359812862e-01
4.400000000000002243e-01 4.087111699310277957e-02 -5.005246618667419511e+01 -1.403270312208153037e+01 3.525863388929505460e-01 2.917224790932701484e-01 -2.892088472372300600e-02
4.400000000000002243e-01 4.087111699310277957e-02 -5.005246618667419511e+01 -1.403270312208153037e+01 3.525863388929505460e-01 2.917224790932701484e-01 -2.892088472372300600e-02
4.500000000000002331e-01 3.886724704778528328e-02 -5.009182058105217550e+01 -1.401056273179105283e+01 3.384954031032546551e-01 2.885041974395418096e-01 -8.391179766653836247e-03
4.500000000000002331e-01 3.886724704778528328e-02 -5.009182058105217550e+01 -1.401056273179105283e+01 3.384954031032546551e-01 2.885041974395418096e-01 -8.391179766653836247e-03
4.600000000000002420e-01 3.683635182956788989e-02 -5.012918415594936050e+01 -1.399056520816188787e+01 3.256909127181392138e-01 2.842530020149452441e-01 -1.112638351092501638e-03
4.600000000000002420e-01 3.683635182956788989e-02 -5.012918415594936050e+01 -1.399056520816188787e+01 3.256909127181392138e-01 2.842530020149452441e-01 -1.112638351092501638e-03
4.700000000000002509e-01 3.512017637772625600e-02 -5.019574648151709084e+01 -1.391276113160977523e+01 1.395559056940822995e-01 2.794179402376122390e-01 1.493458823518301060e-01
4.700000000000002509e-01 3.512017637772625600e-02 -5.019574648151709084e+01 -1.391276113160977523e+01 1.395559056940822995e-01 2.794179402376122390e-01 1.493458823518301060e-01
4.800000000000002598e-01 3.337391311936269839e-02 -5.022435656989814845e+01 -1.390895653064939097e+01 1.572148681336292542e-01 2.736451409180651884e-01 4.723934216031444588e-02
4.800000000000002598e-01 3.337391311936269839e-02 -5.022435656989814845e+01 -1.390895653064939097e+01 1.572148681336292542e-01 2.736451409180651884e-01 4.723934216031444588e-02
4.900000000000002687e-01 3.160742721704963565e-02 -5.025016614157129169e+01 -1.390569831986185534e+01 1.668540408166473699e-01 2.670625553412040998e-01 3.412118511946626159e-02
4.900000000000002687e-01 3.160742721704963565e-02 -5.025016614157129169e+01 -1.390569831986185534e+01 1.668540408166473699e-01 2.670625553412040998e-01 3.412118511946626159e-02
5.000000000000002220e-01 2.983031839745990677e-02 -5.027309433948671114e+01 -1.390334621517911984e+01 1.749268492096910932e-01 2.597544690223516084e-01 3.261026419300171175e-02
5.000000000000002220e-01 2.983031839745990677e-02 -5.027309433948671114e+01 -1.390334621517911984e+01 1.749268492096910932e-01 2.597544690223516084e-01 3.261026419300171175e-02
5.100000000000002309e-01 2.804839841877023940e-02 -5.029312741601513181e+01 -1.390192373263804448e+01 1.822589125522879328e-01 2.518002338776669791e-01 3.263055764414534571e-02
5.100000000000002309e-01 2.804839841877023940e-02 -5.029312741601513181e+01 -1.390192373263804448e+01 1.822589125522879328e-01 2.518002338776669791e-01 3.263055764414534571e-02
5.200000000000002398e-01 2.626674010728471259e-02 -5.031026731848362488e+01 -1.390140816636386312e+01 1.889431034581479651e-01 2.432769746835201363e-01 3.286546595250305208e-02
5.200000000000002398e-01 2.626674010728471259e-02 -5.031026731848362488e+01 -1.390140816636386312e+01 1.889431034581479651e-01 2.432769746835201363e-01 3.286546595250305208e-02
5.300000000000002487e-01 2.449006816214257046e-02 -5.032452427607532286e+01 -1.390176922153117900e+01 1.949782214330973151e-01 2.342597204814263478e-01 3.313819169230020761e-02
5.300000000000002487e-01 2.449006816214257046e-02 -5.032452427607532286e+01 -1.390176922153117900e+01 1.949782214330973151e-01 2.342597204814263478e-01 3.313819169230020761e-02
5.400000000000002576e-01 2.272280607983414094e-02 -5.033591547777439956e+01 -1.390297425552872213e+01 2.003523029308228176e-01 2.248212338052056614e-01 3.342082062751308008e-02
5.400000000000002576e-01 2.272280607983414094e-02 -5.033591547777439956e+01 -1.390297425552872213e+01 2.003523029308228176e-01 2.248212338052056614e-01 3.342082062751308008e-02
5.500000000000002665e-01 2.096907986377936212e-02 -5.034446458834752747e+01 -1.390498908494425123e+01 2.050535010538497571e-01 2.150318217577515123e-01 3.370554577248039557e-02
5.500000000000002665e-01 2.096907986377936212e-02 -5.034446458834752747e+01 -1.390498908494425123e+01 2.050535010538497571e-01 2.150318217577515123e-01 3.370554577248039557e-02
5.600000000000002753e-01 1.923271743025955008e-02 -5.035020137846829869e+01 -1.390777820003299325e+01 2.090714996728460506e-01 2.049591646250200905e-01 3.398794062047178627e-02
5.600000000000002753e-01 1.923271743025955008e-02 -5.035020137846829869e+01 -1.390777820003299325e+01 2.090714996728460506e-01 2.049591646250200905e-01 3.398794062047178627e-02
5.700000000000002842e-01 1.751724866899389763e-02 -5.035316137009418469e+01 -1.391130489728968200e+01 2.123976716490336702e-01 1.946681660708030615e-01 3.426478262538965036e-02
5.700000000000002842e-01 1.751724866899389763e-02 -5.035316137009418469e+01 -1.391130489728968200e+01 2.123976716490336702e-01 1.946681660708030615e-01 3.426478262538965036e-02
5.800000000000002931e-01 1.582590671763849446e-02 -5.035338548425276883e+01 -1.391553139872276823e+01 2.150250553307913592e-01 1.842208248548997673e-01 3.453376321672128185e-02
5.800000000000002931e-01 1.582590671763849446e-02 -5.035338548425276883e+01 -1.391553139872276823e+01 2.150250553307913592e-01 1.842208248548997673e-01 3.453376321672128185e-02
5.900000000000003020e-01 1.416163044184440625e-02 -5.035091969040617244e+01 -1.392041896705819326e+01 2.169482921735685632e-01 1.736761274381050102e-01 3.479344160284834897e-02
5.900000000000003020e-01 1.416163044184440625e-02 -5.035091969040617244e+01 -1.392041896705819326e+01 2.169482921735685632e-01 1.736761274381050102e-01 3.479344160284834897e-02
6.000000000000003109e-01 1.252706804268748086e-02 -5.034581465839170278e+01 -1.392592801754860155e+01 2.181635452256599772e-01 1.630899607175415877e-01 3.504323050451558369e-02
6.000000000000003109e-01 1.252706804268748086e-02 -5.034581465839170278e+01 -1.392592801754860155e+01 2.181635452256599772e-01 1.630899607175415877e-01 3.504323050451558369e-02
6.100000000000003197e-01 1.092458170952390235e-02 -5.033812541432221366e+01 -1.393201822541926482e+01 2.186684007084512826e-01 1.525150440833603627e-01 3.528338768724567642e-02
6.100000000000003197e-01 1.092458170952390235e-02 -5.033812541432221366e+01 -1.393201822541926482e+01 2.186684007084512826e-01 1.525150440833603627e-01 3.528338768724567642e-02
6.200000000000003286e-01 9.356253242361599679e-03 -5.032791100197545120e+01 -1.393864862738167965e+01 2.184617514415103934e-01 1.420008799515026787e-01 3.551501134592911085e-02
6.200000000000003286e-01 9.356253242361599679e-03 -5.032791100197545120e+01 -1.393864862738167965e+01 2.184617514415103934e-01 1.420008799515026787e-01 3.551501134592911085e-02
6.300000000000003375e-01 7.823890575807984638e-03 -5.031523415129273502e+01 -1.394577771526765630e+01 2.175436593948434361e-01 1.315937218996915958e-01 3.574004067141999669e-02
6.300000000000003375e-01 7.823890575807984638e-03 -5.031523415129273502e+01 -1.394577771526765630e+01 2.175436593948434361e-01 1.315937218996915958e-01 3.574004067141999669e-02
6.400000000000003464e-01 6.329035145905064288e-03 -5.030016095567534506e+01 -1.395336351952917475e+01 2.159151935268166234e-01 1.213365595135104114e-01 3.596126354901876820e-02
6.400000000000003464e-01 6.329035145905064288e-03 -5.030016095567534506e+01 -1.395336351952917475e+01 2.159151935268166234e-01 1.213365595135104114e-01 3.596126354901876820e-02
6.500000000000003553e-01 4.872970051054655201e-03 -5.028276055983754134e+01 -1.396136368005456596e+01 2.135782379774784079e-01 1.112691190355720589e-01 3.618233368335991434e-02
6.500000000000003553e-01 4.872970051054655201e-03 -5.028276055983754134e+01 -1.396136368005456596e+01 2.135782379774784079e-01 1.112691190355720589e-01 3.618233368335991434e-02
6.600000000000003642e-01 3.456728969035155995e-03 -5.026310486006055100e+01 -1.396973550142537235e+01 2.105352645011447921e-01 1.014278789029172678e-01 3.640779984343693598e-02
6.600000000000003642e-01 3.456728969035155995e-03 -5.026310486006055100e+01 -1.396973550142537235e+01 2.105352645011447921e-01 1.014278789029172678e-01 3.640779984343693598e-02
6.700000000000003730e-01 2.081105803760881830e-03 -5.024126821881457516e+01 -1.397843598933869913e+01 2.067890616237137436e-01 9.184609925562657595e-02 3.664315044777286673e-02
6.700000000000003730e-01 2.081105803760881830e-03 -5.024126821881457516e+01 -1.397843598933869913e+01 2.067890616237137436e-01 9.184609925562657595e-02 3.664315044777286673e-02
6.800000000000003819e-01 7.466650484427607426e-04 -5.021732719589580540e+01 -1.398742186439384128e+01 2.023424112656753426e-01 8.255386450294008305e-02 3.689487741373177754e-02
6.800000000000003819e-01 7.466650484427607426e-04 -5.021732719589580540e+01 -1.398742186439384128e+01 2.023424112656753426e-01 8.255386450294008305e-02 3.689487741373177754e-02
6.900000000000003908e-01 -5.462471338275850033e-04 -5.019136029849343572e+01 -1.399664954873379941e+01 1.971977013191436312e-01 7.357813804195814655e-02 3.717056413980830698e-02
6.900000000000003908e-01 -5.462471338275850033e-04 -5.019136029849343572e+01 -1.399664954873379941e+01 1.971977013191436312e-01 7.357813804195814655e-02 3.717056413980830698e-02
7.000000000000003997e-01 -1.797491094293815830e-03 -5.016344775299334913e+01 -1.400607512006084043e+01 1.913564596912240290e-01 6.494282823842852104e-02 3.747900376362305747e-02
7.000000000000003997e-01 -1.797491094293815830e-03 -5.016344775299334913e+01 -1.400607512006084043e+01 1.913564596912240290e-01 6.494282823842852104e-02 3.747900376362305747e-02
7.100000000000004086e-01 -3.007121110217220953e-03 -5.013367130189360665e+01 -1.401565422620974388e+01 1.848187913390416937e-01 5.666886479941586618e-02 3.783035556431324498e-02
7.100000000000004086e-01 -3.007121110217220953e-03 -5.013367130189360665e+01 -1.401565422620974388e+01 1.848187913390416937e-01 5.666886479941586618e-02 3.783035556431324498e-02
7.200000000000004174e-01 -4.175371962960795075e-03 -5.010211403002095665e+01 -1.402534195161924480e+01 1.775826944239974614e-01 4.877428469462420646e-02 3.823634973179677876e-02
7.200000000000004174e-01 -4.175371962960795075e-03 -5.010211403002095665e+01 -1.402534195161924480e+01 1.775826944239974614e-01 4.877428469462420646e-02 3.823634973179677876e-02
7.300000000000004263e-01 -5.302644592172380163e-03 -5.006886022539811876e+01 -1.403509262449179396e+01 1.696432243396840400e-01 4.127432681761061817e-02 3.871055396020084416e-02
7.300000000000004263e-01 -5.302644592172380163e-03 -5.006886022539811876e+01 -1.403509262449179396e+01 1.696432243396840400e-01 4.127432681761061817e-02 3.871055396020084416e-02
7.400000000000004352e-01 -6.389490698447216135e-03 -5.003399528176336020e+01 -1.404485954988740559e+01 1.609914642111240357e-01 3.418153462171984180e-02 3.926871980651534810e-02
7.400000000000004352e-01 -6.389490698447216135e-03 -5.003399528176336020e+01 -1.404485954988740559e+01 1.609914642111240357e-01 3.418153462171984180e-02 3.926871980651534810e-02
7.500000000000004441e-01 -7.436596119285321382e-03 -4.999760565209388830e+01 -1.405459464904090083e+01 1.516132463411722642e-01 2.750586602042656703e-02 3.992923303320799339e-02
7.500000000000004441e-01 -7.436596119285321382e-03 -4.999760565209388830e+01 -1.405459464904090083e+01 1.516132463411722642e-01 2.750586602042656703e-02 3.992923303320799339e-02
7.600000000000004530e-01 -8.444762739840195806e-03 -4.995977886584849159e+01 -1.406424797820539041e+01 1.414875492488564535e-01 2.125480991130894448e-02 4.071370103962474590e-02
7.600000000000004530e-01 -8.444762739840195806e-03 -4.995977886584849159e+01 -1.406424797820539041e+01 1.414875492488564535e-01 2.125480991130894448e-02 4.071370103962474590e-02
7.700000000000004619e-01 -9.414888616154078876e-03 -4.992060362748684099e+01 -1.407376709038105567e+01 1.305844667819074656e-01 1.543350877171476010e-02 4.164772322097747698e-02
7.700000000000004619e-01 -9.414888616154078876e-03 -4.992060362748684099e+01 -1.407376709038105567e+01 1.305844667819074656e-01 1.543350877171476010e-02 4.164772322097747698e-02
7.800000000000004707e-01 -1.034794587415762031e-02 -4.988017002086299101e+01 -1.408309618896869786e+01 1.188626052900900315e-01 1.004488688987242861e-02 4.276190858957677060e-02
7.800000000000004707e-01 -1.034794587415762031e-02 -4.988017002086299101e+01 -1.408309618896869786e+01 1.188626052900900315e-01 1.004488688987242861e-02 4.276190858957677060e-02
7.900000000000004796e-01 -1.124495579064331563e-02 -4.983856985444244714e+01 -1.409217500149311775e+01 1.062657058038587871e-01 5.089783948047779671e-03 4.409323226078009500e-02
7.900000000000004796e-01 -1.124495579064331563e-02 -4.983856985444244714e+01 -1.409217500149311775e+01 1.062657058038587871e-01 5.089783948047779671e-03 4.409323226078009500e-02
8.000000000000004885e-01 -1.210696024233742091e-02 -4.979589719772101120e+01 -1.410093727059199153e+01 9.271820075113532122e-02 5.670938811659503864e-04 4.568686326718478241e-02
8.000000000000004885e-01 -1.210696024233742091e-02 -4.979589719772101120e+01 -1.410093727059199153e+01 9.271820075113532122e-02 5.670938811659503864e-04 4.568686326718478241e-02
8.100000000000004974e-01 -1.293498839688130529e-02 -4.975224918258381734e+01 -1.410930871284754673e+01 7.811928311560482896e-02 -3.526090780185231477e-03 4.759865850421593492e-02
8.100000000000004974e-01 -1.293498839688130529e-02 -4.975224918258381734e+01 -1.410930871284754673e+01 7.811928311560482896e-02 -3.526090780185231477e-03 4.759865850421593492e-02
8.200000000000005063e-01 -1.373001706850103185e-02 -4.970772717933468243e+01 -1.411720422449941204e+01 6.233486397513045285e-02 -7.194328469617622401e-03 4.989861461445356527e-02
8.200000000000005063e-01 -1.373001706850103185e-02 -4.970772717933468243e+01 -1.411720422449941204e+01 6.233486397513045285e-02 -7.194328469617622401e-03 4.989861461445356527e-02
8.300000000000005151e-01 -1.449292249835393113e-02 -4.966243851369727480e+01 -1.412452400099824068e+01 4.518647797038774505e-02 -1.044367085004194867e-02 5.267572388768569647e-02
8.300000000000005151e-01 -1.449292249835393113e-02 -4.966243851369727480e+01 -1.412452400099824068e+01 4.518647797038774505e-02 -1.044367085004194867e-02 5.267572388768569647e-02
8.400000000000005240e-01 -1.522442032664065269e-02 -4.961649898200079178e+01 -1.413114805767739846e+01 2.643568905121736895e-02 -1.328149571789634387e-02 5.604493158911552642e-02
8.400000000000005240e-01 -1.522442032664065269e-02 -4.961649898200079178e+01 -1.413114805767739846e+01 2.643568905121736895e-02 -1.328149571789634387e-02 5.604493158911552642e-02
8.500000000000005329e-01 -1.592498900422213357e-02 -4.957003657155521381e+01 -1.413692834326718462e+01 5.761714566729190731e-03 -1.571632715671627406e-02 6.015731275713268045e-02
8.500000000000005329e-01 -1.592498900422213357e-02 -4.957003657155521381e+01 -1.413692834326718462e+01 5.761714566729190731e-03 -1.571632715671627406e-02 6.015731275713268045e-02
8.600000000000005418e-01 -1.659476951066404110e-02 -4.952319704706440007e+01 -1.414167713761003320e+01 -1.727142668328631586e-02 -1.775763747694009131e-02 6.521531197543015135e-02
8.600000000000005418e-01 -1.659476951066404110e-02 -4.952319704706440007e+01 -1.414167713761003320e+01 -1.727142668328631586e-02 -1.775763747694009131e-02 6.521531197543015135e-02
8.700000000000005507e-01 -1.723343041485613653e-02 -4.947615250802500242e+01 -1.414514954981491535e+01 -4.326440728071348496e-02 -1.941562213370106454e-02 7.149618403330532113e-02
8.700000000000005507e-01 -1.723343041485613653e-02 -4.947615250802500242e+01 -1.414514954981491535e+01 -4.326440728071348496e-02 -1.941562213370106454e-02 7.149618403330532113e-02
8.800000000000005596e-01 -1.783998096187463384e-02 -4.942911482776985821e+01 -1.414701634478880621e+01 -7.305937395145301050e-02 -2.070093324073944696e-02 7.938917377465420921e-02
8.800000000000005596e-01 -1.783998096187463384e-02 -4.942911482776985821e+01 -1.414701634478880621e+01 -7.305937395145301050e-02 -2.070093324073944696e-02 7.938917377465420921e-02
8.900000000000005684e-01 -1.841250396847881124e-02 -4.938235740909655647e+01 -1.414682031807311624e+01 -1.078631629446068912e-01 -2.162434767118290996e-02 8.945662624296035759e-02
8.900000000000005684e-01 -1.841250396847881124e-02 -4.938235740909655647e+01 -1.414682031807311624e+01 -1.078631629446068912e-01 -2.162434767118290996e-02 8.945662624296035759e-02
9.000000000000005773e-01 -1.894776084620262632e-02 -4.933625171925019970e+01 -1.414390345338526522e+01 -1.494529952407799289e-01 -2.219632841457872680e-02 1.025387122760885450e-01
9.000000000000005773e-01 -1.894776084620262632e-02 -4.933625171925019970e+01 -1.414390345338526522e+01 -1.494529952407799289e-01 -2.219632841457872680e-02 1.025387122760885450e-01
9.100000000000005862e-01 -1.944058467901626716e-02 -4.929133143790009086e+01 -1.413727947250531969e+01 -2.005363632354272563e-01 -2.242640519174018271e-02 1.199420328668119873e-01
9.100000000000005862e-01 -1.944058467901626716e-02 -4.929133143790009086e+01 -1.413727947250531969e+01 -2.005363632354272563e-01 -2.242640519174018271e-02 1.199420328668119873e-01
9.200000000000005951e-01 -1.988290541834484768e-02 -4.924841141539897649e+01 -1.412539783529489590e+01 -2.654175042631696790e-01 -2.232223521141375386e-02 1.438003041619728140e-01
9.200000000000005951e-01 -1.988290541834484768e-02 -4.924841141539897649e+01 -1.412539783529489590e+01 -2.654175042631696790e-01 -2.232223521141375386e-02 1.438003041619728140e-01
9.300000000000006040e-01 -2.026209971293418607e-02 -4.920882388123126105e+01 -1.410567492959322955e+01 -3.513216424412448080e-01 -2.188806624827385056e-02 1.778172651132078619e-01
9.300000000000006040e-01 -2.026209971293418607e-02 -4.920882388123126105e+01 -1.410567492959322955e+01 -3.513216424412448080e-01 -2.188806624827385056e-02 1.778172651132078619e-01
9.400000000000006128e-01 -2.055801146739817675e-02 -4.917493051813455907e+01 -1.407347545508603126e+01 -4.712732801923486536e-01 -2.112200374791498025e-02 2.289481964668313996e-01
9.400000000000006128e-01 -2.055801146739817675e-02 -4.917493051813455907e+01 -1.407347545508603126e+01 -4.712732801923486536e-01 -2.112200374791498025e-02 2.289481964668313996e-01
9.500000000000006217e-01 -2.073711246871331668e-02 -4.915137049456279073e+01 -1.401961985236590102e+01 -6.511428525168827530e-01 -2.001066334955755449e-02 3.117103055034537440e-01
9.500000000000006217e-01 -2.073711246871331668e-02 -4.915137049456279073e+01 -1.401961985236590102e+01 -6.511428525168827530e-01 -2.001066334955755449e-02 3.117103055034537440e-01
9.600000000000006306e-01 -2.073971955396255312e-02 -4.914511367745478054e+01 -1.392575382163822972e+01 -9.493734945978132833e-01 -1.853942399794026100e-02 4.597087258558166245e-01
9.600000000000006306e-01 -2.073971955396255312e-02 -4.914511367745478054e+01 -1.392575382163822972e+01 -9.493734945978132833e-01 -1.853942399794026100e-02 4.597087258558166245e-01
9.700000000000006395e-01 -2.045242042021875456e-02 -4.918499024011564558e+01 -1.373392236576099634e+01 -1.530678538337905570e+00 -1.660175076468584435e-02 7.790085377340227879e-01
9.700000000000006395e-01 -2.045242042021875456e-02 -4.918499024011564558e+01 -1.373392236576099634e+01 -1.530678538337905570e+00 -1.660175076468584435e-02 7.790085377340227879e-01
9.800000000000006484e-01 -1.960189991122979203e-02 -4.935779545258264278e+01 -1.322770546675023517e+01 -3.075217387327488616e+00 -1.401663541700957569e-02 1.736355710406127573e+00
9.800000000000006484e-01 -1.960189991122979203e-02 -4.935779545258264278e+01 -1.322770546675023517e+01 -3.075217387327488616e+00 -1.401663541700957569e-02 1.736355710406127573e+00
9.900000000000006573e-01 -1.730600142737981004e-02 -4.979664543145575095e+01 -1.100286191070363984e+01 -1.203531141869927090e+01 -1.046211111665688864e-02 8.177970272520409978e+00
9.900000000000006573e-01 -1.730600142737981004e-02 -4.979664543145575095e+01 -1.100286191070363984e+01 -1.203531141869927090e+01 -1.046211111665688864e-02 8.177970272520409978e+00
1.000000000000000666e+00 -8.081279272877326877e-03 -4.723494758648872960e+01 -1.717986107634154891e+01 7.754322941441617267e+00 2.087732822985428199e-03 -1.228736257369422802e+01
1.000000000000000666e+00 -8.081279272877326877e-03 -4.723494758648872960e+01 -1.717986107634154891e+01 7.754322941441617267e+00 2.087732822985428199e-03 -1.228736257369422802e+01
1.010000000000000675e+00 -1.540521950995335509e-02 -4.790103023937980709e+01 -1.569712674757972515e+01 3.492142223928624389e+00 -3.962720825370621980e-03 -1.200126451514749171e-01
1.010000000000000675e+00 -1.540521950995335509e-02 -4.790103023937980709e+01 -1.569712674757972515e+01 3.492142223928624389e+00 -3.962720825370621980e-03 -1.200126451514749171e-01
1.020000000000000684e+00 -1.933620975871028561e-02 -4.804623909934866077e+01 -1.521567305658446934e+01 2.386016828651920552e+00 -5.876615049604301533e-03 2.321824439744806234e-01
1.020000000000000684e+00 -1.933620975871028561e-02 -4.804623909934866077e+01 -1.521567305658446934e+01 2.386016828651920552e+00 -5.876615049604301533e-03 2.321824439744806234e-01
1.030000000000000693e+00 -2.242948041077027360e-02 -4.809631452637736970e+01 -1.495033019521248363e+01 1.798967116747157924e+00 -6.597278180719413215e-03 9.270713718618917021e-02
1.030000000000000693e+00 -2.242948041077027360e-02 -4.809631452637736970e+01 -1.495033019521248363e+01 1.798967116747157924e+00 -6.597278180719413215e-03 9.270713718618917021e-02
1.040000000000000702e+00 -2.512489848039220833e-02 -4.813078001546922735e+01 -1.474374110671415039e+01 1.312253677706226584e+00 -6.643000544038206445e-03 1.068521819473351453e-01
1.040000000000000702e+00 -2.512489848039220833e-02 -4.813078001546922735e+01 -1.474374110671415039e+01 1.312253677706226584e+00 -6.643000544038206445e-03 1.068521819473351453e-01
1.050000000000000711e+00 -2.747464033234440356e-02 -4.820459353391966317e+01 -1.448185052338893186e+01 6.522150345946009509e-01 -6.128339183137137408e-03 3.463457665353533166e-01
1.050000000000000711e+00 -2.747464033234440356e-02 -4.820459353391966317e+01 -1.448185052338893186e+01 6.522150345946009509e-01 -6.128339183137137408e-03 3.463457665353533166e-01
1.060000000000000719e+00 -2.928686310469486367e-02 -3.711266373693776188e+01 -3.213449158239322401e+01 -3.388295571938111550e+01 -6.469975076309679440e-02 4.112795038687694671e+01
1.060000000000000719e+00 -2.928686310469486367e-02 -3.711266373693776188e+01 -3.213449158239322401e+01 -3.388295571938111550e+01 -6.469975076309679440e-02 4.112795038687694671e+01
1.070000000000000728e+00 -4.019239755564921190e-02 -4.792070129095767328e+01 -1.521830224906234363e+01 6.018179298094805674e+00 -1.010057348022101384e-02 -2.891682890651432558e+01
1.070000000000000728e+00 -4.019239755564921190e-02 -4.792070129095767328e+01 -1.521830224906234363e+01 6.018179298094805674e+00 -1.010057348022101384e-02 -2.891682890651432558e+01
1.080000000000000737e+00 -4.689664518537118437e-02 -4.786322706401661264e+01 -1.521011957035772078e+01 4.583638960215668412e+00 -1.297657790250315163e-02 -5.366867937329283578e+00
1.080000000000000737e+00 -4.689664518537118437e-02 -4.786322706401661264e+01 -1.521011957035772078e+01 4.583638960215668412e+00 -1.297657790250315163e-02 -5.366867937329283578e+00
1.090000000000000746e+00 -5.309880987164743854e-02 -4.803923093155727031e+01 -1.479938540884927534e+01 3.426818929591875840e+00 -1.468697701822478663e-02 -1.191578773717154593e+00
1.090000000000000746e+00 -5.309880987164743854e-02 -4.803923093155727031e+01 -1.479938540884927534e+01 3.426818929591875840e+00 -1.468697701822478663e-02 -1.191578773717154593e+00
1.100000000000000755e+00 -5.840116592670255985e-02 -4.817508042672012891e+01 -1.452395535618912348e+01 2.834841064537914068e+00 -1.504792198880779835e-02 -6.551591329824071330e-01
1.100000000000000755e+00 -5.840116592670255985e-02 -4.817508042672012891e+01 -1.452395535618912348e+01 2.834841064537914068e+00 -1.504792198880779835e-02 -6.551591329824071330e-01
1.110000000000000764e+00 -6.316807270111003680e-02 -4.828760904770461337e+01 -1.432847556968343206e+01 2.457435398564193463e+00 -1.456856898829737151e-02 -5.832371140710264079e-01
1.110000000000000764e+00 -6.316807270111003680e-02 -4.828760904770461337e+01 -1.432847556968343206e+01 2.457435398564193463e+00 -1.456856898829737151e-02 -5.832371140710264079e-01
1.120000000000000773e+00 -6.755537874482245297e-02 -4.838626043377976771e+01 -1.418269662614610027e+01 2.183819389966340285e+00 -1.345825128925839942e-02 -5.493651420826131115e-01
1.120000000000000773e+00 -6.755537874482245297e-02 -4.838626043377976771e+01 -1.418269662614610027e+01 2.183819389966340285e+00 -1.345825128925839942e-02 -5.493651420826131115e-01
1.130000000000000782e+00 -7.163739615563642638e-02 -4.847998583266733874e+01 -1.406285510397412786e+01 1.959882711208264849e+00 -1.182707247332297901e-02 -5.047068110642434213e-01
1.130000000000000782e+00 -7.163739615563642638e-02 -4.847998583266733874e+01 -1.406285510397412786e+01 1.959882711208264849e+00 -1.182707247332297901e-02 -5.047068110642434213e-01
1.140000000000000790e+00 -7.544190406315802455e-02 -4.856985727188354929e+01 -1.396220710507308027e+01 1.769863889974292892e+00 -9.734953141997675086e-03 -4.593564809348014144e-01
1.140000000000000790e+00 -7.544190406315802455e-02 -4.856985727188354929e+01 -1.396220710507308027e+01 1.769863889974292892e+00 -9.734953141997675086e-03 -4.593564809348014144e-01
1.150000000000000799e+00 -7.898728894191024696e-02 -4.865636948288065611e+01 -1.387630074804014590e+01 1.603821982549348046e+00 -7.231867722829861400e-03 -4.159384594180175476e-01
1.150000000000000799e+00 -7.898728894191024696e-02 -4.865636948288065611e+01 -1.387630074804014590e+01 1.603821982549348046e+00 -7.231867722829861400e-03 -4.159384594180175476e-01
1.160000000000000808e+00 -8.228575285721355381e-02 -4.873950607163390458e+01 -1.380234866113972281e+01 1.455873030395125722e+00 -4.360801042769424374e-03 -3.756385424405876972e-01
1.160000000000000808e+00 -8.228575285721355381e-02 -4.873950607163390458e+01 -1.380234866113972281e+01 1.455873030395125722e+00 -4.360801042769424374e-03 -3.756385424405876972e-01
1.170000000000000817e+00 -8.534638719631297554e-02 -4.881899090671932129e+01 -1.373852353290507722e+01 1.322389531640179028e+00 -1.160917824156233735e-03 -3.388346323157969131e-01
1.170000000000000817e+00 -8.534638719631297554e-02 -4.881899090671932129e+01 -1.373852353290507722e+01 1.322389531640179028e+00 -1.160917824156233735e-03 -3.388346323157969131e-01
1.180000000000000826e+00 -8.817688838697872178e-02 -4.889443612580652143e+01 -1.368355560591000497e+01 1.201020003211716647e+00 2.330730276524820010e-03 -3.054958969168976024e-01
1.180000000000000826e+00 -8.817688838697872178e-02 -4.889443612580652143e+01 -1.368355560591000497e+01 1.201020003211716647e+00 2.330730276524820010e-03 -3.054958969168976024e-01
1.190000000000000835e+00 -9.078446901574879768e-02 -4.896542113488040115e+01 -1.363651076351317570e+01 1.090162713177294851e+00 6.078360089637621644e-03 -2.754126354785544351e-01
1.190000000000000835e+00 -9.078446901574879768e-02 -4.896542113488040115e+01 -1.363651076351317570e+01 1.090162713177294851e+00 6.078360089637621644e-03 -2.754126354785544351e-01
1.200000000000000844e+00 -9.317633553069912256e-02 -4.903153500358556016e+01 -1.359666411302316824e+01 9.886711255873690263e-01 1.004707087016497996e-02 -2.483094922706967633e-01
1.200000000000000844e+00 -9.317633553069912256e-02 -4.903153500358556016e+01 -1.359666411302316824e+01 9.886711255873690263e-01 1.004707087016497996e-02 -2.483094922706967633e-01
1.210000000000000853e+00 -9.535992833897258270e-02 -4.909239951561440307e+01 -1.356342491758800683e+01 8.956818012199638801e-01 1.420270499028218961e-02 -2.238978992733439144e-01
1.210000000000000853e+00 -9.535992833897258270e-02 -4.909239951561440307e+01 -1.356342491758800683e+01 8.956818012199638801e-01 1.420270499028218961e-02 -2.238978992733439144e-01
1.220000000000000862e+00 -9.734641514039074628e-02 -4.914902968294080665e+01 -1.353563209542198464e+01 8.115920897209387697e-01 1.842163712707474421e-02 -2.022916466435087379e-01
1.220000000000000862e+00 -9.734641514039074628e-02 -4.914902968294080665e+01 -1.353563209542198464e+01 8.115920897209387697e-01 1.842163712707474421e-02 -2.022916466435087379e-01
1.230000000000000870e+00 -9.913492469235024585e-02 -4.919803395855072381e+01 -1.351441303468130783e+01 7.335983476459595476e-01 2.287745958015176967e-02 -1.823082253336560932e-01
1.230000000000000870e+00 -9.913492469235024585e-02 -4.919803395855072381e+01 -1.351441303468130783e+01 7.335983476459595476e-01 2.287745958015176967e-02 -1.823082253336560932e-01
1.240000000000000879e+00 -1.007402736430672990e-01 -4.924107358179514904e+01 -1.349835584231033891e+01 6.623087992240022093e-01 2.741577026488432878e-02 -1.643045054802835803e-01
1.240000000000000879e+00 -1.007402736430672990e-01 -4.924107358179514904e+01 -1.349835584231033891e+01 6.623087992240022093e-01 2.741577026488432878e-02 -1.643045054802835803e-01
1.250000000000000888e+00 -1.021710392839708659e-01 -4.927793618483741511e+01 -1.348711407611570401e+01 5.972970617639273838e-01 3.200775015565456016e-02 -1.480323637494184164e-01
1.250000000000000888e+00 -1.021710392839708659e-01 -4.927793618483741511e+01 -1.348711407611570401e+01 5.972970617639273838e-01 3.200775015565456016e-02 -1.480323637494184164e-01
1.260000000000000897e+00 -1.034361189770555134e-01 -4.930847449587556497e+01 -1.348035064855392662e+01 5.381615039541932655e-01 3.662522636183556529e-02 -1.332962384127585054e-01
1.260000000000000897e+00 -1.034361189770555134e-01 -4.930847449587556497e+01 -1.348035064855392662e+01 5.381615039541932655e-01 3.662522636183556529e-02 -1.332962384127585054e-01
1.270000000000000906e+00 -1.045446466155969673e-01 -4.933260037657953490e+01 -1.347773527854000619e+01 4.845150893911727707e-01 4.124095023516956282e-02 -1.199258734430674322e-01
1.270000000000000906e+00 -1.045446466155969673e-01 -4.933260037657953490e+01 -1.347773527854000619e+01 4.845150893911727707e-01 4.124095023516956282e-02 -1.199258734430674322e-01
1.280000000000000915e+00 -1.055059124523650277e-01 -4.935027937548875343e+01 -1.347894328931639230e+01 4.359807268202433583e-01 4.582881887184211966e-02 -1.077710454057005385e-01
1.280000000000000915e+00 -1.055059124523650277e-01 -4.935027937548875343e+01 -1.347894328931639230e+01 4.359807268202433583e-01 4.582881887184211966e-02 -1.077710454057005385e-01
1.290000000000000924e+00 -1.063292885769174106e-01 -4.936152561324208676e+01 -1.348365529560737208e+01 3.921893393748837608e-01 5.036405159957285660e-02 -9.669927515192228151e-02
1.290000000000000924e+00 -1.063292885769174106e-01 -4.936152561324208676e+01 -1.348365529560737208e+01 3.921893393748837608e-01 5.036405159957285660e-02 -9.669927515192228151e-02
1.300000000000000933e+00 -1.070241609496120627e-01 -4.936639691003334462e+01 -1.349155747960829643e+01 3.527795206605694456e-01 5.482332996035773481e-02 -8.659398192029343910e-02
1.300000000000000933e+00 -1.070241609496120627e-01 -4.936639691003334462e+01 -1.349155747960829643e+01 3.527795206605694456e-01 5.482332996035773481e-02 -8.659398192029343910e-02
1.310000000000000941e+00 -1.075998683597124833e-01 -4.936499011641790702e+01 -1.350234225039847580e+01 3.173981373590152311e-01 5.918490703262185154e-02 -7.735277899499826137e-02
1.310000000000000941e+00 -1.075998683597124833e-01 -4.936499011641790702e+01 -1.350234225039847580e+01 3.173981373590152311e-01 5.918490703262185154e-02 -7.735277899499826137e-02
1.320000000000000950e+00 -1.080656483611847490e-01 -4.935743663694157135e+01 -1.351570913938141416e+01 2.857014685656122932e-01 6.342869025678522787e-02 -6.888589333513095436e-02
1.320000000000000950e+00 -1.080656483611847490e-01 -4.935743663694157135e+01 -1.351570913938141416e+01 2.857014685656122932e-01 6.342869025678522787e-02 -6.888589333513095436e-02
1.330000000000000959e+00 -1.084305900323516564e-01 -4.934389815129924983e+01 -1.353136582164965063e+01 2.573566080981915527e-01 6.753630091471443664e-02 -6.111471525485415168e-02
1.330000000000000959e+00 -1.084305900323516564e-01 -4.934389815129924983e+01 -1.353136582164965063e+01 2.573566080981915527e-01 6.753630091471443664e-02 -6.111471525485415168e-02
1.340000000000000968e+00 -1.087035932645249586e-01 -4.932456254490094238e+01 -1.354902917888385971e+01 2.320429437688768248e-01 7.149111280123973677e-02 -5.397047901013385385e-02
1.340000000000000968e+00 -1.087035932645249586e-01 -4.932456254490094238e+01 -1.354902917888385971e+01 2.320429437688768248e-01 7.149111280123973677e-02 -5.397047901013385385e-02
1.350000000000000977e+00 -1.088933341911497016e-01 -4.929964006287931255e+01 -1.356842633850435220e+01 2.094535868524453337e-01 7.527827225161867752e-02 -4.739306989747993359e-02
1.350000000000000977e+00 -1.088933341911497016e-01 -4.929964006287931255e+01 -1.356842633850435220e+01 2.094535868524453337e-01 7.527827225161867752e-02 -4.739306989747993359e-02
1.360000000000000986e+00 -1.090082363100320084e-01 -4.926935970065572690e+01 -1.358929563899706139e+01 1.892966663842047259e-01 7.888470145572318293e-02 -4.132995047136307776e-02
1.360000000000000986e+00 -1.090082363100320084e-01 -4.926935970065572690e+01 -1.358929563899706139e+01 1.892966663842047259e-01 7.888470145572318293e-02 -4.132995047136307776e-02
1.370000000000000995e+00 -1.090564468185244579e-01 -4.923396584145812227e+01 -1.361138748408557397e+01 1.712964327757189598e-01 8.229908683930760305e-02 -3.573519711587909431e-02
1.370000000000000995e+00 -1.090564468185244579e-01 -4.923396584145812227e+01 -1.361138748408557397e+01 1.712964327757189598e-01 8.229908683930760305e-02 -3.573519711587909431e-02
1.380000000000001004e+00 -1.090458176686756320e-01 -4.919371514751146179e+01 -1.363446505946426157e+01 1.551941373936120694e-01 8.551185418873404054e-02 -3.056863784831502506e-02
1.380000000000001004e+00 -1.090458176686756320e-01 -4.919371514751146179e+01 -1.363446505946426157e+01 1.551941373936120694e-01 8.551185418873404054e-02 -3.056863784831502506e-02
1.390000000000001013e+00 -1.089838908514765003e-01 -4.914887370758183494e+01 -1.365830489549752791e+01 1.407486715853900616e-01 8.851513211459172137e-02 -2.579508248170035711e-02
1.390000000000001013e+00 -1.089838908514765003e-01 -4.914887370758183494e+01 -1.365830489549752791e+01 1.407486715853900616e-01 8.851513211459172137e-02 -2.579508248170035711e-02
1.400000000000001021e+00 -1.088778874329509733e-01 -4.909971443955578962e+01 -1.368269726776332718e+01 1.277369616394939400e-01 9.130270537641982376e-02 -2.138363687263188095e-02
1.400000000000001021e+00 -1.088778874329509733e-01 -4.909971443955578962e+01 -1.368269726776332718e+01 1.277369616394939400e-01 9.130270537641982376e-02 -2.138363687263188095e-02
1.410000000000001030e+00 -1.087346998869208881e-01 -4.904651474304748859e+01 -1.370744643459953238e+01 1.159541262444377663e-01 9.386995951528719073e-02 -1.730709374380495769e-02
1.410000000000001030e+00 -1.087346998869208881e-01 -4.904651474304748859e+01 -1.370744643459953238e+01 1.159541262444377663e-01 9.386995951528719073e-02 -1.730709374380495769e-02
1.420000000000001039e+00 -1.085608872975322436e-01 -4.898955439382811505e+01 -1.373237071688049937e+01 1.052134107271598118e-01 9.621381815758128786e-02 -1.354139337231093088e-02
1.420000000000001039e+00 -1.085608872975322436e-01 -4.898955439382811505e+01 -1.373237071688049937e+01 1.052134107271598118e-01 9.621381815758128786e-02 -1.354139337231093088e-02
1.430000000000001048e+00 -1.083626730371869962e-01 -4.892911366925983430e+01 -1.375730243009423859e+01 9.534591805514490426e-02 9.833267425970274034e-02 -1.006514818325189575e-02
1.430000000000001048e+00 -1.083626730371869962e-01 -4.892911366925983430e+01 -1.375730243009423859e+01 9.534591805514490426e-02 9.833267425970274034e-02 -1.006514818325189575e-02
1.440000000000001057e+00 -1.081459445607538539e-01 -4.886547169192861872e+01 -1.378208768241719895e+01 8.620016051784808175e-02 1.002263164598996142e-01 -6.859225926154280915e-03
1.440000000000001057e+00 -1.081459445607538539e-01 -4.886547169192861872e+01 -1.378208768241719895e+01 8.620016051784808175e-02 1.002263164598996142e-01 -6.859225926154280915e-03
1.450000000000001066e+00 -1.079162549932766862e-01 -4.879890497729672205e+01 -1.380658605494511448e+01 7.764145834917361710e-02 1.018958515931547848e-01 -3.906386611470131880e-03
1.450000000000001066e+00 -1.079162549932766862e-01 -4.879890497729672205e+01 -1.380658605494511448e+01 7.764145834917361710e-02 1.018958515931547848e-01 -3.906386611470131880e-03
1.460000000000001075e+00 -1.076788262248057487e-01 -4.872968617038682027e+01 -1.383067018163124118e+01 6.955121249942500250e-02 1.033436243117096115e-01 -1.190968746421150731e-03
1.460000000000001075e+00 -1.076788262248057487e-01 -4.872968617038682027e+01 -1.383067018163124118e+01 6.955121249942500250e-02 1.033436243117096115e-01 -1.190968746421150731e-03
1.470000000000001084e+00 -1.074385532614720029e-01 -4.865808295619493151e+01 -1.385422524693585800e+01 6.182607850615395861e-02 1.045731346423467018e-01 1.301379350718801734e-03
1.470000000000001084e+00 -1.074385532614720029e-01 -4.865808295619493151e+01 -1.385422524693585800e+01 6.182607850615395861e-02 1.045731346423467018e-01 1.301379350718801734e-03
1.480000000000001092e+00 -1.072000096151024401e-01 -4.858435712862671352e+01 -1.387714841886433526e+01 5.437706716883776437e-02 1.055889542062162234e-01 3.583927226434553172e-03
1.480000000000001092e+00 -1.072000096151024401e-01 -4.858435712862671352e+01 -1.387714841886433526e+01 5.437706716883776437e-02 1.055889542062162234e-01 3.583927226434553172e-03
1.490000000000001101e+00 -1.069674535447547037e-01 -4.850876380316751835e+01 -1.389934823413425846e+01 4.712859573265047730e-02 1.063966417313280677e-01 5.669052927306245625e-03
1.490000000000001101e+00 -1.069674535447547037e-01 -4.850876380316751835e+01 -1.389934823413425846e+01 4.712859573265047730e-02 1.063966417313280677e-01 5.669052927306245625e-03
1.500000000000001110e+00 -1.067448349913094618e-01 -4.843155075915206709e+01 -1.392074395083748151e+01 4.001751076825155184e-02 1.070026584040891515e-01 7.568400480985120089e-03
1.500000000000001110e+00 -1.067448349913094618e-01 -4.843155075915206709e+01 -1.392074395083748151e+01 4.001751076825155184e-02 1.070026584040891515e-01 7.568400480985120089e-03
1.510000000000001119e+00 -1.065358030708650344e-01 -4.835295789831513957e+01 -1.394126488230855010e+01 3.299210111890056585e-02 1.074142835353244785e-01 9.293008014108561712e-03
1.510000000000001119e+00 -1.065358030708650344e-01 -4.835295789831513957e+01 -1.394126488230855010e+01 3.299210111890056585e-02 1.074142835353244785e-01 9.293008014108561712e-03
1.520000000000001128e+00 -1.063437140140239545e-01 -4.827321680721505004e+01 -1.396084972411664893e+01 2.601111637291322193e-02 1.076395309576441972e-01 1.085341017067275107e-02
1.520000000000001128e+00 -1.063437140140239545e-01 -4.827321680721505004e+01 -1.396084972411664893e+01 2.601111637291322193e-02 1.076395309576441972e-01 1.085341017067275107e-02
1.530000000000001137e+00 -1.061716394563304161e-01 -4.819255041207861723e+01 -1.397944588427628965e+01 1.904280346898953175e-02 1.076870665236632912e-01 1.225971832504027872e-02
1.530000000000001137e+00 -1.061716394563304161e-01 -4.819255041207861723e+01 -1.397944588427628965e+01 1.904280346898953175e-02 1.076870665236632912e-01 1.225971832504027872e-02
1.540000000000001146e+00 -1.060223750002542986e-01 -4.811117271557628783e+01 -1.399700882500870591e+01 1.206397137810098427e-02 1.075661270363117705e-01 1.352168187106924171e-02
1.540000000000001146e+00 -1.060223750002542986e-01 -4.811117271557628783e+01 -1.399700882500870591e+01 1.206397137810098427e-02 1.075661270363117705e-01 1.352168187106924171e-02
1.550000000000001155e+00 -1.058984489817649116e-01 -4.802928860597332061e+01 -1.401350142274265664e+01 5.059091409536549573e-03 1.072864409113198358e-01 1.464873361848548217e-02
1.550000000000001155e+00 -1.058984489817649116e-01 -4.802928860597332061e+01 -1.401350142274265664e+01 5.059091409536549573e-03 1.072864409113198358e-01 1.464873361848548217e-02
1.560000000000001164e+00 -1.058021313847160028e-01 -4.794709372999688668e+01 -1.402889335155551898e+01 -1.980561394810166805e-03 1.068581508457427387e-01 1.565002205027957866e-02
1.560000000000001164e+00 -1.058021313847160028e-01 -4.794709372999688668e+01 -1.402889335155551898e+01 -1.980561394810166805e-03 1.068581508457427387e-01 1.565002205027957866e-02
1.570000000000001172e+00 -1.057354428546640329e-01 -4.786477442159942797e+01 -1.404316049394304855e+01 -9.057722070866656983e-03 1.062917387432524702e-01 1.653443290213254396e-02
1.570000000000001172e+00 -1.057354428546640329e-01 -4.786477442159942797e+01 -1.404316049394304855e+01 -9.057722070866656983e-03 1.062917387432524702e-01 1.653443290213254396e-02
1.580000000000001181e+00 -1.057001637704508001e-01 -4.778250767957764822e+01 -1.405628438167240901e+01 -1.616990248051520043e-02 1.055979531254487985e-01 1.731060222839146678e-02
1.580000000000001181e+00 -1.057001637704508001e-01 -4.778250767957764822e+01 -1.405628438167240901e+01 -1.616990248051520043e-02 1.055979531254487985e-01 1.731060222839146678e-02
1.590000000000001190e+00 -1.056978433373425424e-01 -4.770046118772527421e+01 -1.406825166851097286e+01 -2.331010987988064997e-02 1.047877392375746175e-01 1.798692283018403504e-02
1.590000000000001190e+00 -1.056978433373425424e-01 -4.770046118772527421e+01 -1.406825166851097286e+01 -2.331010987988064997e-02 1.047877392375746175e-01 1.798692283018403504e-02
1.600000000000001199e+00 -1.057298086699278300e-01 -4.761879337185378347e+01 -1.407905363582231573e+01 -3.046751708334232908e-02 1.038721720360763212e-01 1.857154564750473219e-02
1.600000000000001199e+00 -1.057298086699278300e-01 -4.761879337185378347e+01 -1.407905363582231573e+01 -3.046751708334232908e-02 1.038721720360763212e-01 1.857154564750473219e-02
1.610000000000001208e+00 -1.057971738368008452e-01 -4.753765348861404050e+01 -1.408868573136288482e+01 -3.762808467570314536e-02 1.028623922241422850e-01 1.907237746463890521e-02
1.610000000000001208e+00 -1.057971738368008452e-01 -4.753765348861404050e+01 -1.408868573136288482e+01 -3.762808467570314536e-02 1.028623922241422850e-01 1.907237746463890521e-02
1.620000000000001217e+00 -1.059008488419012628e-01 -4.745718174159535607e+01 -1.409714714108105582e+01 -4.477513622379094421e-02 1.017695454796053445e-01 1.949707605089729540e-02
1.620000000000001217e+00 -1.059008488419012628e-01 -4.745718174159535607e+01 -1.409714714108105582e+01 -4.477513622379094421e-02 1.017695454796053445e-01 1.949707605089729540e-02
1.630000000000001226e+00 -1.060415485203170666e-01 -4.737750942067173554e+01 -1.410444039329783550e+01 -5.188988779622465825e-02 1.006047249974565266e-01 1.985304365694163381e-02
1.630000000000001226e+00 -1.060415485203170666e-01 -4.737750942067173554e+01 -1.410444039329783550e+01 -5.188988779622465825e-02 1.006047249974565266e-01 1.985304365694163381e-02
1.640000000000001235e+00 -1.062198013284395143e-01 -4.729875906101121075e+01 -1.411057099431905826e+01 -5.895193334728372064e-02 9.937891744698502949e-02 2.014741961214593785e-02
1.640000000000001235e+00 -1.062198013284395143e-01 -4.729875906101121075e+01 -1.411057099431905826e+01 -5.895193334728372064e-02 9.937891744698502949e-02 2.014741961214593785e-02
1.650000000000001243e+00 -1.064359580105630754e-01 -4.722104461856870472e+01 -1.411554709427731602e+01 -6.593968768526252411e-02 9.810295242141914285e-02 2.038707261781108615e-02
1.650000000000001243e+00 -1.064359580105630754e-01 -4.722104461856870472e+01 -1.411554709427731602e+01 -6.593968768526252411e-02 9.810295242141914285e-02 2.038707261781108615e-02
1.660000000000001252e+00 -1.066902001260045807e-01 -4.714447165924828909e+01 -1.411937918181648044e+01 -7.283078884756076510e-02 9.678745543613542779e-02 2.057859320346146215e-02
1.660000000000001252e+00 -1.066902001260045807e-01 -4.714447165924828909e+01 -1.411937918181648044e+01 -7.283078884756076510e-02 9.678745543613542779e-02 2.057859320346146215e-02
1.670000000000001261e+00 -1.069825484223663470e-01 -4.706913755925094733e+01 -1.412207980610034497e+01 -7.960246176266537466e-02 9.544280451039707791e-02 2.072828670654107419e-02
1.670000000000001261e+00 -1.069825484223663470e-01 -4.706913755925094733e+01 -1.412207980610034497e+01 -7.960246176266537466e-02 9.544280451039707791e-02 2.072828670654107419e-02
1.680000000000001270e+00 -1.073128710425426957e-01 -4.699513171442222159e+01 -1.412366332454092621e+01 -8.623184510433141992e-02 9.407909034720848829e-02 2.084216704635225709e-02
1.680000000000001270e+00 -1.073128710425426957e-01 -4.699513171442222159e+01 -1.412366332454092621e+01 -8.623184510433141992e-02 9.407909034720848829e-02 2.084216704635225709e-02
1.690000000000001279e+00 -1.076808915543830403e-01 -4.692253575668364363e+01 -1.412414567459374659e+01 -9.269628324625489579e-02 9.270608010656009035e-02 2.092595148951702233e-02
1.690000000000001279e+00 -1.076808915543830403e-01 -4.692253575668364363e+01 -1.412414567459374659e+01 -9.269628324625489579e-02 9.270608010656009035e-02 2.092595148951702233e-02
1.700000000000001288e+00 -1.080861967936962570e-01 -4.685142377587365559e+01 -1.412354416794875078e+01 -9.897358521260433972e-02 9.133318474909504769e-02 2.098505654341461385e-02
1.700000000000001288e+00 -1.080861967936962570e-01 -4.685142377587365559e+01 -1.412354416794875078e+01 -9.897358521260433972e-02 9.133318474909504769e-02 2.098505654341461385e-02
1.710000000000001297e+00 -1.085282445124793188e-01 -4.678186254554255896e+01 -1.412187730545255349e+01 -1.050422524960885479e-01 8.996942991023004765e-02 2.102459506454591731e-02
1.710000000000001297e+00 -1.085282445124793188e-01 -4.678186254554255896e+01 -1.412187730545255349e+01 -1.050422524960885479e-01 8.996942991023004765e-02 2.102459506454591731e-02
1.720000000000001306e+00 -1.090063708259298436e-01 -4.671391175144115948e+01 -1.411916461112482857e+01 -1.108816775835150953e-01 8.862343024900355692e-02 2.104937462844917728e-02
1.720000000000001306e+00 -1.090063708259298436e-01 -4.671391175144115948e+01 -1.411916461112482857e+01 -1.108816775835150953e-01 8.862343024900355692e-02 2.104937462844917728e-02
1.730000000000001315e+00 -1.095197974528302337e-01 -4.664762422161820155e+01 -1.411542648367430530e+01 -1.164723149920184470e-01 8.730336720148365592e-02 2.106389717511860521e-02
1.730000000000001315e+00 -1.095197974528302337e-01 -4.664762422161820155e+01 -1.411542648367430530e+01 -1.164723149920184470e-01 8.730336720148365592e-02 2.106389717511860521e-02
1.740000000000001323e+00 -1.100676387454349731e-01 -4.658304615719889341e+01 -1.411068406397538055e+01 -1.217958265779504473e-01 8.601697005537400909e-02 2.107235991768022926e-02
1.740000000000001323e+00 -1.100676387454349731e-01 -4.658304615719889341e+01 -1.411068406397538055e+01 -1.217958265779504473e-01 8.601697005537400909e-02 2.107235991768022926e-02
1.750000000000001332e+00 -1.106489085059001315e-01 -4.652021736305477617e+01 -1.410495911703219285e+01 -1.268352028361419692e-01 8.477150025065738337e-02 2.107865748124013172e-02
1.750000000000001332e+00 -1.106489085059001315e-01 -4.652021736305477617e+01 -1.410495911703219285e+01 -1.268352028361419692e-01 8.477150025065738337e-02 2.107865748124013172e-02
1.760000000000001341e+00 -1.112625265876650144e-01 -4.645917147770008881e+01 -1.409827392702845117e+01 -1.315748618605618592e-01 8.357373880043859893e-02 2.108638522222822803e-02
1.760000000000001341e+00 -1.112625265876650144e-01 -4.645917147770008881e+01 -1.409827392702845117e+01 -1.315748618605618592e-01 8.357373880043859893e-02 2.108638522222822803e-02
1.770000000000001350e+00 -1.119073252809991842e-01 -4.639993620185812517e+01 -1.409065120413944783e+01 -1.360007275886092049e-01 8.242997671687161965e-02 2.109884366594109995e-02
1.770000000000001350e+00 -1.119073252809991842e-01 -4.639993620185812517e+01 -1.409065120413944783e+01 -1.360007275886092049e-01 8.242997671687161965e-02 2.109884366594109995e-02
1.780000000000001359e+00 -1.125820554830841563e-01 -4.634253352523715108e+01 -1.408211400186335993e+01 -1.401002889000278473e-01 8.134600831885906158e-02 2.111904399012497907e-02
1.780000000000001359e+00 -1.125820554830841563e-01 -4.634253352523715108e+01 -1.408211400186335993e+01 -1.401002889000278473e-01 8.134600831885906158e-02 2.111904399012497907e-02
1.790000000000001368e+00 -1.132853926536664113e-01 -4.628697995113918751e+01 -1.407268564371074859e+01 -1.438626410898206087e-01 8.032712729121867234e-02 2.114971447547010774e-02
1.790000000000001368e+00 -1.132853926536664113e-01 -4.628697995113918751e+01 -1.407268564371074859e+01 -1.438626410898206087e-01 8.032712729121867234e-02 2.114971447547010774e-02
1.800000000000001377e+00 -1.140159425583017611e-01 -4.623328671859803762e+01 -1.406238965817484221e+01 -1.472785111797911273e-01 7.937812535917480872e-02 2.119330783884765951e-02
1.800000000000001377e+00 -1.140159425583017611e-01 -4.623328671859803762e+01 -1.406238965817484221e+01 -1.472785111797911273e-01 7.937812535917480872e-02 2.119330783884765951e-02
1.810000000000001386e+00 -1.147722468017347286e-01 -4.618146002180559151e+01 -1.405124972098647795e+01 -1.503402684793317956e-01 7.850329343716666575e-02 2.125200936206064761e-02
1.810000000000001386e+00 -1.147722468017347286e-01 -4.618146002180559151e+01 -1.405124972098647795e+01 -1.503402684793317956e-01 7.850329343716666575e-02 2.125200936206064761e-02
1.820000000000001394e+00 -1.155527881546913188e-01 -4.613150122663913066e+01 -1.403928960373917256e+01 -1.530419217491325867e-01 7.770642510723668739e-02 2.132774572734778135e-02
1.820000000000001394e+00 -1.155527881546913188e-01 -4.613150122663913066e+01 -1.403928960373917256e+01 -1.530419217491325867e-01 7.770642510723668739e-02 2.132774572734778135e-02
1.830000000000001403e+00 -1.163559956778497106e-01 -4.608340708414829834e+01 -1.402653312804805630e+01 -1.553791042651073706e-01 7.699082227938687517e-02 2.142219447050779796e-02
1.830000000000001403e+00 -1.163559956778497106e-01 -4.608340708414829834e+01 -1.402653312804805630e+01 -1.553791042651073706e-01 7.699082227938687517e-02 2.142219447050779796e-02
1.840000000000001412e+00 -1.171802496471910510e-01 -4.603716994089827352e+01 -1.401300412448232180e+01 -1.573490480221063359e-01 7.635930288441356018e-02 2.153679396350803577e-02
1.840000000000001412e+00 -1.171802496471910510e-01 -4.603716994089827352e+01 -1.401300412448232180e+01 -1.573490480221063359e-01 7.635930288441356018e-02 2.153679396350803577e-02
1.850000000000001421e+00 -1.180238862853231485e-01 -4.599277794609747616e+01 -1.399872639558372356e+01 -1.589505482591607455e-01 7.581421044870090276e-02 2.167275384010229622e-02
1.850000000000001421e+00 -1.180238862853231485e-01 -4.599277794609747616e+01 -1.399872639558372356e+01 -1.589505482591607455e-01 7.581421044870090276e-02 2.167275384010229622e-02
1.860000000000001430e+00 -1.188852023036953975e-01 -4.595021525546383145e+01 -1.398372368235362728e+01 -1.601839194293862012e-01 7.535742540018712521e-02 2.183106578047514651e-02
1.860000000000001430e+00 -1.188852023036953975e-01 -4.595021525546383145e+01 -1.398372368235362728e+01 -1.601839194293862012e-01 7.535742540018712521e-02 2.183106578047514651e-02
1.870000000000001439e+00 -1.197624592607623994e-01 -4.590946223180384322e+01 -1.396801963365598631e+01 -1.610509436799902327e-01 7.499037795529060746e-02 2.201251457420012880e-02
1.870000000000001439e+00 -1.197624592607623994e-01 -4.590946223180384322e+01 -1.396801963365598631e+01 -1.610509436799902327e-01 7.499037795529060746e-02 2.201251457420012880e-02
1.880000000000001448e+00 -1.206538877414599226e-01 -4.587049564229476317e+01 -1.395163777804713234e+01 -1.615548128489721624e-01 7.471406243777019285e-02 2.221768938429346391e-02
1.880000000000001448e+00 -1.206538877414599226e-01 -4.587049564229476317e+01 -1.395163777804713234e+01 -1.615548128489721624e-01 7.471406243777019285e-02 2.221768938429346391e-02
1.890000000000001457e+00 -1.215576913633013567e-01 -4.583328885247139084e+01 -1.393460149760029765e+01 -1.617000649280204705e-01 7.452905288243989734e-02 2.244699513936324053e-02
1.890000000000001457e+00 -1.215576913633013567e-01 -4.583328885247139084e+01 -1.393460149760029765e+01 -1.617000649280204705e-01 7.452905288243989734e-02 2.244699513936324053e-02
1.900000000000001465e+00 -1.224720506145777765e-01 -4.579781201692747317e+01 -1.391693400334879094e+01 -1.614925158829695062e-01 7.443551977909229622e-02 2.270066398505982130e-02
1.900000000000001465e+00 -1.224720506145777765e-01 -4.579781201692747317e+01 -1.391693400334879094e+01 -1.614925158829695062e-01 7.443551977909229622e-02 2.270066398505982130e-02
1.910000000000001474e+00 -1.233951265301242856e-01 -4.576403226674615610e+01 -1.389865831202123481e+01 -1.609391876673161026e-01 7.443324781505890331e-02 2.297876673075791021e-02
1.910000000000001474e+00 -1.233951265301242856e-01 -4.576403226674615610e+01 -1.389865831202123481e+01 -1.609391876673161026e-01 7.443324781505890331e-02 2.297876673075791021e-02
1.920000000000001483e+00 -1.243250642099874015e-01 -4.573191389367668336e+01 -1.387979722379076009e+01 -1.600482332077449166e-01 7.452165447836206491e-02 2.328122423203174418e-02
1.920000000000001483e+00 -1.243250642099874015e-01 -4.573191389367668336e+01 -1.387979722379076009e+01 -1.600482332077449166e-01 7.452165447836206491e-02 2.328122423203174418e-02
1.930000000000001492e+00 -1.252599961863907763e-01 -4.570141853107383412e+01 -1.386037330080268504e+01 -1.588288590862335092e-01 7.469980938738235432e-02 2.360781865437676375e-02
1.930000000000001492e+00 -1.252599961863907763e-01 -4.570141853107383412e+01 -1.386037330080268504e+01 -1.588288590862335092e-01 7.469980938738235432e-02 2.360781865437676375e-02
1.940000000000001501e+00 -1.261980456441828269e-01 -4.567250533161535486e+01 -1.384040884628582191e+01 -1.572912465894217016e-01 7.496645421736952697e-02 2.395820456850086821e-02
1.940000000000001501e+00 -1.261980456441828269e-01 -4.567250533161535486e+01 -1.384040884628582191e+01 -1.572912465894217016e-01 7.496645421736952697e-02 2.395820456850086821e-02
1.950000000000001510e+00 -1.271373294998873749e-01 -4.564513114180864051e+01 -1.381992588408922096e+01 -1.554464717434842491e-01 7.532002309882948610e-02 2.433191983225437005e-02
1.950000000000001510e+00 -1.271373294998873749e-01 -4.564513114180864051e+01 -1.381992588408922096e+01 -1.554464717434842491e-01 7.532002309882948610e-02 2.433191983225437005e-02
1.960000000000001519e+00 -1.280759613442785105e-01 -4.561925067329315908e+01 -1.379894613851988794e+01 -1.533064249016091174e-01 7.575866336788562860e-02 2.472839621920003284e-02
1.960000000000001519e+00 -1.280759613442785105e-01 -4.561925067329315908e+01 -1.379894613851988794e+01 -1.533064249016091174e-01 7.575866336788562860e-02 2.472839621920003284e-02
1.970000000000001528e+00 -1.290120542532795789e-01 -4.559481667093970003e+01 -1.377749101438696755e+01 -1.508837304021023451e-01 7.628025655397198401e-02 2.514696975836869242e-02
1.970000000000001528e+00 -1.290120542532795789e-01 -4.559481667093970003e+01 -1.377749101438696755e+01 -1.508837304021023451e-01 7.628025655397198401e-02 2.514696975836869242e-02
1.980000000000001537e+00 -1.299437234717669420e-01 -4.557178007774098205e+01 -1.375558157718628571e+01 -1.481916667667161625e-01 7.688243949576747949e-02 2.558689075441669680e-02
1.980000000000001537e+00 -1.299437234717669420e-01 -4.557178007774098205e+01 -1.375558157718628571e+01 -1.481916667667161625e-01 7.688243949576747949e-02 2.558689075441669680e-02
1.990000000000001545e+00 -1.308690889746977615e-01 -4.555009019648100121e+01 -1.373323853338314393e+01 -1.452440878631726662e-01 7.756262548193250395e-02 2.604733346173281061e-02
1.990000000000001545e+00 -1.308690889746977615e-01 -4.555009019648100121e+01 -1.373323853338314393e+01 -1.452440878631726662e-01 7.756262548193250395e-02 2.604733346173281061e-02
2.000000000000001332e+00 -1.317862779098254444e-01 -4.552969484816360080e+01 -1.371048221077381157e+01 -1.420553454113850367e-01 7.831802531905980580e-02 2.652740539030153805e-02
2.000000000000001332e+00 -1.317862779098254444e-01 -4.552969484816360080e+01 -1.371048221077381157e+01 -1.420553454113850367e-01 7.831802531905980580e-02 2.652740539030153805e-02
2.010000000000001119e+00 -1.326934269260065524e-01 -4.551054052717392295e+01 -1.368733253892571611e+01 -1.386402131706186425e-01 7.914566823516096250e-02 2.702615622518457494e-02
2.010000000000001119e+00 -1.326934269260065524e-01 -4.551054052717392295e+01 -1.368733253892571611e+01 -1.386402131706186425e-01 7.914566823516096250e-02 2.702615622518457494e-02
2.020000000000000906e+00 -1.335886843909486754e-01 -4.549257255313814596e+01 -1.366380902971338784e+01 -1.350138131044661127e-01 8.004242253301808996e-02 2.754258634524785199e-02
2.020000000000000906e+00 -1.335886843909486754e-01 -4.549257255313814596e+01 -1.366380902971338784e+01 -1.350138131044661127e-01 8.004242253301808996e-02 2.754258634524785199e-02
2.030000000000000693e+00 -1.344702125021352002e-01 -4.547573521944171659e+01 -1.363993075798250665e+01 -1.311915437823091557e-01 8.100501591374266452e-02 2.807565493046508542e-02
2.030000000000000693e+00 -1.344702125021352002e-01 -4.547573521944171659e+01 -1.363993075798250665e+01 -1.311915437823091557e-01 8.100501591374266452e-02 2.807565493046508542e-02
2.040000000000000480e+00 -1.353361892943276967e-01 -4.545997193835837180e+01 -1.361571634238705464e+01 -1.271890112395636929e-01 8.203005539690885750e-02 2.862428765035837652e-02
2.040000000000000480e+00 -1.353361892943276967e-01 -4.545997193835837180e+01 -1.361571634238705464e+01 -1.271890112395636929e-01 8.203005539690885750e-02 2.862428765035837652e-02
2.050000000000000266e+00 -1.361848105470688797e-01 -4.544522538273751877e+01 -1.359118392645537732e+01 -1.230219624852446902e-01 8.311404676965521154e-02 2.918738392943286825e-02
2.050000000000000266e+00 -1.361848105470688797e-01 -4.544522538273751877e+01 -1.359118392645537732e+01 -1.230219624852446902e-01 8.311404676965521154e-02 2.918738392943286825e-02
2.060000000000000053e+00 -1.370142915952927420e-01 -4.543143762419150278e+01 -1.356635115995051599e+01 -1.187062218130315316e-01 8.425341350307447019e-02 2.976382378822765851e-02
2.060000000000000053e+00 -1.370142915952927420e-01 -4.543143762419150278e+01 -1.356635115995051599e+01 -1.187062218130315316e-01 8.425341350307447019e-02 2.976382378822765851e-02
2.069999999999999840e+00 -1.378228690460412131e-01 -4.541855026771985848e+01 -1.354123518059661713e+01 -1.142576300425840463e-01 8.544451508011065288e-02 3.035247426133302895e-02
2.069999999999999840e+00 -1.378228690460412131e-01 -4.541855026771985848e+01 -1.354123518059661713e+01 -1.142576300425840463e-01 8.544451508011065288e-02 3.035247426133302895e-02
2.079999999999999627e+00 -1.386088024042240463e-01 -4.540650458270463474e+01 -1.351585259624957835e+01 -1.096919867898722839e-01 8.668366468493092503e-02 3.095219539606577919e-02
2.079999999999999627e+00 -1.386088024042240463e-01 -4.540650458270463474e+01 -1.351585259624957835e+01 -1.096919867898722839e-01 8.668366468493092503e-02 3.095219539606577919e-02
2.089999999999999414e+00 -1.393703756100834745e-01 -4.539524163020647762e+01 -1.349021946759358137e+01 -1.050249958400229777e-01 8.796714620946793906e-02 3.156184583775661218e-02
2.089999999999999414e+00 -1.393703756100834745e-01 -4.539524163020647762e+01 -1.349021946759358137e+01 -1.050249958400229777e-01 8.796714620946793906e-02 3.156184583775661218e-02
2.099999999999999201e+00 -1.401058984910047434e-01 -4.538470238649048838e+01 -1.346435129144840559e+01 -1.002722136722041940e-01 8.929123053827453527e-02 3.218028800940359035e-02
2.099999999999999201e+00 -1.401058984910047434e-01 -4.538470238649048838e+01 -1.346435129144840559e+01 -1.002722136722041940e-01 8.929123053827453527e-02 3.218028800940359035e-02
2.109999999999998987e+00 -1.408137081301659155e-01 -4.537482786270855684e+01 -1.343826298477309855e+01 -9.544900116502975929e-02 9.065219107828581535e-02 3.280639289521883328e-02
2.109999999999998987e+00 -1.408137081301659155e-01 -4.537482786270855684e+01 -1.343826298477309855e+01 -9.544900116502975929e-02 9.065219107828581535e-02 3.280639289521883328e-02
2.119999999999998774e+00 -1.414921701544061827e-01 -4.536555922066536084e+01 -1.341196886945207467e+01 -9.057047849112484506e-02 9.204631850526001635e-02 3.343904443906059454e-02
2.119999999999998774e+00 -1.414921701544061827e-01 -4.536555922066536084e+01 -1.341196886945207467e+01 -9.057047849112484506e-02 9.204631850526001635e-02 3.343904443906059454e-02
2.129999999999998561e+00 -1.421396799436007718e-01 -4.535683788459509458e+01 -1.338548265794873160e+01 -8.565148319193842397e-02 9.346993470369686918e-02 3.407714356990572402e-02
2.129999999999998561e+00 -1.421396799436007718e-01 -4.535683788459509458e+01 -1.338548265794873160e+01 -8.565148319193842397e-02 9.346993470369686918e-02 3.407714356990572402e-02
2.139999999999998348e+00 -1.427546637637434612e-01 -4.534860564887815571e+01 -1.335881743990904269e+01 -8.070653140816044790e-02 9.491940588194003325e-02 3.471961186765572943e-02
2.139999999999998348e+00 -1.427546637637434612e-01 -4.534860564887815571e+01 -1.335881743990904269e+01 -8.070653140816044790e-02 9.491940588194003325e-02 3.471961186765572943e-02
2.149999999999998135e+00 -1.433355798258481584e-01 -4.534080478162868388e+01 -1.333198566979550570e+01 -7.574978222669875860e-02 9.639115484874855033e-02 3.536539488328263592e-02
2.149999999999998135e+00 -1.433355798258481584e-01 -4.534080478162868388e+01 -1.333198566979550570e+01 -7.574978222669875860e-02 9.639115484874855033e-02 3.536539488328263592e-02
2.159999999999997922e+00 -1.438809192727291408e-01 -4.533337812408760215e+01 -1.330499915562689850e+01 -7.079500509334472891e-02 9.788167244210962958e-02 3.601346512805803091e-02
2.159999999999997922e+00 -1.438809192727291408e-01 -4.533337812408760215e+01 -1.330499915562689850e+01 -7.079500509334472891e-02 9.788167244210962958e-02 3.601346512805803091e-02
2.169999999999997708e+00 -1.443892070956110663e-01 -4.532626918575952146e+01 -1.327786904889553909e+01 -6.585555022865509367e-02 9.938752810530782078e-02 3.666282474698562277e-02
2.169999999999997708e+00 -1.443892070956110663e-01 -4.532626918575952146e+01 -1.327786904889553909e+01 -6.585555022865509367e-02 9.938752810530782078e-02 3.666282474698562277e-02
2.179999999999997495e+00 -1.448590029825212733e-01 -4.531942223523648750e+01 -1.325060583572795636e+01 -6.094432197598400464e-02 1.009053796092526378e-01 3.731250789191534190e-02
2.179999999999997495e+00 -1.448590029825212733e-01 -4.531942223523648750e+01 -1.325060583572795636e+01 -6.094432197598400464e-02 1.009053796092526378e-01 3.731250789191534190e-02
2.189999999999997282e+00 -1.452889021002799763e-01 -4.531278238665754543e+01 -1.322321932934932676e+01 -5.607375500197253615e-02 1.024319819238792284e-01 3.796158280987499412e-02
2.189999999999997282e+00 -1.452889021002799763e-01 -4.531278238665754543e+01 -1.322321932934932676e+01 -5.607375500197253615e-02 1.024319819238792284e-01 3.796158280987499412e-02
2.199999999999997069e+00 -1.456775358119461183e-01 -4.530629568175864108e+01 -1.319571866390516846e+01 -5.125579326359830379e-02 1.039641952450221507e-01 3.860915366226345263e-02
2.199999999999997069e+00 -1.456775358119461183e-01 -4.530629568175864108e+01 -1.319571866390516846e+01 -5.125579326359830379e-02 1.039641952450221507e-01 3.860915366226345263e-02
2.209999999999996856e+00 -1.460235723314617651e-01 -4.529990916747451735e+01 -1.316811228968767544e+01 -4.650187165006806900e-02 1.054989921864603608e-01 3.925436209028229650e-02
2.209999999999996856e+00 -1.460235723314617651e-01 -4.529990916747451735e+01 -1.316811228968767544e+01 -4.650187165006806900e-02 1.054989921864603608e-01 3.925436209028229650e-02
2.219999999999996643e+00 -1.463257173172251846e-01 -4.529357096906143454e+01 -1.314040796980650327e+01 -4.182290020355513421e-02 1.070334641500146761e-01 3.989638854188931605e-02
2.219999999999996643e+00 -1.463257173172251846e-01 -4.529357096906143454e+01 -1.314040796980650327e+01 -4.182290020355513421e-02 1.070334641500146761e-01 3.989638854188931605e-02
2.229999999999996430e+00 -1.465827144063085175e-01 -4.528723035871703928e+01 -1.311261277833613725e+01 -3.722925081951860421e-02 1.085648268894239127e-01 4.053445337511481228e-02
2.229999999999996430e+00 -1.465827144063085175e-01 -4.528723035871703928e+01 -1.311261277833613725e+01 -3.722925081951860421e-02 1.085648268894239127e-01 4.053445337511481228e-02
2.239999999999996216e+00 -1.467933456909649992e-01 -4.528083781968246768e+01 -1.308473309996519163e+01 -3.273074632458577993e-02 1.100904252863810495e-01 4.116781775220069994e-02
2.239999999999996216e+00 -1.467933456909649992e-01 -4.528083781968246768e+01 -1.308473309996519163e+01 -3.273074632458577993e-02 1.100904252863810495e-01 4.116781775220069994e-02
2.249999999999996003e+00 -1.469564321390329220e-01 -4.527434510581945659e+01 -1.305677463116466974e+01 -2.833665182844142053e-02 1.116077373596233435e-01 4.179578433854015673e-02
2.249999999999996003e+00 -1.469564321390329220e-01 -4.527434510581945659e+01 -1.305677463116466974e+01 -2.833665182844142053e-02 1.116077373596233435e-01 4.179578433854015673e-02
2.259999999999995790e+00 -1.470708339599303416e-01 -4.526770529666465848e+01 -1.302874238288440623e+01 -2.405566824543878268e-02 1.131143775300738202e-01 4.241769781985921250e-02
2.259999999999995790e+00 -1.470708339599303416e-01 -4.526770529666465848e+01 -1.302874238288440623e+01 -2.405566824543878268e-02 1.131143775300738202e-01 4.241769781985921250e-02
2.269999999999995577e+00 -1.471354509177210390e-01 -4.526087284797192467e+01 -1.300064068477960610e+01 -1.989592788091091788e-02 1.146080991671451776e-01 4.303294525044237817e-02
2.269999999999995577e+00 -1.471354509177210390e-01 -4.526087284797192467e+01 -1.300064068477960610e+01 -1.989592788091091788e-02 1.146080991671451776e-01 4.303294525044237817e-02
2.279999999999995364e+00 -1.471492225928741904e-01 -4.525380363776236692e+01 -1.297247319096138085e+01 -1.586499197796965854e-02 1.160867964430364607e-01 4.364095624466964030e-02
2.279999999999995364e+00 -1.471492225928741904e-01 -4.525380363776236692e+01 -1.297247319096138085e+01 -1.586499197796965854e-02 1.160867964430364607e-01 4.364095624466964030e-02
2.289999999999995151e+00 -1.471111285942432179e-01 -4.524645500791142894e+01 -1.294424288725778993e+01 -1.196985012084724083e-02 1.175485055233913001e-01 4.424120302336388699e-02
2.289999999999995151e+00 -1.471111285942432179e-01 -4.524645500791142894e+01 -1.294424288725778993e+01 -1.196985012084724083e-02 1.175485055233913001e-01 4.424120302336388699e-02
2.299999999999994937e+00 -1.470201887228269333e-01 -4.523878580131085414e+01 -1.291595209996435401e+01 -8.216921392624398565e-03 1.189914051241757476e-01 4.483320032599116822e-02
2.299999999999994937e+00 -1.470201887228269333e-01 -4.523878580131085414e+01 -1.291595209996435401e+01 -8.216921392624398565e-03 1.189914051241757476e-01 4.483320032599116822e-02
2.309999999999994724e+00 -1.468754630886993096e-01 -4.523075639465280773e+01 -1.288760250605635527e+01 -4.612057186133125541e-03 1.204138164656494980e-01 4.541650519887759085e-02
2.309999999999994724e+00 -1.468754630886993096e-01 -4.523075639465280773e+01 -1.288760250605635527e+01 -4.612057186133125541e-03 1.204138164656494980e-01 4.541650519887759085e-02
2.319999999999994511e+00 -1.466760521827575048e-01 -4.522232872689217942e+01 -1.285919514482768378e+01 -1.160545569372261818e-03 1.218142026553686030e-01 4.599071666912815659e-02
2.319999999999994511e+00 -1.466760521827575048e-01 -4.522232872689217942e+01 -1.285919514482768378e+01 -1.160545569372261818e-03 1.218142026553686030e-01 4.599071666912815659e-02
2.329999999999994298e+00 -1.464210969046162714e-01 -4.521346632345174044e+01 -1.283073043091515153e+01 2.132882891719350277e-03 1.231911675329201150e-01 4.655547531325476829e-02
2.329999999999994298e+00 -1.464210969046162714e-01 -4.521346632345174044e+01 -1.283073043091515153e+01 2.132882891719350277e-03 1.231911675329201150e-01 4.655547531325476829e-02
2.339999999999994085e+00 -1.461097785481759448e-01 -4.520413431624322698e+01 -1.280220816866099121e+01 5.264047947554873971e-03 1.245434540096487241e-01 4.711046272888999575e-02
2.339999999999994085e+00 -1.461097785481759448e-01 -4.520413431624322698e+01 -1.280220816866099121e+01 5.264047947554873971e-03 1.245434540096487241e-01 4.711046272888999575e-02
2.349999999999993872e+00 -1.457413187462554827e-01 -4.519429945958584227e+01 -1.277362756775999308e+01 8.229311208360399685e-03 1.258699419371207551e-01 4.765540091740723405e-02
2.349999999999993872e+00 -1.457413187462554827e-01 -4.519429945958584227e+01 -1.277362756775999308e+01 8.229311208360399685e-03 1.258699419371207551e-01 4.765540091740723405e-02
2.359999999999993658e+00 -1.453149793757374797e-01 -4.518393014211112302e+01 -1.274498726013284333e+01 1.102556650622855093e-02 1.271696455382403390e-01 4.819005158470009154e-02
2.359999999999993658e+00 -1.453149793757374797e-01 -4.518393014211112302e+01 -1.274498726013284333e+01 1.102556650622855093e-02 1.271696455382403390e-01 4.819005158470009154e-02
2.369999999999993445e+00 -1.448300624245626167e-01 -4.517299639475077555e+01 -1.271628531796270600e+01 1.365022916284707941e-02 1.284417104351406047e-01 4.871421536691597498e-02
2.369999999999993445e+00 -1.448300624245626167e-01 -4.517299639475077555e+01 -1.271628531796270600e+01 1.365022916284707941e-02 1.284417104351406047e-01 4.871421536691597498e-02
2.379999999999993232e+00 -1.442859098220083958e-01 -4.516146989491085861e+01 -1.268751927282692904e+01 1.610122424682527975e-02 1.296854103077619558e-01 4.922773098731726693e-02
2.379999999999993232e+00 -1.442859098220083958e-01 -4.516146989491085861e+01 -1.268751927282692904e+01 1.610122424682527975e-02 1.296854103077619558e-01 4.922773098731726693e-02
2.389999999999993019e+00 -1.436819032335646118e-01 -4.514932396694294425e+01 -1.265868613585229063e+01 1.837697390219489996e-02 1.309001432169951684e-01 4.973047435024020857e-02
2.389999999999993019e+00 -1.436819032335646118e-01 -4.514932396694294425e+01 -1.265868613585229063e+01 1.837697390219489996e-02 1.309001432169951684e-01 4.973047435024020857e-02
2.399999999999992806e+00 -1.430174638216969163e-01 -4.513653357902751395e+01 -1.262978241881913277e+01 2.047638382692408901e-02 1.320854276257689697e-01 5.022235757743505336e-02
2.399999999999992806e+00 -1.430174638216969163e-01 -4.513653357902751395e+01 -1.262978241881913277e+01 2.047638382692408901e-02 1.320854276257689697e-01 5.022235757743505336e-02
2.409999999999992593e+00 -1.422920519738717915e-01 -4.512307533659240022e+01 -1.260080415613617788e+01 2.239882897750593987e-02 1.332408981511165880e-01 5.070332799196745899e-02
2.409999999999992593e+00 -1.422920519738717915e-01 -4.512307533659240022e+01 -1.260080415613617788e+01 2.239882897750593987e-02 1.332408981511165880e-01 5.070332799196745899e-02
2.419999999999992379e+00 -1.415051669990965155e-01 -4.510892747239218892e+01 -1.257174692760579404e+01 2.414413857309867517e-02 1.343663010795729529e-01 5.117336705436204003e-02
2.419999999999992379e+00 -1.415051669990965155e-01 -4.510892747239218892e+01 -1.257174692760579404e+01 2.414413857309867517e-02 1.343663010795729529e-01 5.117336705436204003e-02
2.429999999999992166e+00 -1.406563467941482348e-01 -4.509406983338076458e+01 -1.254260588189789161e+01 2.571258047036059646e-02 1.354614896776301092e-01 5.163248925548551138e-02
2.429999999999992166e+00 -1.406563467941482348e-01 -4.509406983338076458e+01 -1.254260588189789161e+01 2.571258047036059646e-02 1.354614896776301092e-01 5.163248925548551138e-02
2.439999999999991953e+00 -1.397451674808473931e-01 -4.507848386451180289e+01 -1.251337576064864265e+01 2.710484497732307263e-02 1.365264193281152116e-01 5.208074097035247929e-02
2.439999999999991953e+00 -1.397451674808473931e-01 -4.507848386451180289e+01 -1.251337576064864265e+01 2.710484497732307263e-02 1.365264193281152116e-01 5.208074097035247929e-02
2.449999999999991740e+00 -1.387712430154444676e-01 -4.506215258960642700e+01 -1.248405092309982933e+01 2.832202817245860205e-02 1.375611425225155282e-01 5.251819927688056167e-02
2.449999999999991740e+00 -1.387712430154444676e-01 -4.506215258960642700e+01 -1.248405092309982933e+01 2.832202817245860205e-02 1.375611425225155282e-01 5.251819927688056167e-02
2.459999999999991527e+00 -1.377342247713793377e-01 -4.504506058942978086e+01 -1.245462537119412794e+01 2.936561479279026221e-02 1.385658037382264396e-01 5.294497074337246867e-02
2.459999999999991527e+00 -1.377342247713793377e-01 -4.504506058942978086e+01 -1.245462537119412794e+01 2.936561479279026221e-02 1.385658037382264396e-01 5.294497074337246867e-02
2.469999999999991314e+00 -1.366338010964945060e-01 -4.502719397712063198e+01 -1.242509277504152010e+01 3.023746075245294096e-02 1.395406342287164592e-01 5.336119018841532780e-02
2.469999999999991314e+00 -1.366338010964945060e-01 -4.502719397712063198e+01 -1.242509277504152010e+01 3.023746075245294096e-02 1.395406342287164592e-01 5.336119018841532780e-02
2.479999999999991100e+00 -1.354696968458204698e-01 -4.500854037112038242e+01 -1.239544649867283965e+01 3.093977535119114136e-02 1.404859467534376738e-01 5.376701941670872231e-02
2.479999999999991100e+00 -1.354696968458204698e-01 -4.500854037112038242e+01 -1.239544649867283965e+01 3.093977535119114136e-02 1.404859467534376738e-01 5.376701941670872231e-02
2.489999999999990887e+00 -1.342416728910466595e-01 -4.498908886574862720e+01 -1.236567962599701964e+01 3.147510323000808630e-02 1.414021302730706642e-01 5.416264593421882267e-02
2.489999999999990887e+00 -1.342416728910466595e-01 -4.498908886574862720e+01 -1.236567962599701964e+01 3.147510323000808630e-02 1.414021302730706642e-01 5.416264593421882267e-02
2.499999999999990674e+00 -1.329495256076869414e-01 -4.496882999957394134e+01 -1.233578498688047276e+01 3.184630612929813948e-02 1.422896446346041399e-01 5.454828164604180740e-02
2.499999999999990674e+00 -1.329495256076869414e-01 -4.496882999957394134e+01 -1.233578498688047276e+01 3.184630612929813948e-02 1.422896446346041399e-01 5.454828164604180740e-02
2.509999999999990461e+00 -1.315930863409742746e-01 -4.494775572172841294e+01 -1.230575518326810247e+01 3.205654450269978389e-02 1.431490152693041806e-01 5.492416154018538166e-02
2.509999999999990461e+00 -1.315930863409742746e-01 -4.494775572172841294e+01 -1.230575518326810247e+01 3.205654450269978389e-02 1.431490152693041806e-01 5.492416154018538166e-02
2.519999999999990248e+00 -1.301722208514929924e-01 -4.492585935631456806e+01 -1.227558261526806582e+01 3.210925903819307481e-02 1.439808279253914913e-01 5.529054236049134319e-02
2.519999999999990248e+00 -1.301722208514929924e-01 -4.492585935631456806e+01 -1.227558261526806582e+01 3.210925903819307481e-02 1.439808279253914913e-01 5.529054236049134319e-02
2.529999999999990035e+00 -1.286868287414875967e-01 -4.490313556505304859e+01 -1.224525950712434508e+01 3.200815213586588603e-02 1.447857234559325190e-01 5.564770127186186022e-02
2.529999999999990035e+00 -1.286868287414875967e-01 -4.490313556505304859e+01 -1.224525950712434508e+01 3.200815213586588603e-02 1.447857234559325190e-01 5.564770127186186022e-02
2.539999999999989821e+00 -1.271368428628411873e-01 -4.487958030831780576e+01 -1.221477793300435088e+01 3.175716939041112186e-02 1.455643926809928046e-01 5.599593452085976919e-02
2.539999999999989821e+00 -1.271368428628411873e-01 -4.487958030831780576e+01 -1.221477793300435088e+01 3.175716939041112186e-02 1.455643926809928046e-01 5.599593452085976919e-02
2.549999999999989608e+00 -1.255222287075589416e-01 -4.485519080470506026e+01 -1.218412984253090237e+01 3.136048112398648335e-02 1.463175713418095603e-01 5.633555609483123505e-02
2.549999999999989608e+00 -1.255222287075589416e-01 -4.485519080470506026e+01 -1.218412984253090237e+01 3.136048112398648335e-02 1.463175713418095603e-01 5.633555609483123505e-02
2.559999999999989395e+00 -1.238429837817320717e-01 -4.482996548927974345e+01 -1.215330708599207021e+01 3.082246401412822023e-02 1.470460351632763563e-01 5.666689638248138816e-02
2.559999999999989395e+00 -1.238429837817320717e-01 -4.482996548927974345e+01 -1.215330708599207021e+01 3.082246401412822023e-02 1.470460351632763563e-01 5.666689638248138816e-02
2.569999999999989182e+00 -1.220991369638163293e-01 -4.480390397064168440e+01 -1.212230143916486114e+01 3.014768285899233416e-02 1.477505950397330348e-01 5.699030083903235122e-02
2.569999999999989182e+00 -1.220991369638163293e-01 -4.480390397064168440e+01 -1.212230143916486114e+01 3.014768285899233416e-02 1.477505950397330348e-01 5.699030083903235122e-02
2.579999999999988969e+00 -1.202907478480545189e-01 -4.477700698695104364e+01 -1.209110462769259442e+01 2.934087252089875864e-02 1.484320923576093743e-01 5.730612865883756568e-02
2.579999999999988969e+00 -1.202907478480545189e-01 -4.477700698695104364e+01 -1.209110462769259442e+01 2.934087252089875864e-02 1.484320923576093743e-01 5.730612865883756568e-02
2.589999999999988756e+00 -1.184179060739614792e-01 -4.474927636104983009e+01 -1.205970835095945048e+01 2.840692008730645590e-02 1.490913944670870517e-01 5.761475145841542245e-02
2.589999999999988756e+00 -1.184179060739614792e-01 -4.474927636104983009e+01 -1.205970835095945048e+01 2.840692008730645590e-02 1.490913944670870517e-01 5.761475145841542245e-02
2.599999999999988542e+00 -1.164807306425562072e-01 -4.472071495481358738e+01 -1.202810430540959707e+01 2.735084728672685858e-02 1.497293903136982518e-01 5.791655197279321765e-02
2.599999999999988542e+00 -1.164807306425562072e-01 -4.472071495481358738e+01 -1.202810430540959707e+01 2.735084728672685858e-02 1.497293903136982518e-01 5.791655197279321765e-02
2.609999999999988329e+00 -1.144793692203239927e-01 -4.469132662286379798e+01 -1.199628420726138955e+01 2.617779319518750286e-02 1.503469862393167489e-01 5.821192276795066067e-02
2.609999999999988329e+00 -1.144793692203239927e-01 -4.469132662286379798e+01 -1.199628420726138955e+01 2.617779319518750286e-02 1.503469862393167489e-01 5.821192276795066067e-02
2.619999999999988116e+00 -1.124139974315267604e-01 -4.466111616576850452e+01 -1.196423981457208185e+01 2.489299726735242843e-02 1.509451019608167577e-01 5.850126497218485766e-02
2.619999999999988116e+00 -1.124139974315267604e-01 -4.466111616576850452e+01 -1.196423981457208185e+01 2.489299726735242843e-02 1.509451019608167577e-01 5.850126497218485766e-02
2.629999999999987903e+00 -1.102848181397831501e-01 -4.463008928285434251e+01 -1.193196294861155060e+01 2.350178272446992733e-02 1.515246667333126074e-01 5.878498702902279494e-02
2.629999999999987903e+00 -1.102848181397831501e-01 -4.463008928285434251e+01 -1.193196294861155060e+01 2.350178272446992733e-02 1.515246667333126074e-01 5.878498702902279494e-02
2.639999999999987690e+00 -1.080920607196066002e-01 -4.459825252475041424e+01 -1.189944551450768628e+01 2.200954032963616316e-02 1.520866157037559785e-01 5.906350347436395420e-02
2.639999999999987690e+00 -1.080920607196066002e-01 -4.459825252475041424e+01 -1.189944551450768628e+01 2.200954032963616316e-02 1.520866157037559785e-01 5.906350347436395420e-02
2.649999999999987477e+00 -1.058359803187722686e-01 -4.456561324577925376e+01 -1.186667952113026914e+01 2.042171257910426266e-02 1.526318864593750046e-01 5.933723374030092090e-02
2.649999999999987477e+00 -1.058359803187722686e-01 -4.456561324577925376e+01 -1.186667952113026914e+01 2.042171257910426266e-02 1.526318864593750046e-01 5.933723374030092090e-02
2.659999999999987264e+00 -1.035168571121531100e-01 -4.453217955630703528e+01 -1.183365710018354378e+01 1.874377833641337893e-02 1.531614157744104199e-01 5.960660098812847751e-02
2.659999999999987264e+00 -1.035168571121531100e-01 -4.453217955630703528e+01 -1.183365710018354378e+01 1.874377833641337893e-02 1.531614157744104199e-01 5.960660098812847751e-02
2.669999999999987050e+00 -1.011349955479611817e-01 -4.449796027516050856e+01 -1.180037052448171053e+01 1.698123793435593262e-02 1.536761365573998117e-01 5.987203097278100128e-02
2.669999999999987050e+00 -1.011349955479611817e-01 -4.449796027516050856e+01 -1.180037052448171053e+01 1.698123793435593262e-02 1.536761365573998117e-01 5.987203097278100128e-02
2.679999999999986837e+00 -9.869072358699856884e-02 -4.446296488221380372e+01 -1.176681222538532268e+01 1.513959876790774844e-02 1.541769750002842665e-01 6.013395094092995052e-02
2.679999999999986837e+00 -9.869072358699856884e-02 -4.446296488221380372e+01 -1.176681222538532268e+01 1.513959876790774844e-02 1.541769750002842665e-01 6.013395094092995052e-02
2.689999999999986624e+00 -9.618439193582345448e-02 -4.442720347124428315e+01 -1.173297480938014026e+01 1.322436139943485023e-02 1.546648479295972545e-01 6.039278856479848856e-02
2.689999999999986624e+00 -9.618439193582345448e-02 -4.442720347124428315e+01 -1.173297480938014026e+01 1.322436139943485023e-02 1.546648479295972545e-01 6.039278856479848856e-02
2.699999999999986411e+00 -9.361637327455954449e-02 -4.439068670315181464e+01 -1.169885107378330424e+01 1.124100619530803494e-02 1.551406603590361200e-01 6.064897091363244397e-02
2.699999999999986411e+00 -9.361637327455954449e-02 -4.439068670315181464e+01 -1.169885107378330424e+01 1.124100619530803494e-02 1.551406603590361200e-01 6.064897091363244397e-02
2.709999999999986198e+00 -9.098706148011372064e-02 -4.435342575963159817e+01 -1.166443402156540188e+01 9.194980511433449577e-03 1.556053032418656668e-01 6.090292346458091310e-02
2.709999999999986198e+00 -9.098706148011372064e-02 -4.435342575963159817e+01 -1.166443402156540188e+01 9.194980511433449577e-03 1.556053032418656668e-01 6.090292346458091310e-02
2.719999999999985985e+00 -8.829687084562803934e-02 -4.431543229738625200e+01 -1.162971687528007791e+01 7.091686443115932659e-03 1.560596514207584773e-01 6.115506915465604432e-02
2.719999999999985985e+00 -8.829687084562803934e-02 -4.431543229738625200e+01 -1.162971687528007791e+01 7.091686443115932659e-03 1.560596514207584773e-01 6.115506915465604432e-02
2.729999999999985771e+00 -8.554623529694985185e-02 -4.427671840295842287e+01 -1.159469309009582361e+01 4.936469152516411579e-03 1.565045617719035831e-01 6.140582747521983187e-02
2.729999999999985771e+00 -8.554623529694985185e-02 -4.427671840295842287e+01 -1.159469309009582361e+01 4.936469152516411579e-03 1.565045617719035831e-01 6.140582747521983187e-02
2.739999999999985558e+00 -8.273560760692647009e-02 -4.423729654826053093e+01 -1.155935636592795568e+01 2.734605785455868077e-03 1.569408715395149423e-01 6.165561361029833765e-02
2.739999999999985558e+00 -8.273560760692647009e-02 -4.423729654826053093e+01 -1.155935636592795568e+01 2.734605785455868077e-03 1.569408715395149423e-01 6.165561361029833765e-02
2.749999999999985345e+00 -7.986545860832061638e-02 -4.419717954687418171e+01 -1.152370065867137683e+01 4.912949869365426658e-04 1.573693968562285550e-01 6.190483761989482026e-02
2.749999999999985345e+00 -7.986545860832061638e-02 -4.419717954687418171e+01 -1.152370065867137683e+01 4.912949869365426658e-04 1.573693968562285550e-01 6.190483761989482026e-02
2.759999999999985132e+00 -7.693627640620920305e-02 -4.415638051118700247e+01 -1.148772019053705939e+01 -1.788352977149017947e-03 1.577909314442621502e-01 6.215390366922923793e-02
2.759999999999985132e+00 -7.693627640620920305e-02 -4.415638051118700247e+01 -1.148772019053705939e+01 -1.788352977149017947e-03 1.577909314442621502e-01 6.215390366922923793e-02
2.769999999999984919e+00 -7.394856559062983059e-02 -4.411491281043080903e+01 -1.145140945949855649e+01 -4.099325486292219184e-03 1.582062454917132488e-01 6.240320930473573779e-02
2.769999999999984919e+00 -7.394856559062983059e-02 -4.411491281043080903e+01 -1.145140945949855649e+01 -4.099325486292219184e-03 1.582062454917132488e-01 6.240320930473573779e-02
2.779999999999984706e+00 -7.090284645037510380e-02 -4.407279002968001436e+01 -1.141476324785640095e+01 -6.436716216075034913e-03 1.586160846978582062e-01 6.265314477738008481e-02
2.779999999999984706e+00 -7.090284645037510380e-02 -4.407279002968001436e+01 -1.141476324785640095e+01 -6.436716216075034913e-03 1.586160846978582062e-01 6.265314477738008481e-02
2.789999999999984492e+00 -6.779965418871689020e-02 -4.403002592986583608e+01 -1.137777662993081051e+01 -8.795733171516689763e-03 1.590211694809343101e-01 6.290409241383367045e-02
2.789999999999984492e+00 -6.779965418871689020e-02 -4.403002592986583608e+01 -1.137777662993081051e+01 -8.795733171516689763e-03 1.590211694809343101e-01 6.290409241383367045e-02
2.799999999999984279e+00 -6.463953814195078085e-02 -4.398663440885678000e+01 -1.134044497889519931e+01 -1.117170610307817447e-02 1.594221943415198850e-01 6.315642603566855307e-02
2.799999999999984279e+00 -6.463953814195078085e-02 -4.398663440885678000e+01 -1.134044497889519931e+01 -1.117170610307817447e-02 1.594221943415198850e-01 6.315642603566855307e-02
2.809999999999984066e+00 -6.142306100157934184e-02 -4.394262946365248013e+01 -1.130276397276485767e+01 -1.356009330718976544e-02 1.598198273743004494e-01 6.341051042672787852e-02
2.809999999999984066e+00 -6.142306100157934184e-02 -4.394262946365248013e+01 -1.130276397276485767e+01 -1.356009330718976544e-02 1.598198273743004494e-01 6.341051042672787852e-02
2.819999999999983853e+00 -5.815079804098335220e-02 -4.389802515373357750e+01 -1.126472959955669495e+01 -1.595648781505106667e-02 1.602147099207930914e-01 6.366670084861941747e-02
2.819999999999983853e+00 -5.815079804098335220e-02 -4.389802515373357750e+01 -1.126472959955669495e+01 -1.595648781505106667e-02 1.602147099207930914e-01 6.366670084861941747e-02
2.829999999999983640e+00 -5.482333634746123369e-02 -4.385283556560639795e+01 -1.122633816163804710e+01 -1.835662297498035986e-02 1.606074563553574475e-01 6.392534260402232826e-02
2.829999999999983640e+00 -5.482333634746123369e-02 -4.385283556560639795e+01 -1.122633816163804710e+01 -1.835662297498035986e-02 1.606074563553574475e-01 6.392534260402232826e-02
2.839999999999983427e+00 -5.144127406047228207e-02 -4.380707477857768595e+01 -1.118758627928327520e+01 -2.075637743539947636e-02 1.609986539967354913e-01 6.418677064749228611e-02
2.839999999999983427e+00 -5.144127406047228207e-02 -4.380707477857768595e+01 -1.118758627928327520e+01 -2.075637743539947636e-02 1.609986539967354913e-01 6.418677064749228611e-02
2.849999999999983213e+00 -4.800521961687210376e-02 -4.376075683179019649e+01 -1.114847089345895981e+01 -2.315177953708704925e-02 1.613888631372036586e-01 6.445130924316713750e-02
2.849999999999983213e+00 -4.800521961687210376e-02 -4.376075683179019649e+01 -1.114847089345895981e+01 -2.315177953708704925e-02 1.613888631372036586e-01 6.445130924316713750e-02
2.859999999999983000e+00 -4.451579100409299578e-02 -4.371389569254700547e+01 -1.110898926785913865e+01 -2.553901112476942084e-02 1.617786171813807572e-01 6.471927166867325054e-02
2.859999999999983000e+00 -4.451579100409299578e-02 -4.371389569254700547e+01 -1.110898926785913865e+01 -2.553901112476942084e-02 1.617786171813807572e-01 6.471927166867325054e-02
2.869999999999982787e+00 -4.097361502198902661e-02 -4.366650522594841988e+01 -1.106913899021317960e+01 -2.791441078975420015e-02 1.621684228867655564e-01 6.499095996443923773e-02
2.869999999999982787e+00 -4.097361502198902661e-02 -4.366650522594841988e+01 -1.106913899021317960e+01 -2.791441078975420015e-02 1.621684228867655564e-01 6.499095996443923773e-02
2.879999999999982574e+00 -3.737932655425684619e-02 -4.361859916586164587e+01 -1.102891797289014342e+01 -3.027447655637039922e-02 1.625587606980031796e-01 6.526666472737244207e-02
2.879999999999982574e+00 -3.737932655425684619e-02 -4.361859916586164587e+01 -1.102891797289014342e+01 -3.027447655637039922e-02 1.625587606980031796e-01 6.526666472737244207e-02
2.889999999999982361e+00 -3.373356785013523207e-02 -4.357019108724085754e+01 -1.098832445282370252e+01 -3.261586802669160651e-02 1.629500851671042971e-01 6.554666494790085951e-02
2.889999999999982361e+00 -3.373356785013523207e-02 -4.357019108724085754e+01 -1.098832445282370252e+01 -3.261586802669160651e-02 1.629500851671042971e-01 6.554666494790085951e-02
2.899999999999982148e+00 -3.003698781729263051e-02 -4.352129437981081139e+01 -1.094735699078295532e+01 -3.493540799866431956e-02 1.633428254517639844e-01 6.583122788905940159e-02
2.899999999999982148e+00 -3.003698781729263051e-02 -4.352129437981081139e+01 -1.094735699078295532e+01 -3.493540799866431956e-02 1.633428254517639844e-01 6.583122788905940159e-02
2.909999999999981934e+00 -2.629024132655470580e-02 -4.347192222312499155e+01 -1.090601447001475854e+01 -3.723008357424713310e-02 1.637373858842200436e-01 6.612060900640592820e-02
2.909999999999981934e+00 -2.629024132655470580e-02 -4.347192222312499155e+01 -1.090601447001475854e+01 -3.723008357424713310e-02 1.637373858842200436e-01 6.612060900640592820e-02
2.919999999999981721e+00 -2.249398852932758472e-02 -4.342208756300569661e+01 -1.086429609428351206e+01 -3.949704677524558394e-02 1.641341466031539242e-01 6.641505190730356833e-02
2.919999999999981721e+00 -2.249398852932758472e-02 -4.342208756300569661e+01 -1.086429609428351206e+01 -3.949704677524558394e-02 1.641341466031539242e-01 6.641505190730356833e-02
2.929999999999981508e+00 -1.864889418837817336e-02 -4.337180308937029594e+01 -1.082220138533530296e+01 -4.173361468481177894e-02 1.645334642413488757e-01 6.671478834803698521e-02
2.929999999999981508e+00 -1.864889418837817336e-02 -4.337180308937029594e+01 -1.082220138533530296e+01 -4.173361468481177894e-02 1.645334642413488757e-01 6.671478834803698521e-02
2.939999999999981295e+00 -1.475562702267669765e-02 -4.332108121544569457e+01 -1.077973017981278758e+01 -4.393726913424572667e-02 1.649356726621200031e-01 6.702003826727531699e-02
2.939999999999981295e+00 -1.475562702267669765e-02 -4.332108121544569457e+01 -1.077973017981278758e+01 -4.393726913424572667e-02 1.649356726621200031e-01 6.702003826727531699e-02
2.949999999999981082e+00 -1.081485906695760571e-02 -4.326993405836943651e+01 -1.073688262564821549e+01 -4.610565595469062750e-02 1.653410837376450004e-01 6.733100985417356243e-02
2.949999999999981082e+00 -1.081485906695760571e-02 -4.326993405836943651e+01 -1.073688262564821549e+01 -4.610565595469062750e-02 1.653410837376450004e-01 6.733100985417356243e-02
2.959999999999980869e+00 -6.827265046694752128e-03 -4.321837342117375869e+01 -1.069365917796160304e+01 -4.823658381437501141e-02 1.657499881626643412e-01 6.764789964938067168e-02
2.959999999999980869e+00 -6.827265046694752128e-03 -4.321837342117375869e+01 -1.069365917796160304e+01 -4.823658381437501141e-02 1.657499881626643412e-01 6.764789964938067168e-02
2.969999999999980655e+00 -2.793521769014544950e-03 -4.316641077614603716e+01 -1.065006059449108733e+01 -5.032802266237440536e-02 1.661626562973112231e-01 6.797089267731105944e-02
2.969999999999980655e+00 -2.793521769014544950e-03 -4.316641077614603716e+01 -1.065006059449108733e+01 -5.032802266237440536e-02 1.661626562973112231e-01 6.797089267731105944e-02
2.979999999999980442e+00 1.285692469833670405e-03 -4.311405724955684349e+01 -1.060608793058307597e+01 -5.237810180030871149e-02 1.665793390330526924e-01 6.830016260777102555e-02
2.979999999999980442e+00 1.285692469833670405e-03 -4.311405724955684349e+01 -1.060608793058307597e+01 -5.237810180030871149e-02 1.665793390330526924e-01 6.830016260777102555e-02
2.989999999999980229e+00 5.409698459980002982e-03 -4.306132360774405754e+01 -1.056174253376877026e+01 -5.438510760372326780e-02 1.670002686761002941e-01 6.863587194521822421e-02
2.989999999999980229e+00 5.409698459980002982e-03 -4.306132360774405754e+01 -1.056174253376877026e+01 -5.438510760372326780e-02 1.670002686761002941e-01 6.863587194521822421e-02
2.999999999999980016e+00 9.577816635862566874e-03 -4.300822024453962911e+01 -1.051702603795447111e+01 -5.634748091508098855e-02 1.674256598429127996e-01 6.897817224373690992e-02
2.999999999999980016e+00 9.577816635862566874e-03 -4.300822024453962911e+01 -1.051702603795447111e+01 -5.634748091508098855e-02 1.674256598429127996e-01 6.897817224373690992e-02
3.009999999999979803e+00 1.378936761621903269e-02 -4.295475717002307192e+01 -1.047194035725216743e+01 -5.826381413053711295e-02 1.678557103627894842e-01 6.932720434596456593e-02
3.009999999999979803e+00 1.378936761621903269e-02 -4.295475717002307192e+01 -1.047194035725216743e+01 -5.826381413053711295e-02 1.678557103627894842e-01 6.932720434596456593e-02
3.019999999999979590e+00 1.804367272567318145e-02 -4.290094400058396218e+01 -1.042648767947693145e+01 -6.013284800243463152e-02 1.682906021827798582e-01 6.968309864402807974e-02
3.019999999999979590e+00 1.804367272567318145e-02 -4.290094400058396218e+01 -1.042648767947693145e+01 -6.013284800243463152e-02 1.682906021827798582e-01 6.968309864402807974e-02
3.029999999999979376e+00 2.234005449763770343e-02 -4.284678995027354631e+01 -1.038067045933747323e+01 -6.195346817984352661e-02 1.687305022706317992e-01 7.004597536073935149e-02
3.029999999999979376e+00 2.234005449763770343e-02 -4.284678995027354631e+01 -1.038067045933747323e+01 -6.195346817984352661e-02 1.687305022706317992e-01 7.004597536073935149e-02
3.039999999999979163e+00 2.667783715821511747e-02 -4.279230382342365857e+01 -1.033449141134552995e+01 -6.372470150883290108e-02 1.691755635116282408e-01 7.041594484914667773e-02
3.039999999999979163e+00 2.667783715821511747e-02 -4.279230382342365857e+01 -1.033449141134552995e+01 -6.372470150883290108e-02 1.691755635116282408e-01 7.041594484914667773e-02
3.049999999999978950e+00 3.105634709082401995e-02 -4.273749400850975633e+01 -1.028795350246955209e+01 -6.544571211446692516e-02 1.696259255956630851e-01 7.079310790865862846e-02
3.049999999999978950e+00 3.105634709082401995e-02 -4.273749400850975633e+01 -1.028795350246955209e+01 -6.544571211446692516e-02 1.696259255956630851e-01 7.079310790865862846e-02
3.059999999999978737e+00 3.547491328140358474e-02 -4.268236847323259298e+01 -1.024105994455797308e+01 -6.711579728571626102e-02 1.700817158911704097e-01 7.117755611598995669e-02
3.059999999999978737e+00 3.547491328140358474e-02 -4.268236847323259298e+01 -1.024105994455797308e+01 -6.711579728571626102e-02 1.700817158911704097e-01 7.117755611598995669e-02
3.069999999999978524e+00 3.993286774398781963e-02 -4.262693476079206789e+01 -1.019381418655626703e+01 -6.873438318462457564e-02 1.705430503027819400e-01 7.156937216909234345e-02
3.069999999999978524e+00 3.993286774398781963e-02 -4.262693476079206789e+01 -1.019381418655626703e+01 -6.873438318462457564e-02 1.705430503027819400e-01 7.156937216909234345e-02
3.079999999999978311e+00 4.442954592668788699e-02 -4.257119998732499511e+01 -1.014621990654214301e+01 -7.030102040025239252e-02 1.710100341100634080e-01 7.196863024251362595e-02
3.079999999999978311e+00 4.442954592668788699e-02 -4.257119998732499511e+01 -1.014621990654214301e+01 -7.030102040025239252e-02 1.710100341100634080e-01 7.196863024251362595e-02
3.089999999999978098e+00 4.896428709784819699e-02 -4.251517084047716821e+01 -1.009828100360224390e+01 -7.181537936768186969e-02 1.714827627848059810e-01 7.237539635233558588e-02
3.089999999999978098e+00 4.896428709784819699e-02 -4.251517084047716821e+01 -1.009828100360224390e+01 -7.181537936768186969e-02 1.714827627848059810e-01 7.237539635233558588e-02
3.099999999999977884e+00 5.353643471257906600e-02 -4.245885357907894075e+01 -1.005000158957354195e+01 -7.327724567173683756e-02 1.719613227847898995e-01 7.278972872924355242e-02
3.099999999999977884e+00 5.353643471257906600e-02 -4.245885357907894075e+01 -1.005000158957354195e+01 -7.327724567173683756e-02 1.719613227847898995e-01 7.278972872924355242e-02
3.109999999999977671e+00 5.814533675962622189e-02 -4.240225403389231218e+01 -1.000138598067161944e+01 -7.468651525448971595e-02 1.724457923221969780e-01 7.321167819808410693e-02
3.109999999999977671e+00 5.814533675962622189e-02 -4.240225403389231218e+01 -1.000138598067161944e+01 -7.468651525448971595e-02 1.724457923221969780e-01 7.321167819808410693e-02
3.119999999999977458e+00 6.279034608870980028e-02 -4.234537760939652173e+01 -9.952438689027719221e+00 -7.604318954506225636e-02 1.729362421050576193e-01 7.364128856242060928e-02
3.119999999999977458e+00 6.279034608870980028e-02 -4.234537760939652173e+01 -9.952438689027719221e+00 -7.604318954506225636e-02 1.729362421050576193e-01 7.364128856242060928e-02
3.129999999999977245e+00 6.747082071855804719e-02 -4.228822928657782398e+01 -9.903164414155872564e+00 -7.734737052937781798e-02 1.734327360505211746e-01 7.407859699267552167e-02
3.129999999999977245e+00 6.747082071855804719e-02 -4.228822928657782398e+01 -9.903164414155872564e+00 -7.734737052937781798e-02 1.734327360505211746e-01 7.407859699267552167e-02
3.139999999999977032e+00 7.218612412575881043e-02 -4.223081362668875727e+01 -9.853568034370512763e+00 -7.859925577712333078e-02 1.739353319688701771e-01 7.452363441646298048e-02
3.139999999999977032e+00 7.218612412575881043e-02 -4.223081362668875727e+01 -9.853568034370512763e+00 -7.859925577712333078e-02 1.739353319688701771e-01 7.452363441646298048e-02
3.149999999999976819e+00 7.693562551483495993e-02 -4.217313477594102267e+01 -9.803654598174432522e+00 -7.979913344209095538e-02 1.744440822175341022e-01 7.497642590983144562e-02
3.149999999999976819e+00 7.693562551483495993e-02 -4.217313477594102267e+01 -9.803654598174432522e+00 -7.979913344209095538e-02 1.744440822175341022e-01 7.497642590983144562e-02
3.159999999999976605e+00 8.171870006969429723e-02 -4.211519647109545872e+01 -9.753429315636381602e+00 -8.094737725155007335e-02 1.749590343245389090e-01 7.543699108813856080e-02
3.159999999999976605e+00 8.171870006969429723e-02 -4.211519647109545872e+01 -9.753429315636381602e+00 -8.094737725155007335e-02 1.749590343245389090e-01 7.543699108813856080e-02
3.169999999999976392e+00 8.653472918700717831e-02 -4.205700204591222757e+01 -9.702897549776839270e+00 -8.204444149940923192e-02 1.754802315810631841e-01 7.590534449543392959e-02
3.169999999999976392e+00 8.653472918700717831e-02 -4.205700204591222757e+01 -9.702897549776839270e+00 -8.204444149940923192e-02 1.754802315810631841e-01 7.590534449543392959e-02
3.179999999999976179e+00 9.138310069175206718e-02 -4.199855443842336911e+01 -9.652064807979691352e+00 -8.309085605716830247e-02 1.760077136030167577e-01 7.638149599123886246e-02
3.179999999999976179e+00 9.138310069175206718e-02 -4.199855443842336911e+01 -9.652064807979691352e+00 -8.309085605716830247e-02 1.760077136030167577e-01 7.638149599123886246e-02
3.189999999999975966e+00 9.626320903552219865e-02 -4.193985619899008555e+01 -9.600936733446879146e+00 -8.408722141579130782e-02 1.765415168616585595e-01 7.686545113368120630e-02
3.189999999999975966e+00 9.626320903552219865e-02 -4.193985619899008555e+01 -9.600936733446879146e+00 -8.408722141579130782e-02 1.765415168616585595e-01 7.686545113368120630e-02
3.199999999999975753e+00 1.011744554780037025e-01 -4.188090949910578331e+01 -9.549519096712650423e+00 -8.503420377087803073e-02 1.770816751835372904e-01 7.735721155806254967e-02
3.199999999999975753e+00 1.011744554780037025e-01 -4.188090949910578331e+01 -9.549519096712650423e+00 -8.503420377087803073e-02 1.770816751835372904e-01 7.735721155806254967e-02
3.209999999999975540e+00 1.061162482521771505e-01 -4.182171614090706413e+01 -9.497817787232815334e+00 -8.593253016259755350e-02 1.776282202201197036e-01 7.785677534993681870e-02
3.209999999999975540e+00 1.061162482521771505e-01 -4.182171614090706413e+01 -9.497817787232815334e+00 -8.593253016259755350e-02 1.776282202201197036e-01 7.785677534993681870e-02
3.219999999999975326e+00 1.110880027138924919e-01 -4.176227756735313790e+01 -9.445838805064028065e+00 -8.678298368113332439e-02 1.781811818877409026e-01 7.836413741195621951e-02
3.219999999999975326e+00 1.110880027138924919e-01 -4.176227756735313790e+01 -9.445838805064028065e+00 -8.678298368113332439e-02 1.781811818877409026e-01 7.836413741195621951e-02
3.229999999999975113e+00 1.160891414762967033e-01 -4.170259487303526669e+01 -9.393588252647354864e+00 -8.758639874748924692e-02 1.787405887784392355e-01 7.887928982363914820e-02
3.229999999999975113e+00 1.160891414762967033e-01 -4.170259487303526669e+01 -9.393588252647354864e+00 -8.758639874748924692e-02 1.787405887784392355e-01 7.887928982363914820e-02
3.239999999999974900e+00 1.211190945298935145e-01 -4.164266881557703215e+01 -9.341072326709573659e+00 -8.834365647866251892e-02 1.793064685426068450e-01 7.940222219351422694e-02
3.239999999999974900e+00 1.211190945298935145e-01 -4.164266881557703215e+01 -9.341072326709573659e+00 -8.834365647866251892e-02 1.793064685426068450e-01 7.940222219351422694e-02
3.249999999999974687e+00 1.261772993488131656e-01 -4.158249982758699304e+01 -9.288297310294717946e+00 -8.905568014553269518e-02 1.798788482442636449e-01 7.993292200291265970e-02
3.249999999999974687e+00 1.261772993488131656e-01 -4.158249982758699304e+01 -9.288297310294717946e+00 -8.905568014553269518e-02 1.798788482442636449e-01 7.993292200291265970e-02
3.259999999999974474e+00 1.312632009840382918e-01 -4.152208802912453933e+01 -9.235269564938326070e+00 -8.972343073082209020e-02 1.804577546899991947e-01 8.047137494095862875e-02
3.259999999999974474e+00 1.312632009840382918e-01 -4.152208802912453933e+01 -9.235269564938326070e+00 -8.972343073082209020e-02 1.804577546899991947e-01 8.047137494095862875e-02
3.269999999999974261e+00 1.363762521443033782e-01 -4.146143324064096447e+01 -9.181995522995055836e+00 -9.034790259393643552e-02 1.810432147326580532e-01 8.101756523022712875e-02
3.269999999999974261e+00 1.363762521443033782e-01 -4.146143324064096447e+01 -9.181995522995055836e+00 -9.034790259393643552e-02 1.810432147326580532e-01 8.101756523022712875e-02
3.279999999999974047e+00 1.415159132654121021e-01 -4.140053499635746448e+01 -9.128481680130644094e+00 -9.093011924854843553e-02 1.816352555508916056e-01 8.157147594269664737e-02
3.279999999999974047e+00 1.415159132654121021e-01 -4.140053499635746448e+01 -9.128481680130644094e+00 -9.093011924854843553e-02 1.816352555508916056e-01 8.157147594269664737e-02
3.289999999999973834e+00 1.466816525687615336e-01 -4.133939255804189372e+01 -9.074734587987824952e+00 -9.147112925817063589e-02 1.822339049057730143e-01 8.213308930557608467e-02
3.289999999999973834e+00 1.466816525687615336e-01 -4.133939255804189372e+01 -9.074734587987824952e+00 -9.147112925817063589e-02 1.822339049057730143e-01 8.213308930557608467e-02
3.299999999999973621e+00 1.518729461098313749e-01 -4.127800492914749952e+01 -9.020760847035271368e+00 -9.197200225425515574e-02 1.828391913757177467e-01 8.270238699679954841e-02
3.299999999999973621e+00 1.518729461098313749e-01 -4.127800492914749952e+01 -9.020760847035271368e+00 -9.197200225425515574e-02 1.828391913757177467e-01 8.270238699679954841e-02
3.309999999999973408e+00 1.570892778174803606e-01 -4.121637086927636062e+01 -8.966567099607926750e+00 -9.243382508064769409e-02 1.834511445709492428e-01 8.327935042981290947e-02
3.309999999999973408e+00 1.570892778174803606e-01 -4.121637086927636062e+01 -8.966567099607926750e+00 -9.243382508064769409e-02 1.834511445709492428e-01 8.327935042981290947e-02
3.319999999999973195e+00 1.623301395247734868e-01 -4.115448890893106437e+01 -8.912160023146437737e+00 -9.285769806755067579e-02 1.840697953288120692e-01 8.386396102761528581e-02
3.319999999999973195e+00 1.623301395247734868e-01 -4.115448890893106437e+01 -8.912160023146437737e+00 -9.285769806755067579e-02 1.840697953288120692e-01 8.386396102761528581e-02
3.329999999999972982e+00 1.675950309922914216e-01 -4.109235736451933008e+01 -8.857546323642589314e+00 -9.324473143760178551e-02 1.846951758911972719e-01 8.445620048572588523e-02
3.329999999999972982e+00 1.675950309922914216e-01 -4.109235736451933008e+01 -8.857546323642589314e+00 -9.324473143760178551e-02 1.846951758911972719e-01 8.445620048572588523e-02
3.339999999999972768e+00 1.728834599246305281e-01 -4.102997435357606548e+01 -8.802732729297005676e+00 -9.359604184608390220e-02 1.853273200654064201e-01 8.505605102416177732e-02
3.339999999999972768e+00 1.728834599246305281e-01 -4.102997435357606548e+01 -8.802732729297005676e+00 -9.359604184608390220e-02 1.853273200654064201e-01 8.505605102416177732e-02
3.349999999999972555e+00 1.781949419809824298e-01 -4.096733781016864384e+01 -8.747725984394856269e+00 -9.391274905658555938e-02 1.859662633696653189e-01 8.566349562819225438e-02
3.349999999999972555e+00 1.781949419809824298e-01 -4.096733781016864384e+01 -8.747725984394856269e+00 -9.391274905658555938e-02 1.859662633696653189e-01 8.566349562819225438e-02
3.359999999999972342e+00 1.835290007806081869e-01 -4.090444550045187100e+01 -8.692532843404316978e+00 -9.419597275312199813e-02 1.866120431646249855e-01 8.627851827797822226e-02
3.359999999999972342e+00 1.835290007806081869e-01 -4.090444550045187100e+01 -8.692532843404316978e+00 -9.419597275312199813e-02 1.866120431646249855e-01 8.627851827797822226e-02
3.369999999999972129e+00 1.888851679040255693e-01 -4.084129503833958097e+01 -8.637160065302277090e+00 -9.444682948898519559e-02 1.872646987720292255e-01 8.690110416704421858e-02
3.369999999999972129e+00 1.888851679040255693e-01 -4.084129503833958097e+01 -8.637160065302277090e+00 -9.444682948898519559e-02 1.872646987720292255e-01 8.690110416704421858e-02
3.379999999999971916e+00 1.942629828907270206e-01 -4.077788390126116980e+01 -8.581614408130919358e+00 -9.466642977241855605e-02 1.879242715817445730e-01 8.753123990962854983e-02
3.379999999999971916e+00 1.942629828907270206e-01 -4.077788390126116980e+01 -8.581614408130919358e+00 -9.466642977241855605e-02 1.879242715817445730e-01 8.753123990962854983e-02
3.389999999999971703e+00 1.996619932342564852e-01 -4.071420944597183933e+01 -8.525902623788114809e+00 -9.485587528849825922e-02 1.885908051483783932e-01 8.816891373705490476e-02
3.389999999999971703e+00 1.996619932342564852e-01 -4.071420944597183933e+01 -8.525902623788114809e+00 -9.485587528849825922e-02 1.885908051483783932e-01 8.816891373705490476e-02
3.399999999999971489e+00 2.050817543754532846e-01 -4.065026892438621786e+01 -8.470031453054458481e+00 -9.501625625632853511e-02 1.892643452785521263e-01 8.881411568316527338e-02
3.399999999999971489e+00 2.050817543754532846e-01 -4.065026892438621786e+01 -8.470031453054458481e+00 -9.501625625632853511e-02 1.892643452785521263e-01 8.881411568316527338e-02
3.409999999999971276e+00 2.105218296945792211e-01 -4.058605949940653090e+01 -8.414007620858507508e+00 -9.514864892041294264e-02 1.899449401098559087e-01 8.946683775893188306e-02
3.409999999999971276e+00 2.105218296945792211e-01 -4.058605949940653090e+01 -8.414007620858507508e+00 -9.514864892041294264e-02 1.899449401098559087e-01 8.946683775893188306e-02
3.419999999999971063e+00 2.159817905032359042e-01 -4.052157826071672275e+01 -8.357837831781745663e+00 -9.525411317446356996e-02 1.906326401826586303e-01 9.012707411654924394e-02
3.419999999999971063e+00 2.159817905032359042e-01 -4.052157826071672275e+01 -8.357837831781745663e+00 -9.525411317446356996e-02 1.906326401826586303e-01 9.012707411654924394e-02
3.429999999999970850e+00 2.214612160366773996e-01 -4.045682224051541453e+01 -8.301528765804187415e+00 -9.533369031584008890e-02 1.913274985055435917e-01 9.079482120295148673e-02
3.429999999999970850e+00 2.214612160366773996e-01 -4.045682224051541453e+01 -8.301528765804187415e+00 -9.533369031584008890e-02 1.913274985055435917e-01 9.079482120295148673e-02
3.439999999999970637e+00 2.269596934473424310e-01 -4.039178842916156498e+01 -8.245087074290783136e+00 -9.538840092845790597e-02 1.920295706153555826e-01 9.147007790314976017e-02
3.439999999999970637e+00 2.269596934473424310e-01 -4.039178842916156498e+01 -8.245087074290783136e+00 -9.538840092845790597e-02 1.920295706153555826e-01 9.147007790314976017e-02
3.449999999999970424e+00 2.324768178003344121e-01 -4.032647379070750304e+01 -8.188519376218684087e+00 -9.541924289159714467e-02 1.927389146327534997e-01 9.215284567350337519e-02
3.449999999999970424e+00 2.324768178003344121e-01 -4.032647379070750304e+01 -8.188519376218684087e+00 -9.541924289159714467e-02 1.927389146327534997e-01 9.215284567350337519e-02
3.459999999999970210e+00 2.380121920714188266e-01 -4.026087527829540136e+01 -8.131832254644423941e+00 -9.542718951226442092e-02 1.934555913139126559e-01 9.284312866515193052e-02
3.459999999999970210e+00 2.380121920714188266e-01 -4.026087527829540136e+01 -8.131832254644423941e+00 -9.542718951226442092e-02 1.934555913139126559e-01 9.284312866515193052e-02
3.469999999999969997e+00 2.435654271483472799e-01 -4.019498984939397701e+01 -8.075032253410405758e+00 -9.541318777795998463e-02 1.941796640991569345e-01 9.354093383785758165e-02
3.469999999999969997e+00 2.435654271483472799e-01 -4.019498984939397701e+01 -8.075032253410405758e+00 -9.541318777795998463e-02 1.941796640991569345e-01 9.354093383785758165e-02
3.479999999999969784e+00 2.491361418360263091e-01 -4.012881448085382630e+01 -8.018125874088710248e+00 -9.537815672711413839e-02 1.949111991591624959e-01 9.424627106448854597e-02
3.479999999999969784e+00 2.491361418360263091e-01 -4.012881448085382630e+01 -8.018125874088710248e+00 -9.537815672711413839e-02 1.949111991591624959e-01 9.424627106448854597e-02
3.489999999999969571e+00 2.547239628661651101e-01 -4.006234618375982137e+01 -7.961119573160824636e+00 -9.532298593395961694e-02 1.956502654392207607e-01 9.495915322638351364e-02
3.489999999999969571e+00 2.547239628661651101e-01 -4.006234618375982137e+01 -7.961119573160824636e+00 -9.532298593395961694e-02 1.956502654392207607e-01 9.495915322638351364e-02
3.499999999999969358e+00 2.603285249119755007e-01 -3.999558201806176072e+01 -7.904019759430720882e+00 -9.524853410455992597e-02 1.963969347021438661e-01 9.567959629987426995e-02
3.499999999999969358e+00 2.603285249119755007e-01 -3.999558201806176072e+01 -7.904019759430720882e+00 -9.524853410455992597e-02 1.963969347021438661e-01 9.567959629987426995e-02
3.509999999999969145e+00 2.659494706084420956e-01 -3.992851910696376194e+01 -7.846832791668820306e+00 -9.515562778075657702e-02 1.971512815701760846e-01 9.640761943418746371e-02
3.509999999999969145e+00 2.659494706084420956e-01 -3.992851910696376194e+01 -7.846832791668820306e+00 -9.515562778075657702e-02 1.971512815701760846e-01 9.640761943418746371e-02
3.519999999999968932e+00 2.715864505786714234e-01 -3.986115465105535094e+01 -7.789564976484015801e+00 -9.504506014853927875e-02 1.979133835663058338e-01 9.714324502101498449e-02
3.519999999999968932e+00 2.715864505786714234e-01 -3.986115465105535094e+01 -7.789564976484015801e+00 -9.504506014853927875e-02 1.979133835663058338e-01 9.714324502101498449e-02
3.529999999999968718e+00 2.772391234666986559e-01 -3.979348594216748580e+01 -7.732222566420376531e+00 -9.491758994744461941e-02 1.986833211551785050e-01 9.788649875595184513e-02
3.529999999999968718e+00 2.772391234666986559e-01 -3.979348594216748580e+01 -7.732222566420376531e+00 -9.491758994744461941e-02 1.986833211551785050e-01 9.788649875595184513e-02
3.539999999999968505e+00 2.829071559773018163e-01 -3.972551037693822451e+01 -7.674811758275191131e+00 -9.477394047744638894e-02 1.994611777839775946e-01 9.863740969216247545e-02
3.539999999999968505e+00 2.829071559773018163e-01 -3.972551037693822451e+01 -7.674811758275191131e+00 -9.477394047744638894e-02 1.994611777839775946e-01 9.863740969216247545e-02
3.549999999999968292e+00 2.885902229230520311e-01 -3.965722547007370480e+01 -7.617338691634679471e+00 -9.461479869976646695e-02 2.002470399232667564e-01 9.939601028640518421e-02
3.549999999999968292e+00 2.885902229230520311e-01 -3.965722547007370480e+01 -7.617338691634679471e+00 -9.461479869976646695e-02 2.002470399232667564e-01 9.939601028640518421e-02
3.559999999999968079e+00 2.942880072789773038e-01 -3.958862886729097141e+01 -7.559809447623188738e+00 -9.444081442823598627e-02 2.010409971079545333e-01 1.001623364377266512e-01
3.559999999999968079e+00 2.942880072789773038e-01 -3.958862886729097141e+01 -7.559809447623188738e+00 -9.444081442823598627e-02 2.010409971079545333e-01 1.001623364377266512e-01
3.569999999999967866e+00 3.000002002451612193e-01 -3.951971835793083443e+01 -7.502230047862032514e+00 -9.425259960749758636e-02 2.018431419784208480e-01 1.009364275191170779e-01
3.569999999999967866e+00 3.000002002451612193e-01 -3.951971835793083443e+01 -7.502230047862032514e+00 -9.425259960749758636e-02 2.018431419784208480e-01 1.009364275191170779e-01
3.579999999999967653e+00 3.057265013174209622e-01 -3.945049188722900624e+01 -7.444606453633417331e+00 -9.405072767478693530e-02 2.026535703216744144e-01 1.017183264022293032e-01
3.579999999999967653e+00 3.057265013174209622e-01 -3.945049188722900624e+01 -7.444606453633417331e+00 -9.405072767478693530e-02 2.026535703216744144e-01 1.017183264022293032e-01
3.589999999999967439e+00 3.114666183662929688e-01 -3.938094756823571885e+01 -7.386944565245184613e+00 -9.383573300153677521e-02 2.034723811125718762e-01 1.025080794755589553e-01
3.589999999999967439e+00 3.114666183662929688e-01 -3.938094756823571885e+01 -7.386944565245184613e+00 -9.383573300153677521e-02 2.034723811125718762e-01 1.025080794755589553e-01
3.599999999999967226e+00 3.172202677244518321e-01 -3.931108369337452046e+01 -7.329250221591527392e+00 -9.360811041175380598e-02 2.042996765547762661e-01 1.033057366561807300e-01
3.599999999999967226e+00 3.172202677244518321e-01 -3.931108369337452046e+01 -7.329250221591527392e+00 -9.360811041175380598e-02 2.042996765547762661e-01 1.033057366561807300e-01
3.609999999999967013e+00 3.229871742826062042e-01 -3.924089874563184566e+01 -7.271529199905225838e+00 -9.336831477349993857e-02 2.051355621213775127e-01 1.041113513953213499e-01
3.609999999999967013e+00 3.229871742826062042e-01 -3.924089874563184566e+01 -7.271529199905225838e+00 -9.336831477349993857e-02 2.051355621213775127e-01 1.041113513953213499e-01
3.619999999999966800e+00 3.287670715939074451e-01 -3.917039140937030339e+01 -7.213787215696346067e+00 -9.311676066036994603e-02 2.059801465948106758e-01 1.049249806779726513e-01
3.619999999999966800e+00 3.287670715939074451e-01 -3.917039140937030339e+01 -7.213787215696346067e+00 -9.311676066036994603e-02 2.059801465948106758e-01 1.049249806779726513e-01
3.629999999999966587e+00 3.345597019868389865e-01 -3.909956058075906071e+01 -7.156029922872853888e+00 -9.285382207962648848e-02 2.068335421058037360e-01 1.057466850167612660e-01
3.629999999999966587e+00 3.345597019868389865e-01 -3.909956058075906071e+01 -7.156029922872853888e+00 -9.285382207962648848e-02 2.068335421058037360e-01 1.057466850167612660e-01
3.639999999999966374e+00 3.403648166864489677e-01 -3.902840537781598584e+01 -7.098262914037773541e+00 -9.257983226394866927e-02 2.076958641709392150e-01 1.065765284402040713e-01
3.639999999999966374e+00 3.403648166864489677e-01 -3.902840537781598584e+01 -7.098262914037773541e+00 -9.257983226394866927e-02 2.076958641709392150e-01 1.065765284402040713e-01
3.649999999999966160e+00 3.461821759438135082e-01 -3.895692515005682566e+01 -7.040491720958490518e+00 -9.229508352360868417e-02 2.085672317284398836e-01 1.074145784756391220e-01
3.649999999999966160e+00 3.461821759438135082e-01 -3.895692515005682566e+01 -7.040491720958490518e+00 -9.229508352360868417e-02 2.085672317284398836e-01 1.074145784756391220e-01
3.659999999999965947e+00 3.520115491734593927e-01 -3.888511948774767291e+01 -6.982721815202686422e+00 -9.199982715617749385e-02 2.094477671716856726e-01 1.082609061269103612e-01
3.659999999999965947e+00 3.520115491734593927e-01 -3.888511948774767291e+01 -6.982721815202686422e+00 -9.199982715617749385e-02 2.094477671716856726e-01 1.082609061269103612e-01
3.669999999999965734e+00 3.578527150984459060e-01 -3.881298823075754001e+01 -6.924958608936456095e+00 -9.169427341079006144e-02 2.103375963799589687e-01 1.091155858470228002e-01
3.669999999999965734e+00 3.578527150984459060e-01 -3.881298823075754001e+01 -6.924958608936456095e+00 -9.169427341079006144e-02 2.103375963799589687e-01 1.091155858470228002e-01
3.679999999999965521e+00 3.637054619028797231e-01 -3.874053147700917066e+01 -6.867207455879280609e+00 -9.137859150416335896e-02 2.112368487459177491e-01 1.099786955059497695e-01
3.679999999999965521e+00 3.637054619028797231e-01 -3.874053147700917066e+01 -6.867207455879280609e+00 -9.137859150416335896e-02 2.112368487459177491e-01 1.099786955059497695e-01
3.689999999999965308e+00 3.695695873911842844e-01 -3.866774959052607130e+01 -6.809473652411162092e+00 -9.105290968573652444e-02 2.121456571990840700e-01 1.108503163536638247e-01
3.689999999999965308e+00 3.695695873911842844e-01 -3.866774959052607130e+01 -6.809473652411162092e+00 -9.105290968573652444e-02 2.121456571990840700e-01 1.108503163536638247e-01
3.699999999999965095e+00 3.754448991539074409e-01 -3.859464320907544987e+01 -6.751762438827142887e+00 -9.071731534912712280e-02 2.130641582248707366e-01 1.117305329786095203e-01
3.699999999999965095e+00 3.754448991539074409e-01 -3.859464320907544987e+01 -6.751762438827142887e+00 -9.071731534912712280e-02 2.130641582248707366e-01 1.117305329786095203e-01
3.709999999999964881e+00 3.813312147392619589e-01 -3.852121325140655017e+01 -6.694079000734138418e+00 -9.037185518756005176e-02 2.139924918783703278e-01 1.126194332617105887e-01
3.709999999999964881e+00 3.813312147392619589e-01 -3.852121325140655017e+01 -6.694079000734138418e+00 -9.037185518756005176e-02 2.139924918783703278e-01 1.126194332617105887e-01
3.719999999999964668e+00 3.872283618299235952e-01 -3.844746092408518479e+01 -6.636428470585721051e+00 -9.001653539064279064e-02 2.149308017922859637e-01 1.135171083260556602e-01
3.719999999999964668e+00 3.872283618299235952e-01 -3.844746092408518479e+01 -6.636428470585721051e+00 -9.001653539064279064e-02 2.149308017922859637e-01 1.135171083260556602e-01
3.729999999999964455e+00 3.931361784242404789e-01 -3.837338772792527664e+01 -6.578815929350104064e+00 -8.965132188027861992e-02 2.158792351782057306e-01 1.144236524823198375e-01
3.729999999999964455e+00 3.931361784242404789e-01 -3.837338772792527664e+01 -6.578815929350104064e+00 -8.965132188027861992e-02 2.158792351782057306e-01 1.144236524823198375e-01
3.739999999999964242e+00 3.990545130210894631e-01 -3.829899546401936306e+01 -6.521246408306620168e+00 -8.927614058343300019e-02 2.168379428205499115e-01 1.153391631701423670e-01
3.739999999999964242e+00 3.990545130210894631e-01 -3.829899546401936306e+01 -6.521246408306620168e+00 -8.927614058343300019e-02 2.168379428205499115e-01 1.153391631701423670e-01
3.749999999999964029e+00 4.049832248075572183e-01 -3.822428623937000935e+01 -6.463724890966657810e+00 -8.889087773949483351e-02 2.178070790623639619e-01 1.162637408954277363e-01
3.749999999999964029e+00 4.049832248075572183e-01 -3.822428623937000935e+01 -6.463724890966657810e+00 -8.889087773949483351e-02 2.178070790623639619e-01 1.162637408954277363e-01
3.759999999999963816e+00 4.109221838483372857e-01 -3.814926247212503085e+01 -6.406256315114472244e+00 -8.849538024025674354e-02 2.187868017821276156e-01 1.171974891637471150e-01
3.759999999999963816e+00 4.109221838483372857e-01 -3.814926247212503085e+01 -6.406256315114472244e+00 -8.849538024025674354e-02 2.187868017821276156e-01 1.171974891637471150e-01
3.769999999999963602e+00 4.168712712758836370e-01 -3.807392689641949346e+01 -6.348845574963771554e+00 -8.808945600053723346e-02 2.197772723607810397e-01 1.181405144098765514e-01
3.769999999999963602e+00 4.168712712758836370e-01 -3.807392689641949346e+01 -6.348845574963771554e+00 -8.808945600053723346e-02 2.197772723607810397e-01 1.181405144098765514e-01
3.779999999999963389e+00 4.228303794801678284e-01 -3.799828256682828709e+01 -6.291497523426047955e+00 -8.767287435751883184e-02 2.207786556381074461e-01 1.190929259236075954e-01
3.779999999999963389e+00 4.228303794801678284e-01 -3.799828256682828709e+01 -6.291497523426047955e+00 -8.767287435751883184e-02 2.207786556381074461e-01 1.190929259236075954e-01
3.789999999999963176e+00 4.287994122967080934e-01 -3.792233286243297385e+01 -6.234216974486770368e+00 -8.724536649699352053e-02 2.217911198575930887e-01 1.200548357718063675e-01
3.789999999999963176e+00 4.287994122967080934e-01 -3.792233286243297385e+01 -6.234216974486770368e+00 -8.724536649699352053e-02 2.217911198575930887e-01 1.200548357718063675e-01
3.799999999999962963e+00 4.347782851916585090e-01 -3.784608149050752246e+01 -6.177008705685580914e+00 -8.680662590481362517e-02 2.228148365988406043e-01 1.210263587168576016e-01
3.799999999999962963e+00 4.347782851916585090e-01 -3.784608149050752246e+01 -6.177008705685580914e+00 -8.680662590481362517e-02 2.228148365988406043e-01 1.210263587168576016e-01
3.809999999999962750e+00 4.407669254423737804e-01 -3.776953248982729150e+01 -6.119877460696860005e+00 -8.635630884199883839e-02 2.238499806966020023e-01 1.220076121314951911e-01
3.809999999999962750e+00 4.407669254423737804e-01 -3.776953248982729150e+01 -6.119877460696860005e+00 -8.635630884199883839e-02 2.238499806966020023e-01 1.220076121314951911e-01
3.819999999999962537e+00 4.467652723120744129e-01 -3.769269023360658366e+01 -6.062827952007173948e+00 -8.589403484184582327e-02 2.248967301455732093e-01 1.229987159101582350e-01
3.819999999999962537e+00 4.467652723120744129e-01 -3.769269023360658366e+01 -6.062827952007173948e+00 -8.589403484184582327e-02 2.248967301455732093e-01 1.229987159101582350e-01
3.829999999999962323e+00 4.527732772168043818e-01 -3.761555943206952435e+01 -6.005864863686291244e+00 -8.541938722762638936e-02 2.259552659898939053e-01 1.239997923767522103e-01
3.829999999999962323e+00 4.527732772168043818e-01 -3.761555943206952435e+01 -6.005864863686291244e+00 -8.541938722762638936e-02 2.259552659898939053e-01 1.239997923767522103e-01
3.839999999999962110e+00 4.587909038831061159e-01 -3.753814513465999170e+01 -5.948992854248350781e+00 -8.493191364963449674e-02 2.270257721964041298e-01 1.250109661890312918e-01
3.839999999999962110e+00 4.587909038831061159e-01 -3.753814513465999170e+01 -5.948992854248350781e+00 -8.493191364963449674e-02 2.270257721964041298e-01 1.250109661890312918e-01
3.849999999999961897e+00 4.648181284943626035e-01 -3.746045273189620417e+01 -5.892216559600292669e+00 -8.443112664008202428e-02 2.281084355106877126e-01 1.260323642395030364e-01
3.849999999999961897e+00 4.648181284943626035e-01 -3.746045273189620417e+01 -5.892216559600292669e+00 -8.443112664008202428e-02 2.281084355106877126e-01 1.260323642395030364e-01
3.859999999999961684e+00 4.708549398240234884e-01 -3.738248795687551507e+01 -5.835540596074421771e+00 -8.391650418486512608e-02 2.292034452948545908e-01 1.270641155529385891e-01
3.859999999999961684e+00 4.708549398240234884e-01 -3.738248795687551507e+01 -5.835540596074421771e+00 -8.391650418486512608e-02 2.292034452948545908e-01 1.270641155529385891e-01
3.869999999999961471e+00 4.769013393535370127e-01 -3.730425688643558146e+01 -5.778969563542378118e+00 -8.338749031092257402e-02 2.303109933460287806e-01 1.281063511804888810e-01
3.869999999999961471e+00 4.769013393535370127e-01 -3.730425688643558146e+01 -5.778969563542378118e+00 -8.338749031092257402e-02 2.303109933460287806e-01 1.281063511804888810e-01
3.879999999999961258e+00 4.829573413728119324e-01 -3.722576594197782640e+01 -5.722508048607664932e+00 -8.284349568835724931e-02 2.314312736945847160e-01 1.291592040904735450e-01
3.879999999999961258e+00 4.829573413728119324e-01 -3.722576594197782640e+01 -5.722508048607664932e+00 -8.284349568835724931e-02 2.314312736945847160e-01 1.291592040904735450e-01
3.889999999999961044e+00 4.890229730608614545e-01 -3.714702188995919130e+01 -5.666160627874257116e+00 -8.228389824615692238e-02 2.325644823808751260e-01 1.302228090557123741e-01
3.889999999999961044e+00 4.890229730608614545e-01 -3.714702188995919130e+01 -5.666160627874257116e+00 -8.228389824615692238e-02 2.325644823808751260e-01 1.302228090557123741e-01
3.899999999999960831e+00 4.950982745443278654e-01 -3.706803184205845270e+01 -5.609931871288785565e+00 -8.170804380088161900e-02 2.337108172096636349e-01 1.312973025376414360e-01
3.899999999999960831e+00 4.950982745443278654e-01 -3.706803184205845270e+01 -5.609931871288785565e+00 -8.170804380088161900e-02 2.337108172096636349e-01 1.312973025376414360e-01
3.909999999999960618e+00 5.011832989310961439e-01 -3.698880325502316424e+01 -5.553826345553717125e+00 -8.111524669746889016e-02 2.348704774808149098e-01 1.323828225669196057e-01
3.909999999999960618e+00 5.011832989310961439e-01 -3.698880325502316424e+01 -5.553826345553717125e+00 -8.111524669746889016e-02 2.348704774808149098e-01 1.323828225669196057e-01
3.919999999999960405e+00 5.072781123165700512e-01 -3.690934393020328486e+01 -5.497848617609578881e+00 -8.050479046141588435e-02 2.360436636955282608e-01 1.334795086208468429e-01
3.919999999999960405e+00 5.072781123165700512e-01 -3.690934393020328486e+01 -5.497848617609578881e+00 -8.050479046141588435e-02 2.360436636955282608e-01 1.334795086208468429e-01
3.929999999999960192e+00 5.133827937596675550e-01 -3.682966201277798035e+01 -5.442003258183660819e+00 -7.987592846202172525e-02 2.372305772366632426e-01 1.345875014972965633e-01
3.929999999999960192e+00 5.133827937596675550e-01 -3.682966201277798035e+01 -5.442003258183660819e+00 -7.987592846202172525e-02 2.372305772366632426e-01 1.345875014972965633e-01
3.939999999999959979e+00 5.194974352255670169e-01 -3.674976599068099858e+01 -5.386294845403299725e+00 -7.922788458582621929e-02 2.384314200222835134e-01 1.357069431853897556e-01
3.939999999999959979e+00 5.194974352255670169e-01 -3.674976599068099858e+01 -5.386294845403299725e+00 -7.922788458582621929e-02 2.384314200222835134e-01 1.357069431853897556e-01
3.949999999999959766e+00 5.256221414922828128e-01 -3.666966469323124755e+01 -5.330727968471581590e+00 -7.855985392032513448e-02 2.396463941310805756e-01 1.368379767327025653e-01
3.949999999999959766e+00 5.256221414922828128e-01 -3.666966469323124755e+01 -5.330727968471581590e+00 -7.855985392032513448e-02 2.396463941310805756e-01 1.368379767327025653e-01
3.959999999999959552e+00 5.317570300177721920e-01 -3.658936728947412576e+01 -5.275307231403361996e+00 -7.787100344725382539e-02 2.408757013987582463e-01 1.379807461092092402e-01
3.959999999999959552e+00 5.317570300177721920e-01 -3.658936728947412576e+01 -5.275307231403361996e+00 -7.787100344725382539e-02 2.408757013987582463e-01 1.379807461092092402e-01
3.969999999999959339e+00 5.379022307642328249e-01 -3.650888328623928203e+01 -5.220037256819826332e+00 -7.716047274555656865e-02 2.421195429839619884e-01 1.391353960677002288e-01
3.969999999999959339e+00 5.379022307642328249e-01 -3.650888328623928203e+01 -5.220037256819826332e+00 -7.716047274555656865e-02 2.421195429839619884e-01 1.391353960677002288e-01
3.979999999999959126e+00 5.440578859762992270e-01 -3.642822252592066690e+01 -5.164922689799436029e+00 -7.642737470389453225e-02 2.433781189028537684e-01 1.403020720009101607e-01
3.979999999999959126e+00 5.440578859762992270e-01 -3.642822252592066690e+01 -5.164922689799436029e+00 -7.642737470389453225e-02 2.433781189028537684e-01 1.403020720009101607e-01
3.989999999999958913e+00 5.502241499093748489e-01 -3.634739518398417601e+01 -5.109968201783343211e+00 -7.567079624261582871e-02 2.446516275310259281e-01 1.414809197951529263e-01
3.989999999999958913e+00 5.502241499093748489e-01 -3.634739518398417601e+01 -5.109968201783343211e+00 -7.567079624261582871e-02 2.446516275310259281e-01 1.414809197951529263e-01
3.999999999999958700e+00 5.564011885045018202e-01 -3.626641176620800167e+01 -5.055178494533470790e+00 -7.488979904556944400e-02 2.459402650716198124e-01 1.426720856805240023e-01
3.999999999999958700e+00 5.564011885045018202e-01 -3.626641176620800167e+01 -5.055178494533470790e+00 -7.488979904556944400e-02 2.459402650716198124e-01 1.426720856805240023e-01
4.009999999999958931e+00 5.625891790059209807e-01 -3.618528310566135531e+01 -5.000558304141117461e+00 -7.408342030171988224e-02 2.472442249884830856e-01 1.438757160776373556e-01
4.009999999999958931e+00 5.625891790059209807e-01 -3.618528310566135531e+01 -5.000558304141117461e+00 -7.408342030171988224e-02 2.472442249884830856e-01 1.438757160776373556e-01
4.019999999999958717e+00 5.687883095174053327e-01 -3.610402035942546917e+01 -4.946112405084169161e+00 -7.325067345739869062e-02 2.485636974033373914e-01 1.450919574409539337e-01
4.019999999999958717e+00 5.687883095174053327e-01 -3.610402035942546917e+01 -4.946112405084169161e+00 -7.325067345739869062e-02 2.485636974033373914e-01 1.450919574409539337e-01
4.029999999999958504e+00 5.749987784931305246e-01 -3.602263500506256122e+01 -4.891845614330923020e+00 -7.239054897910945918e-02 2.498988684555443207e-01 1.463209560984659596e-01
4.029999999999958504e+00 5.749987784931305246e-01 -3.602263500506256122e+01 -4.891845614330923020e+00 -7.239054897910945918e-02 2.498988684555443207e-01 1.463209560984659596e-01
4.039999999999958291e+00 5.812207941591959193e-01 -3.594113883683648680e+01 -4.837762795488215417e+00 -7.150201512814119420e-02 2.512499196237057419e-01 1.475628580880626872e-01
4.039999999999958291e+00 5.812207941591959193e-01 -3.594113883683648680e+01 -4.837762795488215417e+00 -7.150201512814119420e-02 2.512499196237057419e-01 1.475628580880626872e-01
4.049999999999958078e+00 5.874545738611141044e-01 -3.585954396168933300e+01 -4.783868862991999649e+00 -7.058401874728793823e-02 2.526170270075919766e-01 1.488178089901834866e-01
4.049999999999958078e+00 5.874545738611141044e-01 -3.585954396168933300e+01 -4.783868862991999649e+00 -7.058401874728793823e-02 2.526170270075919766e-01 1.488178089901834866e-01
4.059999999999957865e+00 5.937003433332040947e-01 -3.577786279497819777e+01 -4.730168786337717535e+00 -6.963548606080643966e-02 2.540003605696263822e-01 1.500859537570634616e-01
4.059999999999957865e+00 5.937003433332040947e-01 -3.577786279497819777e+01 -4.730168786337717535e+00 -6.963548606080643966e-02 2.540003605696263822e-01 1.500859537570634616e-01
4.069999999999957652e+00 5.999583358851596770e-01 -3.569610805597538672e+01 -4.676667594348299595e+00 -6.865532348860936551e-02 2.554000833347076505e-01 1.513674365384102272e-01
4.069999999999957652e+00 5.999583358851596770e-01 -3.569610805597538672e+01 -4.676667594348299595e+00 -6.865532348860936551e-02 2.554000833347076505e-01 1.513674365384102272e-01
4.079999999999957438e+00 6.062287915012658512e-01 -3.561429276313560166e+01 -4.623370379477183434e+00 -6.764241847582358469e-02 2.568163505473254338e-01 1.526624005034578624e-01
4.079999999999957438e+00 6.062287915012658512e-01 -3.561429276313560166e+01 -4.623370379477183434e+00 -6.764241847582358469e-02 2.568163505473254338e-01 1.526624005034578624e-01
4.089999999999957225e+00 6.125119558475173864e-01 -3.553243022913325433e+01 -4.570282302143676034e+00 -6.659564033905132630e-02 2.582493087850125102e-01 1.539709876595470317e-01
4.089999999999957225e+00 6.125119558475173864e-01 -3.553243022913325433e+01 -4.570282302143676034e+00 -6.659564033905132630e-02 2.582493087850125102e-01 1.539709876595470317e-01
4.099999999999957012e+00 6.188080791820456117e-01 -3.545053405567237803e+01 -4.517408595097649915e+00 -6.551384113086469729e-02 2.596990950272785037e-01 1.552933386671598304e-01
4.099999999999957012e+00 6.188080791820456117e-01 -3.545053405567237803e+01 -4.517408595097649915e+00 -6.551384113086469729e-02 2.596990950272785037e-01 1.552933386671598304e-01
4.109999999999956799e+00 6.251174151637685084e-01 -3.536861812807210725e+01 -4.464754567810840236e+00 -6.439585652398274740e-02 2.611658356789357538e-01 1.566295926513500691e-01
4.109999999999956799e+00 6.251174151637685084e-01 -3.536861812807210725e+01 -4.464754567810840236e+00 -6.439585652398274740e-02 2.611658356789357538e-01 1.566295926513500691e-01
4.119999999999956586e+00 6.314402195546021668e-01 -3.528669660962950871e+01 -4.412325610891138616e+00 -6.324050671705637450e-02 2.626496455471803437e-01 1.579798870097343655e-01
4.119999999999956586e+00 6.314402195546021668e-01 -3.528669660962950871e+01 -4.412325610891138616e+00 -6.324050671705637450e-02 2.626496455471803437e-01 1.579798870097343655e-01
4.129999999999956373e+00 6.377767488101589999e-01 -3.520478393576195941e+01 -4.360127200516671131e+00 -6.204659736377951540e-02 2.641506267715089673e-01 1.593443572169165323e-01
4.129999999999956373e+00 6.377767488101589999e-01 -3.520478393576195941e+01 -4.360127200516671131e+00 -6.204659736377951540e-02 2.641506267715089673e-01 1.593443572169165323e-01
4.139999999999956160e+00 6.441272585541787388e-01 -3.512289480793047858e+01 -4.308164902885673442e+00 -6.081292052761870515e-02 2.656688677060438097e-01 1.607231366255775784e-01
4.139999999999956160e+00 6.441272585541787388e-01 -3.512289480793047858e+01 -4.308164902885673442e+00 -6.081292052761870515e-02 2.656688677060438097e-01 1.607231366255775784e-01
4.149999999999955946e+00 6.504920019315529878e-01 -3.504104418734550563e+01 -4.256444378678520657e+00 -5.953825566401760305e-02 2.672044417533792071e-01 1.621163562640197675e-01
4.149999999999955946e+00 6.504920019315529878e-01 -3.504104418734550563e+01 -4.256444378678520657e+00 -5.953825566401760305e-02 2.672044417533792071e-01 1.621163562640197675e-01
4.159999999999955733e+00 6.568712278351266365e-01 -3.495924728845608342e+01 -4.204971387527226767e+00 -5.822137063273181978e-02 2.687574061497483013e-01 1.635241446304776525e-01
4.159999999999955733e+00 6.568712278351266365e-01 -3.495924728845608342e+01 -4.204971387527226767e+00 -5.822137063273181978e-02 2.687574061497483013e-01 1.635241446304776525e-01
4.169999999999955520e+00 6.632651790013647242e-01 -3.487751957222332777e+01 -4.153751792488185046e+00 -5.686102274258425515e-02 2.703278007010091466e-01 1.649466274840792890e-01
4.169999999999955520e+00 6.632651790013647242e-01 -3.487751957222332777e+01 -4.153751792488185046e+00 -5.686102274258425515e-02 2.703278007010091466e-01 1.649466274840792890e-01
4.179999999999955307e+00 6.696740899700995842e-01 -3.479587673917835389e+01 -4.102791564513130318e+00 -5.545595983121046069e-02 2.719156464693719411e-01 1.663839276327339078e-01
4.179999999999955307e+00 6.696740899700995842e-01 -3.479587673917835389e+01 -4.102791564513130318e+00 -5.545595983121046069e-02 2.719156464693719411e-01 1.663839276327339078e-01
4.189999999999955094e+00 6.760981849034827240e-01 -3.471433472226530625e+01 -4.052096786913028659e+00 -5.400492138276671850e-02 2.735209444106164178e-01 1.678361647177818994e-01
4.189999999999955094e+00 6.760981849034827240e-01 -3.471433472226530625e+01 -4.052096786913028659e+00 -5.400492138276671850e-02 2.735209444106164178e-01 1.678361647177818994e-01
4.199999999999954881e+00 6.825376752596181706e-01 -3.463290967946907273e+01 -4.001673659809463324e+00 -5.250663968616726962e-02 2.751436739621131444e-01 1.693034549958550850e-01
4.199999999999954881e+00 6.825376752596181706e-01 -3.463290967946907273e+01 -4.001673659809463324e+00 -5.250663968616726962e-02 2.751436739621131444e-01 1.693034549958550850e-01
4.209999999999954667e+00 6.889927573163493468e-01 -3.455161798622777525e+01 -3.951528504567510591e+00 -5.095984103707740243e-02 2.767837915817760175e-01 1.707859111177983946e-01
4.209999999999954667e+00 6.889927573163493468e-01 -3.455161798622777525e+01 -3.951528504567510591e+00 -5.095984103707740243e-02 2.767837915817760175e-01 1.707859111177983946e-01
4.219999999999954454e+00 6.954636095408071039e-01 -3.447047622762918451e+01 -3.901667768203764375e+00 -4.936324698654373511e-02 2.784412292385067822e-01 1.722836419050178813e-01
4.219999999999954454e+00 6.954636095408071039e-01 -3.447047622762918451e+01 -3.901667768203764375e+00 -4.936324698654373511e-02 2.784412292385067822e-01 1.722836419050178813e-01
4.229999999999954241e+00 7.019503898007488640e-01 -3.438950119039062514e+01 -3.852098027762825616e+00 -4.771557563968681359e-02 2.801158928548750371e-01 1.737967521233590440e-01
4.229999999999954241e+00 7.019503898007488640e-01 -3.438950119039062514e+01 -3.852098027762825616e+00 -4.771557563968681359e-02 2.801158928548750371e-01 1.737967521233590440e-01
4.239999999999954028e+00 7.084532324135002224e-01 -3.430870985462139089e+01 -3.802825994655076869e+00 -4.601554300735433145e-02 2.818076607027526492e-01 1.753253422546306450e-01
4.239999999999954028e+00 7.084532324135002224e-01 -3.430870985462139089e+01 -3.802825994655076869e+00 -4.601554300735433145e-02 2.818076607027526492e-01 1.753253422546306450e-01
4.249999999999953815e+00 7.149722450293657383e-01 -3.422811938536655418e+01 -3.753858518948229861e+00 -4.426186441452667486e-02 2.835163817535334418e-01 1.768695082663400142e-01
4.249999999999953815e+00 7.149722450293657383e-01 -3.422811938536655418e+01 -3.753858518948229861e+00 -4.426186441452667486e-02 2.835163817535334418e-01 1.768695082663400142e-01
4.259999999999953602e+00 7.215075053456402321e-01 -3.414774712393117539e+01 -3.705202593604646655e+00 -4.245325596837465354e-02 2.852418739838583628e-01 1.784293413793838767e-01
4.259999999999953602e+00 7.215075053456402321e-01 -3.414774712393117539e+01 -3.705202593604646655e+00 -4.245325596837465354e-02 2.852418739838583628e-01 1.784293413793838767e-01
4.269999999999953388e+00 7.280590576488469301e-01 -3.406761057898337697e+01 -3.656865358655947418e+00 -4.058843608974688211e-02 2.869839226391158737e-01 1.800049278345363102e-01
4.269999999999953388e+00 7.280590576488469301e-01 -3.406761057898337697e+01 -3.656865358655947418e+00 -4.058843608974688211e-02 2.869839226391158737e-01 1.800049278345363102e-01
4.279999999999953175e+00 7.346269091822319464e-01 -3.398772741743520243e+01 -3.608854105305952853e+00 -3.866612711124393920e-02 2.887422784565015776e-01 1.815963486576297470e-01
4.279999999999953175e+00 7.346269091822319464e-01 -3.398772741743520243e+01 -3.608854105305952853e+00 -3.866612711124393920e-02 2.887422784565015776e-01 1.815963486576297470e-01
4.289999999999952962e+00 7.412110263368517638e-01 -3.390811545509948388e+01 -3.561176279952670942e+00 -3.668505694553528262e-02 2.905166558503391450e-01 1.832036794241436728e-01
4.289999999999952962e+00 7.412110263368517638e-01 -3.390811545509948388e+01 -3.561176279952670942e+00 -3.668505694553528262e-02 2.905166558503391450e-01 1.832036794241436728e-01
4.299999999999952749e+00 7.478113306643253688e-01 -3.382879264712172329e+01 -3.513839488119502974e+00 -3.464396082686101164e-02 2.923067310621996207e-01 1.848269900232167307e-01
4.299999999999952749e+00 7.478113306643253688e-01 -3.382879264712172329e+01 -3.513839488119502974e+00 -3.464396082686101164e-02 2.923067310621996207e-01 1.848269900232167307e-01
4.309999999999952536e+00 7.544276947105040820e-01 -3.374977707818527506e+01 -3.466851498285162592e+00 -3.254158312949460841e-02 2.941121402792032935e-01 1.864663444218380706e-01
4.309999999999952536e+00 7.544276947105040820e-01 -3.374977707818527506e+01 -3.466851498285162592e+00 -3.254158312949460841e-02 2.941121402792032935e-01 1.864663444218380706e-01
4.319999999999952323e+00 7.610599376696378648e-01 -3.367108695248872863e+01 -3.420220245601575115e+00 -3.037667926594962708e-02 2.959324777242577920e-01 1.881218004296027480e-01
4.319999999999952323e+00 7.610599376696378648e-01 -3.367108695248872863e+01 -3.420220245601575115e+00 -3.037667926594962708e-02 2.959324777242577920e-01 1.881218004296027480e-01
4.329999999999952109e+00 7.677078208592796882e-01 -3.359274058349407710e+01 -3.373953835488523900e+00 -2.814801766822946916e-02 2.977672937220334770e-01 1.897934094643853875e-01
4.329999999999952109e+00 7.677078208592796882e-01 -3.359274058349407710e+01 -3.373953835488523900e+00 -2.814801766822946916e-02 2.977672937220334770e-01 1.897934094643853875e-01
4.339999999999951896e+00 7.743710430168964098e-01 -3.351475638344504659e+01 -3.328060547093154131e+00 -2.585438185471902739e-02 2.996160927453807021e-01 1.914812163196465966e-01
4.339999999999951896e+00 7.743710430168964098e-01 -3.351475638344504659e+01 -3.328060547093154131e+00 -2.585438185471902739e-02 2.996160927453807021e-01 1.914812163196465966e-01
4.349999999999951683e+00 7.810492354201393761e-01 -3.343715285265440684e+01 -3.282548836602054987e+00 -2.349457258562809292e-02 3.014783314472336828e-01 1.931852589339333459e-01
4.349999999999951683e+00 7.810492354201393761e-01 -3.343715285265440684e+01 -3.282548836602054987e+00 -2.349457258562809292e-02 3.014783314472336828e-01 1.931852589339333459e-01
4.359999999999951470e+00 7.877419568333934308e-01 -3.335994856856011381e+01 -3.237427340393112196e+00 -2.106741010931800773e-02 3.033534166835600843e-01 1.949055681631735037e-01
4.359999999999951470e+00 7.877419568333934308e-01 -3.335994856856011381e+01 -3.237427340393112196e+00 -2.106741010931800773e-02 3.033534166835600843e-01 1.949055681631735037e-01
4.369999999999951257e+00 7.944486882840483544e-01 -3.328316217454978698e+01 -3.192704878014118286e+00 -1.857173650139101739e-02 3.052407035333358776e-01 1.966421675564009597e-01
4.369999999999951257e+00 7.944486882840483544e-01 -3.328316217454978698e+01 -3.192704878014118286e+00 -1.857173650139101739e-02 3.052407035333358776e-01 1.966421675564009597e-01
4.379999999999951044e+00 8.011688276733044400e-01 -3.320681236855418916e+01 -3.148390454974143271e+00 -1.600641809861430565e-02 3.071394933223730028e-01 1.983950731357658204e-01
4.379999999999951044e+00 8.011688276733044400e-01 -3.320681236855418916e+01 -3.148390454974143271e+00 -1.600641809861430565e-02 3.071394933223730028e-01 1.983950731357658204e-01
4.389999999999950830e+00 8.079016842268702536e-01 -3.313091789141006416e+01 -3.104493265333756913e+00 -1.337034802876417572e-02 3.090490316580638552e-01 2.001642931813822357e-01
4.389999999999950830e+00 8.079016842268702536e-01 -3.313091789141006416e+01 -3.104493265333756913e+00 -1.337034802876417572e-02 3.090490316580638552e-01 2.001642931813822357e-01
4.399999999999950617e+00 8.146464727924374039e-01 -3.305549751499385991e+01 -3.061022694079484907e+00 -1.066244883738416693e-02 3.109685064829685874e-01 2.019498280220129449e-01
4.399999999999950617e+00 8.146464727924374039e-01 -3.305549751499385991e+01 -3.061022694079484907e+00 -1.066244883738416693e-02 3.109685064829685874e-01 2.019498280220129449e-01
4.409999999999950404e+00 8.214023079917525116e-01 -3.298057003012819877e+01 -3.017988319267385755e+00 -7.881675211904526357e-03 3.128970461556590532e-01 2.037516698323256770e-01
4.409999999999950404e+00 8.214023079917525116e-01 -3.298057003012819877e+01 -3.017988319267385755e+00 -7.881675211904526357e-03 3.128970461556590532e-01 2.037516698323256770e-01
4.419999999999950191e+00 8.281681982364123007e-01 -3.290615423426346808e+01 -2.975399913920567130e+00 -5.027016802841705045e-03 3.148337175678864730e-01 2.055698024375947064e-01
4.419999999999950191e+00 8.281681982364123007e-01 -3.290615423426346808e+01 -2.975399913920567130e+00 -5.027016802841705045e-03 3.148337175678864730e-01 2.055698024375947064e-01
4.429999999999949978e+00 8.349430396178698643e-01 -3.283226891893814070e+01 -2.933267447664881900e+00 -2.097501141398894209e-03 3.167775243077778358e-01 2.074042011268362740e-01
4.429999999999949978e+00 8.349430396178698643e-01 -3.283226891893814070e+01 -2.933267447664881900e+00 -2.097501141398894209e-03 3.167775243077778358e-01 2.074042011268362740e-01
4.439999999999949765e+00 8.417256096833451995e-01 -3.275893285702205304e+01 -2.891601088086598992e+00 9.078033481443315011e-04 3.187274048793947712e-01 2.092548324752278588e-01
4.439999999999949765e+00 8.417256096833451995e-01 -3.275893285702205304e+01 -2.891601088086598992e+00 9.078033481443315011e-04 3.187274048793947712e-01 2.092548324752278588e-01
4.449999999999949551e+00 8.485145611108955155e-01 -3.268616478974736594e+01 -2.850411201795963301e+00 3.989784243267902042e-03 3.206822309896649736e-01 2.111216541768995425e-01
4.449999999999949551e+00 8.485145611108955155e-01 -3.268616478974736594e+01 -2.850411201795963301e+00 3.989784243267902042e-03 3.206822309896649736e-01 2.111216541768995425e-01
4.459999999999949338e+00 8.553084152983023714e-01 -3.261398341353386598e+01 -2.809708355179729722e+00 7.149281928363962479e-03 3.226408059142691354e-01 2.130046148889991886e-01
4.459999999999949338e+00 8.553084152983023714e-01 -3.261398341353386598e+01 -2.809708355179729722e+00 7.149281928363962479e-03 3.226408059142691354e-01 2.130046148889991886e-01
4.469999999999949125e+00 8.621055558819787912e-01 -3.254240736661542854e+01 -2.769503314826148976e+00 1.038708631402932014e-02 3.246018629548457213e-01 2.149036540881684165e-01
4.469999999999949125e+00 8.621055558819787912e-01 -3.254240736661542854e+01 -2.769503314826148976e+00 1.038708631402932014e-02 3.246018629548457213e-01 2.149036540881684165e-01
4.479999999999948912e+00 8.689042222036226226e-01 -3.247145521547630409e+01 -2.729807047605269155e+00 1.370393347528071903e-02 3.265640640003399930e-01 2.168187019403819971e-01
4.479999999999948912e+00 8.689042222036226226e-01 -3.247145521547630409e+01 -2.729807047605269155e+00 1.370393347528071903e-02 3.265640640003399930e-01 2.168187019403819971e-01
4.489999999999948699e+00 8.757025027439382381e-01 -3.240114544110670636e+01 -2.690630720387471086e+00 1.710050221441472562e-02 3.285259982059858253e-01 2.187496791852571176e-01
4.489999999999948699e+00 8.757025027439382381e-01 -3.240114544110670636e+01 -2.690630720387471086e+00 1.710050221441472562e-02 3.285259982059858253e-01 2.187496791852571176e-01
4.499999999999948486e+00 8.824983285444120140e-01 -3.233149642508881527e+01 -2.651985699383109463e+00 2.057741055510414752e-02 3.304861808039946114e-01 2.206964970358656353e-01
4.499999999999948486e+00 8.824983285444120140e-01 -3.233149642508881527e+01 -2.651985699383109463e+00 2.057741055510414752e-02 3.304861808039946114e-01 2.206964970358656353e-01
4.509999999999948272e+00 8.892894666398618586e-01 -3.226252643552549415e+01 -2.613883549086128966e+00 2.413521217586106493e-02 3.324430520607506434e-01 2.226590570951846315e-01
4.509999999999948272e+00 8.892894666398618586e-01 -3.226252643552549415e+01 -2.613883549086128966e+00 2.413521217586106493e-02 3.324430520607506434e-01 2.226590570951846315e-01
4.519999999999948059e+00 8.960735135258283135e-01 -3.219425361282583253e+01 -2.576336030804543320e+00 2.777439279145405004e-02 3.343949763952815957e-01 2.246372512900309815e-01
4.519999999999948059e+00 8.960735135258283135e-01 -3.219425361282583253e+01 -2.576336030804543320e+00 2.777439279145405004e-02 3.343949763952815957e-01 2.246372512900309815e-01
4.529999999999947846e+00 9.028478886869725217e-01 -3.212669595536262790e+01 -2.539355100760793071e+00 3.149536649268777633e-02 3.363402416749996515e-01 2.266309618237804524e-01
4.529999999999947846e+00 9.028478886869725217e-01 -3.212669595536262790e+01 -2.539355100760793071e+00 3.149536649268777633e-02 3.363402416749996515e-01 2.266309618237804524e-01
4.539999999999947633e+00 9.096098282139472024e-01 -3.205987130501917903e+01 -2.502952907745356725e+00 3.529847205552902323e-02 3.382770587043636423e-01 2.286400611485229772e-01
4.539999999999947633e+00 9.096098282139472024e-01 -3.205987130501917903e+01 -2.502952907745356725e+00 3.529847205552902323e-02 3.382770587043636423e-01 2.286400611485229772e-01
4.549999999999947420e+00 9.163563785381338977e-01 -3.199379733264405345e+01 -2.467141790307011640e+00 3.918396923249044261e-02 3.402035609231236490e-01 2.306644119579878138e-01
4.549999999999947420e+00 9.163563785381338977e-01 -3.199379733264405345e+01 -2.467141790307011640e+00 3.918396923249044261e-02 3.402035609231236490e-01 2.306644119579878138e-01
4.559999999999947207e+00 9.230843903148605589e-01 -3.192849152343433161e+01 -2.431934273463816520e+00 4.315203503971599963e-02 3.421178043302898208e-01 2.327038672016101262e-01
4.559999999999947207e+00 9.230843903148605589e-01 -3.192849152343433161e+01 -2.431934273463816520e+00 4.315203503971599963e-02 3.421178043302898208e-01 2.327038672016101262e-01
4.569999999999946994e+00 9.297905124877932082e-01 -3.186397116226950743e+01 -2.397343064919019717e+00 4.720276005495169236e-02 3.440177676510675076e-01 2.347582701211100020e-01
4.569999999999946994e+00 9.297905124877932082e-01 -3.186397116226950743e+01 -2.397343064919019717e+00 4.720276005495169236e-02 3.440177676510675076e-01 2.347582701211100020e-01
4.579999999999946780e+00 9.364711865681748515e-01 -3.180025331902028540e+01 -2.363381050766938163e+00 5.133614474273826001e-02 3.459013527632026630e-01 2.368274543098136675e-01
4.579999999999946780e+00 9.364711865681748515e-01 -3.180025331902028540e+01 -2.363381050766938163e+00 5.133614474273826001e-02 3.459013527632026630e-01 2.368274543098136675e-01
4.589999999999946567e+00 9.431226411643334195e-01 -3.173735483385808820e+01 -2.330061290674312335e+00 5.555209582436060334e-02 3.477663853996583176e-01 2.389112437956220636e-01
4.589999999999946567e+00 9.431226411643334195e-01 -3.173735483385808820e+01 -2.330061290674312335e+00 5.555209582436060334e-02 3.477663853996583176e-01 2.389112437956220636e-01
4.599999999999946354e+00 9.497408867981109726e-01 -3.167529230259296824e+01 -2.297397012523343385e+00 5.985042271131824076e-02 3.496106161444025862e-01 2.410094531480841407e-01
4.599999999999946354e+00 9.497408867981109726e-01 -3.167529230259296824e+01 -2.297397012523343385e+00 5.985042271131824076e-02 3.496106161444025862e-01 2.410094531480841407e-01
4.609999999999946141e+00 9.563217110459422132e-01 -3.161408206206965232e+01 -2.265401606503542276e+00 6.423083402238818906e-02 3.514317217373721380e-01 2.431218876098152348e-01
4.609999999999946141e+00 9.563217110459422132e-01 -3.161408206206965232e+01 -2.265401606503542276e+00 6.423083402238818906e-02 3.514317217373721380e-01 2.431218876098152348e-01
4.619999999999945928e+00 9.628606740437047895e-01 -3.155374017565277001e+01 -2.234088618640616364e+00 6.869293420542806061e-02 3.532273067049070958e-01 2.452483432527091667e-01
4.619999999999945928e+00 9.628606740437047895e-01 -3.155374017565277001e+01 -2.234088618640616364e+00 6.869293420542806061e-02 3.532273067049070958e-01 2.452483432527091667e-01
4.629999999999945715e+00 9.693531043948714343e-01 -3.149428241883483182e+01 -2.203471743751119316e+00 7.323622028608660350e-02 3.549949053306095115e-01 2.473886071586699487e-01
4.629999999999945715e+00 9.693531043948714343e-01 -3.149428241883483182e+01 -2.203471743751119316e+00 7.323622028608660350e-02 3.549949053306095115e-01 2.473886071586699487e-01
4.639999999999945501e+00 9.757940955229374991e-01 -3.143572426500138661e+01 -2.173564817813214312e+00 7.786007876678169293e-02 3.567319839818126059e-01 2.495424576252007753e-01
4.639999999999945501e+00 9.757940955229374991e-01 -3.143572426500138661e+01 -2.173564817813214312e+00 7.786007876678169293e-02 3.567319839818126059e-01 2.495424576252007753e-01
4.649999999999945288e+00 9.821785025089798671e-01 -3.137808087138997593e+01 -2.144381809745281142e+00 8.256378270012376674e-02 3.584359438049539159e-01 2.517096643950582635e-01
4.649999999999945288e+00 9.821785025089798671e-01 -3.137808087138997593e+01 -2.144381809745281142e+00 8.256378270012376674e-02 3.584359438049539159e-01 2.517096643950582635e-01
4.659999999999945075e+00 9.885009394559933771e-01 -3.132136706528095615e+01 -2.115936812584503723e+00 8.734648896149652120e-02 3.601041238027433700e-01 2.538899889096840612e-01
4.659999999999945075e+00 9.885009394559933771e-01 -3.132136706528095615e+01 -2.115936812584503723e+00 8.734648896149652120e-02 3.601041238027433700e-01 2.538899889096840612e-01
4.669999999999944862e+00 9.947557774217629101e-01 -3.126559733045940348e+01 -2.088244034060468657e+00 9.220723574697847758e-02 3.617338043047547691e-01 2.560831845857158284e-01
4.669999999999944862e+00 9.947557774217629101e-01 -3.126559733045940348e+01 -2.088244034060468657e+00 9.220723574697847758e-02 3.617338043047547691e-01 2.560831845857158284e-01
4.679999999999944649e+00 1.000937142961549897e+00 -3.121078579398887598e+01 -2.061317786558729104e+00 9.714494032193005113e-02 3.633222108410850693e-01 2.582889971133026652e-01
4.679999999999944649e+00 1.000937142961549897e+00 -3.121078579398887598e+01 -2.061317786558729104e+00 9.714494032193005113e-02 3.633222108410850693e-01 2.582889971133026652e-01
4.689999999999944436e+00 1.007038917322125249e+00 -3.115694621333874181e+01 -2.035172476472614900e+00 1.021583970476186431e-01 3.648665184278498952e-01 2.605071647751941444e-01
4.689999999999944436e+00 1.007038917322125249e+00 -3.115694621333874181e+01 -2.035172476472614900e+00 1.021583970476186431e-01 3.648665184278498952e-01 2.605071647751941444e-01
4.699999999999944222e+00 1.013054736327475558e+00 -3.110409196390771314e+01 -2.009822592941761688e+00 1.072462757117418619e-01 3.663638562709743418e-01 2.627374187850202159e-01
4.699999999999944222e+00 1.013054736327475558e+00 -3.110409196390771314e+01 -2.009822592941761688e+00 1.072462757117418619e-01 3.663638562709743418e-01 2.627374187850202159e-01
4.709999999999944009e+00 1.018977990995735938e+00 -3.105223602698704255e+01 -1.985282695978829670e+00 1.124071201900420924e-01 3.678113128927374964e-01 2.649794836427563638e-01
4.709999999999944009e+00 1.018977990995735938e+00 -3.105223602698704255e+01 -1.985282695978829670e+00 1.124071201900420924e-01 3.678113128927374964e-01 2.649794836427563638e-01
4.719999999999943796e+00 1.024801828925869795e+00 -3.100139097820722256e+01 -1.961567403987282576e+00 1.176393474649720799e-01 3.692059416836401819e-01 2.672330775055438701e-01
4.719999999999943796e+00 1.024801828925869795e+00 -3.100139097820722256e+01 -1.961567403987282576e+00 1.176393474649720799e-01 3.692059416836401819e-01 2.672330775055438701e-01
4.729999999999943583e+00 1.030519156490871557e+00 -3.095156897651216710e+01 -1.938691380675152898e+00 1.229412470273989755e-01 3.705447668794977778e-01 2.694979125712479440e-01
4.729999999999943583e+00 1.030519156490871557e+00 -3.095156897651216710e+01 -1.938691380675152898e+00 1.229412470273989755e-01 3.705447668794977778e-01 2.694979125712479440e-01
4.739999999999943370e+00 1.036122641872190053e+00 -3.090278175370493230e+01 -1.916669321371889501e+00 1.283109806863413360e-01 3.718247899611260010e-01 2.717736954721342579e-01
4.739999999999943370e+00 1.036122641872190053e+00 -3.090278175370493230e+01 -1.916669321371889501e+00 1.283109806863413360e-01 3.718247899611260010e-01 2.717736954721342579e-01
4.749999999999943157e+00 1.041604718968403009e+00 -3.085504060460876019e+01 -1.895515938757683649e+00 1.337465828109021260e-01 3.730429964713485314e-01 2.740601276756212124e-01
4.749999999999943157e+00 1.041604718968403009e+00 -3.085504060460876019e+01 -1.895515938757683649e+00 1.337465828109021260e-01 3.730429964713485314e-01 2.740601276756212124e-01
4.759999999999942943e+00 1.046957592207983456e+00 -3.080835637788635850e+01 -1.875245948016567743e+00 1.392459610271236659e-01 3.741963632410411078e-01 2.763569058888856178e-01
4.759999999999942943e+00 1.046957592207983456e+00 -3.080835637788635850e+01 -1.875245948016567743e+00 1.392459610271236659e-01 3.741963632410411078e-01 2.763569058888856178e-01
4.769999999999942730e+00 1.052173242293543254e+00 -3.076273946755933508e+01 -1.855874051427180094e+00 1.448068973909703572e-01 3.752818660129026984e-01 2.786637224635914456e-01
4.769999999999942730e+00 1.052173242293543254e+00 -3.076273946755933508e+01 -1.855874051427180094e+00 1.448068973909703572e-01 3.752818660129026984e-01 2.786637224635914456e-01
4.779999999999942517e+00 1.057243432901509683e+00 -3.071819980526870353e+01 -1.837414922407246243e+00 1.504270500567521651e-01 3.762964874483074595e-01 2.809802657969420747e-01
4.779999999999942517e+00 1.057243432901509683e+00 -3.071819980526870353e+01 -1.837414922407246243e+00 1.504270500567521651e-01 3.762964874483074595e-01 2.809802657969420747e-01
4.789999999999942304e+00 1.062159718357846172e+00 -3.067474685331546169e+01 -1.819883189030206072e+00 1.561039554584450206e-01 3.772372254997783392e-01 2.833062207250521269e-01
4.789999999999942304e+00 1.062159718357846172e+00 -3.067474685331546169e+01 -1.819883189030206072e+00 1.561039554584450206e-01 3.772372254997783392e-01 2.833062207250521269e-01
4.799999999999942091e+00 1.066913452306046395e+00 -3.063238959851802079e+01 -1.803293417034882884e+00 1.618350310184878682e-01 3.781011021273006367e-01 2.856412689038910768e-01
4.799999999999942091e+00 1.066913452306046395e+00 -3.063238959851802079e+01 -1.803293417034882884e+00 1.618350310184878682e-01 3.781011021273006367e-01 2.856412689038910768e-01
4.809999999999941878e+00 1.071495797380231929e+00 -3.059113654692132300e+01 -1.787660092351416985e+00 1.676175783963762267e-01 3.788851723343514832e-01 2.879850891735898921e-01
4.809999999999941878e+00 1.071495797380231929e+00 -3.059113654692132300e+01 -1.787660092351416985e+00 1.676175783963762267e-01 3.788851723343514832e-01 2.879850891735898921e-01
4.819999999999941664e+00 1.075897735890868567e+00 -3.055099571938938396e+01 -1.772997603168822822e+00 1.734487872859554747e-01 3.795865334949928283e-01 2.903373579010424255e-01
4.819999999999941664e+00 1.075897735890868567e+00 -3.055099571938938396e+01 -1.772997603168822822e+00 1.734487872859554747e-01 3.795865334949928283e-01 2.903373579010424255e-01
4.829999999999941451e+00 1.080110081526479027e+00 -3.051197464811007620e+01 -1.759320221572550969e+00 1.793257397678157394e-01 3.802023349406218333e-01 2.926977492958746652e-01
4.829999999999941451e+00 1.080110081526479027e+00 -3.051197464811007620e+01 -1.759320221572550969e+00 1.793257397678157394e-01 3.802023349406218333e-01 2.926977492958746652e-01
4.839999999999941238e+00 1.084123492069565264e+00 -3.047408037403725700e+01 -1.746642084781981907e+00 1.852454152188094394e-01 3.807297877712063627e-01 2.950659356948542866e-01
4.839999999999941238e+00 1.084123492069565264e+00 -3.047408037403725700e+01 -1.746642084781981907e+00 1.852454152188094394e-01 3.807297877712063627e-01 2.950659356948542866e-01
4.849999999999941025e+00 1.087928483119396939e+00 -3.043731944529195488e+01 -1.734977176020587208e+00 1.912046957777147616e-01 3.811661748519886705e-01 2.974415878091344334e-01
4.849999999999941025e+00 1.087928483119396939e+00 -3.043731944529195488e+01 -1.734977176020587208e+00 1.912046957777147616e-01 3.811661748519886705e-01 2.974415878091344334e-01
4.859999999999940812e+00 1.091515442809571690e+00 -3.040169791653972808e+01 -1.724339305053592897e+00 1.972003723620042726e-01 3.815088609544642351e-01 2.998243749296995997e-01
4.859999999999940812e+00 1.091515442809571690e+00 -3.040169791653972808e+01 -1.724339305053592897e+00 1.972003723620042726e-01 3.815088609544642351e-01 2.998243749296995997e-01
4.869999999999940599e+00 1.094874647502103837e+00 -3.036722134935749651e+01 -1.714742088429895617e+00 2.032291512265542166e-01 3.817553029958569155e-01 3.022139650852539994e-01
4.869999999999940599e+00 1.094874647502103837e+00 -3.036722134935749651e+01 -1.714742088429895617e+00 2.032291512265542166e-01 3.817553029958569155e-01 3.022139650852539994e-01
4.879999999999940385e+00 1.097996278434339334e+00 -3.033389481359763451e+01 -1.706198929467501069e+00 2.092876610509006863e-01 3.819030603292725701e-01 3.046100251475832854e-01
4.879999999999940385e+00 1.097996278434339334e+00 -3.033389481359763451e+01 -1.706198929467501069e+00 2.092876610509006863e-01 3.819030603292725701e-01 3.046100251475832854e-01
4.889999999999940172e+00 1.100870439289625802e+00 -3.030172288975329309e+01 -1.698722998023250996e+00 2.153724605378617984e-01 3.819498050339805717e-01 3.070122208797372299e-01
4.889999999999940172e+00 1.100870439289625802e+00 -3.030172288975329309e+01 -1.698722998023250996e+00 2.153724605378617984e-01 3.819498050339805717e-01 3.070122208797372299e-01
4.899999999999939959e+00 1.103487174655866987e+00 -3.027070967232266341e+01 -1.692327210089674239e+00 2.214800465010336172e-01 3.818933321515272095e-01 3.094202169212981746e-01
4.899999999999939959e+00 1.103487174655866987e+00 -3.027070967232266341e+01 -1.692327210089674239e+00 2.214800465010336172e-01 3.818933321515272095e-01 3.094202169212981746e-01
4.909999999999939746e+00 1.105836489331767591e+00 -3.024085877416555235e+01 -1.687024207263358555e+00 2.276068624154878317e-01 3.817315698130478996e-01 3.118336767071930860e-01
4.909999999999939746e+00 1.105836489331767591e+00 -3.024085877416555235e+01 -1.687024207263358555e+00 2.276068624154878317e-01 3.817315698130478996e-01 3.118336767071930860e-01
4.919999999999939533e+00 1.107908368433510926e+00 -3.021217333183956910e+01 -1.682826336131124201e+00 2.337493074008005212e-01 3.814625891994580797e-01 3.142522623149041072e-01
4.919999999999939533e+00 1.107908368433510926e+00 -3.021217333183956910e+01 -1.682826336131124201e+00 2.337493074008005212e-01 3.814625891994580797e-01 3.142522623149041072e-01
4.929999999999939320e+00 1.109692798249797052e+00 -3.018465601189834402e+01 -1.679745627620996773e+00 2.399037456016372694e-01 3.810846142756925126e-01 3.166756342365806276e-01
4.929999999999939320e+00 1.109692798249797052e+00 -3.018465601189834402e+01 -1.679745627620996773e+00 2.399037456016372694e-01 3.810846142756925126e-01 3.166756342365806276e-01
4.939999999999939106e+00 1.111179787787628603e+00 -3.015830901812803333e+01 -1.677793776367074274e+00 2.460665159270694624e-01 3.805960312388755318e-01 3.191034510725812012e-01
4.939999999999939106e+00 1.111179787787628603e+00 -3.015830901812803333e+01 -1.677793776367074274e+00 2.460665159270694624e-01 3.805960312388755318e-01 3.191034510725812012e-01
4.949999999999938893e+00 1.112359390945691251e+00 -3.013313409969359924e+01 -1.676982120137566978e+00 2.522339421054651254e-01 3.799953976191853267e-01 3.215353691431979133e-01
4.949999999999938893e+00 1.112359390945691251e+00 -3.013313409969359924e+01 -1.676982120137566978e+00 2.522339421054651254e-01 3.799953976191853267e-01 3.215353691431979133e-01
4.959999999999938680e+00 1.113221729247363845e+00 -3.010913256016042183e+01 -1.677321619376773709e+00 2.584023430085399808e-01 3.792814509723648753e-01 3.239710420164547688e-01
4.959999999999938680e+00 1.113221729247363845e+00 -3.010913256016042183e+01 -1.677321619376773709e+00 2.584023430085399808e-01 3.792814509723648753e-01 3.239710420164547688e-01
4.969999999999938467e+00 1.113757015060873767e+00 -3.008630526735189292e+01 -1.678822836911993743e+00 2.645680431942293298e-01 3.784531171029813512e-01 3.264101199500668571e-01
4.969999999999938467e+00 1.113757015060873767e+00 -3.008630526735189292e+01 -1.678822836911993743e+00 2.645680431942293298e-01 3.784531171029813512e-01 3.264101199500668571e-01
4.979999999999938254e+00 1.113955575229302219e+00 -3.006465266399815306e+01 -1.681495917877161794e+00 2.707273836150365653e-01 3.775095177580269912e-01 3.288522492465351110e-01
4.979999999999938254e+00 1.113955575229302219e+00 -3.006465266399815306e+01 -1.681495917877161794e+00 2.707273836150365653e-01 3.775095177580269912e-01 3.288522492465351110e-01
4.989999999999938041e+00 1.113807875029589445e+00 -3.004417477912696555e+01 -1.685350569904750184e+00 2.768767324357355175e-01 3.764499777320909901e-01 3.312970715209958561e-01
4.989999999999938041e+00 1.113807875029589445e+00 -3.004417477912696555e+01 -1.685350569904750184e+00 2.768767324357355175e-01 3.764499777320909901e-01 3.312970715209958561e-01
4.999999999999937828e+00 1.113304542375632922e+00 -3.002487124014247399e+01 -1.690396043638056955e+00 2.830124959015888897e-01 3.752740313265088279e-01 3.337442228822375956e-01
4.999999999999937828e+00 1.113304542375632922e+00 -3.002487124014247399e+01 -1.690396043638056955e+00 2.830124959015888897e-01 3.752740313265088279e-01 3.337442228822375956e-01
5.009999999999937614e+00 1.112436392178271394e+00 -3.000674128553363929e+01 -1.696641113615335650e+00 2.891311291966057739e-01 3.739814281082424197e-01 3.361933330285415966e-01
5.009999999999937614e+00 1.112436392178271394e+00 -3.000674128553363929e+01 -1.696641113615335650e+00 2.891311291966057739e-01 3.739814281082424197e-01 3.361933330285415966e-01
5.019999999999937401e+00 1.111194450770990994e+00 -2.998978377815062757e+01 -1.704094059576995779e+00 2.952291472291701524e-01 3.725721379155466639e-01 3.386440242598277583e-01
5.019999999999937401e+00 1.111194450770990994e+00 -2.998978377815062757e+01 -1.704094059576995779e+00 2.952291472291701524e-01 3.725721379155466639e-01 3.386440242598277583e-01
5.029999999999937188e+00 1.109569980309467407e+00 -2.997399721898329616e+01 -1.712762648246485053e+00 3.013031352820428888e-01 3.710463550623293028e-01 3.410959104099282602e-01
5.029999999999937188e+00 1.109569980309467407e+00 -2.997399721898329616e+01 -1.712762648246485053e+00 3.013031352820428888e-01 3.710463550623293028e-01 3.410959104099282602e-01
5.039999999999936975e+00 1.107554503050491634e+00 -2.995937976137369674e+01 -1.722654115634529193e+00 3.073497594623770812e-01 3.694045016959985883e-01 3.435485957025401493e-01
5.039999999999936975e+00 1.107554503050491634e+00 -2.995937976137369674e+01 -1.722654115634529193e+00 3.073497594623770812e-01 3.694045016959985883e-01 3.435485957025401493e-01
5.049999999999936762e+00 1.105139825415131671e+00 -2.994592922559145620e+01 -1.733775149915334879e+00 3.133657768877617378e-01 3.676472302681297322e-01 3.460016735358718565e-01
5.049999999999936762e+00 1.105139825415131671e+00 -2.994592922559145620e+01 -1.733775149915334879e+00 3.133657768877617378e-01 3.676472302681297322e-01 3.460016735358718565e-01
5.059999999999936549e+00 1.102318061740400035e+00 -2.993364311369944630e+01 -1.746131874922177030e+00 3.193480455446618960e-01 3.657754250821401154e-01 3.484547252018974639e-01
5.059999999999936549e+00 1.102318061740400035e+00 -2.993364311369944630e+01 -1.746131874922177030e+00 3.193480455446618960e-01 3.657754250821401154e-01 3.484547252018974639e-01
5.069999999999936335e+00 1.099081657623895980e+00 -2.992251862463517753e+01 -1.759729834308260576e+00 3.252935337564593077e-01 3.637902028872398441e-01 3.509073185469860912e-01
5.069999999999936335e+00 1.099081657623895980e+00 -2.992251862463517753e+01 -1.759729834308260576e+00 3.252935337564593077e-01 3.637902028872398441e-01 3.509073185469860912e-01
5.079999999999936122e+00 1.095423412766349802e+00 -2.991255266943285562e+01 -1.774573976417056054e+00 3.311993291999800748e-01 3.616929124934736839e-01 3.533590065815679360e-01
5.079999999999936122e+00 1.095423412766349802e+00 -2.991255266943285562e+01 -1.774573976417056054e+00 3.311993291999800748e-01 3.616929124934736839e-01 3.533590065815679360e-01
5.089999999999935909e+00 1.091336503218455212e+00 -2.990374188651072629e+01 -1.790668639904521964e+00 3.370626474112941584e-01 3.594851333886845968e-01 3.558093260474769481e-01
5.089999999999935909e+00 1.091336503218455212e+00 -2.990374188651072629e+01 -1.790668639904521964e+00 3.370626474112941584e-01 3.594851333886845968e-01 3.558093260474769481e-01
5.099999999999935696e+00 1.086814502939895011e+00 -2.989608265694830180e+01 -1.808017540153688429e+00 3.428808397242236738e-01 3.571686733440564421e-01 3.582577959521894284e-01
5.099999999999935696e+00 1.086814502939895011e+00 -2.989608265694830180e+01 -1.808017540153688429e+00 3.428808397242236738e-01 3.571686733440564421e-01 3.582577959521894284e-01
5.109999999999935483e+00 1.081851404581124498e+00 -2.988957111967919644e+01 -1.826623756519723196e+00 3.486514005880136935e-01 3.547455650018616069e-01 3.607039160804138556e-01
5.109999999999935483e+00 1.081851404581124498e+00 -2.988957111967919644e+01 -1.826623756519723196e+00 3.486514005880136935e-01 3.547455650018616069e-01 3.607039160804138556e-01
5.119999999999935270e+00 1.076441639400933292e+00 -2.988420318652626051e+01 -1.846489720441456983e+00 3.543719742139311291e-01 3.522180614448627844e-01 3.631471654934963489e-01
5.119999999999935270e+00 1.076441639400933292e+00 -2.988420318652626051e+01 -1.846489720441456983e+00 3.543719742139311291e-01 3.522180614448627844e-01 3.631471654934963489e-01
5.129999999999935056e+00 1.070580096236970480e+00 -2.987997455700804394e+01 -1.867617204452927560e+00 3.600403605050451761e-01 3.495886307546021143e-01 3.655870010287940453e-01
5.129999999999935056e+00 1.070580096236970480e+00 -2.987997455700804394e+01 -1.867617204452927560e+00 3.600403605050451761e-01 3.495886307546021143e-01 3.655870010287940453e-01
5.139999999999934843e+00 1.064262139449199118e+00 -2.987688073284760648e+01 -1.890007312125825401e+00 3.656545202271891948e-01 3.468599495712569869e-01 3.680228558103704195e-01
5.139999999999934843e+00 1.064262139449199118e+00 -2.987688073284760648e+01 -1.890007312125825401e+00 3.656545202271891948e-01 3.468599495712569869e-01 3.680228558103704195e-01
5.149999999999934630e+00 1.057483625761733936e+00 -2.987491703211789229e+01 -1.913660468970967088e+00 3.712125793840865273e-01 3.440348956757358634e-01 3.704541377841048533e-01
5.149999999999934630e+00 1.057483625761733936e+00 -2.987491703211789229e+01 -1.913660468970967088e+00 3.712125793840865273e-01 3.440348956757358634e-01 3.704541377841048533e-01
5.159999999999934417e+00 1.050240919932675210e+00 -2.987407860296092466e+01 -1.938576414324737485e+00 3.767128327650295927e-01 3.411165396207906930e-01 3.728802282900711695e-01
5.159999999999934417e+00 1.050240919932675210e+00 -2.987407860296092466e+01 -1.938576414324737485e+00 3.767128327650295927e-01 3.411165396207906930e-01 3.728802282900711695e-01
5.169999999999934204e+00 1.042530909186820010e+00 -2.987436043682209430e+01 -1.964754194242630980e+00 3.821537466380807713e-01 3.381081354444617215e-01 3.753004806850332997e-01
5.169999999999934204e+00 1.042530909186820010e+00 -2.987436043682209430e+01 -1.964754194242630980e+00 3.821537466380807713e-01 3.381081354444617215e-01 3.753004806850332997e-01
5.179999999999933991e+00 1.034351016351963137e+00 -2.987575738114492552e+01 -1.992192155420407840e+00 3.875339605684290922e-01 3.350131105061182613e-01 3.777142190288749202e-01
5.179999999999933991e+00 1.034351016351963137e+00 -2.987575738114492552e+01 -1.992192155420407840e+00 3.875339605684290922e-01 3.350131105061182613e-01 3.777142190288749202e-01
5.189999999999933777e+00 1.025699211645199727e+00 -2.987826415147579340e+01 -2.020887940159015184e+00 3.928522883459243942e-01 3.318350544910259048e-01 3.801207368479652127e-01
5.189999999999933777e+00 1.025699211645199727e+00 -2.987826415147579340e+01 -2.020887940159015184e+00 3.928522883459243942e-01 3.318350544910259048e-01 3.801207368479652127e-01
5.199999999999933564e+00 1.016574023061735277e+00 -2.988187534293385994e+01 -2.050838482387830286e+00 3.981077180133554272e-01 3.285777076354619020e-01 3.825192959888549238e-01
5.199999999999933564e+00 1.016574023061735277e+00 -2.988187534293385994e+01 -2.050838482387830286e+00 3.981077180133554272e-01 3.285777076354619020e-01 3.825192959888549238e-01
5.209999999999933351e+00 1.006974545325455273e+00 -2.988658544100498560e+01 -2.082040004756796847e+00 4.032994109914728176e-01 3.252449482301720263e-01 3.849091255754042429e-01
5.209999999999933351e+00 1.006974545325455273e+00 -2.988658544100498560e+01 -2.082040004756796847e+00 4.032994109914728176e-01 3.252449482301720263e-01 3.849091255754042429e-01
5.219999999999933138e+00 9.969004473670186606e-01 -2.989238883162546756e+01 -2.114488016805490478e+00 4.084267003042250099e-01 3.218407794649928988e-01 3.872894210821826722e-01
5.219999999999933138e+00 9.969004473670186606e-01 -2.989238883162546756e+01 -2.114488016805490478e+00 4.084267003042250099e-01 3.218407794649928988e-01 3.872894210821826722e-01
5.229999999999932925e+00 9.863519783014469411e-01 -2.989927981052517225e+01 -2.148177314214155142e+00 4.134890879124815122e-01 3.183693156816783665e-01 3.896593435358035595e-01
5.229999999999932925e+00 9.863519783014469411e-01 -2.989927981052517225e+01 -2.148177314214155142e+00 4.134890879124815122e-01 3.183693156816783665e-01 3.896593435358035595e-01
5.239999999999932712e+00 9.753299718852896927e-01 -2.990725259180650397e+01 -2.183101979138554416e+00 4.184862411713445307e-01 3.148347681073750959e-01 3.920180188567494728e-01
5.239999999999932712e+00 9.753299718852896927e-01 -2.990725259180650397e+01 -2.183101979138554416e+00 4.184862411713445307e-01 3.148347681073750959e-01 3.920180188567494728e-01
5.249999999999932498e+00 9.638358494391481290e-01 -2.991630131574046558e+01 -2.219255381627746271e+00 4.234179884319138609e-01 3.112414301437962383e-01 3.943645373519573116e-01
5.249999999999932498e+00 9.638358494391481290e-01 -2.991630131574046558e+01 -2.219255381627746271e+00 4.234179884319138609e-01 3.112414301437962383e-01 3.943645373519573116e-01
5.259999999999932285e+00 9.518716212289777268e-01 -2.992642005576708186e+01 -2.256630182120904049e+00 4.282843138134815320e-01 3.075936622907453621e-01 3.966979533683967496e-01
5.259999999999932285e+00 9.518716212289777268e-01 -2.992642005576708186e+01 -2.256630182120904049e+00 4.282843138134815320e-01 3.075936622907453621e-01 3.966979533683967496e-01
5.269999999999932072e+00 9.394398863066566463e-01 -2.993760282469313339e+01 -2.295218335016428579e+00 4.330853511785477394e-01 3.038958767856563270e-01 3.990172851172492097e-01
5.269999999999932072e+00 9.394398863066566463e-01 -2.993760282469313339e+01 -2.295218335016428579e+00 4.330853511785477394e-01 3.038958767856563270e-01 3.990172851172492097e-01
5.279999999999931859e+00 9.265438308165314663e-01 -2.994984358008549918e+01 -2.335011093303823948e+00 4.378213773476368198e-01 3.001525220419546391e-01 4.013215146762783014e-01
5.279999999999931859e+00 9.265438308165314663e-01 -2.994984358008549918e+01 -2.335011093303823948e+00 4.378213773476368198e-01 3.001525220419546391e-01 4.013215146762783014e-01
5.289999999999931646e+00 9.131872247821717359e-01 -2.996313622886434302e+01 -2.375999014246024110e+00 4.424928045963381074e-01 2.963680669713001370e-01 4.036095881779151462e-01
5.289999999999931646e+00 9.131872247821717359e-01 -2.996313622886434302e+01 -2.375999014246024110e+00 4.424928045963381074e-01 2.963680669713001370e-01 4.036095881779151462e-01
5.299999999999931433e+00 8.993744173936381037e-01 -2.997747463110509614e+01 -2.418171966097325321e+00 4.471001724810818034e-01 2.925469852749278399e-01 4.058804161884984607e-01
5.299999999999931433e+00 8.993744173936381037e-01 -2.997747463110509614e+01 -2.418171966097325321e+00 4.471001724810818034e-01 2.925469852749278399e-01 4.058804161884984607e-01
5.309999999999931219e+00 8.851103308223017274e-01 -2.999285260306449885e+01 -2.461519135839378425e+00 4.516441390456298888e-01 2.886937397899006497e-01 4.081328742836994872e-01
5.309999999999931219e+00 8.851103308223017274e-01 -2.999285260306449885e+01 -2.461519135839378425e+00 4.516441390456298888e-01 2.886937397899006497e-01 4.081328742836994872e-01
5.319999999999931006e+00 8.704004525962557581e-01 -3.000926391944964067e+01 -2.506029037915142865e+00 4.561254714625175288e-01 2.848127669752653635e-01 4.103658038228134020e-01
5.319999999999931006e+00 8.704004525962557581e-01 -3.000926391944964067e+01 -2.506029037915142865e+00 4.561254714625175288e-01 2.848127669752653635e-01 4.103658038228134020e-01
5.329999999999930793e+00 8.552508265755048855e-01 -3.002670231495516262e+01 -2.551689523938781345e+00 4.605450361692943195e-01 2.809084616223266329e-01 4.125780129243408201e-01
5.329999999999930793e+00 8.552508265755048855e-01 -3.002670231495516262e+01 -2.551689523938781345e+00 4.605450361692943195e-01 2.809084616223266329e-01 4.125780129243408201e-01
5.339999999999930580e+00 8.396680425714135865e-01 -3.004516148509698681e+01 -2.598487793356520914e+00 4.649037885603816700e-01 2.769851618712675378e-01 4.147682776427678020e-01
5.339999999999930580e+00 8.396680425714135865e-01 -3.004516148509698681e+01 -2.598487793356520914e+00 4.649037885603816700e-01 2.769851618712675378e-01 4.147682776427678020e-01
5.349999999999930367e+00 8.236592246606835310e-01 -3.006463508637667559e+01 -2.646410405031815571e+00 4.692027622997971825e-01 2.730471346144515143e-01 4.169353433461063796e-01
5.349999999999930367e+00 8.236592246606835310e-01 -3.006463508637667559e+01 -2.646410405031815571e+00 4.692027622997971825e-01 2.730471346144515143e-01 4.169353433461063796e-01
5.359999999999930154e+00 8.072320182486119045e-01 -3.008511673581307377e+01 -2.695443289726236813e+00 4.734430583211693411e-01 2.690985613635928919e-01 4.190779262913510994e-01
5.359999999999930154e+00 8.072320182486119045e-01 -3.008511673581307377e+01 -2.695443289726236813e+00 4.734430583211693411e-01 2.690985613635928919e-01 4.190779262913510994e-01
5.369999999999929940e+00 7.903945759412536187e-01 -3.010660000988283969e+01 -2.745571763445081359e+00 4.776258335835293356e-01 2.651435246547204638e-01 4.211947153942933175e-01
5.369999999999929940e+00 7.903945759412536187e-01 -3.010660000988283969e+01 -2.745571763445081359e+00 4.776258335835293356e-01 2.651435246547204638e-01 4.211947153942933175e-01
5.379999999999929727e+00 7.731555422900963093e-01 -3.012907844291390447e+01 -2.796780541615377036e+00 4.817522896524511489e-01 2.611859950611208347e-01 4.232843741883836053e-01
5.379999999999929727e+00 7.731555422900963093e-01 -3.012907844291390447e+01 -2.796780541615377036e+00 4.817522896524511489e-01 2.611859950611208347e-01 4.232843741883836053e-01
5.389999999999929514e+00 7.555240374769087719e-01 -3.015254552497956908e+01 -2.849053754062322863e+00 4.858236611772240865e-01 2.572298188800097307e-01 4.253455429662107434e-01
5.389999999999929514e+00 7.555240374769087719e-01 -3.015254552497956908e+01 -2.849053754062322863e+00 4.858236611772240865e-01 2.572298188800097307e-01 4.253455429662107434e-01
5.399999999999929301e+00 7.375096400092068238e-01 -3.017699469934311196e+01 -2.902374960748343558e+00 4.898412043342797451e-01 2.532787065538718574e-01 4.273768410955054442e-01
5.399999999999929301e+00 7.375096400092068238e-01 -3.017699469934311196e+01 -2.902374960748343558e+00 4.898412043342797451e-01 2.532787065538718574e-01 4.273768410955054442e-01
5.409999999999929088e+00 7.191223685004146660e-01 -3.020241935950539514e+01 -2.956727168238072245e+00 4.938061853077004293e-01 2.493362218826242760e-01 4.293768695010211633e-01
5.409999999999929088e+00 7.191223685004146660e-01 -3.020241935950539514e+01 -2.956727168238072245e+00 4.938061853077004293e-01 2.493362218826242760e-01 4.293768695010211633e-01
5.419999999999928875e+00 7.003726626101963726e-01 -3.022881284590972939e+01 -3.012092846851071481e+00 4.977198688760279266e-01 2.454057720764825090e-01 4.313442133013808411e-01
5.419999999999928875e+00 7.003726626101963726e-01 -3.022881284590972939e+01 -3.012092846851071481e+00 4.977198688760279266e-01 2.454057720764825090e-01 4.313442133013808411e-01
5.429999999999928662e+00 6.812713632237372696e-01 -3.025616844235998215e+01 -3.068453948463119918e+00 5.015835071742791307e-01 2.414905986949124062e-01 4.332774445904500338e-01
5.429999999999928662e+00 6.812713632237372696e-01 -3.025616844235998215e+01 -3.068453948463119918e+00 5.015835071742791307e-01 2.414905986949124062e-01 4.332774445904500338e-01
5.439999999999928448e+00 6.618296919485716634e-01 -3.028447937220853703e+01 -3.125791924916133446e+00 5.053983286973284805e-01 2.375937695094056945e-01 4.351751253499756000e-01
5.439999999999928448e+00 6.618296919485716634e-01 -3.028447937220853703e+01 -3.125791924916133446e+00 5.053983286973284805e-01 2.375937695094056945e-01 4.351751253499756000e-01
5.449999999999928235e+00 6.420592300104235317e-01 -3.031373879437245122e+01 -3.184087746995834856e+00 5.091655276100042204e-01 2.337181713232986402e-01 4.370358104813504285e-01
5.449999999999928235e+00 6.420592300104235317e-01 -3.031373879437245122e+01 -3.184087746995834856e+00 5.091655276100042204e-01 2.337181713232986402e-01 4.370358104813504285e-01
5.459999999999928022e+00 6.219718966284391026e-01 -3.034393979923547491e+01 -3.243321923936005824e+00 5.128862534253180172e-01 2.298665037739798800e-01 4.388580509416373232e-01
5.459999999999928022e+00 6.219718966284391026e-01 -3.034393979923547491e+01 -3.243321923936005824e+00 5.128862534253180172e-01 2.298665037739798800e-01 4.388580509416373232e-01
5.469999999999927809e+00 6.015799269515929026e-01 -3.037507540449452748e+01 -3.303474523407196273e+00 5.165616011104625649e-01 2.260412741374584478e-01 4.406403969701488954e-01
5.469999999999927809e+00 6.015799269515929026e-01 -3.037507540449452748e+01 -3.303474523407196273e+00 5.165616011104625649e-01 2.260412741374584478e-01 4.406403969701488954e-01
5.479999999999927596e+00 5.808958496369581725e-01 -3.040713855100825924e+01 -3.364525191948123606e+00 5.201926016760290983e-01 2.222447931480828753e-01 4.423814013897671149e-01
5.479999999999927596e+00 5.808958496369581725e-01 -3.040713855100825924e+01 -3.364525191948123606e+00 5.201926016760290983e-01 2.222447931480828753e-01 4.423814013897671149e-01
5.489999999999927383e+00 5.599324641499950905e-01 -3.044012209870526320e+01 -3.426453175797029793e+00 5.237802133005300398e-01 2.184791718398280125e-01 4.440796229678145579e-01
5.489999999999927383e+00 5.599324641499950905e-01 -3.044012209870526320e+01 -3.426453175797029793e+00 5.237802133005300398e-01 2.184791718398280125e-01 4.440796229678145579e-01
5.499999999999927169e+00 5.387028178665725919e-01 -3.047401882260780326e+01 -3.489237342081297655e+00 5.273253130390714860e-01 2.147463194096321804e-01 4.457336298212518644e-01
5.499999999999927169e+00 5.387028178665725919e-01 -3.047401882260780326e+01 -3.489237342081297655e+00 5.273253130390714860e-01 2.147463194096321804e-01 4.457336298212518644e-01
5.509999999999926956e+00 5.172201830534874922e-01 -3.050882140902604434e+01 -3.552856200322262570e+00 5.308286891586153633e-01 2.110479420957460661e-01 4.473420028488698241e-01
5.509999999999926956e+00 5.172201830534874922e-01 -3.050882140902604434e+01 -3.552856200322262570e+00 5.308286891586153633e-01 2.110479420957460661e-01 4.473420028488698241e-01
5.519999999999926743e+00 4.954980338039713383e-01 -3.054452245197629878e+01 -3.617287924213803407e+00 5.342910341405116004e-01 2.073855430590952897e-01 4.489033391760282043e-01
5.519999999999926743e+00 4.954980338039713383e-01 -3.054452245197629878e+01 -3.617287924213803407e+00 5.342910341405116004e-01 2.073855430590952897e-01 4.489033391760282043e-01
5.529999999999926530e+00 4.735500230013878209e-01 -3.058111444987409300e+01 -3.682510373632637446e+00 5.377129383838561427e-01 2.037604232487533196e-01 4.504162555949211555e-01
5.529999999999926530e+00 4.735500230013878209e-01 -3.058111444987409300e+01 -3.682510373632637446e+00 5.377129383838561427e-01 2.037604232487533196e-01 4.504162555949211555e-01
5.539999999999926317e+00 4.513899593823176293e-01 -3.061858980255144047e+01 -3.748501116839070502e+00 5.410948846398166978e-01 2.001736832272198452e-01 4.518793919851951113e-01
5.539999999999926317e+00 4.513899593823176293e-01 -3.061858980255144047e+01 -3.748501116839070502e+00 5.410948846398166978e-01 2.001736832272198452e-01 4.518793919851951113e-01
5.549999999999926104e+00 4.290317847671993867e-01 -3.065694080864495774e+01 -3.815237452827255460e+00 5.444372432010158303e-01 1.966262259254243361e-01 4.532914146990326687e-01
5.549999999999926104e+00 4.290317847671993867e-01 -3.065694080864495774e+01 -3.815237452827255460e+00 5.444372432010158303e-01 1.966262259254243361e-01 4.532914146990326687e-01
5.559999999999925890e+00 4.064895515239144164e-01 -3.069615966339846480e+01 -3.882696433784827761e+00 5.477402678657782298e-01 1.931187602925570346e-01 4.546510198961829508e-01
5.559999999999925890e+00 4.064895515239144164e-01 -3.069615966339846480e+01 -3.882696433784827761e+00 5.477402678657782298e-01 1.931187602925570346e-01 4.546510198961829508e-01
5.569999999999925677e+00 3.837774003259668554e-01 -3.073623845692147682e+01 -3.950854887621978229e+00 5.510040926906248915e-01 1.896518058001980256e-01 4.559569368132875278e-01
5.569999999999925677e+00 3.837774003259668554e-01 -3.073623845692147682e+01 -3.950854887621978229e+00 5.510040926906248915e-01 1.896518058001980256e-01 4.559569368132875278e-01
5.579999999999925464e+00 3.609095382640808425e-01 -3.077716917294108967e+01 -4.019689440531581504e+00 5.542287295408019343e-01 1.862256977567021687e-01 4.572079309547976145e-01
5.579999999999925464e+00 3.609095382640808425e-01 -3.077716917294108967e+01 -4.019689440531581504e+00 5.542287295408019343e-01 1.862256977567021687e-01 4.572079309547976145e-01
5.589999999999925251e+00 3.379002173659152453e-01 -3.081894368808233153e+01 -4.089176539541659494e+00 5.574140664416581403e-01 1.828405933828746166e-01 4.584028071908666790e-01
5.589999999999925251e+00 3.379002173659152453e-01 -3.081894368808233153e+01 -4.089176539541659494e+00 5.574140664416581403e-01 1.828405933828746166e-01 4.584028071908666790e-01
5.599999999999925038e+00 3.147637135747033965e-01 -3.086155377170805991e+01 -4.159292475023210756e+00 5.605598667296634030e-01 1.794964785964675569e-01 4.595404127497395574e-01
5.599999999999925038e+00 3.147637135747033965e-01 -3.086155377170805991e+01 -4.159292475023210756e+00 5.605598667296634030e-01 1.794964785964675569e-01 4.595404127497395574e-01
5.609999999999924825e+00 2.915143062344766611e-01 -3.090499108634620740e+01 -4.230013403116910986e+00 5.636657689963211482e-01 1.761931754502115144e-01 4.606196400931095170e-01
5.609999999999924825e+00 2.915143062344766611e-01 -3.090499108634620740e+01 -4.230013403116910986e+00 5.636657689963211482e-01 1.761931754502115144e-01 4.606196400931095170e-01
5.619999999999924611e+00 2.681662581249611432e-01 -3.094924718872864489e+01 -4.301315368043156617e+00 5.667312878138099919e-01 1.729303501648983277e-01 4.616394296628452132e-01
5.619999999999924611e+00 2.681662581249611432e-01 -3.094924718872864489e+01 -4.301315368043156617e+00 5.667312878138099919e-01 1.729303501648983277e-01 4.616394296628452132e-01
5.629999999999924398e+00 2.447337960849311211e-01 -3.099431353146231771e+01 -4.373174324260530987e+00 5.697558152250336017e-01 1.697075216964772926e-01 4.625987724882317798e-01
5.629999999999924398e+00 2.447337960849311211e-01 -3.099431353146231771e+01 -4.373174324260530987e+00 5.697558152250336017e-01 1.697075216964772926e-01 4.625987724882317798e-01
5.639999999999924185e+00 2.212310922600522478e-01 -3.104018146534924227e+01 -4.445566158439505422e+00 5.727386229784153793e-01 1.665240707752316252e-01 4.634967126454758723e-01
5.639999999999924185e+00 2.212310922600522478e-01 -3.104018146534924227e+01 -4.445566158439505422e+00 5.727386229784153793e-01 1.665240707752316252e-01 4.634967126454758723e-01
5.649999999999923972e+00 1.976722460057965536e-01 -3.108684224236872140e+01 -4.518466711218454890e+00 5.756788654812833306e-01 1.633792493526874945e-01 4.643323495597063699e-01
5.649999999999923972e+00 1.976722460057965536e-01 -3.108684224236872140e+01 -4.518466711218454890e+00 5.756788654812833306e-01 1.633792493526874945e-01 4.643323495597063699e-01
5.659999999999923759e+00 1.740712664727933068e-01 -3.113428701933107945e+01 -4.591851798709884136e+00 5.785755834426880018e-01 1.602721903915969026e-01 4.651048401422821499e-01
5.659999999999923759e+00 1.740712664727933068e-01 -3.113428701933107945e+01 -4.591851798709884136e+00 5.785755834426880018e-01 1.602721903915969026e-01 4.651048401422821499e-01
5.669999999999923546e+00 1.504420558980743561e-01 -3.118250686220849843e+01 -4.665697233726984194e+00 5.814277081728607133e-01 1.572019179339580464e-01 4.658134007567646950e-01
5.669999999999923546e+00 1.504420558980743561e-01 -3.118250686220849843e+01 -4.665697233726984194e+00 5.814277081728607133e-01 1.572019179339580464e-01 4.658134007567646950e-01
5.679999999999923332e+00 1.267983936215371088e-01 -3.123149275114496248e+01 -4.739978846700016568e+00 5.842340665024552404e-01 1.541673573818812537e-01 4.664573090077542838e-01
5.679999999999923332e+00 1.267983936215371088e-01 -3.123149275114496248e+01 -4.739978846700016568e+00 5.842340665024552404e-01 1.541673573818812537e-01 4.664573090077542838e-01
5.689999999999923119e+00 1.031539208433153720e-01 -3.128123558614365152e+01 -4.814672506254339623e+00 5.869933862819294301e-01 1.511673459267277586e-01 4.670359053474575362e-01
5.689999999999923119e+00 1.031539208433153720e-01 -3.128123558614365152e+01 -4.814672506254339623e+00 5.869933862819294301e-01 1.511673459267277586e-01 4.670359053474575362e-01
5.699999999999922906e+00 7.952212613412591724e-02 -3.133172619342650833e+01 -4.889754139422242574e+00 5.897043024185714133e-01 1.482006430628958205e-01 4.675485944964360430e-01
5.699999999999922906e+00 7.952212613412591724e-02 -3.133172619342650833e+01 -4.889754139422242574e+00 5.897043024185714133e-01 1.482006430628958205e-01 4.675485944964360430e-01
5.709999999999922693e+00 5.591633170715354373e-02 -3.138295533245685576e+01 -4.965199751462180622e+00 5.923653634063235085e-01 1.452659411240862508e-01 4.679948466754744185e-01
5.709999999999922693e+00 5.591633170715354373e-02 -3.138295533245685576e+01 -4.965199751462180622e+00 5.923653634063235085e-01 1.452659411240862508e-01 4.679948466754744185e-01
5.719999999999922480e+00 3.234968045663073194e-02 -3.143491370361340387e+01 -5.040985445259464015e+00 5.949750383010152799e-01 1.423618757814191227e-01 4.683741986462621743e-01
5.719999999999922480e+00 3.234968045663073194e-02 -3.143491370361340387e+01 -5.040985445259464015e+00 5.949750383010152799e-01 1.423618757814191227e-01 4.683741986462621743e-01
5.729999999999922267e+00 8.835123765093320578e-03 -3.148759195649939002e+01 -5.117087440284706190e+00 5.975317240931554696e-01 1.394870364452767686e-01 4.686862545602321628e-01
5.729999999999922267e+00 8.835123765093320578e-03 -3.148759195649939002e+01 -5.117087440284706190e+00 5.975317240931554696e-01 1.394870364452767686e-01 4.686862545602321628e-01
5.739999999999922053e+00 -1.461458992165467694e-02 -3.154098069886855171e+01 -5.193482091086014663e+00 6.000337534275070883e-01 1.366399765148778034e-01 4.689306866148417186e-01
5.739999999999922053e+00 -1.461458992165467694e-02 -3.154098069886855171e+01 -5.193482091086014663e+00 6.000337534275070883e-01 1.366399765148778034e-01 4.689306866148417186e-01
5.749999999999921840e+00 -3.798692575609748101e-02 -3.159507050614576684e+01 -5.270145905292998201e+00 6.024794026190164464e-01 1.338192234224867549e-01 4.691072355178561581e-01
5.749999999999921840e+00 -3.798692575609748101e-02 -3.159507050614576684e+01 -5.270145905292998201e+00 6.024794026190164464e-01 1.338192234224867549e-01 4.691072355178561581e-01
5.759999999999921627e+00 -6.126957239319293785e-02 -3.164985193151735388e+01 -5.347055561111671906e+00 6.048668999137963853e-01 1.310232884225244199e-01 4.692157107615058109e-01
5.759999999999921627e+00 -6.126957239319293785e-02 -3.164985193151735388e+01 -5.347055561111671906e+00 6.048668999137963853e-01 1.310232884225244199e-01 4.692157107615058109e-01
5.769999999999921414e+00 -8.445045114673034592e-02 -3.170531551656324609e+01 -5.424187924290185592e+00 6.071944339434197646e-01 1.282506760786698008e-01 4.692559907080930959e-01
5.769999999999921414e+00 -8.445045114673034592e-02 -3.170531551656324609e+01 -5.424187924290185592e+00 6.071944339434197646e-01 1.282506760786698008e-01 4.692559907080930959e-01
5.779999999999921201e+00 -1.075177244089795398e-01 -3.176145180240093779e+01 -5.501520064536697063e+00 6.094601623214589425e-01 1.254998934059863291e-01 4.692280224903033758e-01
5.779999999999921201e+00 -1.075177244089795398e-01 -3.176145180240093779e+01 -5.501520064536697063e+00 6.094601623214589425e-01 1.254998934059863291e-01 4.692280224903033758e-01
5.789999999999920988e+00 -1.304598033473121366e-01 -3.181825134130726696e+01 -5.579029271372101029e+00 6.116622203313146766e-01 1.227694586286215417e-01 4.691318217297809623e-01
5.789999999999920988e+00 -1.304598033473121366e-01 -3.181825134130726696e+01 -5.579029271372101029e+00 6.116622203313146766e-01 1.227694586286215417e-01 4.691318217297809623e-01
5.799999999999920774e+00 -1.532653548928807341e-01 -3.187570470878310402e+01 -5.656693069401415030e+00 6.137987296559126449e-01 1.200579095177182753e-01 4.689674720785254047e-01
5.799999999999920774e+00 -1.532653548928807341e-01 -3.187570470878310402e+01 -5.656693069401415030e+00 6.137987296559126449e-01 1.200579095177182753e-01 4.689674720785254047e-01
5.809999999999920561e+00 -1.759233080389516202e-01 -3.193380251602295061e+01 -5.734489232988780216e+00 6.158678071002333665e-01 1.173638112776750342e-01 4.687351245874801231e-01
5.809999999999920561e+00 -1.759233080389516202e-01 -3.193380251602295061e+01 -5.734489232988780216e+00 6.158678071002333665e-01 1.173638112776750342e-01 4.687351245874801231e-01
5.819999999999920348e+00 -1.984228594670995049e-01 -3.199253542274928108e+01 -5.812395800322772033e+00 6.178675732600297232e-01 1.146857639535426854e-01 4.684349969085812582e-01
5.819999999999920348e+00 -1.984228594670995049e-01 -3.199253542274928108e+01 -5.812395800322772033e+00 6.178675732600297232e-01 1.146857639535426854e-01 4.684349969085812582e-01
5.829999999999920135e+00 -2.207534785215643225e-01 -3.205189415036966238e+01 -5.890391086859771974e+00 6.197961610912464669e-01 1.120224093359786233e-01 4.680673723359760618e-01
5.829999999999920135e+00 -2.207534785215643225e-01 -3.205189415036966238e+01 -5.890391086859771974e+00 6.197961610912464669e-01 1.120224093359786233e-01 4.680673723359760618e-01
5.839999999999919922e+00 -2.429049115527365521e-01 -3.211186949541313851e+01 -5.968453698134642771e+00 6.216517243372060575e-01 1.093724373444770470e-01 4.676325986931251233e-01
5.839999999999919922e+00 -2.429049115527365521e-01 -3.211186949541313851e+01 -5.968453698134642771e+00 6.216517243372060575e-01 1.093724373444770470e-01 4.676325986931251233e-01
5.849999999999919709e+00 -2.648671856521687129e-01 -3.217245234320004244e+01 -6.046562541929387358e+00 6.234324457723829926e-01 1.067345918734837751e-01 4.671310870728326847e-01
5.849999999999919709e+00 -2.648671856521687129e-01 -3.217245234320004244e+01 -6.046562541929387358e+00 6.234324457723829926e-01 1.067345918734837751e-01 4.671310870728326847e-01
5.859999999999919496e+00 -2.866306118018461802e-01 -3.223363368169847121e+01 -6.124696839792019176e+00 6.251365452246827603e-01 1.041076760902890364e-01 4.665633104378790197e-01
5.859999999999919496e+00 -2.866306118018461802e-01 -3.223363368169847121e+01 -6.124696839792019176e+00 6.251365452246827603e-01 1.041076760902890364e-01 4.665633104378790197e-01
5.869999999999919282e+00 -3.081857874615005488e-01 -3.229540461551918185e+01 -6.202836137899260471e+00 6.267622873402748374e-01 1.014905571772399817e-01 4.659298020900526360e-01
5.869999999999919282e+00 -3.081857874615005488e-01 -3.229540461551918185e+01 -6.202836137899260471e+00 6.267622873402748374e-01 1.014905571772399817e-01 4.659298020900526360e-01
5.879999999999919069e+00 -3.295235986180725662e-01 -3.235775637999945786e+01 -6.280960317258361236e+00 6.283079890583632698e-01 9.888217051472691921e-02 4.652311540157721970e-01
5.879999999999919069e+00 -3.295235986180725662e-01 -3.235775637999945786e+01 -6.280960317258361236e+00 6.283079890583632698e-01 9.888217051472691921e-02 4.652311540157721970e-01
5.889999999999918856e+00 -3.506352213219601777e-01 -3.242068035532563641e+01 -6.359049603244373294e+00 6.297720267653439397e-01 9.628152330503958467e-02 4.644680151165910820e-01
5.889999999999918856e+00 -3.506352213219601777e-01 -3.242068035532563641e+01 -6.359049603244373294e+00 6.297720267653439397e-01 9.628152330503958467e-02 4.644680151165910820e-01
5.899999999999918643e+00 -3.715121227345619670e-01 -3.248416808064310857e+01 -6.437084574471899856e+00 6.311528431021856678e-01 9.368769764079681872e-02 4.636410893338830386e-01
5.899999999999918643e+00 -3.715121227345619670e-01 -3.248416808064310857e+01 -6.437084574471899856e+00 6.311528431021856678e-01 9.368769764079681872e-02 4.636410893338830386e-01
5.909999999999918430e+00 -3.921460617120854364e-01 -3.254821126810197285e+01 -6.515046171000409281e+00 6.324489534004346103e-01 9.109985302485779091e-02 4.627511336759575489e-01
5.909999999999918430e+00 -3.921460617120854364e-01 -3.254821126810197285e+01 -6.515046171000409281e+00 6.324489534004346103e-01 9.109985302485779091e-02 4.627511336759575489e-01
5.919999999999918217e+00 -4.125290889505835445e-01 -3.261280181678633738e+01 -6.592915701875077694e+00 6.336589517263119253e-01 8.851722835171638160e-02 4.617989561567579226e-01
5.919999999999918217e+00 -4.125290889505835445e-01 -3.261280181678633738e+01 -6.592915701875077694e+00 6.336589517263119253e-01 8.851722835171638160e-02 4.617989561567579226e-01
5.929999999999918003e+00 -4.326535467164921989e-01 -3.267793182647476868e+01 -6.670674852005967992e+00 6.347815165156456274e-01 8.593914336358546291e-02 4.607854136558305891e-01
5.929999999999918003e+00 -4.326535467164921989e-01 -3.267793182647476868e+01 -6.670674852005967992e+00 6.347815165156456274e-01 8.593914336358546291e-02 4.607854136558305891e-01
5.939999999999917790e+00 -4.525120681874789663e-01 -3.274359361117948453e+01 -6.748305688390164647e+00 6.358154157842963450e-01 8.336499959667420523e-02 4.597114097077557027e-01
5.939999999999917790e+00 -4.525120681874789663e-01 -3.274359361117948453e+01 -6.748305688390164647e+00 6.358154157842963450e-01 8.336499959667420523e-02 4.597114097077557027e-01
5.949999999999917577e+00 -4.720975764275940900e-01 -3.280977971241182445e+01 -6.825790665682961667e+00 6.367595119032533058e-01 8.079428083589162979e-02 4.585778922308912930e-01
5.949999999999917577e+00 -4.720975764275940900e-01 -3.280977971241182445e+01 -6.825790665682961667e+00 6.367595119032533058e-01 8.079428083589162979e-02 4.585778922308912930e-01
5.959999999999917364e+00 -4.914032830201920943e-01 -3.287648291212229168e+01 -6.903112631125947196e+00 6.376127659297721184e-01 7.822655309844678273e-02 4.573858512044275404e-01
5.959999999999917364e+00 -4.914032830201920943e-01 -3.287648291212229168e+01 -6.903112631125947196e+00 6.376127659297721184e-01 7.822655309844678273e-02 4.573858512044275404e-01
5.969999999999917151e+00 -5.104226863822910465e-01 -3.294369624526353135e+01 -6.980254828840824821e+00 6.383742414884603367e-01 7.566146416848357203e-02 4.561363163020096811e-01
5.969999999999917151e+00 -5.104226863822910465e-01 -3.294369624526353135e+01 -6.980254828840824821e+00 6.383742414884603367e-01 7.566146416848357203e-02 4.561363163020096811e-01
5.979999999999916938e+00 -5.291495697823730415e-01 -3.301141301192549804e+01 -7.057200903499987632e+00 6.390431082004606189e-01 7.309874270715083222e-02 4.548303544922267516e-01
5.979999999999916938e+00 -5.291495697823730415e-01 -3.301141301192549804e+01 -7.057200903499987632e+00 6.390431082004606189e-01 7.309874270715083222e-02 4.548303544922267516e-01
5.989999999999916724e+00 -5.475779990842659650e-01 -3.307962678899289699e+01 -7.133934903385589443e+00 6.396186446596312525e-01 7.053819696329960420e-02 4.534690676128703135e-01
5.989999999999916724e+00 -5.475779990842659650e-01 -3.307962678899289699e+01 -7.133934903385589443e+00 6.396186446596312525e-01 7.053819696329960420e-02 4.534690676128703135e-01
5.999999999999916511e+00 -5.657023202379354299e-01 -3.314833144127638320e+01 -7.210441282850672096e+00 6.401002409587623898e-01 6.797971311187911425e-02 4.520535899287877468e-01
5.999999999999916511e+00 -5.657023202379354299e-01 -3.314833144127638320e+01 -7.210441282850672096e+00 6.401002409587623898e-01 6.797971311187911425e-02 4.520535899287877468e-01
6.009999999999916298e+00 -5.835171565381005454e-01 -3.321752113206965618e+01 -7.286704904197227606e+00 6.404874007707961336e-01 6.542325324766865013e-02 4.505850856811214333e-01
6.009999999999916298e+00 -5.835171565381005454e-01 -3.321752113206965618e+01 -7.286704904197227606e+00 6.404874007707961336e-01 6.542325324766865013e-02 4.505850856811214333e-01
6.019999999999916085e+00 -6.010174056703028178e-01 -3.328719033308643560e+01 -7.362711038986884837e+00 6.407797429914325882e-01 6.286885306288833575e-02 4.490647466355250916e-01
6.019999999999916085e+00 -6.010174056703028178e-01 -3.328719033308643560e+01 -7.362711038986884837e+00 6.407797429914325882e-01 6.286885306288833575e-02 4.490647466355250916e-01
6.029999999999915872e+00 -6.181982365637114230e-01 -3.335733383373316485e+01 -7.438445368801628099e+00 6.409770029530539315e-01 6.031661923768711492e-02 4.474937896375673629e-01
6.029999999999915872e+00 -6.181982365637114230e-01 -3.335733383373316485e+01 -7.438445368801628099e+00 6.409770029530539315e-01 6.031661923768711492e-02 4.474937896375673629e-01
6.039999999999915659e+00 -6.350550860687909083e-01 -3.342794674967414181e+01 -7.513893985472730463e+00 6.410790332202866981e-01 5.776672657285700924e-02 4.458734541820861264e-01
6.039999999999915659e+00 -6.350550860687909083e-01 -3.342794674967414181e+01 -7.513893985472730463e+00 6.410790332202866981e-01 5.776672657285700924e-02 4.458734541820861264e-01
6.049999999999915445e+00 -6.515836554771132771e-01 -3.349902453064907348e+01 -7.589043390797186817e+00 6.410858039805168440e-01 5.521941489421262200e-02 4.442050000040171920e-01
6.049999999999915445e+00 -6.515836554771132771e-01 -3.349902453064907348e+01 -7.589043390797186817e+00 6.410858039805168440e-01 5.521941489421262200e-02 4.442050000040171920e-01
6.059999999999915232e+00 -6.677799069001223442e-01 -3.357056296750359792e+01 -7.663880495762002809e+00 6.409974030431462300e-01 5.267498575782018216e-02 4.424897046968546688e-01
6.059999999999915232e+00 -6.677799069001223442e-01 -3.357056296750359792e+01 -7.663880495762002809e+00 6.409974030431462300e-01 5.267498575782018216e-02 4.424897046968546688e-01
6.069999999999915019e+00 -6.836400595223499632e-01 -3.364255819839714690e+01 -7.738392619297321140e+00 6.408140354636242542e-01 5.013379898513174032e-02 4.407288613651776377e-01
6.069999999999915019e+00 -6.836400595223499632e-01 -3.364255819839714690e+01 -7.738392619297321140e+00 6.408140354636242542e-01 5.013379898513174032e-02 4.407288613651776377e-01
6.079999999999914806e+00 -6.991605857439960880e-01 -3.371500671415367378e+01 -7.812567486580006104e+00 6.405360228081826701e-01 4.759626905649145395e-02 4.389237763167928019e-01
6.079999999999914806e+00 -6.991605857439960880e-01 -3.371500671415367378e+01 -7.812567486580006104e+00 6.405360228081826701e-01 4.759626905649145395e-02 4.389237763167928019e-01
6.089999999999914593e+00 -7.143382072269256478e-01 -3.378790536272398981e+01 -7.886393226910768384e+00 6.401638020781676985e-01 4.506286139078783531e-02 4.370757668004741081e-01
6.089999999999914593e+00 -7.143382072269256478e-01 -3.378790536272398981e+01 -7.886393226910768384e+00 6.401638020781676985e-01 4.506286139078783531e-02 4.370757668004741081e-01
6.099999999999914380e+00 -7.291698908569208548e-01 -3.386125135273093889e+01 -7.959858371187239712e+00 6.396979243111950986e-01 4.253408853842138154e-02 4.351861587936074471e-01
6.099999999999914380e+00 -7.291698908569208548e-01 -3.386125135273093889e+01 -7.959858371187239712e+00 6.396979243111950986e-01 4.253408853842138154e-02 4.351861587936074471e-01
6.109999999999914166e+00 -7.436528446348794619e-01 -3.393504225607131275e+01 -8.032951848996859212e+00 6.391390528791520698e-01 4.001050631355462101e-02 4.332562848447905068e-01
6.109999999999914166e+00 -7.436528446348794619e-01 -3.393504225607131275e+01 -8.032951848996859212e+00 6.391390528791520698e-01 4.001050631355462101e-02 4.332562848447905068e-01
6.119999999999913953e+00 -7.577845135080047978e-01 -3.400927600955149188e+01 -8.105662985353374594e+00 6.384879615019745103e-01 3.749270989079978716e-02 4.312874819754162203e-01
6.119999999999913953e+00 -7.577845135080047978e-01 -3.400927600955149188e+01 -8.105662985353374594e+00 6.384879615019745103e-01 3.749270989079978716e-02 4.312874819754162203e-01
6.129999999999913740e+00 -7.715625751519020747e-01 -3.408395091553670397e+01 -8.177981497100908825e+00 6.377455319973750481e-01 3.498132989020386052e-02 4.292810896439029911e-01
6.129999999999913740e+00 -7.715625751519020747e-01 -3.408395091553670397e+01 -8.177981497100908825e+00 6.377455319973750481e-01 3.498132989020386052e-02 4.292810896439029911e-01
6.139999999999913527e+00 -7.849849357131943872e-01 -3.415906564159669756e+01 -8.249897489010203699e+00 6.369127517863408805e-01 3.247702847317523317e-02 4.272384477762017907e-01
6.139999999999913527e+00 -7.849849357131943872e-01 -3.415906564159669756e+01 -8.249897489010203699e+00 6.369127517863408805e-01 3.247702847317523317e-02 4.272384477762017907e-01
6.149999999999913314e+00 -7.980497255218396147e-01 -3.423461921913399664e+01 -8.321401449590828392e+00 6.359907111742881813e-01 2.998049547073567897e-02 4.251608948650940079e-01
6.149999999999913314e+00 -7.980497255218396147e-01 -3.423461921913399664e+01 -8.321401449590828392e+00 6.359907111742881813e-01 2.998049547073567897e-02 4.251608948650940079e-01
6.159999999999913101e+00 -8.107552947812997068e-01 -3.431061104098412784e+01 -8.392484246644245971e+00 6.349806004279456850e-01 2.749244456397970798e-02 4.230497661414123201e-01
6.159999999999913101e+00 -8.107552947812997068e-01 -3.431061104098412784e+01 -8.392484246644245971e+00 6.349806004279456850e-01 2.749244456397970798e-02 4.230497661414123201e-01
6.169999999999912887e+00 -8.231002092444044127e-01 -3.438704085798023158e+01 -8.463137122581123606e+00 6.338837066669446019e-01 2.501360953522743444e-02 4.209063918184591246e-01
6.169999999999912887e+00 -8.231002092444044127e-01 -3.438704085798023158e+01 -8.463137122581123606e+00 6.338837066669446019e-01 2.501360953522743444e-02 4.209063918184591246e-01
6.179999999999912674e+00 -8.350832458813439718e-01 -3.446390877447784362e+01 -8.533351689527435724e+00 6.327014105900798935e-01 2.254474060697938403e-02 4.187320954126366734e-01
6.179999999999912674e+00 -8.350832458813439718e-01 -3.446390877447784362e+01 -8.533351689527435724e+00 6.327014105900798935e-01 2.254474060697938403e-02 4.187320954126366734e-01
6.189999999999912461e+00 -8.467033885463218779e-01 -3.454121524283913658e+01 -8.603119924242403016e+00 6.314351830543259991e-01 2.008660088413986161e-02 4.165281921406395194e-01
6.189999999999912461e+00 -8.467033885463218779e-01 -3.454121524283913658e+01 -8.603119924242403016e+00 6.314351830543259991e-01 2.008660088413986161e-02 4.165281921406395194e-01
6.199999999999912248e+00 -8.579598236483391149e-01 -3.461896105687908687e+01 -8.672434162871571317e+00 6.300865815249405699e-01 1.763996291351441550e-02 4.142959873947409388e-01
6.199999999999912248e+00 -8.579598236483391149e-01 -3.461896105687908687e+01 -8.672434162871571317e+00 6.300865815249405699e-01 1.763996291351441550e-02 4.142959873947409388e-01
6.209999999999912035e+00 -8.688519358309528817e-01 -3.469714734427927283e+01 -8.741287095557536801e+00 6.286572464143362904e-01 1.520560537309042365e-02 4.120367752971124675e-01
6.209999999999912035e+00 -8.688519358309528817e-01 -3.469714734427927283e+01 -8.741287095557536801e+00 6.286572464143362904e-01 1.520560537309042365e-02 4.120367752971124675e-01
6.219999999999911822e+00 -8.793793036653717587e-01 -3.477577555797849840e+01 -8.809671760930447348e+00 6.271488973263856792e-01 1.278430990215020761e-02 4.097518373333817188e-01
6.219999999999911822e+00 -8.793793036653717587e-01 -3.477577555797849840e+01 -8.809671760930447348e+00 6.271488973263856792e-01 1.278430990215020761e-02 4.097518373333817188e-01
6.229999999999911608e+00 -8.895416953609224242e-01 -3.485484746655275501e+01 -8.877581540499372537e+00 6.255633292221450814e-01 1.037685808155610657e-02 4.074424410654827744e-01
6.229999999999911608e+00 -8.895416953609224242e-01 -3.485484746655275501e+01 -8.877581540499372537e+00 6.255633292221450814e-01 1.037685808155610657e-02 4.074424410654827744e-01
6.239999999999911395e+00 -8.993390644958448865e-01 -3.493436514360001865e+01 -8.945010152965240380e+00 6.239024085223461302e-01 7.984028572495804887e-03 4.051098389240600506e-01
6.239999999999911395e+00 -8.993390644958448865e-01 -3.493436514360001865e+01 -8.945010152965240380e+00 6.239024085223461302e-01 7.984028572495804887e-03 4.051098389240600506e-01
6.249999999999911182e+00 -9.087715457714826695e-01 -3.501433095614900282e+01 -9.011951648475479359e+00 6.221680691616259251e-01 5.606594419986897157e-03 4.027552670800691459e-01
6.249999999999911182e+00 -9.087715457714826695e-01 -3.501433095614900282e+01 -9.011951648475479359e+00 6.221680691616259251e-01 5.606594419986897157e-03 4.027552670800691459e-01
6.259999999999910969e+00 -9.178394507922721379e-01 -3.509474755211392250e+01 -9.078400402838324723e+00 6.203623086065630510e-01 3.245320526657564670e-03 4.003799443939207725e-01
6.259999999999910969e+00 -9.178394507922721379e-01 -3.509474755211392250e+01 -9.078400402838324723e+00 6.203623086065630510e-01 3.245320526657564670e-03 4.003799443939207725e-01
6.269999999999910756e+00 -9.265432638733182014e-01 -3.517561784682006021e+01 -9.144351111716071401e+00 6.184871838521109888e-01 9.009613004578215277e-04 3.979850714431741876e-01
6.269999999999910756e+00 -9.265432638733182014e-01 -3.517561784682006021e+01 -9.144351111716071401e+00 6.184871838521109888e-01 9.009613004578215277e-04 3.979850714431741876e-01
6.279999999999910543e+00 -9.348836378772243938e-01 -3.525694500862899616e+01 -9.209798784813267858e+00 6.165448074070238871e-01 -1.425741520957029803e-03 3.955718296261616640e-01
6.279999999999910543e+00 -9.348836378772243938e-01 -3.525694500862899616e+01 -9.209798784813267858e+00 6.165448074070238871e-01 -1.425741520957029803e-03 3.955718296261616640e-01
6.289999999999910330e+00 -9.428613900815943083e-01 -3.533873244369375755e+01 -9.274738740076353238e+00 6.145373432792240465e-01 -3.734060867860382067e-03 3.931413803407893814e-01
6.289999999999910330e+00 -9.428613900815943083e-01 -3.533873244369375755e+01 -9.274738740076353238e+00 6.145373432792240465e-01 -3.734060867860382067e-03 3.931413803407893814e-01
6.299999999999910116e+00 -9.504774980779502336e-01 -3.542098377987859692e+01 -9.339166597919870583e+00 6.124670029720500342e-01 -6.023286157950226774e-03 3.906948642375530634e-01
6.299999999999910116e+00 -9.504774980779502336e-01 -3.542098377987859692e+01 -9.339166597919870583e+00 6.124670029720500342e-01 -6.023286157950226774e-03 3.906948642375530634e-01
6.309999999999909903e+00 -9.577330957027864189e-01 -3.550370284987948111e+01 -9.403078275492461557e+00 6.103360414991740868e-01 -8.292724938438723881e-03 3.882334005444546543e-01
6.309999999999909903e+00 -9.577330957027864189e-01 -3.550370284987948111e+01 -9.403078275492461557e+00 6.103360414991740868e-01 -8.292724938438723881e-03 3.882334005444546543e-01
6.319999999999909690e+00 -9.646294690011700812e-01 -3.558689367358451250e+01 -9.466469980996876643e+00 6.081467534284845655e-01 -1.054170435283888554e-02 3.857580864631104944e-01
6.319999999999909690e+00 -9.646294690011700812e-01 -3.558689367358451250e+01 -9.466469980996876643e+00 6.081467534284845655e-01 -1.054170435283888554e-02 3.857580864631104944e-01
6.329999999999909477e+00 -9.711680522232702950e-01 -3.567056043971660984e+01 -9.529338208073742322e+00 6.059014689599134806e-01 -1.276957243516717473e-02 3.832699966326245100e-01
6.329999999999909477e+00 -9.711680522232702950e-01 -3.567056043971660984e+01 -9.529338208073742322e+00 6.059014689599134806e-01 -1.276957243516717473e-02 3.832699966326245100e-01
6.339999999999909264e+00 -9.773504238535980493e-01 -3.575470748680152866e+01 -9.591679730261587267e+00 6.036025500464486937e-01 -1.497569923541501764e-02 3.807701826612733820e-01
6.339999999999909264e+00 -9.773504238535980493e-01 -3.575470748680152866e+01 -9.591679730261587267e+00 6.036025500464486937e-01 -1.497569923541501764e-02 3.807701826612733820e-01
6.349999999999909051e+00 -9.831783026728077024e-01 -3.583933928350811016e+01 -9.653491595541636272e+00 6.012523865629592068e-01 -1.715947778074756666e-02 3.782596727227172106e-01
6.349999999999909051e+00 -9.831783026728077024e-01 -3.583933928350811016e+01 -9.653491595541636272e+00 6.012523865629592068e-01 -1.715947778074756666e-02 3.782596727227172106e-01
6.359999999999908837e+00 -9.886535438521659724e-01 -3.592446040840908239e+01 -9.714771120975505880e+00 5.988533925280076220e-01 -1.932032487778755081e-02 3.757394712142807514e-01
6.359999999999908837e+00 -9.886535438521659724e-01 -3.592446040840908239e+01 -9.714771120975505880e+00 5.988533925280076220e-01 -1.932032487778755081e-02 3.757394712142807514e-01
6.369999999999908624e+00 -9.937781350798818858e-01 -3.601007552921210220e+01 -9.775515887443804175e+00 5.964080023839003486e-01 -2.145768176190104848e-02 3.732105584764708883e-01
6.369999999999908624e+00 -9.937781350798818858e-01 -3.601007552921210220e+01 -9.775515887443804175e+00 5.964080023839003486e-01 -2.145768176190104848e-02 3.732105584764708883e-01
6.379999999999908411e+00 -9.985541927190736411e-01 -3.609618938151349710e+01 -9.835723734491148562e+00 5.939186673386434023e-01 -2.357101459996030143e-02 3.706738905703408360e-01
6.379999999999908411e+00 -9.985541927190736411e-01 -3.609618938151349710e+01 -9.835723734491148562e+00 5.939186673386434023e-01 -2.357101459996030143e-02 3.706738905703408360e-01
6.389999999999908198e+00 -1.002983957996857134e+00 -3.618280674712778477e+01 -9.895392755282856001e+00 5.913878517729415085e-01 -2.565981485364332917e-02 3.681303991107923723e-01
6.389999999999908198e+00 -1.002983957996857134e+00 -3.618280674712778477e+01 -9.895392755282856001e+00 5.913878517729415085e-01 -2.565981485364332917e-02 3.681303991107923723e-01
6.399999999999907985e+00 -1.007069793224084853e+00 -3.626993243204853457e+01 -9.954521291677176364e+00 5.888180297153096099e-01 -2.772359951069798198e-02 3.655809911532679202e-01
6.399999999999907985e+00 -1.007069793224084853e+00 -3.626993243204853457e+01 -9.954521291677176364e+00 5.888180297153096099e-01 -2.772359951069798198e-02 3.655809911532679202e-01
6.409999999999907772e+00 -1.010814178044986189e+00 -3.635757124409590091e+01 -1.001310792941607808e+01 5.862116813875063448e-01 -2.976191119196649332e-02 3.630265491320250337e-01
6.409999999999907772e+00 -1.010814178044986189e+00 -3.635757124409590091e+01 -1.001310792941607808e+01 5.862116813875063448e-01 -2.976191119196649332e-02 3.630265491320250337e-01
6.419999999999907558e+00 -1.014219705716340680e+00 -3.644572797030903644e+01 -1.007115149343643168e+01 5.835712898221808720e-01 -3.177431814224770945e-02 3.604679308468161647e-01
6.419999999999907558e+00 -1.014219705716340680e+00 -3.644572797030903644e+01 -1.007115149343643168e+01 5.835712898221808720e-01 -3.177431814224770945e-02 3.604679308468161647e-01
6.429999999999907345e+00 -1.017289079415872877e+00 -3.653440735414093155e+01 -1.012865104330236399e+01 5.808993375539742710e-01 -3.376041411340683501e-02 3.579059694958249827e-01
6.429999999999907345e+00 -1.017289079415872877e+00 -3.653440735414093155e+01 -1.012865104330236399e+01 5.808993375539742710e-01 -3.376041411340683501e-02 3.579059694958249827e-01
6.439999999999907132e+00 -1.020025108578794804e+00 -3.662361407251484025e+01 -1.018560586875890195e+01 5.781983033852259313e-01 -3.571981814798066285e-02 3.553414737530239398e-01
6.439999999999907132e+00 -1.020025108578794804e+00 -3.662361407251484025e+01 -1.018560586875890195e+01 5.781983033852259313e-01 -3.571981814798066285e-02 3.553414737530239398e-01
6.449999999999906919e+00 -1.022430705262913131e+00 -3.671335271280186419e+01 -1.024201548540593976e+01 5.754706592269723808e-01 -3.765217427207449841e-02 3.527752278863020008e-01
6.449999999999906919e+00 -1.022430705262913131e+00 -3.671335271280186419e+01 -1.024201548540593976e+01 5.754706592269723808e-01 -3.765217427207449841e-02 3.527752278863020008e-01
6.459999999999906706e+00 -1.024508880541193934e+00 -3.680362774977933782e+01 -1.029787963049085242e+01 5.727188670160545669e-01 -3.955715110601694395e-02 3.502079919154993393e-01
6.459999999999906706e+00 -1.024508880541193934e+00 -3.680362774977933782e+01 -1.029787963049085242e+01 5.727188670160545669e-01 -3.955715110601694395e-02 3.502079919154993393e-01
6.469999999999906493e+00 -1.026262740922089911e+00 -3.689444352263045346e+01 -1.035319825881644284e+01 5.699453757072918680e-01 -4.143444140124161873e-02 3.476405018061635710e-01
6.469999999999906493e+00 -1.026262740922089911e+00 -3.689444352263045346e+01 -1.035319825881644284e+01 5.699453757072918680e-01 -4.143444140124161873e-02 3.476405018061635710e-01
6.479999999999906279e+00 -1.027695484797174652e+00 -3.698580421204473367e+01 -1.040797153876202152e+01 5.671526183423380996e-01 -4.328376151209875622e-02 3.450734696984317784e-01
6.479999999999906279e+00 -1.027695484797174652e+00 -3.698580421204473367e+01 -1.040797153876202152e+01 5.671526183423380996e-01 -4.328376151209875622e-02 3.450734696984317784e-01
6.489999999999906066e+00 -1.028810398916137903e+00 -3.707771381747988926e+01 -1.046219984841241413e+01 5.643430091937967630e-01 -4.510485081072908992e-02 3.425075841673113075e-01
6.489999999999906066e+00 -1.028810398916137903e+00 -3.707771381747988926e+01 -1.046219984841241413e+01 5.643430091937967630e-01 -4.510485081072908992e-02 3.425075841673113075e-01
6.499999999999905853e+00 -1.029610854889073890e+00 -3.717017613464421544e+01 -1.051588377179070299e+01 5.615189409846161883e-01 -4.689747105330491911e-02 3.399435105128189027e-01
6.499999999999905853e+00 -1.029610854889073890e+00 -3.717017613464421544e+01 -1.051588377179070299e+01 5.615189409846161883e-01 -4.689747105330491911e-02 3.399435105128189027e-01
6.509999999999905640e+00 -1.030100305716497688e+00 -3.726319473325912668e+01 -1.056902409518897201e+01 5.586827821822053508e-01 -4.866140570551334699e-02 3.373818910770093327e-01
6.509999999999905640e+00 -1.030100305716497688e+00 -3.726319473325912668e+01 -1.056902409518897201e+01 5.586827821822053508e-01 -4.866140570551334699e-02 3.373818910770093327e-01
6.519999999999905427e+00 -1.030282282346951073e+00 -3.735677293515998088e+01 -1.062162180359157659e+01 5.558368743671084911e-01 -5.039645923506049646e-02 3.348233455866543862e-01
6.519999999999905427e+00 -1.030282282346951073e+00 -3.735677293515998088e+01 -1.062162180359157659e+01 5.558368743671084911e-01 -5.039645923506049646e-02 3.348233455866543862e-01
6.529999999999905214e+00 -1.030160390262907066e+00 -3.745091379279308086e+01 -1.067367807718400385e+01 5.529835296751955953e-01 -5.210245637846707550e-02 3.322684715182917525e-01
6.529999999999905214e+00 -1.030160390262907066e+00 -3.745091379279308086e+01 -1.067367807718400385e+01 5.529835296751955953e-01 -5.210245637846707550e-02 3.322684715182917525e-01
6.539999999999905000e+00 -1.029738306095468570e+00 -3.754562006816572506e+01 -1.072519428794048935e+01 5.501250283127661067e-01 -5.377924138935701037e-02 3.297178444839414801e-01
6.539999999999905000e+00 -1.029738306095468570e+00 -3.754562006816572506e+01 -1.072519428794048935e+01 5.501250283127661067e-01 -5.377924138935701037e-02 3.297178444839414801e-01
6.549999999999904787e+00 -1.029019774268244758e+00 -3.764089421230443122e+01 -1.077617199628339684e+01 5.472636161443731329e-01 -5.542667727484715257e-02 3.271720186356250615e-01
6.549999999999904787e+00 -1.029019774268244758e+00 -3.764089421230443122e+01 -1.077617199628339684e+01 5.472636161443731329e-01 -5.542667727484715257e-02 3.271720186356250615e-01
6.559999999999904574e+00 -1.028008603671478172e+00 -3.773673834527609472e+01 -1.082661294780650607e+01 5.444015023524616526e-01 -5.704464502646957452e-02 3.246315270862389912e-01
6.559999999999904574e+00 -1.028008603671478172e+00 -3.773673834527609472e+01 -1.082661294780650607e+01 5.444015023524616526e-01 -5.704464502646957452e-02 3.246315270862389912e-01
6.569999999999904361e+00 -1.026708664367054880e+00 -3.783315423682479661e+01 -1.087651907005390051e+01 5.415408571680022654e-01 -5.863304285141892475e-02 3.220968823447653007e-01
6.569999999999904361e+00 -1.026708664367054880e+00 -3.783315423682479661e+01 -1.087651907005390051e+01 5.415408571680022654e-01 -5.863304285141892475e-02 3.220968823447653007e-01
6.579999999999904148e+00 -1.025123884325477963e+00 -3.793014328767530685e+01 -1.092589246934713465e+01 5.386838096724222424e-01 -6.019178540979665953e-02 3.195685767643299258e-01
6.579999999999904148e+00 -1.025123884325477963e+00 -3.793014328767530685e+01 -1.092589246934713465e+01 5.386838096724222424e-01 -6.019178540979665953e-02 3.195685767643299258e-01
6.589999999999903935e+00 -1.023258246195765997e+00 -3.802770651155306325e+01 -1.097473542765168730e+01 5.358324456698114746e-01 -6.172080306281479273e-02 3.170470830009766150e-01
6.589999999999903935e+00 -1.023258246195765997e+00 -3.802770651155306325e+01 -1.097473542765168730e+01 5.358324456698114746e-01 -6.172080306281479273e-02 3.170470830009766150e-01
6.599999999999903721e+00 -1.021115784109716040e+00 -3.812584451796834628e+01 -1.102305039947412801e+01 5.329888056288459852e-01 -6.322004113660516234e-02 3.145328544808196902e-01
6.599999999999903721e+00 -1.021115784109716040e+00 -3.812584451796834628e+01 -1.102305039947412801e+01 5.329888056288459852e-01 -6.322004113660516234e-02 3.145328544808196902e-01
6.609999999999903508e+00 -1.018700580521504140e+00 -3.822455749581012441e+01 -1.107084000878199603e+01 5.301548826949600279e-01 -6.468945920586881282e-02 3.120263258749375046e-01
6.609999999999903508e+00 -1.018700580521504140e+00 -3.822455749581012441e+01 -1.107084000878199603e+01 5.301548826949600279e-01 -6.468945920586881282e-02 3.120263258749375046e-01
6.619999999999903295e+00 -1.016016763084101493e+00 -3.832384519779336784e+01 -1.111810704593750465e+01 5.273326207721773518e-01 -6.612903040106991870e-02 3.095279135795514502e-01
6.619999999999903295e+00 -1.016016763084101493e+00 -3.832384519779336784e+01 -1.111810704593750465e+01 5.273326207721773518e-01 -6.612903040106991870e-02 3.095279135795514502e-01
6.629999999999903082e+00 -1.013068501564057478e+00 -3.842370692580111324e+01 -1.116485446463619802e+01 5.245239126743217462e-01 -6.753874074237718739e-02 3.070380161999279878e-01
6.629999999999903082e+00 -1.013068501564057478e+00 -3.842370692580111324e+01 -1.116485446463619802e+01 5.245239126743217462e-01 -6.753874074237718739e-02 3.070380161999279878e-01
6.639999999999902869e+00 -1.009860004795935851e+00 -3.852414151716030233e+01 -1.121108537884286349e+01 5.217305983465141406e-01 -6.891858850334549313e-02 3.045570150370063844e-01
6.639999999999902869e+00 -1.009860004795935851e+00 -3.852414151716030233e+01 -1.121108537884286349e+01 5.217305983465141406e-01 -6.891858850334549313e-02 3.045570150370063844e-01
6.649999999999902656e+00 -1.006395517678090767e+00 -3.862514733188818639e+01 -1.125680305971516582e+01 5.189544631560110144e-01 -7.026858360641317913e-02 3.020852745745520318e-01
6.649999999999902656e+00 -1.006395517678090767e+00 -3.862514733188818639e+01 -1.125680305971516582e+01 5.189544631560110144e-01 -7.026858360641317913e-02 3.020852745745520318e-01
6.659999999999902442e+00 -1.002679318211416426e+00 -3.872672224094301896e+01 -1.130201093250806998e+01 5.161972362540719894e-01 -7.158874705256128290e-02 2.996231429663726020e-01
6.659999999999902442e+00 -1.002679318211416426e+00 -3.872672224094301896e+01 -1.130201093250806998e+01 5.161972362540719894e-01 -7.158874705256128290e-02 2.996231429663726020e-01
6.669999999999902229e+00 -9.987157145825933391e-01 -3.882886361551087617e+01 -1.134671257344994011e+01 5.134605890081997970e-01 -7.287911038619675208e-02 2.971709525214263348e-01
6.669999999999902229e+00 -9.987157145825933391e-01 -3.882886361551087617e+01 -1.134671257344994011e+01 5.134605890081997970e-01 -7.287911038619675208e-02 2.971709525214263348e-01
6.679999999999902016e+00 -9.945090422936139207e-01 -3.893156831735721113e+01 -1.139091170658281449e+01 5.107461335056662222e-01 -7.413971519665724097e-02 2.947290201861519909e-01
6.679999999999902016e+00 -9.945090422936139207e-01 -3.893156831735721113e+01 -1.139091170658281449e+01 5.107461335056662222e-01 -7.413971519665724097e-02 2.947290201861519909e-01
6.689999999999901803e+00 -9.900636613392086449e-01 -3.903483269026894931e+01 -1.143461220055993977e+01 5.080554211296127720e-01 -7.537061265688868583e-02 2.922976480229337870e-01
6.689999999999901803e+00 -9.900636613392086449e-01 -3.903483269026894931e+01 -1.143461220055993977e+01 5.080554211296127720e-01 -7.537061265688868583e-02 2.922976480229337870e-01
6.699999999999901590e+00 -9.853839534338517669e-01 -3.913865255261067233e+01 -1.147781806539225968e+01 5.053899412077254016e-01 -7.657186309967782545e-02 2.898771236832805576e-01
6.699999999999901590e+00 -9.853839534338517669e-01 -3.913865255261067233e+01 -1.147781806539225968e+01 5.053899412077254016e-01 -7.657186309967782545e-02 2.898771236832805576e-01
6.709999999999901377e+00 -9.804743192901171911e-01 -3.924302319101489900e+01 -1.152053344913760213e+01 5.027511197345666538e-01 -7.774353563117102073e-02 2.874677208748117052e-01
6.709999999999901377e+00 -9.804743192901171911e-01 -3.924302319101489900e+01 -1.152053344913760213e+01 5.027511197345666538e-01 -7.774353563117102073e-02 2.874677208748117052e-01
6.719999999999901164e+00 -9.753391759498850622e-01 -3.934793935522360186e+01 -1.156276263452623176e+01 5.001403181693749866e-01 -7.888570778159408048e-02 2.850696998217256417e-01
6.719999999999901164e+00 -9.753391759498850622e-01 -3.934793935522360186e+01 -1.156276263452623176e+01 5.001403181693749866e-01 -7.888570778159408048e-02 2.850696998217256417e-01
6.729999999999900950e+00 -9.699829541701642244e-01 -3.945339525409573866e+01 -1.160451003551601445e+01 4.975588323094594090e-01 -7.999846519214103002e-02 2.826833077170901598e-01
6.729999999999900950e+00 -9.699829541701642244e-01 -3.945339525409573866e+01 -1.160451003551601445e+01 4.975588323094594090e-01 -7.999846519214103002e-02 2.826833077170901598e-01
6.739999999999900737e+00 -9.644100958650987376e-01 -3.955938455279151356e+01 -1.164578019377202445e+01 4.950078912410847964e-01 -8.108190133718232162e-02 2.803087791667656092e-01
6.739999999999900737e+00 -9.644100958650987376e-01 -3.955938455279151356e+01 -1.164578019377202445e+01 4.950078912410847964e-01 -8.108190133718232162e-02 2.803087791667656092e-01
6.749999999999900524e+00 -9.586250516056372684e-01 -3.966590037114227840e+01 -1.168657777506484052e+01 4.924886563688017915e-01 -8.213611728034082848e-02 2.779463366239716127e-01
6.749999999999900524e+00 -9.586250516056372684e-01 -3.966590037114227840e+01 -1.168657777506484052e+01 4.924886563688017915e-01 -8.213611728034082848e-02 2.779463366239716127e-01
6.759999999999900311e+00 -9.526322781784068994e-01 -3.977293528321033733e+01 -1.172690756558344383e+01 4.900022205250919582e-01 -8.316122146302684648e-02 2.755961908143709782e-01
6.759999999999900311e+00 -9.526322781784068994e-01 -3.977293528321033733e+01 -1.172690756558344383e+01 4.900022205250919582e-01 -8.316122146302684648e-02 2.755961908143709782e-01
6.769999999999900098e+00 -9.464362362050785515e-01 -3.988048131804163177e+01 -1.176677446815782169e+01 4.875496071614969229e-01 -8.415732952354895713e-02 2.732585411505994433e-01
6.769999999999900098e+00 -9.464362362050785515e-01 -3.988048131804163177e+01 -1.176677446815782169e+01 4.875496071614969229e-01 -8.415732952354895713e-02 2.732585411505994433e-01
6.779999999999899885e+00 -9.400413878238105259e-01 -3.998852996160960771e+01 -1.180618349838754355e+01 4.851317696225392329e-01 -8.512456414478548894e-02 2.709335761357915540e-01
6.779999999999899885e+00 -9.400413878238105259e-01 -3.998852996160960771e+01 -1.180618349838754355e+01 4.851317696225392329e-01 -8.512456414478548894e-02 2.709335761357915540e-01
6.789999999999899671e+00 -9.334521944336598986e-01 -4.009707215994647100e+01 -1.184513978067363027e+01 4.827495905047590186e-01 -8.606305492834731563e-02 2.686214737564527888e-01
6.789999999999899671e+00 -9.334521944336598986e-01 -4.009707215994647100e+01 -1.184513978067363027e+01 4.827495905047590186e-01 -8.606305492834731563e-02 2.686214737564527888e-01
6.799999999999899458e+00 -9.266731145033191286e-01 -4.020609832345439116e+01 -1.188364854415052996e+01 4.804038811020471256e-01 -8.697293829294959477e-02 2.663224018634852142e-01
6.799999999999899458e+00 -9.266731145033191286e-01 -4.020609832345439116e+01 -1.188364854415052996e+01 4.804038811020471256e-01 -8.697293829294959477e-02 2.663224018634852142e-01
6.809999999999899245e+00 -9.197086014452775515e-01 -4.031559833238677015e+01 -1.192171511851569221e+01 4.780953809384247410e-01 -8.785435739428174018e-02 2.640365185410432636e-01
6.809999999999899245e+00 -9.197086014452775515e-01 -4.031559833238677015e+01 -1.192171511851569221e+01 4.780953809384247410e-01 -8.785435739428174018e-02 2.640365185410432636e-01
6.819999999999899032e+00 -9.125631015560028425e-01 -4.042556154348577735e+01 -1.195934492975674068e+01 4.758247573917395723e-01 -8.870746206437210568e-02 2.617639724643971988e-01
6.819999999999899032e+00 -9.125631015560028425e-01 -4.042556154348577735e+01 -1.195934492975674068e+01 4.758247573917395723e-01 -8.870746206437210568e-02 2.617639724643971988e-01
6.829999999999898819e+00 -9.052410520234028812e-01 -4.053597679776041929e+01 -1.199654349577284940e+01 4.735926054074187097e-01 -8.953240876728009445e-02 2.595049032444038395e-01
6.829999999999898819e+00 -9.052410520234028812e-01 -4.053597679776041929e+01 -1.199654349577284940e+01 4.735926054074187097e-01 -8.953240876728009445e-02 2.595049032444038395e-01
6.839999999999898606e+00 -8.977468790017290035e-01 -4.064683242938527741e+01 -1.203331642189261963e+01 4.713994473067623092e-01 -9.032936056895581045e-02 2.572594417608206063e-01
6.839999999999898606e+00 -8.977468790017290035e-01 -4.064683242938527741e+01 -1.203331642189261963e+01 4.713994473067623092e-01 -9.032936056895581045e-02 2.572594417608206063e-01
6.849999999999898392e+00 -8.900849957550366343e-01 -4.075811627569854778e+01 -1.206966939628623692e+01 4.692457326889940550e-01 -9.109848711826783185e-02 2.550277104823415186e-01
6.849999999999898392e+00 -8.900849957550366343e-01 -4.075811627569854778e+01 -1.206966939628623692e+01 4.692457326889940550e-01 -9.109848711826783185e-02 2.550277104823415186e-01
6.859999999999898179e+00 -8.822598008690424320e-01 -4.086981568827351907e+01 -1.210560818527446791e+01 4.671318384306262228e-01 -9.183996463676065425e-02 2.528098237751077448e-01
6.859999999999898179e+00 -8.822598008690424320e-01 -4.086981568827351907e+01 -1.210560818527446791e+01 4.671318384306262228e-01 -9.183996463676065425e-02 2.528098237751077448e-01
6.869999999999897966e+00 -8.742756765321942902e-01 -4.098191754503668705e+01 -1.214113862853494474e+01 4.650580687826948445e-01 -9.255397591447553363e-02 2.506058881983677655e-01
6.869999999999897966e+00 -8.742756765321942902e-01 -4.098191754503668705e+01 -1.214113862853494474e+01 4.650580687826948445e-01 -9.255397591447553363e-02 2.506058881983677655e-01
6.879999999999897753e+00 -8.661369868857037302e-01 -4.109440826340117781e+01 -1.217626663420800526e+01 4.630246555677928755e-01 -9.324071030907002400e-02 2.484160027880989996e-01
6.879999999999897753e+00 -8.661369868857037302e-01 -4.109440826340117781e+01 -1.217626663420800526e+01 4.630246555677928755e-01 -9.324071030907002400e-02 2.484160027880989996e-01
6.889999999999897540e+00 -8.578480764427326433e-01 -4.120727381438308612e+01 -1.221099817390487097e+01 4.610317584786214340e-01 -9.390036374607428626e-02 2.462402593287680297e-01
6.889999999999897540e+00 -8.578480764427326433e-01 -4.120727381438308612e+01 -1.221099817390487097e+01 4.610317584786214340e-01 -9.390036374607428626e-02 2.462402593287680297e-01
6.899999999999897327e+00 -8.494132685765963808e-01 -4.132049973766475404e+01 -1.224533927762094798e+01 4.590794654790161800e-01 -9.453313871746348018e-02 2.440787426127160042e-01
6.899999999999897327e+00 -8.494132685765963808e-01 -4.132049973766475404e+01 -1.224533927762094798e+01 4.590794654790161800e-01 -9.453313871746348018e-02 2.440787426127160042e-01
6.909999999999897113e+00 -8.408368640776709979e-01 -4.143407115756713210e+01 -1.227929602855847335e+01 4.571677933093779567e-01 -9.513924427652779847e-02 2.419315306882184879e-01
6.909999999999897113e+00 -8.408368640776709979e-01 -4.143407115756713210e+01 -1.227929602855847335e+01 4.571677933093779567e-01 -9.513924427652779847e-02 2.419315306882184879e-01
6.919999999999896900e+00 -8.321231397786184036e-01 -4.154797279989089986e+01 -1.231287455786228691e+01 4.552966880970740204e-01 -9.571889602658459340e-02 2.397986950956174090e-01
6.919999999999896900e+00 -8.321231397786184036e-01 -4.154797279989089986e+01 -1.231287455786228691e+01 4.552966880970740204e-01 -9.571889602658459340e-02 2.397986950956174090e-01
6.929999999999896687e+00 -8.232763472473230149e-01 -4.166218900958357096e+01 -1.234608103927438094e+01 4.534660260736661508e-01 -9.627231610166812892e-02 2.376803010925703785e-01
6.929999999999896687e+00 -8.232763472473230149e-01 -4.166218900958357096e+01 -1.234608103927438094e+01 4.534660260736661508e-01 -9.627231610166812892e-02 2.376803010925703785e-01
6.939999999999896474e+00 -8.143007115469612645e-01 -4.177670376918827344e+01 -1.237892168371230817e+01 4.516756143996427109e-01 -9.679973313719278383e-02 2.355764078681016338e-01
6.939999999999896474e+00 -8.143007115469612645e-01 -4.177670376918827344e+01 -1.237892168371230817e+01 4.516756143996427109e-01 -9.679973313719278383e-02 2.355764078681016338e-01
6.949999999999896261e+00 -8.052004300622722655e-01 -4.189150071802716013e+01 -1.241140273377713221e+01 4.499251920970158691e-01 -9.730138222863515818e-02 2.334870687457668570e-01
6.949999999999896261e+00 -8.052004300622722655e-01 -4.189150071802716013e+01 -1.241140273377713221e+01 4.499251920970158691e-01 -9.730138222863515818e-02 2.334870687457668570e-01
6.959999999999896048e+00 -7.959796713912556942e-01 -4.200656317207151602e+01 -1.244353045819796932e+01 4.482144310911349017e-01 -9.777750487686751035e-02 2.314123313766022760e-01
6.959999999999896048e+00 -7.959796713912556942e-01 -4.200656317207151602e+01 -1.244353045819796932e+01 4.482144310911349017e-01 -9.777750487686751035e-02 2.314123313766022760e-01
6.969999999999895834e+00 -7.866425743009293203e-01 -4.212187414444757394e+01 -1.247531114622058190e+01 4.465429373623361897e-01 -9.822834891873429009e-02 2.293522379222997509e-01
6.969999999999895834e+00 -7.866425743009293203e-01 -4.212187414444757394e+01 -1.247531114622058190e+01 4.465429373623361897e-01 -9.822834891873429009e-02 2.293522379222997509e-01
6.979999999999895621e+00 -7.771932467463200656e-01 -4.223741636652713538e+01 -1.250675110194617368e+01 4.449102522065781495e-01 -9.865416844122062989e-02 2.273068252278715451e-01
6.979999999999895621e+00 -7.771932467463200656e-01 -4.223741636652713538e+01 -1.250675110194617368e+01 4.449102522065781495e-01 -9.865416844122062989e-02 2.273068252278715451e-01
6.989999999999895408e+00 -7.676357649511338366e-01 -4.235317230954922962e+01 -1.253785663862992550e+01 4.433158536065826549e-01 -9.905522367870851774e-02 2.252761249858094561e-01
6.989999999999895408e+00 -7.676357649511338366e-01 -4.235317230954922962e+01 -1.253785663862992550e+01 4.433158536065826549e-01 -9.905522367870851774e-02 2.252761249858094561e-01
6.999999999999895195e+00 -7.579741725487507686e-01 -4.246912420671858257e+01 -1.256863407294681956e+01 4.417591577123499702e-01 -9.943178089194897040e-02 2.232601638907257824e-01
6.999999999999895195e+00 -7.579741725487507686e-01 -4.246912420671858257e+01 -1.256863407294681956e+01 4.417591577123499702e-01 -9.943178089194897040e-02 2.232601638907257824e-01
7.009999999999894982e+00 -7.482124797821165796e-01 -4.258525407572526689e+01 -1.259908971923409560e+01 4.402395204311077004e-01 -9.978411222839933536e-02 2.212589637855486568e-01
7.009999999999894982e+00 -7.482124797821165796e-01 -4.258525407572526689e+01 -1.259908971923409560e+01 4.402395204311077004e-01 -9.978411222839933536e-02 2.212589637855486568e-01
7.019999999999894769e+00 -7.383546627608285062e-01 -4.270154374162910926e+01 -1.262922988371905397e+01 4.387562391257943117e-01 -1.001124955631877977e-01 2.192725417994869641e-01
7.019999999999894769e+00 -7.383546627608285062e-01 -4.270154374162910926e+01 -1.262922988371905397e+01 4.387562391257943117e-01 -1.001124955631877977e-01 2.192725417994869641e-01
7.029999999999894555e+00 -7.284046627736928681e-01 -4.281797486005123687e+01 -1.265906085874288323e+01 4.373085544216912535e-01 -1.004172143206538276e-01 2.173009104783707457e-01
7.029999999999894555e+00 -7.284046627736928681e-01 -4.281797486005123687e+01 -1.265906085874288323e+01 4.373085544216912535e-01 -1.004172143206538276e-01 2.173009104783707457e-01
7.039999999999894342e+00 -7.183663856551533167e-01 -4.293452894061530856e+01 -1.268858891698904934e+01 4.358956521191791333e-01 -1.006985572760726172e-01 2.153440779071935651e-01
7.039999999999894342e+00 -7.183663856551533167e-01 -4.293452894061530856e+01 -1.268858891698904934e+01 4.358956521191791333e-01 -1.006985572760726172e-01 2.153440779071935651e-01
7.049999999999894129e+00 -7.082437012035572854e-01 -4.305118737057956935e+01 -1.271782030572786759e+01 4.345166652119892836e-01 -1.009568183378653644e-01 2.134020478259326947e-01
7.049999999999894129e+00 -7.082437012035572854e-01 -4.305118737057956935e+01 -1.271782030572786759e+01 4.345166652119892836e-01 -1.009568183378653644e-01 2.134020478259326947e-01
7.059999999999893916e+00 -6.980404426493832526e-01 -4.316793143860125781e+01 -1.274676124108705011e+01 4.331706760088175900e-01 -1.011922963104809337e-01 2.114748197388643391e-01
7.059999999999893916e+00 -6.980404426493832526e-01 -4.316793143860125781e+01 -1.274676124108705011e+01 4.331706760088175900e-01 -1.011922963104809337e-01 2.114748197388643391e-01
7.069999999999893703e+00 -6.877604061715637540e-01 -4.328474235857462560e+01 -1.277541790235882679e+01 4.318567183557482370e-01 -1.014052946382196785e-01 2.095623890172250703e-01
7.069999999999893703e+00 -6.877604061715637540e-01 -4.328474235857462560e+01 -1.277541790235882679e+01 4.318567183557482370e-01 -1.014052946382196785e-01 2.095623890172250703e-01
7.079999999999893490e+00 -6.774073504597298845e-01 -4.340160129348364393e+01 -1.280379642635550042e+01 4.305737799582657899e-01 -1.015961211309541062e-01 2.076647469967581872e-01
7.079999999999893490e+00 -6.774073504597298845e-01 -4.340160129348364393e+01 -1.280379642635550042e+01 4.305737799582657899e-01 -1.015961211309541062e-01 2.076647469967581872e-01
7.089999999999893276e+00 -6.669849963204884657e-01 -4.351848937921115379e+01 -1.283190290182329996e+01 4.293208047986727394e-01 -1.017650876721356984e-01 2.057818810692572109e-01
7.089999999999893276e+00 -6.669849963204884657e-01 -4.351848937921115379e+01 -1.283190290182329996e+01 4.293208047986727394e-01 -1.017650876721356984e-01 2.057818810692572109e-01
7.099999999999893063e+00 -6.564970263254964467e-01 -4.363538774824617406e+01 -1.285974336392652440e+01 4.280966956466465412e-01 -1.019125099101588633e-01 2.039137747693922087e-01
7.099999999999893063e+00 -6.564970263254964467e-01 -4.363538774824617406e+01 -1.285974336392652440e+01 4.280966956466465412e-01 -1.019125099101588633e-01 2.039137747693922087e-01
7.109999999999892850e+00 -6.459470844991974658e-01 -4.375227755323210488e+01 -1.288732378881323903e+01 4.269003166596100352e-01 -1.020387069342390263e-01 2.020604078572361129e-01
7.109999999999892850e+00 -6.459470844991974658e-01 -4.375227755323210488e+01 -1.288732378881323903e+01 4.269003166596100352e-01 -1.020387069342390263e-01 2.020604078572361129e-01
7.119999999999892637e+00 -6.353387760443509613e-01 -4.386913999029874134e+01 -1.291465008827332461e+01 4.257304960684874517e-01 -1.021440009358661055e-01 2.002217563960871360e-01
7.119999999999892637e+00 -6.353387760443509613e-01 -4.386913999029874134e+01 -1.291465008827332461e+01 4.257304960684874517e-01 -1.021440009358661055e-01 2.002217563960871360e-01
7.129999999999892424e+00 -6.246756671028459440e-01 -4.398595632212302320e+01 -1.294172810450027100e+01 4.245860289448422087e-01 -1.022287168570154003e-01 1.983977928268014779e-01
7.129999999999892424e+00 -6.246756671028459440e-01 -4.398595632212302320e+01 -1.294172810450027100e+01 4.245860289448422087e-01 -1.022287168570154003e-01 1.983977928268014779e-01
7.139999999999892211e+00 -6.139612845499617944e-01 -4.410270790066283553e+01 -1.296856360496840388e+01 4.234656800455063319e-01 -1.022931820269468578e-01 1.965884860388420474e-01
7.139999999999892211e+00 -6.139612845499617944e-01 -4.410270790066283553e+01 -1.296856360496840388e+01 4.234656800455063319e-01 -1.022931820269468578e-01 1.965884860388420474e-01
7.149999999999891998e+00 -6.031991158197721470e-01 -4.421937618951152160e+01 -1.299516227743571406e+01 4.223681867287152336e-01 -1.023377257886553399e-01 1.947938014379541061e-01
7.149999999999891998e+00 -6.031991158197721470e-01 -4.421937618951152160e+01 -1.299516227743571406e+01 4.223681867287152336e-01 -1.023377257886553399e-01 1.947938014379541061e-01
7.159999999999891784e+00 -5.923926087596530499e-01 -4.433594278582035031e+01 -1.302152972508401518e+01 4.212922619374105948e-01 -1.023626791168556760e-01 1.930137010115320351e-01
7.159999999999891784e+00 -5.923926087596530499e-01 -4.433594278582035031e+01 -1.302152972508401518e+01 4.212922619374105948e-01 -1.023626791168556760e-01 1.930137010115320351e-01
7.169999999999891571e+00 -5.815451715118815645e-01 -4.445238944173905793e+01 -1.304767146180640758e+01 4.202365972435009311e-01 -1.023683742291289223e-01 1.912481433914067219e-01
7.169999999999891571e+00 -5.815451715118815645e-01 -4.445238944173905793e+01 -1.304767146180640758e+01 4.202365972435009311e-01 -1.023683742291289223e-01 1.912481433914067219e-01
7.179999999999891358e+00 -5.706601724200350834e-01 -4.456869808532543686e+01 -1.307359290765326421e+01 4.191998659475215661e-01 -1.023551441919061250e-01 1.894970839149577868e-01
7.179999999999891358e+00 -5.706601724200350834e-01 -4.456869808532543686e+01 -1.307359290765326421e+01 4.191998659475215661e-01 -1.023551441919061250e-01 1.894970839149577868e-01
7.189999999999891145e+00 -5.597409399584639678e-01 -4.468485084087772208e+01 -1.309929938444578568e+01 4.181807262267436265e-01 -1.023233225230739951e-01 1.877604746842859718e-01
7.189999999999891145e+00 -5.597409399584639678e-01 -4.468485084087772208e+01 -1.309929938444578568e+01 4.181807262267436265e-01 -1.023233225230739951e-01 1.877604746842859718e-01
7.199999999999890932e+00 -5.487907626826572516e-01 -4.480083004864447815e+01 -1.312479611156818926e+01 4.171778243260466645e-01 -1.022732427932314114e-01 1.860382646246079297e-01
7.199999999999890932e+00 -5.487907626826572516e-01 -4.480083004864447815e+01 -1.312479611156818926e+01 4.171778243260466645e-01 -1.022732427932314114e-01 1.860382646246079297e-01
7.209999999999890719e+00 -5.378128891986949656e-01 -4.491661828387017863e+01 -1.315008820194667294e+01 4.161897977832802464e-01 -1.022052382270445120e-01 1.843303995410603413e-01
7.209999999999890719e+00 -5.378128891986949656e-01 -4.491661828387017863e+01 -1.315008820194667294e+01 4.161897977832802464e-01 -1.022052382270445120e-01 1.843303995410603413e-01
7.219999999999890505e+00 -5.268105281498010051e-01 -4.503219837513533719e+01 -1.317518065822530460e+01 4.152152786832549181e-01 -1.021196413070084019e-01 1.826368221755497734e-01
7.219999999999890505e+00 -5.268105281498010051e-01 -4.503219837513533719e+01 -1.317518065822530460e+01 4.152152786832549181e-01 -1.021196413070084019e-01 1.826368221755497734e-01
7.229999999999890292e+00 -5.157868482183611825e-01 -4.514755342195417853e+01 -1.320007836914624377e+01 4.142528969314469567e-01 -1.020167833811710251e-01 1.809574722628214949e-01
7.229999999999890292e+00 -5.157868482183611825e-01 -4.514755342195417853e+01 -1.320007836914624377e+01 4.142528969314469567e-01 -1.020167833811710251e-01 1.809574722628214949e-01
7.239999999999890079e+00 -5.047449781415176417e-01 -4.526266681159405891e+01 -1.322478610614319372e+01 4.133012835404928920e-01 -1.018969942766979470e-01 1.792922865865368420e-01
7.239999999999890079e+00 -5.047449781415176417e-01 -4.526266681159405891e+01 -1.322478610614319372e+01 4.133012835404928920e-01 -1.018969942766979470e-01 1.792922865865368420e-01
7.249999999999889866e+00 -4.936880067387324211e-01 -4.537752223508412186e+01 -1.324930852015436322e+01 4.123590739204434641e-01 -1.017606019211048513e-01 1.776411990356405179e-01
7.249999999999889866e+00 -4.936880067387324211e-01 -4.537752223508412186e+01 -1.324930852015436322e+01 4.123590739204434641e-01 -1.017606019211048513e-01 1.776411990356405179e-01
7.259999999999889653e+00 -4.826189829497747330e-01 -4.549210370238284185e+01 -1.327365013866380750e+01 4.114249111659865621e-01 -1.016079319732008518e-01 1.760041406614180071e-01
7.259999999999889653e+00 -4.826189829497747330e-01 -4.549210370238284185e+01 -1.327365013866380750e+01 4.114249111659865621e-01 -1.016079319732008518e-01 1.760041406614180071e-01
7.269999999999889440e+00 -4.715409158814926616e-01 -4.560639555667776790e+01 -1.329781536297468136e+01 4.104974493299218263e-01 -1.014393074648562293e-01 1.743810397348074526e-01
7.269999999999889440e+00 -4.715409158814926616e-01 -4.560639555667776790e+01 -1.329781536297468136e+01 4.104974493299218263e-01 -1.014393074648562293e-01 1.743810397348074526e-01
7.279999999999889226e+00 -4.604567748621271606e-01 -4.572038248779277581e+01 -1.332180846572210342e+01 4.095753566758633113e-01 -1.012550484558268071e-01 1.727718218049070220e-01
7.279999999999889226e+00 -4.604567748621271606e-01 -4.572038248779277581e+01 -1.332180846572210342e+01 4.095753566758633113e-01 -1.012550484558268071e-01 1.727718218049070220e-01
7.289999999999889013e+00 -4.493694895016304147e-01 -4.583404954468119996e+01 -1.334563358862988380e+01 4.086573189009128360e-01 -1.010554717030752586e-01 1.711764097588788780e-01
7.289999999999889013e+00 -4.493694895016304147e-01 -4.583404954468119996e+01 -1.334563358862988380e+01 4.086573189009128360e-01 -1.010554717030752586e-01 1.711764097588788780e-01
7.299999999999888800e+00 -4.382819497568167244e-01 -4.594738214698675449e+01 -1.336929474051509992e+01 4.077420423188493070e-01 -1.008408903459150074e-01 1.695947238828749981e-01
7.299999999999888800e+00 -4.382819497568167244e-01 -4.594738214698675449e+01 -1.336929474051509992e+01 4.077420423188493070e-01 -1.008408903459150074e-01 1.695947238828749981e-01
7.309999999999888587e+00 -4.271970060002711067e-01 -4.606036609565634876e+01 -1.339279579554390054e+01 4.068282569950570360e-01 -1.006116136085666996e-01 1.680266819245130328e-01
7.309999999999888587e+00 -4.271970060002711067e-01 -4.606036609565634876e+01 -1.339279579554390054e+01 4.068282569950570360e-01 -1.006116136085666996e-01 1.680266819245130328e-01
7.319999999999888374e+00 -4.161174690917405772e-01 -4.617298758259261149e+01 -1.341614049174203771e+01 4.059147198243886479e-01 -1.003679465214859790e-01 1.664721991573198667e-01
7.319999999999888374e+00 -4.161174690917405772e-01 -4.617298758259261149e+01 -1.341614049174203771e+01 4.059147198243886479e-01 -1.003679465214859790e-01 1.664721991573198667e-01
7.329999999999888161e+00 -4.050461104511398069e-01 -4.628523319933636770e+01 -1.343933242976114961e+01 4.050002175422647843e-01 -1.001101896625079951e-01 1.649311884467024036e-01
7.329999999999888161e+00 -4.050461104511398069e-01 -4.628523319933636770e+01 -1.343933242976114961e+01 4.050002175422647843e-01 -1.001101896625079951e-01 1.649311884467024036e-01
7.339999999999887947e+00 -3.939856621323314934e-01 -4.639708994477275183e+01 -1.346237507190266491e+01 4.040835696605282745e-01 -9.983863891916291977e-02 1.634035603181425156e-01
7.339999999999887947e+00 -3.939856621323314934e-01 -4.639708994477275183e+01 -1.346237507190266491e+01 4.040835696605282745e-01 -9.983863891916291977e-02 1.634035603181425156e-01
7.349999999999887734e+00 -3.829388168966686434e-01 -4.650854523185741130e+01 -1.348527174140008000e+01 4.031636313189882470e-01 -9.955358527301293170e-02 1.618892230274702193e-01
7.349999999999887734e+00 -3.829388168966686434e-01 -4.650854523185741130e+01 -1.348527174140008000e+01 4.031636313189882470e-01 -9.955358527301293170e-02 1.618892230274702193e-01
7.359999999999887521e+00 -3.719082282858611754e-01 -4.661958689336268691e+01 -1.350802562195782386e+01 4.022392960430709596e-01 -9.925531460682839036e-02 1.603880826329940334e-01
7.359999999999887521e+00 -3.719082282858611754e-01 -4.661958689336268691e+01 -1.350802562195782386e+01 4.022392960430709596e-01 -9.925531460682839036e-02 1.603880826329940334e-01
7.369999999999887308e+00 -3.608965106932713329e-01 -4.673020318664589468e+01 -1.353063975754727188e+01 4.013094983997266274e-01 -9.894410753541652004e-02 1.589000430701268396e-01
7.369999999999887308e+00 -3.608965106932713329e-01 -4.673020318664589468e+01 -1.353063975754727188e+01 4.013094983997266274e-01 -9.894410753541652004e-02 1.589000430701268396e-01
7.379999999999887095e+00 -3.499062394333024573e-01 -4.684038279744504507e+01 -1.355311705245772735e+01 4.003732165432781764e-01 -9.862023926101902427e-02 1.574250062285528773e-01
7.379999999999887095e+00 -3.499062394333024573e-01 -4.684038279744504507e+01 -1.355311705245772735e+01 4.003732165432781764e-01 -9.862023926101902427e-02 1.574250062285528773e-01
7.389999999999886882e+00 -3.389399508083594248e-01 -4.695011484271098112e+01 -1.357546027159814273e+01 3.994294746411931607e-01 -9.828397945298028571e-02 1.559628720308487981e-01
7.389999999999886882e+00 -3.389399508083594248e-01 -4.695011484271098112e+01 -1.357546027159814273e+01 3.994294746411931607e-01 -9.828397945298028571e-02 1.559628720308487981e-01
7.399999999999886668e+00 -3.280001421729796807e-01 -4.705938887248603208e+01 -1.359767204104914207e+01 3.984773451746030926e-01 -9.793559215310911059e-02 1.545135385146285678e-01
7.399999999999886668e+00 -3.280001421729796807e-01 -4.705938887248603208e+01 -1.359767204104914207e+01 3.984773451746030926e-01 -9.793559215310911059e-02 1.545135385146285678e-01
7.409999999999886455e+00 -3.170892719949311989e-01 -4.716819487084379148e+01 -1.361975484885804377e+01 3.975159511031164383e-01 -9.757533570599676020e-02 1.530769019159661792e-01
7.409999999999886455e+00 -3.170892719949311989e-01 -4.716819487084379148e+01 -1.361975484885804377e+01 3.975159511031164383e-01 -9.757533570599676020e-02 1.530769019159661792e-01
7.419999999999886242e+00 -3.062097599130177983e-01 -4.727652325590575799e+01 -1.364171104607454588e+01 3.965444678885231555e-01 -9.720346271491329959e-02 1.516528567556860718e-01
7.419999999999886242e+00 -3.062097599130177983e-01 -4.727652325590575799e+01 -1.364171104607454588e+01 3.965444678885231555e-01 -9.720346271491329959e-02 1.516528567556860718e-01
7.429999999999886029e+00 -2.953639867915477946e-01 -4.738436487895450711e+01 -1.366354284801998098e+01 3.955621253695904560e-01 -9.682022002304713215e-02 1.502412959276164250e-01
7.429999999999886029e+00 -2.953639867915477946e-01 -4.738436487895450711e+01 -1.366354284801998098e+01 3.955621253695904560e-01 -9.682022002304713215e-02 1.502412959276164250e-01
7.439999999999885816e+00 -2.845542947713109450e-01 -4.749171102266374334e+01 -1.368525233578511191e+01 3.945682094820964769e-01 -9.642584872000234397e-02 1.488421107893356798e-01
7.439999999999885816e+00 -2.845542947713109450e-01 -4.749171102266374334e+01 -1.368525233578511191e+01 3.945682094820964769e-01 -9.642584872000234397e-02 1.488421107893356798e-01
7.449999999999885603e+00 -2.737829873172226702e-01 -4.759855339846977529e+01 -1.370684145794868769e+01 3.935620638175962305e-01 -9.602058417316937378e-02 1.474551912547607535e-01
7.449999999999885603e+00 -2.737829873172226702e-01 -4.759855339846977529e+01 -1.370684145794868769e+01 3.935620638175962305e-01 -9.602058417316937378e-02 1.474551912547607535e-01
7.459999999999885389e+00 -2.630523292625806531e-01 -4.770488414310999303e+01 -1.372831203250958865e+01 3.925430910155210951e-01 -9.560465608333787446e-02 1.460804258885805007e-01
7.459999999999885389e+00 -2.630523292625806531e-01 -4.770488414310999303e+01 -1.372831203250958865e+01 3.925430910155210951e-01 -9.560465608333787446e-02 1.460804258885805007e-01
7.469999999999885176e+00 -2.523645468502828115e-01 -4.781069581435581739e+01 -1.374966574902522609e+01 3.915107539844892570e-01 -9.517828856448640185e-02 1.447177020031267247e-01
7.469999999999885176e+00 -2.523645468502828115e-01 -4.781069581435581739e+01 -1.374966574902522609e+01 3.915107539844892570e-01 -9.517828856448640185e-02 1.447177020031267247e-01
7.479999999999884963e+00 -2.417218277710199426e-01 -4.791598138597063183e+01 -1.377090417094652963e+01 3.904645769472466221e-01 -9.474170024645926780e-02 1.433669057563163318e-01
7.479999999999884963e+00 -2.417218277710199426e-01 -4.791598138597063183e+01 -1.377090417094652963e+01 3.904645769472466221e-01 -9.474170024645926780e-02 1.433669057563163318e-01
7.489999999999884750e+00 -2.311263211988675570e-01 -4.802073424192371931e+01 -1.379202873814169195e+01 3.894041463068211861e-01 -9.429510440016077022e-02 1.420279222517636109e-01
7.489999999999884750e+00 -2.311263211988675570e-01 -4.802073424192371931e+01 -1.379202873814169195e+01 3.894041463068211861e-01 -9.429510440016077022e-02 1.420279222517636109e-01
7.499999999999884537e+00 -2.205801378245972610e-01 -4.812494816989400448e+01 -1.381304076959746929e+01 3.883291113293274033e-01 -9.383870908400625266e-02 1.407006356396805213e-01
7.499999999999884537e+00 -2.205801378245972610e-01 -4.812494816989400448e+01 -1.381304076959746929e+01 3.883291113293274033e-01 -9.383870908400625266e-02 1.407006356396805213e-01
7.509999999999884324e+00 -2.100853498869504066e-01 -4.822861735409777850e+01 -1.383394146629019517e+01 3.872391846424685924e-01 -9.337271731089168136e-02 1.393849292196059630e-01
7.509999999999884324e+00 -2.100853498869504066e-01 -4.822861735409777850e+01 -1.383394146629019517e+01 3.872391846424685924e-01 -9.337271731089168136e-02 1.393849292196059630e-01
7.519999999999884110e+00 -1.996439912024831342e-01 -4.833173636747691404e+01 -1.385473191421497852e+01 3.861341425472488154e-01 -9.289732723447675922e-02 1.380806855439412895e-01
7.519999999999884110e+00 -1.996439912024831342e-01 -4.833173636747691404e+01 -1.385473191421497852e+01 3.861341425472488154e-01 -9.289732723447675922e-02 1.380806855439412895e-01
7.529999999999883897e+00 -1.892580571943026646e-01 -4.843430016328482424e+01 -1.387541308756191860e+01 3.850138251411464596e-01 -9.241273235325768443e-02 1.367877865220507583e-01
7.529999999999883897e+00 -1.892580571943026646e-01 -4.843430016328482424e+01 -1.387541308756191860e+01 3.850138251411464596e-01 -9.241273235325768443e-02 1.367877865220507583e-01
7.539999999999883684e+00 -1.789295049202473120e-01 -4.853630406610842840e+01 -1.389598585202993775e+01 3.838781362535664821e-01 -9.191912173159448585e-02 1.355061135253729510e-01
7.539999999999883684e+00 -1.789295049202473120e-01 -4.853630406610842840e+01 -1.389598585202993775e+01 3.838781362535664821e-01 -9.191912173159448585e-02 1.355061135253729510e-01
7.549999999999883471e+00 -1.686602531010666095e-01 -4.863774376236513319e+01 -1.391645096826607819e+01 3.827270431932074946e-01 -9.141668023606042137e-02 1.342355474927607872e-01
7.549999999999883471e+00 -1.686602531010666095e-01 -4.863774376236513319e+01 -1.391645096826607819e+01 3.827270431932074946e-01 -9.141668023606042137e-02 1.342355474927607872e-01
7.559999999999883258e+00 -1.584521821490255944e-01 -4.873861529031537287e+01 -1.393680909541859769e+01 3.815605763077711821e-01 -9.090558878539305165e-02 1.329759690356905333e-01
7.559999999999883258e+00 -1.584521821490255944e-01 -4.873861529031537287e+01 -1.393680909541859769e+01 3.815605763077711821e-01 -9.090558878539305165e-02 1.329759690356905333e-01
7.569999999999883045e+00 -1.483071341976846813e-01 -4.883891502963032138e+01 -1.395706079479418626e+01 3.803788283594575215e-01 -9.038602461338922367e-02 1.317272585440950050e-01
7.569999999999883045e+00 -1.483071341976846813e-01 -4.883891502963032138e+01 -1.395706079479418626e+01 3.803788283594575215e-01 -9.038602461338922367e-02 1.317272585440950050e-01
7.579999999999882832e+00 -1.382269131332738987e-01 -4.893863969055706775e+01 -1.397720653360425658e+01 3.791819537155972086e-01 -8.985816154175112203e-02 1.304892962906502307e-01
7.579999999999882832e+00 -1.382269131332738987e-01 -4.893863969055706775e+01 -1.397720653360425658e+01 3.791819537155972086e-01 -8.985816154175112203e-02 1.304892962906502307e-01
7.589999999999882618e+00 -1.282132846284066707e-01 -4.903778630272051942e+01 -1.399724668879348322e+01 3.779701673615333268e-01 -8.932217026304310747e-02 1.292619625359669178e-01
7.589999999999882618e+00 -1.282132846284066707e-01 -4.903778630272051942e+01 -1.399724668879348322e+01 3.779701673615333268e-01 -8.932217026304310747e-02 1.292619625359669178e-01
7.599999999999882405e+00 -1.182679761786614714e-01 -4.913635220360563238e+01 -1.401718155093376161e+01 3.767437437351927043e-01 -8.877821863043988682e-02 1.280451376314677425e-01
7.599999999999882405e+00 -1.182679761786614714e-01 -4.913635220360563238e+01 -1.401718155093376161e+01 3.767437437351927043e-01 -8.877821863043988682e-02 1.280451376314677425e-01
7.609999999999882192e+00 -1.083926771426219626e-01 -4.923433502675940332e+01 -1.403701132817599628e+01 3.755030153910835500e-01 -8.822647195371434437e-02 1.268387021221139555e-01
7.609999999999882192e+00 -1.083926771426219626e-01 -4.923433502675940332e+01 -1.403701132817599628e+01 3.755030153910835500e-01 -8.822647195371434437e-02 1.268387021221139555e-01
7.619999999999881979e+00 -9.858903878607409854e-02 -4.933173268975478010e+01 -1.405673615024582723e+01 3.742483714968618536e-01 -8.766709329923673411e-02 1.256425368472993964e-01
7.619999999999881979e+00 -9.858903878607409854e-02 -4.933173268975478010e+01 -1.405673615024582723e+01 3.742483714968618536e-01 -8.766709329923673411e-02 1.256425368472993964e-01
7.629999999999881766e+00 -8.885867433091572398e-02 -4.942854338195695618e+01 -1.407635607247294374e+01 3.729802561690015450e-01 -8.710024379259891092e-02 1.244565230403875677e-01
7.629999999999881766e+00 -8.885867433091572398e-02 -4.942854338195695618e+01 -1.407635607247294374e+01 3.729802561690015450e-01 -8.710024379259891092e-02 1.244565230403875677e-01
7.639999999999881553e+00 -7.920315900940384790e-02 -4.952476555213262088e+01 -1.409587107984196486e+01 3.716991666531850314e-01 -8.652608292179667093e-02 1.232805424259888483e-01
7.639999999999881553e+00 -7.920315900940384790e-02 -4.952476555213262088e+01 -1.409587107984196486e+01 3.716991666531850314e-01 -8.652608292179667093e-02 1.232805424259888483e-01
7.649999999999881339e+00 -6.962403012434413563e-02 -4.962039789594183503e+01 -1.411528109105436180e+01 3.704056513567599573e-01 -8.594476883969028036e-02 1.221144773154549668e-01
7.649999999999881339e+00 -6.962403012434413563e-02 -4.962039789594183503e+01 -1.411528109105436180e+01 3.704056513567599573e-01 -8.594476883969028036e-02 1.221144773154549668e-01
7.659999999999881126e+00 -6.012278711575429896e-02 -4.971543934335175408e+01 -1.413458596259009958e+01 3.691003077403609556e-01 -8.535645866383777258e-02 1.209582106998718931e-01
7.659999999999881126e+00 -6.012278711575429896e-02 -4.971543934335175408e+01 -1.413458596259009958e+01 3.691003077403609556e-01 -8.535645866383777258e-02 1.209582106998718931e-01
7.669999999999880913e+00 -5.070089163456054787e-02 -4.980988904601073841e+01 -1.415378549275826003e+01 3.677837800760959674e-01 -8.476130877195033053e-02 1.198116263402162762e-01
7.669999999999880913e+00 -5.070089163456054787e-02 -4.980988904601073841e+01 -1.415378549275826003e+01 3.677837800760959674e-01 -8.476130877195033053e-02 1.198116263402162762e-01
7.679999999999880700e+00 -4.135976762404238588e-02 -4.990374636461961444e+01 -1.417287942572734316e+01 3.664567570819444731e-01 -8.415947509191844256e-02 1.186746088552039780e-01
7.679999999999880700e+00 -4.135976762404238588e-02 -4.990374636461961444e+01 -1.417287942572734316e+01 3.664567570819444731e-01 -8.415947509191844256e-02 1.186746088552039780e-01
7.689999999999880487e+00 -3.210080140920127528e-02 -4.999701085633754616e+01 -1.419186745552315898e+01 3.651199694390773187e-01 -8.355111338407968102e-02 1.175470438055045419e-01
7.689999999999880487e+00 -3.210080140920127528e-02 -4.999701085633754616e+01 -1.419186745552315898e+01 3.651199694390773187e-01 -8.355111338407968102e-02 1.175470438055045419e-01
7.699999999999880274e+00 -2.292534179496205984e-02 -5.008968226225662335e+01 -1.421074922998706924e+01 3.637741872033167789e-01 -8.293637951498555871e-02 1.164288177750917308e-01
7.699999999999880274e+00 -2.292534179496205984e-02 -5.008968226225662335e+01 -1.421074922998706924e+01 3.637741872033167789e-01 -8.293637951498555871e-02 1.164288177750917308e-01
7.709999999999880060e+00 -1.383470017327383290e-02 -5.018176049498061531e+01 -1.422952435468252830e+01 3.624202171179781717e-01 -8.231542972043948136e-02 1.153198184487504996e-01
7.709999999999880060e+00 -1.383470017327383290e-02 -5.018176049498061531e+01 -1.422952435468252830e+01 3.624202171179781717e-01 -8.231542972043948136e-02 1.153198184487504996e-01
7.719999999999879847e+00 -4.830150639839080225e-03 -5.027324562633904748e+01 -1.424819239674436844e+01 3.610588998407064931e-01 -8.168842085752485438e-02 1.142199346867436294e-01
7.719999999999879847e+00 -4.830150639839080225e-03 -5.027324562633904748e+01 -1.424819239674436844e+01 3.610588998407064931e-01 -8.168842085752485438e-02 1.142199346867436294e-01
7.729999999999879634e+00 4.087069879281346116e-03 -5.036413787527001773e+01 -1.426675288865781788e+01 3.596911070904270646e-01 -8.105551064283023077e-02 1.131290565943776916e-01
7.729999999999879634e+00 4.087069879281346116e-03 -5.036413787527001773e+01 -1.426675288865781788e+01 3.596911070904270646e-01 -8.105551064283023077e-02 1.131290565943776916e-01
7.739999999999879421e+00 1.291576149076989824e-02 -5.045443759589968380e+01 -1.428520533196430087e+01 3.583177387291065497e-01 -8.041685787739646929e-02 1.120470755891804227e-01
7.739999999999879421e+00 1.291576149076989824e-02 -5.045443759589968380e+01 -1.428520533196430087e+01 3.583177387291065497e-01 -8.041685787739646929e-02 1.120470755891804227e-01
7.749999999999879208e+00 2.165476118659388424e-02 -5.054414526584903911e+01 -1.430354920088113602e+01 3.569397197843189318e-01 -7.977262265555852550e-02 1.109738844625672571e-01
7.749999999999879208e+00 2.165476118659388424e-02 -5.054414526584903911e+01 -1.430354920088113602e+01 3.569397197843189318e-01 -7.977262265555852550e-02 1.109738844625672571e-01
7.759999999999878995e+00 3.030294268551170928e-02 -5.063326147479300943e+01 -1.432178394583289816e+01 3.555579974270842714e-01 -7.912296655818705504e-02 1.099093774385067612e-01
7.759999999999878995e+00 3.030294268551170928e-02 -5.063326147479300943e+01 -1.432178394583289816e+01 3.555579974270842714e-01 -7.912296655818705504e-02 1.099093774385067612e-01
7.769999999999878781e+00 3.885921626359510606e-02 -5.072178691329924050e+01 -1.433990899688265408e+01 3.541735379117179616e-01 -7.846805282793818670e-02 1.088534502268082294e-01
7.769999999999878781e+00 3.885921626359510606e-02 -5.072178691329924050e+01 -1.433990899688265408e+01 3.541735379117179616e-01 -7.846805282793818670e-02 1.088534502268082294e-01
7.779999999999878568e+00 4.732252857325844331e-02 -5.080972236196848257e+01 -1.435792376706148588e+01 3.527873234918542655e-01 -7.780804652698064539e-02 1.078060000730740320e-01
7.779999999999878568e+00 4.732252857325844331e-02 -5.080972236196848257e+01 -1.435792376706148588e+01 3.527873234918542655e-01 -7.780804652698064539e-02 1.078060000730740320e-01
7.789999999999878355e+00 5.569186245076534342e-02 -5.089706868090013359e+01 -1.437582765558722819e+01 3.514003493206018236e-01 -7.714311467559578639e-02 1.067669258034430468e-01
7.789999999999878355e+00 5.569186245076534342e-02 -5.089706868090013359e+01 -1.437582765558722819e+01 3.514003493206018236e-01 -7.714311467559578639e-02 1.067669258034430468e-01
7.799999999999878142e+00 6.396623671209308859e-02 -5.098382679950293550e+01 -1.439362005096811892e+01 3.500136203463621865e-01 -7.647342637118396957e-02 1.057361278650765235e-01
7.799999999999878142e+00 6.396623671209308859e-02 -5.098382679950293550e+01 -1.439362005096811892e+01 3.500136203463621865e-01 -7.647342637118396957e-02 1.057361278650765235e-01
7.809999999999877929e+00 7.214470593704537527e-02 -5.106999770666914884e+01 -1.441130033398702537e+01 3.486281482148743116e-01 -7.579915288757495262e-02 1.047135083623796925e-01
7.809999999999877929e+00 7.214470593704537527e-02 -5.106999770666914884e+01 -1.441130033398702537e+01 3.486281482148743116e-01 -7.579915288757495262e-02 1.047135083623796925e-01
7.819999999999877716e+00 8.022636024141871491e-02 -5.115558244133003285e+01 -1.442886788056101466e+01 3.472449481872162957e-01 -7.512046775364260298e-02 1.036989710883003957e-01
7.819999999999877716e+00 8.022636024141871491e-02 -5.115558244133003285e+01 -1.442886788056101466e+01 3.472449481872162957e-01 -7.512046775364260298e-02 1.036989710883003957e-01
7.829999999999877502e+00 8.821032503753986620e-02 -5.124058208340721876e+01 -1.444632206447341005e+01 3.458650360843692484e-01 -7.443754681132840056e-02 1.026924215513962124e-01
7.829999999999877502e+00 8.821032503753986620e-02 -5.124058208340721876e+01 -1.444632206447341005e+01 3.458650360843692484e-01 -7.443754681132840056e-02 1.026924215513962124e-01
7.839999999999877289e+00 9.609576078282053291e-02 -5.132499774517442148e+01 -1.446366225997326715e+01 3.444894252673252888e-01 -7.375056825273337835e-02 1.016937669982533599e-01
7.839999999999877289e+00 9.609576078282053291e-02 -5.132499774517442148e+01 -1.446366225997326715e+01 3.444894252673252888e-01 -7.375056825273337835e-02 1.016937669982533599e-01
7.849999999999877076e+00 1.038818627166930991e-01 -5.140883056304019050e+01 -1.448088784424176367e+01 3.431191236636024211e-01 -7.305971263622004774e-02 1.007029164315321190e-01
7.849999999999877076e+00 1.038818627166930991e-01 -5.140883056304019050e+01 -1.448088784424176367e+01 3.431191236636024211e-01 -7.305971263622004774e-02 1.007029164315321190e-01
7.859999999999876863e+00 1.115678605859378725e-01 -5.149208168976344524e+01 -1.449799819972047921e+01 3.417551308478632421e-01 -7.236516288147033793e-02 9.971978062354777683e-02
7.859999999999876863e+00 1.115678605859378725e-01 -5.149208168976344524e+01 -1.449799819972047921e+01 3.417551308478632421e-01 -7.236516288147033793e-02 9.971978062354777683e-02
7.869999999999876650e+00 1.191530183584733615e-01 -5.157475228710895720e+01 -1.451499271630148158e+01 3.403984351868336589e-01 -7.166710424382377598e-02 9.874427212554276467e-02
7.869999999999876650e+00 1.191530183584733615e-01 -5.157475228710895720e+01 -1.451499271630148158e+01 3.403984351868336589e-01 -7.166710424382377598e-02 9.874427212554276467e-02
7.879999999999876437e+00 1.266366339259591967e-01 -5.165684351895042425e+01 -1.453187079337715559e+01 3.390500110566768699e-01 -7.096572426798934685e-02 9.777630527281150341e-02
7.879999999999876437e+00 1.266366339259591967e-01 -5.165684351895042425e+01 -1.453187079337715559e+01 3.390500110566768699e-01 -7.096572426798934685e-02 9.777630527281150341e-02
7.889999999999876223e+00 1.340180387952814856e-01 -5.173835654482595459e+01 -1.454863184174864266e+01 3.377108161409504428e-01 -7.026121272157999365e-02 9.681579618564450929e-02
7.889999999999876223e+00 1.340180387952814856e-01 -5.173835654482595459e+01 -1.454863184174864266e+01 3.377108161409504428e-01 -7.026121272157999365e-02 9.681579618564450929e-02
7.899999999999876010e+00 1.412965977692856312e-01 -5.181929251395013125e+01 -1.456527528539146488e+01 3.363817888163306291e-01 -6.955376150872243091e-02 9.586266276607549597e-02
7.899999999999876010e+00 1.412965977692856312e-01 -5.181929251395013125e+01 -1.456527528539146488e+01 3.363817888163306291e-01 -6.955376150872243091e-02 9.586266276607549597e-02
7.909999999999875797e+00 1.484717086170743716e-01 -5.189965255968414226e+01 -1.458180056308022010e+01 3.350638456348891125e-01 -6.884356456453681605e-02 9.491682469109471998e-02
7.909999999999875797e+00 1.484717086170743716e-01 -5.189965255968414226e+01 -1.458180056308022010e+01 3.350638456348891125e-01 -6.884356456453681605e-02 9.491682469109471998e-02
7.919999999999875584e+00 1.555428017339565983e-01 -5.197943779446472945e+01 -1.459820712987048452e+01 3.337578789083239794e-01 -6.813081773106718919e-02 9.397820340186552324e-02
7.919999999999875584e+00 1.555428017339565983e-01 -5.197943779446472945e+01 -1.459820712987048452e+01 3.337578789083239794e-01 -6.813081773106718919e-02 9.397820340186552324e-02
7.929999999999875371e+00 1.625093397918555560e-01 -5.205864930519128819e+01 -1.461449445843988570e+01 3.324647544013985545e-01 -6.741571861525613718e-02 9.304672208950590107e-02
7.929999999999875371e+00 1.625093397918555560e-01 -5.205864930519128819e+01 -1.461449445843988570e+01 3.324647544013985545e-01 -6.741571861525613718e-02 9.304672208950590107e-02
7.939999999999875158e+00 1.693708173800351213e-01 -5.213728814906852449e+01 -1.463066204028820039e+01 3.311853091397043980e-01 -6.669846642983844054e-02 9.212230567720924856e-02
7.939999999999875158e+00 1.693708173800351213e-01 -5.213728814906852449e+01 -1.463066204028820039e+01 3.311853091397043980e-01 -6.669846642983844054e-02 9.212230567720924856e-02
7.949999999999874944e+00 1.761267606370215122e-01 -5.221535534990078986e+01 -1.464670938679984502e+01 3.299203493383935926e-01 -6.597926181818856983e-02 9.120488079954963689e-02
7.949999999999874944e+00 1.761267606370215122e-01 -5.221535534990078986e+01 -1.464670938679984502e+01 3.299203493383935926e-01 -6.597926181818856983e-02 9.120488079954963689e-02
7.959999999999874731e+00 1.827767268738177964e-01 -5.229285189483326945e+01 -1.466263603016819062e+01 3.286706484552103236e-01 -6.525830666385561141e-02 9.029437577829302342e-02
7.959999999999874731e+00 1.827767268738177964e-01 -5.229285189483326945e+01 -1.466263603016819062e+01 3.286706484552103236e-01 -6.525830666385561141e-02 9.029437577829302342e-02
7.969999999999874518e+00 1.893203041891406979e-01 -5.236977873153373508e+01 -1.467844152418558146e+01 3.274369453733085300e-01 -6.453580388596609485e-02 8.939072059557345851e-02
7.969999999999874518e+00 1.893203041891406979e-01 -5.236977873153373508e+01 -1.467844152418558146e+01 3.274369453733085300e-01 -6.453580388596609485e-02 8.939072059557345851e-02
7.979999999999874305e+00 1.957571110768587530e-01 -5.244613676580706141e+01 -1.469412544490062444e+01 3.262199427170286437e-01 -6.381195722151664085e-02 8.849384686431824298e-02
7.979999999999874305e+00 1.957571110768587530e-01 -5.244613676580706141e+01 -1.469412544490062444e+01 3.262199427170286437e-01 -6.381195722151664085e-02 8.849384686431824298e-02
7.989999999999874092e+00 2.020867960265750329e-01 -5.252192685963382246e+01 -1.470968739114640123e+01 3.250203053044501411e-01 -6.308697099580802548e-02 8.760368779635496761e-02
7.989999999999874092e+00 2.020867960265750329e-01 -5.252192685963382246e+01 -1.470968739114640123e+01 3.250203053044501411e-01 -6.308697099580802548e-02 8.760368779635496761e-02
7.999999999999873879e+00 2.083090371172911237e-01 -5.259714982962342589e+01 -1.472512698494144523e+01 3.238386587387325211e-01 -6.236104988204716620e-02 8.672017816794611034e-02
7.999999999999873879e+00 2.083090371172911237e-01 -5.259714982962342589e+01 -1.472512698494144523e+01 3.238386587387325211e-01 -6.236104988204716620e-02 8.672017816794611034e-02
8.009999999999873666e+00 2.144235416053014709e-01 -5.267180644587084259e+01 -1.474044387176794579e+01 3.226755881409387738e-01 -6.163439865136606521e-02 8.584325428354194765e-02
8.009999999999873666e+00 2.144235416053014709e-01 -5.267180644587084259e+01 -1.474044387176794579e+01 3.226755881409387738e-01 -6.163439865136606521e-02 8.584325428354194765e-02
8.019999999999873452e+00 2.204300455063639974e-01 -5.274589743120470331e+01 -1.475563772073092750e+01 3.215316370263374690e-01 -6.090722191485299641e-02 8.497285393763040484e-02
8.019999999999873452e+00 2.204300455063639974e-01 -5.274589743120470331e+01 -1.475563772073092750e+01 3.215316370263374690e-01 -6.090722191485299641e-02 8.497285393763040484e-02
8.029999999999873239e+00 2.263283131729952047e-01 -5.281942346081513762e+01 -1.477070822460052923e+01 3.204073063238560559e-01 -6.017972385823381481e-02 8.410891637471218374e-02
8.029999999999873239e+00 2.263283131729952047e-01 -5.281942346081513762e+01 -1.477070822460052923e+01 3.204073063238560559e-01 -6.017972385823381481e-02 8.410891637471218374e-02
8.039999999999873026e+00 2.321181368673410905e-01 -5.289238516224646247e+01 -1.478565509974457903e+01 3.193030535415271043e-01 -5.945210797125573265e-02 8.325138224829345401e-02
8.039999999999873026e+00 2.321181368673410905e-01 -5.289238516224646247e+01 -1.478565509974457903e+01 3.193030535415271043e-01 -5.945210797125573265e-02 8.325138224829345401e-02
8.049999999999872813e+00 2.377993363302203234e-01 -5.296478311574185227e+01 -1.480047808595260328e+01 3.182192920758185606e-01 -5.872457677251875785e-02 8.240019357816136258e-02
8.049999999999872813e+00 2.377993363302203234e-01 -5.296478311574185227e+01 -1.480047808595260328e+01 3.182192920758185606e-01 -5.872457677251875785e-02 8.240019357816136258e-02
8.059999999999872600e+00 2.433717583468776036e-01 -5.303661785492373326e+01 -1.481517694615849479e+01 3.171563906661802879e-01 -5.799733153144975145e-02 8.155529370709946324e-02
8.059999999999872600e+00 2.433717583468776036e-01 -5.303661785492373326e+01 -1.481517694615849479e+01 3.171563906661802879e-01 -5.799733153144975145e-02 8.155529370709946324e-02
8.069999999999872387e+00 2.488352763101012166e-01 -5.310788986779569143e+01 -1.482975146606408501e+01 3.161146729922951759e-01 -5.727057198835796420e-02 8.071662725627384849e-02
8.069999999999872387e+00 2.488352763101012166e-01 -5.310788986779569143e+01 -1.482975146606408501e+01 3.161146729922951759e-01 -5.727057198835796420e-02 8.071662725627384849e-02
8.079999999999872173e+00 2.541897897811177254e-01 -5.317859959804812320e+01 -1.484420145367200661e+01 3.150944174150477894e-01 -5.654449607467411376e-02 7.988414008079783302e-02
8.079999999999872173e+00 2.541897897811177254e-01 -5.317859959804812320e+01 -1.484420145367200661e+01 3.150944174150477894e-01 -5.654449607467411376e-02 7.988414008079783302e-02
8.089999999999871960e+00 2.594352240491267780e-01 -5.324874744665303439e+01 -1.485852673872789431e+01 3.140958568558864794e-01 -5.581929963335732076e-02 7.905777922385759382e-02
8.089999999999871960e+00 2.594352240491267780e-01 -5.324874744665303439e+01 -1.485852673872789431e+01 3.140958568558864794e-01 -5.581929963335732076e-02 7.905777922385759382e-02
8.099999999999871747e+00 2.645715296895679303e-01 -5.331833377372883120e+01 -1.487272717208300499e+01 3.131191788164804368e-01 -5.509517614239340527e-02 7.823749287162512500e-02
8.099999999999871747e+00 2.645715296895679303e-01 -5.331833377372883120e+01 -1.487272717208300499e+01 3.131191788164804368e-01 -5.509517614239340527e-02 7.823749287162512500e-02
8.109999999999871534e+00 2.695986821222323693e-01 -5.338735890065970580e+01 -1.488680262497689277e+01 3.121645255318832302e-01 -5.437231644102055728e-02 7.742323030725248301e-02
8.109999999999871534e+00 2.695986821222323693e-01 -5.338735890065970580e+01 -1.488680262497689277e+01 3.121645255318832302e-01 -5.437231644102055728e-02 7.742323030725248301e-02
8.119999999999871321e+00 2.745166811693021680e-01 -5.345582311245047435e+01 -1.490075298825002648e+01 3.112319942575372256e-01 -5.365090846127275326e-02 7.661494186573419851e-02
8.119999999999871321e+00 2.745166811693021680e-01 -5.345582311245047435e+01 -1.490075298825002648e+01 3.112319942575372256e-01 -5.365090846127275326e-02 7.661494186573419851e-02
8.129999999999871108e+00 2.793255506141125721e-01 -5.352372666029982895e+01 -1.491457817148932818e+01 3.103216376845649993e-01 -5.293113696516236338e-02 7.581257888864154082e-02
8.129999999999871108e+00 2.793255506141125721e-01 -5.352372666029982895e+01 -1.491457817148932818e+01 3.103216376845649993e-01 -5.293113696516236338e-02 7.581257888864154082e-02
8.139999999999870894e+00 2.840253377610271746e-01 -5.359106976437379188e+01 -1.492827810211274731e+01 3.094334644801396417e-01 -5.221318328896445982e-02 7.501609367940673123e-02
8.139999999999870894e+00 2.840253377610271746e-01 -5.359106976437379188e+01 -1.492827810211274731e+01 3.094334644801396417e-01 -5.221318328896445982e-02 7.501609367940673123e-02
8.149999999999870681e+00 2.886161129971313022e-01 -5.365785261676177953e+01 -1.494185272439812984e+01 3.085674399484139574e-01 -5.149722509555314243e-02 7.422543945921097897e-02
8.149999999999870681e+00 2.886161129971313022e-01 -5.365785261676177953e+01 -1.494185272439812984e+01 3.085674399484139574e-01 -5.149722509555314243e-02 7.422543945921097897e-02
8.159999999999870468e+00 2.930979693558721788e-01 -5.372407538459599863e+01 -1.495530199846327868e+01 3.077234868085206854e-01 -5.078343613615986241e-02 7.344057032378550898e-02
8.159999999999870468e+00 2.930979693558721788e-01 -5.372407538459599863e+01 -1.495530199846327868e+01 3.077234868085206854e-01 -5.078343613615986241e-02 7.344057032378550898e-02
8.169999999999870255e+00 2.974710220835362073e-01 -5.378973821331753413e+01 -1.496862589920113251e+01 3.069014860834621272e-01 -5.007198602211977712e-02 7.266144120093692704e-02
8.169999999999870255e+00 2.974710220835362073e-01 -5.378973821331753413e+01 -1.496862589920113251e+01 3.069014860834621272e-01 -5.007198602211977712e-02 7.266144120093692704e-02
8.179999999999870042e+00 3.017354082087070344e-01 -5.385484123007027080e+01 -1.498182441517696084e+01 3.061012780960146729e-01 -4.936304000795913721e-02 7.188800780931897672e-02
8.179999999999870042e+00 3.017354082087070344e-01 -5.385484123007027080e+01 -1.498182441517696084e+01 3.061012780960146729e-01 -4.936304000795913721e-02 7.188800780931897672e-02
8.189999999999869829e+00 3.058912861153438856e-01 -5.391938454720534679e+01 -1.499489754749196635e+01 3.053226635651059562e-01 -4.865675878611241262e-02 7.112022661796885137e-02
8.189999999999869829e+00 3.058912861153438856e-01 -5.391938454720534679e+01 -1.499489754749196635e+01 3.053226635651059562e-01 -4.865675878611241262e-02 7.112022661796885137e-02
8.199999999999869615e+00 3.099388351197386871e-01 -5.398336826587866000e+01 -1.500784530861980848e+01 3.045654047981312118e-01 -4.795329829468274879e-02 7.035805480750187413e-02
8.199999999999869615e+00 3.099388351197386871e-01 -5.398336826587866000e+01 -1.500784530861980848e+01 3.045654047981312118e-01 -4.795329829468274879e-02 7.035805480750187413e-02
8.209999999999869402e+00 3.138782550517978387e-01 -5.404679247972362077e+01 -1.502066772122100247e+01 3.038292269728413708e-01 -4.725280953855123117e-02 6.960145023232808259e-02
8.209999999999869402e+00 3.138782550517978387e-01 -5.404679247972362077e+01 -1.502066772122100247e+01 3.038292269728413708e-01 -4.725280953855123117e-02 6.960145023232808259e-02
8.219999999999869189e+00 3.177097658411563996e-01 -5.410965727858269503e+01 -1.503336481694136673e+01 3.031138195035663063e-01 -4.655543842480695110e-02 6.885037138475209872e-02
8.219999999999869189e+00 3.177097658411563996e-01 -5.410965727858269503e+01 -1.503336481694136673e+01 3.031138195035663063e-01 -4.655543842480695110e-02 6.885037138475209872e-02
8.229999999999868976e+00 3.214336071082030677e-01 -5.417196275228130276e+01 -1.504593663519798952e+01 3.024188374840915960e-01 -4.586132561256651280e-02 6.810477735989185766e-02
8.229999999999868976e+00 3.214336071082030677e-01 -5.417196275228130276e+01 -1.504593663519798952e+01 3.024188374840915960e-01 -4.586132561256651280e-02 6.810477735989185766e-02
8.239999999999868763e+00 3.250500377605535229e-01 -5.423370899442743820e+01 -1.505838322196018098e+01 3.017439032028675916e-01 -4.517060637834471176e-02 6.736462782287554185e-02
8.239999999999868763e+00 3.250500377605535229e-01 -5.423370899442743820e+01 -1.505838322196018098e+01 3.017439032028675916e-01 -4.517060637834471176e-02 6.736462782287554185e-02
8.249999999999868550e+00 3.285593355952104999e-01 -5.429489610622166396e+01 -1.507070462852910886e+01 3.010886077229345537e-01 -4.448341049680893527e-02 6.662988297720481845e-02
8.249999999999868550e+00 3.285593355952104999e-01 -5.429489610622166396e+01 -1.507070462852910886e+01 3.010886077229345537e-01 -4.448341049680893527e-02 6.662988297720481845e-02
8.259999999999868336e+00 3.319617969066414043e-01 -5.435552420026235154e+01 -1.508290091032125169e+01 3.004525125203238445e-01 -4.379986213772295994e-02 6.590050353514104176e-02
8.259999999999868336e+00 3.319617969066414043e-01 -5.435552420026235154e+01 -1.508290091032125169e+01 3.004525125203238445e-01 -4.379986213772295994e-02 6.590050353514104176e-02
8.269999999999868123e+00 3.352577361010022905e-01 -5.441559340433126835e+01 -1.509497212566088997e+01 2.998351511748247322e-01 -4.312007977898600630e-02 6.517645068941339825e-02
8.269999999999868123e+00 3.352577361010022905e-01 -5.441559340433126835e+01 -1.509497212566088997e+01 2.998351511748247322e-01 -4.312007977898600630e-02 6.517645068941339825e-02
8.279999999999867910e+00 3.384474853168727426e-01 -5.447510386514579039e+01 -1.510691833458625233e+01 2.992360311061954548e-01 -4.244417613627636532e-02 6.445768608720309212e-02
8.279999999999867910e+00 3.384474853168727426e-01 -5.447510386514579039e+01 -1.510691833458625233e+01 2.992360311061954548e-01 -4.244417613627636532e-02 6.445768608720309212e-02
8.289999999999867697e+00 3.415313940525718794e-01 -5.453405575206429745e+01 -1.511873959767279807e+01 2.986546353489002437e-01 -4.177225810896071506e-02 6.374417180529332039e-02
8.289999999999867697e+00 3.415313940525718794e-01 -5.453405575206429745e+01 -1.511873959767279807e+01 2.986546353489002437e-01 -4.177225810896071506e-02 6.374417180529332039e-02
8.299999999999867484e+00 3.445098288001127163e-01 -5.459244926073119331e+01 -1.513043597488050906e+01 2.980904243604248771e-01 -4.110442674321270612e-02 6.303587032778180943e-02
8.299999999999867484e+00 3.445098288001127163e-01 -5.459244926073119331e+01 -1.513043597488050906e+01 2.980904243604248771e-01 -4.110442674321270612e-02 6.303587032778180943e-02
8.309999999999867271e+00 3.473831726863103042e-01 -5.465028461665121995e+01 -1.514200752442499542e+01 2.975428378534054619e-01 -4.044077721076965587e-02 6.233274452446666003e-02
8.309999999999867271e+00 3.473831726863103042e-01 -5.465028461665121995e+01 -1.514200752442499542e+01 2.975428378534054619e-01 -4.044077721076965587e-02 6.233274452446666003e-02
8.319999999999867057e+00 3.501518251207266785e-01 -5.470756207867914611e+01 -1.515345430168215479e+01 2.970112966495320750e-01 -3.978139880516479154e-02 6.163475763241706151e-02
8.319999999999867057e+00 3.501518251207266785e-01 -5.470756207867914611e+01 -1.515345430168215479e+01 2.970112966495320750e-01 -3.978139880516479154e-02 6.163475763241706151e-02
8.329999999999866844e+00 3.528162014508075539e-01 -5.476428194241624681e+01 -1.516477635812498193e+01 2.964952045447760698e-01 -3.912637495367311119e-02 6.094187323821159685e-02
8.329999999999866844e+00 3.528162014508075539e-01 -5.476428194241624681e+01 -1.516477635812498193e+01 2.964952045447760698e-01 -3.912637495367311119e-02 6.094187323821159685e-02
8.339999999999866631e+00 3.553767326243020275e-01 -5.482044454350287310e+01 -1.517597374029766044e+01 2.959939501810329165e-01 -3.847578324517061943e-02 6.025405526215311947e-02
8.339999999999866631e+00 3.553767326243020275e-01 -5.482044454350287310e+01 -1.517597374029766044e+01 2.959939501810329165e-01 -3.847578324517061943e-02 6.025405526215311947e-02
8.349999999999866418e+00 3.578338648587855442e-01 -5.487605026079688741e+01 -1.518704648883305453e+01 2.955069089196894483e-01 -3.782969547433463059e-02 5.957126794484410293e-02
8.349999999999866418e+00 3.578338648587855442e-01 -5.487605026079688741e+01 -1.518704648883305453e+01 2.955069089196894483e-01 -3.782969547433463059e-02 5.957126794484410293e-02
8.359999999999866205e+00 3.601880593185877721e-01 -5.493109951943129232e+01 -1.519799463751144053e+01 2.950334447074944855e-01 -3.718817770047549293e-02 5.889347583447851475e-02
8.359999999999866205e+00 3.601880593185877721e-01 -5.493109951943129232e+01 -1.519799463751144053e+01 2.950334447074944855e-01 -3.718817770047549293e-02 5.889347583447851475e-02
8.369999999999865992e+00 3.624397917988673723e-01 -5.498559279374141795e+01 -1.520881821236886466e+01 2.945729119324639877e-01 -3.655129032202097256e-02 5.822064377678476399e-02
8.369999999999865992e+00 3.624397917988673723e-01 -5.498559279374141795e+01 -1.520881821236886466e+01 2.945729119324639877e-01 -3.655129032202097256e-02 5.822064377678476399e-02
8.379999999999865778e+00 3.645895524170186808e-01 -5.503953061005585568e+01 -1.521951723085360086e+01 2.941246572612890020e-01 -3.591908816488976336e-02 5.755273690578938117e-02
8.379999999999865778e+00 3.645895524170186808e-01 -5.503953061005585568e+01 -1.521951723085360086e+01 2.941246572612890020e-01 -3.591908816488976336e-02 5.755273690578938117e-02
8.389999999999865565e+00 3.666378453112915103e-01 -5.509291354934504881e+01 -1.523009170103432197e+01 2.936880214533219569e-01 -3.529162058486311204e-02 5.688972063644240351e-02
8.389999999999865565e+00 3.666378453112915103e-01 -5.509291354934504881e+01 -1.523009170103432197e+01 2.936880214533219569e-01 -3.529162058486311204e-02 5.688972063644240351e-02
8.399999999999865352e+00 3.685851883464586476e-01 -5.514574224972046324e+01 -1.524054162086454589e+01 2.932623411474581943e-01 -3.466893158358459043e-02 5.623156065908378742e-02
8.399999999999865352e+00 3.685851883464586476e-01 -5.514574224972046324e+01 -1.524054162086454589e+01 2.932623411474581943e-01 -3.466893158358459043e-02 5.623156065908378742e-02
8.409999999999865139e+00 3.704321128266757079e-01 -5.519801740878163088e+01 -1.525086697750102438e+01 2.928469506136969214e-01 -3.405105993683264082e-02 5.557822293477798770e-02
8.409999999999865139e+00 3.704321128266757079e-01 -5.519801740878163088e+01 -1.525086697750102438e+01 2.928469506136969214e-01 -3.405105993683264082e-02 5.557822293477798770e-02
8.419999999999864926e+00 3.721791632152247065e-01 -5.524973978580552370e+01 -1.526106774668199861e+01 2.924411834673089627e-01 -3.343803933502199205e-02 5.492967369250209564e-02
8.419999999999864926e+00 3.721791632152247065e-01 -5.524973978580552370e+01 -1.526106774668199861e+01 2.924411834673089627e-01 -3.343803933502199205e-02 5.492967369250209564e-02
8.429999999999864713e+00 3.738268968611209164e-01 -5.530091020377605560e+01 -1.527114389216279022e+01 2.920443743382094004e-01 -3.282989853480069997e-02 5.428587942733889560e-02
8.429999999999864713e+00 3.738268968611209164e-01 -5.530091020377605560e+01 -1.527114389216279022e+01 2.920443743382094004e-01 -3.282989853480069997e-02 5.428587942733889560e-02
8.439999999999864500e+00 3.753758837324620012e-01 -5.535152955124989660e+01 -1.528109536521479050e+01 2.916558604940684418e-01 -3.222666152150204660e-02 5.364680690041209732e-02
8.439999999999864500e+00 3.753758837324620012e-01 -5.535152955124989660e+01 -1.528109536521479050e+01 2.916558604940684418e-01 -3.222666152150204660e-02 5.364680690041209732e-02
8.449999999999864286e+00 3.768267061563572162e-01 -5.540159878405881955e+01 -1.529092210418242637e+01 2.912749834089347623e-01 -3.162834768069585495e-02 5.301242313914726612e-02
8.449999999999864286e+00 3.768267061563572162e-01 -5.540159878405881955e+01 -1.529092210418242637e+01 2.912749834089347623e-01 -3.162834768069585495e-02 5.301242313914726612e-02
8.459999999999864073e+00 3.781799585652601547e-01 -5.545111892684435873e+01 -1.530062403410694927e+01 2.909010902784598951e-01 -3.103497197957658452e-02 5.238269543994661381e-02
8.459999999999864073e+00 3.781799585652601547e-01 -5.545111892684435873e+01 -1.530062403410694927e+01 2.909010902784598951e-01 -3.103497197957658452e-02 5.238269543994661381e-02
8.469999999999863860e+00 3.794362472495702576e-01 -5.550009107442786416e+01 -1.531020106640910861e+01 2.905335354725785968e-01 -3.044654515556013269e-02 5.175759137048910330e-02
8.469999999999863860e+00 3.794362472495702576e-01 -5.550009107442786416e+01 -1.531020106640910861e+01 2.905335354725785968e-01 -3.044654515556013269e-02 5.175759137048910330e-02
8.479999999999863647e+00 3.805961901162809302e-01 -5.554851639301337229e+01 -1.531965309863670832e+01 2.901716819259674840e-01 -2.986307391258179872e-02 5.113707877387826950e-02
8.479999999999863647e+00 3.805961901162809302e-01 -5.554851639301337229e+01 -1.531965309863670832e+01 2.901716819259674840e-01 -2.986307391258179872e-02 5.113707877387826950e-02
8.489999999999863434e+00 3.816604164535248311e-01 -5.559639612122410313e+01 -1.532898001427832213e+01 2.898149024637998172e-01 -2.928456112419931812e-02 5.052112577407980032e-02
8.489999999999863434e+00 3.816604164535248311e-01 -5.559639612122410313e+01 -1.532898001427832213e+01 2.898149024637998172e-01 -2.928456112419931812e-02 5.052112577407980032e-02
8.499999999999863221e+00 3.826295667007660883e-01 -5.564373157097668354e+01 -1.533818168263533721e+01 2.894625810549834033e-01 -2.871100604137114334e-02 4.990970078069754956e-02
8.499999999999863221e+00 3.826295667007660883e-01 -5.564373157097668354e+01 -1.533818168263533721e+01 2.894625810549834033e-01 -2.871100604137114334e-02 4.990970078069754956e-02
8.509999999999863007e+00 3.835042922245601726e-01 -5.569052412819191744e+01 -1.534725795876025778e+01 2.891141139958035566e-01 -2.814240450546871483e-02 4.930277249594644529e-02
8.509999999999863007e+00 3.835042922245601726e-01 -5.569052412819191744e+01 -1.534725795876025778e+01 2.891141139958035566e-01 -2.814240450546871483e-02 4.930277249594644529e-02
8.519999999999862794e+00 3.842852550994277361e-01 -5.573677525334542793e+01 -1.535620868345816525e+01 2.887689110198256026e-01 -2.757874916527209772e-02 4.870030992183020657e-02
8.519999999999862794e+00 3.842852550994277361e-01 -5.573677525334542793e+01 -1.535620868345816525e+01 2.887689110198256026e-01 -2.757874916527209772e-02 4.870030992183020657e-02
8.529999999999862581e+00 3.849731278939010903e-01 -5.578248648186270486e+01 -1.536503368334722275e+01 2.884263963301650913e-01 -2.702002969630637463e-02 4.810228236747750297e-02
8.529999999999862581e+00 3.849731278939010903e-01 -5.578248648186270486e+01 -1.536503368334722275e+01 2.884263963301650913e-01 -2.702002969630637463e-02 4.810228236747750297e-02
8.539999999999862368e+00 3.855685934612928523e-01 -5.582765942435948858e+01 -1.537373277098311952e+01 2.880860095560158207e-01 -2.646623302286883056e-02 4.750865945771243215e-02
8.539999999999862368e+00 3.855685934612928523e-01 -5.582765942435948858e+01 -1.537373277098311952e+01 2.880860095560158207e-01 -2.646623302286883056e-02 4.750865945771243215e-02
8.549999999999862155e+00 3.860723447351369630e-01 -5.587229576673327358e+01 -1.538230574504228088e+01 2.877472066295561071e-01 -2.591734354099512264e-02 4.691941114158709736e-02
8.549999999999862155e+00 3.860723447351369630e-01 -5.587229576673327358e+01 -1.538230574504228088e+01 2.877472066295561071e-01 -2.591734354099512264e-02 4.691941114158709736e-02
8.559999999999861942e+00 3.864850845289141135e-01 -5.591639727010949912e+01 -1.539075239056374222e+01 2.874094605829702331e-01 -2.537334334193184354e-02 4.633450770150003561e-02
8.559999999999861942e+00 3.864850845289141135e-01 -5.591639727010949912e+01 -1.539075239056374222e+01 2.874094605829702331e-01 -2.537334334193184354e-02 4.633450770150003561e-02
8.569999999999861728e+00 3.868075253399867464e-01 -5.595996577064722999e+01 -1.539907247924859135e+01 2.870722622648985700e-01 -2.483421243503529385e-02 4.575391976238057934e-02
8.569999999999861728e+00 3.868075253399867464e-01 -5.595996577064722999e+01 -1.539907247924859135e+01 2.870722622648985700e-01 -2.483421243503529385e-02 4.575391976238057934e-02
8.579999999999861515e+00 3.870403891573976352e-01 -5.600300317920860493e+01 -1.540726576981727192e+01 2.867351209771200615e-01 -2.429992896994905005e-02 4.517761830174614468e-02
8.579999999999861515e+00 3.870403891573976352e-01 -5.600300317920860493e+01 -1.540726576981727192e+01 2.867351209771200615e-01 -2.429992896994905005e-02 4.517761830174614468e-02
8.589999999999861302e+00 3.871844072733188202e-01 -5.604551148089878154e+01 -1.541533200841897511e+01 2.863975650287534647e-01 -2.377046945636028183e-02 4.460557465910697239e-02
8.589999999999861302e+00 3.871844072733188202e-01 -5.604551148089878154e+01 -1.541533200841897511e+01 2.863975650287534647e-01 -2.377046945636028183e-02 4.460557465910697239e-02
8.599999999999861089e+00 3.872403200980288340e-01 -5.608749273448098904e+01 -1.542327092909502362e+01 2.860591422103026527e-01 -2.324580898125727310e-02 4.403776054603404655e-02
8.599999999999861089e+00 3.872403200980288340e-01 -5.608749273448098904e+01 -1.542327092909502362e+01 2.860591422103026527e-01 -2.324580898125727310e-02 4.403776054603404655e-02
8.609999999999860876e+00 3.872088769780416828e-01 -5.612894907167238046e+01 -1.543108225429337210e+01 2.857194201875024042e-01 -2.272592142281175051e-02 4.347414805616417466e-02
8.609999999999860876e+00 3.872088769780416828e-01 -5.612894907167238046e+01 -1.543108225429337210e+01 2.857194201875024042e-01 -2.272592142281175051e-02 4.347414805616417466e-02
8.619999999999860663e+00 3.870908360173221374e-01 -5.616988269632790320e+01 -1.543876569543103727e+01 2.853779868147224841e-01 -2.221077965995430642e-02 4.291470967498343947e-02
8.619999999999860663e+00 3.870908360173221374e-01 -5.616988269632790320e+01 -1.543876569543103727e+01 2.853779868147224841e-01 -2.221077965995430642e-02 4.291470967498343947e-02
8.629999999999860449e+00 3.868869639011582318e-01 -5.621029588351620987e+01 -1.544632095350592671e+01 2.850344503713750921e-01 -2.170035577772762639e-02 4.235941829009899628e-02
8.629999999999860449e+00 3.868869639011582318e-01 -5.621029588351620987e+01 -1.544632095350592671e+01 2.850344503713750921e-01 -2.170035577772762639e-02 4.235941829009899628e-02
8.639999999999860236e+00 3.865980357227498110e-01 -5.625019097849676086e+01 -1.545374771975108885e+01 2.846884397191702387e-01 -2.119462126675033392e-02 4.180824720072877365e-02
8.639999999999860236e+00 3.865980357227498110e-01 -5.625019097849676086e+01 -1.545374771975108885e+01 2.846884397191702387e-01 -2.119462126675033392e-02 4.180824720072877365e-02
8.649999999999860023e+00 3.862248348120920771e-01 -5.628957039560257414e+01 -1.546104567633279636e+01 2.843396043841755483e-01 -2.069354721695118929e-02 4.126117012735583400e-02
8.649999999999860023e+00 3.862248348120920771e-01 -5.628957039560257414e+01 -1.546104567633279636e+01 2.843396043841755483e-01 -2.069354721695118929e-02 4.126117012735583400e-02
8.659999999999859810e+00 3.857681525670070277e-01 -5.632843661703511629e+01 -1.546821449709058527e+01 2.839876145656229367e-01 -2.019710450523305029e-02 4.071816122154146844e-02
8.659999999999859810e+00 3.857681525670070277e-01 -5.632843661703511629e+01 -1.546821449709058527e+01 2.839876145656229367e-01 -2.019710450523305029e-02 4.071816122154146844e-02
8.669999999999859597e+00 3.852287882861887836e-01 -5.636679219158015997e+01 -1.547525384831286388e+01 2.836321610705766494e-01 -1.970526397547633229e-02 4.017919507450369576e-02
8.669999999999859597e+00 3.852287882861887836e-01 -5.636679219158015997e+01 -1.547525384831286388e+01 2.836321610705766494e-01 -1.970526397547633229e-02 4.017919507450369576e-02
8.679999999999859384e+00 3.846075490040369305e-01 -5.640463973324772695e+01 -1.548216338955211135e+01 2.832729551809029522e-01 -1.921799661193339046e-02 3.964424672668254157e-02
8.679999999999859384e+00 3.846075490040369305e-01 -5.640463973324772695e+01 -1.548216338955211135e+01 2.832729551809029522e-01 -1.921799661193339046e-02 3.964424672668254157e-02
8.689999999999859170e+00 3.839052493270006527e-01 -5.644198191984604307e+01 -1.548894277447157464e+01 2.829097284509544119e-01 -1.873527370437834058e-02 3.911329167595237188e-02
8.689999999999859170e+00 3.839052493270006527e-01 -5.644198191984604307e+01 -1.548894277447157464e+01 2.829097284509544119e-01 -1.873527370437834058e-02 3.911329167595237188e-02
8.699999999999858957e+00 3.831227112714745142e-01 -5.647882149149467779e+01 -1.549559165172322395e+01 2.825422324400164720e-01 -1.825706700499708443e-02 3.858630588569943176e-02
8.699999999999858957e+00 3.831227112714745142e-01 -5.647882149149467779e+01 -1.549559165172322395e+01 2.825422324400164720e-01 -1.825706700499708443e-02 3.858630588569943176e-02
8.709999999999858744e+00 3.822607641028579195e-01 -5.651516124908182803e+01 -1.550210966585842520e+01 2.821702383844935103e-01 -1.778334887744662321e-02 3.806326579330067406e-02
8.709999999999858744e+00 3.822607641028579195e-01 -5.651516124908182803e+01 -1.550210966585842520e+01 2.821702383844935103e-01 -1.778334887744662321e-02 3.806326579330067406e-02
8.719999999999858531e+00 3.813202441757514993e-01 -5.655100405267565833e+01 -1.550849645826169088e+01 2.817935368079856895e-01 -1.731409243631019598e-02 3.754414831679254994e-02
8.719999999999858531e+00 3.813202441757514993e-01 -5.655100405267565833e+01 -1.550849645826169088e+01 2.817935368079856895e-01 -1.731409243631019598e-02 3.754414831679254994e-02
8.729999999999858318e+00 3.803019947750715390e-01 -5.658635281989259624e+01 -1.551475166811215267e+01 2.814119370769223027e-01 -1.684927167835922890e-02 3.702893086252809218e-02
8.729999999999858318e+00 3.803019947750715390e-01 -5.658635281989259624e+01 -1.551475166811215267e+01 2.814119370769223027e-01 -1.684927167835922890e-02 3.702893086252809218e-02
8.739999999999858105e+00 3.792068659580288825e-01 -5.662121052423124468e+01 -1.552087493336567015e+01 2.810252669014491333e-01 -1.638886160400444825e-02 3.651759133121793011e-02
8.739999999999858105e+00 3.792068659580288825e-01 -5.662121052423124468e+01 -1.552087493336567015e+01 2.810252669014491333e-01 -1.638886160400444825e-02 3.651759133121793011e-02
8.749999999999857891e+00 3.780357143966954769e-01 -5.665558019337528606e+01 -1.552686589176074428e+01 2.806333717884382795e-01 -1.593283833011588380e-02 3.601010812456259536e-02
8.749999999999857891e+00 3.780357143966954769e-01 -5.665558019337528606e+01 -1.552686589176074428e+01 2.806333717884382795e-01 -1.593283833011588380e-02 3.601010812456259536e-02
8.759999999999857678e+00 3.767894032212177335e-01 -5.668946490747495659e+01 -1.553272418183835057e+01 2.802361144449815322e-01 -1.548117919256784478e-02 3.550646015018291135e-02
8.759999999999857678e+00 3.767894032212177335e-01 -5.668946490747495659e+01 -1.553272418183835057e+01 2.802361144449815322e-01 -1.548117919256784478e-02 3.550646015018291135e-02
8.769999999999857465e+00 3.754688018633757784e-01 -5.672286779740856844e+01 -1.553844944398232819e+01 2.798333741414321674e-01 -1.503386284011912905e-02 3.500662682725658170e-02
8.769999999999857465e+00 3.754688018633757784e-01 -5.672286779740856844e+01 -1.553844944398232819e+01 2.798333741414321674e-01 -1.503386284011912905e-02 3.500662682725658170e-02
8.779999999999857252e+00 3.740747859004592835e-01 -5.675579204303181058e+01 -1.554404132147381645e+01 2.794250460343833953e-01 -1.459086931852743817e-02 3.451058809107672432e-02
8.779999999999857252e+00 3.740747859004592835e-01 -5.675579204303181058e+01 -1.554404132147381645e+01 2.794250460343833953e-01 -1.459086931852743817e-02 3.451058809107672432e-02
8.789999999999857039e+00 3.726082368994412808e-01 -5.678824087142076849e+01 -1.554949946155573492e+01 2.790110404520831922e-01 -1.415218014485619853e-02 3.401832439677979214e-02
8.789999999999857039e+00 3.726082368994412808e-01 -5.678824087142076849e+01 -1.554949946155573492e+01 2.790110404520831922e-01 -1.415218014485619853e-02 3.401832439677979214e-02
8.799999999999856826e+00 3.710700422612944749e-01 -5.682021755511139816e+01 -1.555482351651102491e+01 2.785912821492991798e-01 -1.371777837265455643e-02 3.352981672314450656e-02
8.799999999999856826e+00 3.710700422612944749e-01 -5.682021755511139816e+01 -1.555482351651102491e+01 2.785912821492991798e-01 -1.371777837265455643e-02 3.352981672314450656e-02
8.809999999999856612e+00 3.694610950651078252e-01 -5.685172541034054206e+01 -1.556001314475142472e+01 2.781657095342799924e-01 -1.328764864824928844e-02 3.304504657597984174e-02
8.809999999999856612e+00 3.694610950651078252e-01 -5.685172541034054206e+01 -1.556001314475142472e+01 2.781657095342799924e-01 -1.328764864824928844e-02 3.304504657597984174e-02
8.819999999999856399e+00 3.677822939125861557e-01 -5.688276779529510208e+01 -1.556506801191081557e+01 2.777342738686282009e-01 -1.286177725680795123e-02 3.256399599005591755e-02
8.819999999999856399e+00 3.677822939125861557e-01 -5.688276779529510208e+01 -1.556506801191081557e+01 2.777342738686282009e-01 -1.286177725680795123e-02 3.256399599005591755e-02
8.829999999999856186e+00 3.660345427720179123e-01 -5.691334810837033586e+01 -1.556998779194854166e+01 2.772969384484030297e-01 -1.244015216046539044e-02 3.208664753171086570e-02
8.829999999999856186e+00 3.660345427720179123e-01 -5.691334810837033586e+01 -1.556998779194854166e+01 2.772969384484030297e-01 -1.244015216046539044e-02 3.208664753171086570e-02
8.839999999999855973e+00 3.642187508224251080e-01 -5.694346978644330193e+01 -1.557477216825689581e+01 2.768536777668401117e-01 -1.202276302690836324e-02 3.161298430015031802e-02
8.839999999999855973e+00 3.642187508224251080e-01 -5.694346978644330193e+01 -1.557477216825689581e+01 2.768536777668401117e-01 -1.202276302690836324e-02 3.161298430015031802e-02
8.849999999999855760e+00 3.623358322972802803e-01 -5.697313630316398303e+01 -1.557942083477339601e+01 2.764044766638400485e-01 -1.160960124969617237e-02 3.114298992855927400e-02
8.849999999999855760e+00 3.623358322972802803e-01 -5.697313630316398303e+01 -1.557942083477339601e+01 2.764044766638400485e-01 -1.160960124969617237e-02 3.114298992855927400e-02
8.859999999999855547e+00 3.603867063280620231e-01 -5.700235116726666007e+01 -1.558393349709842823e+01 2.759493294666272023e-01 -1.120065996035901623e-02 3.067664858496491065e-02
8.859999999999855547e+00 3.603867063280620231e-01 -5.700235116726666007e+01 -1.558393349709842823e+01 2.759493294666272023e-01 -1.120065996035901623e-02 3.067664858496491065e-02
8.869999999999855333e+00 3.583722967875140886e-01 -5.703111792090729892e+01 -1.558830987361142206e+01 2.754882391215971449e-01 -1.079593403183082626e-02 3.021394497177891381e-02
8.869999999999855333e+00 3.583722967875140886e-01 -5.703111792090729892e+01 -1.558830987361142206e+01 2.754882391215971449e-01 -1.079593403183082626e-02 3.021394497177891381e-02
8.879999999999855120e+00 3.562935321324610660e-01 -5.705944013802351122e+01 -1.559254969659788159e+01 2.750212163287415468e-01 -1.039542007525061894e-02 2.975486432637233780e-02
8.879999999999855120e+00 3.562935321324610660e-01 -5.705944013802351122e+01 -1.559254969659788159e+01 2.750212163287415468e-01 -1.039542007525061894e-02 2.975486432637233780e-02
8.889999999999854907e+00 3.541513452464700173e-01 -5.708732142272742749e+01 -1.559665271336890946e+01 2.745482786713719925e-01 -9.999116428084334207e-03 2.929939241943883832e-02
8.889999999999854907e+00 3.541513452464700173e-01 -5.708732142272742749e+01 -1.559665271336890946e+01 2.745482786713719925e-01 -9.999116428084334207e-03 2.929939241943883832e-02
8.899999999999854694e+00 3.519466732818492538e-01 -5.711476540772441979e+01 -1.560061868739256319e+01 2.740694497563902488e-01 -9.607023136448931272e-03 2.884751555468220013e-02
8.899999999999854694e+00 3.519466732818492538e-01 -5.711476540772441979e+01 -1.560061868739256319e+01 2.740694497563902488e-01 -9.607023136448931272e-03 2.884751555468220013e-02
8.909999999999854481e+00 3.496804575015493022e-01 -5.714177575276760024e+01 -1.560444739941948278e+01 2.735847583579588127e-01 -9.219141929640350952e-03 2.839922056652719601e-02
8.909999999999854481e+00 3.496804575015493022e-01 -5.714177575276760024e+01 -1.560444739941948278e+01 2.735847583579588127e-01 -9.219141929640350952e-03 2.839922056652719601e-02
8.919999999999854268e+00 3.473536431203528285e-01 -5.716835614314136649e+01 -1.560813864861885314e+01 2.730942375774247921e-01 -8.835476189373542982e-03 2.795449481887216092e-02
8.919999999999854268e+00 3.473536431203528285e-01 -5.716835614314136649e+01 -1.560813864861885314e+01 2.730942375774247921e-01 -8.835476189373542982e-03 2.795449481887216092e-02
8.929999999999854055e+00 3.449671791459299475e-01 -5.719451028818157567e+01 -1.561169225371164160e+01 2.725979240147223814e-01 -8.456030912402670574e-03 2.751332620236222881e-02
8.929999999999854055e+00 3.449671791459299475e-01 -5.719451028818157567e+01 -1.561169225371164160e+01 2.725979240147223814e-01 -8.456030912402670574e-03 2.751332620236222881e-02
8.939999999999853841e+00 3.425220182192456053e-01 -5.722024191982772123e+01 -1.561510805411207059e+01 2.720958569604429167e-01 -8.080812668050588524e-03 2.707570313197893430e-02
8.939999999999853841e+00 3.425220182192456053e-01 -5.722024191982772123e+01 -1.561510805411207059e+01 2.720958569604429167e-01 -8.080812668050588524e-03 2.707570313197893430e-02
8.949999999999853628e+00 3.400191164546256806e-01 -5.724555479120921575e+01 -1.561838591107447982e+01 2.715880776096212257e-01 -7.709829550776433650e-03 2.664161454418404601e-02
8.949999999999853628e+00 3.400191164546256806e-01 -5.724555479120921575e+01 -1.561838591107447982e+01 2.715880776096212257e-01 -7.709829550776433650e-03 2.664161454418404601e-02
8.959999999999853415e+00 3.374594332794365048e-01 -5.727045267526566619e+01 -1.562152570884580882e+01 2.710746282994927481e-01 -7.343091127950499529e-03 2.621104989368742977e-02
8.959999999999853415e+00 3.374594332794365048e-01 -5.727045267526566619e+01 -1.562152570884580882e+01 2.710746282994927481e-01 -7.343091127950499529e-03 2.621104989368742977e-02
8.969999999999853202e+00 3.348439312733944018e-01 -5.729493936340086435e+01 -1.562452735582544072e+01 2.705555517742941340e-01 -6.980608383222944822e-03 2.578399914972001605e-02
8.969999999999853202e+00 3.348439312733944018e-01 -5.729493936340086435e+01 -1.562452735582544072e+01 2.705555517742941340e-01 -6.980608383222944822e-03 2.578399914972001605e-02
8.979999999999852989e+00 3.321735760072641042e-01 -5.731901866416575331e+01 -1.562739078574075258e+01 2.700308904842284585e-01 -6.622393656988382823e-03 2.536045279285646659e-02
8.979999999999852989e+00 3.321735760072641042e-01 -5.731901866416575331e+01 -1.562739078574075258e+01 2.700308904842284585e-01 -6.622393656988382823e-03 2.536045279285646659e-02
8.989999999999852776e+00 3.294493358814067352e-01 -5.734269440197438428e+01 -1.563011595883039462e+01 2.695006859147601741e-01 -6.268460582692522709e-03 2.494040181061700501e-02
8.989999999999852776e+00 3.294493358814067352e-01 -5.734269440197438428e+01 -1.563011595883039462e+01 2.695006859147601741e-01 -6.268460582692522709e-03 2.494040181061700501e-02
8.999999999999852562e+00 3.266721819638572777e-01 -5.736597041584720813e+01 -1.563270286304491208e+01 2.689649779537977570e-01 -5.918824020780892245e-03 2.452383769357675131e-02
8.999999999999852562e+00 3.266721819638572777e-01 -5.736597041584720813e+01 -1.563270286304491208e+01 2.689649779537977570e-01 -5.918824020780892245e-03 2.452383769357675131e-02
9.009999999999852349e+00 3.238430878279769387e-01 -5.738885055818036562e+01 -1.563515151526656588e+01 2.684238042985078732e-01 -5.573499990153750645e-03 2.411075243099101290e-02
9.009999999999852349e+00 3.238430878279769387e-01 -5.738885055818036562e+01 -1.563515151526656588e+01 2.684238042985078732e-01 -5.573499990153750645e-03 2.411075243099101290e-02
9.019999999999852136e+00 3.209630293898815823e-01 -5.741133869353924268e+01 -1.563746196254892062e+01 2.678771999030158391e-01 -5.232505597646765552e-03 2.370113850639034292e-02
9.019999999999852136e+00 3.209630293898815823e-01 -5.741133869353924268e+01 -1.563746196254892062e+01 2.678771999030158391e-01 -5.232505597646765552e-03 2.370113850639034292e-02
9.029999999999851923e+00 3.180329847454236858e-01 -5.743343869747214825e+01 -1.563963428338310102e+01 2.673251964713558304e-01 -4.895858966031326441e-03 2.329498889300463810e-02
9.029999999999851923e+00 3.180329847454236858e-01 -5.743343869747214825e+01 -1.563963428338310102e+01 2.673251964713558304e-01 -4.895858966031326441e-03 2.329498889300463810e-02
9.039999999999851710e+00 3.150539340069790084e-01 -5.745515445534260834e+01 -1.564166858899042545e+01 2.667678219957855257e-01 -4.563579160707810674e-03 2.289229704892746520e-02
9.039999999999851710e+00 3.150539340069790084e-01 -5.745515445534260834e+01 -1.564166858899042545e+01 2.667678219957855257e-01 -4.563579160707810674e-03 2.289229704892746520e-02
9.049999999999851497e+00 3.120268591397625801e-01 -5.747648986117386016e+01 -1.564356502465130916e+01 2.662051003462119203e-01 -4.235686116120022243e-03 2.249305691261661855e-02
9.049999999999851497e+00 3.120268591397625801e-01 -5.747648986117386016e+01 -1.564356502465130916e+01 2.662051003462119203e-01 -4.235686116120022243e-03 2.249305691261661855e-02
9.059999999999851283e+00 3.089527437981078872e-01 -5.749744881650555328e+01 -1.564532377106645455e+01 2.656370509078637143e-01 -3.912200561313104730e-03 2.209726289773804309e-02
9.059999999999851283e+00 3.089527437981078872e-01 -5.749744881650555328e+01 -1.564532377106645455e+01 2.656370509078637143e-01 -3.912200561313104730e-03 2.209726289773804309e-02
9.069999999999851070e+00 3.058325731612459020e-01 -5.751803522925383305e+01 -1.564694504576478806e+01 2.650636882752546164e-01 -3.593143946015522026e-03 2.170490988840034774e-02
9.069999999999851070e+00 3.058325731612459020e-01 -5.751803522925383305e+01 -1.564694504576478806e+01 2.650636882752546164e-01 -3.593143946015522026e-03 2.170490988840034774e-02
9.079999999999850857e+00 3.026673337689400611e-01 -5.753825301257354852e+01 -1.564842910455604219e+01 2.644850220001673247e-01 -3.278538367180644508e-03 2.131599323443806454e-02
9.079999999999850857e+00 3.026673337689400611e-01 -5.753825301257354852e+01 -1.564842910455604219e+01 2.644850220001673247e-01 -3.278538367180644508e-03 2.131599323443806454e-02
9.089999999999850644e+00 2.994580133569231251e-01 -5.755810608371758974e+01 -1.564977624303293879e+01 2.639010563953604338e-01 -2.968406495790771975e-03 2.093050874589523491e-02
9.089999999999850644e+00 2.994580133569231251e-01 -5.755810608371758974e+01 -1.564977624303293879e+01 2.639010563953604338e-01 -2.968406495790771975e-03 2.093050874589523491e-02
9.099999999999850431e+00 2.962056006919469020e-01 -5.757759836288416722e+01 -1.565098679813725546e+01 2.633117904011011978e-01 -2.662771505734119921e-03 2.054845268876168835e-02
9.099999999999850431e+00 2.962056006919469020e-01 -5.757759836288416722e+01 -1.565098679813725546e+01 2.633117904011011978e-01 -2.662771505734119921e-03 2.054845268876168835e-02
9.109999999999850218e+00 2.929110854067763503e-01 -5.759673377205211153e+01 -1.565206114978341567e+01 2.627172175089307338e-01 -2.361657003459042160e-03 2.016982177966638451e-02
9.109999999999850218e+00 2.929110854067763503e-01 -5.759673377205211153e+01 -1.565206114978341567e+01 2.627172175089307338e-01 -2.361657003459042160e-03 2.016982177966638451e-02
9.119999999999850004e+00 2.895754578348980202e-01 -5.761551623379459386e+01 -1.565299972255336236e+01 2.621173257488069730e-01 -2.065086959510924972e-03 1.979461318093591465e-02
9.119999999999850004e+00 2.895754578348980202e-01 -5.761551623379459386e+01 -1.565299972255336236e+01 2.621173257488069730e-01 -2.065086959510924972e-03 1.979461318093591465e-02
9.129999999999849791e+00 2.861997088449457216e-01 -5.763394967006571079e+01 -1.565380298746840104e+01 2.615120977410304581e-01 -1.773085642546453743e-03 1.942282449598816546e-02
9.129999999999849791e+00 2.861997088449457216e-01 -5.763394967006571079e+01 -1.565380298746840104e+01 2.615120977410304581e-01 -1.773085642546453743e-03 1.942282449598816546e-02
9.139999999999849578e+00 2.827848296749858603e-01 -5.765203800095461872e+01 -1.565447146384167176e+01 2.609015108123745597e-01 -1.485677555363219306e-03 1.905445376443837269e-02
9.139999999999849578e+00 2.827848296749858603e-01 -5.765203800095461872e+01 -1.565447146384167176e+01 2.609015108123745597e-01 -1.485677555363219306e-03 1.905445376443837269e-02
9.149999999999849365e+00 2.793318117666471756e-01 -5.766978514340040363e+01 -1.565500572121811551e+01 2.602855371780375404e-01 -1.202887373459019926e-03 1.868949945728336920e-02
9.149999999999849365e+00 2.793318117666471756e-01 -5.766978514340040363e+01 -1.565500572121811551e+01 2.602855371780375404e-01 -1.202887373459019926e-03 1.868949945728336920e-02
9.159999999999849152e+00 2.758416465988078325e-01 -5.768719500986019710e+01 -1.565540638141092167e+01 2.596641441920208848e-01 -9.247398868151582513e-04 1.832796047246935955e-02
9.159999999999849152e+00 2.758416465988078325e-01 -5.768719500986019710e+01 -1.565540638141092167e+01 2.596641441920208848e-01 -9.247398868151582513e-04 1.832796047246935955e-02
9.169999999999848939e+00 2.723153255212665269e-01 -5.770427150692427176e+01 -1.565567412063835562e+01 2.590372946650251751e-01 -6.512599442660501779e-04 1.796983613017037046e-02
9.169999999999848939e+00 2.723153255212665269e-01 -5.770427150692427176e+01 -1.565567412063835562e+01 2.590372946650251751e-01 -6.512599442660501779e-04 1.796983613017037046e-02
9.179999999999848725e+00 2.687538395880565978e-01 -5.772101853387151493e+01 -1.565580967176799909e+01 2.584049472511122936e-01 -3.824724014307361118e-04 1.761512616848415896e-02
9.179999999999848725e+00 2.687538395880565978e-01 -5.772101853387151493e+01 -1.565580967176799909e+01 2.584049472511122936e-01 -3.824724014307361118e-04 1.761512616848415896e-02
9.189999999999848512e+00 2.651581793904825846e-01 -5.773743998115719478e+01 -1.565581382667586041e+01 2.577670569041632942e-01 -1.184020718114411208e-04 1.726383073900947945e-02
9.189999999999848512e+00 2.651581793904825846e-01 -5.773743998115719478e+01 -1.565581382667586041e+01 2.577670569041632942e-01 -1.184020718114411208e-04 1.726383073900947945e-02
9.199999999999848299e+00 2.615293348898667380e-01 -5.775353972882797393e+01 -1.565568743872242408e+01 2.571235754022437314e-01 1.409263185670600594e-04 1.691595040255193527e-02
9.199999999999848299e+00 2.615293348898667380e-01 -5.775353972882797393e+01 -1.565568743872242408e+01 2.571235754022437314e-01 1.409263185670600594e-04 1.691595040255193527e-02
9.209999999999848086e+00 2.578682952500749304e-01 -5.776932164485393173e+01 -1.565543142535825893e+01 2.564744519436713555e-01 3.954881727964291212e-04 1.657148612517159864e-02
9.209999999999848086e+00 2.578682952500749304e-01 -5.776932164485393173e+01 -1.565543142535825893e+01 2.564744519436713555e-01 3.954881727964291212e-04 1.657148612517159864e-02
9.219999999999847873e+00 2.541760486694872867e-01 -5.778478958337429106e+01 -1.565504677085659146e+01 2.558196338101988432e-01 6.452590609139301735e-04 1.623043927415884768e-02
9.219999999999847873e+00 2.541760486694872867e-01 -5.778478958337429106e+01 -1.565504677085659146e+01 2.558196338101988432e-01 6.452590609139301735e-04 1.623043927415884768e-02
9.229999999999847660e+00 2.504535822128443612e-01 -5.779994738284872824e+01 -1.565453452918058552e+01 2.551590670982704090e-01 8.902147544302972714e-04 1.589281161388556018e-02
9.229999999999847660e+00 2.504535822128443612e-01 -5.779994738284872824e+01 -1.565453452918058552e+01 2.551590670982704090e-01 8.902147544302972714e-04 1.589281161388556018e-02
9.239999999999847446e+00 2.467018816424518812e-01 -5.781479886410598823e+01 -1.565389582699264537e+01 2.544926975195891949e-01 1.130331256174601107e-03 1.555860530257952359e-02
9.239999999999847446e+00 2.467018816424518812e-01 -5.781479886410598823e+01 -1.565389582699264537e+01 2.544926975195891949e-01 1.130331256174601107e-03 1.555860530257952359e-02
9.249999999999847233e+00 2.429219312490899785e-01 -5.782934782828866815e+01 -1.565313186679880175e+01 2.538204712635694360e-01 1.365584827249435168e-03 1.522782288804394937e-02
9.249999999999847233e+00 2.429219312490899785e-01 -5.782934782828866815e+01 -1.565313186679880175e+01 2.538204712635694360e-01 1.365584827249435168e-03 1.522782288804394937e-02
9.259999999999847020e+00 2.391147136822809605e-01 -5.784359805468241689e+01 -1.565224393024247007e+01 2.531423359273423657e-01 1.595952009149133799e-03 1.490046730479285819e-02
9.259999999999847020e+00 2.391147136822809605e-01 -5.784359805468241689e+01 -1.565224393024247007e+01 2.531423359273423657e-01 1.595952009149133799e-03 1.490046730479285819e-02
9.269999999999846807e+00 2.352812097801013913e-01 -5.785755329842992012e+01 -1.565123338153676791e+01 2.524582415040106387e-01 1.821409642742173682e-03 1.457654187023018494e-02
9.269999999999846807e+00 2.352812097801013913e-01 -5.785755329842992012e+01 -1.565123338153676791e+01 2.524582415040106387e-01 1.821409642742173682e-03 1.457654187023018494e-02
9.279999999999846594e+00 2.314223983984047828e-01 -5.787121728812267918e+01 -1.565010167103994476e+01 2.517681414295225850e-01 2.041934883044287455e-03 1.425605028163832999e-02
9.279999999999846594e+00 2.314223983984047828e-01 -5.787121728812267918e+01 -1.565010167103994476e+01 2.517681414295225850e-01 2.041934883044287455e-03 1.425605028163832999e-02
9.289999999999846381e+00 2.275392562393138973e-01 -5.788459372326798302e+01 -1.564885033896980282e+01 2.510719936837261246e-01 2.257505210370098440e-03 1.393899661296581910e-02
9.289999999999846381e+00 2.275392562393138973e-01 -5.788459372326798302e+01 -1.564885033896980282e+01 2.510719936837261246e-01 2.257505210370098440e-03 1.393899661296581910e-02
9.299999999999846167e+00 2.236327576790656801e-01 -5.789768627162824544e+01 -1.564748101925178858e+01 2.503697619407913022e-01 2.468098437836184142e-03 1.362538531176368806e-02
9.299999999999846167e+00 2.236327576790656801e-01 -5.789768627162824544e+01 -1.564748101925178858e+01 2.503697619407913022e-01 2.468098437836184142e-03 1.362538531176368806e-02
9.309999999999845954e+00 2.197038745951123140e-01 -5.791049856643235927e+01 -1.564599544349299443e+01 2.496614167635307358e-01 2.673692715171009301e-03 1.331522119642929158e-02
9.309999999999845954e+00 2.197038745951123140e-01 -5.791049856643235927e+01 -1.564599544349299443e+01 2.496614167635307358e-01 2.673692715171009301e-03 1.331522119642929158e-02
9.319999999999845741e+00 2.157535761923408124e-01 -5.792303420345675136e+01 -1.564439544507613178e+01 2.489469368375437086e-01 2.874266529128495246e-03 1.300850945337480788e-02
9.319999999999845741e+00 2.157535761923408124e-01 -5.792303420345675136e+01 -1.564439544507613178e+01 2.489469368375437086e-01 2.874266529128495246e-03 1.300850945337480788e-02
9.329999999999845528e+00 2.117828288284634985e-01 -5.793529673798043689e+01 -1.564268296335568742e+01 2.482263102351155160e-01 3.069798700465117651e-03 1.270525563448068537e-02
9.329999999999845528e+00 2.117828288284634985e-01 -5.793529673798043689e+01 -1.564268296335568742e+01 2.482263102351155160e-01 3.069798700465117651e-03 1.270525563448068537e-02
9.339999999999845315e+00 2.077925958385704042e-01 -5.794728968161630434e+01 -1.564086004794180518e+01 2.474995357016064046e-01 3.260268378299921530e-03 1.240546565416350208e-02
9.339999999999845315e+00 2.077925958385704042e-01 -5.794728968161630434e+01 -1.564086004794180518e+01 2.474995357016064046e-01 3.260268378299921530e-03 1.240546565416350208e-02
9.349999999999845102e+00 2.037838373584058560e-01 -5.795901649901893649e+01 -1.563892886306378038e+01 2.467666239613053869e-01 3.445655030242938954e-03 1.210914578776858819e-02
9.349999999999845102e+00 2.037838373584058560e-01 -5.795901649901893649e+01 -1.563892886306378038e+01 2.467666239613053869e-01 3.445655030242938954e-03 1.210914578776858819e-02
9.359999999999844889e+00 1.997575101470963066e-01 -5.797048060448509688e+01 -1.563689169196966233e+01 2.460275990205182117e-01 3.625938431434315348e-03 1.181630266825797748e-02
9.359999999999844889e+00 1.997575101470963066e-01 -5.797048060448509688e+01 -1.563689169196966233e+01 2.460275990205182117e-01 3.625938431434315348e-03 1.181630266825797748e-02
9.369999999999844675e+00 1.957145674083064779e-01 -5.798168535844536819e+01 -1.563475094135949384e+01 2.452824994705973538e-01 3.801098649572057751e-03 1.152694328470956972e-02
9.369999999999844675e+00 1.957145674083064779e-01 -5.798168535844536819e+01 -1.563475094135949384e+01 2.452824994705973538e-01 3.801098649572057751e-03 1.152694328470956972e-02
9.379999999999844462e+00 1.916559586106520441e-01 -5.799263406386425856e+01 -1.563250914580824968e+01 2.445313797702594327e-01 3.971116028351415195e-03 1.124107497996350985e-02
9.379999999999844462e+00 1.916559586106520441e-01 -5.799263406386425856e+01 -1.563250914580824968e+01 2.445313797702594327e-01 3.971116028351415195e-03 1.124107497996350985e-02
9.389999999999844249e+00 1.875826293066833461e-01 -5.800332996255976070e+01 -1.563016897215014289e+01 2.437743114976000658e-01 4.135971168303219023e-03 1.095870544877812144e-02
9.389999999999844249e+00 1.875826293066833461e-01 -5.800332996255976070e+01 -1.563016897215014289e+01 2.437743114976000658e-01 4.135971168303219023e-03 1.095870544877812144e-02
9.399999999999844036e+00 1.834955209509092633e-01 -5.801377623146061779e+01 -1.562773322378140328e+01 2.430113845546301166e-01 4.295644906441115247e-03 1.067984273560892636e-02
9.399999999999844036e+00 1.834955209509092633e-01 -5.801377623146061779e+01 -1.562773322378140328e+01 2.430113845546301166e-01 4.295644906441115247e-03 1.067984273560892636e-02
9.409999999999843823e+00 1.793955707164089086e-01 -5.802397597881504510e+01 -1.562520484484981154e+01 2.422427083154265193e-01 4.450118293471898127e-03 1.040449523330905582e-02
9.409999999999843823e+00 1.793955707164089086e-01 -5.802397597881504510e+01 -1.562520484484981154e+01 2.422427083154265193e-01 4.450118293471898127e-03 1.040449523330905582e-02
9.419999999999843610e+00 1.752837113104004363e-01 -5.803393224038030951e+01 -1.562258692426710915e+01 2.414684126918235640e-01 4.599372570600856504e-03 1.013267168086983902e-02
9.419999999999843610e+00 1.752837113104004363e-01 -5.803393224038030951e+01 -1.562258692426710915e+01 2.414684126918235640e-01 4.599372570600856504e-03 1.013267168086983902e-02
9.429999999999843396e+00 1.711608707884583469e-01 -5.804364797560635481e+01 -1.561988269951654473e+01 2.406886491131292605e-01 4.743389144415701385e-03 9.864381162488045779e-03
9.429999999999843396e+00 1.711608707884583469e-01 -5.804364797560635481e+01 -1.561988269951654473e+01 2.406886491131292605e-01 4.743389144415701385e-03 9.864381162488045779e-03
9.439999999999843183e+00 1.670279723675220651e-01 -5.805312606385164287e+01 -1.561709556017633638e+01 2.399035913884344506e-01 4.882149561778657137e-03 9.599633105526347854e-03
9.439999999999843183e+00 1.670279723675220651e-01 -5.805312606385164287e+01 -1.561709556017633638e+01 2.399035913884344506e-01 4.882149561778657137e-03 9.599633105526347854e-03
9.449999999999842970e+00 1.628859342378011221e-01 -5.806236930065265511e+01 -1.561422905111940374e+01 2.391134364443727178e-01 5.015635483802490316e-03 9.338437279650824846e-03
9.449999999999842970e+00 1.628859342378011221e-01 -5.806236930065265511e+01 -1.561422905111940374e+01 2.391134364443727178e-01 5.015635483802490316e-03 9.338437279650824846e-03
9.459999999999842757e+00 1.587356693734085777e-01 -5.807138039408444286e+01 -1.561128687531293480e+01 2.383184049123006076e-01 5.143828660151715006e-03 9.080803795093395775e-03
9.459999999999842757e+00 1.587356693734085777e-01 -5.807138039408444286e+01 -1.561128687531293480e+01 2.383184049123006076e-01 5.143828660151715006e-03 9.080803795093395775e-03
9.469999999999842544e+00 1.545780853418880219e-01 -5.808016196124277286e+01 -1.560827289616533342e+01 2.375187415536613722e-01 5.266710903011960314e-03 8.826743102065718466e-03
9.469999999999842544e+00 1.545780853418880219e-01 -5.808016196124277286e+01 -1.560827289616533342e+01 2.375187415536613722e-01 5.266710903011960314e-03 8.826743102065718466e-03
9.479999999999842331e+00 1.504140841127675488e-01 -5.808871652489133197e+01 -1.560519113933674440e+01 2.367147154968364531e-01 5.384264062059808398e-03 8.576265989366237824e-03
9.479999999999842331e+00 1.504140841127675488e-01 -5.808871652489133197e+01 -1.560519113933674440e+01 2.367147154968364531e-01 5.384264062059808398e-03 8.576265989366237824e-03
9.489999999999842117e+00 1.462445618650330681e-01 -5.809704651030755684e+01 -1.560204579395565894e+01 2.359066202748843766e-01 5.496469999972309305e-03 8.329383583717375750e-03
9.489999999999842117e+00 1.462445618650330681e-01 -5.809704651030755684e+01 -1.560204579395565894e+01 2.359066202748843766e-01 5.496469999972309305e-03 8.329383583717375750e-03
9.499999999999841904e+00 1.420704087937760540e-01 -5.810515424237225801e+01 -1.559884121316395422e+01 2.350947736440263114e-01 5.603310569179076502e-03 8.086107348945329593e-03
9.499999999999841904e+00 1.420704087937760540e-01 -5.810515424237225801e+01 -1.559884121316395422e+01 2.350947736440263114e-01 5.603310569179076502e-03 8.086107348945329593e-03
9.509999999999841691e+00 1.378925089160935036e-01 -5.811304194294437764e+01 -1.559558191391963966e+01 2.342795171678987431e-01 5.704767589921042048e-03 7.846449085500296211e-03
9.509999999999841691e+00 1.378925089160935036e-01 -5.811304194294437764e+01 -1.559558191391963966e+01 2.342795171678987431e-01 5.704767589921042048e-03 7.846449085500296211e-03
9.519999999999841478e+00 1.337854996352578485e-01 -5.813165293410563095e+01 -1.556988151377960250e+01 2.221210815254465176e-01 4.589856687337185229e-03 7.586998052134918957e-03
9.519999999999841478e+00 1.337854996352578485e-01 -5.813165293410563095e+01 -1.556988151377960250e+01 2.221210815254465176e-01 4.589856687337185229e-03 7.586998052134918957e-03
9.529999999999841265e+00 1.296095363214816165e-01 -5.813803878297440519e+01 -1.556931711248011396e+01 2.234634611894625866e-01 4.799165631476523183e-03 7.383976883134881625e-03
9.529999999999841265e+00 1.296095363214816165e-01 -5.813803878297440519e+01 -1.556931711248011396e+01 2.234634611894625866e-01 4.799165631476523183e-03 7.383976883134881625e-03
9.539999999999841052e+00 1.254314093393854856e-01 -5.814420982930297299e+01 -1.556852093138436111e+01 2.246092733350684156e-01 4.999277287743031546e-03 7.158427089270016919e-03
9.539999999999841052e+00 1.254314093393854856e-01 -5.814420982930297299e+01 -1.556852093138436111e+01 2.246092733350684156e-01 4.999277287743031546e-03 7.158427089270016919e-03
9.549999999999840838e+00 1.212520679026638931e-01 -5.815017859570868808e+01 -1.556750486403866951e+01 2.255632742851164108e-01 5.189793514223466596e-03 6.931601583208633205e-03
9.549999999999840838e+00 1.212520679026638931e-01 -5.815017859570868808e+01 -1.556750486403866951e+01 2.255632742851164108e-01 5.189793514223466596e-03 6.931601583208633205e-03
9.559999999999840625e+00 1.170723922743021339e-01 -5.815595593390681728e+01 -1.556628105044843657e+01 2.263314200456170155e-01 5.370377690842549796e-03 6.707764625252818011e-03
9.559999999999840625e+00 1.170723922743021339e-01 -5.815595593390681728e+01 -1.556628105044843657e+01 2.263314200456170155e-01 5.370377690842549796e-03 6.707764625252818011e-03
9.569999999999840412e+00 1.128932522236103658e-01 -5.816155107332569685e+01 -1.556486203907631349e+01 2.269207861043894270e-01 5.540761590126811950e-03 6.487759635481760156e-03
9.569999999999840412e+00 1.128932522236103658e-01 -5.816155107332569685e+01 -1.556486203907631349e+01 2.269207861043894270e-01 5.540761590126811950e-03 6.487759635481760156e-03
9.579999999999840199e+00 1.087155168360398050e-01 -5.816697176648311540e+01 -1.556326072471750521e+01 2.273393757763247924e-01 5.700740686101905472e-03 6.271743078179840836e-03
9.579999999999840199e+00 1.087155168360398050e-01 -5.816697176648311540e+01 -1.556326072471750521e+01 2.273393757763247924e-01 5.700740686101905472e-03 6.271743078179840836e-03
9.589999999999839986e+00 1.045400547363428689e-01 -5.817222444320798047e+01 -1.556149025270770636e+01 2.275959242884511569e-01 5.850167585779353710e-03 6.059735215051008372e-03
9.589999999999839986e+00 1.045400547363428689e-01 -5.817222444320798047e+01 -1.556149025270770636e+01 2.275959242884511569e-01 5.850167585779353710e-03 6.059735215051008372e-03
9.599999999999839773e+00 1.003677325758410982e-01 -5.817731435643160864e+01 -1.555956392690087675e+01 2.276997190533278093e-01 5.988945485703852864e-03 5.851730941976681852e-03
9.599999999999839773e+00 1.003677325758410982e-01 -5.817731435643160864e+01 -1.555956392690087675e+01 2.276997190533278093e-01 5.988945485703852864e-03 5.851730941976681852e-03
9.609999999999839559e+00 9.619941334984204173e-02 -5.818224571645074406e+01 -1.555749512824077208e+01 2.276604392169105373e-01 6.117022023230516206e-03 5.647721987289163262e-03
9.609999999999839559e+00 9.619941334984204173e-02 -5.818224571645074406e+01 -1.555749512824077208e+01 2.276604392169105373e-01 6.117022023230516206e-03 5.647721987289163262e-03
9.619999999999839346e+00 9.203595484564942864e-02 -5.818702181347645563e+01 -1.555529724454895479e+01 2.274880140459595856e-01 6.234383586770825963e-03 5.447701259309468969e-03
9.619999999999839346e+00 9.203595484564942864e-02 -5.818702181347645563e+01 -1.555529724454895479e+01 2.274880140459595856e-01 6.234383586770825963e-03 5.447701259309468969e-03
9.629999999999839133e+00 8.787820826807257735e-02 -5.819164512894874974e+01 -1.555298361080837743e+01 2.271924989606233791e-01 6.341050089301559188e-03 5.251663605265587814e-03
9.629999999999839133e+00 8.787820826807257735e-02 -5.819164512894874974e+01 -1.555298361080837743e+01 2.271924989606233791e-01 6.341050089301559188e-03 5.251663605265587814e-03
9.639999999999838920e+00 8.372701703669747919e-02 -5.819611743625250000e+01 -1.555056745897054249e+01 2.267839678872137776e-01 6.437070189503092503e-03 5.059605858136081297e-03
9.639999999999838920e+00 8.372701703669747919e-02 -5.819611743625250000e+01 -1.555056745897054249e+01 2.267839678872137776e-01 6.437070189503092503e-03 5.059605858136081297e-03
9.649999999999838707e+00 7.958321574187120218e-02 -5.820043989157892383e+01 -1.554806187615415247e+01 2.262724205334837868e-01 6.522516946600312795e-03 4.871526746106325315e-03
9.649999999999838707e+00 7.958321574187120218e-02 -5.820043989157892383e+01 -1.554806187615415247e+01 2.262724205334837868e-01 6.522516946600312795e-03 4.871526746106325315e-03
9.659999999999838494e+00 7.544762924281851746e-02 -5.820461311567746066e+01 -1.554547977016637539e+01 2.256677032506668734e-01 6.597483886061116312e-03 4.687426783603600156e-03
9.659999999999838494e+00 7.544762924281851746e-02 -5.820461311567746066e+01 -1.554547977016637539e+01 2.256677032506668734e-01 6.597483886061116312e-03 4.687426783603600156e-03
9.669999999999838280e+00 7.132107189328810992e-02 -5.820863726728492793e+01 -1.554283384123755063e+01 2.249794421517254395e-01 6.662081456541628539e-03 4.507308164377193949e-03
9.669999999999838280e+00 7.132107189328810992e-02 -5.820863726728492793e+01 -1.554283384123755063e+01 2.249794421517254395e-01 6.662081456541628539e-03 4.507308164377193949e-03
9.679999999999838067e+00 6.720434688040059779e-02 -5.821251210900433648e+01 -1.554013655893614398e+01 2.242169872317571477e-01 6.716433855485415098e-03 4.331174660864311327e-03
9.679999999999838067e+00 6.720434688040059779e-02 -5.821251210900433648e+01 -1.554013655893614398e+01 2.242169872317571477e-01 6.716433855485415098e-03 4.331174660864311327e-03
9.689999999999837854e+00 6.309824566325168693e-02 -5.821623706639402229e+01 -1.553740014328395880e+01 2.233893663008284236e-01 6.760676199381693632e-03 4.159031531261131107e-03
9.689999999999837854e+00 6.309824566325168693e-02 -5.821623706639402229e+01 -1.553740014328395880e+01 2.233893663008284236e-01 6.760676199381693632e-03 4.159031531261131107e-03
9.699999999999837641e+00 5.900354749917693931e-02 -5.821981128100447478e+01 -1.553463654916642334e+01 2.225052476165120807e-01 6.794952016477437406e-03 3.990885432297605270e-03
9.699999999999837641e+00 5.900354749917693931e-02 -5.821981128100447478e+01 -1.553463654916642334e+01 2.225052476165120807e-01 6.794952016477437406e-03 3.990885432297605270e-03
9.709999999999837428e+00 5.492101904646218280e-02 -5.822323365806525430e+01 -1.553185745321689737e+01 2.215729101871649620e-01 6.819411038173638778e-03 3.826744338178580604e-03
9.709999999999837428e+00 5.492101904646218280e-02 -5.822323365806525430e+01 -1.553185745321689737e+01 2.215729101871649620e-01 6.819411038173638778e-03 3.826744338178580604e-03
9.719999999999837215e+00 5.085141403354556666e-02 -5.822650290948572405e+01 -1.552907424244388679e+01 2.206002208018925104e-01 6.834207266751933171e-03 3.666617464602443810e-03
9.719999999999837215e+00 5.085141403354556666e-02 -5.822650290948572405e+01 -1.552907424244388679e+01 2.206002208018925104e-01 6.834207266751933171e-03 3.666617464602443810e-03
9.729999999999837001e+00 4.679547298530287863e-02 -5.822961759277382043e+01 -1.552629800399075677e+01 2.195946169451402641e-01 6.839497295906836298e-03 3.510515198603408535e-03
9.729999999999837001e+00 4.679547298530287863e-02 -5.822961759277382043e+01 -1.552629800399075677e+01 2.195946169451402641e-01 6.839497295906836298e-03 3.510515198603408535e-03
9.739999999999836788e+00 4.275392299868050611e-02 -5.823257614644384716e+01 -1.552353951547925881e+01 2.185630948198653556e-01 6.835438863799983035e-03 3.358449032021002499e-03
9.739999999999836788e+00 4.275392299868050611e-02 -5.823257614644384716e+01 -1.552353951547925881e+01 2.185630948198653556e-01 6.835438863799983035e-03 3.358449032021002499e-03
9.749999999999836575e+00 3.872747756010189168e-02 -5.823537692240438446e+01 -1.552080923553816483e+01 2.175122018182841788e-01 6.822189615367468991e-03 3.210431501033628350e-03
9.749999999999836575e+00 3.872747756010189168e-02 -5.823537692240438446e+01 -1.552080923553816483e+01 2.175122018182841788e-01 6.822189615367468991e-03 3.210431501033628350e-03
9.759999999999836362e+00 3.471683639902215651e-02 -5.823801821578993554e+01 -1.551811729415857855e+01 2.164480328281655486e-01 6.799906056457983780e-03 3.066476128027355481e-03
9.759999999999836362e+00 3.471683639902215651e-02 -5.823801821578993554e+01 -1.551811729415857855e+01 2.164480328281655486e-01 6.799906056457983780e-03 3.066476128027355481e-03
9.769999999999836149e+00 3.072268537158190371e-02 -5.824049829260941635e+01 -1.551547348267647486e+01 2.153762298784078766e-01 6.768742677678066776e-03 2.926597369150591571e-03
9.769999999999836149e+00 3.072268537158190371e-02 -5.824049829260941635e+01 -1.551547348267647486e+01 2.153762298784078766e-01 6.768742677678066776e-03 2.926597369150591571e-03
9.779999999999835936e+00 2.674569637000354452e-02 -5.824281541555120612e+01 -1.551288724322578005e+01 2.143019846730935818e-01 6.728851231086523284e-03 2.790810565032283454e-03
9.779999999999835936e+00 2.674569637000354452e-02 -5.824281541555120612e+01 -1.551288724322578005e+01 2.143019846730935818e-01 6.728851231086523284e-03 2.790810565032283454e-03
9.789999999999835723e+00 2.278652725384228486e-02 -5.824496786821790550e+01 -1.551036765760981595e+01 2.132300436424302281e-01 6.680380142071431528e-03 2.659131895025031861e-03
9.789999999999835723e+00 2.278652725384228486e-02 -5.824496786821790550e+01 -1.551036765760981595e+01 2.132300436424302281e-01 6.680380142071431528e-03 2.659131895025031861e-03
9.799999999999835509e+00 1.884582179965219387e-02 -5.824695397800692120e+01 -1.550792343562102715e+01 2.121647152027573147e-01 6.623474039525878085e-03 2.531578335380167688e-03
9.799999999999835509e+00 1.884582179965219387e-02 -5.824695397800692120e+01 -1.550792343562102715e+01 2.121647152027573147e-01 6.623474039525878085e-03 2.531578335380167688e-03
9.809999999999835296e+00 1.492420966614640965e-02 -5.824877213780820995e+01 -1.550556290289461003e+01 2.111098789643831297e-01 6.558273389191425495e-03 2.408167620326888067e-03
9.809999999999835296e+00 1.492420966614640965e-02 -5.824877213780820995e+01 -1.550556290289461003e+01 2.111098789643831297e-01 6.558273389191425495e-03 2.408167620326888067e-03
9.819999999999835083e+00 1.102230637288803203e-02 -5.825042082663458132e+01 -1.550329398845857654e+01 2.100689966824350052e-01 6.484914215290315566e-03 2.288918206748566213e-03
9.819999999999835083e+00 1.102230637288803203e-02 -5.825042082663458132e+01 -1.550329398845857654e+01 2.100689966824350052e-01 6.484914215290315566e-03 2.288918206748566213e-03
9.829999999999834870e+00 7.140713290456403642e-03 -5.825189862926604434e+01 -1.550112421216988601e+01 2.090451247728754014e-01 6.403527898123838324e-03 2.173849240717847832e-03
9.829999999999834870e+00 7.140713290456403642e-03 -5.825189862926604434e+01 -1.550112421216988601e+01 2.090451247728754014e-01 6.403527898123838324e-03 2.173849240717847832e-03
9.839999999999834657e+00 3.280017640438213401e-03 -5.825320425493438847e+01 -1.549906067230543272e+01 2.080409282704049345e-01 6.314241032979276379e-03 2.062980528176493709e-03
9.839999999999834657e+00 3.280017640438213401e-03 -5.825320425493438847e+01 -1.549906067230543272e+01 2.080409282704049345e-01 6.314241032979276379e-03 2.062980528176493709e-03
9.849999999999834444e+00 -5.592074957608894137e-04 -5.825433655505950270e+01 -1.549711003356001093e+01 2.070586961042608087e-01 6.217175341089298431e-03 1.956332506599758533e-03
9.849999999999834444e+00 -5.592074957608894137e-04 -5.825433655505950270e+01 -1.549711003356001093e+01 2.070586961042608087e-01 6.217175341089298431e-03 1.956332506599758533e-03
9.859999999999834230e+00 -4.376403160322148850e-03 -5.825529454000165686e+01 -1.549527851576573134e+01 2.061003576111195001e-01 6.112447620431183011e-03 1.853926219896408038e-03
9.859999999999834230e+00 -4.376403160322148850e-03 -5.825529454000165686e+01 -1.549527851576573134e+01 2.061003576111195001e-01 6.112447620431183011e-03 1.853926219896408038e-03
9.869999999999834017e+00 -8.171024495546798730e-03 -5.825607739478668634e+01 -1.549357188362323967e+01 2.051675001986829339e-01 6.000169727876779324e-03 1.755783294205534410e-03
9.869999999999834017e+00 -8.171024495546798730e-03 -5.825607739478668634e+01 -1.549357188362323967e+01 2.051675001986829339e-01 6.000169727876779324e-03 1.755783294205534410e-03
9.879999999999833804e+00 -1.194254071416360995e-02 -5.825668449372417257e+01 -1.549199543777096366e+01 2.042613881004728960e-01 5.880448582407079954e-03 1.661925916743938001e-03
9.879999999999833804e+00 -1.194254071416360995e-02 -5.825668449372417257e+01 -1.549199543777096366e+01 2.042613881004728960e-01 5.880448582407079954e-03 1.661925916743938001e-03
9.889999999999833591e+00 -1.569043506370516525e-02 -5.825711541385375369e+01 -1.549055400745619693e+01 2.033829821352111378e-01 5.753386183975977772e-03 1.572376814220391092e-03
9.889999999999833591e+00 -1.569043506370516525e-02 -5.825711541385375369e+01 -1.549055400745619693e+01 2.033829821352111378e-01 5.753386183975977772e-03 1.572376814220391092e-03
9.899999999999833378e+00 -1.941420478592585305e-02 -5.825736994711500927e+01 -1.548925194511897629e+01 2.025329604189058386e-01 5.619079638514247466e-03 1.487159233972369741e-03
9.899999999999833378e+00 -1.941420478592585305e-02 -5.825736994711500927e+01 -1.548925194511897629e+01 2.025329604189058386e-01 5.619079638514247466e-03 1.487159233972369741e-03
9.909999999999833165e+00 -2.311336107135494519e-02 -5.825744811116142330e+01 -1.548809312311704467e+01 2.017117399392357735e-01 5.477621184388826482e-03 1.406296925555123450e-03
9.909999999999833165e+00 -2.311336107135494519e-02 -5.825744811116142330e+01 -1.548809312311704467e+01 2.017117399392357735e-01 5.477621184388826482e-03 1.406296925555123450e-03
9.919999999999832951e+00 -2.678742900943853131e-02 -5.825735015873517852e+01 -1.548708093280204423e+01 2.009194989017796529e-01 5.329098215760138917e-03 1.329814122069825945e-03
9.919999999999832951e+00 -2.678742900943853131e-02 -5.825735015873517852e+01 -1.548708093280204423e+01 2.009194989017796529e-01 5.329098215760138917e-03 1.329814122069825945e-03
9.929999999999832738e+00 -3.043594753503212763e-02 -5.825707658551402091e+01 -1.548621828614350626e+01 2.001561997608145849e-01 5.173593296773052082e-03 1.257735523223166459e-03
9.929999999999832738e+00 -3.043594753503212763e-02 -5.825707658551402091e+01 -1.548621828614350626e+01 2.001561997608145849e-01 5.173593296773052082e-03 1.257735523223166459e-03
9.939999999999832525e+00 -3.405846937131592339e-02 -5.825662813637179482e+01 -1.548550762001337233e+01 1.994216128113883157e-01 5.011184164628119421e-03 1.190086277648091505e-03
9.939999999999832525e+00 -3.405846937131592339e-02 -5.825662813637179482e+01 -1.548550762001337233e+01 1.994216128113883157e-01 5.011184164628119421e-03 1.190086277648091505e-03
9.949999999999832312e+00 -3.765456096997462504e-02 -5.825600580999488898e+01 -1.548495090322436418e+01 1.987153402221996656e-01 4.841943717917889661e-03 1.126891965785243102e-03
9.949999999999832312e+00 -3.765456096997462504e-02 -5.825600580999488898e+01 -1.548495090322436418e+01 1.987153402221996656e-01 4.841943717917889661e-03 1.126891965785243102e-03
9.959999999999832099e+00 -4.122380244903343233e-02 -5.825521086182002506e+01 -1.548454964635480735e+01 1.980368403686048051e-01 4.665939988757236701e-03 1.068178582225659534e-03
9.959999999999832099e+00 -4.122380244903343233e-02 -5.825521086182002506e+01 -1.548454964635480735e+01 1.980368403686048051e-01 4.665939988757236701e-03 1.068178582225659534e-03
9.969999999999831886e+00 -4.476578752883432488e-02 -5.825424480527304638e+01 -1.548430491434934808e+01 1.973854523164379482e-01 4.483236097423040807e-03 1.013972518033277219e-03
9.969999999999831886e+00 -4.476578752883432488e-02 -5.825424480527304638e+01 -1.548430491434934808e+01 1.973854523164379482e-01 4.483236097423040807e-03 1.013972518033277219e-03
9.979999999999831672e+00 -4.828012346706147401e-02 -5.825310941131129283e+01 -1.548421734183250997e+01 1.967604202943479541e-01 4.293890188826281727e-03 9.643005425592288474e-04
9.979999999999831672e+00 -4.828012346706147401e-02 -5.825310941131129283e+01 -1.548421734183250997e+01 1.967604202943479541e-01 4.293890188826281727e-03 9.643005425592288474e-04
9.989999999999831459e+00 -5.176643099312339819e-02 -5.825180670628857627e+01 -1.548428715103158737e+01 1.961609179871019737e-01 4.097955351388188859e-03 9.191897848068225543e-04
9.989999999999831459e+00 -5.176643099312339819e-02 -5.825180670628857627e+01 -1.548428715103158737e+01 1.961609179871019737e-01 4.097955351388188859e-03 9.191897848068225543e-04
9.999999999999831246e+00 -5.522434424284199117e-02 -5.825033896818043644e+01 -1.548451417216556436e+01 1.955860724782330085e-01 3.895479518598476097e-03 8.786677144200514059e-04
9.999999999999831246e+00 -5.522434424284199117e-02 -5.825033896818043644e+01 -1.548451417216556436e+01 1.955860724782330085e-01 3.895479518598476097e-03 8.786677144200514059e-04
1.000999999999983103e+01 -5.865351069400120965e-02 -5.824870872122857435e+01 -1.548489786611325059e+01 1.950349876645715574e-01 3.686505355212418584e-03 8.427621218879918254e-04
