# time, ang_and_lin_err
0.000000000000000000e+00 3.161477855475847143e-01 4.474227532585932365e-02
0.000000000000000000e+00 3.161477855475847143e-01 4.474227532585932365e-02
1.000000000000000021e-02 2.481091434150849706e-01 4.466605941801358309e-02
1.000000000000000021e-02 2.481091434150849706e-01 4.466605941801358309e-02
2.000000000000000042e-02 2.481091434054833178e-01 4.466507873033206261e-02
2.000000000000000042e-02 2.481091434054833178e-01 4.466507873033206261e-02
2.999999999999999889e-02 2.454627103752947126e-01 4.463674757137113536e-02
2.999999999999999889e-02 2.454627103752947126e-01 4.463674757137113536e-02
4.000000000000000083e-02 2.426836369945007399e-01 4.457551688500350356e-02
4.000000000000000083e-02 2.426836369945007399e-01 4.457551688500350356e-02
5.000000000000000278e-02 2.398551043940143901e-01 4.448181211745332042e-02
5.000000000000000278e-02 2.398551043940143901e-01 4.448181211745332042e-02
6.000000000000000472e-02 2.369805934824913141e-01 4.435623479823806725e-02
6.000000000000000472e-02 2.369805934824913141e-01 4.435623479823806725e-02
7.000000000000000666e-02 2.340608469253675772e-01 4.419937007057989087e-02
7.000000000000000666e-02 2.340608469253675772e-01 4.419937007057989087e-02
8.000000000000000167e-02 2.310964595768219554e-01 4.401177943175241941e-02
8.000000000000000167e-02 2.310964595768219554e-01 4.401177943175241941e-02
8.999999999999999667e-02 2.280880164956494704e-01 4.379400068657349904e-02
8.999999999999999667e-02 2.280880164956494704e-01 4.379400068657349904e-02
9.999999999999999167e-02 2.250361477998036874e-01 4.354654915996058334e-02
9.999999999999999167e-02 2.250361477998036874e-01 4.354654915996058334e-02
1.099999999999999867e-01 2.219415814330866765e-01 4.326991995787797529e-02
1.099999999999999867e-01 2.219415814330866765e-01 4.326991995787797529e-02
1.199999999999999817e-01 2.188051980661545604e-01 4.296459128987896448e-02
1.199999999999999817e-01 2.188051980661545604e-01 4.296459128987896448e-02
1.299999999999999767e-01 2.156280893686947642e-01 4.263102889709183968e-02
1.299999999999999767e-01 2.156280893686947642e-01 4.263102889709183968e-02
1.399999999999999856e-01 2.124116203736725050e-01 4.226969164557060205e-02
1.399999999999999856e-01 2.124116203736725050e-01 4.226969164557060205e-02
1.499999999999999944e-01 2.091574961500075047e-01 4.188103835140594144e-02
1.499999999999999944e-01 2.091574961500075047e-01 4.188103835140594144e-02
1.600000000000000033e-01 2.058678323906432683e-01 4.146553589930439265e-02
1.600000000000000033e-01 2.058678323906432683e-01 4.146553589930439265e-02
1.700000000000000122e-01 2.025452287805045992e-01 4.102366869835036289e-02
1.700000000000000122e-01 2.025452287805045992e-01 4.102366869835036289e-02
1.800000000000000211e-01 1.991928431205799988e-01 4.055594948500855501e-02
1.800000000000000211e-01 1.991928431205799988e-01 4.055594948500855501e-02
1.900000000000000300e-01 1.958144631571155092e-01 4.006293143209388452e-02
1.900000000000000300e-01 1.958144631571155092e-01 4.006293143209388452e-02
2.000000000000000389e-01 1.924145719335650373e-01 3.954522145220935869e-02
2.000000000000000389e-01 1.924145719335650373e-01 3.954522145220935869e-02
2.100000000000000477e-01 1.889984013195373791e-01 3.900349449553635467e-02
2.100000000000000477e-01 1.889984013195373791e-01 3.900349449553635467e-02
2.200000000000000566e-01 1.855719672925495445e-01 3.843850853789432948e-02
2.200000000000000566e-01 1.855719672925495445e-01 3.843850853789432948e-02
2.300000000000000655e-01 1.821420797209528930e-01 3.785111984250145306e-02
2.300000000000000655e-01 1.821420797209528930e-01 3.785111984250145306e-02
2.400000000000000744e-01 1.787163190316708727e-01 3.724229796932565506e-02
2.400000000000000744e-01 1.787163190316708727e-01 3.724229796932565506e-02
2.500000000000000555e-01 1.753029724876624673e-01 3.661313991639278398e-02
2.500000000000000555e-01 1.753029724876624673e-01 3.661313991639278398e-02
2.600000000000000644e-01 1.719109240935299265e-01 3.596488273073653041e-02
2.600000000000000644e-01 1.719109240935299265e-01 3.596488273073653041e-02
2.700000000000000733e-01 1.685920321604688354e-01 3.529959491691585932e-02
2.700000000000000733e-01 1.685920321604688354e-01 3.529959491691585932e-02
2.800000000000000822e-01 1.653148027730894365e-01 3.461886402204091689e-02
2.800000000000000822e-01 1.653148027730894365e-01 3.461886402204091689e-02
2.900000000000000910e-01 1.620863904604056549e-01 3.392430899907196429e-02
2.900000000000000910e-01 1.620863904604056549e-01 3.392430899907196429e-02
3.000000000000000999e-01 1.589161676544548207e-01 3.321768495857695819e-02
3.000000000000000999e-01 1.589161676544548207e-01 3.321768495857695819e-02
3.100000000000001088e-01 1.558131376465606011e-01 3.250087940114956137e-02
3.100000000000001088e-01 1.558131376465606011e-01 3.250087940114956137e-02
3.200000000000001177e-01 1.527855045569699588e-01 3.177589661442731250e-02
3.200000000000001177e-01 1.527855045569699588e-01 3.177589661442731250e-02
3.300000000000001266e-01 1.498404160128858631e-01 3.104483709786677245e-02
3.300000000000001266e-01 1.498404160128858631e-01 3.104483709786677245e-02
3.400000000000001354e-01 1.469837736129238626e-01 3.030987370223530222e-02
3.400000000000001354e-01 1.469837736129238626e-01 3.030987370223530222e-02
3.500000000000001443e-01 1.442201283168554060e-01 2.957322644560837765e-02
3.500000000000001443e-01 1.442201283168554060e-01 2.957322644560837765e-02
3.600000000000001532e-01 1.415526806265477444e-01 2.883713861709856149e-02
3.600000000000001532e-01 1.415526806265477444e-01 2.883713861709856149e-02
3.700000000000001621e-01 1.389833958661551849e-01 2.810385746331705778e-02
3.700000000000001621e-01 1.389833958661551849e-01 2.810385746331705778e-02
3.800000000000001710e-01 1.365132305530726842e-01 2.737562348968106130e-02
3.800000000000001710e-01 1.365132305530726842e-01 2.737562348968106130e-02
3.900000000000001799e-01 1.341609641073766845e-01 2.665489736089897421e-02
3.900000000000001799e-01 1.341609641073766845e-01 2.665489736089897421e-02
4.000000000000001887e-01 1.319085589055493946e-01 2.594384169216650340e-02
4.000000000000001887e-01 1.319085589055493946e-01 2.594384169216650340e-02
4.100000000000001976e-01 1.297543392480939306e-01 2.524452678490115773e-02
4.100000000000001976e-01 1.297543392480939306e-01 2.524452678490115773e-02
4.200000000000002065e-01 1.276983594583404047e-01 2.455898873975106977e-02
4.200000000000002065e-01 1.276983594583404047e-01 2.455898873975106977e-02
4.300000000000002154e-01 1.257411653602067692e-01 2.388924581604013817e-02
4.300000000000002154e-01 1.257411653602067692e-01 2.388924581604013817e-02
4.400000000000002243e-01 1.238834659230615975e-01 2.323731077794398761e-02
4.400000000000002243e-01 1.238834659230615975e-01 2.323731077794398761e-02
4.500000000000002331e-01 1.221255143756724282e-01 2.260519977386336518e-02
4.500000000000002331e-01 1.221255143756724282e-01 2.260519977386336518e-02
4.600000000000002420e-01 1.204708391013819546e-01 2.199487557300493570e-02
4.600000000000002420e-01 1.204708391013819546e-01 2.199487557300493570e-02
4.700000000000002509e-01 1.189103991571110464e-01 2.140816788857203418e-02
4.700000000000002509e-01 1.189103991571110464e-01 2.140816788857203418e-02
4.800000000000002598e-01 1.174348996358166863e-01 2.084669944227597951e-02
4.800000000000002598e-01 1.174348996358166863e-01 2.084669944227597951e-02
4.900000000000002687e-01 1.160292346404450392e-01 2.031177640928139710e-02
4.900000000000002687e-01 1.160292346404450392e-01 2.031177640928139710e-02
5.000000000000002220e-01 1.146709581521185572e-01 1.980424365079601692e-02
5.000000000000002220e-01 1.146709581521185572e-01 1.980424365079601692e-02
5.100000000000002309e-01 1.133300000891586112e-01 1.932433159026648167e-02
5.100000000000002309e-01 1.133300000891586112e-01 1.932433159026648167e-02
5.200000000000002398e-01 1.119700953327205373e-01 1.887153081948023808e-02
5.200000000000002398e-01 1.119700953327205373e-01 1.887153081948023808e-02
5.300000000000002487e-01 1.105532477249221851e-01 1.844456160408863149e-02
5.300000000000002487e-01 1.105532477249221851e-01 1.844456160408863149e-02
5.400000000000002576e-01 1.090463458274170405e-01 1.804148642664279989e-02
5.400000000000002576e-01 1.090463458274170405e-01 1.804148642664279989e-02
5.500000000000002665e-01 1.074262373554163708e-01 1.765993103195492159e-02
5.500000000000002665e-01 1.074262373554163708e-01 1.765993103195492159e-02
5.600000000000002753e-01 1.056819154624926427e-01 1.729734848578118322e-02
5.600000000000002753e-01 1.056819154624926427e-01 1.729734848578118322e-02
5.700000000000002842e-01 1.038146234479388752e-01 1.695128164810168203e-02
5.700000000000002842e-01 1.038146234479388752e-01 1.695128164810168203e-02
5.800000000000002931e-01 1.018318679371516267e-01 1.661958487309663987e-02
5.800000000000002931e-01 1.018318679371516267e-01 1.661958487309663987e-02
5.900000000000003020e-01 9.975803928589213609e-02 1.630053764789361412e-02
5.900000000000003020e-01 9.975803928589213609e-02 1.630053764789361412e-02
6.000000000000003109e-01 9.761828065687178091e-02 1.599305163437596614e-02
6.000000000000003109e-01 9.761828065687178091e-02 1.599305163437596614e-02
6.100000000000003197e-01 9.543908561741144825e-02 1.569665926751016849e-02
6.100000000000003197e-01 9.543908561741144825e-02 1.569665926751016849e-02
6.200000000000003286e-01 9.324670982703527067e-02 1.541148262719544207e-02
6.200000000000003286e-01 9.324670982703527067e-02 1.541148262719544207e-02
6.300000000000003375e-01 9.106623121510704078e-02 1.513818614423671945e-02
6.300000000000003375e-01 9.106623121510704078e-02 1.513818614423671945e-02
6.400000000000003464e-01 8.890517376700698970e-02 1.487766160276642914e-02
6.400000000000003464e-01 8.890517376700698970e-02 1.487766160276642914e-02
6.500000000000003553e-01 8.680422280944902202e-02 1.463151620405768287e-02
6.500000000000003553e-01 8.680422280944902202e-02 1.463151620405768287e-02
6.600000000000003642e-01 8.478725414937333948e-02 1.440179309253317511e-02
6.600000000000003642e-01 8.478725414937333948e-02 1.440179309253317511e-02
6.700000000000003730e-01 8.287670775551592151e-02 1.419089669544064056e-02
6.700000000000003730e-01 8.287670775551592151e-02 1.419089669544064056e-02
6.800000000000003819e-01 8.109555578995823744e-02 1.400154066340562192e-02
6.800000000000003819e-01 8.109555578995823744e-02 1.400154066340562192e-02
6.900000000000003908e-01 7.946791744371624333e-02 1.383669990014611308e-02
6.900000000000003908e-01 7.946791744371624333e-02 1.383669990014611308e-02
7.000000000000003997e-01 7.801956147596400548e-02 1.369956366554824119e-02
7.000000000000003997e-01 7.801956147596400548e-02 1.369956366554824119e-02
7.100000000000004086e-01 7.677855475536146668e-02 1.359349308283016450e-02
7.100000000000004086e-01 7.677855475536146668e-02 1.359349308283016450e-02
7.200000000000004174e-01 7.577625722870831582e-02 1.352199208879863862e-02
7.200000000000004174e-01 7.577625722870831582e-02 1.352199208879863862e-02
7.300000000000004263e-01 7.504891918890461977e-02 1.348870704059065145e-02
7.300000000000004263e-01 7.504891918890461977e-02 1.348870704059065145e-02
7.400000000000004352e-01 7.464027428328702529e-02 1.349747804326890260e-02
7.400000000000004352e-01 7.464027428328702529e-02 1.349747804326890260e-02
7.500000000000004441e-01 7.460581683385864027e-02 1.355247712316189589e-02
7.500000000000004441e-01 7.460581683385864027e-02 1.355247712316189589e-02
7.600000000000004530e-01 7.502006193019394864e-02 1.365848991487548202e-02
7.600000000000004530e-01 7.502006193019394864e-02 1.365848991487548202e-02
7.700000000000004619e-01 7.598926628805807715e-02 1.382143811411006874e-02
7.700000000000004619e-01 7.598926628805807715e-02 1.382143811411006874e-02
7.800000000000004707e-01 7.767356750929053921e-02 1.404930220784408532e-02
7.800000000000004707e-01 7.767356750929053921e-02 1.404930220784408532e-02
7.900000000000004796e-01 8.031452520550076690e-02 1.435349759680181088e-02
7.900000000000004796e-01 8.031452520550076690e-02 1.435349759680181088e-02
8.000000000000004885e-01 8.408628713123070253e-02 1.474720757902792979e-02
8.000000000000004885e-01 8.408628713123070253e-02 1.474720757902792979e-02
8.100000000000004974e-01 7.715810063985982514e-02 1.484434289045704312e-02
8.100000000000004974e-01 7.715810063985982514e-02 1.484434289045704312e-02
8.200000000000005063e-01 1.048258024851203701e-01 1.523711385040971145e-02
8.200000000000005063e-01 1.048258024851203701e-01 1.523711385040971145e-02
8.300000000000005151e-01 1.035647267754152556e-01 1.556044994422002385e-02
8.300000000000005151e-01 1.035647267754152556e-01 1.556044994422002385e-02
8.400000000000005240e-01 1.021373395751660335e-01 1.594159202475593784e-02
8.400000000000005240e-01 1.021373395751660335e-01 1.594159202475593784e-02
8.500000000000005329e-01 9.901112830857454472e-02 1.634117119817653924e-02
8.500000000000005329e-01 9.901112830857454472e-02 1.634117119817653924e-02
8.600000000000005418e-01 9.699100514872503742e-02 1.678284350358556082e-02
8.600000000000005418e-01 9.699100514872503742e-02 1.678284350358556082e-02
8.700000000000005507e-01 9.586450226000885200e-02 1.726931158590830004e-02
8.700000000000005507e-01 9.586450226000885200e-02 1.726931158590830004e-02
8.800000000000005596e-01 9.524038246183136325e-02 1.779700715225970842e-02
8.800000000000005596e-01 9.524038246183136325e-02 1.779700715225970842e-02
8.900000000000005684e-01 9.509130566696136211e-02 1.836451904912404093e-02
8.900000000000005684e-01 9.509130566696136211e-02 1.836451904912404093e-02
9.000000000000005773e-01 9.540134542746224466e-02 1.897083782318258541e-02
9.000000000000005773e-01 9.540134542746224466e-02 1.897083782318258541e-02
9.100000000000005862e-01 9.616627732750637758e-02 1.961563775466094312e-02
9.100000000000005862e-01 9.616627732750637758e-02 1.961563775466094312e-02
9.200000000000005951e-01 9.738927805550114114e-02 2.029941594698972396e-02
9.200000000000005951e-01 9.738927805550114114e-02 2.029941594698972396e-02
9.300000000000006040e-01 9.920746100102061094e-02 2.102591188104030104e-02
9.300000000000006040e-01 9.920746100102061094e-02 2.102591188104030104e-02
9.400000000000006128e-01 1.015015391432620845e-01 2.179653326728598489e-02
9.400000000000006128e-01 1.015015391432620845e-01 2.179653326728598489e-02
9.500000000000006217e-01 1.042778820759799191e-01 2.261442334110877472e-02
9.500000000000006217e-01 1.042778820759799191e-01 2.261442334110877472e-02
9.600000000000006306e-01 1.075372951307203284e-01 2.348345083727612637e-02
9.600000000000006306e-01 1.075372951307203284e-01 2.348345083727612637e-02
9.700000000000006395e-01 1.112729257084200396e-01 2.440802358647480019e-02
9.700000000000006395e-01 1.112729257084200396e-01 2.440802358647480019e-02
9.800000000000006484e-01 1.154672033634984857e-01 2.539282650404443148e-02
9.800000000000006484e-01 1.154672033634984857e-01 2.539282650404443148e-02
9.900000000000006573e-01 1.200895760094343734e-01 2.644250442608905502e-02
9.900000000000006573e-01 1.200895760094343734e-01 2.644250442608905502e-02
1.000000000000000666e+00 1.250955032999788996e-01 2.756131227655060287e-02
1.000000000000000666e+00 1.250955032999788996e-01 2.756131227655060287e-02
1.010000000000000675e+00 1.304267836810333037e-01 2.875276060941989523e-02
1.010000000000000675e+00 1.304267836810333037e-01 2.875276060941989523e-02
1.020000000000000684e+00 1.360125798804277530e-01 3.001927845903320721e-02
1.020000000000000684e+00 1.360125798804277530e-01 3.001927845903320721e-02
1.030000000000000693e+00 1.417698066251749101e-01 3.136189740714545593e-02
1.030000000000000693e+00 1.417698066251749101e-01 3.136189740714545593e-02
1.040000000000000702e+00 1.476013163848562959e-01 3.277993867650560306e-02
1.040000000000000702e+00 1.476013163848562959e-01 3.277993867650560306e-02
1.050000000000000711e+00 1.533906903682658307e-01 3.427066822156900339e-02
1.050000000000000711e+00 1.533906903682658307e-01 3.427066822156900339e-02
1.060000000000000719e+00 1.589921410256959766e-01 3.582885985908022125e-02
1.060000000000000719e+00 1.589921410256959766e-01 3.582885985908022125e-02
1.070000000000000728e+00 1.642075787359549843e-01 3.744607062111231927e-02
1.070000000000000728e+00 1.642075787359549843e-01 3.744607062111231927e-02
1.080000000000000737e+00 1.687134030485455682e-01 3.910882461450263664e-02
1.080000000000000737e+00 1.687134030485455682e-01 3.910882461450263664e-02
1.090000000000000746e+00 1.717142574732052618e-01 4.079125047048956509e-02
1.090000000000000746e+00 1.717142574732052618e-01 4.079125047048956509e-02
1.100000000000000755e+00 1.713012502511529755e-01 4.243902461989353114e-02
1.100000000000000755e+00 1.713012502511529755e-01 4.243902461989353114e-02
1.110000000000000764e+00 1.711613215142131494e-01 4.407223436129058952e-02
1.110000000000000764e+00 1.711613215142131494e-01 4.407223436129058952e-02
1.120000000000000773e+00 1.765900305306044582e-01 4.593940607965348727e-02
1.120000000000000773e+00 1.765900305306044582e-01 4.593940607965348727e-02
1.130000000000000782e+00 1.953299094248878987e-01 4.764785848003688651e-02
1.130000000000000782e+00 1.953299094248878987e-01 4.764785848003688651e-02
1.140000000000000790e+00 1.945327322313489538e-01 4.924586139444320221e-02
1.140000000000000790e+00 1.945327322313489538e-01 4.924586139444320221e-02
1.150000000000000799e+00 1.928541732639059425e-01 5.080723915102122734e-02
1.150000000000000799e+00 1.928541732639059425e-01 5.080723915102122734e-02
1.160000000000000808e+00 1.907689103652206175e-01 5.232840969654795060e-02
1.160000000000000808e+00 1.907689103652206175e-01 5.232840969654795060e-02
1.170000000000000817e+00 1.882129040857204449e-01 5.380311393182789226e-02
1.170000000000000817e+00 1.882129040857204449e-01 5.380311393182789226e-02
1.180000000000000826e+00 1.850961289220783568e-01 5.522446914000457563e-02
1.180000000000000826e+00 1.850961289220783568e-01 5.522446914000457563e-02
1.190000000000000835e+00 1.813181481837851661e-01 5.658498948891148295e-02
1.190000000000000835e+00 1.813181481837851661e-01 5.658498948891148295e-02
1.200000000000000844e+00 1.767709904021383116e-01 5.787658392966999604e-02
1.200000000000000844e+00 1.767709904021383116e-01 5.787658392966999604e-02
1.210000000000000853e+00 1.713455372372280627e-01 5.909063044752295435e-02
1.210000000000000853e+00 1.713455372372280627e-01 5.909063044752295435e-02
1.220000000000000862e+00 1.649434855035569192e-01 6.021818313675878637e-02
1.220000000000000862e+00 1.649434855035569192e-01 6.021818313675878637e-02
1.230000000000000870e+00 1.574956699978836694e-01 6.125036783402385693e-02
1.230000000000000870e+00 1.574956699978836694e-01 6.125036783402385693e-02
1.240000000000000879e+00 1.489842433957674350e-01 6.217898003883846891e-02
1.240000000000000879e+00 1.489842433957674350e-01 6.217898003883846891e-02
1.250000000000000888e+00 1.394615780733622912e-01 6.299720831984718938e-02
1.250000000000000888e+00 1.394615780733622912e-01 6.299720831984718938e-02
1.260000000000000897e+00 1.290572459730169319e-01 6.370032133149637621e-02
1.260000000000000897e+00 1.290572459730169319e-01 6.370032133149637621e-02
1.270000000000000906e+00 1.179689633669580573e-01 6.428614856086588281e-02
1.270000000000000906e+00 1.179689633669580573e-01 6.428614856086588281e-02
1.280000000000000915e+00 1.064405752300262020e-01 6.475525891704399239e-02
1.280000000000000915e+00 1.064405752300262020e-01 6.475525891704399239e-02
1.290000000000000924e+00 9.473463868821677125e-02 6.511083962051671115e-02
1.290000000000000924e+00 9.473463868821677125e-02 6.511083962051671115e-02
1.300000000000000933e+00 8.310743404814530111e-02 6.535834927464734267e-02
1.300000000000000933e+00 8.310743404814530111e-02 6.535834927464734267e-02
1.310000000000000941e+00 7.179175852738549357e-02 6.550504630766042224e-02
1.310000000000000941e+00 7.179175852738549357e-02 6.550504630766042224e-02
1.320000000000000950e+00 6.103344875169981754e-02 6.555991165612447269e-02
1.320000000000000950e+00 6.103344875169981754e-02 6.555991165612447269e-02
1.330000000000000959e+00 5.096193281706416084e-02 6.553222172641449961e-02
1.330000000000000959e+00 5.096193281706416084e-02 6.553222172641449961e-02
1.340000000000000968e+00 4.173247592755169322e-02 6.543173386479149423e-02
1.340000000000000968e+00 4.173247592755169322e-02 6.543173386479149423e-02
1.350000000000000977e+00 3.350994474242009746e-02 6.526826801568069714e-02
1.350000000000000977e+00 3.350994474242009746e-02 6.526826801568069714e-02
1.360000000000000986e+00 2.651012969233308356e-02 6.505144229402376466e-02
1.360000000000000986e+00 2.651012969233308356e-02 6.505144229402376466e-02
1.370000000000000995e+00 2.105949527712319691e-02 6.479047371998157556e-02
1.370000000000000995e+00 2.105949527712319691e-02 6.479047371998157556e-02
1.380000000000001004e+00 1.760854518857611975e-02 6.449403363562813962e-02
1.380000000000001004e+00 1.760854518857611975e-02 6.449403363562813962e-02
1.390000000000001013e+00 1.647404585033832372e-02 6.417014860826505962e-02
1.390000000000001013e+00 1.647404585033832372e-02 6.417014860826505962e-02
1.400000000000001021e+00 1.734680705119462374e-02 6.382613852229117313e-02
1.400000000000001021e+00 1.734680705119462374e-02 6.382613852229117313e-02
1.410000000000001030e+00 1.940538186058604272e-02 6.346858469011189274e-02
1.410000000000001030e+00 1.940538186058604272e-02 6.346858469011189274e-02
1.420000000000001039e+00 2.192320426440151279e-02 6.310332191218270825e-02
1.420000000000001039e+00 2.192320426440151279e-02 6.310332191218270825e-02
1.430000000000001048e+00 2.447924016490148069e-02 6.273544938257920311e-02
1.430000000000001048e+00 2.447924016490148069e-02 6.273544938257920311e-02
1.440000000000001057e+00 2.686847149626451353e-02 6.236935615041062919e-02
1.440000000000001057e+00 2.686847149626451353e-02 6.236935615041062919e-02
1.450000000000001066e+00 2.900084773992050655e-02 6.200875752462578494e-02
1.450000000000001066e+00 2.900084773992050655e-02 6.200875752462578494e-02
1.460000000000001075e+00 3.084403519691646459e-02 6.165673937585561259e-02
1.460000000000001075e+00 3.084403519691646459e-02 6.165673937585561259e-02
1.470000000000001084e+00 3.239479152503009496e-02 6.131580776856651593e-02
1.470000000000001084e+00 3.239479152503009496e-02 6.131580776856651593e-02
1.480000000000001092e+00 3.366463346060996620e-02 6.098794176991755023e-02
1.480000000000001092e+00 3.366463346060996620e-02 6.098794176991755023e-02
1.490000000000001101e+00 3.467240124429260550e-02 6.067464764318575982e-02
1.490000000000001101e+00 3.467240124429260550e-02 6.067464764318575982e-02
1.500000000000001110e+00 3.544024625580425442e-02 6.037701295372940868e-02
1.500000000000001110e+00 3.544024625580425442e-02 6.037701295372940868e-02
1.510000000000001119e+00 3.599139732417606929e-02 6.009575940105604114e-02
1.510000000000001119e+00 3.599139732417606929e-02 6.009575940105604114e-02
1.520000000000001128e+00 3.634889640637100489e-02 5.983129344584305759e-02
1.520000000000001128e+00 3.634889640637100489e-02 5.983129344584305759e-02
1.530000000000001137e+00 3.653488604197642486e-02 5.958375402827328915e-02
1.530000000000001137e+00 3.653488604197642486e-02 5.958375402827328915e-02
1.540000000000001146e+00 3.657022249709519085e-02 5.935305687519234347e-02
1.540000000000001146e+00 3.657022249709519085e-02 5.935305687519234347e-02
1.550000000000001155e+00 3.647428649604788492e-02 5.913893506925556320e-02
1.550000000000001155e+00 3.647428649604788492e-02 5.913893506925556320e-02
1.560000000000001164e+00 3.626491590071945909e-02 5.894097570411428733e-02
1.560000000000001164e+00 3.626491590071945909e-02 5.894097570411428733e-02
1.570000000000001172e+00 3.595841403274835368e-02 5.875865257656395779e-02
1.570000000000001172e+00 3.595841403274835368e-02 5.875865257656395779e-02
1.580000000000001181e+00 3.556960441905197834e-02 5.859135497054566988e-02
1.580000000000001181e+00 3.556960441905197834e-02 5.859135497054566988e-02
1.590000000000001190e+00 3.511191307031814174e-02 5.843841267032585246e-02
1.590000000000001190e+00 3.511191307031814174e-02 5.843841267032585246e-02
1.600000000000001199e+00 3.459746585887801817e-02 5.829911740279750815e-02
1.600000000000001199e+00 3.459746585887801817e-02 5.829911740279750815e-02
1.610000000000001208e+00 3.403719271729335055e-02 5.817274095367339082e-02
1.610000000000001208e+00 3.403719271729335055e-02 5.817274095367339082e-02
1.620000000000001217e+00 3.344093311815036357e-02 5.805855023156589190e-02
1.620000000000001217e+00 3.344093311815036357e-02 5.805855023156589190e-02
1.630000000000001226e+00 3.281753913624171903e-02 5.795581956983757166e-02
1.630000000000001226e+00 3.281753913624171903e-02 5.795581956983757166e-02
1.640000000000001235e+00 3.217497364864528586e-02 5.786384056098970580e-02
1.640000000000001235e+00 3.217497364864528586e-02 5.786384056098970580e-02
1.650000000000001243e+00 3.152040209071698545e-02 5.778192971438045333e-02
1.650000000000001243e+00 3.152040209071698545e-02 5.778192971438045333e-02
1.660000000000001252e+00 3.086027678193837762e-02 5.770943421729748252e-02
1.660000000000001252e+00 3.086027678193837762e-02 5.770943421729748252e-02
1.670000000000001261e+00 3.020041324819250014e-02 5.764573606366960035e-02
1.670000000000001261e+00 3.020041324819250014e-02 5.764573606366960035e-02
1.680000000000001270e+00 2.954605825384687759e-02 5.759025479557138699e-02
1.680000000000001270e+00 2.954605825384687759e-02 5.759025479557138699e-02
1.690000000000001279e+00 2.890194945898723680e-02 5.754244908149578480e-02
1.690000000000001279e+00 2.890194945898723680e-02 5.754244908149578480e-02
1.700000000000001288e+00 2.827236676473651039e-02 5.750181733325884087e-02
1.700000000000001288e+00 2.827236676473651039e-02 5.750181733325884087e-02
1.710000000000001297e+00 2.766117552611547376e-02 5.746789754120276011e-02
1.710000000000001297e+00 2.766117552611547376e-02 5.746789754120276011e-02
1.720000000000001306e+00 2.707186191547988202e-02 5.744026648572951588e-02
1.720000000000001306e+00 2.707186191547988202e-02 5.744026648572951588e-02
1.730000000000001315e+00 2.650756082411636488e-02 5.741853846266316286e-02
1.730000000000001315e+00 2.650756082411636488e-02 5.741853846266316286e-02
1.740000000000001323e+00 2.597107680489561463e-02 5.740236364073596914e-02
1.740000000000001323e+00 2.597107680489561463e-02 5.740236364073596914e-02
1.750000000000001332e+00 2.546489869032968201e-02 5.739142615190890445e-02
1.750000000000001332e+00 2.546489869032968201e-02 5.739142615190890445e-02
1.760000000000001341e+00 2.499120866814671937e-02 5.738544199931461948e-02
1.760000000000001341e+00 2.499120866814671937e-02 5.738544199931461948e-02
1.770000000000001350e+00 2.455188675500891149e-02 5.738415685337839439e-02
1.770000000000001350e+00 2.455188675500891149e-02 5.738415685337839439e-02
1.780000000000001359e+00 2.414851176651710771e-02 5.738734379410137532e-02
1.780000000000001359e+00 2.414851176651710771e-02 5.738734379410137532e-02
1.790000000000001368e+00 2.378236002087813147e-02 5.739480104650977049e-02
1.790000000000001368e+00 2.378236002087813147e-02 5.739480104650977049e-02
1.800000000000001377e+00 2.345440311320537777e-02 5.740634974673297641e-02
1.800000000000001377e+00 2.345440311320537777e-02 5.740634974673297641e-02
1.810000000000001386e+00 2.316530613495221269e-02 5.742183176801957806e-02
1.810000000000001386e+00 2.316530613495221269e-02 5.742183176801957806e-02
1.820000000000001394e+00 2.291542766885035914e-02 5.744110762903608530e-02
1.820000000000001394e+00 2.291542766885035914e-02 5.744110762903608530e-02
1.830000000000001403e+00 2.270482275165513347e-02 5.746405450094209388e-02
1.830000000000001403e+00 2.270482275165513347e-02 5.746405450094209388e-02
1.840000000000001412e+00 2.253324976393686688e-02 5.749056432482600731e-02
1.840000000000001412e+00 2.253324976393686688e-02 5.749056432482600731e-02
1.850000000000001421e+00 2.240018189065702894e-02 5.752054204704567381e-02
1.850000000000001421e+00 2.240018189065702894e-02 5.752054204704567381e-02
1.860000000000001430e+00 2.230482342422107633e-02 5.755390397668395941e-02
1.860000000000001430e+00 2.230482342422107633e-02 5.755390397668395941e-02
1.870000000000001439e+00 2.224613078925271464e-02 5.759057626664661894e-02
1.870000000000001439e+00 2.224613078925271464e-02 5.759057626664661894e-02
1.880000000000001448e+00 2.222283779629617012e-02 5.763049351777498053e-02
1.880000000000001448e+00 2.222283779629617012e-02 5.763049351777498053e-02
1.890000000000001457e+00 2.223348431862027380e-02 5.767359750365170373e-02
1.890000000000001457e+00 2.223348431862027380e-02 5.767359750365170373e-02
1.900000000000001465e+00 2.227644736219661081e-02 5.771983601247352574e-02
1.900000000000001465e+00 2.227644736219661081e-02 5.771983601247352574e-02
1.910000000000001474e+00 2.234997338041329676e-02 5.776916180137610379e-02
1.910000000000001474e+00 2.234997338041329676e-02 5.776916180137610379e-02
1.920000000000001483e+00 2.245221067386270197e-02 5.782153165788679605e-02
1.920000000000001483e+00 2.245221067386270197e-02 5.782153165788679605e-02
1.930000000000001492e+00 2.258124079966715089e-02 5.787690556267795911e-02
1.930000000000001492e+00 2.258124079966715089e-02 5.787690556267795911e-02
1.940000000000001501e+00 2.273510807235494188e-02 5.793524594750098372e-02
1.940000000000001501e+00 2.273510807235494188e-02 5.793524594750098372e-02
1.950000000000001510e+00 2.291184644223717010e-02 5.799651704199177554e-02
1.950000000000001510e+00 2.291184644223717010e-02 5.799651704199177554e-02
1.960000000000001519e+00 2.310950326022554943e-02 5.806068430302346872e-02
1.960000000000001519e+00 2.310950326022554943e-02 5.806068430302346872e-02
1.970000000000001528e+00 2.332615965628239557e-02 5.812771392031274714e-02
1.970000000000001528e+00 2.332615965628239557e-02 5.812771392031274714e-02
1.980000000000001537e+00 2.355994745428838591e-02 5.819757239211680727e-02
1.980000000000001537e+00 2.355994745428838591e-02 5.819757239211680727e-02
1.990000000000001545e+00 2.380906270783546969e-02 5.827022616505323632e-02
1.990000000000001545e+00 2.380906270783546969e-02 5.827022616505323632e-02
2.000000000000001332e+00 2.407177606435976017e-02 5.834564133227754246e-02
2.000000000000001332e+00 2.407177606435976017e-02 5.834564133227754246e-02
2.010000000000001119e+00 2.434644024927112502e-02 5.842378338453661085e-02
2.010000000000001119e+00 2.434644024927112502e-02 5.842378338453661085e-02
2.020000000000000906e+00 2.463149501100969987e-02 5.850461700887791411e-02
2.020000000000000906e+00 2.463149501100969987e-02 5.850461700887791411e-02
2.030000000000000693e+00 2.492546988801927835e-02 5.858810593009406570e-02
2.030000000000000693e+00 2.492546988801927835e-02 5.858810593009406570e-02
2.040000000000000480e+00 2.522698515601974265e-02 5.867421279028916387e-02
2.040000000000000480e+00 2.522698515601974265e-02 5.867421279028916387e-02
2.050000000000000266e+00 2.553475129509777744e-02 5.876289906224368281e-02
2.050000000000000266e+00 2.553475129509777744e-02 5.876289906224368281e-02
2.060000000000000053e+00 2.584756728673130374e-02 5.885412499257306612e-02
2.060000000000000053e+00 2.584756728673130374e-02 5.885412499257306612e-02
2.069999999999999840e+00 2.616431801562229056e-02 5.894784957095493272e-02
2.069999999999999840e+00 2.616431801562229056e-02 5.894784957095493272e-02
2.079999999999999627e+00 2.648397101377442109e-02 5.904403052200621338e-02
2.079999999999999627e+00 2.648397101377442109e-02 5.904403052200621338e-02
2.089999999999999414e+00 2.680557274723613728e-02 5.914262431665290309e-02
2.089999999999999414e+00 2.680557274723613728e-02 5.914262431665290309e-02
2.099999999999999201e+00 2.712824461108749932e-02 5.924358620012155907e-02
2.099999999999999201e+00 2.712824461108749932e-02 5.924358620012155907e-02
2.109999999999998987e+00 2.745117876663376311e-02 5.934687023392328648e-02
2.109999999999998987e+00 2.745117876663376311e-02 5.934687023392328648e-02
2.119999999999998774e+00 2.777363392688661503e-02 5.945242934945058760e-02
2.119999999999998774e+00 2.777363392688661503e-02 5.945242934945058760e-02
2.129999999999998561e+00 2.809493117241097099e-02 5.956021541104081912e-02
2.129999999999998561e+00 2.809493117241097099e-02 5.956021541104081912e-02
2.139999999999998348e+00 2.841444985935953280e-02 5.967017928656601078e-02
2.139999999999998348e+00 2.841444985935953280e-02 5.967017928656601078e-02
2.149999999999998135e+00 2.873162366473604873e-02 5.978227092382409902e-02
2.149999999999998135e+00 2.873162366473604873e-02 5.978227092382409902e-02
2.159999999999997922e+00 2.904593680025621683e-02 5.989643943118378583e-02
2.159999999999997922e+00 2.904593680025621683e-02 5.989643943118378583e-02
2.169999999999997708e+00 2.935692041521362206e-02 6.001263316112129959e-02
2.169999999999997708e+00 2.935692041521362206e-02 6.001263316112129959e-02
2.179999999999997495e+00 2.966414920011585521e-02 6.013079979544233566e-02
2.179999999999997495e+00 2.966414920011585521e-02 6.013079979544233566e-02
2.189999999999997282e+00 2.996723819615886367e-02 6.025088643113979403e-02
2.189999999999997282e+00 2.996723819615886367e-02 6.025088643113979403e-02
2.199999999999997069e+00 3.026583981051759326e-02 6.037283966597020712e-02
2.199999999999997069e+00 3.026583981051759326e-02 6.037283966597020712e-02
2.209999999999996856e+00 3.055964103365477191e-02 6.049660568296211932e-02
2.209999999999996856e+00 3.055964103365477191e-02 6.049660568296211932e-02
2.219999999999996643e+00 3.084836085213022924e-02 6.062213033318932659e-02
2.219999999999996643e+00 3.084836085213022924e-02 6.062213033318932659e-02
2.229999999999996430e+00 3.113174784850767512e-02 6.074935921623590696e-02
2.229999999999996430e+00 3.113174784850767512e-02 6.074935921623590696e-02
2.239999999999996216e+00 3.140957797873790425e-02 6.087823775788900327e-02
2.239999999999996216e+00 3.140957797873790425e-02 6.087823775788900327e-02
2.249999999999996003e+00 3.168165251668278448e-02 6.100871128467637988e-02
2.249999999999996003e+00 3.168165251668278448e-02 6.100871128467637988e-02
2.259999999999995790e+00 3.194779615512303994e-02 6.114072509493716223e-02
2.259999999999995790e+00 3.194779615512303994e-02 6.114072509493716223e-02
2.269999999999995577e+00 3.220785525256213144e-02 6.127422452619949583e-02
2.269999999999995577e+00 3.220785525256213144e-02 6.127422452619949583e-02
2.279999999999995364e+00 3.246169621532427052e-02 6.140915501868134119e-02
2.279999999999995364e+00 3.246169621532427052e-02 6.140915501868134119e-02
2.289999999999995151e+00 3.270920400477753814e-02 6.154546217480625497e-02
2.289999999999995151e+00 3.270920400477753814e-02 6.154546217480625497e-02
2.299999999999994937e+00 3.295028075996130762e-02 6.168309181465730928e-02
2.299999999999994937e+00 3.295028075996130762e-02 6.168309181465730928e-02
2.309999999999994724e+00 3.318484452639945681e-02 6.182199002734747872e-02
2.309999999999994724e+00 3.318484452639945681e-02 6.182199002734747872e-02
2.319999999999994511e+00 3.341282808243652841e-02 6.196210321831475965e-02
2.319999999999994511e+00 3.341282808243652841e-02 6.196210321831475965e-02
2.329999999999994298e+00 3.363417785499422247e-02 6.210337815258421684e-02
2.329999999999994298e+00 3.363417785499422247e-02 6.210337815258421684e-02
2.339999999999994085e+00 3.384885291722023598e-02 6.224576199407425015e-02
2.339999999999994085e+00 3.384885291722023598e-02 6.224576199407425015e-02
2.349999999999993872e+00 3.405682406105427912e-02 6.238920234103152024e-02
2.349999999999993872e+00 3.405682406105427912e-02 6.238920234103152024e-02
2.359999999999993658e+00 3.425807293827971139e-02 6.253364725771802524e-02
2.359999999999993658e+00 3.425807293827971139e-02 6.253364725771802524e-02
2.369999999999993445e+00 3.445259126414714629e-02 6.267904530247461747e-02
2.369999999999993445e+00 3.445259126414714629e-02 6.267904530247461747e-02
2.379999999999993232e+00 3.464038007814271986e-02 6.282534555230837037e-02
2.379999999999993232e+00 3.464038007814271986e-02 6.282534555230837037e-02
2.389999999999993019e+00 3.482144905693650844e-02 6.297249762415622898e-02
2.389999999999993019e+00 3.482144905693650844e-02 6.297249762415622898e-02
2.399999999999992806e+00 3.499581587497796464e-02 6.312045169298674541e-02
2.399999999999992806e+00 3.499581587497796464e-02 6.312045169298674541e-02
2.409999999999992593e+00 3.516350560860330432e-02 6.326915850690968679e-02
2.409999999999992593e+00 3.516350560860330432e-02 6.326915850690968679e-02
2.419999999999992379e+00 3.532455017989167417e-02 6.341856939946391436e-02
2.419999999999992379e+00 3.532455017989167417e-02 6.341856939946391436e-02
2.429999999999992166e+00 3.547898783684860780e-02 6.356863629925720016e-02
2.429999999999992166e+00 3.547898783684860780e-02 6.356863629925720016e-02
2.439999999999991953e+00 3.562686266681159425e-02 6.371931173713223096e-02
2.439999999999991953e+00 3.562686266681159425e-02 6.371931173713223096e-02
2.449999999999991740e+00 3.576822414025927072e-02 6.387054885103495006e-02
2.449999999999991740e+00 3.576822414025927072e-02 6.387054885103495006e-02
2.459999999999991527e+00 3.590312668247087891e-02 6.402230138875189547e-02
2.459999999999991527e+00 3.590312668247087891e-02 6.402230138875189547e-02
2.469999999999991314e+00 3.603162927072604133e-02 6.417452370869089484e-02
2.469999999999991314e+00 3.603162927072604133e-02 6.417452370869089484e-02
2.479999999999991100e+00 3.615379505495321805e-02 6.432717077886566936e-02
2.479999999999991100e+00 3.615379505495321805e-02 6.432717077886566936e-02
2.489999999999990887e+00 3.626969099993881257e-02 6.448019817424935352e-02
2.489999999999990887e+00 3.626969099993881257e-02 6.448019817424935352e-02
2.499999999999990674e+00 3.637938754738816866e-02 6.463356207264540909e-02
2.499999999999990674e+00 3.637938754738816866e-02 6.463356207264540909e-02
2.509999999999990461e+00 3.648295829630136822e-02 6.478721924923711017e-02
2.509999999999990461e+00 3.648295829630136822e-02 6.478721924923711017e-02
2.519999999999990248e+00 3.658047970027145795e-02 6.494112706994717432e-02
2.519999999999990248e+00 3.658047970027145795e-02 6.494112706994717432e-02
2.529999999999990035e+00 3.667203078045600667e-02 6.509524348375667069e-02
2.529999999999990035e+00 3.667203078045600667e-02 6.509524348375667069e-02
2.539999999999989821e+00 3.675928069694055222e-02 6.524957528705187249e-02
2.539999999999989821e+00 3.675928069694055222e-02 6.524957528705187249e-02
2.549999999999989608e+00 3.684010227910896468e-02 6.540405346131555886e-02
2.549999999999989608e+00 3.684010227910896468e-02 6.540405346131555886e-02
2.559999999999989395e+00 3.691449995581240484e-02 6.555863484606477831e-02
2.559999999999989395e+00 3.691449995581240484e-02 6.555863484606477831e-02
2.569999999999989182e+00 3.698259839723464643e-02 6.571327835259015149e-02
2.569999999999989182e+00 3.698259839723464643e-02 6.571327835259015149e-02
2.579999999999988969e+00 3.704452797365446332e-02 6.586794358995479159e-02
2.579999999999988969e+00 3.704452797365446332e-02 6.586794358995479159e-02
2.589999999999988756e+00 3.710041815707887380e-02 6.602259077129464526e-02
2.589999999999988756e+00 3.710041815707887380e-02 6.602259077129464526e-02
2.599999999999988542e+00 3.715039707288182030e-02 6.617718069331382513e-02
2.599999999999988542e+00 3.715039707288182030e-02 6.617718069331382513e-02
2.609999999999988329e+00 3.719459140634582411e-02 6.633167472003420606e-02
2.609999999999988329e+00 3.719459140634582411e-02 6.633167472003420606e-02
2.619999999999988116e+00 3.723312633342257261e-02 6.648603476691662684e-02
2.619999999999988116e+00 3.723312633342257261e-02 6.648603476691662684e-02
2.629999999999987903e+00 3.726612545624865408e-02 6.664022328517907323e-02
2.629999999999987903e+00 3.726612545624865408e-02 6.664022328517907323e-02
2.639999999999987690e+00 3.729371074179774204e-02 6.679420324635211570e-02
2.639999999999987690e+00 3.729371074179774204e-02 6.679420324635211570e-02
2.649999999999987477e+00 3.731600246317152286e-02 6.694793812711587189e-02
2.649999999999987477e+00 3.731600246317152286e-02 6.694793812711587189e-02
2.659999999999987264e+00 3.733311914318893088e-02 6.710139189446058527e-02
2.659999999999987264e+00 3.733311914318893088e-02 6.710139189446058527e-02
2.669999999999987050e+00 3.734517750001551534e-02 6.725452899121184269e-02
2.669999999999987050e+00 3.734517750001551534e-02 6.725452899121184269e-02
2.679999999999986837e+00 3.735229239464895462e-02 6.740731432194829731e-02
2.679999999999986837e+00 3.735229239464895462e-02 6.740731432194829731e-02
2.689999999999986624e+00 3.735457678012984312e-02 6.755971323935094919e-02
2.689999999999986624e+00 3.735457678012984312e-02 6.755971323935094919e-02
2.699999999999986411e+00 3.735214165240019479e-02 6.771169153100187188e-02
2.699999999999986411e+00 3.735214165240019479e-02 6.771169153100187188e-02
2.709999999999986198e+00 3.734509600276803704e-02 6.786321540666023777e-02
2.709999999999986198e+00 3.734509600276803704e-02 6.786321540666023777e-02
2.719999999999985985e+00 3.733354677197200933e-02 6.801425148603475190e-02
2.719999999999985985e+00 3.733354677197200933e-02 6.801425148603475190e-02
2.729999999999985771e+00 3.731759880586465322e-02 6.816476678706376302e-02
2.729999999999985771e+00 3.731759880586465322e-02 6.816476678706376302e-02
2.739999999999985558e+00 3.729735481275396614e-02 6.831472871472292485e-02
2.739999999999985558e+00 3.729735481275396614e-02 6.831472871472292485e-02
2.749999999999985345e+00 3.727291532245913946e-02 6.846410505036359950e-02
2.749999999999985345e+00 3.727291532245913946e-02 6.846410505036359950e-02
2.759999999999985132e+00 3.724437864714840590e-02 6.861286394159185620e-02
2.759999999999985132e+00 3.724437864714840590e-02 6.861286394159185620e-02
2.769999999999984919e+00 3.721184084403463682e-02 6.876097389269233973e-02
2.769999999999984919e+00 3.721184084403463682e-02 6.876097389269233973e-02
2.779999999999984706e+00 3.717539568001072825e-02 6.890840375559777187e-02
2.779999999999984706e+00 3.717539568001072825e-02 6.890840375559777187e-02
2.789999999999984492e+00 3.713513459830896507e-02 6.905512272140053309e-02
2.789999999999984492e+00 3.713513459830896507e-02 6.905512272140053309e-02
2.799999999999984279e+00 3.709114668726961467e-02 6.920110031241141768e-02
2.799999999999984279e+00 3.709114668726961467e-02 6.920110031241141768e-02
2.809999999999984066e+00 3.704351865130273841e-02 6.934630637474822890e-02
2.809999999999984066e+00 3.704351865130273841e-02 6.934630637474822890e-02
2.819999999999983853e+00 3.699233478412413539e-02 6.949071107145937676e-02
2.819999999999983853e+00 3.699233478412413539e-02 6.949071107145937676e-02
2.829999999999983640e+00 3.693767694434290511e-02 6.963428487616457607e-02
2.829999999999983640e+00 3.693767694434290511e-02 6.963428487616457607e-02
2.839999999999983427e+00 3.687962453347332081e-02 6.977699856720698257e-02
2.839999999999983427e+00 3.687962453347332081e-02 6.977699856720698257e-02
2.849999999999983213e+00 3.681825447643612137e-02 6.991882322230376368e-02
2.849999999999983213e+00 3.681825447643612137e-02 6.991882322230376368e-02
2.859999999999983000e+00 3.675364120460937467e-02 7.005973021368044895e-02
2.859999999999983000e+00 3.675364120460937467e-02 7.005973021368044895e-02
2.869999999999982787e+00 3.668585664148166919e-02 7.019969120367637594e-02
2.869999999999982787e+00 3.668585664148166919e-02 7.019969120367637594e-02
2.879999999999982574e+00 3.661497019095148742e-02 7.033867814080441150e-02
2.879999999999982574e+00 3.661497019095148742e-02 7.033867814080441150e-02
2.889999999999982361e+00 3.654104872830979400e-02 7.047666325624861450e-02
2.889999999999982361e+00 3.654104872830979400e-02 7.047666325624861450e-02
2.899999999999982148e+00 3.646415659393472536e-02 7.061361906078325590e-02
2.899999999999982148e+00 3.646415659393472536e-02 7.061361906078325590e-02
2.909999999999981934e+00 3.638435558971841316e-02 7.074951834209264323e-02
2.909999999999981934e+00 3.638435558971841316e-02 7.074951834209264323e-02
2.919999999999981721e+00 3.630170497823732162e-02 7.088433416247416630e-02
2.919999999999981721e+00 3.630170497823732162e-02 7.088433416247416630e-02
2.929999999999981508e+00 3.621626148467160106e-02 7.101803985690671728e-02
2.929999999999981508e+00 3.621626148467160106e-02 7.101803985690671728e-02
2.939999999999981295e+00 3.612807930146668539e-02 7.115060903146032401e-02
2.939999999999981295e+00 3.612807930146668539e-02 7.115060903146032401e-02
2.949999999999981082e+00 3.603721009572679462e-02 7.128201556202976019e-02
2.949999999999981082e+00 3.603721009572679462e-02 7.128201556202976019e-02
2.959999999999980869e+00 3.594370301931866518e-02 7.141223359337016408e-02
2.959999999999980869e+00 3.594370301931866518e-02 7.141223359337016408e-02
2.969999999999980655e+00 3.584760472165887668e-02 7.154123753841368227e-02
2.969999999999980655e+00 3.584760472165887668e-02 7.154123753841368227e-02
2.979999999999980442e+00 3.574895936514897038e-02 7.166900207784453192e-02
2.979999999999980442e+00 3.574895936514897038e-02 7.166900207784453192e-02
2.989999999999980229e+00 3.564780864321698967e-02 7.179550215991419015e-02
2.989999999999980229e+00 3.564780864321698967e-02 7.179550215991419015e-02
2.999999999999980016e+00 3.554419180091778624e-02 7.192071300047021831e-02
2.999999999999980016e+00 3.554419180091778624e-02 7.192071300047021831e-02
3.009999999999979803e+00 3.543814565803664329e-02 7.204461008318174819e-02
3.009999999999979803e+00 3.543814565803664329e-02 7.204461008318174819e-02
3.019999999999979590e+00 3.532970463463728367e-02 7.216716915993623416e-02
3.019999999999979590e+00 3.532970463463728367e-02 7.216716915993623416e-02
3.029999999999979376e+00 3.521890077898957166e-02 7.228836625138920779e-02
3.029999999999979376e+00 3.521890077898957166e-02 7.228836625138920779e-02
3.039999999999979163e+00 3.510576379780654815e-02 7.240817764764154174e-02
3.039999999999979163e+00 3.510576379780654815e-02 7.240817764764154174e-02
3.049999999999978950e+00 3.499032108871846097e-02 7.252657990902679208e-02
3.049999999999978950e+00 3.499032108871846097e-02 7.252657990902679208e-02
3.059999999999978737e+00 3.487259777490636647e-02 7.264354986698193239e-02
3.059999999999978737e+00 3.487259777490636647e-02 7.264354986698193239e-02
3.069999999999978524e+00 3.475261674181641391e-02 7.275906462498815674e-02
3.069999999999978524e+00 3.475261674181641391e-02 7.275906462498815674e-02
3.079999999999978311e+00 3.463039867587291293e-02 7.287310155955065150e-02
3.079999999999978311e+00 3.463039867587291293e-02 7.287310155955065150e-02
3.089999999999978098e+00 3.450596210510765982e-02 7.298563832120502637e-02
3.089999999999978098e+00 3.450596210510765982e-02 7.298563832120502637e-02
3.099999999999977884e+00 3.437932344162197146e-02 7.309665283552413406e-02
3.099999999999977884e+00 3.437932344162197146e-02 7.309665283552413406e-02
3.109999999999977671e+00 3.425049702579847227e-02 7.320612330410873614e-02
3.109999999999977671e+00 3.425049702579847227e-02 7.320612330410873614e-02
3.119999999999977458e+00 3.411949517217981870e-02 7.331402820553645228e-02
3.119999999999977458e+00 3.411949517217981870e-02 7.331402820553645228e-02
3.129999999999977245e+00 3.398632821693529232e-02 7.342034629625460163e-02
3.129999999999977245e+00 3.398632821693529232e-02 7.342034629625460163e-02
3.139999999999977032e+00 3.385193988899352913e-02 7.352511563258992688e-02
3.139999999999977032e+00 3.385193988899352913e-02 7.352511563258992688e-02
3.149999999999976819e+00 3.371489806553357171e-02 7.362826288282613152e-02
3.149999999999976819e+00 3.371489806553357171e-02 7.362826288282613152e-02
3.159999999999976605e+00 3.357516949697800929e-02 7.372976414407231283e-02
3.159999999999976605e+00 3.357516949697800929e-02 7.372976414407231283e-02
3.169999999999976392e+00 3.343279128348303902e-02 7.382959850458666040e-02
3.169999999999976392e+00 3.343279128348303902e-02 7.382959850458666040e-02
3.179999999999976179e+00 3.328779983679610449e-02 7.392774544728196451e-02
3.179999999999976179e+00 3.328779983679610449e-02 7.392774544728196451e-02
3.189999999999975966e+00 3.314022732407913285e-02 7.402418469953185587e-02
3.189999999999975966e+00 3.314022732407913285e-02 7.402418469953185587e-02
3.199999999999975753e+00 3.299010171778654632e-02 7.411889621934207584e-02
3.199999999999975753e+00 3.299010171778654632e-02 7.411889621934207584e-02
3.209999999999975540e+00 3.283744702624966094e-02 7.421186018900090275e-02
3.209999999999975540e+00 3.283744702624966094e-02 7.421186018900090275e-02
3.219999999999975326e+00 3.268228352280479893e-02 7.430305700895488419e-02
3.219999999999975326e+00 3.268228352280479893e-02 7.430305700895488419e-02
3.229999999999975113e+00 3.252462796494574176e-02 7.439246729143653147e-02
3.229999999999975113e+00 3.252462796494574176e-02 7.439246729143653147e-02
3.239999999999974900e+00 3.236449380424293726e-02 7.448007185374611039e-02
3.239999999999974900e+00 3.236449380424293726e-02 7.448007185374611039e-02
3.249999999999974687e+00 3.220189138826423658e-02 7.456585171112282973e-02
3.249999999999974687e+00 3.220189138826423658e-02 7.456585171112282973e-02
3.259999999999974474e+00 3.203682815576167769e-02 7.464978806913026566e-02
3.259999999999974474e+00 3.203682815576167769e-02 7.464978806913026566e-02
3.269999999999974261e+00 3.186930882641349216e-02 7.473186231549443226e-02
3.269999999999974261e+00 3.186930882641349216e-02 7.473186231549443226e-02
3.279999999999974047e+00 3.277029066374777949e-02 7.479092308679856360e-02
3.279999999999974047e+00 3.277029066374777949e-02 7.479092308679856360e-02
3.289999999999973834e+00 3.475695521313405811e-02 7.484085784891091053e-02
3.289999999999973834e+00 3.475695521313405811e-02 7.484085784891091053e-02
3.299999999999973621e+00 3.677736440869359968e-02 7.490253069091691585e-02
3.299999999999973621e+00 3.677736440869359968e-02 7.490253069091691585e-02
3.309999999999973408e+00 3.870901166855453268e-02 7.496513138476976201e-02
3.309999999999973408e+00 3.870901166855453268e-02 7.496513138476976201e-02
3.319999999999973195e+00 4.050628083608043967e-02 7.502680609136923306e-02
3.319999999999973195e+00 4.050628083608043967e-02 7.502680609136923306e-02
3.329999999999972982e+00 4.316413482051811856e-02 7.508637394394658549e-02
3.329999999999972982e+00 4.316413482051811856e-02 7.508637394394658549e-02
3.339999999999972768e+00 4.692665616449850224e-02 7.516069229242908212e-02
3.339999999999972768e+00 4.692665616449850224e-02 7.516069229242908212e-02
3.349999999999972555e+00 5.177448739833151459e-02 7.526002141394261269e-02
3.349999999999972555e+00 5.177448739833151459e-02 7.526002141394261269e-02
3.359999999999972342e+00 5.766372372698866378e-02 7.539435250261256050e-02
3.359999999999972342e+00 5.766372372698866378e-02 7.539435250261256050e-02
3.369999999999972129e+00 6.452633072529019576e-02 7.557283989649582479e-02
3.369999999999972129e+00 6.452633072529019576e-02 7.557283989649582479e-02
3.379999999999971916e+00 7.228192671988169227e-02 7.580321040415533007e-02
3.379999999999971916e+00 7.228192671988169227e-02 7.580321040415533007e-02
3.389999999999971703e+00 8.082969792094768513e-02 7.609113350413884702e-02
3.389999999999971703e+00 8.082969792094768513e-02 7.609113350413884702e-02
3.399999999999971489e+00 9.007480659928783495e-02 7.644014166293322532e-02
3.399999999999971489e+00 9.007480659928783495e-02 7.644014166293322532e-02
3.409999999999971276e+00 9.991918445992206688e-02 7.685135108477295085e-02
3.409999999999971276e+00 9.991918445992206688e-02 7.685135108477295085e-02
3.419999999999971063e+00 1.102621979014004050e-01 7.732353722848051003e-02
3.419999999999971063e+00 1.102621979014004050e-01 7.732353722848051003e-02
3.429999999999970850e+00 1.210211699949355624e-01 7.785346843930790461e-02
3.429999999999970850e+00 1.210211699949355624e-01 7.785346843930790461e-02
3.439999999999970637e+00 1.321149395496382661e-01 7.843598040934644799e-02
3.439999999999970637e+00 1.321149395496382661e-01 7.843598040934644799e-02
3.449999999999970424e+00 1.434757348992202475e-01 7.906442051686236872e-02
3.449999999999970424e+00 1.434757348992202475e-01 7.906442051686236872e-02
3.459999999999970210e+00 1.550301199526806228e-01 7.973085136573519749e-02
3.459999999999970210e+00 1.550301199526806228e-01 7.973085136573519749e-02
3.469999999999969997e+00 1.667167265125958364e-01 8.042662738036911174e-02
3.469999999999969997e+00 1.667167265125958364e-01 8.042662738036911174e-02
3.479999999999969784e+00 1.784811760783024670e-01 8.114269427967756021e-02
3.479999999999969784e+00 1.784811760783024670e-01 8.114269427967756021e-02
3.489999999999969571e+00 1.902755164457373416e-01 8.186992595299417974e-02
3.489999999999969571e+00 1.902755164457373416e-01 8.186992595299417974e-02
3.499999999999969358e+00 2.020649834663847400e-01 8.259947634516760784e-02
3.499999999999969358e+00 2.020649834663847400e-01 8.259947634516760784e-02
3.509999999999969145e+00 2.138083582353187684e-01 8.332286599211900791e-02
3.509999999999969145e+00 2.138083582353187684e-01 8.332286599211900791e-02
3.519999999999968932e+00 2.254754207050371773e-01 8.403239884495007639e-02
3.519999999999968932e+00 2.254754207050371773e-01 8.403239884495007639e-02
3.529999999999968718e+00 2.370488435770719271e-01 8.472131624057285815e-02
3.529999999999968718e+00 2.370488435770719271e-01 8.472131624057285815e-02
3.539999999999968505e+00 2.485047770449993476e-01 8.538375193633548910e-02
3.539999999999968505e+00 2.485047770449993476e-01 8.538375193633548910e-02
3.549999999999968292e+00 2.598295505402569705e-01 8.601501542141741508e-02
3.549999999999968292e+00 2.598295505402569705e-01 8.601501542141741508e-02
3.559999999999968079e+00 2.710219291867864144e-01 8.661163568792076828e-02
3.559999999999968079e+00 2.710219291867864144e-01 8.661163568792076828e-02
3.569999999999967866e+00 2.820732229939865165e-01 8.717121507849179274e-02
3.569999999999967866e+00 2.820732229939865165e-01 8.717121507849179274e-02
3.579999999999967653e+00 2.929905738731924392e-01 8.769266378979011234e-02
3.579999999999967653e+00 2.929905738731924392e-01 8.769266378979011234e-02
3.589999999999967439e+00 3.037743197114875504e-01 8.817597047521893994e-02
3.589999999999967439e+00 3.037743197114875504e-01 8.817597047521893994e-02
3.599999999999967226e+00 3.144390235907176256e-01 8.862236809826835870e-02
3.599999999999967226e+00 3.144390235907176256e-01 8.862236809826835870e-02
3.609999999999967013e+00 3.249922337758260893e-01 8.903409438104747942e-02
3.609999999999967013e+00 3.249922337758260893e-01 8.903409438104747942e-02
3.619999999999966800e+00 3.354540272253079269e-01 8.941450751233111227e-02
3.619999999999966800e+00 3.354540272253079269e-01 8.941450751233111227e-02
3.629999999999966587e+00 3.458368431839303203e-01 8.976784437950623141e-02
3.629999999999966587e+00 3.458368431839303203e-01 8.976784437950623141e-02
3.639999999999966374e+00 3.561638829401064799e-01 9.009929455476728410e-02
3.639999999999966374e+00 3.561638829401064799e-01 9.009929455476728410e-02
3.649999999999966160e+00 3.664543002036493857e-01 9.041478490418926317e-02
3.649999999999966160e+00 3.664543002036493857e-01 9.041478490418926317e-02
3.659999999999965947e+00 3.767230990248255917e-01 9.072090990186096326e-02
3.659999999999965947e+00 3.767230990248255917e-01 9.072090990186096326e-02
3.669999999999965734e+00 3.869921583543006194e-01 9.102489591807348679e-02
3.669999999999965734e+00 3.869921583543006194e-01 9.102489591807348679e-02
3.679999999999965521e+00 3.972745828262058687e-01 9.133439009567975719e-02
3.679999999999965521e+00 3.972745828262058687e-01 9.133439009567975719e-02
3.689999999999965308e+00 4.075884595742375605e-01 9.165742696946541090e-02
3.689999999999965308e+00 4.075884595742375605e-01 9.165742696946541090e-02
3.699999999999965095e+00 4.179455007060089433e-01 9.200224443746102265e-02
3.699999999999965095e+00 4.179455007060089433e-01 9.200224443746102265e-02
3.709999999999964881e+00 4.283507902779055687e-01 9.237716861893116582e-02
3.709999999999964881e+00 4.283507902779055687e-01 9.237716861893116582e-02
3.719999999999964668e+00 4.388116856319150272e-01 9.279051589549697221e-02
3.719999999999964668e+00 4.388116856319150272e-01 9.279051589549697221e-02
3.729999999999964455e+00 4.493286035293204694e-01 9.325043854315499814e-02
3.729999999999964455e+00 4.493286035293204694e-01 9.325043854315499814e-02
3.739999999999964242e+00 4.598948807709448139e-01 9.376479554871557098e-02
3.739999999999964242e+00 4.598948807709448139e-01 9.376479554871557098e-02
3.749999999999964029e+00 4.705045056432952677e-01 9.434104110034635671e-02
3.749999999999964029e+00 4.705045056432952677e-01 9.434104110034635671e-02
3.759999999999963816e+00 4.811448214928118472e-01 9.498611567009594692e-02
3.759999999999963816e+00 4.811448214928118472e-01 9.498611567009594692e-02
3.769999999999963602e+00 4.917965695503127566e-01 9.570632262559754244e-02
3.769999999999963602e+00 4.917965695503127566e-01 9.570632262559754244e-02
3.779999999999963389e+00 5.024410051755409112e-01 9.650723426258077386e-02
3.779999999999963389e+00 5.024410051755409112e-01 9.650723426258077386e-02
3.789999999999963176e+00 5.130539496149848500e-01 9.739364709011198717e-02
3.789999999999963176e+00 5.130539496149848500e-01 9.739364709011198717e-02
3.799999999999962963e+00 5.236080091789324653e-01 9.836950356829000930e-02
3.799999999999962963e+00 5.236080091789324653e-01 9.836950356829000930e-02
3.809999999999962750e+00 5.340714807580129175e-01 9.943782646758705934e-02
3.809999999999962750e+00 5.340714807580129175e-01 9.943782646758705934e-02
3.819999999999962537e+00 5.444142346506247732e-01 1.006006953467993015e-01
3.819999999999962537e+00 5.444142346506247732e-01 1.006006953467993015e-01
3.829999999999962323e+00 5.546033430659045305e-01 1.018592945389785037e-01
3.829999999999962323e+00 5.546033430659045305e-01 1.018592945389785037e-01
3.839999999999962110e+00 5.646049768096244037e-01 1.032138971751748596e-01
3.839999999999962110e+00 5.646049768096244037e-01 1.032138971751748596e-01
3.849999999999961897e+00 5.743834254199385869e-01 1.046638587756134053e-01
3.849999999999961897e+00 5.743834254199385869e-01 1.046638587756134053e-01
3.859999999999961684e+00 5.839065662560829484e-01 1.062076802178242019e-01
3.859999999999961684e+00 5.839065662560829484e-01 1.062076802178242019e-01
3.869999999999961471e+00 5.931418911228595325e-01 1.078431213091616964e-01
3.869999999999961471e+00 5.931418911228595325e-01 1.078431213091616964e-01
3.879999999999961258e+00 6.020580844960179423e-01 1.095672298431402542e-01
3.879999999999961258e+00 6.020580844960179423e-01 1.095672298431402542e-01
3.889999999999961044e+00 6.106237260383070575e-01 1.113763591306079354e-01
3.889999999999961044e+00 6.106237260383070575e-01 1.113763591306079354e-01
3.899999999999960831e+00 6.188128837417417039e-01 1.132662995888285423e-01
3.899999999999960831e+00 6.188128837417417039e-01 1.132662995888285423e-01
3.909999999999960618e+00 6.266006681188822647e-01 1.152324035155015414e-01
3.909999999999960618e+00 6.266006681188822647e-01 1.152324035155015414e-01
3.919999999999960405e+00 6.339645898186443418e-01 1.172696214536926990e-01
3.919999999999960405e+00 6.339645898186443418e-01 1.172696214536926990e-01
3.929999999999960192e+00 6.408848650567815497e-01 1.193725733658489024e-01
3.929999999999960192e+00 6.408848650567815497e-01 1.193725733658489024e-01
3.939999999999959979e+00 6.473425218434857298e-01 1.215355461220568728e-01
3.939999999999959979e+00 6.473425218434857298e-01 1.215355461220568728e-01
3.949999999999959766e+00 6.533252080674654128e-01 1.237526746673923844e-01
3.949999999999959766e+00 6.533252080674654128e-01 1.237526746673923844e-01
3.959999999999959552e+00 6.588219830468291516e-01 1.260180127691540863e-01
3.959999999999959552e+00 6.588219830468291516e-01 1.260180127691540863e-01
3.969999999999959339e+00 6.638245245971935438e-01 1.283255504977124373e-01
3.969999999999959339e+00 6.638245245971935438e-01 1.283255504977124373e-01
3.979999999999959126e+00 6.683272229335486259e-01 1.306692603309657086e-01
3.979999999999959126e+00 6.683272229335486259e-01 1.306692603309657086e-01
3.989999999999958913e+00 6.723247389640152338e-01 1.330430364232993712e-01
3.989999999999958913e+00 6.723247389640152338e-01 1.330430364232993712e-01
3.999999999999958700e+00 6.758186995992998547e-01 1.354409218556878458e-01
3.999999999999958700e+00 6.758186995992998547e-01 1.354409218556878458e-01
4.009999999999958931e+00 6.788113027795276144e-01 1.378570967005028347e-01
4.009999999999958931e+00 6.788113027795276144e-01 1.378570967005028347e-01
4.019999999999958717e+00 6.813066730256935877e-01 1.402858737485840612e-01
4.019999999999958717e+00 6.813066730256935877e-01 1.402858737485840612e-01
4.029999999999958504e+00 6.833108989471288197e-01 1.427217184355677182e-01
4.029999999999958504e+00 6.833108989471288197e-01 1.427217184355677182e-01
4.039999999999958291e+00 6.848318827583667057e-01 1.451592681312639799e-01
4.039999999999958291e+00 6.848318827583667057e-01 1.451592681312639799e-01
4.049999999999958078e+00 6.858765199869629736e-01 1.475932116318041110e-01
4.049999999999958078e+00 6.858765199869629736e-01 1.475932116318041110e-01
4.059999999999957865e+00 6.864582741637368368e-01 1.500185748742558778e-01
4.059999999999957865e+00 6.864582741637368368e-01 1.500185748742558778e-01
4.069999999999957652e+00 6.865897817833872541e-01 1.524306124295276843e-01
4.069999999999957652e+00 6.865897817833872541e-01 1.524306124295276843e-01
4.079999999999957438e+00 6.862844840878142838e-01 1.548247958608718611e-01
4.079999999999957438e+00 6.862844840878142838e-01 1.548247958608718611e-01
4.089999999999957225e+00 6.855567117631122809e-01 1.571968161593250701e-01
4.089999999999957225e+00 6.855567117631122809e-01 1.571968161593250701e-01
4.099999999999957012e+00 6.844215625961372895e-01 1.595425860821726716e-01
4.099999999999957012e+00 6.844215625961372895e-01 1.595425860821726716e-01
4.109999999999956799e+00 6.828947583858056003e-01 1.618582409866781424e-01
4.109999999999956799e+00 6.828947583858056003e-01 1.618582409866781424e-01
4.119999999999956586e+00 6.809897695719562272e-01 1.641399763941095158e-01
4.119999999999956586e+00 6.809897695719562272e-01 1.641399763941095158e-01
4.129999999999956373e+00 6.787258447536848038e-01 1.663843963763269318e-01
4.129999999999956373e+00 6.787258447536848038e-01 1.663843963763269318e-01
4.139999999999956160e+00 6.761201592923516968e-01 1.685883191530183622e-01
4.139999999999956160e+00 6.761201592923516968e-01 1.685883191530183622e-01
4.149999999999955946e+00 6.731897014662345802e-01 1.707487735813793539e-01
4.149999999999955946e+00 6.731897014662345802e-01 1.707487735813793539e-01
4.159999999999955733e+00 6.699514458293184260e-01 1.728629951991653702e-01
4.159999999999955733e+00 6.699514458293184260e-01 1.728629951991653702e-01
4.169999999999955520e+00 6.664223024221950231e-01 1.749284214307426366e-01
4.169999999999955520e+00 6.664223024221950231e-01 1.749284214307426366e-01
4.179999999999955307e+00 6.626190435936704093e-01 1.769426862499753061e-01
4.179999999999955307e+00 6.626190435936704093e-01 1.769426862499753061e-01
4.189999999999955094e+00 6.585582353588194104e-01 1.789036144565508690e-01
4.189999999999955094e+00 6.585582353588194104e-01 1.789036144565508690e-01
4.199999999999954881e+00 6.542537175481737410e-01 1.808090402758956994e-01
4.199999999999954881e+00 6.542537175481737410e-01 1.808090402758956994e-01
4.209999999999954667e+00 6.497240257554375287e-01 1.826571985522905950e-01
4.209999999999954667e+00 6.497240257554375287e-01 1.826571985522905950e-01
4.219999999999954454e+00 6.449850935659504625e-01 1.844464749328718900e-01
4.219999999999954454e+00 6.449850935659504625e-01 1.844464749328718900e-01
4.229999999999954241e+00 6.400521530334702947e-01 1.861754156394514192e-01
4.229999999999954241e+00 6.400521530334702947e-01 1.861754156394514192e-01
4.239999999999954028e+00 6.349399576490463160e-01 1.878427234951103586e-01
4.239999999999954028e+00 6.349399576490463160e-01 1.878427234951103586e-01
4.249999999999953815e+00 6.296627895139882414e-01 1.894472519479093731e-01
4.249999999999953815e+00 6.296627895139882414e-01 1.894472519479093731e-01
4.259999999999953602e+00 6.242344426891552889e-01 1.909879988253871674e-01
4.259999999999953602e+00 6.242344426891552889e-01 1.909879988253871674e-01
4.269999999999953388e+00 6.186682074831914013e-01 1.924641000912517552e-01
4.269999999999953388e+00 6.186682074831914013e-01 1.924641000912517552e-01
4.279999999999953175e+00 6.129768585317760810e-01 1.938748236626005039e-01
4.279999999999953175e+00 6.129768585317760810e-01 1.938748236626005039e-01
4.289999999999952962e+00 6.071726466785767329e-01 1.952195633126691254e-01
4.289999999999952962e+00 6.071726466785767329e-01 1.952195633126691254e-01
4.299999999999952749e+00 6.012672943199084408e-01 1.964978326765597361e-01
4.299999999999952749e+00 6.012672943199084408e-01 1.964978326765597361e-01
4.309999999999952536e+00 5.952719938512279763e-01 1.977092593739050441e-01
4.309999999999952536e+00 5.952719938512279763e-01 1.977092593739050441e-01
4.319999999999952323e+00 5.891966894123548126e-01 1.988534492811177834e-01
4.319999999999952323e+00 5.891966894123548126e-01 1.988534492811177834e-01
4.329999999999952109e+00 5.830525781308220079e-01 1.999302757820681231e-01
4.329999999999952109e+00 5.830525781308220079e-01 1.999302757820681231e-01
4.339999999999951896e+00 5.768493825257073881e-01 2.009396923569231053e-01
4.339999999999951896e+00 5.768493825257073881e-01 2.009396923569231053e-01
4.349999999999951683e+00 5.705961949566604741e-01 2.018817405625106254e-01
4.349999999999951683e+00 5.705961949566604741e-01 2.018817405625106254e-01
4.359999999999951470e+00 5.643015912972803028e-01 2.027565467268018784e-01
4.359999999999951470e+00 5.643015912972803028e-01 2.027565467268018784e-01
4.369999999999951257e+00 5.579736546984889189e-01 2.035643173235039127e-01
4.369999999999951257e+00 5.579736546984889189e-01 2.035643173235039127e-01
4.379999999999951044e+00 5.516199891643512876e-01 2.043053343061442817e-01
4.379999999999951044e+00 5.516199891643512876e-01 2.043053343061442817e-01
4.389999999999950830e+00 5.452477326735091223e-01 2.049799505663659205e-01
4.389999999999950830e+00 5.452477326735091223e-01 2.049799505663659205e-01
4.399999999999950617e+00 5.388635709032705279e-01 2.055885855385730931e-01
4.399999999999950617e+00 5.388635709032705279e-01 2.055885855385730931e-01
4.409999999999950404e+00 5.324737515546421607e-01 2.061317209544172580e-01
4.409999999999950404e+00 5.324737515546421607e-01 2.061317209544172580e-01
4.419999999999950191e+00 5.260840991589723625e-01 2.066098967478054993e-01
4.419999999999950191e+00 5.260840991589723625e-01 2.066098967478054993e-01
4.429999999999949978e+00 5.197000302442266184e-01 2.070237071103002424e-01
4.429999999999949978e+00 5.197000302442266184e-01 2.070237071103002424e-01
4.439999999999949765e+00 5.133265687495139895e-01 2.073737966963187240e-01
4.439999999999949765e+00 5.133265687495139895e-01 2.073737966963187240e-01
4.449999999999949551e+00 5.069683615878889382e-01 2.076608569771406787e-01
4.449999999999949551e+00 5.069683615878889382e-01 2.076608569771406787e-01
4.459999999999949338e+00 5.006296942682005868e-01 2.078856227424203396e-01
4.459999999999949338e+00 5.006296942682005868e-01 2.078856227424203396e-01
4.469999999999949125e+00 4.943145064966867896e-01 2.080488687475779419e-01
4.469999999999949125e+00 4.943145064966867896e-01 2.080488687475779419e-01
4.479999999999948912e+00 4.880264076881709601e-01 2.081514065052200158e-01
4.479999999999948912e+00 4.880264076881709601e-01 2.081514065052200158e-01
4.489999999999948699e+00 4.817670373784445070e-01 2.081940887864634770e-01
4.489999999999948699e+00 4.817670373784445070e-01 2.081940887864634770e-01
4.499999999999948486e+00 4.755406991393749672e-01 2.081778137938424533e-01
4.499999999999948486e+00 4.755406991393749672e-01 2.081778137938424533e-01
4.509999999999948272e+00 4.693502660422800288e-01 2.081034851368634975e-01
4.509999999999948272e+00 4.693502660422800288e-01 2.081034851368634975e-01
4.519999999999948059e+00 4.631982082610472395e-01 2.079720294401280756e-01
4.519999999999948059e+00 4.631982082610472395e-01 2.079720294401280756e-01
4.529999999999947846e+00 4.570867241476091469e-01 2.077843961362150216e-01
4.529999999999947846e+00 4.570867241476091469e-01 2.077843961362150216e-01
4.539999999999947633e+00 4.510177675811139486e-01 2.075415553084229425e-01
4.539999999999947633e+00 4.510177675811139486e-01 2.075415553084229425e-01
4.549999999999947420e+00 4.449930630644016172e-01 2.072444954225896863e-01
4.549999999999947420e+00 4.449930630644016172e-01 2.072444954225896863e-01
4.559999999999947207e+00 4.390141190627668277e-01 2.068942211575257317e-01
4.559999999999947207e+00 4.390141190627668277e-01 2.068942211575257317e-01
4.569999999999946994e+00 4.330822407722966227e-01 2.064917513551493833e-01
4.569999999999946994e+00 4.330822407722966227e-01 2.064917513551493833e-01
4.579999999999946780e+00 4.271985424425464584e-01 2.060381170896758429e-01
4.579999999999946780e+00 4.271985424425464584e-01 2.060381170896758429e-01
4.589999999999946567e+00 4.213639592601111095e-01 2.055343598527156479e-01
4.589999999999946567e+00 4.213639592601111095e-01 2.055343598527156479e-01
4.599999999999946354e+00 4.155792587888815226e-01 2.049815298508441685e-01
4.599999999999946354e+00 4.155792587888815226e-01 2.049815298508441685e-01
4.609999999999946141e+00 4.098450519639460499e-01 2.043806844121607569e-01
4.609999999999946141e+00 4.098450519639460499e-01 2.043806844121607569e-01
4.619999999999945928e+00 4.041618036383671786e-01 2.037328864983706245e-01
4.619999999999945928e+00 4.041618036383671786e-01 2.037328864983706245e-01
4.629999999999945715e+00 3.985298426842112107e-01 2.030392033189268863e-01
4.629999999999945715e+00 3.985298426842112107e-01 2.030392033189268863e-01
4.639999999999945501e+00 3.929493716511327506e-01 2.023007050438060672e-01
4.639999999999945501e+00 3.929493716511327506e-01 2.023007050438060672e-01
4.649999999999945288e+00 3.874204759875150006e-01 2.015184636115093242e-01
4.649999999999945288e+00 3.874204759875150006e-01 2.015184636115093242e-01
4.659999999999945075e+00 3.819431328306466256e-01 2.006935516289321542e-01
4.659999999999945075e+00 3.819431328306466256e-01 2.006935516289321542e-01
4.669999999999944862e+00 3.765172193737195139e-01 1.998270413597885431e-01
4.669999999999944862e+00 3.765172193737195139e-01 1.998270413597885431e-01
4.679999999999944649e+00 3.711425208185364366e-01 1.989200037983258895e-01
4.679999999999944649e+00 3.711425208185364366e-01 1.989200037983258895e-01
4.689999999999944436e+00 3.658187379237806125e-01 1.979735078251447511e-01
4.689999999999944436e+00 3.658187379237806125e-01 1.979735078251447511e-01
4.699999999999944222e+00 3.605454941594969376e-01 1.969886194419753489e-01
4.699999999999944222e+00 3.605454941594969376e-01 1.969886194419753489e-01
4.709999999999944009e+00 3.553223424791094320e-01 1.959664010823710112e-01
4.709999999999944009e+00 3.553223424791094320e-01 1.959664010823710112e-01
4.719999999999943796e+00 3.501487717208366934e-01 1.949079109953334166e-01
4.719999999999943796e+00 3.501487717208366934e-01 1.949079109953334166e-01
4.729999999999943583e+00 3.450242126508037410e-01 1.938142026989804756e-01
4.729999999999943583e+00 3.450242126508037410e-01 1.938142026989804756e-01
4.739999999999943370e+00 3.399480436604732092e-01 1.926863245014533710e-01
4.739999999999943370e+00 3.399480436604732092e-01 1.926863245014533710e-01
4.749999999999943157e+00 3.349195961312584346e-01 1.915253190863552002e-01
4.749999999999943157e+00 3.349195961312584346e-01 1.915253190863552002e-01
4.759999999999942943e+00 3.299381594793277528e-01 1.903322231601147496e-01
4.759999999999942943e+00 3.299381594793277528e-01 1.903322231601147496e-01
4.769999999999942730e+00 3.250029858936899219e-01 1.891080671587591078e-01
4.769999999999942730e+00 3.250029858936899219e-01 1.891080671587591078e-01
4.779999999999942517e+00 3.201132947806604179e-01 1.878538750117015599e-01
4.779999999999942517e+00 3.201132947806604179e-01 1.878538750117015599e-01
4.789999999999942304e+00 3.152682769277531660e-01 1.865706639602441597e-01
4.789999999999942304e+00 3.152682769277531660e-01 1.865706639602441597e-01
4.799999999999942091e+00 3.104670983999466283e-01 1.852594444286072006e-01
4.799999999999942091e+00 3.104670983999466283e-01 1.852594444286072006e-01
4.809999999999941878e+00 3.057089041811176244e-01 1.839212199454209884e-01
4.809999999999941878e+00 3.057089041811176244e-01 1.839212199454209884e-01
4.819999999999941664e+00 3.009928215732556311e-01 1.825569871137111833e-01
4.819999999999941664e+00 3.009928215732556311e-01 1.825569871137111833e-01
4.829999999999941451e+00 2.963179633658373779e-01 1.811677356275364081e-01
4.829999999999941451e+00 2.963179633658373779e-01 1.811677356275364081e-01
4.839999999999941238e+00 2.916834307875019183e-01 1.797544483335530296e-01
4.839999999999941238e+00 2.916834307875019183e-01 1.797544483335530296e-01
4.849999999999941025e+00 2.870883162518821918e-01 1.783181013358798028e-01
4.849999999999941025e+00 2.870883162518821918e-01 1.783181013358798028e-01
4.859999999999940812e+00 2.825317059091631555e-01 1.768596641427813698e-01
4.859999999999940812e+00 2.825317059091631555e-01 1.768596641427813698e-01
4.869999999999940599e+00 2.780126820146222588e-01 1.753800998537718703e-01
4.869999999999940599e+00 2.780126820146222588e-01 1.753800998537718703e-01
4.879999999999940385e+00 2.735303251250990053e-01 1.738803653858718712e-01
4.879999999999940385e+00 2.735303251250990053e-01 1.738803653858718712e-01
4.889999999999940172e+00 2.690837161340065009e-01 1.723614117378698130e-01
4.889999999999940172e+00 2.690837161340065009e-01 1.723614117378698130e-01
4.899999999999939959e+00 2.646719381551851380e-01 1.708241842915216024e-01
4.899999999999939959e+00 2.646719381551851380e-01 1.708241842915216024e-01
4.909999999999939746e+00 2.602940782655617791e-01 1.692696231487616221e-01
4.909999999999939746e+00 2.602940782655617791e-01 1.692696231487616221e-01
4.919999999999939533e+00 2.559492291162705491e-01 1.676986635040813578e-01
4.919999999999939533e+00 2.559492291162705491e-01 1.676986635040813578e-01
4.929999999999939320e+00 2.516348106618498393e-01 1.661122261629915386e-01
4.929999999999939320e+00 2.516348106618498393e-01 1.661122261629915386e-01
4.939999999999939106e+00 2.473514236270795974e-01 1.645112681275010813e-01
4.939999999999939106e+00 2.473514236270795974e-01 1.645112681275010813e-01
4.949999999999938893e+00 2.430983417369634025e-01 1.628967150463551394e-01
4.949999999999938893e+00 2.430983417369634025e-01 1.628967150463551394e-01
4.959999999999938680e+00 2.388747124338439498e-01 1.612694866304756058e-01
4.959999999999938680e+00 2.388747124338439498e-01 1.612694866304756058e-01
4.969999999999938467e+00 2.346796809851638965e-01 1.596304997497272615e-01
4.969999999999938467e+00 2.346796809851638965e-01 1.596304997497272615e-01
4.979999999999938254e+00 2.305124040874072799e-01 1.579806692697813264e-01
4.979999999999938254e+00 2.305124040874072799e-01 1.579806692697813264e-01
4.989999999999938041e+00 2.263720520855805052e-01 1.563209086855056051e-01
4.989999999999938041e+00 2.263720520855805052e-01 1.563209086855056051e-01
4.999999999999937828e+00 2.222578099716362166e-01 1.546521307613138441e-01
4.999999999999937828e+00 2.222578099716362166e-01 1.546521307613138441e-01
5.009999999999937614e+00 2.181688782088197220e-01 1.529752481998482849e-01
5.009999999999937614e+00 2.181688782088197220e-01 1.529752481998482849e-01
5.019999999999937401e+00 2.141044734956474294e-01 1.512911743410363941e-01
5.019999999999937401e+00 2.141044734956474294e-01 1.512911743410363941e-01
5.029999999999937188e+00 2.100638294877866241e-01 1.496008238915632615e-01
5.029999999999937188e+00 2.100638294877866241e-01 1.496008238915632615e-01
5.039999999999936975e+00 2.060461974864024048e-01 1.479051136845664083e-01
5.039999999999936975e+00 2.060461974864024048e-01 1.479051136845664083e-01
5.049999999999936762e+00 2.020508471006593199e-01 1.462049634692807465e-01
5.049999999999936762e+00 2.020508471006593199e-01 1.462049634692807465e-01
5.059999999999936549e+00 1.980770668921553457e-01 1.445012967302585771e-01
5.059999999999936549e+00 1.980770668921553457e-01 1.445012967302585771e-01
5.069999999999936335e+00 1.941241650093323556e-01 1.427950415356757374e-01
5.069999999999936335e+00 1.941241650093323556e-01 1.427950415356757374e-01
5.079999999999936122e+00 1.901914698202951948e-01 1.410871314140569044e-01
5.079999999999936122e+00 1.901914698202951948e-01 1.410871314140569044e-01
5.089999999999935909e+00 1.862783305529677469e-01 1.393785062585613799e-01
5.089999999999935909e+00 1.862783305529677469e-01 1.393785062585613799e-01
5.099999999999935696e+00 1.823841179521689670e-01 1.376701132576987896e-01
5.099999999999935696e+00 1.823841179521689670e-01 1.376701132576987896e-01
5.109999999999935483e+00 1.785082249639950436e-01 1.359629078510426192e-01
5.109999999999935483e+00 1.785082249639950436e-01 1.359629078510426192e-01
5.119999999999935270e+00 1.746500674589136493e-01 1.342578547081097473e-01
5.119999999999935270e+00 1.746500674589136493e-01 1.342578547081097473e-01
5.129999999999935056e+00 1.708090850062210231e-01 1.325559287281548870e-01
5.129999999999935056e+00 1.708090850062210231e-01 1.325559287281548870e-01
5.139999999999934843e+00 1.669847417140450374e-01 1.308581160580652436e-01
5.139999999999934843e+00 1.669847417140450374e-01 1.308581160580652436e-01
5.149999999999934630e+00 1.631765271509556803e-01 1.291654151249388982e-01
5.149999999999934630e+00 1.631765271509556803e-01 1.291654151249388982e-01
5.159999999999934417e+00 1.593839573675319421e-01 1.274788376791972933e-01
5.159999999999934417e+00 1.593839573675319421e-01 1.274788376791972933e-01
5.169999999999934204e+00 1.556065760390335506e-01 1.257994098432563268e-01
5.169999999999934204e+00 1.556065760390335506e-01 1.257994098432563268e-01
5.179999999999933991e+00 1.518439557537341333e-01 1.241281731598192911e-01
5.179999999999933991e+00 1.518439557537341333e-01 1.241281731598192911e-01
5.189999999999933777e+00 1.480956994756499612e-01 1.224661856327743936e-01
5.189999999999933777e+00 1.480956994756499612e-01 1.224661856327743936e-01
5.199999999999933564e+00 1.443614422155029275e-01 1.208145227524449888e-01
5.199999999999933564e+00 1.443614422155029275e-01 1.208145227524449888e-01
5.209999999999933351e+00 1.406408529500327298e-01 1.191742784955625717e-01
5.209999999999933351e+00 1.406408529500327298e-01 1.191742784955625717e-01
5.219999999999933138e+00 1.369336368374887147e-01 1.175465662887978935e-01
5.219999999999933138e+00 1.369336368374887147e-01 1.175465662887978935e-01
5.229999999999932925e+00 1.332395377866725794e-01 1.159325199229690878e-01
5.229999999999932925e+00 1.332395377866725794e-01 1.159325199229690878e-01
5.239999999999932712e+00 1.295583414487206098e-01 1.143332944031743431e-01
5.239999999999932712e+00 1.295583414487206098e-01 1.143332944031743431e-01
5.249999999999932498e+00 1.258898787155292021e-01 1.127500667180627858e-01
5.249999999999932498e+00 1.258898787155292021e-01 1.127500667180627858e-01
5.259999999999932285e+00 1.222340298271169939e-01 1.111840365092448824e-01
5.259999999999932285e+00 1.222340298271169939e-01 1.111840365092448824e-01
5.269999999999932072e+00 1.185907292133088903e-01 1.096364266194960330e-01
5.269999999999932072e+00 1.185907292133088903e-01 1.096364266194960330e-01
5.279999999999931859e+00 1.149599712242706934e-01 1.081084834959403634e-01
5.279999999999931859e+00 1.149599712242706934e-01 1.081084834959403634e-01
5.289999999999931646e+00 1.113418169413684516e-01 1.066014774218341649e-01
5.289999999999931646e+00 1.113418169413684516e-01 1.066014774218341649e-01
5.299999999999931433e+00 1.077364023069500298e-01 1.051167025479655542e-01
5.299999999999931433e+00 1.077364023069500298e-01 1.051167025479655542e-01
5.309999999999931219e+00 1.041439478720382755e-01 1.036554766921013726e-01
5.309999999999931219e+00 1.041439478720382755e-01 1.036554766921013726e-01
5.319999999999931006e+00 1.005647705387922447e-01 1.022191408724274220e-01
5.319999999999931006e+00 1.005647705387922447e-01 1.022191408724274220e-01
5.329999999999930793e+00 9.699929777558437272e-02 1.008090585386404447e-01
5.329999999999930793e+00 9.699929777558437272e-02 1.008090585386404447e-01
5.339999999999930580e+00 9.344808491426959129e-02 9.942661446238827694e-02
5.339999999999930580e+00 9.344808491426959129e-02 9.942661446238827694e-02
5.349999999999930367e+00 8.991183631214939853e-02 9.807321324725484790e-02
5.349999999999930367e+00 8.991183631214939853e-02 9.807321324725484790e-02
5.359999999999930154e+00 8.639143138946436817e-02 9.675027741762469435e-02
5.359999999999930154e+00 8.639143138946436817e-02 9.675027741762469435e-02
5.369999999999929940e+00 8.288795685662554702e-02 9.545924504571881575e-02
5.369999999999929940e+00 8.288795685662554702e-02 9.545924504571881575e-02
5.379999999999929727e+00 7.940274685078670125e-02 9.420156687708793053e-02
5.379999999999929727e+00 7.940274685078670125e-02 9.420156687708793053e-02
5.389999999999929514e+00 7.593743324614311840e-02 9.297870291710393087e-02
5.389999999999929514e+00 7.593743324614311840e-02 9.297870291710393087e-02
5.399999999999929301e+00 7.249400913800084501e-02 9.179211844470608339e-02
5.399999999999929301e+00 7.249400913800084501e-02 9.179211844470608339e-02
5.409999999999929088e+00 6.907490949808275937e-02 9.064327942512943881e-02
5.409999999999929088e+00 6.907490949808275937e-02 9.064327942512943881e-02
5.419999999999928875e+00 6.568311435421952948e-02 8.953364730065718757e-02
5.419999999999928875e+00 6.568311435421952948e-02 8.953364730065718757e-02
5.429999999999928662e+00 6.232228169050570143e-02 8.846467314790927572e-02
5.429999999999928662e+00 6.232228169050570143e-02 8.846467314790927572e-02
5.439999999999928448e+00 5.899691976053433873e-02 8.743779120176627118e-02
5.439999999999928448e+00 5.899691976053433873e-02 8.743779120176627118e-02
5.449999999999928235e+00 5.571261185654397680e-02 8.645441175986089133e-02
5.449999999999928235e+00 5.571261185654397680e-02 8.645441175986089133e-02
5.459999999999928022e+00 5.247631098658529086e-02 8.551591349753526194e-02
5.459999999999928022e+00 5.247631098658529086e-02 8.551591349753526194e-02
5.469999999999927809e+00 4.929672750052478680e-02 8.462363524101121359e-02
5.469999999999927809e+00 4.929672750052478680e-02 8.462363524101121359e-02
5.479999999999927596e+00 4.618483927538540729e-02 8.377886726596665834e-02
5.479999999999927596e+00 4.618483927538540729e-02 8.377886726596665834e-02
5.489999999999927383e+00 4.315543386931353087e-02 8.298278541817026566e-02
5.489999999999927383e+00 4.315543386931353087e-02 8.298278541817026566e-02
5.499999999999927169e+00 4.022552020259837630e-02 8.223655405387676753e-02
5.499999999999927169e+00 4.022552020259837630e-02 8.223655405387676753e-02
5.509999999999926956e+00 3.741765601662988550e-02 8.154126507952312586e-02
5.509999999999926956e+00 3.741765601662988550e-02 8.154126507952312586e-02
5.519999999999926743e+00 3.476068988149372263e-02 8.089792488569313988e-02
5.519999999999926743e+00 3.476068988149372263e-02 8.089792488569313988e-02
5.529999999999926530e+00 3.229115233937205481e-02 8.030744465950674649e-02
5.529999999999926530e+00 3.229115233937205481e-02 8.030744465950674649e-02
5.539999999999926317e+00 3.005453217172653069e-02 7.977063132150333247e-02
5.539999999999926317e+00 3.005453217172653069e-02 7.977063132150333247e-02
5.549999999999926104e+00 2.810572944860042013e-02 7.928817900723685030e-02
5.549999999999926104e+00 2.810572944860042013e-02 7.928817900723685030e-02
5.559999999999925890e+00 2.650752818545309281e-02 7.886066125668711457e-02
5.559999999999925890e+00 2.650752818545309281e-02 7.886066125668711457e-02
5.569999999999925677e+00 2.532561097881462150e-02 7.848852409175824385e-02
5.569999999999925677e+00 2.532561097881462150e-02 7.848852409175824385e-02
5.579999999999925464e+00 2.461922479072267342e-02 7.817208015303900304e-02
5.579999999999925464e+00 2.461922479072267342e-02 7.817208015303900304e-02
5.589999999999925251e+00 2.442888265732957170e-02 7.791150404935934248e-02
5.589999999999925251e+00 2.442888265732957170e-02 7.791150404935934248e-02
5.599999999999925038e+00 2.476572931747169151e-02 7.770682904934904378e-02
5.599999999999925038e+00 2.476572931747169151e-02 7.770682904934904378e-02
5.609999999999924825e+00 2.560823635261313957e-02 7.755794521403146236e-02
5.609999999999924825e+00 2.560823635261313957e-02 7.755794521403146236e-02
5.619999999999924611e+00 2.690824200593682630e-02 7.746459903468519426e-02
5.619999999999924611e+00 2.690824200593682630e-02 7.746459903468519426e-02
5.629999999999924398e+00 2.860275433397822809e-02 7.742639460215595959e-02
5.629999999999924398e+00 2.860275433397822809e-02 7.742639460215595959e-02
5.639999999999924185e+00 3.062570475591329736e-02 7.744279629432661294e-02
5.639999999999924185e+00 3.062570475591329736e-02 7.744279629432661294e-02
5.649999999999923972e+00 3.291596009638575460e-02 7.751313292925736398e-02
5.649999999999923972e+00 3.291596009638575460e-02 7.751313292925736398e-02
5.659999999999923759e+00 3.542128213159627392e-02 7.763652094358472477e-02
5.659999999999923759e+00 3.542128213159627392e-02 7.763652094358472477e-02
5.669999999999923546e+00 3.809861542525506267e-02 7.781204463968255380e-02
5.669999999999923546e+00 3.809861542525506267e-02 7.781204463968255380e-02
5.679999999999923332e+00 4.091361303517927761e-02 7.803867213533211000e-02
5.679999999999923332e+00 4.091361303517927761e-02 7.803867213533211000e-02
5.689999999999923119e+00 4.383918086829736299e-02 7.831526478113898238e-02
5.689999999999923119e+00 4.383918086829736299e-02 7.831526478113898238e-02
5.699999999999922906e+00 4.685403052570751709e-02 7.864058673847586223e-02
5.699999999999922906e+00 4.685403052570751709e-02 7.864058673847586223e-02
5.709999999999922693e+00 4.994141366423168749e-02 7.901331504526901139e-02
5.709999999999922693e+00 4.994141366423168749e-02 7.901331504526901139e-02
5.719999999999922480e+00 5.308808091615788843e-02 7.943211760063660642e-02
5.719999999999922480e+00 5.308808091615788843e-02 7.943211760063660642e-02
5.729999999999922267e+00 5.628339666794719004e-02 7.989552478045523765e-02
5.729999999999922267e+00 5.628339666794719004e-02 7.989552478045523765e-02
5.739999999999922053e+00 5.951891830794001081e-02 8.040200780833120509e-02
5.739999999999922053e+00 5.951891830794001081e-02 8.040200780833120509e-02
5.749999999999921840e+00 6.278782432942153768e-02 8.094999268329629294e-02
5.749999999999921840e+00 6.278782432942153768e-02 8.094999268329629294e-02
5.759999999999921627e+00 6.608454713432564132e-02 8.153787069676381172e-02
5.759999999999921627e+00 6.608454713432564132e-02 8.153787069676381172e-02
5.769999999999921414e+00 6.940450006109856462e-02 8.216400816669199025e-02
5.769999999999921414e+00 6.940450006109856462e-02 8.216400816669199025e-02
5.779999999999921201e+00 7.274386952218174496e-02 8.282675559152033462e-02
5.779999999999921201e+00 7.274386952218174496e-02 8.282675559152033462e-02
5.789999999999920988e+00 7.609945545274068857e-02 8.352445617989703863e-02
5.789999999999920988e+00 7.609945545274068857e-02 8.352445617989703863e-02
5.799999999999920774e+00 7.946854803081136731e-02 8.425545370455191085e-02
5.799999999999920774e+00 7.946854803081136731e-02 8.425545370455191085e-02
5.809999999999920561e+00 8.284889233016963506e-02 8.501812425720420285e-02
5.809999999999920561e+00 8.284889233016963506e-02 8.501812425720420285e-02
5.819999999999920348e+00 8.623835528140721962e-02 8.581084306498058811e-02
5.819999999999920348e+00 8.623835528140721962e-02 8.581084306498058811e-02
5.829999999999920135e+00 8.963519685489561295e-02 8.663199199276562512e-02
5.829999999999920135e+00 8.963519685489561295e-02 8.663199199276562512e-02
5.839999999999919922e+00 9.303790203414440130e-02 8.747997657827071005e-02
5.839999999999919922e+00 9.303790203414440130e-02 8.747997657827071005e-02
5.849999999999919709e+00 9.644513133534111937e-02 8.835323161504068934e-02
5.849999999999919709e+00 9.644513133534111937e-02 8.835323161504068934e-02
5.859999999999919496e+00 9.985568948967334102e-02 8.925022491789233459e-02
5.859999999999919496e+00 9.985568948967334102e-02 8.925022491789233459e-02
5.869999999999919282e+00 1.032685784433358400e-01 9.016946259914782047e-02
5.869999999999919282e+00 1.032685784433358400e-01 9.016946259914782047e-02
5.879999999999919069e+00 1.066826938384532047e-01 9.110950356880496981e-02
5.879999999999919069e+00 1.066826938384532047e-01 9.110950356880496981e-02
5.889999999999918856e+00 1.100971369654117210e-01 9.206892935220943597e-02
5.889999999999918856e+00 1.100971369654117210e-01 9.206892935220943597e-02
5.899999999999918643e+00 1.135110912044568349e-01 9.304636160013454727e-02
5.899999999999918643e+00 1.135110912044568349e-01 9.304636160013454727e-02
5.909999999999918430e+00 1.169237997677249896e-01 9.404046479908650946e-02
5.909999999999918430e+00 1.169237997677249896e-01 9.404046479908650946e-02
5.919999999999918217e+00 1.203346415905770656e-01 9.504993694451159547e-02
5.919999999999918217e+00 1.203346415905770656e-01 9.504993694451159547e-02
5.929999999999918003e+00 1.237428309550725469e-01 9.607354995406706955e-02
5.929999999999918003e+00 1.237428309550725469e-01 9.607354995406706955e-02
5.939999999999917790e+00 1.271477298673942824e-01 9.711009995475253231e-02
5.939999999999917790e+00 1.271477298673942824e-01 9.711009995475253231e-02
5.949999999999917577e+00 1.305487416760755248e-01 9.815842473151520364e-02
5.949999999999917577e+00 1.305487416760755248e-01 9.815842473151520364e-02
5.959999999999917364e+00 1.339452960682149807e-01 9.921740512047556859e-02
5.959999999999917364e+00 1.339452960682149807e-01 9.921740512047556859e-02
5.969999999999917151e+00 1.373368441737566892e-01 1.002859645282863921e-01
5.969999999999917151e+00 1.373368441737566892e-01 1.002859645282863921e-01
5.979999999999916938e+00 1.407229549717219363e-01 1.013630478662634338e-01
5.979999999999916938e+00 1.407229549717219363e-01 1.013630478662634338e-01
5.989999999999916724e+00 1.441029924868898471e-01 1.024476844512328955e-01
5.989999999999916724e+00 1.441029924868898471e-01 1.024476844512328955e-01
5.999999999999916511e+00 1.474764446918788441e-01 1.035389213683993725e-01
5.999999999999916511e+00 1.474764446918788441e-01 1.035389213683993725e-01
6.009999999999916298e+00 1.508428219729865127e-01 1.046358420807114303e-01
6.009999999999916298e+00 1.508428219729865127e-01 1.046358420807114303e-01
6.019999999999916085e+00 1.542016449434094882e-01 1.057375673518793635e-01
6.019999999999916085e+00 1.542016449434094882e-01 1.057375673518793635e-01
6.029999999999915872e+00 1.575525470267797046e-01 1.068432292274245354e-01
6.029999999999915872e+00 1.575525470267797046e-01 1.068432292274245354e-01
6.039999999999915659e+00 1.608949459701123907e-01 1.079520441657639690e-01
6.039999999999915659e+00 1.608949459701123907e-01 1.079520441657639690e-01
6.049999999999915445e+00 1.642283713428872582e-01 1.090632400704562577e-01
6.049999999999915445e+00 1.642283713428872582e-01 1.090632400704562577e-01
6.059999999999915232e+00 1.675523681291409550e-01 1.101760750712832831e-01
6.059999999999915232e+00 1.675523681291409550e-01 1.101760750712832831e-01
6.069999999999915019e+00 1.708664858256196684e-01 1.112898384131343205e-01
6.069999999999915019e+00 1.708664858256196684e-01 1.112898384131343205e-01
6.079999999999914806e+00 1.741702767029417454e-01 1.124038494460694593e-01
6.079999999999914806e+00 1.741702767029417454e-01 1.124038494460694593e-01
6.089999999999914593e+00 1.774634091731245866e-01 1.135174266856657094e-01
6.089999999999914593e+00 1.774634091731245866e-01 1.135174266856657094e-01
6.099999999999914380e+00 1.807453212170796186e-01 1.146299720862840044e-01
6.099999999999914380e+00 1.807453212170796186e-01 1.146299720862840044e-01
6.109999999999914166e+00 1.840155588192449732e-01 1.157408906837541634e-01
6.109999999999914166e+00 1.840155588192449732e-01 1.157408906837541634e-01
6.119999999999913953e+00 1.872736800454770922e-01 1.168496104615493192e-01
6.119999999999913953e+00 1.872736800454770922e-01 1.168496104615493192e-01
6.129999999999913740e+00 1.905192445877456897e-01 1.179555835074204140e-01
6.129999999999913740e+00 1.905192445877456897e-01 1.179555835074204140e-01
6.139999999999913527e+00 1.937519271444310964e-01 1.190582538115398381e-01
6.139999999999913527e+00 1.937519271444310964e-01 1.190582538115398381e-01
6.149999999999913314e+00 1.969711742390838349e-01 1.201571450327987012e-01
6.149999999999913314e+00 1.969711742390838349e-01 1.201571450327987012e-01
6.159999999999913101e+00 2.001765344587165540e-01 1.212517788807245395e-01
6.159999999999913101e+00 2.001765344587165540e-01 1.212517788807245395e-01
6.169999999999912887e+00 2.033675669245958162e-01 1.223416949557975808e-01
6.169999999999912887e+00 2.033675669245958162e-01 1.223416949557975808e-01
6.179999999999912674e+00 2.065438314634524819e-01 1.234264520793349612e-01
6.179999999999912674e+00 2.065438314634524819e-01 1.234264520793349612e-01
6.189999999999912461e+00 2.097048875109236155e-01 1.245056276699038483e-01
6.189999999999912461e+00 2.097048875109236155e-01 1.245056276699038483e-01
6.199999999999912248e+00 2.128504116817616088e-01 1.255787830362196100e-01
6.199999999999912248e+00 2.128504116817616088e-01 1.255787830362196100e-01
6.209999999999912035e+00 2.159798506192781853e-01 1.266455573596093065e-01
6.209999999999912035e+00 2.159798506192781853e-01 1.266455573596093065e-01
6.219999999999911822e+00 2.190927505061346647e-01 1.277055821368961175e-01
6.219999999999911822e+00 2.190927505061346647e-01 1.277055821368961175e-01
6.229999999999911608e+00 2.221886676227158020e-01 1.287585018195019637e-01
6.229999999999911608e+00 2.221886676227158020e-01 1.287585018195019637e-01
6.239999999999911395e+00 2.252671588464696950e-01 1.298039754295898240e-01
6.239999999999911395e+00 2.252671588464696950e-01 1.298039754295898240e-01
6.249999999999911182e+00 2.283278944984896419e-01 1.308416417509309093e-01
6.249999999999911182e+00 2.283278944984896419e-01 1.308416417509309093e-01
6.259999999999910969e+00 2.313703258380413463e-01 1.318712142823266487e-01
6.259999999999910969e+00 2.313703258380413463e-01 1.318712142823266487e-01
6.269999999999910756e+00 2.343939973629494689e-01 1.328923958773962077e-01
6.269999999999910756e+00 2.343939973629494689e-01 1.328923958773962077e-01
6.279999999999910543e+00 2.373984632782876469e-01 1.339048992476088162e-01
6.279999999999910543e+00 2.373984632782876469e-01 1.339048992476088162e-01
6.289999999999910330e+00 2.403832786802573285e-01 1.349084487042935543e-01
6.289999999999910330e+00 2.403832786802573285e-01 1.349084487042935543e-01
6.299999999999910116e+00 2.433481069400807162e-01 1.359027451709336476e-01
6.299999999999910116e+00 2.433481069400807162e-01 1.359027451709336476e-01
6.309999999999909903e+00 2.462924062282650928e-01 1.368875617395572675e-01
6.309999999999909903e+00 2.462924062282650928e-01 1.368875617395572675e-01
6.319999999999909690e+00 2.492157211461331623e-01 1.378626585488904044e-01
6.319999999999909690e+00 2.492157211461331623e-01 1.378626585488904044e-01
6.329999999999909477e+00 2.521176057892831057e-01 1.388278031798190759e-01
6.329999999999909477e+00 2.521176057892831057e-01 1.388278031798190759e-01
6.339999999999909264e+00 2.549976156751345702e-01 1.397827724998070009e-01
6.339999999999909264e+00 2.549976156751345702e-01 1.397827724998070009e-01
6.349999999999909051e+00 2.578554081052205627e-01 1.407273175276777810e-01
6.349999999999909051e+00 2.578554081052205627e-01 1.407273175276777810e-01
6.359999999999908837e+00 2.606904517745667893e-01 1.416612595240210604e-01
6.359999999999908837e+00 2.606904517745667893e-01 1.416612595240210604e-01
6.369999999999908624e+00 2.635022943551408869e-01 1.425844049704247940e-01
6.369999999999908624e+00 2.635022943551408869e-01 1.425844049704247940e-01
6.379999999999908411e+00 2.662904928786052339e-01 1.434965659115100822e-01
6.379999999999908411e+00 2.662904928786052339e-01 1.434965659115100822e-01
6.389999999999908198e+00 2.690546064783838620e-01 1.443975618841610020e-01
6.389999999999908198e+00 2.690546064783838620e-01 1.443975618841610020e-01
6.399999999999907985e+00 2.717942882577363828e-01 1.452871845938472628e-01
6.399999999999907985e+00 2.717942882577363828e-01 1.452871845938472628e-01
6.409999999999907772e+00 2.745090219158247136e-01 1.461652946517565943e-01
6.409999999999907772e+00 2.745090219158247136e-01 1.461652946517565943e-01
6.419999999999907558e+00 2.771983619286333966e-01 1.470317364052052822e-01
6.419999999999907558e+00 2.771983619286333966e-01 1.470317364052052822e-01
6.429999999999907345e+00 2.798618720118149494e-01 1.478863582986547631e-01
6.429999999999907345e+00 2.798618720118149494e-01 1.478863582986547631e-01
6.439999999999907132e+00 2.824991187561938233e-01 1.487290148764618680e-01
6.439999999999907132e+00 2.824991187561938233e-01 1.487290148764618680e-01
6.449999999999906919e+00 2.851097535621711643e-01 1.495595311852505049e-01
6.449999999999906919e+00 2.851097535621711643e-01 1.495595311852505049e-01
6.459999999999906706e+00 2.876932802033336234e-01 1.503778003899112758e-01
6.459999999999906706e+00 2.876932802033336234e-01 1.503778003899112758e-01
6.469999999999906493e+00 2.902492641929349526e-01 1.511836981357526644e-01
6.469999999999906493e+00 2.902492641929349526e-01 1.511836981357526644e-01
6.479999999999906279e+00 2.927772801316743667e-01 1.519771030134947354e-01
6.479999999999906279e+00 2.927772801316743667e-01 1.519771030134947354e-01
6.489999999999906066e+00 2.952769063228511959e-01 1.527578986297791208e-01
6.489999999999906066e+00 2.952769063228511959e-01 1.527578986297791208e-01
6.499999999999905853e+00 2.977477953212065986e-01 1.535259376226393579e-01
6.499999999999905853e+00 2.977477953212065986e-01 1.535259376226393579e-01
6.509999999999905640e+00 3.001894764506733981e-01 1.542811404663557984e-01
6.509999999999905640e+00 3.001894764506733981e-01 1.542811404663557984e-01
6.519999999999905427e+00 3.026015308052562025e-01 1.550234090035519652e-01
6.519999999999905427e+00 3.026015308052562025e-01 1.550234090035519652e-01
6.529999999999905214e+00 3.049835483431119765e-01 1.557526471075033614e-01
6.529999999999905214e+00 3.049835483431119765e-01 1.557526471075033614e-01
6.539999999999905000e+00 3.073351235754219757e-01 1.564687628190959134e-01
6.539999999999905000e+00 3.073351235754219757e-01 1.564687628190959134e-01
6.549999999999904787e+00 3.096559132279447235e-01 1.571716318457710149e-01
6.549999999999904787e+00 3.096559132279447235e-01 1.571716318457710149e-01
6.559999999999904574e+00 3.119454779168329694e-01 1.578611979151598455e-01
6.559999999999904574e+00 3.119454779168329694e-01 1.578611979151598455e-01
6.569999999999904361e+00 3.142034190212749656e-01 1.585373850903206150e-01
6.569999999999904361e+00 3.142034190212749656e-01 1.585373850903206150e-01
6.579999999999904148e+00 3.164293464546415469e-01 1.592001187279748209e-01
6.579999999999904148e+00 3.164293464546415469e-01 1.592001187279748209e-01
6.589999999999903935e+00 3.186229205503496864e-01 1.598492916073295245e-01
6.589999999999903935e+00 3.186229205503496864e-01 1.598492916073295245e-01
6.599999999999903721e+00 3.207837316630178792e-01 1.604848630570349377e-01
6.599999999999903721e+00 3.207837316630178792e-01 1.604848630570349377e-01
6.609999999999903508e+00 3.229114005547210065e-01 1.611067726309833859e-01
6.609999999999903508e+00 3.229114005547210065e-01 1.611067726309833859e-01
6.619999999999903295e+00 3.250055561038871499e-01 1.617149607544448031e-01
6.619999999999903295e+00 3.250055561038871499e-01 1.617149607544448031e-01
6.629999999999903082e+00 3.270658651113557691e-01 1.623093352175793425e-01
6.629999999999903082e+00 3.270658651113557691e-01 1.623093352175793425e-01
6.639999999999902869e+00 3.290919508002919658e-01 1.628898693141041798e-01
6.639999999999902869e+00 3.290919508002919658e-01 1.628898693141041798e-01
6.649999999999902656e+00 3.310834563331254143e-01 1.634565164105060420e-01
6.649999999999902656e+00 3.310834563331254143e-01 1.634565164105060420e-01
6.659999999999902442e+00 3.330400325315401866e-01 1.640092303874959578e-01
6.659999999999902442e+00 3.330400325315401866e-01 1.640092303874959578e-01
6.669999999999902229e+00 3.349613369254508810e-01 1.645479678340527607e-01
6.669999999999902229e+00 3.349613369254508810e-01 1.645479678340527607e-01
6.679999999999902016e+00 3.368470493182431635e-01 1.650726515644533599e-01
6.679999999999902016e+00 3.368470493182431635e-01 1.650726515644533599e-01
6.689999999999901803e+00 3.386968389543758007e-01 1.655832712592948952e-01
6.689999999999901803e+00 3.386968389543758007e-01 1.655832712592948952e-01
6.699999999999901590e+00 3.405103815777829612e-01 1.660797956298367406e-01
6.699999999999901590e+00 3.405103815777829612e-01 1.660797956298367406e-01
6.709999999999901377e+00 3.422873598944616846e-01 1.665621934459790288e-01
6.709999999999901377e+00 3.422873598944616846e-01 1.665621934459790288e-01
6.719999999999901164e+00 3.440274650514543175e-01 1.670303992414057248e-01
6.719999999999901164e+00 3.440274650514543175e-01 1.670303992414057248e-01
6.729999999999900950e+00 3.457304063223863300e-01 1.674844140116347746e-01
6.729999999999900950e+00 3.457304063223863300e-01 1.674844140116347746e-01
6.739999999999900737e+00 3.473958880489106393e-01 1.679242175312382346e-01
6.739999999999900737e+00 3.473958880489106393e-01 1.679242175312382346e-01
6.749999999999900524e+00 3.490236208943281460e-01 1.683497893720619365e-01
6.749999999999900524e+00 3.490236208943281460e-01 1.683497893720619365e-01
6.759999999999900311e+00 3.506133095210821060e-01 1.687610745748889807e-01
6.759999999999900311e+00 3.506133095210821060e-01 1.687610745748889807e-01
6.769999999999900098e+00 3.521647062276334617e-01 1.691580845686605217e-01
6.769999999999900098e+00 3.521647062276334617e-01 1.691580845686605217e-01
6.779999999999899885e+00 3.536775465527277618e-01 1.695408092508471909e-01
6.779999999999899885e+00 3.536775465527277618e-01 1.695408092508471909e-01
6.789999999999899671e+00 3.551515467075581634e-01 1.699092024287454095e-01
6.789999999999899671e+00 3.551515467075581634e-01 1.699092024287454095e-01
6.799999999999899458e+00 3.565864912771715134e-01 1.702632822355660547e-01
6.799999999999899458e+00 3.565864912771715134e-01 1.702632822355660547e-01
6.809999999999899245e+00 3.579821399560806361e-01 1.706030456694337949e-01
6.809999999999899245e+00 3.579821399560806361e-01 1.706030456694337949e-01
6.819999999999899032e+00 3.593382575530676415e-01 1.709284891978788412e-01
6.819999999999899032e+00 3.593382575530676415e-01 1.709284891978788412e-01
6.829999999999898819e+00 3.606545771632660435e-01 1.712395750700762276e-01
6.829999999999898819e+00 3.606545771632660435e-01 1.712395750700762276e-01
6.839999999999898606e+00 3.619309311137976493e-01 1.715363305831247853e-01
6.839999999999898606e+00 3.619309311137976493e-01 1.715363305831247853e-01
6.849999999999898392e+00 3.631671144798446216e-01 1.718187614907287775e-01
6.849999999999898392e+00 3.631671144798446216e-01 1.718187614907287775e-01
6.859999999999898179e+00 3.643629265169660014e-01 1.720868728220555921e-01
6.859999999999898179e+00 3.643629265169660014e-01 1.720868728220555921e-01
6.869999999999897966e+00 3.655181187496276962e-01 1.723406348134430277e-01
6.869999999999897966e+00 3.655181187496276962e-01 1.723406348134430277e-01
6.879999999999897753e+00 3.666325737114382588e-01 1.725800834365074921e-01
6.879999999999897753e+00 3.666325737114382588e-01 1.725800834365074921e-01
6.889999999999897540e+00 3.677061236662107491e-01 1.728052326195893273e-01
6.889999999999897540e+00 3.677061236662107491e-01 1.728052326195893273e-01
6.899999999999897327e+00 3.687385360579231719e-01 1.730160595957633274e-01
6.899999999999897327e+00 3.687385360579231719e-01 1.730160595957633274e-01
6.909999999999897113e+00 3.697297296649829090e-01 1.732126059970520715e-01
6.909999999999897113e+00 3.697297296649829090e-01 1.732126059970520715e-01
6.919999999999896900e+00 3.706795646418712953e-01 1.733948915934588886e-01
6.919999999999896900e+00 3.706795646418712953e-01 1.733948915934588886e-01
6.929999999999896687e+00 3.715879036045870443e-01 1.735629351643532270e-01
6.929999999999896687e+00 3.715879036045870443e-01 1.735629351643532270e-01
6.939999999999896474e+00 3.724545334641602978e-01 1.737167204288100342e-01
6.939999999999896474e+00 3.724545334641602978e-01 1.737167204288100342e-01
6.949999999999896261e+00 3.732794267679124256e-01 1.738562968598505176e-01
6.949999999999896261e+00 3.732794267679124256e-01 1.738562968598505176e-01
6.959999999999896048e+00 3.740624835485722999e-01 1.739816914838219486e-01
6.959999999999896048e+00 3.740624835485722999e-01 1.739816914838219486e-01
6.969999999999895834e+00 3.748035083317190486e-01 1.740928941512374928e-01
6.969999999999895834e+00 3.748035083317190486e-01 1.740928941512374928e-01
6.979999999999895621e+00 3.755025117527974743e-01 1.741899595177591187e-01
6.979999999999895621e+00 3.755025117527974743e-01 1.741899595177591187e-01
6.989999999999895408e+00 3.761594232140462735e-01 1.742729198480515440e-01
6.989999999999895408e+00 3.761594232140462735e-01 1.742729198480515440e-01
6.999999999999895195e+00 3.767740644289844787e-01 1.743417704379349731e-01
6.999999999999895195e+00 3.767740644289844787e-01 1.743417704379349731e-01
7.009999999999894982e+00 3.773464846757669244e-01 1.743965708945973414e-01
7.009999999999894982e+00 3.773464846757669244e-01 1.743965708945973414e-01
7.019999999999894769e+00 3.778766432529362951e-01 1.744373584620520778e-01
7.019999999999894769e+00 3.778766432529362951e-01 1.744373584620520778e-01
7.029999999999894555e+00 3.783644989358467825e-01 1.744641690707485204e-01
7.029999999999894555e+00 3.783644989358467825e-01 1.744641690707485204e-01
7.039999999999894342e+00 3.788098932536020924e-01 1.744770031231487051e-01
7.039999999999894342e+00 3.788098932536020924e-01 1.744770031231487051e-01
7.049999999999894129e+00 3.792129327563631414e-01 1.744759271639503007e-01
7.049999999999894129e+00 3.792129327563631414e-01 1.744759271639503007e-01
7.059999999999893916e+00 3.795736186385655353e-01 1.744609846430060784e-01
7.059999999999893916e+00 3.795736186385655353e-01 1.744609846430060784e-01
7.069999999999893703e+00 3.798918108705581775e-01 1.744321810794493000e-01
7.069999999999893703e+00 3.798918108705581775e-01 1.744321810794493000e-01
7.079999999999893490e+00 3.801676555182308404e-01 1.743895876516433352e-01
7.079999999999893490e+00 3.801676555182308404e-01 1.743895876516433352e-01
7.089999999999893276e+00 3.804011838491777042e-01 1.743332523378129939e-01
7.089999999999893276e+00 3.804011838491777042e-01 1.743332523378129939e-01
7.099999999999893063e+00 3.805922727672415018e-01 1.742631851579810043e-01
7.099999999999893063e+00 3.805922727672415018e-01 1.742631851579810043e-01
7.109999999999892850e+00 3.807411079100321838e-01 1.741794617219032115e-01
7.109999999999892850e+00 3.807411079100321838e-01 1.741794617219032115e-01
7.119999999999892637e+00 3.808477506033969284e-01 1.740821343195779469e-01
7.119999999999892637e+00 3.808477506033969284e-01 1.740821343195779469e-01
7.129999999999892424e+00 3.809120944095408801e-01 1.739712171912594640e-01
7.129999999999892424e+00 3.809120944095408801e-01 1.739712171912594640e-01
7.139999999999892211e+00 3.809343645861373862e-01 1.738467902210495131e-01
7.139999999999892211e+00 3.809343645861373862e-01 1.738467902210495131e-01
7.149999999999891998e+00 3.809146523318295285e-01 1.737089098118447528e-01
7.149999999999891998e+00 3.809146523318295285e-01 1.737089098118447528e-01
7.159999999999891784e+00 3.808528673911290019e-01 1.735575941638827779e-01
7.159999999999891784e+00 3.808528673911290019e-01 1.735575941638827779e-01
7.169999999999891571e+00 3.807492745207874951e-01 1.733929272856868931e-01
7.169999999999891571e+00 3.807492745207874951e-01 1.733929272856868931e-01
7.179999999999891358e+00 3.806038146407900724e-01 1.732149338810982930e-01
7.179999999999891358e+00 3.806038146407900724e-01 1.732149338810982930e-01
7.189999999999891145e+00 3.804167746270271100e-01 1.730237004559579406e-01
7.189999999999891145e+00 3.804167746270271100e-01 1.730237004559579406e-01
7.199999999999890932e+00 3.801882929053387317e-01 1.728192900090356754e-01
7.199999999999890932e+00 3.801882929053387317e-01 1.728192900090356754e-01
7.209999999999890719e+00 3.799183080054936990e-01 1.726017278836769753e-01
7.209999999999890719e+00 3.799183080054936990e-01 1.726017278836769753e-01
7.219999999999890505e+00 3.796071440309086165e-01 1.723711040920956894e-01
7.219999999999890505e+00 3.796071440309086165e-01 1.723711040920956894e-01
7.229999999999890292e+00 3.792549681440519627e-01 1.721274851567461406e-01
7.229999999999890292e+00 3.792549681440519627e-01 1.721274851567461406e-01
7.239999999999890079e+00 3.788617334688504368e-01 1.718708996676049372e-01
7.239999999999890079e+00 3.788617334688504368e-01 1.718708996676049372e-01
7.249999999999889866e+00 3.784278027723620430e-01 1.716014413394974236e-01
7.249999999999889866e+00 3.784278027723620430e-01 1.716014413394974236e-01
7.259999999999889653e+00 3.779533713013356055e-01 1.713191801028451089e-01
7.259999999999889653e+00 3.779533713013356055e-01 1.713191801028451089e-01
7.269999999999889440e+00 3.774384056257254483e-01 1.710241476066151900e-01
7.269999999999889440e+00 3.774384056257254483e-01 1.710241476066151900e-01
7.279999999999889226e+00 3.768833064045246650e-01 1.707164411425204364e-01
7.279999999999889226e+00 3.768833064045246650e-01 1.707164411425204364e-01
7.289999999999889013e+00 3.762880733541804634e-01 1.703960982226103149e-01
7.289999999999889013e+00 3.762880733541804634e-01 1.703960982226103149e-01
7.299999999999888800e+00 3.756531279423374614e-01 1.700632183799556385e-01
7.299999999999888800e+00 3.756531279423374614e-01 1.700632183799556385e-01
7.309999999999888587e+00 3.749787081976972969e-01 1.697178770618074095e-01
7.309999999999888587e+00 3.749787081976972969e-01 1.697178770618074095e-01
7.319999999999888374e+00 3.742648038224812290e-01 1.693601115785707267e-01
7.319999999999888374e+00 3.742648038224812290e-01 1.693601115785707267e-01
7.329999999999888161e+00 3.735118705285901952e-01 1.689900244332520340e-01
7.329999999999888161e+00 3.735118705285901952e-01 1.689900244332520340e-01
7.339999999999887947e+00 3.727201716848687063e-01 1.686076939699497346e-01
7.339999999999887947e+00 3.727201716848687063e-01 1.686076939699497346e-01
7.349999999999887734e+00 3.718897073740322079e-01 1.682131599860629545e-01
7.349999999999887734e+00 3.718897073740322079e-01 1.682131599860629545e-01
7.359999999999887521e+00 3.710209688860071076e-01 1.678065281645341189e-01
7.359999999999887521e+00 3.710209688860071076e-01 1.678065281645341189e-01
7.369999999999887308e+00 3.701139901555803302e-01 1.673878437824266319e-01
7.369999999999887308e+00 3.701139901555803302e-01 1.673878437824266319e-01
7.379999999999887095e+00 3.691692817043640829e-01 1.669572145748517145e-01
7.379999999999887095e+00 3.691692817043640829e-01 1.669572145748517145e-01
7.389999999999886882e+00 3.681871447296473088e-01 1.665147236723374113e-01
7.389999999999886882e+00 3.681871447296473088e-01 1.665147236723374113e-01
7.399999999999886668e+00 3.671675967802509044e-01 1.660604155989011399e-01
7.399999999999886668e+00 3.671675967802509044e-01 1.660604155989011399e-01
7.409999999999886455e+00 3.661111793893881416e-01 1.655944006648366329e-01
7.409999999999886455e+00 3.661111793893881416e-01 1.655944006648366329e-01
7.419999999999886242e+00 3.650179441286676152e-01 1.651167286196442985e-01
7.419999999999886242e+00 3.650179441286676152e-01 1.651167286196442985e-01
7.429999999999886029e+00 3.638884506608976444e-01 1.646275116928078430e-01
7.429999999999886029e+00 3.638884506608976444e-01 1.646275116928078430e-01
7.439999999999885816e+00 3.627227584571140473e-01 1.641268018172604704e-01
7.439999999999885816e+00 3.627227584571140473e-01 1.641268018172604704e-01
7.449999999999885603e+00 3.615214420623991676e-01 1.636147127280301039e-01
7.449999999999885603e+00 3.615214420623991676e-01 1.636147127280301039e-01
7.459999999999885389e+00 3.602848482462976398e-01 1.630913334919776581e-01
7.459999999999885389e+00 3.602848482462976398e-01 1.630913334919776581e-01
7.469999999999885176e+00 3.590130149306953733e-01 1.625567147770653476e-01
7.469999999999885176e+00 3.590130149306953733e-01 1.625567147770653476e-01
7.479999999999884963e+00 3.577065446771823809e-01 1.620109724946791063e-01
7.479999999999884963e+00 3.577065446771823809e-01 1.620109724946791063e-01
7.489999999999884750e+00 3.563655093828909659e-01 1.614541621835736684e-01
7.489999999999884750e+00 3.563655093828909659e-01 1.614541621835736684e-01
7.499999999999884537e+00 3.549905280386772000e-01 1.608864014835564293e-01
7.499999999999884537e+00 3.549905280386772000e-01 1.608864014835564293e-01
7.509999999999884324e+00 3.535816782908773881e-01 1.603077477920742122e-01
7.509999999999884324e+00 3.535816782908773881e-01 1.603077477920742122e-01
7.519999999999884110e+00 3.521395919545012854e-01 1.597183200688359617e-01
7.519999999999884110e+00 3.521395919545012854e-01 1.597183200688359617e-01
7.529999999999883897e+00 3.506646540488408403e-01 1.591182124268701037e-01
7.529999999999883897e+00 3.506646540488408403e-01 1.591182124268701037e-01
7.539999999999883684e+00 3.491569154144255061e-01 1.585074806082643339e-01
7.539999999999883684e+00 3.491569154144255061e-01 1.585074806082643339e-01
7.549999999999883471e+00 3.476170322235271892e-01 1.578862453947507682e-01
7.549999999999883471e+00 3.476170322235271892e-01 1.578862453947507682e-01
7.559999999999883258e+00 3.460450890722893136e-01 1.572545671301050219e-01
7.559999999999883258e+00 3.460450890722893136e-01 1.572545671301050219e-01
7.569999999999883045e+00 3.444417564828671785e-01 1.566125681567911154e-01
7.569999999999883045e+00 3.444417564828671785e-01 1.566125681567911154e-01
7.579999999999882832e+00 3.428071225042395032e-01 1.559603104181769007e-01
7.579999999999882832e+00 3.428071225042395032e-01 1.559603104181769007e-01
7.589999999999882618e+00 3.411418680875537568e-01 1.552979174101088156e-01
7.589999999999882618e+00 3.411418680875537568e-01 1.552979174101088156e-01
7.599999999999882405e+00 3.394460838649280277e-01 1.546254525351866971e-01
7.599999999999882405e+00 3.394460838649280277e-01 1.546254525351866971e-01
7.609999999999882192e+00 3.377204606719559910e-01 1.539430403710765338e-01
7.609999999999882192e+00 3.377204606719559910e-01 1.539430403710765338e-01
7.619999999999881979e+00 3.359654197312225699e-01 1.532507804815291252e-01
7.619999999999881979e+00 3.359654197312225699e-01 1.532507804815291252e-01
7.629999999999881766e+00 3.341810185650688769e-01 1.525487341934285423e-01
7.629999999999881766e+00 3.341810185650688769e-01 1.525487341934285423e-01
7.639999999999881553e+00 3.323679672519441741e-01 1.518370274664155029e-01
7.639999999999881553e+00 3.323679672519441741e-01 1.518370274664155029e-01
7.649999999999881339e+00 3.305263567240261935e-01 1.511157259352922388e-01
7.649999999999881339e+00 3.305263567240261935e-01 1.511157259352922388e-01
7.659999999999881126e+00 3.286569085284348213e-01 1.503849569163169253e-01
7.659999999999881126e+00 3.286569085284348213e-01 1.503849569163169253e-01
7.669999999999880913e+00 3.267597142925967035e-01 1.496447873708753873e-01
7.669999999999880913e+00 3.267597142925967035e-01 1.496447873708753873e-01
7.679999999999880700e+00 3.248355027546324658e-01 1.488953455696233885e-01
7.679999999999880700e+00 3.248355027546324658e-01 1.488953455696233885e-01
7.689999999999880487e+00 3.228843653880105191e-01 1.481366996817140291e-01
7.689999999999880487e+00 3.228843653880105191e-01 1.481366996817140291e-01
7.699999999999880274e+00 3.209070375201419911e-01 1.473689788670068945e-01
7.699999999999880274e+00 3.209070375201419911e-01 1.473689788670068945e-01
7.709999999999880060e+00 3.189036100441891564e-01 1.465922524317099240e-01
7.709999999999880060e+00 3.189036100441891564e-01 1.465922524317099240e-01
7.719999999999879847e+00 3.168748242883548949e-01 1.458066503701431760e-01
7.719999999999879847e+00 3.168748242883548949e-01 1.458066503701431760e-01
7.729999999999879634e+00 3.148211264079243121e-01 1.450122775327360725e-01
7.729999999999879634e+00 3.148211264079243121e-01 1.450122775327360725e-01
7.739999999999879421e+00 3.127425675070363287e-01 1.442092008007922754e-01
7.739999999999879421e+00 3.127425675070363287e-01 1.442092008007922754e-01
7.749999999999879208e+00 3.106399014354951915e-01 1.433975510760532868e-01
7.749999999999879208e+00 3.106399014354951915e-01 1.433975510760532868e-01
7.759999999999878995e+00 3.085132124596110526e-01 1.425773992992325212e-01
7.759999999999878995e+00 3.085132124596110526e-01 1.425773992992325212e-01
7.769999999999878781e+00 3.063632621346554785e-01 1.417488775215151597e-01
7.769999999999878781e+00 3.063632621346554785e-01 1.417488775215151597e-01
7.779999999999878568e+00 3.041901326009279760e-01 1.409120577938200169e-01
7.779999999999878568e+00 3.041901326009279760e-01 1.409120577938200169e-01
7.789999999999878355e+00 3.019945884922657364e-01 1.400670729241223211e-01
7.789999999999878355e+00 3.019945884922657364e-01 1.400670729241223211e-01
7.799999999999878142e+00 2.997767090771065179e-01 1.392139959807879301e-01
7.799999999999878142e+00 2.997767090771065179e-01 1.392139959807879301e-01
7.809999999999877929e+00 2.975372614455474851e-01 1.383529604738621965e-01
7.809999999999877929e+00 2.975372614455474851e-01 1.383529604738621965e-01
7.819999999999877716e+00 2.952763217215361724e-01 1.374840404446494579e-01
7.819999999999877716e+00 2.952763217215361724e-01 1.374840404446494579e-01
7.829999999999877502e+00 2.929946588564157905e-01 1.366073700617317366e-01
7.829999999999877502e+00 2.929946588564157905e-01 1.366073700617317366e-01
7.839999999999877289e+00 2.906927242462063465e-01 1.357230583474923757e-01
7.839999999999877289e+00 2.906927242462063465e-01 1.357230583474923757e-01
7.849999999999877076e+00 2.883705491635193963e-01 1.348311767904308012e-01
7.849999999999877076e+00 2.883705491635193963e-01 1.348311767904308012e-01
7.859999999999876863e+00 2.860289081043457249e-01 1.339318601024501176e-01
7.859999999999876863e+00 2.860289081043457249e-01 1.339318601024501176e-01
7.869999999999876650e+00 2.836678656594821546e-01 1.330251837239480595e-01
7.869999999999876650e+00 2.836678656594821546e-01 1.330251837239480595e-01
7.879999999999876437e+00 2.812882001299877310e-01 1.321112833829956590e-01
7.879999999999876437e+00 2.812882001299877310e-01 1.321112833829956590e-01
7.889999999999876223e+00 2.788899720275757610e-01 1.311902355666486886e-01
7.889999999999876223e+00 2.788899720275757610e-01 1.311902355666486886e-01
7.899999999999876010e+00 2.764739585918850051e-01 1.302621766404301329e-01
7.899999999999876010e+00 2.764739585918850051e-01 1.302621766404301329e-01
7.909999999999875797e+00 2.740402156797697719e-01 1.293271840716151699e-01
7.909999999999875797e+00 2.740402156797697719e-01 1.293271840716151699e-01
7.919999999999875584e+00 2.715895188835293350e-01 1.283853948226955644e-01
7.919999999999875584e+00 2.715895188835293350e-01 1.283853948226955644e-01
7.929999999999875371e+00 2.691223112140408991e-01 1.274369208729365932e-01
7.929999999999875371e+00 2.691223112140408991e-01 1.274369208729365932e-01
7.939999999999875158e+00 2.666386010150448849e-01 1.264818372399598434e-01
7.939999999999875158e+00 2.666386010150448849e-01 1.264818372399598434e-01
7.949999999999874944e+00 2.641391636844828694e-01 1.255202812578704308e-01
7.949999999999874944e+00 2.641391636844828694e-01 1.255202812578704308e-01
7.959999999999874731e+00 2.616240413091974748e-01 1.245523319302013071e-01
7.959999999999874731e+00 2.616240413091974748e-01 1.245523319302013071e-01
7.969999999999874518e+00 2.590940098722120943e-01 1.235781275832019549e-01
7.969999999999874518e+00 2.590940098722120943e-01 1.235781275832019549e-01
7.979999999999874305e+00 2.565495046895642783e-01 1.225977816722158970e-01
7.979999999999874305e+00 2.565495046895642783e-01 1.225977816722158970e-01
7.989999999999874092e+00 2.539905194783966813e-01 1.216113710093455619e-01
7.989999999999874092e+00 2.539905194783966813e-01 1.216113710093455619e-01
7.999999999999873879e+00 2.514178264794155737e-01 1.206190343259036096e-01
7.999999999999873879e+00 2.514178264794155737e-01 1.206190343259036096e-01
8.009999999999873666e+00 2.488318557612367310e-01 1.196208858127537356e-01
8.009999999999873666e+00 2.488318557612367310e-01 1.196208858127537356e-01
8.019999999999873452e+00 2.462325915767955009e-01 1.186170031816509707e-01
8.019999999999873452e+00 2.462325915767955009e-01 1.186170031816509707e-01
8.029999999999873239e+00 2.436208044854352717e-01 1.176075260083724039e-01
8.029999999999873239e+00 2.436208044854352717e-01 1.176075260083724039e-01
8.039999999999873026e+00 2.409969182747339067e-01 1.165925694161235315e-01
8.039999999999873026e+00 2.409969182747339067e-01 1.165925694161235315e-01
8.049999999999872813e+00 2.383609075941508226e-01 1.155722122563072746e-01
8.049999999999872813e+00 2.383609075941508226e-01 1.155722122563072746e-01
8.059999999999872600e+00 2.357135390193649538e-01 1.145465950518464865e-01
8.059999999999872600e+00 2.357135390193649538e-01 1.145465950518464865e-01
8.069999999999872387e+00 2.330552287497432429e-01 1.135158340159287127e-01
8.069999999999872387e+00 2.330552287497432429e-01 1.135158340159287127e-01
8.079999999999872173e+00 2.303859419086678462e-01 1.124800093798012240e-01
8.079999999999872173e+00 2.303859419086678462e-01 1.124800093798012240e-01
8.089999999999871960e+00 2.277064389874565720e-01 1.114392627223710491e-01
8.089999999999871960e+00 2.277064389874565720e-01 1.114392627223710491e-01
8.099999999999871747e+00 2.250171275137133331e-01 1.103937115151714665e-01
8.099999999999871747e+00 2.250171275137133331e-01 1.103937115151714665e-01
8.109999999999871534e+00 2.223183735573295572e-01 1.093434704103585925e-01
8.109999999999871534e+00 2.223183735573295572e-01 1.093434704103585925e-01
8.119999999999871321e+00 2.196105377971431516e-01 1.082886537867109866e-01
8.119999999999871321e+00 2.196105377971431516e-01 1.082886537867109866e-01
8.129999999999871108e+00 2.168935652640466283e-01 1.072293431474364150e-01
8.129999999999871108e+00 2.168935652640466283e-01 1.072293431474364150e-01
8.139999999999870894e+00 2.141682105795057189e-01 1.061656817106847311e-01
8.139999999999870894e+00 2.141682105795057189e-01 1.061656817106847311e-01
8.149999999999870681e+00 2.114348690646729867e-01 1.050977889046668529e-01
8.149999999999870681e+00 2.114348690646729867e-01 1.050977889046668529e-01
8.159999999999870468e+00 2.086938932859196127e-01 1.040257815401801345e-01
8.159999999999870468e+00 2.086938932859196127e-01 1.040257815401801345e-01
8.169999999999870255e+00 2.059456297067675801e-01 1.029497763431138913e-01
8.169999999999870255e+00 2.059456297067675801e-01 1.029497763431138913e-01
8.179999999999870042e+00 2.031904226823284809e-01 1.018698903167836178e-01
8.179999999999870042e+00 2.031904226823284809e-01 1.018698903167836178e-01
8.189999999999869829e+00 2.004286146689458203e-01 1.007862408501674356e-01
8.189999999999869829e+00 2.004286146689458203e-01 1.007862408501674356e-01
8.199999999999869615e+00 1.976605460174664097e-01 9.969894579532558032e-02
8.199999999999869615e+00 1.976605460174664097e-01 9.969894579532558032e-02
8.209999999999869402e+00 1.948865547411533228e-01 9.860812354042207406e-02
8.209999999999869402e+00 1.948865547411533228e-01 9.860812354042207406e-02
8.219999999999869189e+00 1.921069763019677412e-01 9.751389308190924754e-02
8.219999999999869189e+00 1.921069763019677412e-01 9.751389308190924754e-02
8.229999999999868976e+00 1.893221434186179442e-01 9.641637409674379267e-02
8.229999999999868976e+00 1.893221434186179442e-01 9.641637409674379267e-02
8.239999999999868763e+00 1.865323858951900005e-01 9.531568701520420905e-02
8.239999999999868763e+00 1.865323858951900005e-01 9.531568701520420905e-02
8.249999999999868550e+00 1.837380304687924459e-01 9.421195309483675062e-02
8.249999999999868550e+00 1.837380304687924459e-01 9.421195309483675062e-02
8.259999999999868336e+00 1.809394006747051253e-01 9.310529449605588204e-02
8.259999999999868336e+00 1.809394006747051253e-01 9.310529449605588204e-02
8.269999999999868123e+00 1.781368167276628500e-01 9.199583435993073655e-02
8.269999999999868123e+00 1.781368167276628500e-01 9.199583435993073655e-02
8.279999999999867910e+00 1.753310126212256903e-01 9.088372919589644827e-02
8.279999999999867910e+00 1.753310126212256903e-01 9.088372919589644827e-02
8.289999999999867697e+00 1.725218924748358473e-01 8.976907606917872151e-02
8.289999999999867697e+00 1.725218924748358473e-01 8.976907606917872151e-02
8.299999999999867484e+00 1.697097272096083631e-01 8.865199683324143098e-02
8.299999999999867484e+00 1.697097272096083631e-01 8.865199683324143098e-02
8.309999999999867271e+00 1.668952431766714262e-01 8.753264980002026241e-02
8.309999999999867271e+00 1.668952431766714262e-01 8.753264980002026241e-02
8.319999999999867057e+00 1.640783379466387026e-01 8.641113470623980330e-02
8.319999999999867057e+00 1.640783379466387026e-01 8.641113470623980330e-02
8.329999999999866844e+00 1.612596955894688433e-01 8.528760872533086568e-02
8.329999999999866844e+00 1.612596955894688433e-01 8.528760872533086568e-02
8.339999999999866631e+00 1.584392061450758116e-01 8.416217319885602177e-02
8.339999999999866631e+00 1.584392061450758116e-01 8.416217319885602177e-02
8.349999999999866418e+00 1.556175510412647900e-01 8.303498745269696779e-02
8.349999999999866418e+00 1.556175510412647900e-01 8.303498745269696779e-02
8.359999999999866205e+00 1.527950353735072764e-01 8.190618779584878106e-02
8.359999999999866205e+00 1.527950353735072764e-01 8.190618779584878106e-02
8.369999999999865992e+00 1.499715036719923011e-01 8.077587607866697217e-02
8.369999999999865992e+00 1.499715036719923011e-01 8.077587607866697217e-02
8.379999999999865778e+00 1.471476317601836392e-01 7.964421512733287079e-02
8.379999999999865778e+00 1.471476317601836392e-01 7.964421512733287079e-02
8.389999999999865565e+00 1.443237193557460607e-01 7.851134569819830100e-02
8.389999999999865565e+00 1.443237193557460607e-01 7.851134569819830100e-02
8.399999999999865352e+00 1.415000242765141469e-01 7.737740712168940382e-02
8.399999999999865352e+00 1.415000242765141469e-01 7.737740712168940382e-02
8.409999999999865139e+00 1.386768002291519086e-01 7.624253993841913213e-02
8.409999999999865139e+00 1.386768002291519086e-01 7.624253993841913213e-02
8.419999999999864926e+00 1.358543005892703104e-01 7.510688647412697150e-02
8.419999999999864926e+00 1.358543005892703104e-01 7.510688647412697150e-02
8.429999999999864713e+00 1.330331971624085785e-01 7.397062352946082164e-02
8.429999999999864713e+00 1.330331971624085785e-01 7.397062352946082164e-02
8.439999999999864500e+00 1.302133205155147910e-01 7.283386979916775528e-02
8.439999999999864500e+00 1.302133205155147910e-01 7.283386979916775528e-02
8.449999999999864286e+00 1.273948834627293414e-01 7.169676989544505885e-02
8.449999999999864286e+00 1.273948834627293414e-01 7.169676989544505885e-02
8.459999999999864073e+00 1.245785576353704294e-01 7.055950671527319584e-02
8.459999999999864073e+00 1.245785576353704294e-01 7.055950671527319584e-02
8.469999999999863860e+00 1.217645931959832617e-01 6.942223904004135582e-02
8.469999999999863860e+00 1.217645931959832617e-01 6.942223904004135582e-02
8.479999999999863647e+00 1.189527778357143128e-01 6.828509194625630163e-02
8.479999999999863647e+00 1.189527778357143128e-01 6.828509194625630163e-02
8.489999999999863434e+00 1.161437453872072867e-01 6.714825329870191539e-02
8.489999999999863434e+00 1.161437453872072867e-01 6.714825329870191539e-02
8.499999999999863221e+00 1.133377447411056116e-01 6.601189085089181896e-02
8.499999999999863221e+00 1.133377447411056116e-01 6.601189085089181896e-02
8.509999999999863007e+00 1.105349850471998435e-01 6.487617304573521648e-02
8.509999999999863007e+00 1.105349850471998435e-01 6.487617304573521648e-02
8.519999999999862794e+00 1.077360936690193310e-01 6.374130459549713634e-02
8.519999999999862794e+00 1.077360936690193310e-01 6.374130459549713634e-02
8.529999999999862581e+00 1.049408481456592102e-01 6.260743366589002767e-02
8.529999999999862581e+00 1.049408481456592102e-01 6.260743366589002767e-02
8.539999999999862368e+00 1.021498425110850539e-01 6.147476947088083982e-02
8.539999999999862368e+00 1.021498425110850539e-01 6.147476947088083982e-02
8.549999999999862155e+00 9.936327998858883459e-02 6.034350158727586066e-02
8.549999999999862155e+00 9.936327998858883459e-02 6.034350158727586066e-02
8.559999999999861942e+00 9.658132842610997471e-02 5.921382131937442256e-02
8.559999999999861942e+00 9.658132842610997471e-02 5.921382131937442256e-02
8.569999999999861728e+00 9.380415876302178324e-02 5.808592498325619580e-02
8.569999999999861728e+00 9.380415876302178324e-02 5.808592498325619580e-02
8.579999999999861515e+00 9.103194807328987559e-02 5.696001520439356730e-02
8.579999999999861515e+00 9.103194807328987559e-02 5.696001520439356730e-02
8.589999999999861302e+00 8.826487876753007222e-02 5.583630203701053785e-02
8.589999999999861302e+00 8.826487876753007222e-02 5.583630203701053785e-02
8.599999999999861089e+00 8.550356028440549150e-02 5.471503730340900040e-02
8.599999999999861089e+00 8.550356028440549150e-02 5.471503730340900040e-02
8.609999999999860876e+00 8.274815995270352886e-02 5.359645381876472492e-02
8.609999999999860876e+00 8.274815995270352886e-02 5.359645381876472492e-02
8.619999999999860663e+00 7.999880840509870916e-02 5.248078961998404318e-02
8.619999999999860663e+00 7.999880840509870916e-02 5.248078961998404318e-02
8.629999999999860449e+00 7.725607068615240880e-02 5.136832544878618123e-02
8.629999999999860449e+00 7.725607068615240880e-02 5.136832544878618123e-02
8.639999999999860236e+00 7.451965380984000575e-02 5.025928867710362929e-02
8.639999999999860236e+00 7.451965380984000575e-02 5.025928867710362929e-02
8.649999999999860023e+00 7.178838229363330992e-02 4.915385324776531256e-02
8.649999999999860023e+00 7.178838229363330992e-02 4.915385324776531256e-02
8.659999999999859810e+00 6.906255719010703786e-02 4.805227952879054937e-02
8.659999999999859810e+00 6.906255719010703786e-02 4.805227952879054937e-02
8.669999999999859597e+00 6.634224037783485739e-02 4.695485303633306629e-02
8.669999999999859597e+00 6.634224037783485739e-02 4.695485303633306629e-02
8.679999999999859384e+00 6.362814343439338050e-02 4.586196400728988903e-02
8.679999999999859384e+00 6.362814343439338050e-02 4.586196400728988903e-02
8.689999999999859170e+00 6.092011319780246681e-02 4.477395594138525170e-02
8.689999999999859170e+00 6.092011319780246681e-02 4.477395594138525170e-02
8.699999999999858957e+00 5.821848139837648706e-02 4.369123821690497345e-02
8.699999999999858957e+00 5.821848139837648706e-02 4.369123821690497345e-02
8.709999999999858744e+00 5.552359225905120071e-02 4.261426270333779076e-02
8.709999999999858744e+00 5.552359225905120071e-02 4.261426270333779076e-02
8.719999999999858531e+00 5.283627209198074604e-02 4.154352281838918221e-02
8.719999999999858531e+00 5.283627209198074604e-02 4.154352281838918221e-02
8.729999999999858318e+00 5.015659667898575425e-02 4.047954540170055349e-02
8.729999999999858318e+00 5.015659667898575425e-02 4.047954540170055349e-02
8.739999999999858105e+00 4.748477860854334598e-02 3.942291517922662941e-02
8.739999999999858105e+00 4.748477860854334598e-02 3.942291517922662941e-02
8.749999999999857891e+00 4.482102068437567727e-02 3.837427119292703692e-02
8.749999999999857891e+00 4.482102068437567727e-02 3.837427119292703692e-02
8.759999999999857678e+00 4.216550349366796763e-02 3.733431090124379043e-02
8.759999999999857678e+00 4.216550349366796763e-02 3.733431090124379043e-02
8.769999999999857465e+00 3.951838719525192084e-02 3.630379578911703542e-02
8.769999999999857465e+00 3.951838719525192084e-02 3.630379578911703542e-02
8.779999999999857252e+00 3.687981456328949526e-02 3.528355787642748626e-02
8.779999999999857252e+00 3.687981456328949526e-02 3.528355787642748626e-02
8.789999999999857039e+00 3.425006887356404905e-02 3.427455293613575205e-02
8.789999999999857039e+00 3.425006887356404905e-02 3.427455293613575205e-02
8.799999999999856826e+00 3.162866925841421872e-02 3.327773976351765250e-02
8.799999999999856826e+00 3.162866925841421872e-02 3.327773976351765250e-02
8.809999999999856612e+00 2.901570958673996628e-02 3.229420190244490507e-02
8.809999999999856612e+00 2.901570958673996628e-02 3.229420190244490507e-02
8.819999999999856399e+00 2.641133862739429572e-02 3.132513214256506945e-02
8.819999999999856399e+00 2.641133862739429572e-02 3.132513214256506945e-02
8.829999999999856186e+00 2.381570689500860788e-02 3.037184102583655870e-02
8.829999999999856186e+00 2.381570689500860788e-02 3.037184102583655870e-02
8.839999999999855973e+00 2.122896500697650166e-02 2.943576877989990612e-02
8.839999999999855973e+00 2.122896500697650166e-02 2.943576877989990612e-02
8.849999999999855760e+00 1.865168789891508486e-02 2.851848476894612572e-02
8.849999999999855760e+00 1.865168789891508486e-02 2.851848476894612572e-02
8.859999999999855547e+00 1.608405038559424308e-02 2.762172882123302073e-02
8.859999999999855547e+00 1.608405038559424308e-02 2.762172882123302073e-02
8.869999999999855333e+00 1.352621825535742228e-02 2.674740923567544421e-02
8.869999999999855333e+00 1.352621825535742228e-02 2.674740923567544421e-02
8.879999999999855120e+00 1.097844424635924417e-02 2.589761827821409484e-02
8.879999999999855120e+00 1.097844424635924417e-02 2.589761827821409484e-02
8.889999999999854907e+00 8.441321504332501002e-03 2.507467244992676522e-02
8.889999999999854907e+00 8.441321504332501002e-03 2.507467244992676522e-02
8.899999999999854694e+00 5.915531908831582822e-03 2.428103216649384402e-02
8.899999999999854694e+00 5.915531908831582822e-03 2.428103216649384402e-02
8.909999999999854481e+00 3.406231125757069704e-03 2.351938233815095008e-02
8.909999999999854481e+00 3.406231125757069704e-03 2.351938233815095008e-02
8.919999999999854268e+00 9.679457697232931365e-04 2.279264880372172675e-02
8.919999999999854268e+00 9.679457697232931365e-04 2.279264880372172675e-02
8.929999999999854055e+00 1.687538781937360059e-03 2.210396941754639091e-02
8.929999999999854055e+00 1.687538781937360059e-03 2.210396941754639091e-02
8.939999999999853841e+00 4.145668675685654052e-03 2.145662539378446684e-02
8.939999999999853841e+00 4.145668675685654052e-03 2.145662539378446684e-02
8.949999999999853628e+00 6.618687311399944727e-03 2.085408618847098619e-02
8.949999999999853628e+00 6.618687311399944727e-03 2.085408618847098619e-02
8.959999999999853415e+00 9.086611879367005942e-03 2.029989211828947190e-02
8.959999999999853415e+00 9.086611879367005942e-03 2.029989211828947190e-02
8.969999999999853202e+00 1.154619260514471585e-02 1.979769502387845187e-02
8.969999999999853202e+00 1.154619260514471585e-02 1.979769502387845187e-02
8.979999999999852989e+00 1.399665246615065806e-02 1.935106331248338113e-02
8.979999999999852989e+00 1.399665246615065806e-02 1.935106331248338113e-02
8.989999999999852776e+00 1.643769330321822805e-02 1.896340894636693031e-02
8.989999999999852776e+00 1.643769330321822805e-02 1.896340894636693031e-02
8.999999999999852562e+00 1.886840960652463178e-02 1.863789797599964618e-02
8.999999999999852562e+00 1.886840960652463178e-02 1.863789797599964618e-02
9.009999999999852349e+00 2.128879097827459169e-02 1.837727708351022393e-02
9.009999999999852349e+00 2.128879097827459169e-02 1.837727708351022393e-02
9.019999999999852136e+00 2.369893376611592953e-02 1.818373364043596174e-02
9.019999999999852136e+00 2.369893376611592953e-02 1.818373364043596174e-02
9.029999999999851923e+00 2.609878282407299133e-02 1.805879959331969584e-02
9.029999999999851923e+00 2.609878282407299133e-02 1.805879959331969584e-02
9.039999999999851710e+00 2.848827148687755120e-02 1.800325453776160933e-02
9.039999999999851710e+00 2.848827148687755120e-02 1.800325453776160933e-02
9.049999999999851497e+00 3.086733333970687401e-02 1.801707012553971712e-02
9.049999999999851497e+00 3.086733333970687401e-02 1.801707012553971712e-02
9.059999999999851283e+00 3.323590169369117914e-02 1.809939935171581485e-02
9.059999999999851283e+00 3.323590169369117914e-02 1.809939935171581485e-02
9.069999999999851070e+00 3.559394330116048139e-02 1.824863455203459828e-02
9.069999999999851070e+00 3.559394330116048139e-02 1.824863455203459828e-02
9.079999999999850857e+00 3.794074706893520166e-02 1.846245206474298253e-02
9.079999999999850857e+00 3.794074706893520166e-02 1.846245206474298253e-02
9.089999999999850644e+00 4.027614420336629586e-02 1.873792249669994914e-02
9.089999999999850644e+00 4.027614420336629586e-02 1.873792249669994914e-02
9.099999999999850431e+00 4.260002311748433551e-02 1.907165009408232081e-02
9.099999999999850431e+00 4.260002311748433551e-02 1.907165009408232081e-02
9.109999999999850218e+00 4.491227738110841611e-02 1.945991125087971965e-02
9.109999999999850218e+00 4.491227738110841611e-02 1.945991125087971965e-02
9.119999999999850004e+00 4.721280015497790472e-02 1.989878778758160868e-02
9.119999999999850004e+00 4.721280015497790472e-02 1.989878778758160868e-02
9.129999999999849791e+00 4.950148363994968242e-02 2.038428682588601382e-02
9.129999999999849791e+00 4.950148363994968242e-02 2.038428682588601382e-02
9.139999999999849578e+00 5.177821908354798136e-02 2.091244183190837935e-02
9.139999999999849578e+00 5.177821908354798136e-02 2.091244183190837935e-02
9.149999999999849365e+00 5.404289685794158582e-02 2.147939252150934952e-02
9.149999999999849365e+00 5.404289685794158582e-02 2.147939252150934952e-02
9.159999999999849152e+00 5.629540655192633719e-02 2.208144384749865033e-02
9.159999999999849152e+00 5.629540655192633719e-02 2.208144384749865033e-02
9.169999999999848939e+00 5.853575536375248828e-02 2.271509449729601504e-02
9.169999999999848939e+00 5.853575536375248828e-02 2.271509449729601504e-02
9.179999999999848725e+00 6.076428241858857632e-02 2.337708465477982001e-02
9.179999999999848725e+00 6.076428241858857632e-02 2.337708465477982001e-02
9.189999999999848512e+00 6.298094353434752213e-02 2.406439270885042669e-02
9.189999999999848512e+00 6.298094353434752213e-02 2.406439270885042669e-02
9.199999999999848299e+00 6.518565047159595449e-02 2.477423777502581539e-02
9.199999999999848299e+00 6.518565047159595449e-02 2.477423777502581539e-02
9.209999999999848086e+00 6.737830749660615737e-02 2.550407405756818791e-02
9.209999999999848086e+00 6.737830749660615737e-02 2.550407405756818791e-02
9.219999999999847873e+00 6.955881558702936562e-02 2.625158021149495008e-02
9.219999999999847873e+00 6.955881558702936562e-02 2.625158021149495008e-02
9.229999999999847660e+00 7.172707315738488520e-02 2.701464566697046876e-02
9.229999999999847660e+00 7.172707315738488520e-02 2.701464566697046876e-02
9.239999999999847446e+00 7.388297638989113625e-02 2.779135532202056669e-02
9.239999999999847446e+00 7.388297638989113625e-02 2.779135532202056669e-02
9.249999999999847233e+00 7.602641950209967914e-02 2.857997361899771924e-02
9.249999999999847233e+00 7.602641950209967914e-02 2.857997361899771924e-02
9.259999999999847020e+00 7.815729498864015801e-02 2.937892871458447699e-02
9.259999999999847020e+00 7.815729498864015801e-02 2.937892871458447699e-02
9.269999999999846807e+00 8.027549384284664302e-02 3.018679721622071627e-02
9.269999999999846807e+00 8.027549384284664302e-02 3.018679721622071627e-02
9.279999999999846594e+00 8.238090576050206837e-02 3.100228977952470405e-02
9.279999999999846594e+00 8.238090576050206837e-02 3.100228977952470405e-02
9.289999999999846381e+00 8.447341932740655424e-02 3.182423773109424592e-02
9.289999999999846381e+00 8.447341932740655424e-02 3.182423773109424592e-02
9.299999999999846167e+00 8.655292219228365169e-02 3.265158078894822569e-02
9.299999999999846167e+00 8.655292219228365169e-02 3.265158078894822569e-02
9.309999999999845954e+00 8.861930122638438101e-02 3.348335588989127115e-02
9.309999999999845954e+00 8.861930122638438101e-02 3.348335588989127115e-02
9.319999999999845741e+00 9.067244267102256283e-02 3.431868709180058846e-02
9.319999999999845741e+00 9.067244267102256283e-02 3.431868709180058846e-02
9.329999999999845528e+00 9.271223227414661372e-02 3.515677649334908450e-02
9.329999999999845528e+00 9.271223227414661372e-02 3.515677649334908450e-02
9.339999999999845315e+00 9.473855541694858884e-02 3.599689609937117840e-02
9.339999999999845315e+00 9.473855541694858884e-02 3.599689609937117840e-02
9.349999999999845102e+00 9.675136456036589894e-02 3.683840512359520813e-02
9.349999999999845102e+00 9.675136456036589894e-02 3.683840512359520813e-02
9.359999999999844889e+00 9.874991835631347081e-02 3.768068313273682801e-02
9.359999999999844889e+00 9.874991835631347081e-02 3.768068313273682801e-02
9.369999999999844675e+00 1.007340291033154839e-01 3.852317107415152708e-02
9.369999999999844675e+00 1.007340291033154839e-01 3.852317107415152708e-02
9.379999999999844462e+00 1.027035700357541020e-01 3.936535630185481610e-02
9.379999999999844462e+00 1.027035700357541020e-01 3.936535630185481610e-02
9.389999999999844249e+00 1.046584229280110856e-01 4.020676692622580928e-02
9.389999999999844249e+00 1.046584229280110856e-01 4.020676692622580928e-02
9.399999999999844036e+00 1.065984724166671588e-01 4.104696762295427515e-02
9.399999999999844036e+00 1.065984724166671588e-01 4.104696762295427515e-02
9.409999999999843823e+00 1.085236052908463006e-01 4.188555599897632320e-02
9.409999999999843823e+00 1.085236052908463006e-01 4.188555599897632320e-02
9.419999999999843610e+00 1.104337103223582417e-01 4.272215937194820401e-02
9.419999999999843610e+00 1.104337103223582417e-01 4.272215937194820401e-02
9.429999999999843396e+00 1.123286781647648558e-01 4.355643190678563925e-02
9.429999999999843396e+00 1.123286781647648558e-01 4.355643190678563925e-02
9.439999999999843183e+00 1.142084012701479329e-01 4.438805206680316445e-02
9.439999999999843183e+00 1.142084012701479329e-01 4.438805206680316445e-02
9.449999999999842970e+00 1.160727738169557710e-01 4.521672034272276874e-02
9.449999999999842970e+00 1.160727738169557710e-01 4.521672034272276874e-02
9.459999999999842757e+00 1.179216916471647059e-01 4.604215722720254866e-02
9.459999999999842757e+00 1.179216916471647059e-01 4.604215722720254866e-02
9.469999999999842544e+00 1.197550522116264116e-01 4.686410140640343003e-02
9.469999999999842544e+00 1.197550522116264116e-01 4.686410140640343003e-02
9.479999999999842331e+00 1.215727545226502754e-01 4.768230814351372832e-02
9.479999999999842331e+00 1.215727545226502754e-01 4.768230814351372832e-02
9.489999999999842117e+00 1.233746991129649195e-01 4.849654783217204751e-02
9.489999999999842117e+00 1.233746991129649195e-01 4.849654783217204751e-02
9.499999999999841904e+00 1.251607880003221540e-01 4.930660470038791821e-02
9.499999999999841904e+00 1.251607880003221540e-01 4.930660470038791821e-02
9.509999999999841691e+00 1.269309246570732297e-01 5.011227564790366601e-02
9.509999999999841691e+00 1.269309246570732297e-01 5.011227564790366601e-02
9.519999999999841478e+00 1.286850139841342611e-01 5.091336920198426957e-02
9.519999999999841478e+00 1.286850139841342611e-01 5.091336920198426957e-02
9.529999999999841265e+00 1.304229622888115891e-01 5.170970457843060419e-02
9.529999999999841265e+00 1.304229622888115891e-01 5.170970457843060419e-02
9.539999999999841052e+00 1.321446772660411495e-01 5.250111083619624780e-02
9.539999999999841052e+00 1.321446772660411495e-01 5.250111083619624780e-02
9.549999999999840838e+00 1.338500679826200856e-01 5.328742611534965923e-02
9.549999999999840838e+00 1.338500679826200856e-01 5.328742611534965923e-02
9.559999999999840625e+00 1.355390448640810264e-01 5.406849694935889072e-02
9.559999999999840625e+00 1.355390448640810264e-01 5.406849694935889072e-02
9.569999999999840412e+00 1.372115196838850915e-01 5.484417764371680298e-02
9.569999999999840412e+00 1.372115196838850915e-01 5.484417764371680298e-02
9.579999999999840199e+00 1.388674055546602615e-01 5.561432971386579688e-02
9.579999999999840199e+00 1.388674055546602615e-01 5.561432971386579688e-02
9.589999999999839986e+00 1.405066169212308702e-01 5.637882137619361356e-02
9.589999999999839986e+00 1.405066169212308702e-01 5.637882137619361356e-02
9.599999999999839773e+00 1.421290695552290262e-01 5.713752708657379720e-02
9.599999999999839773e+00 1.421290695552290262e-01 5.713752708657379720e-02
9.609999999999839559e+00 1.437346805510905934e-01 5.789032712157619193e-02
9.609999999999839559e+00 1.437346805510905934e-01 5.789032712157619193e-02
9.619999999999839346e+00 1.453233683232763862e-01 5.863710719799770238e-02
9.619999999999839346e+00 1.453233683232763862e-01 5.863710719799770238e-02
9.629999999999839133e+00 1.468950526045617877e-01 5.937775812686002519e-02
9.629999999999839133e+00 1.468950526045617877e-01 5.937775812686002519e-02
9.639999999999838920e+00 1.484496544452761913e-01 6.011217549845299102e-02
9.639999999999838920e+00 1.484496544452761913e-01 6.011217549845299102e-02
9.649999999999838707e+00 1.499870962133775243e-01 6.084025939536105015e-02
9.649999999999838707e+00 1.499870962133775243e-01 6.084025939536105015e-02
9.659999999999838494e+00 1.515073015952587698e-01 6.156191413075474961e-02
9.659999999999838494e+00 1.515073015952587698e-01 6.156191413075474961e-02
9.669999999999838280e+00 1.530101955972101302e-01 6.227704800951963660e-02
9.669999999999838280e+00 1.530101955972101302e-01 6.227704800951963660e-02
9.679999999999838067e+00 1.544957045474608937e-01 6.298557311004422676e-02
9.679999999999838067e+00 1.544957045474608937e-01 6.298557311004422676e-02
9.689999999999837854e+00 1.559637560987305327e-01 6.368740508472703343e-02
9.689999999999837854e+00 1.559637560987305327e-01 6.368740508472703343e-02
9.699999999999837641e+00 1.574142792312468453e-01 6.438246297746140490e-02
9.699999999999837641e+00 1.574142792312468453e-01 6.438246297746140490e-02
9.709999999999837428e+00 1.588472042561706599e-01 6.507066905652997280e-02
9.709999999999837428e+00 1.588472042561706599e-01 6.507066905652997280e-02
9.719999999999837215e+00 1.602624628193961565e-01 6.575194866151504169e-02
9.719999999999837215e+00 1.602624628193961565e-01 6.575194866151504169e-02
9.729999999999837001e+00 1.616598008628088445e-01 6.642622596171361693e-02
9.729999999999837001e+00 1.616598008628088445e-01 6.642622596171361693e-02
9.739999999999836788e+00 1.630398595315376009e-01 6.709344333856981368e-02
9.739999999999836788e+00 1.630398595315376009e-01 6.709344333856981368e-02
9.749999999999836575e+00 1.644026560896478251e-01 6.775353099455329320e-02
9.749999999999836575e+00 1.644026560896478251e-01 6.775353099455329320e-02
9.759999999999836362e+00 1.657481401985647085e-01 6.840642081595149637e-02
9.759999999999836362e+00 1.657481401985647085e-01 6.840642081595149637e-02
9.769999999999836149e+00 1.670762525723127889e-01 6.905204766377869008e-02
9.769999999999836149e+00 1.670762525723127889e-01 6.905204766377869008e-02
9.779999999999835936e+00 1.683869315096242492e-01 6.969034936202973818e-02
9.779999999999835936e+00 1.683869315096242492e-01 6.969034936202973818e-02
9.789999999999835723e+00 1.696801139294195349e-01 7.032126656281902088e-02
9.789999999999835723e+00 1.696801139294195349e-01 7.032126656281902088e-02
9.799999999999835509e+00 1.709557357924120780e-01 7.094474261075710275e-02
9.799999999999835509e+00 1.709557357924120780e-01 7.094474261075710275e-02
9.809999999999835296e+00 1.722137324239083056e-01 7.156072341826062722e-02
9.809999999999835296e+00 1.722137324239083056e-01 7.156072341826062722e-02
9.819999999999835083e+00 1.734540387955986473e-01 7.216915735202471260e-02
9.819999999999835083e+00 1.734540387955986473e-01 7.216915735202471260e-02
9.829999999999834870e+00 1.746765897758686681e-01 7.276999512976840834e-02
9.829999999999834870e+00 1.746765897758686681e-01 7.276999512976840834e-02
9.839999999999834657e+00 1.758813203527306857e-01 7.336318972633058821e-02
9.839999999999834657e+00 1.758813203527306857e-01 7.336318972633058821e-02
9.849999999999834444e+00 1.770681658325358732e-01 7.394869628827049901e-02
9.849999999999834444e+00 1.770681658325358732e-01 7.394869628827049901e-02
9.859999999999834230e+00 1.782370620172344933e-01 7.452647205620231696e-02
9.859999999999834230e+00 1.782370620172344933e-01 7.452647205620231696e-02
9.869999999999834017e+00 1.793879453626191223e-01 7.509647629416320302e-02
9.869999999999834017e+00 1.793879453626191223e-01 7.509647629416320302e-02
9.879999999999833804e+00 1.805207531197127180e-01 7.565867022537875464e-02
9.879999999999833804e+00 1.805207531197127180e-01 7.565867022537875464e-02
9.889999999999833591e+00 1.816354234612100604e-01 7.621301697385481078e-02
9.889999999999833591e+00 1.816354234612100604e-01 7.621301697385481078e-02
9.899999999999833378e+00 1.827318955946707624e-01 7.675948151126349428e-02
9.899999999999833378e+00 1.827318955946707624e-01 7.675948151126349428e-02
9.909999999999833165e+00 1.838101098639549902e-01 7.729803060866018150e-02
9.909999999999833165e+00 1.838101098639549902e-01 7.729803060866018150e-02
9.919999999999832951e+00 1.848700078402371605e-01 7.782863279259412403e-02
9.919999999999832951e+00 1.848700078402371605e-01 7.782863279259412403e-02
9.929999999999832738e+00 1.859115324037627637e-01 7.835125830522078616e-02
9.929999999999832738e+00 1.859115324037627637e-01 7.835125830522078616e-02
9.939999999999832525e+00 1.869346278173991405e-01 7.886587906806838411e-02
9.939999999999832525e+00 1.869346278173991405e-01 7.886587906806838411e-02
9.949999999999832312e+00 1.879392397928845992e-01 7.937246864913087563e-02
9.949999999999832312e+00 1.879392397928845992e-01 7.937246864913087563e-02
9.959999999999832099e+00 1.889253155506066262e-01 7.987100223299352375e-02
9.959999999999832099e+00 1.889253155506066262e-01 7.987100223299352375e-02
9.969999999999831886e+00 1.898928038736181212e-01 8.036145659373139516e-02
9.969999999999831886e+00 1.898928038736181212e-01 8.036145659373139516e-02
9.979999999999831672e+00 1.908416551565332575e-01 8.084381007033440703e-02
9.979999999999831672e+00 1.908416551565332575e-01 8.084381007033440703e-02
9.989999999999831459e+00 1.917718214498653206e-01 8.131804254443891766e-02
9.989999999999831459e+00 1.917718214498653206e-01 8.131804254443891766e-02
9.999999999999831246e+00 1.926832565003078479e-01 8.178413542016849114e-02
9.999999999999831246e+00 1.926832565003078479e-01 8.178413542016849114e-02
1.000999999999983103e+01 1.935759157873943037e-01 8.224207160590028820e-02
