# time, joint_angles
0.000000000000000000e+00 -1.429556791395287553e-02 -6.537783253289018992e-01 1.153034897375798451e+00 -2.992567031045308967e-01 8.570443317421733154e-02 1.000001310714817432e-01
0.000000000000000000e+00 -1.429556791395287553e-02 -6.537783253289018992e-01 1.153034897375798451e+00 -2.992567031045308967e-01 8.570443317421733154e-02 1.000001310714817432e-01
1.000000000000000021e-02 -1.429556791395287553e-02 -6.537783253289018992e-01 1.153034897375798451e+00 -2.992567031045308967e-01 8.570443317421733154e-02 1.000001310714817432e-01
1.000000000000000021e-02 -1.429556791395287553e-02 -6.537783253289018992e-01 1.153034897375798451e+00 -2.992567031045308967e-01 8.570443317421733154e-02 1.000001310714817432e-01
2.000000000000000042e-02 -1.429960461328184940e-02 -6.537265679866716139e-01 1.152856254439990291e+00 -2.987951433173492433e-01 8.558977185877704452e-02 9.614169016516871391e-02
2.000000000000000042e-02 -1.429960461328184940e-02 -6.537265679866716139e-01 1.152856254439990291e+00 -2.987951433173492433e-01 8.558977185877704452e-02 9.614169016516871391e-02
2.999999999999999889e-02 -1.430728112284329438e-02 -6.536289727890586265e-01 1.152524754432810772e+00 -2.981804769815550316e-01 8.536781839221392609e-02 9.209035151011667197e-02
2.999999999999999889e-02 -1.430728112284329438e-02 -6.536289727890586265e-01 1.152524754432810772e+00 -2.981804769815550316e-01 8.536781839221392609e-02 9.209035151011667197e-02
4.000000000000000083e-02 -1.431815726342019861e-02 -6.534868360096393047e-01 1.152044542964193896e+00 -2.974237390974074358e-01 8.504550497650874286e-02 8.796471658411690597e-02
4.000000000000000083e-02 -1.431815726342019861e-02 -6.534868360096393047e-01 1.152044542964193896e+00 -2.974237390974074358e-01 8.504550497650874286e-02 8.796471658411690597e-02
5.000000000000000278e-02 -1.433181112429624850e-02 -6.533012513755810380e-01 1.151418889598277540e+00 -2.965259822087854547e-01 8.462945158592155570e-02 8.376689581989993361e-02
5.000000000000000278e-02 -1.433181112429624850e-02 -6.533012513755810380e-01 1.151418889598277540e+00 -2.965259822087854547e-01 8.462945158592155570e-02 8.376689581989993361e-02
6.000000000000000472e-02 -1.434784009341480947e-02 -6.530732536619411333e-01 1.150650861329713504e+00 -2.954876740438990845e-01 8.412598191238659928e-02 7.949486192082352853e-02
6.000000000000000472e-02 -1.434784009341480947e-02 -6.530732536619411333e-01 1.150650861329713504e+00 -2.954876740438990845e-01 8.412598191238659928e-02 7.949486192082352853e-02
7.000000000000000666e-02 -1.436586013817963380e-02 -6.528038238818235639e-01 1.149743345622771695e+00 -2.943090120938038901e-01 8.354113445831516660e-02 7.514624250354182133e-02
7.000000000000000666e-02 -1.436586013817963380e-02 -6.528038238818235639e-01 1.149743345622771695e+00 -2.943090120938038901e-01 8.354113445831516660e-02 7.514624250354182133e-02
8.000000000000000167e-02 -1.438550517986050999e-02 -6.524938909585981106e-01 1.148699056846049338e+00 -2.929899485542676874e-01 8.288067301167804934e-02 7.071853475155023827e-02
8.000000000000000167e-02 -1.438550517986050999e-02 -6.524938909585981106e-01 1.148699056846049338e+00 -2.929899485542676874e-01 8.288067301167804934e-02 7.071853475155023827e-02
8.999999999999999667e-02 -1.440642661313317960e-02 -6.521443342805784971e-01 1.147520546718679313e+00 -2.915302149669377618e-01 8.215009667123224224e-02 6.620920365353928638e-02
8.999999999999999667e-02 -1.440642661313317960e-02 -6.521443342805784971e-01 1.147520546718679313e+00 -2.915302149669377618e-01 8.215009667123224224e-02 6.620920365353928638e-02
9.999999999999999167e-02 -1.442829297164309812e-02 -6.517559873083419442e-01 1.146210219473589476e+00 -2.899293563954645214e-01 8.135464944613350624e-02 6.161578239142983388e-02
9.999999999999999167e-02 -1.442829297164309812e-02 -6.517559873083419442e-01 1.146210219473589476e+00 -2.899293563954645214e-01 8.135464944613350624e-02 6.161578239142983388e-02
1.099999999999999867e-01 -1.445078974239645021e-02 -6.513296422979891753e-01 1.144770351914315309e+00 -2.881867758431433946e-01 8.049932944638703292e-02 5.693598123300955965e-02
1.099999999999999867e-01 -1.445078974239645021e-02 -6.513296422979891753e-01 1.144770351914315309e+00 -2.881867758431433946e-01 8.049932944638703292e-02 5.693598123300955965e-02
1.199999999999999817e-01 -1.447361933430883416e-02 -6.508660562261957550e-01 1.143203118622796888e+00 -2.863017894520870077e-01 7.958889767868108922e-02 5.216780704540720237e-02
1.199999999999999817e-01 -1.447361933430883416e-02 -6.508660562261957550e-01 1.143203118622796888e+00 -2.863017894520870077e-01 7.958889767868108922e-02 5.216780704540720237e-02
1.299999999999999767e-01 -1.449650120767434838e-02 -6.503659580213881908e-01 1.141510622639454242e+00 -2.842736930811093909e-01 7.862788646165017048e-02 4.730969486883079139e-02
1.299999999999999767e-01 -1.449650120767434838e-02 -6.503659580213881908e-01 1.141510622639454242e+00 -2.842736930811093909e-01 7.862788646165017048e-02 4.730969486883079139e-02
1.399999999999999856e-01 -1.451917217143986784e-02 -6.498300572136794795e-01 1.139694931956038992e+00 -2.821018408275576816e-01 7.762060747539686889e-02 4.236065227039262360e-02
1.399999999999999856e-01 -1.451917217143986784e-02 -6.498300572136794795e-01 1.139694931956038992e+00 -2.821018408275576816e-01 7.762060747539686889e-02 4.236065227039262360e-02
1.499999999999999944e-01 -1.454138685374988145e-02 -6.492590541118162806e-01 1.137758122126349525e+00 -2.797857359056871718e-01 7.657115946220309499e-02 3.732041625412232250e-02
1.499999999999999944e-01 -1.454138685374988145e-02 -6.492590541118162806e-01 1.137758122126349525e+00 -2.797857359056871718e-01 7.657115946220309499e-02 3.732041625412232250e-02
1.600000000000000033e-01 -1.456291834799894845e-02 -6.486536515954495208e-01 1.135702325198771012e+00 -2.773251339964886153e-01 7.548343559880564546e-02 3.218962128040802478e-02
1.600000000000000033e-01 -1.456291834799894845e-02 -6.486536515954495208e-01 1.135702325198771012e+00 -2.773251339964886153e-01 7.548343559880564546e-02 3.218962128040802478e-02
1.700000000000000122e-01 -1.458355903132851211e-02 -6.480145685724545412e-01 1.133529784996228473e+00 -2.747201587176399395e-01 7.436113056535972876e-02 2.696997541237132132e-02
1.700000000000000122e-01 -1.458355903132851211e-02 -6.480145685724545412e-01 1.133529784996228473e+00 -2.747201587176399395e-01 7.436113056535972876e-02 2.696997541237132132e-02
1.800000000000000211e-01 -1.460312154493570609e-02 -6.473425550910325565e-01 1.131242918503622352e+00 -2.719714282091336144e-01 7.320774734210629131e-02 2.166443975416094958e-02
1.800000000000000211e-01 -1.460312154493570609e-02 -6.473425550910325565e-01 1.131242918503622352e+00 -2.719714282091336144e-01 7.320774734210629131e-02 2.166443975416094958e-02
1.900000000000000300e-01 -1.462143991567830398e-02 -6.466384090132067941e-01 1.128844382764898846e+00 -2.690801909833566707e-01 7.202660377145592152e-02 1.627740421858918721e-02
1.900000000000000300e-01 -1.462143991567830398e-02 -6.466384090132067941e-01 1.128844382764898846e+00 -2.690801909833566707e-01 7.202660377145592152e-02 1.627740421858918721e-02
2.000000000000000389e-01 -1.463837078647592035e-02 -6.459029940504504852e-01 1.126337146244913656e+00 -2.660484681608831781e-01 7.082083893012099118e-02 1.081485036429970237e-02
2.000000000000000389e-01 -1.463837078647592035e-02 -6.459029940504504852e-01 1.126337146244913656e+00 -2.660484681608831781e-01 7.082083893012099118e-02 1.081485036429970237e-02
2.100000000000000477e-01 -1.465379470952307001e-02 -6.451372588372448202e-01 1.123724563091869300e+00 -2.628791980469595835e-01 6.959341936219354263e-02 5.284489761986139837e-03
2.100000000000000477e-01 -1.465379470952307001e-02 -6.451372588372448202e-01 1.123724563091869300e+00 -2.628791980469595835e-01 6.959341936219354263e-02 5.284489761986139837e-03
2.200000000000000566e-01 -1.466761744246346776e-02 -6.443422565828302861e-01 1.121010448179658781e+00 -2.595763777793268501e-01 6.834714522848264751e-02 -3.041356354928567707e-04
2.200000000000000566e-01 -1.466761744246346776e-02 -6.443422565828302861e-01 1.121010448179658781e+00 -2.595763777793268501e-01 6.834714522848264751e-02 -3.041356354928567707e-04
2.300000000000000655e-01 -1.467977117518256581e-02 -6.435191647099191004e-01 1.118199150274892917e+00 -2.561451956232658755e-01 6.708465642848358834e-02 -5.939605958807762064e-03
2.300000000000000655e-01 -1.467977117518256581e-02 -6.435191647099191004e-01 1.118199150274892917e+00 -2.561451956232658755e-01 6.708465642848358834e-02 -5.939605958807762064e-03
2.400000000000000744e-01 -1.469021560622076755e-02 -6.426693037836180844e-01 1.115295620246948394e+00 -2.525921465834676805e-01 6.580843874728842247e-02 -1.160864375505446175e-02
2.400000000000000744e-01 -1.469021560622076755e-02 -6.426693037836180844e-01 1.115295620246948394e+00 -2.525921465834676805e-01 6.580843874728842247e-02 -1.160864375505446175e-02
2.500000000000000555e-01 -1.469893878615311997e-02 -6.417941549839362159e-01 1.112305471035395898e+00 -2.489251235720506272e-01 6.452083006864886561e-02 -1.729621579760956540e-02
2.500000000000000555e-01 -1.469893878615311997e-02 -6.417941549839362159e-01 1.112305471035395898e+00 -2.489251235720506272e-01 6.452083006864886561e-02 -1.729621579760956540e-02
2.600000000000000644e-01 -1.470607098538128862e-02 -6.408962854271885723e-01 1.109239086481028647e+00 -2.451665335890905462e-01 6.322375750455054566e-02 -2.291771881402697442e-02
2.600000000000000644e-01 -1.470607098538128862e-02 -6.408962854271885723e-01 1.109239086481028647e+00 -2.451665335890905462e-01 6.322375750455054566e-02 -2.291771881402697442e-02
2.700000000000000733e-01 -1.471164592432793079e-02 -6.399773868509699426e-01 1.106102901590833243e+00 -2.413217838937398718e-01 6.191930349639199194e-02 -2.851620299674622466e-02
2.700000000000000733e-01 -1.471164592432793079e-02 -6.399773868509699426e-01 1.106102901590833243e+00 -2.413217838937398718e-01 6.191930349639199194e-02 -2.851620299674622466e-02
2.800000000000000822e-01 -1.471572264800635049e-02 -6.390393739387447702e-01 1.102904277985178316e+00 -2.374022510910894501e-01 6.060942336101699662e-02 -3.407671172564584461e-02
2.800000000000000822e-01 -1.471572264800635049e-02 -6.390393739387447702e-01 1.102904277985178316e+00 -2.374022510910894501e-01 6.060942336101699662e-02 -3.407671172564584461e-02
2.900000000000000910e-01 -1.471838518574534148e-02 -6.380843335159532836e-01 1.099651256839067281e+00 -2.334209176015616116e-01 5.929595045854745700e-02 -3.958013070222949487e-02
2.900000000000000910e-01 -1.471838518574534148e-02 -6.380843335159532836e-01 1.099651256839067281e+00 -2.334209176015616116e-01 5.929595045854745700e-02 -3.958013070222949487e-02
3.000000000000000999e-01 -1.471974028610880704e-02 -6.371145103074132843e-01 1.096352488043382811e+00 -2.293919529797668055e-01 5.798060345998701931e-02 -4.500708516585977259e-02
3.000000000000000999e-01 -1.471974028610880704e-02 -6.371145103074132843e-01 1.096352488043382811e+00 -2.293919529797668055e-01 5.798060345998701931e-02 -4.500708516585977259e-02
3.100000000000001088e-01 -1.471991442313234401e-02 -6.361322888688569765e-01 1.093017146275678364e+00 -2.253305005097950287e-01 5.666499384621778018e-02 -5.033868100129017947e-02
3.100000000000001088e-01 -1.471991442313234401e-02 -6.361322888688569765e-01 1.093017146275678364e+00 -2.253305005097950287e-01 5.666499384621778018e-02 -5.033868100129017947e-02
3.200000000000001177e-01 -1.471905027021715509e-02 -6.351401699858045813e-01 1.089654825948225492e+00 -2.212524424341195950e-01 5.535063340954988337e-02 -5.555701621320518341e-02
3.200000000000001177e-01 -1.471905027021715509e-02 -6.351401699858045813e-01 1.089654825948225492e+00 -2.212524424341195950e-01 5.535063340954988337e-02 -5.555701621320518341e-02
3.300000000000001266e-01 -1.471730283849967402e-02 -6.341407428928893530e-01 1.086275420768620270e+00 -2.171741436066687292e-01 5.403894158482448751e-02 -6.064560981287010766e-02
3.300000000000001266e-01 -1.471730283849967402e-02 -6.341407428928893530e-01 1.086275420768620270e+00 -2.171741436066687292e-01 5.403894158482448751e-02 -6.064560981287010766e-02
3.400000000000001354e-01 -1.471483555385287058e-02 -6.331366556533433165e-01 1.082888997460810465e+00 -2.131121930612636106e-01 5.273125238803706705e-02 -6.558971171068679606e-02
3.400000000000001354e-01 -1.471483555385287058e-02 -6.331366556533433165e-01 1.082888997460810465e+00 -2.131121930612636106e-01 5.273125238803706705e-02 -6.558971171068679606e-02
3.500000000000001443e-01 -1.471181663056362644e-02 -6.321305869428942570e-01 1.079505676382421786e+00 -2.090831682618764231e-01 5.142882068024073883e-02 -7.037645064819071650e-02
3.500000000000001443e-01 -1.471181663056362644e-02 -6.321305869428942570e-01 1.079505676382421786e+00 -2.090831682618764231e-01 5.142882068024073883e-02 -7.037645064819071650e-02
3.600000000000001532e-01 -1.470841618678301113e-02 -6.311252234497102265e-01 1.076135534915525938e+00 -2.051034498712931697e-01 5.013282740618289074e-02 -7.499478968464629025e-02
3.600000000000001532e-01 -1.470841618678301113e-02 -6.311252234497102265e-01 1.076135534915525938e+00 -2.051034498712931697e-01 5.013282740618289074e-02 -7.499478968464629025e-02
3.700000000000001621e-01 -1.470480464607115158e-02 -6.301232482350124231e-01 1.072788552877212531e+00 -2.011891166008816512e-01 4.884438337216952253e-02 -7.943527925801770195e-02
3.700000000000001621e-01 -1.470480464607115158e-02 -6.301232482350124231e-01 1.072788552877212531e+00 -2.011891166008816512e-01 4.884438337216952253e-02 -7.943527925801770195e-02
3.800000000000001710e-01 -1.470118939916085013e-02 -6.291276425378284909e-01 1.069476005872458613e+00 -1.973610578196806076e-01 4.756442647207829999e-02 -8.366032402273455848e-02
3.800000000000001710e-01 -1.470118939916085013e-02 -6.291276425378284909e-01 1.069476005872458613e+00 -1.973610578196806076e-01 4.756442647207829999e-02 -8.366032402273455848e-02
3.900000000000001799e-01 -1.469772388863930385e-02 -6.281409014653769329e-01 1.066207012681635646e+00 -1.936319165200027503e-01 4.629395324467408535e-02 -8.768918000324520123e-02
3.900000000000001799e-01 -1.469772388863930385e-02 -6.281409014653769329e-01 1.066207012681635646e+00 -1.936319165200027503e-01 4.629395324467408535e-02 -8.768918000324520123e-02
4.000000000000001887e-01 -1.469455503458810125e-02 -6.271654768677230596e-01 1.062990481242532592e+00 -1.900157512867848841e-01 4.503390190162442908e-02 -9.151717287255135835e-02
4.000000000000001887e-01 -1.469455503458810125e-02 -6.271654768677230596e-01 1.062990481242532592e+00 -1.900157512867848841e-01 4.503390190162442908e-02 -9.151717287255135835e-02
4.100000000000001976e-01 -1.469182525302213313e-02 -6.262037733324158362e-01 1.059835090187819739e+00 -1.865264468498255834e-01 4.378515300615642980e-02 -9.513725593857536023e-02
4.100000000000001976e-01 -1.469182525302213313e-02 -6.262037733324158362e-01 1.059835090187819739e+00 -1.865264468498255834e-01 4.378515300615642980e-02 -9.513725593857536023e-02
4.200000000000002065e-01 -1.468967367165866129e-02 -6.252581569505194503e-01 1.056749328039971125e+00 -1.831776583185029950e-01 4.254853045356703223e-02 -9.854178850503825249e-02
4.200000000000002065e-01 -1.468967367165866129e-02 -6.252581569505194503e-01 1.056749328039971125e+00 -1.831776583185029950e-01 4.254853045356703223e-02 -9.854178850503825249e-02
4.300000000000002154e-01 -1.468823724821422157e-02 -6.243309650198419769e-01 1.053741531696500422e+00 -1.799828370187343540e-01 4.132480246092786608e-02 -1.017229874665608880e-01
4.300000000000002154e-01 -1.468823724821422157e-02 -6.243309650198419769e-01 1.053741531696500422e+00 -1.799828370187343540e-01 4.132480246092786608e-02 -1.017229874665608880e-01
4.400000000000002243e-01 -1.468765165648833713e-02 -6.234245141170030591e-01 1.050819906908518675e+00 -1.769551584772748043e-01 4.011468269591191710e-02 -1.046738525359138805e-01
4.400000000000002243e-01 -1.468765165648833713e-02 -6.234245141170030591e-01 1.050819906908518675e+00 -1.769551584772748043e-01 4.011468269591191710e-02 -1.046738525359138805e-01
4.500000000000002331e-01 -1.468804330538112275e-02 -6.225410016726571349e-01 1.047992287528356936e+00 -1.741079153522844258e-01 3.891881677991429478e-02 -1.073825599608669162e-01
4.500000000000002331e-01 -1.468804330538112275e-02 -6.225410016726571349e-01 1.047992287528356936e+00 -1.741079153522844258e-01 3.891881677991429478e-02 -1.073825599608669162e-01
4.600000000000002420e-01 -1.468951579779044329e-02 -6.216824035527774850e-01 1.045265522440582240e+00 -1.714510932174964364e-01 3.773784365135617047e-02 -1.098568738438229636e-01
4.600000000000002420e-01 -1.468951579779044329e-02 -6.216824035527774850e-01 1.045265522440582240e+00 -1.714510932174964364e-01 3.773784365135617047e-02 -1.098568738438229636e-01
4.700000000000002509e-01 -1.469214505337594970e-02 -6.208504160191864463e-01 1.042645331185885871e+00 -1.689926303446028233e-01 3.657237657635011019e-02 -1.121060263633724408e-01
4.700000000000002509e-01 -1.469214505337594970e-02 -6.208504160191864463e-01 1.042645331185885871e+00 -1.689926303446028233e-01 3.657237657635011019e-02 -1.121060263633724408e-01
4.800000000000002598e-01 -1.469596524187086715e-02 -6.200463086400566093e-01 1.040135713117946725e+00 -1.667367019303103159e-01 3.542301713300521210e-02 -1.141494827673785184e-01
4.800000000000002598e-01 -1.469596524187086715e-02 -6.200463086400566093e-01 1.040135713117946725e+00 -1.667367019303103159e-01 3.542301713300521210e-02 -1.141494827673785184e-01
4.900000000000002687e-01 -1.470095226185979403e-02 -6.192707563546084870e-01 1.037738275904410701e+00 -1.646822749408101416e-01 3.429037067478601930e-02 -1.160198838783531444e-01
4.900000000000002687e-01 -1.470095226185979403e-02 -6.192707563546084870e-01 1.037738275904410701e+00 -1.646822749408101416e-01 3.429037067478601930e-02 -1.160198838783531444e-01
5.000000000000002220e-01 -1.470700712249596934e-02 -6.185236687011439471e-01 1.035451558097450153e+00 -1.628217867718497192e-01 3.317506109330770059e-02 -1.177641700955558562e-01
5.000000000000002220e-01 -1.470700712249596934e-02 -6.185236687011439471e-01 1.035451558097450153e+00 -1.628217867718497192e-01 3.317506109330770059e-02 -1.177641700955558562e-01
5.100000000000002309e-01 -1.471394347286939137e-02 -6.178040574540560881e-01 1.033270513656247447e+00 -1.611403161910598403e-01 3.207774078837422049e-02 -1.194420395552798497e-01
5.100000000000002309e-01 -1.471394347286939137e-02 -6.178040574540560881e-01 1.033270513656247447e+00 -1.611403161910598403e-01 3.207774078837422049e-02 -1.194420395552798497e-01
5.200000000000002398e-01 -1.472148730051411371e-02 -6.171100225967993680e-01 1.031186477235063403e+00 -1.596159773732551967e-01 3.099908834951153533e-02 -1.211195019171256299e-01
5.200000000000002398e-01 -1.472148730051411371e-02 -6.171100225967993680e-01 1.031186477235063403e+00 -1.596159773732551967e-01 3.099908834951153533e-02 -1.211195019171256299e-01
5.300000000000002487e-01 -1.472929371943481995e-02 -6.164389060659517527e-01 1.029187803572928050e+00 -1.582218014979518694e-01 2.993979004066119054e-02 -1.228586287085502854e-01
5.300000000000002487e-01 -1.472929371943481995e-02 -6.164389060659517527e-01 1.029187803572928050e+00 -1.582218014979518694e-01 2.993979004066119054e-02 -1.228586287085502854e-01
5.400000000000002576e-01 -1.473697524285576960e-02 -6.157875587797073669e-01 1.027260958185313822e+00 -1.569283067421490263e-01 2.890051167302759225e-02 -1.247090905869623623e-01
5.400000000000002576e-01 -1.473697524285576960e-02 -6.157875587797073669e-01 1.027260958185313822e+00 -1.569283067421490263e-01 2.890051167302759225e-02 -1.247090905869623623e-01
5.500000000000002665e-01 -1.474413325671714015e-02 -6.151526417972342786e-01 1.025391740176820443e+00 -1.557060259010753511e-01 2.788186953355245232e-02 -1.267037352323259480e-01
5.500000000000002665e-01 -1.474413325671714015e-02 -6.151526417972342786e-01 1.025391740176820443e+00 -1.557060259010753511e-01 2.788186953355245232e-02 -1.267037352323259480e-01
5.600000000000002753e-01 -1.475038785604561135e-02 -6.145309163741154990e-01 1.023566452395938686e+00 -1.545277243972137948e-01 2.688440507205868552e-02 -1.288572077466227650e-01
5.600000000000002753e-01 -1.475038785604561135e-02 -6.145309163741154990e-01 1.023566452395938686e+00 -1.545277243972137948e-01 2.688440507205868552e-02 -1.288572077466227650e-01
5.700000000000002842e-01 -1.475540330256518498e-02 -6.139195126451303386e-01 1.021772861153374068e+00 -1.533692432273844330e-01 2.590858330147251948e-02 -1.311738836924460083e-01
5.700000000000002842e-01 -1.475540330256518498e-02 -6.139195126451303386e-01 1.021772861153374068e+00 -1.533692432273844330e-01 2.590858330147251948e-02 -1.311738836924460083e-01
5.800000000000002931e-01 -1.475889493429466404e-02 -6.133159701435201283e-01 1.020000655677910206e+00 -1.522123956704557468e-01 2.495475463188241011e-02 -1.336311775119117806e-01
5.800000000000002931e-01 -1.475889493429466404e-02 -6.133159701435201283e-01 1.020000655677910206e+00 -1.522123956704557468e-01 2.495475463188241011e-02 -1.336311775119117806e-01
5.900000000000003020e-01 -1.476065504956045916e-02 -6.127185177481964118e-01 1.018242300694506053e+00 -1.510441401491569302e-01 2.402315709596265086e-02 -1.362025493405646659e-01
5.900000000000003020e-01 -1.476065504956045916e-02 -6.127185177481964118e-01 1.018242300694506053e+00 -1.510441401491569302e-01 2.402315709596265086e-02 -1.362025493405646659e-01
6.000000000000003109e-01 -1.476054933568807410e-02 -6.121260541340918238e-01 1.016492974632897450e+00 -1.498566367432947743e-01 2.311392683603314541e-02 -1.388565725097447856e-01
6.000000000000003109e-01 -1.476054933568807410e-02 -6.121260541340918238e-01 1.016492974632897450e+00 -1.498566367432947743e-01 2.311392683603314541e-02 -1.388565725097447856e-01
6.100000000000003197e-01 -1.475851186548839122e-02 -6.115381120145448879e-01 1.014750422071065472e+00 -1.486468504872256735e-01 2.222710925038316743e-02 -1.415593144465022990e-01
6.100000000000003197e-01 -1.475851186548839122e-02 -6.115381120145448879e-01 1.014750422071065472e+00 -1.486468504872256735e-01 2.222710925038316743e-02 -1.415593144465022990e-01
6.200000000000003286e-01 -1.475453924412795624e-02 -6.109548139917901910e-01 1.013014765922678473e+00 -1.474161212034528490e-01 2.136267009206322537e-02 -1.442758561021780794e-01
6.200000000000003286e-01 -1.475453924412795624e-02 -6.109548139917901910e-01 1.013014765922678473e+00 -1.474161212034528490e-01 2.136267009206322537e-02 -1.442758561021780794e-01
6.300000000000003375e-01 -1.474865383599295761e-02 -6.103765450732143716e-01 1.011287065005943786e+00 -1.461653836574323684e-01 2.052057644476344700e-02 -1.469958684625694845e-01
6.300000000000003375e-01 -1.474865383599295761e-02 -6.103765450732143716e-01 1.011287065005943786e+00 -1.461653836574323684e-01 2.052057644476344700e-02 -1.469958684625694845e-01
6.400000000000003464e-01 -1.474096223229742764e-02 -6.098045016387801942e-01 1.009571821550861337e+00 -1.449061395852407896e-01 1.970065312663554433e-02 -1.496566893920709129e-01
6.400000000000003464e-01 -1.474096223229742764e-02 -6.098045016387801942e-01 1.009571821550861337e+00 -1.449061395852407896e-01 1.970065312663554433e-02 -1.496566893920709129e-01
6.500000000000003553e-01 -1.473162626819387276e-02 -6.092404217151031753e-01 1.007875644198053644e+00 -1.436520361732522566e-01 1.890266632482175829e-02 -1.522175659426083516e-01
6.500000000000003553e-01 -1.473162626819387276e-02 -6.092404217151031753e-01 1.007875644198053644e+00 -1.436520361732522566e-01 1.890266632482175829e-02 -1.522175659426083516e-01
6.600000000000003642e-01 -1.472085796922994495e-02 -6.086865607684337487e-01 1.006207170281947283e+00 -1.424204070797318311e-01 1.812633107815542904e-02 -1.546374927433719904e-01
6.600000000000003642e-01 -1.472085796922994495e-02 -6.086865607684337487e-01 1.006207170281947283e+00 -1.424204070797318311e-01 1.812633107815542904e-02 -1.546374927433719904e-01
6.700000000000003730e-01 -1.470891803770680781e-02 -6.081456879754726375e-01 1.004577055174771250e+00 -1.412325049867698690e-01 1.737131552219433120e-02 -1.568723557102187360e-01
6.700000000000003730e-01 -1.470891803770680781e-02 -6.081456879754726375e-01 1.004577055174771250e+00 -1.412325049867698690e-01 1.737131552219433120e-02 -1.568723557102187360e-01
6.800000000000003819e-01 -1.469611617948820247e-02 -6.076210988303460958e-01 1.002998023297065666e+00 -1.401136956409177459e-01 1.663724305549080240e-02 -1.588739826164511648e-01
6.800000000000003819e-01 -1.469611617948820247e-02 -6.076210988303460958e-01 1.002998023297065666e+00 -1.401136956409177459e-01 1.663724305549080240e-02 -1.588739826164511648e-01
6.900000000000003908e-01 -1.468281277715122006e-02 -6.071166404037485753e-01 1.001484970329280744e+00 -1.390937344088381267e-01 1.592369296844240584e-02 -1.605893150859899476e-01
6.900000000000003908e-01 -1.468281277715122006e-02 -6.071166404037485753e-01 1.001484970329280744e+00 -1.390937344088381267e-01 1.592369296844240584e-02 -1.605893150859899476e-01
7.000000000000003997e-01 -1.466942201990203629e-02 -6.066367504803495958e-01 1.000055124327456468e+00 -1.382071739653757403e-01 1.523019952328234089e-02 -1.619593178087656293e-01
7.000000000000003997e-01 -1.466942201990203629e-02 -6.066367504803495958e-01 1.000055124327456468e+00 -1.382071739653757403e-01 1.523019952328234089e-02 -1.619593178087656293e-01
7.100000000000004086e-01 -1.465641712470032269e-02 -6.061865169128581865e-01 9.987282937752065548e-01 -1.374939830975802080e-01 1.455624897358612571e-02 -1.629173032584766145e-01
7.100000000000004086e-01 -1.465641712470032269e-02 -6.061865169128581865e-01 9.987282937752065548e-01 -1.374939830975802080e-01 1.455624897358612571e-02 -1.629173032584766145e-01
7.200000000000004174e-01 -1.464433886493621446e-02 -6.057717693433669615e-01 9.975272547587329397e-01 -1.370005095790529093e-01 1.390127346734921360e-02 -1.633862442244209401e-01
7.200000000000004174e-01 -1.464433886493621446e-02 -6.057717693433669615e-01 9.975272547587329397e-01 -1.370005095790529093e-01 1.390127346734921360e-02 -1.633862442244209401e-01
7.300000000000004263e-01 -1.463380944047983252e-02 -6.053992236258468607e-01 9.964783646130810357e-01 -1.367810056791961826e-01 1.326464001701730192e-02 -1.632744102493646210e-01
7.300000000000004263e-01 -1.463380944047983252e-02 -6.053992236258468607e-01 9.964783646130810357e-01 -1.367810056791961826e-01 1.326464001701730192e-02 -1.632744102493646210e-01
7.400000000000004352e-01 -1.462555508951017200e-02 -6.050767129016226820e-01 9.956125493399810011e-01 -1.369000898741773997e-01 1.264563143792881393e-02 -1.624681746568860385e-01
7.400000000000004352e-01 -1.462555508951017200e-02 -6.050767129016226820e-01 9.956125493399810011e-01 -1.369000898741773997e-01 1.264563143792881393e-02 -1.624681746568860385e-01
7.500000000000004441e-01 -1.462044331922940366e-02 -6.048135637467604298e-01 9.949669225010586704e-01 -1.374368154696107014e-01 1.204341380435606373e-02 -1.608198423475506456e-01
7.500000000000004441e-01 -1.462044331922940366e-02 -6.048135637467604298e-01 9.949669225010586704e-01 -1.374368154696107014e-01 1.204341380435606373e-02 -1.608198423475506456e-01
7.600000000000004530e-01 -1.461954502955820599e-02 -6.046212185241685022e-01 9.945874944624500946e-01 -1.384915806835386176e-01 1.145698073575740841e-02 -1.581264315154952138e-01
7.600000000000004530e-01 -1.461954502955820599e-02 -6.046212185241685022e-01 9.945874944624500946e-01 -1.384915806835386176e-01 1.145698073575740841e-02 -1.581264315154952138e-01
7.700000000000004619e-01 -1.462423719367860440e-02 -6.045142538143725153e-01 9.945337020804976280e-01 -1.401979385668793709e-01 1.088505952267072342e-02 -1.540928889611297703e-01
7.700000000000004619e-01 -1.462423719367860440e-02 -6.045142538143725153e-01 9.945337020804976280e-01 -1.401979385668793709e-01 1.088505952267072342e-02 -1.540928889611297703e-01
7.800000000000004707e-01 -1.463634144758132680e-02 -6.045117183565160701e-01 9.948847400296189081e-01 -1.427394785699604152e-01 1.032598400783471364e-02 -1.482852290043273902e-01
7.800000000000004707e-01 -1.463634144758132680e-02 -6.045117183565160701e-01 9.948847400296189081e-01 -1.427394785699604152e-01 1.032598400783471364e-02 -1.482852290043273902e-01
7.900000000000004796e-01 -1.465786712446593386e-02 -6.046343235714618514e-01 9.957293335837169579e-01 -1.463176385416213865e-01 9.777971190689726047e-03 -1.403519584327745373e-01
7.900000000000004796e-01 -1.465786712446593386e-02 -6.046343235714618514e-01 9.957293335837169579e-01 -1.463176385416213865e-01 9.777971190689726047e-03 -1.403519584327745373e-01
8.000000000000004885e-01 -1.461564520714656729e-02 -6.041085738258519244e-01 9.943538127074205146e-01 -1.457631957423601299e-01 9.312519394207513859e-03 -1.490147333357003667e-01
8.000000000000004885e-01 -1.461564520714656729e-02 -6.041085738258519244e-01 9.943538127074205146e-01 -1.457631957423601299e-01 9.312519394207513859e-03 -1.490147333357003667e-01
8.100000000000004974e-01 -1.453992179967923855e-02 -6.032233680032863532e-01 9.925788558614120349e-01 -1.508761906407939668e-01 8.897556141650934947e-03 -1.068488454549429700e-01
8.100000000000004974e-01 -1.453992179967923855e-02 -6.032233680032863532e-01 9.925788558614120349e-01 -1.508761906407939668e-01 8.897556141650934947e-03 -1.068488454549429700e-01
8.200000000000005063e-01 -1.446419777102491734e-02 -6.023398028707338536e-01 9.907347740320511242e-01 -1.527313432342278232e-01 8.498214787039942361e-03 -1.055741887956965913e-01
8.200000000000005063e-01 -1.446419777102491734e-02 -6.023398028707338536e-01 9.907347740320511242e-01 -1.527313432342278232e-01 8.498214787039942361e-03 -1.055741887956965913e-01
8.300000000000005151e-01 -1.439433248761847785e-02 -6.015396963937902353e-01 9.891558968620564052e-01 -1.548820306904179489e-01 8.107720198060844319e-03 -1.044038071781112353e-01
8.300000000000005151e-01 -1.439433248761847785e-02 -6.015396963937902353e-01 9.891558968620564052e-01 -1.548820306904179489e-01 8.107720198060844319e-03 -1.044038071781112353e-01
8.400000000000005240e-01 -1.432564558194965136e-02 -6.007756341362560093e-01 9.876538128103012903e-01 -1.568238161796744190e-01 7.730936721232090428e-03 -1.056859415462638174e-01
8.400000000000005240e-01 -1.432564558194965136e-02 -6.007756341362560093e-01 9.876538128103012903e-01 -1.568238161796744190e-01 7.730936721232090428e-03 -1.056859415462638174e-01
8.500000000000005329e-01 -1.426103879871356943e-02 -6.000798268082175868e-01 9.863571705550180369e-01 -1.590817076654209572e-01 7.365037133290668059e-03 -1.053592031159710646e-01
8.500000000000005329e-01 -1.426103879871356943e-02 -6.000798268082175868e-01 9.863571705550180369e-01 -1.590817076654209572e-01 7.365037133290668059e-03 -1.053592031159710646e-01
8.600000000000005418e-01 -1.420209645860380857e-02 -5.994693209902081099e-01 9.853341122973625632e-01 -1.617651888685516237e-01 7.008780177385675637e-03 -1.036400994176836510e-01
8.600000000000005418e-01 -1.420209645860380857e-02 -5.994693209902081099e-01 9.853341122973625632e-01 -1.617651888685516237e-01 7.008780177385675637e-03 -1.036400994176836510e-01
8.700000000000005507e-01 -1.414943450878514836e-02 -5.989512336918204616e-01 9.846134730062815477e-01 -1.648932694263785248e-01 6.661799780306489061e-03 -1.010385096017044348e-01
8.700000000000005507e-01 -1.414943450878514836e-02 -5.989512336918204616e-01 9.846134730062815477e-01 -1.648932694263785248e-01 6.661799780306489061e-03 -1.010385096017044348e-01
8.800000000000005596e-01 -1.410365682925635890e-02 -5.985328338824194017e-01 9.842250932466022340e-01 -1.685246180103938674e-01 6.323752812929704648e-03 -9.755423622416627139e-02
8.800000000000005596e-01 -1.410365682925635890e-02 -5.985328338824194017e-01 9.842250932466022340e-01 -1.685246180103938674e-01 6.323752812929704648e-03 -9.755423622416627139e-02
8.900000000000005684e-01 -1.406530118758035457e-02 -5.982207005879667250e-01 9.841964286554408803e-01 -1.727156953420300456e-01 5.994380006842323257e-03 -9.317294299120892909e-02
8.900000000000005684e-01 -1.406530118758035457e-02 -5.982207005879667250e-01 9.841964286554408803e-01 -1.727156953420300456e-01 5.994380006842323257e-03 -9.317294299120892909e-02
9.000000000000005773e-01 -1.403486669910448612e-02 -5.980209646447530725e-01 9.845535949988750701e-01 -1.775228738789541016e-01 5.673477557016876754e-03 -8.786443383885880754e-02
9.000000000000005773e-01 -1.403486669910448612e-02 -5.980209646447530725e-01 9.845535949988750701e-01 -1.775228738789541016e-01 5.673477557016876754e-03 -8.786443383885880754e-02
9.100000000000005862e-01 -1.401282894269976521e-02 -5.979394251958958240e-01 9.853219236807277959e-01 -1.830032073815495430e-01 5.360883231558156645e-03 -8.158786693376002264e-02
9.100000000000005862e-01 -1.401282894269976521e-02 -5.979394251958958240e-01 9.853219236807277959e-01 -1.830032073815495430e-01 5.360883231558156645e-03 -8.158786693376002264e-02
9.200000000000005951e-01 -1.399997261350915088e-02 -5.979848740361390913e-01 9.865399820290051691e-01 -1.892550842234930752e-01 5.056037413652303587e-03 -7.409834831456840742e-02
9.200000000000005951e-01 -1.399997261350915088e-02 -5.979848740361390913e-01 9.865399820290051691e-01 -1.892550842234930752e-01 5.056037413652303587e-03 -7.409834831456840742e-02
9.300000000000006040e-01 -1.399669590842327754e-02 -5.981619598152110306e-01 9.882300429029977629e-01 -1.963213767311484392e-01 4.758932147681431760e-03 -6.552573334275835215e-02
9.300000000000006040e-01 -1.399669590842327754e-02 -5.981619598152110306e-01 9.882300429029977629e-01 -1.963213767311484392e-01 4.758932147681431760e-03 -6.552573334275835215e-02
9.400000000000006128e-01 -1.400340195186327609e-02 -5.984752597473025348e-01 9.904150235245032796e-01 -2.042608864920965883e-01 4.469581662833232993e-03 -5.582209940093037920e-02
9.400000000000006128e-01 -1.400340195186327609e-02 -5.984752597473025348e-01 9.904150235245032796e-01 -2.042608864920965883e-01 4.469581662833232993e-03 -5.582209940093037920e-02
9.500000000000006217e-01 -1.402045611492101773e-02 -5.989287278698539607e-01 9.931162912614337479e-01 -2.131310548935217153e-01 4.188073757416446025e-03 -4.494702352604038748e-02
9.500000000000006217e-01 -1.402045611492101773e-02 -5.989287278698539607e-01 9.931162912614337479e-01 -2.131310548935217153e-01 4.188073757416446025e-03 -4.494702352604038748e-02
9.600000000000006306e-01 -1.404817073211647206e-02 -5.995255151899183677e-01 9.963529643524632329e-01 -2.229864239343384014e-01 3.914590715223342267e-03 -3.287124576355000827e-02
9.600000000000006306e-01 -1.404817073211647206e-02 -5.995255151899183677e-01 9.963529643524632329e-01 -2.229864239343384014e-01 3.914590715223342267e-03 -3.287124576355000827e-02
9.700000000000006395e-01 -1.408678678425416206e-02 -6.002677673841413375e-01 1.000141046647255783e+00 -2.338765120797053065e-01 3.649431401624316125e-03 -1.958202304751420486e-02
9.700000000000006395e-01 -1.408678678425416206e-02 -6.002677673841413375e-01 1.000141046647255783e+00 -2.338765120797053065e-01 3.649431401624316125e-03 -1.958202304751420486e-02
9.800000000000006484e-01 -1.413645594838149229e-02 -6.011564384428916830e-01 1.004492530466285283e+00 -2.458434903936168592e-01 3.393028748175816196e-03 -5.087617620837260948e-03
9.800000000000006484e-01 -1.413645594838149229e-02 -6.011564384428916830e-01 1.004492530466285283e+00 -2.458434903936168592e-01 3.393028748175816196e-03 -5.087617620837260948e-03
9.900000000000006573e-01 -1.419722643552490636e-02 -6.021911559466388564e-01 1.009414604493140910e+00 -2.589199512385692015e-01 3.145955969856167357e-03 1.057985505484608686e-02
9.900000000000006573e-01 -1.419722643552490636e-02 -6.021911559466388564e-01 1.009414604493140910e+00 -2.589199512385692015e-01 3.145955969856167357e-03 1.057985505484608686e-02
1.000000000000000666e+00 -1.426903510619425761e-02 -6.033701610931548887e-01 1.014909071364108462e+00 -2.731270056742154395e-01 2.908915149348593153e-03 2.736346517444454562e-02
1.000000000000000666e+00 -1.426903510619425761e-02 -6.033701610931548887e-01 1.014909071364108462e+00 -2.731270056742154395e-01 2.908915149348593153e-03 2.736346517444454562e-02
1.010000000000000675e+00 -1.435170595089488473e-02 -6.046903196216545373e-01 1.020971983343883949e+00 -2.884727231514304657e-01 2.682704162484908072e-03 4.518157794281415368e-02
1.010000000000000675e+00 -1.435170595089488473e-02 -6.046903196216545373e-01 1.020971983343883949e+00 -2.884727231514304657e-01 2.682704162484908072e-03 4.518157794281415368e-02
1.020000000000000684e+00 -1.444495170257844782e-02 -6.061471662594314358e-01 1.027593366858566171e+00 -3.049505945001075302e-01 2.468162159760390554e-03 6.392709454110870326e-02
1.020000000000000684e+00 -1.444495170257844782e-02 -6.061471662594314358e-01 1.027593366858566171e+00 -3.049505945001075302e-01 2.468162159760390554e-03 6.392709454110870326e-02
1.030000000000000693e+00 -1.454837212271647452e-02 -6.077349173648392000e-01 1.034756777917090975e+00 -3.225374006861161380e-01 2.266099762724456228e-03 8.346339932416688145e-02
1.030000000000000693e+00 -1.454837212271647452e-02 -6.077349173648392000e-01 1.034756777917090975e+00 -3.225374006861161380e-01 2.266099762724456228e-03 8.346339932416688145e-02
1.040000000000000702e+00 -1.466143987002786579e-02 -6.094463700942501783e-01 1.042438347281222866e+00 -3.411897156367736939e-01 2.077228855419876834e-03 1.036149763991510986e-01
1.040000000000000702e+00 -1.466143987002786579e-02 -6.094463700942501783e-01 1.042438347281222866e+00 -3.411897156367736939e-01 2.077228855419876834e-03 1.036149763991510986e-01
1.050000000000000711e+00 -1.478346073056843561e-02 -6.112725807284231649e-01 1.050604853332786304e+00 -3.608379820868486965e-01 1.902120427961835007e-03 1.241500725227990820e-01
1.050000000000000711e+00 -1.478346073056843561e-02 -6.112725807284231649e-01 1.050604853332786304e+00 -3.608379820868486965e-01 1.902120427961835007e-03 1.241500725227990820e-01
1.060000000000000719e+00 -1.491347788397087530e-02 -6.132020666525812569e-01 1.059209672542394953e+00 -3.813749769373379062e-01 1.741239575816704759e-03 1.447429075196951520e-01
1.060000000000000719e+00 -1.491347788397087530e-02 -6.132020666525812569e-01 1.059209672542394953e+00 -3.813749769373379062e-01 1.741239575816704759e-03 1.447429075196951520e-01
1.070000000000000728e+00 -1.505001329463574213e-02 -6.152185721245785333e-01 1.068182208989401749e+00 -4.026255934016319538e-01 1.595161822392788089e-03 1.648577080085354973e-01
1.070000000000000728e+00 -1.505001329463574213e-02 -6.152185721245785333e-01 1.068182208989401749e+00 -4.026255934016319538e-01 1.595161822392788089e-03 1.648577080085354973e-01
1.080000000000000737e+00 -1.519001064086342861e-02 -6.172916688426675069e-01 1.077385486321686292e+00 -4.242238822242989649e-01 1.465714746054811151e-03 1.832139432455019701e-01
1.080000000000000737e+00 -1.519001064086342861e-02 -6.172916688426675069e-01 1.077385486321686292e+00 -4.242238822242989649e-01 1.465714746054811151e-03 1.832139432455019701e-01
1.090000000000000746e+00 -1.532604452732162781e-02 -6.193515356677207206e-01 1.086510113327811666e+00 -4.453420761270425743e-01 1.358717351234955354e-03 1.967712432333487693e-01
1.090000000000000746e+00 -1.532604452732162781e-02 -6.193515356677207206e-01 1.086510113327811666e+00 -4.453420761270425743e-01 1.358717351234955354e-03 1.967712432333487693e-01
1.100000000000000755e+00 -1.545948279774754866e-02 -6.214130347441431113e-01 1.095620685311350595e+00 -4.664770055669447135e-01 1.272145038867096307e-03 2.107111892323441926e-01
1.100000000000000755e+00 -1.545948279774754866e-02 -6.214130347441431113e-01 1.095620685311350595e+00 -4.664770055669447135e-01 1.272145038867096307e-03 2.107111892323441926e-01
1.110000000000000764e+00 -1.540950902550380051e-02 -6.235968038199233288e-01 1.105740899097516383e+00 -4.912419746541996646e-01 3.600418087428984820e-03 2.343760552828786092e-01
1.110000000000000764e+00 -1.540950902550380051e-02 -6.235968038199233288e-01 1.105740899097516383e+00 -4.912419746541996646e-01 3.600418087428984820e-03 2.343760552828786092e-01
1.120000000000000773e+00 -1.547060713610128903e-02 -6.251153398643882753e-01 1.113686607242231119e+00 -5.149588358934923393e-01 3.458005147964626335e-03 2.758093253619874341e-01
1.120000000000000773e+00 -1.547060713610128903e-02 -6.251153398643882753e-01 1.113686607242231119e+00 -5.149588358934923393e-01 3.458005147964626335e-03 2.758093253619874341e-01
1.130000000000000782e+00 -1.552508737702112257e-02 -6.266000779979077340e-01 1.121447277656183017e+00 -5.363402630844664731e-01 3.345932250718762838e-03 2.899407909497607738e-01
1.130000000000000782e+00 -1.552508737702112257e-02 -6.266000779979077340e-01 1.121447277656183017e+00 -5.363402630844664731e-01 3.345932250718762838e-03 2.899407909497607738e-01
1.140000000000000790e+00 -1.557517408039740987e-02 -6.280801767147862202e-01 1.129161450181312087e+00 -5.575308880446994131e-01 3.261419842194922519e-03 3.027888856879561441e-01
1.140000000000000790e+00 -1.557517408039740987e-02 -6.280801767147862202e-01 1.129161450181312087e+00 -5.575308880446994131e-01 3.261419842194922519e-03 3.027888856879561441e-01
1.150000000000000799e+00 -1.562008549635218214e-02 -6.295494726685650910e-01 1.136799550949994408e+00 -5.785136949300987430e-01 3.204335279415493776e-03 3.149699618215595076e-01
1.150000000000000799e+00 -1.562008549635218214e-02 -6.295494726685650910e-01 1.136799550949994408e+00 -5.785136949300987430e-01 3.204335279415493776e-03 3.149699618215595076e-01
1.160000000000000808e+00 -1.565883167170832591e-02 -6.310000156854121967e-01 1.144322302727475593e+00 -5.991955167122609005e-01 3.174632336550896675e-03 3.263394588826696308e-01
1.160000000000000808e+00 -1.565883167170832591e-02 -6.310000156854121967e-01 1.144322302727475593e+00 -5.991955167122609005e-01 3.174632336550896675e-03 3.263394588826696308e-01
1.170000000000000817e+00 -1.569028662538926241e-02 -6.324229942263782656e-01 1.151684806445579357e+00 -6.194660080847987915e-01 3.172255473821564142e-03 3.367068183200695453e-01
1.170000000000000817e+00 -1.569028662538926241e-02 -6.324229942263782656e-01 1.151684806445579357e+00 -6.194660080847987915e-01 3.172255473821564142e-03 3.367068183200695453e-01
1.180000000000000826e+00 -1.571318150875397959e-02 -6.338087305902301294e-01 1.158836182388607083e+00 -6.391978844362796730e-01 3.197118102897835747e-03 3.458560505659144524e-01
1.180000000000000826e+00 -1.571318150875397959e-02 -6.338087305902301294e-01 1.158836182388607083e+00 -6.391978844362796730e-01 3.197118102897835747e-03 3.458560505659144524e-01
1.190000000000000835e+00 -1.572609582421139601e-02 -6.351466519687721801e-01 1.165719187308456473e+00 -6.582460092551452036e-01 3.249097473533233294e-03 3.535488059573547726e-01
1.190000000000000835e+00 -1.572609582421139601e-02 -6.351466519687721801e-01 1.165719187308456473e+00 -6.582460092551452036e-01 3.249097473533233294e-03 3.535488059573547726e-01
1.200000000000000844e+00 -1.572745268914899769e-02 -6.364252877699411171e-01 1.172270166223403853e+00 -6.764478924249069935e-01 3.328052550720937783e-03 3.595330433901721690e-01
1.200000000000000844e+00 -1.572745268914899769e-02 -6.364252877699411171e-01 1.172270166223403853e+00 -6.764478924249069935e-01 3.328052550720937783e-03 3.595330433901721690e-01
1.210000000000000853e+00 -1.571552697423418687e-02 -6.376323499249071380e-01 1.178419724919153255e+00 -6.936268020844380544e-01 3.433861827058316656e-03 3.635608233016103252e-01
1.210000000000000853e+00 -1.571552697423418687e-02 -6.376323499249071380e-01 1.178419724919153255e+00 -6.936268020844380544e-01 3.433861827058316656e-03 3.635608233016103252e-01
1.220000000000000862e+00 -1.568848154318419272e-02 -6.387549957862517225e-01 1.184094645734610651e+00 -7.095987295200069100e-01 3.566459739926863392e-03 3.654170594865684407e-01
1.220000000000000862e+00 -1.568848154318419272e-02 -6.387549957862517225e-01 1.184094645734610651e+00 -7.095987295200069100e-01 3.566459739926863392e-03 3.654170594865684407e-01
1.230000000000000870e+00 -1.564444789494133514e-02 -6.397803814290029534e-01 1.189221464709906417e+00 -7.241836533610911397e-01 3.725837794212200852e-03 3.649561545028971454e-01
1.230000000000000870e+00 -1.564444789494133514e-02 -6.397803814290029534e-01 1.189221464709906417e+00 -7.241836533610911397e-01 3.725837794212200852e-03 3.649561545028971454e-01
1.240000000000000879e+00 -1.558165527333558141e-02 -6.406965291925802441e-01 1.193731583538067742e+00 -7.372197106668403332e-01 3.911985592493543579e-03 3.621360984181422604e-01
1.240000000000000879e+00 -1.558165527333558141e-02 -6.406965291925802441e-01 1.193731583538067742e+00 -7.372197106668403332e-01 3.911985592493543579e-03 3.621360984181422604e-01
1.250000000000000888e+00 -1.549858909714884464e-02 -6.414933721715515569e-01 1.197567006720765992e+00 -7.485770858449858345e-01 4.124777731843444831e-03 3.570364697050049108e-01
1.250000000000000888e+00 -1.549858909714884464e-02 -6.414933721715515569e-01 1.197567006720765992e+00 -7.485770858449858345e-01 4.124777731843444831e-03 3.570364697050049108e-01
1.260000000000000897e+00 -1.539414122545650077e-02 -6.421637135149825815e-01 1.200685341308574516e+00 -7.581681878932718943e-01 4.363842488510006473e-03 3.498526604889168334e-01
1.260000000000000897e+00 -1.539414122545650077e-02 -6.421637135149825815e-01 1.200685341308574516e+00 -7.581681878932718943e-01 4.363842488510006473e-03 3.498526604889168334e-01
1.270000000000000906e+00 -1.526771487684367573e-02 -6.427038491748442439e-01 1.203062914612731849e+00 -7.659521407023528461e-01 4.628455736415744426e-03 3.408691065496883277e-01
1.270000000000000906e+00 -1.526771487684367573e-02 -6.427038491748442439e-01 1.203062914612731849e+00 -7.659521407023528461e-01 4.628455736415744426e-03 3.408691065496883277e-01
1.280000000000000915e+00 -1.511926413809312926e-02 -6.431137332606066126e-01 1.204695550313619190e+00 -7.719335825166145915e-01 4.917488848393374891e-03 3.304214372934270449e-01
1.280000000000000915e+00 -1.511926413809312926e-02 -6.431137332606066126e-01 1.204695550313619190e+00 -7.719335825166145915e-01 4.917488848393374891e-03 3.304214372934270449e-01
1.290000000000000924e+00 -1.494926980972044808e-02 -6.433967228675441241e-01 1.205597259060672277e+00 -7.761572128456888375e-01 5.229416816059850523e-03 3.188585988973095531e-01
1.290000000000000924e+00 -1.494926980972044808e-02 -6.433967228675441241e-01 1.205597259060672277e+00 -7.761572128456888375e-01 5.229416816059850523e-03 3.188585988973095531e-01
1.300000000000000933e+00 -1.475866879686441729e-02 -6.435590420950664248e-01 1.205797533176162339e+00 -7.787000671972330590e-01 5.562375089975138930e-03 3.065128556974169305e-01
1.300000000000000933e+00 -1.475866879686441729e-02 -6.435590420950664248e-01 1.205797533176162339e+00 -7.787000671972330590e-01 5.562375089975138930e-03 3.065128556974169305e-01
1.310000000000000941e+00 -1.454884314230430950e-02 -6.436098436936743550e-01 1.205341342198524401e+00 -7.796747257015037569e-01 5.914265425722872033e-03 2.937479218360921629e-01
1.310000000000000941e+00 -1.454884314230430950e-02 -6.436098436936743550e-01 1.205341342198524401e+00 -7.796747257015037569e-01 5.914265425722872033e-03 2.937479218360921629e-01
1.320000000000000950e+00 -1.432134428004803312e-02 -6.435590559323756121e-01 1.204278715882065587e+00 -7.791934921255575519e-01 6.282809188452582842e-03 2.807536138730220010e-01
1.320000000000000950e+00 -1.432134428004803312e-02 -6.435590559323756121e-01 1.204278715882065587e+00 -7.791934921255575519e-01 6.282809188452582842e-03 2.807536138730220010e-01
1.330000000000000959e+00 -1.407789591182729248e-02 -6.434176504082895764e-01 1.202665728281919311e+00 -7.773834700057168368e-01 6.665659398950209667e-03 2.677331950915187719e-01
1.330000000000000959e+00 -1.407789591182729248e-02 -6.434176504082895764e-01 1.202665728281919311e+00 -7.773834700057168368e-01 6.665659398950209667e-03 2.677331950915187719e-01
1.340000000000000968e+00 -1.382030601659671107e-02 -6.431971049442302135e-01 1.200561572291959145e+00 -7.743763984996963057e-01 7.060489700182737832e-03 2.548485765148249538e-01
1.340000000000000968e+00 -1.382030601659671107e-02 -6.431971049442302135e-01 1.200561572291959145e+00 -7.743763984996963057e-01 7.060489700182737832e-03 2.548485765148249538e-01
1.350000000000000977e+00 -1.355040178261135951e-02 -6.429090408730534500e-01 1.198026522954611650e+00 -7.703045133746312390e-01 7.465058516787186939e-03 2.422242688320253579e-01
1.350000000000000977e+00 -1.355040178261135951e-02 -6.429090408730534500e-01 1.198026522954611650e+00 -7.703045133746312390e-01 7.465058516787186939e-03 2.422242688320253579e-01
1.360000000000000986e+00 -1.326997888939183273e-02 -6.425649501626635729e-01 1.195120364415822811e+00 -7.652974829652925415e-01 7.877257349533756461e-03 2.299529368937524298e-01
1.360000000000000986e+00 -1.326997888939183273e-02 -6.425649501626635729e-01 1.195120364415822811e+00 -7.652974829652925415e-01 7.877257349533756461e-03 2.299529368937524298e-01
1.370000000000000995e+00 -1.298076349138667374e-02 -6.421759952220705836e-01 1.191901210703798064e+00 -7.594801711110409359e-01 8.295144690800443713e-03 2.181008462137568049e-01
1.370000000000000995e+00 -1.298076349138667374e-02 -6.421759952220705836e-01 1.191901210703798064e+00 -7.594801711110409359e-01 8.295144690800443713e-03 2.181008462137568049e-01
1.380000000000001004e+00 -1.268438499379821033e-02 -6.417528659188794782e-01 1.188424651780535468e+00 -7.529710679889489722e-01 8.716967629506321147e-03 2.067128053728719550e-01
1.380000000000001004e+00 -1.268438499379821033e-02 -6.417528659188794782e-01 1.188424651780535468e+00 -7.529710679889489722e-01 8.716967629506321147e-03 2.067128053728719550e-01
1.390000000000001013e+00 -1.238235771007948315e-02 -6.413056806783521413e-01 1.184743161633413866e+00 -7.458812525611571154e-01 9.141173376823906113e-03 1.958164670091991910e-01
1.390000000000001013e+00 -1.238235771007948315e-02 -6.413056806783521413e-01 1.184743161633413866e+00 -7.458812525611571154e-01 9.141173376823906113e-03 1.958164670091991910e-01
1.400000000000001021e+00 -1.207606966011537039e-02 -6.408439212050769385e-01 1.180905713956976966e+00 -7.383137726682674762e-01 9.566412819536308440e-03 1.854259758185729523e-01
1.400000000000001021e+00 -1.207606966011537039e-02 -6.408439212050769385e-01 1.180905713956976966e+00 -7.383137726682674762e-01 9.566412819536308440e-03 1.854259758185729523e-01
1.410000000000001030e+00 -1.176677699715340808e-02 -6.403763927771459752e-01 1.176957560202173125e+00 -7.303633489894807429e-01 9.991537958764363028e-03 1.755450100048099316e-01
1.410000000000001030e+00 -1.176677699715340808e-02 -6.403763927771459752e-01 1.176957560202173125e+00 -7.303633489894807429e-01 9.991537958764363028e-03 1.755450100048099316e-01
1.420000000000001039e+00 -1.145560278579399634e-02 -6.399112040157998171e-01 1.172940133141484598e+00 -7.221163263934513576e-01 1.041559480787139155e-02 1.661692848046640303e-01
1.420000000000001039e+00 -1.145560278579399634e-02 -6.399112040157998171e-01 1.172940133141484598e+00 -7.221163263934513576e-01 1.041559480787139155e-02 1.661692848046640303e-01
1.430000000000001048e+00 -1.114353906975508110e-02 -6.394557615300517917e-01 1.168891046220183139e+00 -7.136508107053345373e-01 1.083781304861600701e-02 1.572885912689834242e-01
1.430000000000001048e+00 -1.114353906975508110e-02 -6.394557615300517917e-01 1.168891046220183139e+00 -7.136508107053345373e-01 1.083781304861600701e-02 1.572885912689834242e-01
1.440000000000001057e+00 -1.083145135896886220e-02 -6.390167759476839127e-01 1.164844164843171104e+00 -7.050369409639800633e-01 1.125759349763957168e-02 1.488884400686524834e-01
1.440000000000001057e+00 -1.083145135896886220e-02 -6.390167759476839127e-01 1.164844164843171104e+00 -7.050369409639800633e-01 1.125759349763957168e-02 1.488884400686524834e-01
1.450000000000001066e+00 -1.052008482993471369e-02 -6.386002766579232937e-01 1.160829730535876125e+00 -6.963372572189094889e-01 1.167449422182143676e-02 1.409513735118992084e-01
1.450000000000001066e+00 -1.052008482993471369e-02 -6.386002766579232937e-01 1.160829730535876125e+00 -6.963372572189094889e-01 1.167449422182143676e-02 1.409513735118992084e-01
1.460000000000001075e+00 -1.021007167291141694e-02 -6.382116331850079538e-01 1.156874522799357097e+00 -6.876071321573653528e-01 1.208821596056275198e-02 1.334580014599779374e-01
1.460000000000001075e+00 -1.021007167291141694e-02 -6.382116331850079538e-01 1.156874522799357097e+00 -6.876071321573653528e-01 1.208821596056275198e-02 1.334580014599779374e-01
1.470000000000001084e+00 -9.901939137090634210e-03 -6.378555815478624824e-01 1.153002046622596088e+00 -6.788952416399525180e-01 1.249858736280851437e-02 1.263878094098279670e-01
1.470000000000001084e+00 -9.901939137090634210e-03 -6.378555815478624824e-01 1.153002046622596088e+00 -6.788952416399525180e-01 1.249858736280851437e-02 1.263878094098279670e-01
1.480000000000001092e+00 -9.596117923058413920e-03 -6.375362542856375381e-01 1.149232736160078261e+00 -6.702440547932460024e-01 1.290555042290913480e-02 1.197197800907857240e-01
1.480000000000001092e+00 -9.596117923058413920e-03 -6.375362542856375381e-01 1.149232736160078261e+00 -6.702440547932460024e-01 1.290555042290913480e-02 1.197197800907857240e-01
1.490000000000001101e+00 -9.292950653170197958e-03 -6.372572130752535147e-01 1.145584167144251708e+00 -6.616903288546034378e-01 1.330914639852480603e-02 1.134328636533958740e-01
1.490000000000001101e+00 -9.292950653170197958e-03 -6.372572130752535147e-01 1.145584167144251708e+00 -6.616903288546034378e-01 1.330914639852480603e-02 1.134328636533958740e-01
1.500000000000001110e+00 -8.992700217259220336e-03 -6.370214830586843346e-01 1.142071272271472315e+00 -6.532655976533905395e-01 1.370950241222012450e-02 1.075063259535406907e-01
1.500000000000001110e+00 -8.992700217259220336e-03 -6.370214830586843346e-01 1.142071272271472315e+00 -6.532655976533905395e-01 1.370950241222012450e-02 1.075063259535406907e-01
1.510000000000001119e+00 -8.695557845459956844e-03 -6.368315881505827170e-01 1.138706555149585853e+00 -6.449966455846406488e-01 1.410681887308996851e-02 1.019199995450128793e-01
1.510000000000001119e+00 -8.695557845459956844e-03 -6.368315881505827170e-01 1.138706555149585853e+00 -6.449966455846406488e-01 1.410681887308996851e-02 1.019199995450128793e-01
1.520000000000001128e+00 -8.401650803728594186e-03 -6.366895867219291016e-01 1.135500299484230702e+00 -6.369059613062434400e-01 1.450135780300262911e-02 9.665445775389869265e-02
1.520000000000001128e+00 -8.401650803728594186e-03 -6.366895867219291016e-01 1.135500299484230702e+00 -6.369059613062434400e-01 1.450135780300262911e-02 9.665445775389869265e-02
1.530000000000001137e+00 -8.111049642544092969e-03 -6.365971071600488029e-01 1.132460771057042015e+00 -6.290121672720613288e-01 1.489343211152063806e-02 9.169112857088489166e-02
1.530000000000001137e+00 -8.111049642544092969e-03 -6.365971071600488029e-01 1.132460771057042015e+00 -6.290121672720613288e-01 1.489343211152063806e-02 9.169112857088489166e-02
1.540000000000001146e+00 -7.823774956740666212e-03 -6.365553828945417214e-01 1.129594410751197042e+00 -6.213304226885847381e-01 1.528339583228324750e-02 8.701236200764958517e-02
1.540000000000001146e+00 -7.823774956740666212e-03 -6.365553828945417214e-01 1.129594410751197042e+00 -6.213304226885847381e-01 1.528339583228324750e-02 8.701236200764958517e-02
1.550000000000001155e+00 -7.539803635732669068e-03 -6.365652865557146489e-01 1.126906017440074903e+00 -6.138727986260782421e-01 1.567163530992937009e-02 8.260146196224449344e-02
1.550000000000001155e+00 -7.539803635732669068e-03 -6.365652865557146489e-01 1.126906017440074903e+00 -6.138727986260782421e-01 1.567163530992937009e-02 8.260146196224449344e-02
1.560000000000001164e+00 -7.259074599648616261e-03 -6.366273629992279526e-01 1.124398919999366919e+00 -6.066486248890344823e-01 1.605856130909312160e-02 7.844269146686641547e-02
1.560000000000001164e+00 -7.259074599648616261e-03 -6.366273629992279526e-01 1.124398919999366919e+00 -6.066486248890344823e-01 1.605856130909312160e-02 7.844269146686641547e-02
1.570000000000001172e+00 -6.981494029034193000e-03 -6.367418609893797932e-01 1.122075138053213461e+00 -5.996648089072379451e-01 1.644460200443138148e-02 7.452125839266428298e-02
1.570000000000001172e+00 -6.981494029034193000e-03 -6.367418609893797932e-01 1.122075138053213461e+00 -5.996648089072379451e-01 1.644460200443138148e-02 7.452125839266428298e-02
1.580000000000001181e+00 -6.706940104611609083e-03 -6.369087633848141694e-01 1.119935531338385637e+00 -5.929261273910200192e-01 1.683019680205573299e-02 7.082328720690549140e-02
1.580000000000001181e+00 -6.706940104611609083e-03 -6.369087633848141694e-01 1.119935531338385637e+00 -5.929261273910200192e-01 1.683019680205573299e-02 7.082328720690549140e-02
1.590000000000001190e+00 -6.435267279762429959e-03 -6.371278157152236998e-01 1.117979937781547362e+00 -5.864354918379560688e-01 1.721579093731835305e-02 6.733578116930359625e-02
1.590000000000001190e+00 -6.435267279762429959e-03 -6.371278157152236998e-01 1.117979937781547362e+00 -5.864354918379560688e-01 1.721579093731835305e-02 6.733578116930359625e-02
1.600000000000001199e+00 -6.166310112488083452e-03 -6.373985530764314511e-01 1.116207300544945324e+00 -5.801941892124413691e-01 1.760183079096370659e-02 6.404657837322770553e-02
1.600000000000001199e+00 -6.166310112488083452e-03 -6.373985530764314511e-01 1.116207300544945324e+00 -5.801941892124413691e-01 1.760183079096370659e-02 6.404657837322770553e-02
1.610000000000001208e+00 -5.899886686054147539e-03 -6.377203253045791165e-01 1.114615784415086353e+00 -5.742020992680358926e-01 1.798875986464537266e-02 6.094430424587717054e-02
1.610000000000001208e+00 -5.899886686054147539e-03 -6.377203253045791165e-01 1.114615784415086353e+00 -5.742020992680358926e-01 1.798875986464537266e-02 6.094430424587717054e-02
1.620000000000001217e+00 -5.635801648715596177e-03 -6.380923204184739683e-01 1.113202881994914684e+00 -5.684578900644310373e-01 1.837701535726154675e-02 5.801832248654898577e-02
1.620000000000001217e+00 -5.635801648715596177e-03 -6.380923204184739683e-01 1.113202881994914684e+00 -5.684578900644310373e-01 1.837701535726154675e-02 5.801832248654898577e-02
1.630000000000001226e+00 -5.373848903154366044e-03 -6.385135863428725855e-01 1.111965510219123932e+00 -5.629591932618928096e-01 1.876702528510974452e-02 5.525868591591993895e-02
1.630000000000001226e+00 -5.373848903154366044e-03 -6.385135863428725855e-01 1.111965510219123932e+00 -5.629591932618928096e-01 1.876702528510974452e-02 5.525868591591993895e-02
1.640000000000001235e+00 -5.113813975783062897e-03 -6.389830509450226126e-01 1.110900097749820681e+00 -5.577027607685610677e-01 1.915920609119823106e-02 5.265608830828122366e-02
1.640000000000001235e+00 -5.113813975783062897e-03 -6.389830509450226126e-01 1.110900097749820681e+00 -5.577027607685610677e-01 1.915920609119823106e-02 5.265608830828122366e-02
1.650000000000001243e+00 -4.855476095075428496e-03 -6.394995404325397592e-01 1.110002663830112368e+00 -5.526846042800090952e-01 1.955396069193518493e-02 5.020181796323138629e-02
1.650000000000001243e+00 -4.855476095075428496e-03 -6.394995404325397592e-01 1.110002663830112368e+00 -5.526846042800090952e-01 1.955396069193518493e-02 5.020181796323138629e-02
1.660000000000001252e+00 -4.598610006731124709e-03 -6.400617961730655781e-01 1.109268889179926720e+00 -5.479001191939375515e-01 1.995167691265245860e-02 4.788771352714190493e-02
1.660000000000001252e+00 -4.598610006731124709e-03 -6.400617961730655781e-01 1.109268889179926720e+00 -5.479001191939375515e-01 1.995167691265245860e-02 4.788771352714190493e-02
1.670000000000001261e+00 -4.342987551892002127e-03 -6.406684900055140686e-01 1.108694179514401412e+00 -5.433441943120884687e-01 2.035272626685597636e-02 4.570612238431231988e-02
1.670000000000001261e+00 -4.342987551892002127e-03 -6.406684900055140686e-01 1.108694179514401412e+00 -5.433441943120884687e-01 2.035272626685597636e-02 4.570612238431231988e-02
1.680000000000001270e+00 -4.088379032894798489e-03 -6.413182381194508785e-01 1.108273722252979487e+00 -5.390113086613645965e-01 2.075746303760991895e-02 4.364986179210450512e-02
1.680000000000001270e+00 -4.088379032894798489e-03 -6.413182381194508785e-01 1.108273722252979487e+00 -5.390113086613645965e-01 2.075746303760991895e-02 4.364986179210450512e-02
1.690000000000001279e+00 -3.834554389244704611e-03 -6.420096135836035334e-01 1.108002536968890617e+00 -5.348956166805957091e-01 2.116622362296580184e-02 4.171218282448099779e-02
1.690000000000001279e+00 -3.834554389244704611e-03 -6.420096135836035334e-01 1.108002536968890617e+00 -5.348956166805957091e-01 2.116622362296580184e-02 4.171218282448099779e-02
1.700000000000001288e+00 -3.581284204681165362e-03 -6.427411576070195531e-01 1.107875520105677802e+00 -5.309910229314006580e-01 2.157932611077151286e-02 3.988673710695050945e-02
1.700000000000001288e+00 -3.581284204681165362e-03 -6.427411576070195531e-01 1.107875520105677802e+00 -5.309910229314006580e-01 2.157932611077151286e-02 3.988673710695050945e-02
1.710000000000001297e+00 -3.328340564423195626e-03 -6.435113896172763859e-01 1.107887484461185235e+00 -5.272912474034340269e-01 2.199707005148955272e-02 3.816754626700050862e-02
1.710000000000001297e+00 -3.328340564423195626e-03 -6.435113896172763859e-01 1.107887484461185235e+00 -5.272912474034340269e-01 2.199707005148955272e-02 3.816754626700050862e-02
1.720000000000001306e+00 -3.075497779956470890e-03 -6.443188162396884522e-01 1.108033193911091230e+00 -5.237898823976963047e-01 2.241973640078305172e-02 3.654897398287325350e-02
1.720000000000001306e+00 -3.075497779956470890e-03 -6.443188162396884522e-01 1.108033193911091230e+00 -5.237898823976963047e-01 2.241973640078305172e-02 3.654897398287325350e-02
1.730000000000001315e+00 -2.822532997079556499e-03 -6.451619392599123870e-01 1.108307393814548680e+00 -5.204804418877949646e-01 2.284758760656966162e-02 3.502570048613840720e-02
1.730000000000001315e+00 -2.822532997079556499e-03 -6.451619392599123870e-01 1.108307393814548680e+00 -5.204804418877949646e-01 2.284758760656966162e-02 3.502570048613840720e-02
1.740000000000001323e+00 -2.569226701375810704e-03 -6.460392626499490420e-01 1.108704837514513430e+00 -5.173564041789582291e-01 2.328086781798353877e-02 3.359269935681843955e-02
1.740000000000001323e+00 -2.569226701375810704e-03 -6.460392626499490420e-01 1.108704837514513430e+00 -5.173564041789582291e-01 2.328086781798353877e-02 3.359269935681843955e-02
1.750000000000001332e+00 -2.315363133829112258e-03 -6.469492987344812596e-01 1.109220309315495090e+00 -5.144112486088409097e-01 2.371980319621847313e-02 3.224521644132519876e-02
1.750000000000001332e+00 -2.315363133829112258e-03 -6.469492987344812596e-01 1.109220309315495090e+00 -5.144112486088409097e-01 2.371980319621847313e-02 3.224521644132519876e-02
1.760000000000001341e+00 -2.060730627959661901e-03 -6.478905735709505898e-01 1.109848644292183772e+00 -5.116384869630913323e-01 2.416460230955032318e-02 3.097875072116852702e-02
1.760000000000001341e+00 -2.060730627959661901e-03 -6.478905735709505898e-01 1.109848644292183772e+00 -5.116384869630913323e-01 2.416460230955032318e-02 3.097875072116852702e-02
1.770000000000001350e+00 -1.805121878621521268e-03 -6.488616316129046657e-01 1.110584745254063588e+00 -5.090316902124727427e-01 2.461545659695831695e-02 2.978903696269656273e-02
1.770000000000001350e+00 -1.805121878621521268e-03 -6.488616316129046657e-01 1.110584745254063588e+00 -5.090316902124727427e-01 2.461545659695831695e-02 2.978903696269656273e-02
1.780000000000001359e+00 -1.548334151474605597e-03 -6.498610397220758728e-01 1.111423597163958332e+00 -5.065845111171048964e-01 2.507254088668970857e-02 2.867202998375613723e-02
1.780000000000001359e+00 -1.548334151474605597e-03 -6.498610397220758728e-01 1.111423597163958332e+00 -5.065845111171048964e-01 2.507254088668970857e-02 2.867202998375613723e-02
1.790000000000001368e+00 -1.290169441117085649e-03 -6.508873905904792867e-01 1.112360279282650355e+00 -5.042907031870629275e-01 2.553601395785018782e-02 2.762389038111241757e-02
1.790000000000001368e+00 -1.290169441117085649e-03 -6.508873905904792867e-01 1.112360279282650355e+00 -5.042907031870629275e-01 2.553601395785018782e-02 2.762389038111241757e-02
1.800000000000001377e+00 -1.030434584934919288e-03 -6.519393056296324263e-01 1.113389975287401912e+00 -5.021441364370063942e-01 2.600601913466409412e-02 2.664097157195065291e-02
1.800000000000001377e+00 -1.030434584934919288e-03 -6.519393056296324263e-01 1.113389975287401912e+00 -5.021441364370063942e-01 2.600601913466409412e-02 2.664097157195065291e-02
1.810000000000001386e+00 -7.689413388879153249e-04 -6.530154373798658929e-01 1.114507981589436758e+00 -5.001388103255263173e-01 2.648268490444600359e-02 2.571980801318295845e-02
1.810000000000001386e+00 -7.689413388879153249e-04 -6.530154373798658929e-01 1.114507981589436758e+00 -5.001388103255263173e-01 2.648268490444600359e-02 2.571980801318295845e-02
1.820000000000001394e+00 -5.055064207003355384e-04 -6.541144714886704126e-01 1.115709714054249346e+00 -4.982688642272529167e-01 2.696612555157063690e-02 2.485710447312344112e-02
1.820000000000001394e+00 -5.055064207003355384e-04 -6.541144714886704126e-01 1.115709714054249346e+00 -4.982688642272529167e-01 2.696612555157063690e-02 2.485710447312344112e-02
1.830000000000001403e+00 -2.399515252521958165e-04 -6.552351283031463414e-01 1.116990713308993355e+00 -4.965285857472117592e-01 2.745644180083383831e-02 2.404972624101396617e-02
1.830000000000001403e+00 -2.399515252521958165e-04 -6.552351283031463414e-01 1.116990713308993355e+00 -4.965285857472117592e-01 2.745644180083383831e-02 2.404972624101396617e-02
1.840000000000001412e+00 2.789668363120656729e-05 -6.563761641179176598e-01 1.118346648803112853e+00 -4.949124171521661619e-01 2.795372146457555246e-02 2.329469017060950206e-02
1.840000000000001412e+00 2.789668363120656729e-05 -6.563761641179176598e-01 1.118346648803112853e+00 -4.949124171521661619e-01 2.795372146457555246e-02 2.329469017060950206e-02
1.850000000000001421e+00 2.982066013257556525e-04 -6.575363721163661745e-01 1.119773321771785124e+00 -4.934149601624677195e-01 2.845804008879831287e-02 2.258915646436856703e-02
1.850000000000001421e+00 2.982066013257556525e-04 -6.575363721163661745e-01 1.119773321771785124e+00 -4.934149601624677195e-01 2.845804008879831287e-02 2.258915646436856703e-02
1.860000000000001430e+00 5.711417272961142287e-04 -6.587145830397378443e-01 1.121266667236565873e+00 -4.920309793199658110e-01 2.896946159427256015e-02 2.193042111460277374e-02
1.860000000000001430e+00 5.711417272961142287e-04 -6.587145830397378443e-01 1.121266667236565873e+00 -4.920309793199658110e-01 2.896946159427256015e-02 2.193042111460277374e-02
1.870000000000001439e+00 8.468607239455516788e-04 -6.599096656155836182e-01 1.122822755163792152e+00 -4.907554041225297148e-01 2.948803890928406585e-02 2.131590892712808757e-02
1.870000000000001439e+00 8.468607239455516788e-04 -6.599096656155836182e-01 1.122822755163792152e+00 -4.907554041225297148e-01 2.948803890928406585e-02 2.131590892712808757e-02
1.880000000000001448e+00 1.125517487015554111e-03 -6.611205267741223635e-01 1.124437790888723310e+00 -4.895833300934467891e-01 3.001381459125846557e-02 2.074316706147447814e-02
1.880000000000001448e+00 1.125517487015554111e-03 -6.611205267741223635e-01 1.124437790888723310e+00 -4.895833300934467891e-01 3.001381459125846557e-02 2.074316706147447814e-02
1.890000000000001457e+00 1.407261225444878623e-03 -6.623461116784432612e-01 1.126108114902001800e+00 -4.885100189341230470e-01 3.054682143500257394e-02 2.020985902952292940e-02
1.890000000000001457e+00 1.407261225444878623e-03 -6.623461116784432612e-01 1.126108114902001800e+00 -4.885100189341230470e-01 3.054682143500257394e-02 2.020985902952292940e-02
1.900000000000001465e+00 1.692236548880220095e-03 -6.635854035920041305e-01 1.127830202084705302e+00 -4.875308978908899360e-01 3.108708306574015437e-02 1.971375910154833655e-02
1.900000000000001465e+00 1.692236548880220095e-03 -6.635854035920041305e-01 1.127830202084705302e+00 -4.875308978908899360e-01 3.108708306574015437e-02 1.971375910154833655e-02
1.910000000000001474e+00 1.980583561277953104e-03 -6.648374236046120656e-01 1.129600660468952800e+00 -4.866415584510918602e-01 3.163461451549881565e-02 1.925274707506317851e-02
1.910000000000001474e+00 1.980583561277953104e-03 -6.648374236046120656e-01 1.129600660468952800e+00 -4.866415584510918602e-01 3.163461451549881565e-02 1.925274707506317851e-02
1.920000000000001483e+00 2.272437959252474743e-03 -6.661012302359912152e-01 1.131416229592640210e+00 -4.858377544697836115e-01 3.218942278173148042e-02 1.882480336760856965e-02
1.920000000000001483e+00 2.272437959252474743e-03 -6.661012302359912152e-01 1.131416229592640210e+00 -4.858377544697836115e-01 3.218942278173148042e-02 1.882480336760856965e-02
1.930000000000001492e+00 2.567931134015152134e-03 -6.673759189341348375e-01 1.133273778509334084e+00 -4.851153998161178982e-01 3.275150736733696555e-02 1.842800439975886620e-02
1.930000000000001492e+00 2.567931134015152134e-03 -6.673759189341348375e-01 1.133273778509334084e+00 -4.851153998161178982e-01 3.275150736733696555e-02 1.842800439975886620e-02
1.940000000000001501e+00 2.867190275912028831e-03 -6.686606214838961559e-01 1.135170303507567091e+00 -4.844705656176744868e-01 3.332086080148478902e-02 1.806051823913405394e-02
1.940000000000001501e+00 2.867190275912028831e-03 -6.686606214838961559e-01 1.135170303507567091e+00 -4.844705656176744868e-01 3.332086080148478902e-02 1.806051823913405394e-02
1.950000000000001510e+00 3.170338480711230346e-03 -6.699545053396817051e-01 1.137102925587690327e+00 -4.838994771714194010e-01 3.389746914085497997e-02 1.772060048019474462e-02
1.950000000000001510e+00 3.170338480711230346e-03 -6.699545053396817051e-01 1.137102925587690327e+00 -4.838994771714194010e-01 3.389746914085497997e-02 1.772060048019474462e-02
1.960000000000001519e+00 3.477494856915056085e-03 -6.712567728946626788e-01 1.139068887738975633e+00 -4.833985105815382100e-01 3.448131245107824427e-02 1.740659033807287828e-02
1.960000000000001519e+00 3.477494856915056085e-03 -6.712567728946626788e-01 1.139068887738975633e+00 -4.833985105815382100e-01 3.448131245107824427e-02 1.740659033807287828e-02
1.970000000000001528e+00 3.788774633479402142e-03 -6.725666606976041795e-01 1.141065552054763677e+00 -4.829641891769361206e-01 3.507236526830993101e-02 1.711690693771266564e-02
1.970000000000001528e+00 3.788774633479402142e-03 -6.725666606976041795e-01 1.141065552054763677e+00 -4.829641891769361206e-01 3.507236526830993101e-02 1.711690693771266564e-02
1.980000000000001537e+00 4.104289267416500082e-03 -6.738834386272125609e-01 1.143090396719069313e+00 -4.825931797546239577e-01 3.567059704099564965e-02 1.685004578220726870e-02
1.980000000000001537e+00 4.104289267416500082e-03 -6.738834386272125609e-01 1.143090396719069313e+00 -4.825931797546239577e-01 3.567059704099564965e-02 1.685004578220726870e-02
1.990000000000001545e+00 4.424146550837837477e-03 -6.752064090328185886e-01 1.145141012894127730e+00 -4.822822886894075900e-01 3.627597255199098425e-02 1.660457538645890296e-02
1.990000000000001545e+00 4.424146550837837477e-03 -6.752064090328185886e-01 1.145141012894127730e+00 -4.822822886894075900e-01 3.627597255199098425e-02 1.660457538645890296e-02
2.000000000000001332e+00 4.748450717064159332e-03 -6.765349058492282630e-01 1.147215101534850179e+00 -4.820284579451813434e-01 3.688845232128457052e-02 1.637913406420578658e-02
2.000000000000001332e+00 4.748450717064159332e-03 -6.765349058492282630e-01 1.147215101534850179e+00 -4.820284579451813434e-01 3.688845232128457052e-02 1.637913406420578658e-02
2.010000000000001119e+00 5.077302545490046913e-03 -6.778682936926818670e-01 1.149310470153012576e+00 -4.818287610186084424e-01 3.750799298964552914e-02 1.617242685808686908e-02
2.010000000000001119e+00 5.077302545490046913e-03 -6.778682936926818670e-01 1.149310470153012576e+00 -4.818287610186084424e-01 3.750799298964552914e-02 1.617242685808686908e-02
2.020000000000000906e+00 5.410799464943001624e-03 -6.792059669440558833e-01 1.151425029551189416e+00 -4.816803988419841032e-01 3.813454768357500690e-02 1.598322260379076570e-02
2.020000000000000906e+00 5.410799464943001624e-03 -6.792059669440558833e-01 1.151425029551189416e+00 -4.816803988419841032e-01 3.813454768357500690e-02 1.598322260379076570e-02
2.030000000000000693e+00 5.749035655322310735e-03 -6.805473488247127944e-01 1.153556790543926125e+00 -4.815806956685554918e-01 3.876806636198908140e-02 1.581035112049063857e-02
2.030000000000000693e+00 5.749035655322310735e-03 -6.805473488247127944e-01 1.153556790543926125e+00 -4.815806956685554918e-01 3.876806636198908140e-02 1.581035112049063857e-02
2.040000000000000480e+00 6.092102147342145710e-03 -6.818918904697445216e-01 1.155703860681395190e+00 -4.815270949604606998e-01 3.940849614509796262e-02 1.565270052073338206e-02
2.040000000000000480e+00 6.092102147342145710e-03 -6.818918904697445216e-01 1.155703860681395190e+00 -4.815270949604606998e-01 3.940849614509796262e-02 1.565270052073338206e-02
2.050000000000000266e+00 6.440086920237254701e-03 -6.832390700027624053e-01 1.157864440988770394e+00 -4.815171552966985846e-01 4.005578162597608211e-02 1.550921463375419876e-02
2.050000000000000266e+00 6.440086920237254701e-03 -6.832390700027624053e-01 1.157864440988770394e+00 -4.815171552966985846e-01 4.005578162597608211e-02 1.550921463375419876e-02
2.060000000000000053e+00 6.793074997318859949e-03 -6.845883916158477245e-01 1.160036822732755768e+00 -4.815485463161082724e-01 4.070986516533989241e-02 1.537889053685227540e-02
2.060000000000000053e+00 6.793074997318859949e-03 -6.845883916158477245e-01 1.160036822732755768e+00 -4.815485463161082724e-01 4.070986516533989241e-02 1.537889053685227540e-02
2.069999999999999840e+00 7.151148539293687365e-03 -6.859393846577963583e-01 1.162219384225101848e+00 -4.816190447081850068e-01 4.137068717006663066e-02 1.526077619001069835e-02
2.069999999999999840e+00 7.151148539293687365e-03 -6.859393846577963583e-01 1.162219384225101848e+00 -4.816190447081850068e-01 4.137068717006663066e-02 1.526077619001069835e-02
2.079999999999999627e+00 7.514386935280880156e-03 -6.872916027333545452e-01 1.164410587671507402e+00 -4.817265302626529966e-01 4.203818635599832626e-02 1.515396816939145429e-02
2.079999999999999627e+00 7.514386935280880156e-03 -6.872916027333545452e-01 1.164410587671507402e+00 -4.817265302626529966e-01 4.203818635599832626e-02 1.515396816939145429e-02
2.089999999999999414e+00 7.882866891480422994e-03 -6.886446228157528937e-01 1.166608976073024495e+00 -4.818689819870292101e-01 4.271229999558208423e-02 1.505760949570300947e-02
2.089999999999999414e+00 7.882866891480422994e-03 -6.886446228157528937e-01 1.166608976073024495e+00 -4.818689819870292101e-01 4.271229999558208423e-02 1.505760949570300947e-02
2.099999999999999201e+00 8.256662517462941969e-03 -6.899980443744940795e-01 1.168813170185949213e+00 -4.820444742999174248e-01 4.339296415090048570e-02 1.497088755373607652e-02
2.099999999999999201e+00 8.256662517462941969e-03 -6.899980443744940795e-01 1.168813170185949213e+00 -4.820444742999174248e-01 4.339296415090048570e-02 1.497088755373607652e-02
2.109999999999998987e+00 8.635845410064783845e-03 -6.913514885200360283e-01 1.171021865545156970e+00 -4.822511733064484551e-01 4.408011389264582941e-02 1.489303209960542683e-02
2.109999999999998987e+00 8.635845410064783845e-03 -6.913514885200360283e-01 1.171021865545156970e+00 -4.822511733064484551e-01 4.408011389264582941e-02 1.489303209960542683e-02
2.119999999999998774e+00 9.020484734884320552e-03 -6.927045971667299407e-01 1.173233829554943153e+00 -4.824873331611103100e-01 4.477368350558882937e-02 1.482331335243340133e-02
2.119999999999998774e+00 9.020484734884320552e-03 -6.927045971667299407e-01 1.173233829554943153e+00 -4.824873331611103100e-01 4.477368350558882937e-02 1.482331335243340133e-02
2.129999999999998561e+00 9.410647305385804601e-03 -6.940570322151211613e-01 1.175447898650622269e+00 -4.827512925221743023e-01 4.547360668108728354e-02 1.476104016737161788e-02
2.129999999999998561e+00 9.410647305385804601e-03 -6.940570322151211613e-01 1.175447898650622269e+00 -4.827512925221743023e-01 4.547360668108728354e-02 1.476104016737161788e-02
2.139999999999998348e+00 9.806397659625966379e-03 -6.954084747544969636e-01 1.177662975533427581e+00 -4.830414711010045381e-01 4.617981669717292903e-02 1.470555828699042326e-02
2.139999999999998348e+00 9.806397659625966379e-03 -6.954084747544969636e-01 1.177662975533427581e+00 -4.830414711010045381e-01 4.617981669717292903e-02 1.470555828699042326e-02
2.149999999999998135e+00 1.020779813462612678e-02 -6.967586242863645918e-01 1.179878026480618125e+00 -4.833563663087271922e-01 4.689224658674618490e-02 1.465624866817562440e-02
2.149999999999998135e+00 1.020779813462612678e-02 -6.967586242863645918e-01 1.179878026480618125e+00 -4.833563663087271922e-01 4.689224658674618490e-02 1.465624866817562440e-02
2.159999999999997922e+00 1.061490893841908825e-02 -6.981071979693673768e-01 1.182092078732145168e+00 -4.836945500020185529e-01 4.761082929439823530e-02 1.461252588176528526e-02
2.159999999999997922e+00 1.061490893841908825e-02 -6.981071979693673768e-01 1.182092078732145168e+00 -4.836945500020185529e-01 4.761082929439823530e-02 1.461252588176528526e-02
2.169999999999997708e+00 1.102778821980549342e-02 -6.994539298859877574e-01 1.184304217954734284e+00 -4.840546653291386558e-01 4.833549782236899739e-02 1.457383658224021758e-02
2.169999999999997708e+00 1.102778821980549342e-02 -6.994539298859877574e-01 1.184304217954734284e+00 -4.840546653291386558e-01 4.833549782236899739e-02 1.457383658224021758e-02
2.179999999999997495e+00 1.144649213585896726e-02 -7.007985703312494818e-01 1.186513585783806723e+00 -4.844354236767824951e-01 4.906618536613739645e-02 1.453965804485239655e-02
2.179999999999997495e+00 1.144649213585896726e-02 -7.007985703312494818e-01 1.186513585783806723e+00 -4.844354236767824951e-01 4.906618536613739645e-02 1.453965804485239655e-02
2.189999999999997282e+00 1.187107491722318858e-02 -7.021408851235089177e-01 1.188719377443284708e+00 -4.848356017178305222e-01 4.980282544012778340e-02 1.450949676764085212e-02
2.189999999999997282e+00 1.187107491722318858e-02 -7.021408851235089177e-01 1.188719377443284708e+00 -4.848356017178305222e-01 4.980282544012778340e-02 1.450949676764085212e-02
2.199999999999997069e+00 1.230158893124719093e-02 -7.034806549373188167e-01 1.190920839442992873e+00 -4.852540385596553207e-01 5.054535199400306961e-02 1.448288713584426277e-02
2.199999999999997069e+00 1.230158893124719093e-02 -7.034806549373188167e-01 1.190920839442992873e+00 -4.852540385596553207e-01 5.054535199400306961e-02 1.448288713584426277e-02
2.209999999999996856e+00 1.273808474300777878e-02 -7.048176746582555108e-01 1.193117267353080546e+00 -4.856896329922668065e-01 5.129369952000158162e-02 1.445939014627801306e-02
2.209999999999996856e+00 1.273808474300777878e-02 -7.048176746582555108e-01 1.193117267353080546e+00 -4.856896329922668065e-01 5.129369952000158162e-02 1.445939014627801306e-02
2.219999999999996643e+00 1.318061117426998913e-02 -7.061517527595193577e-01 1.195308003654640849e+00 -4.861413408352566745e-01 5.204780315176069094e-02 1.443859218929921528e-02
2.219999999999996643e+00 1.318061117426998913e-02 -7.061517527595193577e-01 1.195308003654640849e+00 -4.861413408352566745e-01 5.204780315176069094e-02 1.443859218929921528e-02
2.229999999999996430e+00 1.362921536043809612e-02 -7.074827107000496440e-01 1.197492435665486576e+00 -4.866081723822218708e-01 5.280759875505611212e-02 1.442010388603992034e-02
2.229999999999996430e+00 1.362921536043809612e-02 -7.074827107000496440e-01 1.197492435665486576e+00 -4.866081723822218708e-01 5.280759875505611212e-02 1.442010388603992034e-02
2.239999999999996216e+00 1.408394280555088328e-02 -7.088103823438369755e-01 1.199669993539865587e+00 -4.870891899411091686e-01 5.357302301087168289e-02 1.440355897864486687e-02
2.239999999999996216e+00 1.408394280555088328e-02 -7.088103823438369755e-01 1.199669993539865587e+00 -4.870891899411091686e-01 5.357302301087168289e-02 1.440355897864486687e-02
2.249999999999996003e+00 1.454483743537565883e-02 -7.101346134000630084e-01 1.201840148340737935e+00 -4.875835054687174819e-01 5.434401349119997310e-02 1.438861327130742766e-02
2.249999999999996003e+00 1.454483743537565883e-02 -7.101346134000630084e-01 1.201840148340737935e+00 -4.875835054687174819e-01 5.434401349119997310e-02 1.438861327130742766e-02
2.259999999999995790e+00 1.501194164865606549e-02 -7.114552608836591796e-01 1.204002410183115268e+00 -4.880902782974241294e-01 5.512050872796001033e-02 1.437494361995544749e-02
2.259999999999995790e+00 1.501194164865606549e-02 -7.114552608836591796e-01 1.204002410183115268e+00 -4.880902782974241294e-01 5.512050872796001033e-02 1.437494361995544749e-02
2.269999999999995577e+00 1.548529636656887851e-02 -7.127721925958389049e-01 1.206156326446852223e+00 -4.886087129520570449e-01 5.590244827540418598e-02 1.436224696849826982e-02
2.269999999999995577e+00 1.548529636656887851e-02 -7.127721925958389049e-01 1.206156326446852223e+00 -4.886087129520570449e-01 5.590244827540418598e-02 1.436224696849826982e-02
2.279999999999995364e+00 1.596494108044502550e-02 -7.140852866241299557e-01 1.208301480057198729e+00 -4.891380570547191331e-01 5.668977276637231916e-02 1.435023942960633736e-02
2.279999999999995364e+00 1.596494108044502550e-02 -7.140852866241299557e-01 1.208301480057198729e+00 -4.891380570547191331e-01 5.668977276637231916e-02 1.435023942960633736e-02
2.289999999999995151e+00 1.645091389780975119e-02 -7.153944308614123004e-01 1.210437487831351300e+00 -4.896775993152760464e-01 5.748242396273713084e-02 1.433865540805656993e-02
2.289999999999995151e+00 1.645091389780975119e-02 -7.153944308614123004e-01 1.210437487831351300e+00 -4.896775993152760464e-01 5.748242396273713084e-02 1.433865540805656993e-02
2.299999999999994937e+00 1.694325158679647197e-02 -7.166995225434485972e-01 1.212563998889193195e+00 -4.902266676051462158e-01 5.828034480037162790e-02 1.432724676473857983e-02
2.299999999999994937e+00 1.694325158679647197e-02 -7.166995225434485972e-01 1.212563998889193195e+00 -4.902266676051462158e-01 5.828034480037162790e-02 1.432724676473857983e-02
2.309999999999994724e+00 1.744198961898819206e-02 -7.180004678043827582e-01 1.214680693126376942e+00 -4.907846271119771231e-01 5.908347942895550431e-02 1.431578201948046150e-02
2.309999999999994724e+00 1.744198961898819206e-02 -7.180004678043827582e-01 1.214680693126376942e+00 -4.907846271119771231e-01 5.908347942895550431e-02 1.431578201948046150e-02
2.319999999999994511e+00 1.794716221073967485e-02 -7.192971812496721240e-01 1.216787279747876926e+00 -4.913508785727541128e-01 5.989177324692458032e-02 1.430404559091584538e-02
2.319999999999994511e+00 1.794716221073967485e-02 -7.192971812496721240e-01 1.216787279747876926e+00 -4.913508785727541128e-01 5.989177324692458032e-02 1.430404559091584538e-02
2.329999999999994298e+00 1.845880236303261077e-02 -7.205895855459156785e-01 1.218883495860130672e+00 -4.919248565828641673e-01 6.070517293185430374e-02 1.429183707167794824e-02
2.329999999999994298e+00 1.845880236303261077e-02 -7.205895855459156785e-01 1.218883495860130672e+00 -4.919248565828641673e-01 6.070517293185430374e-02 1.429183707167794824e-02
2.339999999999994085e+00 1.897694189991509794e-02 -7.218776110270374025e-01 1.220969105119880771e+00 -4.925060279786283024e-01 6.152362646655590295e-02 1.427897053727023198e-02
2.339999999999994085e+00 1.897694189991509794e-02 -7.218776110270374025e-01 1.220969105119880771e+00 -4.925060279786283024e-01 6.152362646655590295e-02 1.427897053727023198e-02
2.349999999999993872e+00 1.950161150557562506e-02 -7.231611953162860873e-01 1.223043896437839395e+00 -4.930938902908161281e-01 6.234708316115142313e-02 1.426527388702676473e-02
2.349999999999993872e+00 1.950161150557562506e-02 -7.231611953162860873e-01 1.223043896437839395e+00 -4.930938902908161281e-01 6.234708316115142313e-02 1.426527388702676473e-02
2.359999999999993658e+00 2.003284076010063142e-02 -7.244402829635145924e-01 1.225107682735309123e+00 -4.936879702666689962e-01 6.317549367138201866e-02 1.425058821563846174e-02
2.359999999999993658e+00 2.003284076010063142e-02 -7.244402829635145924e-01 1.225107682735309123e+00 -4.936879702666689962e-01 6.317549367138201866e-02 1.425058821563846174e-02
2.369999999999993445e+00 2.057065817396346377e-02 -7.257148250972088599e-01 1.227160299751914208e+00 -4.942878224579781432e-01 6.400881001339224496e-02 1.423476721378416632e-02
2.369999999999993445e+00 2.057065817396346377e-02 -7.257148250972088599e-01 1.227160299751914208e+00 -4.942878224579781432e-01 6.400881001339224496e-02 1.423476721378416632e-02
2.379999999999993232e+00 2.111509122129131416e-02 -7.269847790907428831e-01 1.229201604902620648e+00 -4.948930278727930454e-01 6.484698557522176887e-02 1.421767659646699065e-02
2.379999999999993232e+00 2.111509122129131416e-02 -7.269847790907428831e-01 1.229201604902620648e+00 -4.948930278727930454e-01 6.484698557522176887e-02 1.421767659646699065e-02
2.389999999999993019e+00 2.166616637195535253e-02 -7.282501082423445959e-01 1.231231476182258255e+00 -4.955031926883701199e-01 6.568997512522525839e-02 1.419919355771726011e-02
2.389999999999993019e+00 2.166616637195535253e-02 -7.282501082423445959e-01 1.231231476182258255e+00 -4.955031926883701199e-01 6.568997512522525839e-02 1.419919355771726011e-02
2.399999999999992806e+00 2.222390912252800860e-02 -7.295107814682679770e-01 1.233249811115787464e+00 -4.961179470230130950e-01 6.653773481763028408e-02 1.417920625038261370e-02
2.399999999999992806e+00 2.222390912252800860e-02 -7.295107814682679770e-01 1.233249811115787464e+00 -4.961179470230130950e-01 6.653773481763028408e-02 1.417920625038261370e-02
2.409999999999992593e+00 2.278834402614989332e-02 -7.307667730086773172e-01 1.235256525752594481e+00 -4.967369437645023922e-01 6.739022219543321091e-02 1.415761328978443374e-02
2.409999999999992593e+00 2.278834402614989332e-02 -7.307667730086773172e-01 1.235256525752594481e+00 -4.967369437645023922e-01 6.739022219543321091e-02 1.415761328978443374e-02
2.419999999999992379e+00 2.335949472134755955e-02 -7.320180621457619274e-01 1.237251553703139217e+00 -4.973598574528611538e-01 6.824739619082301201e-02 1.413432328007604814e-02
2.419999999999992379e+00 2.335949472134755955e-02 -7.320180621457619274e-01 1.237251553703139217e+00 -4.973598574528611538e-01 6.824739619082301201e-02 1.413432328007604814e-02
2.429999999999992166e+00 2.393738395984183753e-02 -7.332646329336104385e-01 1.239234845216320879e+00 -4.979863832152586767e-01 6.910921712331344335e-02 1.410925436219409058e-02
2.429999999999992166e+00 2.393738395984183753e-02 -7.332646329336104385e-01 1.239234845216320879e+00 -4.979863832152586767e-01 6.910921712331344335e-02 1.410925436219409058e-02
2.439999999999991953e+00 2.452203363338515893e-02 -7.345064739393896147e-01 1.241206366295975139e+00 -4.986162357509095755e-01 6.997564669575498386e-02 1.408233378234732998e-02
2.439999999999991953e+00 2.452203363338515893e-02 -7.345064739393896147e-01 1.241206366295975139e+00 -4.986162357509095755e-01 6.997564669575498386e-02 1.408233378234732998e-02
2.449999999999991740e+00 2.511346479966484330e-02 -7.357435779953831467e-01 1.243166097854957464e+00 -4.992491483638846761e-01 7.084664798838896660e-02 1.405349748003986016e-02
2.449999999999991740e+00 2.511346479966484330e-02 -7.357435779953831467e-01 1.243166097854957464e+00 -4.992491483638846761e-01 7.084664798838896660e-02 1.405349748003986016e-02
2.459999999999991527e+00 2.571169770730798859e-02 -7.369759419614616558e-01 1.245114034905318690e+00 -4.998848720418110902e-01 7.172218545109805554e-02 1.402268969467527528e-02
2.459999999999991527e+00 2.571169770730798859e-02 -7.369759419614616558e-01 1.245114034905318690e+00 -4.998848720418110902e-01 7.172218545109805554e-02 1.402268969467527528e-02
2.469999999999991314e+00 2.631675182002223695e-02 -7.382035664975684641e-01 1.247050185783124876e+00 -5.005231745785002628e-01 7.260222489399881241e-02 1.398986258983752479e-02
2.469999999999991314e+00 2.631675182002223695e-02 -7.382035664975684641e-01 1.247050185783124876e+00 -5.005231745785002628e-01 7.260222489399881241e-02 1.398986258983752479e-02
2.479999999999991100e+00 2.692864583990533384e-02 -7.394264558458184533e-01 1.248974571406520351e+00 -5.011638397386061206e-01 7.348673347651464571e-02 1.395497589439020220e-02
2.479999999999991100e+00 2.692864583990533384e-02 -7.394264558458184533e-01 1.248974571406520351e+00 -5.011638397386061206e-01 7.348673347651464571e-02 1.395497589439020220e-02
2.489999999999990887e+00 2.754739772995512537e-02 -7.406446176218237643e-01 1.250887224565682354e+00 -5.018066664624778461e-01 7.437567969505960719e-02 1.391799655958160173e-02
2.489999999999990887e+00 2.754739772995512537e-02 -7.406446176218237643e-01 1.250887224565682354e+00 -5.018066664624778461e-01 7.437567969505960719e-02 1.391799655958160173e-02
2.499999999999990674e+00 2.817302473581029948e-02 -7.418580626148711943e-01 1.252788189243362771e+00 -5.024514681094364166e-01 7.526903336945658940e-02 1.387889843138517994e-02
2.499999999999990674e+00 2.817302473581029948e-02 -7.418580626148711943e-01 1.252788189243362771e+00 -5.024514681094364166e-01 7.526903336945658940e-02 1.387889843138517994e-02
2.509999999999990461e+00 2.880554340675095179e-02 -7.430668045965925783e-01 1.254677519964760402e+00 -5.030980717377663280e-01 7.616676562820647034e-02 1.383766193734738484e-02
2.509999999999990461e+00 2.880554340675095179e-02 -7.430668045965925783e-01 1.254677519964760402e+00 -5.030980717377663280e-01 7.616676562820647034e-02 1.383766193734738484e-02
2.519999999999990248e+00 2.944496961598681850e-02 -7.442708601377808764e-01 1.256555281175512517e+00 -5.037463174197779336e-01 7.706884889271825578e-02 1.379427378725350643e-02
2.519999999999990248e+00 2.944496961598681850e-02 -7.442708601377808764e-01 1.256555281175512517e+00 -5.037463174197779336e-01 7.706884889271825578e-02 1.379427378725350643e-02
2.529999999999990035e+00 3.009123525536343616e-02 -7.454703364578458835e-01 1.258422084998257473e+00 -5.043980282867766007e-01 7.797444904072135807e-02 1.375720781357878467e-02
2.529999999999990035e+00 3.009123525536343616e-02 -7.454703364578458835e-01 1.258422084998257473e+00 -5.043980282867766007e-01 7.797444904072135807e-02 1.375720781357878467e-02
2.539999999999989821e+00 3.074436106605198463e-02 -7.466652361847522235e-01 1.260277916803410614e+00 -5.050522804108420472e-01 7.888358267463382867e-02 1.371824935735227111e-02
2.539999999999989821e+00 3.074436106605198463e-02 -7.466652361847522235e-01 1.260277916803410614e+00 -5.050522804108420472e-01 7.888358267463382867e-02 1.371824935735227111e-02
2.549999999999989608e+00 3.140436630071062607e-02 -7.478555712741139505e-01 1.262122808166247445e+00 -5.057087951178809160e-01 7.979626501004877248e-02 1.367693316036724081e-02
2.549999999999989608e+00 3.140436630071062607e-02 -7.478555712741139505e-01 1.262122808166247445e+00 -5.057087951178809160e-01 7.979626501004877248e-02 1.367693316036724081e-02
2.559999999999989395e+00 3.207126926280247370e-02 -7.490413571853901109e-01 1.263956804947216739e+00 -5.063673490435930402e-01 8.071251044237254257e-02 1.363324324631585982e-02
2.559999999999989395e+00 3.207126926280247370e-02 -7.490413571853901109e-01 1.263956804947216739e+00 -5.063673490435930402e-01 8.071251044237254257e-02 1.363324324631585982e-02
2.569999999999989182e+00 3.274508737005979442e-02 -7.502226123365786092e-01 1.265779964668489299e+00 -5.070277392330031496e-01 8.163233264627023367e-02 1.358719439564434577e-02
2.569999999999989182e+00 3.274508737005979442e-02 -7.502226123365786092e-01 1.265779964668489299e+00 -5.070277392330031496e-01 8.163233264627023367e-02 1.358719439564434577e-02
2.579999999999988969e+00 3.342583718922998576e-02 -7.513993578717438337e-01 1.267592355610903443e+00 -5.076897801044949476e-01 8.255574464391834955e-02 1.353880791114575252e-02
2.579999999999988969e+00 3.342583718922998576e-02 -7.513993578717438337e-01 1.267592355610903443e+00 -5.076897801044949476e-01 8.255574464391834955e-02 1.353880791114575252e-02
2.589999999999988756e+00 3.411353446774675197e-02 -7.525716174573189310e-01 1.269394056051435404e+00 -5.083533023045276877e-01 8.348275886727872519e-02 1.348811000093575081e-02
2.589999999999988756e+00 3.411353446774675197e-02 -7.525716174573189310e-01 1.269394056051435404e+00 -5.083533023045276877e-01 8.348275886727872519e-02 1.348811000093575081e-02
2.599999999999988542e+00 3.480819416386445042e-02 -7.537394170903727320e-01 1.271185153548499924e+00 -5.090181517315162107e-01 8.441338721608669660e-02 1.343513147324354451e-02
2.599999999999988542e+00 3.480819416386445042e-02 -7.537394170903727320e-01 1.271185153548499924e+00 -5.090181517315162107e-01 8.441338721608669660e-02 1.343513147324354451e-02
2.609999999999988329e+00 3.550983047541086263e-02 -7.549027849173266524e-01 1.272965744267609445e+00 -5.096841886266862964e-01 8.534764111188698765e-02 1.337990752010466931e-02
2.609999999999988329e+00 3.550983047541086263e-02 -7.549027849173266524e-01 1.272965744267609445e+00 -5.096841886266862964e-01 8.534764111188698765e-02 1.337990752010466931e-02
2.619999999999988116e+00 3.621845686723133145e-02 -7.560617510625075033e-01 1.274735932344911005e+00 -5.103512867227417704e-01 8.628553154835998107e-02 1.332247751881162484e-02
2.619999999999988116e+00 3.621845686723133145e-02 -7.560617510625075033e-01 1.274735932344911005e+00 -5.103512867227417704e-01 8.628553154835998107e-02 1.332247751881162484e-02
2.629999999999987903e+00 3.693408609738908777e-02 -7.572163474660034144e-01 1.276495829286514061e+00 -5.110193324466849596e-01 8.722706913816387353e-02 1.326288484615735334e-02
2.629999999999987903e+00 3.693408609738908777e-02 -7.572163474660034144e-01 1.276495829286514061e+00 -5.110193324466849596e-01 8.722706913816387353e-02 1.326288484615735334e-02
2.639999999999987690e+00 3.765673024218309239e-02 -7.583666077303212738e-01 1.278245553401648582e+00 -5.116882241736164794e-01 8.817226415650557259e-02 1.320117670439479966e-02
2.639999999999987690e+00 3.765673024218309239e-02 -7.583666077303212738e-01 1.278245553401648582e+00 -5.116882241736164794e-01 8.817226415650557259e-02 1.320117670439479966e-02
2.649999999999987477e+00 3.838640072004152748e-02 -7.595125669753723940e-01 1.279985229267797120e+00 -5.123578715285274088e-01 8.912112658164150769e-02 1.313740395813909820e-02
2.649999999999987477e+00 3.838640072004152748e-02 -7.595125669753723940e-01 1.279985229267797120e+00 -5.123578715285274088e-01 8.912112658164150769e-02 1.313740395813909820e-02
2.659999999999987264e+00 3.912310831434583080e-02 -7.606542617013387630e-01 1.281714987226052038e+00 -5.130281947332645531e-01 9.007366613249845333e-02 1.307162098153008198e-02
2.659999999999987264e+00 3.912310831434583080e-02 -7.606542617013387630e-01 1.281714987226052038e+00 -5.130281947332645531e-01 9.007366613249845333e-02 1.307162098153008198e-02
2.669999999999987050e+00 3.986686319523736338e-02 -7.617917296589997722e-01 1.283434962905043442e+00 -5.136991239960106981e-01 9.102989230359387340e-02 1.300388551504352494e-02
2.669999999999987050e+00 3.986686319523736338e-02 -7.617917296589997722e-01 1.283434962905043442e+00 -5.136991239960106981e-01 9.102989230359387340e-02 1.300388551504352494e-02
2.679999999999986837e+00 4.061767494045589316e-02 -7.629250097271209619e-01 1.285145296771877943e+00 -5.143705989407740820e-01 9.198981439742533184e-02 1.293425853140406888e-02
2.679999999999986837e+00 4.061767494045589316e-02 -7.629250097271209619e-01 1.285145296771877943e+00 -5.143705989407740820e-01 9.198981439742533184e-02 1.293425853140406888e-02
2.689999999999986624e+00 4.137555255525630221e-02 -7.640541417965319715e-01 1.286846133708621442e+00 -5.150425680745313040e-01 9.295344155448892476e-02 1.286280411011094839e-02
2.689999999999986624e+00 4.137555255525630221e-02 -7.640541417965319715e-01 1.286846133708621442e+00 -5.150425680745313040e-01 9.295344155448892476e-02 1.286280411011094839e-02
2.699999999999986411e+00 4.214050449144743360e-02 -7.651791666605407549e-01 1.288537622612940803e+00 -5.157149882898085513e-01 9.392078278107805767e-02 1.278958932014032969e-02
2.699999999999986411e+00 4.214050449144743360e-02 -7.651791666605407549e-01 1.288537622612940803e+00 -5.157149882898085513e-01 9.392078278107805767e-02 1.278958932014032969e-02
2.709999999999986198e+00 4.291253866559451013e-02 -7.663001259113527697e-01 1.290219916021604574e+00 -5.163878244006219198e-01 9.489184697500492593e-02 1.271468411043647634e-02
2.709999999999986198e+00 4.291253866559451013e-02 -7.663001259113527697e-01 1.290219916021604574e+00 -5.163878244006219198e-01 9.489184697500492593e-02 1.271468411043647634e-02
2.719999999999985985e+00 4.369166247642417705e-02 -7.674170618421846113e-01 1.291893169755619075e+00 -5.170610487098280528e-01 9.586664294937950748e-02 1.263816120784794564e-02
2.719999999999985985e+00 4.369166247642417705e-02 -7.674170618421846113e-01 1.291893169755619075e+00 -5.170610487098280528e-01 9.586664294937950748e-02 1.263816120784794564e-02
2.729999999999985771e+00 4.447788282146902805e-02 -7.685300173547777725e-01 1.293557542585849873e+00 -5.177346406060583384e-01 9.684517945457311872e-02 1.256009602220514026e-02
2.729999999999985771e+00 4.447788282146902805e-02 -7.685300173547777725e-01 1.293557542585849873e+00 -5.177346406060583384e-01 9.684517945457311872e-02 1.256009602220514026e-02
2.739999999999985558e+00 4.527120611298638547e-02 -7.696390358720384128e-01 1.295213195918049287e+00 -5.184085861885290303e-01 9.782746519848635469e-02 1.248056655827224116e-02
2.739999999999985558e+00 4.527120611298638547e-02 -7.696390358720384128e-01 1.295213195918049287e+00 -5.184085861885290303e-01 9.782746519848635469e-02 1.248056655827224116e-02
2.749999999999985345e+00 4.607163829318412784e-02 -7.707441612555440136e-01 1.296860293496278072e+00 -5.190828779181309027e-01 9.881350886523472543e-02 1.239965333434069061e-02
2.749999999999985345e+00 4.607163829318412784e-02 -7.707441612555440136e-01 1.296860293496278072e+00 -5.190828779181309027e-01 9.881350886523472543e-02 1.239965333434069061e-02
2.759999999999985132e+00 4.687918484878439429e-02 -7.718454377276738887e-01 1.298499001123769370e+00 -5.197575142933087422e-01 9.980331913235890307e-02 1.231743930726210932e-02
2.759999999999985132e+00 4.687918484878439429e-02 -7.718454377276738887e-01 1.298499001123769370e+00 -5.197575142933087422e-01 9.980331913235890307e-02 1.231743930726210932e-02
2.769999999999984919e+00 4.769385082495441325e-02 -7.729429097981360686e-01 1.300129486400344980e+00 -5.204324995493413430e-01 1.007969046866604018e-01 1.223400980374759334e-02
2.769999999999984919e+00 4.769385082495441325e-02 -7.729429097981360686e-01 1.300129486400344980e+00 -5.204324995493413430e-01 1.007969046866604018e-01 1.223400980374759334e-02
2.779999999999984706e+00 4.851564083863176002e-02 -7.740366221946756164e-01 1.301751918475551273e+00 -5.211078433797298182e-01 1.017942742387580451e-01 1.214945245778693665e-02
2.779999999999984706e+00 4.851564083863176002e-02 -7.740366221946756164e-01 1.301751918475551273e+00 -5.211078433797298182e-01 1.017942742387580451e-01 1.214945245778693665e-02
2.789999999999984492e+00 4.934455909127007101e-02 -7.751266197977640937e-01 1.303366467816730268e+00 -5.217835606784920754e-01 1.027954365364552869e-01 1.206385715406603845e-02
2.789999999999984492e+00 4.934455909127007101e-02 -7.751266197977640937e-01 1.303366467816730268e+00 -5.217835606784920754e-01 1.027954365364552869e-01 1.206385715406603845e-02
2.799999999999984279e+00 5.018060938102953533e-02 -7.762129475790807698e-01 1.304973305991298682e+00 -5.224596713022475747e-01 1.038004003770033740e-01 1.197731597728409966e-02
2.799999999999984279e+00 5.018060938102953533e-02 -7.762129475790807698e-01 1.304973305991298682e+00 -5.224596713022475747e-01 1.038004003770033740e-01 1.197731597728409966e-02
2.809999999999984066e+00 5.102379511443520116e-02 -7.772956505436092733e-01 1.306572605462547498e+00 -5.231361998510594136e-01 1.048091746183408418e-01 1.188992316729396183e-02
2.809999999999984066e+00 5.102379511443520116e-02 -7.772956505436092733e-01 1.306572605462547498e+00 -5.231361998510594136e-01 1.048091746183408418e-01 1.188992316729396183e-02
2.819999999999983853e+00 5.187411931752482219e-02 -7.783747736751828183e-01 1.308164539398326998e+00 -5.238131754670775075e-01 1.058217681893852957e-01 1.180177508000957061e-02
2.819999999999983853e+00 5.187411931752482219e-02 -7.783747736751828183e-01 1.308164539398326998e+00 -5.238131754670775075e-01 1.058217681893852957e-01 1.180177508000957061e-02
2.829999999999983640e+00 5.273158464650671423e-02 -7.794503618853230176e-01 1.309749281492017969e+00 -5.244906316500996812e-01 1.068381900994495037e-01 1.171297015404413819e-02
2.829999999999983640e+00 5.273158464650671423e-02 -7.794503618853230176e-01 1.309749281492017969e+00 -5.244906316500996812e-01 1.068381900994495037e-01 1.171297015404413819e-02
2.839999999999983427e+00 5.359619339794696041e-02 -7.805224599652249573e-01 1.311327005795234202e+00 -5.251686060892396535e-01 1.078584494468497468e-01 1.162360888306126529e-02
2.839999999999983427e+00 5.359619339794696041e-02 -7.805224599652249573e-01 1.311327005795234202e+00 -5.251686060892396535e-01 1.078584494468497468e-01 1.162360888306126529e-02
2.849999999999983213e+00 5.446794751850421445e-02 -7.815911125407526416e-01 1.312897886561736005e+00 -5.258471405099548468e-01 1.088825554267710272e-01 1.153379379383948598e-02
2.849999999999983213e+00 5.446794751850421445e-02 -7.815911125407526416e-01 1.312897886561736005e+00 -5.258471405099548468e-01 1.088825554267710272e-01 1.153379379383948598e-02
2.859999999999983000e+00 5.534684861422937280e-02 -7.826563640303155767e-01 1.314462098102072929e+00 -5.265262805357507903e-01 1.099105173384502115e-01 1.144362943006788612e-02
2.859999999999983000e+00 5.534684861422937280e-02 -7.826563640303155767e-01 1.314462098102072929e+00 -5.265262805357507903e-01 1.099105173384502115e-01 1.144362943006788612e-02
2.869999999999982787e+00 5.623289795944633879e-02 -7.837182586055055911e-01 1.316019814648505371e+00 -5.272060755639401686e-01 1.109423445917349371e-01 1.135322234190789745e-02
2.869999999999982787e+00 5.623289795944633879e-02 -7.837182586055055911e-01 1.316019814648505371e+00 -5.272060755639401686e-01 1.109423445917349371e-01 1.135322234190789745e-02
2.879999999999982574e+00 5.712609650522940119e-02 -7.847768401543822048e-01 1.317571210229787404e+00 -5.278865786548895267e-01 1.119780467130734591e-01 1.126268108137283390e-02
2.879999999999982574e+00 5.712609650522940119e-02 -7.847768401543822048e-01 1.317571210229787404e+00 -5.278865786548895267e-01 1.119780467130734591e-01 1.126268108137283390e-02
2.889999999999982361e+00 5.802644488749167384e-02 -7.858321522472990761e-01 1.319116458555422478e+00 -5.285678464342429272e-01 1.130176333509875647e-01 1.117211620359362216e-02
2.889999999999982361e+00 5.802644488749167384e-02 -7.858321522472990761e-01 1.319116458555422478e+00 -5.285678464342429272e-01 1.130176333509875647e-01 1.117211620359362216e-02
2.899999999999982148e+00 5.893394343469850888e-02 -7.868842381051736057e-01 1.320655732909035818e+00 -5.292499390076622623e-01 1.140611142810782491e-01 1.108164027405543310e-02
2.899999999999982148e+00 5.893394343469850888e-02 -7.868842381051736057e-01 1.320655732909035818e+00 -5.292499390076622623e-01 1.140611142810782491e-01 1.108164027405543310e-02
2.909999999999981934e+00 5.984859217521888708e-02 -7.879331405701065494e-01 1.322189206050527588e+00 -5.299329198876764346e-01 1.151084994106114923e-01 1.099136788190719152e-02
2.909999999999981934e+00 5.984859217521888708e-02 -7.879331405701065494e-01 1.322189206050527588e+00 -5.299329198876764346e-01 1.151084994106114923e-01 1.099136788190719152e-02
2.919999999999981721e+00 6.077039084432715038e-02 -7.889789020782638218e-01 1.323717050126705264e+00 -5.306168559322753664e-01 1.161597987827291539e-01 1.090141565946205204e-02
2.919999999999981721e+00 6.077039084432715038e-02 -7.889789020782638218e-01 1.323717050126705264e+00 -5.306168559322753664e-01 1.161597987827291539e-01 1.090141565946205204e-02
2.929999999999981508e+00 6.169933889086691436e-02 -7.900215646349411092e-01 1.325239436590110120e+00 -5.313018172949353080e-01 1.172150225803281626e-01 1.081190230802479314e-02
2.929999999999981508e+00 6.169933889086691436e-02 -7.900215646349411092e-01 1.325239436590110120e+00 -5.313018172949353080e-01 1.172150225803281626e-01 1.081190230802479314e-02
2.939999999999981295e+00 6.263543548358818658e-02 -7.910611697917333540e-01 1.326756536125782482e+00 -5.319878773858022214e-01 1.182741811296488949e-01 1.072294863019925687e-02
2.939999999999981295e+00 6.263543548358818658e-02 -7.910611697917333540e-01 1.326756536125782482e+00 -5.319878773858022214e-01 1.182741811296488949e-01 1.072294863019925687e-02
2.949999999999981082e+00 6.357867951716837662e-02 -7.920977586257395009e-01 1.328268518585729474e+00 -5.326751128438061977e-01 1.193372849036123534e-01 1.063467756884702888e-02
2.949999999999981082e+00 6.357867951716837662e-02 -7.920977586257395009e-01 1.328268518585729474e+00 -5.326751128438061977e-01 1.193372849036123534e-01 1.063467756884702888e-02
2.959999999999980869e+00 6.452906961792716223e-02 -7.931313717207360003e-01 1.329775552930880567e+00 -5.333636035195191694e-01 1.204043445249437655e-01 1.054721425288777069e-02
2.959999999999980869e+00 6.452906961792716223e-02 -7.931313717207360003e-01 1.329775552930880567e+00 -5.333636035195191694e-01 1.204043445249437655e-01 1.054721425288777069e-02
2.969999999999980655e+00 6.548660414924487028e-02 -7.941620491502572321e-01 1.331277807180339279e+00 -5.340534324686104783e-01 1.214753707691190177e-01 1.046068605015046914e-02
2.969999999999980655e+00 6.548660414924487028e-02 -7.941620491502572321e-01 1.331277807180339279e+00 -5.340534324686104783e-01 1.214753707691190177e-01 1.046068605015046914e-02
2.979999999999980442e+00 6.645128121669333088e-02 -7.951898304625262259e-01 1.332775448367756077e+00 -5.347446859557930532e-01 1.225503745671687600e-01 1.037522262750565846e-02
2.979999999999980442e+00 6.645128121669333088e-02 -7.951898304625262259e-01 1.332775448367756077e+00 -5.347446859557930532e-01 1.225503745671687600e-01 1.037522262750565846e-02
2.989999999999980229e+00 6.742309867288799607e-02 -7.962147546671818343e-01 1.334268642504670144e+00 -5.354374534691935805e-01 1.236293670083741109e-01 1.029095601852998004e-02
2.989999999999980229e+00 6.742309867288799607e-02 -7.962147546671818343e-01 1.334268642504670144e+00 -5.354374534691935805e-01 1.236293670083741109e-01 1.029095601852998004e-02
2.999999999999980016e+00 6.840205412206945557e-02 -7.972368602237539514e-01 1.335757554550684123e+00 -5.361318277451176950e-01 1.247123593428864641e-01 1.020802069897649468e-02
2.999999999999980016e+00 6.840205412206945557e-02 -7.972368602237539514e-01 1.335757554550684123e+00 -5.361318277451176950e-01 1.247123593428864641e-01 1.020802069897649468e-02
3.009999999999979803e+00 6.938814492442224591e-02 -7.982561850318403707e-01 1.337242348390355051e+00 -5.368279048032191803e-01 1.257993629843032479e-01 1.012655367034847112e-02
3.009999999999979803e+00 6.938814492442224591e-02 -7.982561850318403707e-01 1.337242348390355051e+00 -5.368279048032191803e-01 1.257993629843032479e-01 1.012655367034847112e-02
3.019999999999979590e+00 7.038136820013840556e-02 -7.992727664229446471e-01 1.338723186816702659e+00 -5.375257839921210312e-01 1.268903895122304171e-01 1.004669455189872995e-02
3.019999999999979590e+00 7.038136820013840556e-02 -7.992727664229446471e-01 1.338723186816702659e+00 -5.375257839921210312e-01 1.268903895122304171e-01 1.004669455189872995e-02
3.029999999999979376e+00 7.138172083323292283e-02 -8.002866411539361069e-01 1.340200231521254226e+00 -5.382255680455740876e-01 1.279854506748619170e-01 9.968585681403725404e-03
3.029999999999979376e+00 7.138172083323292283e-02 -8.002866411539361069e-01 1.340200231521254226e+00 -5.382255680455740876e-01 1.279854506748619170e-01 9.968585681403725404e-03
3.039999999999979163e+00 7.238919947511784914e-02 -8.012978454020976971e-01 1.341673643090561807e+00 -5.389273631492771388e-01 1.290845583916055694e-01 9.892372225089398480e-03
3.039999999999979163e+00 7.238919947511784914e-02 -8.012978454020976971e-01 1.341673643090561807e+00 -5.389273631492771388e-01 1.290845583916055694e-01 9.892372225089398480e-03
3.049999999999978950e+00 7.340380054794155840e-02 -8.023064147617291475e-01 1.343143581009145882e+00 -5.396312790185212593e-01 1.301877247557845507e-01 9.818202297115979221e-03
3.049999999999978950e+00 7.340380054794155840e-02 -8.023064147617291475e-01 1.343143581009145882e+00 -5.396312790185212593e-01 1.301877247557845507e-01 9.818202297115979221e-03
3.059999999999978737e+00 7.442552024769928665e-02 -8.033123842422789096e-01 1.344610203668835879e+00 -5.403374289868606573e-01 1.312949620374431470e-01 9.746227089061022114e-03
3.059999999999978737e+00 7.442552024769928665e-02 -8.033123842422789096e-01 1.344610203668835879e+00 -5.403374289868606573e-01 1.312949620374431470e-01 9.746227089061022114e-03
3.069999999999978524e+00 7.545435454712089152e-02 -8.043157882679782267e-01 1.346073668384496491e+00 -5.410459301060529524e-01 1.324062826862851261e-01 9.676601009873993936e-03
3.069999999999978524e+00 7.545435454712089152e-02 -8.043157882679782267e-01 1.346073668384496491e+00 -5.410459301060529524e-01 1.324062826862851261e-01 9.676601009873993936e-03
3.079999999999978311e+00 7.649029919834134106e-02 -8.053166606789565751e-01 1.347534131416144865e+00 -5.417569032575521026e-01 1.335216993347732861e-01 9.609481836812282241e-03
3.079999999999978311e+00 7.649029919834134106e-02 -8.053166606789565751e-01 1.347534131416144865e+00 -5.417569032575521026e-01 1.335216993347732861e-01 9.609481836812282241e-03
3.089999999999978098e+00 7.753334973535937202e-02 -8.063150347338188251e-01 1.348991747997482671e+00 -5.424704732758807157e-01 1.346412248014182966e-01 9.545030877907834457e-03
3.089999999999978098e+00 7.753334973535937202e-02 -8.063150347338188251e-01 1.348991747997482671e+00 -5.424704732758807157e-01 1.346412248014182966e-01 9.545030877907834457e-03
3.099999999999977884e+00 7.858350147628917481e-02 -8.073109431136693548e-01 1.350446672370884560e+00 -5.431867690842526741e-01 1.357648720942855047e-01 9.483413146555220649e-03
3.099999999999977884e+00 7.858350147628917481e-02 -8.073109431136693548e-01 1.350446672370884560e+00 -5.431867690842526741e-01 1.357648720942855047e-01 9.483413146555220649e-03
3.109999999999977671e+00 7.964074952541018437e-02 -8.083044179275692409e-01 1.351899057828902073e+00 -5.439059238428612941e-01 1.368926544147483493e-01 9.424797548857357515e-03
3.109999999999977671e+00 7.964074952541018437e-02 -8.083044179275692409e-01 1.351899057828902073e+00 -5.439059238428612941e-01 1.368926544147483493e-01 9.424797548857357515e-03
3.119999999999977458e+00 8.070508877501922362e-02 -8.092954907194181979e-01 1.353349056762362945e+00 -5.446280751102978712e-01 1.380245851615174990e-01 9.369357084412895109e-03
3.119999999999977458e+00 8.070508877501922362e-02 -8.092954907194181979e-01 1.353349056762362945e+00 -5.446280751102978712e-01 1.380245851615174990e-01 9.369357084412895109e-03
3.129999999999977245e+00 8.177640730757314291e-02 -8.102843263860115552e-01 1.354797694946378028e+00 -5.453569062675965862e-01 1.391597923595521979e-01 9.336304920819772993e-03
3.129999999999977245e+00 8.177640730757314291e-02 -8.102843263860115552e-01 1.354797694946378028e+00 -5.453569062675965862e-01 1.391597923595521979e-01 9.336304920819772993e-03
3.139999999999977032e+00 8.285470658870609795e-02 -8.112709365445923693e-01 1.356245013139248279e+00 -5.460911083012934819e-01 1.402983326856306057e-01 9.308634930961788220e-03
3.139999999999977032e+00 8.285470658870609795e-02 -8.112709365445923693e-01 1.356245013139248279e+00 -5.460911083012934819e-01 1.402983326856306057e-01 9.308634930961788220e-03
3.149999999999976819e+00 8.393998619642763226e-02 -8.122553442806988988e-01 1.357691125795213782e+00 -5.468307037209386712e-01 1.414402594235090460e-01 9.285674009581345104e-03
3.149999999999976819e+00 8.393998619642763226e-02 -8.122553442806988988e-01 1.357691125795213782e+00 -5.468307037209386712e-01 1.414402594235090460e-01 9.285674009581345104e-03
3.159999999999976605e+00 8.503224500971737210e-02 -8.132375740021574595e-01 1.359136157373518783e+00 -5.475758088391841083e-01 1.425856237871679089e-01 9.267669753572300995e-03
3.159999999999976605e+00 8.503224500971737210e-02 -8.132375740021574595e-01 1.359136157373518783e+00 -5.475758088391841083e-01 1.425856237871679089e-01 9.267669753572300995e-03
3.169999999999976392e+00 8.613148129735849479e-02 -8.142176508237835009e-01 1.360580238555773480e+00 -5.483265643850031568e-01 1.437344751018317934e-01 9.254931009602574907e-03
3.169999999999976392e+00 8.613148129735849479e-02 -8.142176508237835009e-01 1.360580238555773480e+00 -5.483265643850031568e-01 1.437344751018317934e-01 9.254931009602574907e-03
3.179999999999976179e+00 8.723769274326347023e-02 -8.151956004919183041e-01 1.362023505854992766e+00 -5.490831314252042628e-01 1.448868609162467513e-01 9.247780694852034133e-03
3.179999999999976179e+00 8.723769274326347023e-02 -8.151956004919183041e-01 1.362023505854992766e+00 -5.490831314252042628e-01 1.448868609162467513e-01 9.247780694852034133e-03
3.189999999999975966e+00 8.835087646647135640e-02 -8.161714493476794896e-01 1.363466101460697022e+00 -5.498456910321899427e-01 1.460428271068614781e-01 9.246553966964629265e-03
3.189999999999975966e+00 8.835087646647135640e-02 -8.161714493476794896e-01 1.363466101460697022e+00 -5.498456910321899427e-01 1.460428271068614781e-01 9.246553966964629265e-03
3.199999999999975753e+00 8.947102903917333871e-02 -8.171452243006519511e-01 1.364908173142579617e+00 -5.506144442626931257e-01 1.472024179776836028e-01 9.251598972324989387e-03
3.199999999999975753e+00 8.947102903917333871e-02 -8.171452243006519511e-01 1.364908173142579617e+00 -5.506144442626931257e-01 1.472024179776836028e-01 9.251598972324989387e-03
3.209999999999975540e+00 9.059814650304424954e-02 -8.181169528111092992e-01 1.366349874201609582e+00 -5.513896122547040646e-01 1.483656763563830083e-01 9.263277793221166151e-03
3.209999999999975540e+00 9.059814650304424954e-02 -8.181169528111092992e-01 1.366349874201609582e+00 -5.513896122547040646e-01 1.483656763563830083e-01 9.263277793221166151e-03
3.219999999999975326e+00 9.173222438397710121e-02 -8.190866628803716853e-01 1.367791363466981158e+00 -5.521714364311368639e-01 1.495326436870248188e-01 9.281967466069867070e-03
3.219999999999975326e+00 9.173222438397710121e-02 -8.190866628803716853e-01 1.367791363466981158e+00 -5.521714364311368639e-01 1.495326436870248188e-01 9.281967466069867070e-03
3.229999999999975113e+00 9.287325770530022173e-02 -8.200543830490354402e-01 1.369232805338125081e+00 -5.529601788095144244e-01 1.507033601197981521e-01 9.308061068689180498e-03
3.229999999999975113e+00 9.287325770530022173e-02 -8.200543830490354402e-01 1.369232805338125081e+00 -5.529601788095144244e-01 1.507033601197981521e-01 9.308061068689180498e-03
3.239999999999974900e+00 9.402124099954832503e-02 -8.210201424028630290e-01 1.370674369871304199e+00 -5.537561224181851705e-01 1.518778645981011810e-01 9.341968882051850803e-03
3.239999999999974900e+00 9.402124099954832503e-02 -8.210201424028630290e-01 1.370674369871304199e+00 -5.537561224181851705e-01 1.518778645981011810e-01 9.341968882051850803e-03
3.249999999999974687e+00 9.517616831885160333e-02 -8.219839705861685664e-01 1.372116232910604250e+00 -5.545595718202974700e-01 1.530561949433416891e-01 9.384119632854627871e-03
3.249999999999974687e+00 9.517616831885160333e-02 -8.219839705861685664e-01 1.372116232910604250e+00 -5.545595718202974700e-01 1.530561949433416891e-01 9.384119632854627871e-03
3.259999999999974474e+00 9.633803324400033730e-02 -8.229458978225776544e-01 1.373558576263409270e+00 -5.553708537474605356e-01 1.542383879378139699e-01 9.434961823825315647e-03
3.259999999999974474e+00 9.633803324400033730e-02 -8.229458978225776544e-01 1.373558576263409270e+00 -5.553708537474605356e-01 1.542383879378139699e-01 9.434961823825315647e-03
3.269999999999974261e+00 9.777617686750907089e-02 -8.236760018846064346e-01 1.373563483630776183e+00 -5.522515933778145980e-01 1.576652612844522405e-01 6.731806898776780332e-03
3.269999999999974261e+00 9.777617686750907089e-02 -8.236760018846064346e-01 1.373563483630776183e+00 -5.522515933778145980e-01 1.576652612844522405e-01 6.731806898776780332e-03
3.279999999999974047e+00 9.946896076053500513e-02 -8.242041800039400234e-01 1.372307076026830330e+00 -5.457952354290427355e-01 1.631805380144023820e-01 4.109802630339743149e-03
3.279999999999974047e+00 9.946896076053500513e-02 -8.242041800039400234e-01 1.372307076026830330e+00 -5.457952354290427355e-01 1.631805380144023820e-01 4.109802630339743149e-03
3.289999999999973834e+00 1.011265639119696413e-01 -8.247840781353328321e-01 1.371373994722161038e+00 -5.402812054079431103e-01 1.683995362871396062e-01 4.478686695058037986e-03
3.289999999999973834e+00 1.011265639119696413e-01 -8.247840781353328321e-01 1.371373994722161038e+00 -5.402812054079431103e-01 1.683995362871396062e-01 4.478686695058037986e-03
3.299999999999973621e+00 1.027520950397373262e-01 -8.254087999128245645e-01 1.370720928399366656e+00 -5.354025070720178636e-01 1.733385139315448131e-01 4.868806624400106101e-03
3.299999999999973621e+00 1.027520950397373262e-01 -8.254087999128245645e-01 1.370720928399366656e+00 -5.354025070720178636e-01 1.733385139315448131e-01 4.868806624400106101e-03
3.309999999999973408e+00 1.043482450127759670e-01 -8.260735050900072096e-01 1.370318461279258937e+00 -5.310828930680450144e-01 1.780129923684104776e-01 5.121453362605442837e-03
3.309999999999973408e+00 1.043482450127759670e-01 -8.260735050900072096e-01 1.370318461279258937e+00 -5.310828930680450144e-01 1.780129923684104776e-01 5.121453362605442837e-03
3.319999999999973195e+00 1.061857719378953985e-01 -8.265444965678382383e-01 1.368719098538246026e+00 -5.233953445083855405e-01 1.846665414347551937e-01 2.667925168737278734e-03
3.319999999999973195e+00 1.061857719378953985e-01 -8.265444965678382383e-01 1.368719098538246026e+00 -5.233953445083855405e-01 1.846665414347551937e-01 2.667925168737278734e-03
3.329999999999972982e+00 1.082447199225261836e-01 -8.268460500076423303e-01 1.366073740582299800e+00 -5.128775508159613139e-01 1.931568616746211775e-01 2.857256151650735231e-04
3.329999999999972982e+00 1.082447199225261836e-01 -8.268460500076423303e-01 1.366073740582299800e+00 -5.128775508159613139e-01 1.931568616746211775e-01 2.857256151650735231e-04
3.339999999999972768e+00 1.105061908127657755e-01 -8.269980039239983594e-01 1.362510711343710490e+00 -4.998354446334167811e-01 2.033488919563879171e-01 -1.866023788191104905e-03
3.339999999999972768e+00 1.105061908127657755e-01 -8.269980039239983594e-01 1.362510711343710490e+00 -4.998354446334167811e-01 2.033488919563879171e-01 -1.866023788191104905e-03
3.349999999999972555e+00 1.129522343815252960e-01 -8.270177165033983924e-01 1.358145378983027562e+00 -4.845361246979735803e-01 2.151145190782087491e-01 -3.782608516715978836e-03
3.349999999999972555e+00 1.129522343815252960e-01 -8.270177165033983924e-01 1.358145378983027562e+00 -4.845361246979735803e-01 2.151145190782087491e-01 -3.782608516715978836e-03
3.359999999999972342e+00 1.155658370042502020e-01 -8.269204862281475110e-01 1.353082120129868393e+00 -4.672211674889614197e-01 2.283322854000624236e-01 -5.493171895101061665e-03
3.359999999999972342e+00 1.155658370042502020e-01 -8.269204862281475110e-01 1.353082120129868393e+00 -4.672211674889614197e-01 2.283322854000624236e-01 -5.493171895101061665e-03
3.369999999999972129e+00 1.183308883991266020e-01 -8.267200670310654864e-01 1.347415487687249946e+00 -4.481111268758640187e-01 2.428870952436898711e-01 -7.002014987760344852e-03
3.369999999999972129e+00 1.183308883991266020e-01 -8.267200670310654864e-01 1.347415487687249946e+00 -4.481111268758640187e-01 2.428870952436898711e-01 -7.002014987760344852e-03
3.379999999999971916e+00 1.212321713434921649e-01 -8.264287177449843869e-01 1.341231349345370250e+00 -4.274054518108050260e-01 2.586699341750269832e-01 -8.356923724280424307e-03
3.379999999999971916e+00 1.212321713434921649e-01 -8.264287177449843869e-01 1.341231349345370250e+00 -4.274054518108050260e-01 2.586699341750269832e-01 -8.356923724280424307e-03
3.389999999999971703e+00 1.242553177756431926e-01 -8.260576851161341994e-01 1.334607674978023795e+00 -4.052873924197891164e-01 2.755776173199656065e-01 -9.559757501220155981e-03
3.389999999999971703e+00 1.242553177756431926e-01 -8.260576851161341994e-01 1.334607674978023795e+00 -4.052873924197891164e-01 2.755776173199656065e-01 -9.559757501220155981e-03
3.399999999999971489e+00 1.273867847687401855e-01 -8.256172485877429912e-01 1.327615300740434545e+00 -3.819223240495717153e-01 2.935125248983815327e-01 -1.063125184028380216e-02
3.399999999999971489e+00 1.273867847687401855e-01 -8.256172485877429912e-01 1.327615300740434545e+00 -3.819223240495717153e-01 2.935125248983815327e-01 -1.063125184028380216e-02
3.409999999999971276e+00 1.306138314318809612e-01 -8.251167575297216894e-01 1.320318738152512994e+00 -3.574604999420076257e-01 3.123823843013198154e-01 -1.161448506279803665e-02
3.409999999999971276e+00 1.306138314318809612e-01 -8.251167575297216894e-01 1.320318738152512994e+00 -3.574604999420076257e-01 3.123823843013198154e-01 -1.161448506279803665e-02
3.419999999999971063e+00 1.339244821818577624e-01 -8.245649804244187253e-01 1.312776613764311762e+00 -3.320400532708847052e-01 3.321000725468785664e-01 -1.250509903927438451e-02
3.419999999999971063e+00 1.339244821818577624e-01 -8.245649804244187253e-01 1.312776613764311762e+00 -3.320400532708847052e-01 3.321000725468785664e-01 -1.250509903927438451e-02
3.429999999999970850e+00 1.373074973193436354e-01 -8.239700519699838521e-01 1.305042197335339882e+00 -3.057849798968941823e-01 3.525833774046602809e-01 -1.331811917576698583e-02
3.429999999999970850e+00 1.373074973193436354e-01 -8.239700519699838521e-01 1.305042197335339882e+00 -3.057849798968941823e-01 3.525833774046602809e-01 -1.331811917576698583e-02
3.439999999999970637e+00 1.407523459625152074e-01 -8.233396599715812059e-01 1.297163838252716195e+00 -2.788077535310297672e-01 3.737548237712310928e-01 -1.404502480678024648e-02
3.439999999999970637e+00 1.407523459625152074e-01 -8.233396599715812059e-01 1.297163838252716195e+00 -2.788077535310297672e-01 3.737548237712310928e-01 -1.404502480678024648e-02
3.449999999999970424e+00 1.442491760822489644e-01 -8.226808631794791937e-01 1.289185530274783220e+00 -2.512088083117089976e-01 3.955414596234174129e-01 -1.472062640097676449e-02
3.449999999999970424e+00 1.442491760822489644e-01 -8.226808631794791937e-01 1.289185530274783220e+00 -2.512088083117089976e-01 3.955414596234174129e-01 -1.472062640097676449e-02
3.459999999999970210e+00 1.477887995281936540e-01 -8.220002529633507748e-01 1.281147259542695149e+00 -2.230804500564359805e-01 4.178747385843175066e-01 -1.535875754688937819e-02
3.459999999999970210e+00 1.477887995281936540e-01 -8.220002529633507748e-01 1.281147259542695149e+00 -2.230804500564359805e-01 4.178747385843175066e-01 -1.535875754688937819e-02
3.469999999999969997e+00 1.513626612924292292e-01 -8.213039691262804531e-01 1.273085267815817323e+00 -1.945063073143633858e-01 4.406903289908155053e-01 -1.597084247109088403e-02
3.469999999999969997e+00 1.513626612924292292e-01 -8.213039691262804531e-01 1.273085267815817323e+00 -1.945063073143633858e-01 4.406903289908155053e-01 -1.597084247109088403e-02
3.479999999999969784e+00 1.549628138528241217e-01 -8.205977169457814302e-01 1.265032334832226768e+00 -1.655619996698296237e-01 4.639279491410822076e-01 -1.656740014531609545e-02
3.479999999999969784e+00 1.549628138528241217e-01 -8.205977169457814302e-01 1.265032334832226768e+00 -1.655619996698296237e-01 4.639279491410822076e-01 -1.656740014531609545e-02
3.489999999999969571e+00 1.585818998143903313e-01 -8.198868907728847910e-01 1.257017942363662266e+00 -1.363158178119663333e-01 4.875312187742748549e-01 -1.713432025642200318e-02
3.489999999999969571e+00 1.585818998143903313e-01 -8.198868907728847910e-01 1.257017942363662266e+00 -1.363158178119663333e-01 4.875312187742748549e-01 -1.713432025642200318e-02
3.499999999999969358e+00 1.622130969066536421e-01 -8.191763669919811530e-01 1.249068672364301191e+00 -1.068279765016698912e-01 5.114474338724377400e-01 -1.770055171876099009e-02
3.499999999999969358e+00 1.622130969066536421e-01 -8.191763669919811530e-01 1.249068672364301191e+00 -1.068279765016698912e-01 5.114474338724377400e-01 -1.770055171876099009e-02
3.509999999999969145e+00 1.658501288922729078e-01 -8.184706241779489133e-01 1.241208388100736304e+00 -7.715393227257956454e-02 5.356275128121020801e-01 -1.827600489242771353e-02
3.509999999999969145e+00 1.658501288922729078e-01 -8.184706241779489133e-01 1.241208388100736304e+00 -7.715393227257956454e-02 5.356275128121020801e-01 -1.827600489242771353e-02
3.519999999999968932e+00 1.694872456591264842e-01 -8.177738479401767124e-01 1.233458274891084061e+00 -4.734361743110232501e-02 5.600258275526383001e-01 -1.884464328716251719e-02
3.519999999999968932e+00 1.694872456591264842e-01 -8.177738479401767124e-01 1.233458274891084061e+00 -4.734361743110232501e-02 5.600258275526383001e-01 -1.884464328716251719e-02
3.529999999999968718e+00 1.731191468930060873e-01 -8.170897275768355117e-01 1.225837186108214683e+00 -1.744062241274806080e-02 5.845999573443075858e-01 -1.943306717697750735e-02
3.529999999999968718e+00 1.731191468930060873e-01 -8.170897275768355117e-01 1.225837186108214683e+00 -1.744062241274806080e-02 5.845999573443075858e-01 -1.943306717697750735e-02
3.539999999999968505e+00 1.767410121262089628e-01 -8.164215649753799875e-01 1.218361761545160515e+00 1.251482875835580738e-02 6.093106694903666076e-01 -2.004970252602131936e-02
3.539999999999968505e+00 1.767410121262089628e-01 -8.164215649753799875e-01 1.218361761545160515e+00 1.251482875835580738e-02 6.093106694903666076e-01 -2.004970252602131936e-02
3.549999999999968292e+00 1.803484880024133763e-01 -8.157723840056333442e-01 1.211046416563489103e+00 4.248676026809432293e-02 6.341217583502937183e-01 -2.067527938890417055e-02
3.549999999999968292e+00 1.803484880024133763e-01 -8.157723840056333442e-01 1.211046416563489103e+00 4.248676026809432293e-02 6.341217583502937183e-01 -2.067527938890417055e-02
3.559999999999968079e+00 1.839375825049897883e-01 -8.151447227239558835e-01 1.203903677986511767e+00 7.244424662608912879e-02 6.589997679279077092e-01 -2.133602732336758317e-02
3.559999999999968079e+00 1.839375825049897883e-01 -8.151447227239558835e-01 1.203903677986511767e+00 7.244424662608912879e-02 6.589997679279077092e-01 -2.133602732336758317e-02
3.569999999999967866e+00 1.875047546100117035e-01 -8.145408502020026198e-01 1.196944144342304561e+00 1.023588030537813942e-01 6.839140505185092866e-01 -2.201420448044833292e-02
3.569999999999967866e+00 1.875047546100117035e-01 -8.145408502020026198e-01 1.196944144342304561e+00 1.023588030537813942e-01 6.839140505185092866e-01 -2.201420448044833292e-02
3.579999999999967653e+00 1.910467729798419889e-01 -8.139625691177507782e-01 1.190176769015784730e+00 1.322060942876345790e-01 7.088364266854565443e-01 -2.273427924868291067e-02
3.579999999999967653e+00 1.910467729798419889e-01 -8.139625691177507782e-01 1.190176769015784730e+00 1.322060942876345790e-01 7.088364266854565443e-01 -2.273427924868291067e-02
3.589999999999967439e+00 1.945608242720002767e-01 -8.134114210876298712e-01 1.183608792174407176e+00 1.619637699035611222e-01 7.337412625832113733e-01 -2.347790155430978798e-02
3.589999999999967439e+00 1.945608242720002767e-01 -8.134114210876298712e-01 1.183608792174407176e+00 1.619637699035611222e-01 7.337412625832113733e-01 -2.347790155430978798e-02
3.599999999999967226e+00 1.980443517781877993e-01 -8.128885019107924270e-01 1.177246025118522388e+00 1.916129552024349314e-01 7.586051142160371574e-01 -2.426822860894038356e-02
3.599999999999967226e+00 1.980443517781877993e-01 -8.128885019107924270e-01 1.177246025118522388e+00 1.916129552024349314e-01 7.586051142160371574e-01 -2.426822860894038356e-02
3.609999999999967013e+00 2.014951874983800240e-01 -8.123946609249487194e-01 1.171092757359030845e+00 2.211363836219353840e-01 7.834068317438968032e-01 -2.508587618032119895e-02
3.609999999999967013e+00 2.014951874983800240e-01 -8.123946609249487194e-01 1.171092757359030845e+00 2.211363836219353840e-01 7.834068317438968032e-01 -2.508587618032119895e-02
3.619999999999966800e+00 2.049113671875205933e-01 -8.119303248400936424e-01 1.165152050333471134e+00 2.505196871570047890e-01 8.081271852021834068e-01 -2.595324307668160982e-02
3.619999999999966800e+00 2.049113671875205933e-01 -8.119303248400936424e-01 1.165152050333471134e+00 2.505196871570047890e-01 8.081271852021834068e-01 -2.595324307668160982e-02
3.629999999999966587e+00 2.082912907992831575e-01 -8.114956952197666107e-01 1.159425617498011984e+00 2.797497917371226661e-01 8.327490005735326273e-01 -2.684949569332363215e-02
3.629999999999966587e+00 2.082912907992831575e-01 -8.114956952197666107e-01 1.159425617498011984e+00 2.797497917371226661e-01 8.327490005735326273e-01 -2.684949569332363215e-02
3.639999999999966374e+00 2.116335606468946196e-01 -8.110906650847945487e-01 1.153914027405816833e+00 3.088164108114825890e-01 8.572568058039379268e-01 -2.777436105423188029e-02
3.639999999999966374e+00 2.116335606468946196e-01 -8.110906650847945487e-01 1.153914027405816833e+00 3.088164108114825890e-01 8.572568058039379268e-01 -2.777436105423188029e-02
3.649999999999966160e+00 2.149369613000556289e-01 -8.107147623025026117e-01 1.148616906823907602e+00 3.377104375401465131e-01 8.816367656989209101e-01 -2.874793189863066728e-02
3.649999999999966160e+00 2.149369613000556289e-01 -8.107147623025026117e-01 1.148616906823907602e+00 3.377104375401465131e-01 8.816367656989209101e-01 -2.874793189863066728e-02
3.659999999999965947e+00 2.182005989162866810e-01 -8.103673168527519843e-01 1.143532792467050418e+00 3.664237032929163473e-01 9.058767521964186109e-01 -2.975058691734325592e-02
3.659999999999965947e+00 2.182005989162866810e-01 -8.103673168527519843e-01 1.143532792467050418e+00 3.664237032929163473e-01 9.058767521964186109e-01 -2.975058691734325592e-02
3.669999999999965734e+00 2.214236720745142439e-01 -8.100473220538153551e-01 1.138659433518817599e+00 3.949496968617482451e-01 9.299659531074313534e-01 -3.080108151369940692e-02
3.669999999999965734e+00 2.214236720745142439e-01 -8.100473220538153551e-01 1.138659433518817599e+00 3.949496968617482451e-01 9.299659531074313534e-01 -3.080108151369940692e-02
3.679999999999965521e+00 2.246056844743272995e-01 -8.097536087195493781e-01 1.133993632556372422e+00 4.232827342777351065e-01 9.538950528194032330e-01 -3.187735433934827528e-02
3.679999999999965521e+00 2.246056844743272995e-01 -8.097536087195493781e-01 1.133993632556372422e+00 4.232827342777351065e-01 9.538950528194032330e-01 -3.187735433934827528e-02
3.689999999999965308e+00 2.277462484126758224e-01 -8.094847857701932270e-01 1.129531465526438128e+00 4.514189732124631593e-01 9.776558689214641662e-01 -3.297654988522427666e-02
3.689999999999965308e+00 2.277462484126758224e-01 -8.094847857701932270e-01 1.129531465526438128e+00 4.514189732124631593e-01 9.776558689214641662e-01 -3.297654988522427666e-02
3.699999999999965095e+00 2.308450619552111782e-01 -8.092391866091243058e-01 1.125268473793105350e+00 4.793549163940526991e-01 1.001241304435102286e+00 -3.411688053494838641e-02
3.699999999999965095e+00 2.308450619552111782e-01 -8.092391866091243058e-01 1.125268473793105350e+00 4.793549163940526991e-01 1.001241304435102286e+00 -3.411688053494838641e-02
3.709999999999964881e+00 2.339021018191069778e-01 -8.090150273450545937e-01 1.121199477089264818e+00 5.070876554649715873e-01 1.024645465590822369e+00 -3.527647221142061335e-02
3.709999999999964881e+00 2.339021018191069778e-01 -8.090150273450545937e-01 1.121199477089264818e+00 5.070876554649715873e-01 1.024645465590822369e+00 -3.527647221142061335e-02
3.719999999999964668e+00 2.369174085302913901e-01 -8.088103614428306942e-01 1.117318797602035341e+00 5.346156509625568098e-01 1.047863299283395389e+00 -3.645130790489563288e-02
3.719999999999964668e+00 2.369174085302913901e-01 -8.088103614428306942e-01 1.117318797602035341e+00 5.346156509625568098e-01 1.047863299283395389e+00 -3.645130790489563288e-02
3.729999999999964455e+00 2.398910611422018779e-01 -8.086230285646546223e-01 1.113620442518445275e+00 5.619373203644748571e-01 1.070890553890291752e+00 -3.765826088193788973e-02
3.729999999999964455e+00 2.398910611422018779e-01 -8.086230285646546223e-01 1.113620442518445275e+00 5.619373203644748571e-01 1.070890553890291752e+00 -3.765826088193788973e-02
3.739999999999964242e+00 2.428233957131883947e-01 -8.084508024065312215e-01 1.110097900473496990e+00 5.890515680216431571e-01 1.093723914243255990e+00 -3.887496148310534694e-02
3.739999999999964242e+00 2.428233957131883947e-01 -8.084508024065312215e-01 1.110097900473496990e+00 5.890515680216431571e-01 1.093723914243255990e+00 -3.887496148310534694e-02
3.749999999999964029e+00 2.457147714129197524e-01 -8.082913548594760078e-01 1.106744374677117948e+00 6.159583002926434236e-01 1.116360644563139770e+00 -4.009648998699186923e-02
3.749999999999964029e+00 2.457147714129197524e-01 -8.082913548594760078e-01 1.106744374677117948e+00 6.159583002926434236e-01 1.116360644563139770e+00 -4.009648998699186923e-02
3.759999999999963816e+00 2.485655424232502131e-01 -8.081422035524997716e-01 1.103552959258538468e+00 6.426570266850526458e-01 1.138798561397242004e+00 -4.133945081048721187e-02
3.759999999999963816e+00 2.485655424232502131e-01 -8.081422035524997716e-01 1.103552959258538468e+00 6.426570266850526458e-01 1.138798561397242004e+00 -4.133945081048721187e-02
3.769999999999963602e+00 2.513763093576885654e-01 -8.080008531966970109e-01 1.100516407763591165e+00 6.691477012144808612e-01 1.161036189013335607e+00 -4.258058161652436557e-02
3.769999999999963602e+00 2.513763093576885654e-01 -8.080008531966970109e-01 1.100516407763591165e+00 6.691477012144808612e-01 1.161036189013335607e+00 -4.258058161652436557e-02
3.779999999999963389e+00 2.541476592736525708e-01 -8.078647657562486595e-01 1.097627379127931402e+00 6.954309920732675288e-01 1.183072403814104279e+00 -4.381435218294044837e-02
3.779999999999963389e+00 2.541476592736525708e-01 -8.078647657562486595e-01 1.097627379127931402e+00 6.954309920732675288e-01 1.183072403814104279e+00 -4.381435218294044837e-02
3.789999999999963176e+00 2.568802276611200086e-01 -8.077313705077863171e-01 1.094878488623595159e+00 7.215076624877647671e-01 1.204906471442135807e+00 -4.503717817028985576e-02
3.789999999999963176e+00 2.568802276611200086e-01 -8.077313705077863171e-01 1.094878488623595159e+00 7.215076624877647671e-01 1.204906471442135807e+00 -4.503717817028985576e-02
3.799999999999962963e+00 2.595746143355413538e-01 -8.075980207342813300e-01 1.092262463825650398e+00 7.473777091802578099e-01 1.226537954402447284e+00 -4.626416817638922402e-02
3.799999999999962963e+00 2.595746143355413538e-01 -8.075980207342813300e-01 1.092262463825650398e+00 7.473777091802578099e-01 1.226537954402447284e+00 -4.626416817638922402e-02
3.809999999999962750e+00 2.622316434951065256e-01 -8.074621155595115285e-01 1.089771902948357907e+00 7.730415659315836852e-01 1.247966856660302382e+00 -4.747316302597293092e-02
3.809999999999962750e+00 2.622316434951065256e-01 -8.074621155595115285e-01 1.089771902948357907e+00 7.730415659315836852e-01 1.247966856660302382e+00 -4.747316302597293092e-02
3.819999999999962537e+00 2.648520951079853525e-01 -8.073210799064608478e-01 1.087399515590632859e+00 7.985000378885587224e-01 1.269193303788700211e+00 -4.865849510840165870e-02
3.819999999999962537e+00 2.648520951079853525e-01 -8.073210799064608478e-01 1.087399515590632859e+00 7.985000378885587224e-01 1.269193303788700211e+00 -4.865849510840165870e-02
3.829999999999962323e+00 2.674367712902917527e-01 -8.071723692495560432e-01 1.085138153462504196e+00 8.237538428116462086e-01 1.290217589998991832e+00 -4.981651922324229625e-02
3.829999999999962323e+00 2.674367712902917527e-01 -8.071723692495560432e-01 1.085138153462504196e+00 8.237538428116462086e-01 1.290217589998991832e+00 -4.981651922324229625e-02
3.839999999999962110e+00 2.699864082274260890e-01 -8.070134259225261175e-01 1.082980954087678471e+00 8.488026836573960843e-01 1.311040107892769147e+00 -5.096219856929991299e-02
3.839999999999962110e+00 2.699864082274260890e-01 -8.070134259225261175e-01 1.082980954087678471e+00 8.488026836573960843e-01 1.311040107892769147e+00 -5.096219856929991299e-02
3.849999999999961897e+00 2.725019589176385093e-01 -8.068417867288830703e-01 1.080921074778630198e+00 8.736467842477543266e-01 1.331661493819508602e+00 -5.207402805526375328e-02
3.849999999999961897e+00 2.725019589176385093e-01 -8.068417867288830703e-01 1.080921074778630198e+00 8.736467842477543266e-01 1.331661493819508602e+00 -5.207402805526375328e-02
3.859999999999961684e+00 2.749843085231463702e-01 -8.066550678819158771e-01 1.078951932958500670e+00 8.982865137969427982e-01 1.352082339722387561e+00 -5.314667286369155474e-02
3.859999999999961684e+00 2.749843085231463702e-01 -8.066550678819158771e-01 1.078951932958500670e+00 8.982865137969427982e-01 1.352082339722387561e+00 -5.314667286369155474e-02
3.869999999999961471e+00 2.774343471507945136e-01 -8.064509633722275472e-01 1.077067215800495914e+00 9.227220504553148572e-01 1.372303252393292983e+00 -5.417695003857791319e-02
3.869999999999961471e+00 2.774343471507945136e-01 -8.064509633722275472e-01 1.077067215800495914e+00 9.227220504553148572e-01 1.372303252393292983e+00 -5.417695003857791319e-02
3.879999999999961258e+00 2.798528745386730798e-01 -8.062271971565655448e-01 1.075261015465537318e+00 9.469523423410538543e-01 1.392324806017455119e+00 -5.518104558467761683e-02
3.879999999999961258e+00 2.798528745386730798e-01 -8.062271971565655448e-01 1.075261015465537318e+00 9.469523423410538543e-01 1.392324806017455119e+00 -5.518104558467761683e-02
3.889999999999961044e+00 2.822409147406680363e-01 -8.059816214665519452e-01 1.073527525363682678e+00 9.709770479357202611e-01 1.412147686518627987e+00 -5.613765082043924853e-02
3.889999999999961044e+00 2.822409147406680363e-01 -8.059816214665519452e-01 1.073527525363682678e+00 9.709770479357202611e-01 1.412147686518627987e+00 -5.613765082043924853e-02
3.899999999999960831e+00 2.845994052313792766e-01 -8.057122042023215913e-01 1.071861288549810221e+00 9.947958346124021745e-01 1.431772430349223413e+00 -5.704207139715647412e-02
3.899999999999960831e+00 2.845994052313792766e-01 -8.057122042023215913e-01 1.071861288549810221e+00 9.947958346124021745e-01 1.431772430349223413e+00 -5.704207139715647412e-02
3.909999999999960618e+00 2.869292782381536733e-01 -8.054170204325887816e-01 1.070257186779948855e+00 1.018408142504070746e+00 1.451199496373990039e+00 -5.789193163652854579e-02
3.909999999999960618e+00 2.869292782381536733e-01 -8.054170204325887816e-01 1.070257186779948855e+00 1.018408142504070746e+00 1.451199496373990039e+00 -5.789193163652854579e-02
3.919999999999960405e+00 2.892314705217253756e-01 -8.050942546696695512e-01 1.068710443070556071e+00 1.041813167987832189e+00 1.470429262760404976e+00 -5.868531390239209444e-02
3.919999999999960405e+00 2.892314705217253756e-01 -8.050942546696695512e-01 1.068710443070556071e+00 1.041813167987832189e+00 1.470429262760404976e+00 -5.868531390239209444e-02
3.929999999999960192e+00 2.915068175496240976e-01 -8.047421527054345880e-01 1.067216742102432780e+00 1.065008769618920104e+00 1.489461999153844474e+00 -5.943906559885162033e-02
3.929999999999960192e+00 2.915068175496240976e-01 -8.047421527054345880e-01 1.067216742102432780e+00 1.065008769618920104e+00 1.489461999153844474e+00 -5.943906559885162033e-02
3.939999999999959979e+00 2.937563790029754651e-01 -8.043591049387006642e-01 1.065771906888678178e+00 1.087993774700289462e+00 1.508297986183511075e+00 -6.013357871834158763e-02
3.939999999999959979e+00 2.937563790029754651e-01 -8.043591049387006642e-01 1.065771906888678178e+00 1.087993774700289462e+00 1.508297986183511075e+00 -6.013357871834158763e-02
3.949999999999959766e+00 2.959811199196668574e-01 -8.039436369986208142e-01 1.064372142060735049e+00 1.110766921428625986e+00 1.526937308012192185e+00 -6.076534265685226005e-02
3.949999999999959766e+00 2.959811199196668574e-01 -8.039436369986208142e-01 1.064372142060735049e+00 1.110766921428625986e+00 1.526937308012192185e+00 -6.076534265685226005e-02
3.959999999999959552e+00 2.981819950160632393e-01 -8.034943948059923846e-01 1.063014003425870602e+00 1.133326751005501842e+00 1.545379927700006206e+00 -6.133315867411183453e-02
3.959999999999959552e+00 2.981819950160632393e-01 -8.034943948059923846e-01 1.063014003425870602e+00 1.133326751005501842e+00 1.545379927700006206e+00 -6.133315867411183453e-02
3.969999999999959339e+00 3.003599597345216754e-01 -8.030101421353091906e-01 1.061694386946466340e+00 1.155671616118718825e+00 1.563625695886504463e+00 -6.183630154550466551e-02
3.969999999999959339e+00 3.003599597345216754e-01 -8.030101421353091906e-01 1.061694386946466340e+00 1.155671616118718825e+00 1.563625695886504463e+00 -6.183630154550466551e-02
3.979999999999959126e+00 3.025158582552917030e-01 -8.024897083475993620e-01 1.060410642287963112e+00 1.177798435481753447e+00 1.581674347833754268e+00 -6.229336033617990931e-02
3.979999999999959126e+00 3.025158582552917030e-01 -8.024897083475993620e-01 1.060410642287963112e+00 1.177798435481753447e+00 1.581674347833754268e+00 -6.229336033617990931e-02
3.989999999999958913e+00 3.046507699830223181e-01 -8.019320647234244870e-01 1.059160221195110996e+00 1.199705465077103073e+00 1.599525596172502340e+00 -6.268546392142761159e-02
3.989999999999958913e+00 3.046507699830223181e-01 -8.019320647234244870e-01 1.059160221195110996e+00 1.199705465077103073e+00 1.599525596172502340e+00 -6.268546392142761159e-02
3.999999999999958700e+00 3.067656717753253770e-01 -8.013363169587603974e-01 1.057940930082870157e+00 1.221390835174066547e+00 1.617178967867575867e+00 -6.301017693091851002e-02
3.999999999999958700e+00 3.067656717753253770e-01 -8.013363169587603974e-01 1.057940930082870157e+00 1.221390835174066547e+00 1.617178967867575867e+00 -6.301017693091851002e-02
4.009999999999958931e+00 3.088615273332762645e-01 -8.007016849325644392e-01 1.056750885180992805e+00 1.242852550011318780e+00 1.634633880213109070e+00 -6.326741387589747412e-02
4.009999999999958931e+00 3.088615273332762645e-01 -8.007016849325644392e-01 1.056750885180992805e+00 1.242852550011318780e+00 1.634633880213109070e+00 -6.326741387589747412e-02
4.019999999999958717e+00 3.109392990010840241e-01 -8.000274970698392218e-01 1.055588493247866966e+00 1.264088513383878842e+00 1.651889656368581427e+00 -6.345753788211877522e-02
4.019999999999958717e+00 3.109392990010840241e-01 -8.000274970698392218e-01 1.055588493247866966e+00 1.264088513383878842e+00 1.651889656368581427e+00 -6.345753788211877522e-02
4.029999999999958504e+00 3.129999490105799254e-01 -7.993131864220801575e-01 1.054452435404840349e+00 1.285096554500296140e+00 1.668945533865002329e+00 -6.358109860300432958e-02
4.029999999999958504e+00 3.129999490105799254e-01 -7.993131864220801575e-01 1.054452435404840349e+00 1.285096554500296140e+00 1.668945533865002329e+00 -6.358109860300432958e-02
4.039999999999958291e+00 3.150443268615387149e-01 -7.985582365590015996e-01 1.053341770463205540e+00 1.305873060604174629e+00 1.685800678689784338e+00 -6.365753283550847075e-02
4.039999999999958291e+00 3.150443268615387149e-01 -7.985582365590015996e-01 1.053341770463205540e+00 1.305873060604174629e+00 1.685800678689784338e+00 -6.365753283550847075e-02
4.049999999999958078e+00 3.170735125927147124e-01 -7.977622525170591228e-01 1.052255582546749446e+00 1.326416140581457626e+00 1.702454243595486361e+00 -6.366946577205825908e-02
4.049999999999958078e+00 3.170735125927147124e-01 -7.977622525170591228e-01 1.052255582546749446e+00 1.326416140581457626e+00 1.702454243595486361e+00 -6.366946577205825908e-02
4.059999999999957865e+00 3.190884814659439295e-01 -7.969249542564355027e-01 1.051193231783942750e+00 1.346723761332717650e+00 1.718905259064813951e+00 -6.361556516403682471e-02
4.059999999999957865e+00 3.190884814659439295e-01 -7.969249542564355027e-01 1.051193231783942750e+00 1.346723761332717650e+00 1.718905259064813951e+00 -6.361556516403682471e-02
4.069999999999957652e+00 3.210901922828892086e-01 -7.960461535824278068e-01 1.050154301792203704e+00 1.366793862614464006e+00 1.735152698932204807e+00 -6.349673976589879920e-02
4.069999999999957652e+00 3.210901922828892086e-01 -7.960461535824278068e-01 1.050154301792203704e+00 1.366793862614464006e+00 1.735152698932204807e+00 -6.349673976589879920e-02
4.079999999999957438e+00 3.230795985860656083e-01 -7.951257468385977134e-01 1.049138577248035720e+00 1.386624394921645909e+00 1.751195497699744363e+00 -6.331427410887749407e-02
4.079999999999957438e+00 3.230795985860656083e-01 -7.951257468385977134e-01 1.049138577248035720e+00 1.386624394921645909e+00 1.751195497699744363e+00 -6.331427410887749407e-02
4.089999999999957225e+00 3.250576494006669481e-01 -7.941637097042891780e-01 1.048146025867906728e+00 1.406213343379907110e+00 1.767032561755436548e+00 -6.306957025029609476e-02
4.089999999999957225e+00 3.250576494006669481e-01 -7.941637097042891780e-01 1.048146025867906728e+00 1.406213343379907110e+00 1.767032561755436548e+00 -6.306957025029609476e-02
4.099999999999957012e+00 3.270252884969439555e-01 -7.931600922642774165e-01 1.047176781329474560e+00 1.425558748032082601e+00 1.782662779850339829e+00 -6.276410568907854481e-02
4.099999999999957012e+00 3.270252884969439555e-01 -7.931600922642774165e-01 1.047176781329474560e+00 1.425558748032082601e+00 1.782662779850339829e+00 -6.276410568907854481e-02
4.109999999999956799e+00 3.289833515470126368e-01 -7.921149626026935398e-01 1.046231228984383588e+00 1.444657261809642934e+00 1.798085029774946442e+00 -6.241688653322007702e-02
4.109999999999956799e+00 3.289833515470126368e-01 -7.921149626026935398e-01 1.046231228984383588e+00 1.444657261809642934e+00 1.798085029774946442e+00 -6.241688653322007702e-02
4.119999999999956586e+00 3.309328777791786247e-01 -7.910284806947504022e-01 1.045309691048150302e+00 1.463507570868750829e+00 1.813298232830616863e+00 -6.201248722834243332e-02
4.119999999999956586e+00 3.309328777791786247e-01 -7.910284806947504022e-01 1.045309691048150302e+00 1.463507570868750829e+00 1.813298232830616863e+00 -6.201248722834243332e-02
4.129999999999956373e+00 3.328748031342742553e-01 -7.899008882905638185e-01 1.044412658037144226e+00 1.482108203843119032e+00 1.828301282223777413e+00 -6.155043695123412623e-02
4.129999999999956373e+00 3.328748031342742553e-01 -7.899008882905638185e-01 1.044412658037144226e+00 1.482108203843119032e+00 1.828301282223777413e+00 -6.155043695123412623e-02
4.139999999999956160e+00 3.348100410495534196e-01 -7.887324861112551266e-01 1.043540736711760397e+00 1.500457750135339108e+00 1.843093089512800598e+00 -6.103227510992874361e-02
4.139999999999956160e+00 3.348100410495534196e-01 -7.887324861112551266e-01 1.043540736711760397e+00 1.500457750135339108e+00 1.843093089512800598e+00 -6.103227510992874361e-02
4.149999999999955946e+00 3.367394921383735640e-01 -7.875236266197646051e-01 1.042694629720997135e+00 1.518554903748992713e+00 1.857672598630211613e+00 -6.045982267443897329e-02
4.149999999999955946e+00 3.367394921383735640e-01 -7.875236266197646051e-01 1.042694629720997135e+00 1.518554903748992713e+00 1.857672598630211613e+00 -6.045982267443897329e-02
4.159999999999955733e+00 3.386640444295532237e-01 -7.862747089856685356e-01 1.041875120169194480e+00 1.536398480535158262e+00 1.872038795499842756e+00 -5.983494755827342693e-02
4.159999999999955733e+00 3.386640444295532237e-01 -7.862747089856685356e-01 1.041875120169194480e+00 1.536398480535158262e+00 1.872038795499842756e+00 -5.983494755827342693e-02
4.169999999999955520e+00 3.405845723514273060e-01 -7.849861744669544006e-01 1.041083057504986531e+00 1.553987430210933329e+00 1.886190716724744032e+00 -5.915952885309101045e-02
4.169999999999955520e+00 3.405845723514273060e-01 -7.849861744669544006e-01 1.041083057504986531e+00 1.553987430210933329e+00 1.886190716724744032e+00 -5.915952885309101045e-02
4.179999999999955307e+00 3.425019355537775589e-01 -7.836585019797459584e-01 1.040319344249151401e+00 1.571320846269777194e+00 1.900127457746920268e+00 -5.843544777538552809e-02
4.179999999999955307e+00 3.425019355537775589e-01 -7.836585019797459584e-01 1.040319344249151401e+00 1.571320846269777194e+00 1.900127457746920268e+00 -5.843544777538552809e-02
4.189999999999955094e+00 3.444168999888644334e-01 -7.822921440445296248e-01 1.039584984631854336e+00 1.588396543660579585e+00 1.913848111334725655e+00 -5.767934997091236221e-02
4.189999999999955094e+00 3.444168999888644334e-01 -7.822921440445296248e-01 1.039584984631854336e+00 1.588396543660579585e+00 1.913848111334725655e+00 -5.767934997091236221e-02
4.199999999999954881e+00 3.463303804362750649e-01 -7.808876221471288126e-01 1.038880867460182822e+00 1.605214481465655707e+00 1.927351929160744604e+00 -5.687849576623747044e-02
4.199999999999954881e+00 3.463303804362750649e-01 -7.808876221471288126e-01 1.038880867460182822e+00 1.605214481465655707e+00 1.927351929160744604e+00 -5.687849576623747044e-02
4.209999999999954667e+00 3.482431963985798129e-01 -7.794455018279583536e-01 1.038207944746803557e+00 1.621774439755456099e+00 1.940638224106110421e+00 -5.603298555169654305e-02
4.209999999999954667e+00 3.482431963985798129e-01 -7.794455018279583536e-01 1.038207944746803557e+00 1.621774439755456099e+00 1.940638224106110421e+00 -5.603298555169654305e-02
4.219999999999954454e+00 3.501561378953509385e-01 -7.779663734614656878e-01 1.037567187886429876e+00 1.638076302913107796e+00 1.953706393732591584e+00 -5.514456558046882534e-02
4.219999999999954454e+00 3.501561378953509385e-01 -7.779663734614656878e-01 1.037567187886429876e+00 1.638076302913107796e+00 1.953706393732591584e+00 -5.514456558046882534e-02
4.229999999999954241e+00 3.520699730995967558e-01 -7.764508465189650099e-01 1.036959572904396554e+00 1.654120102563089834e+00 1.966555927757243527e+00 -5.421517016570440856e-02
4.229999999999954241e+00 3.520699730995967558e-01 -7.764508465189650099e-01 1.036959572904396554e+00 1.654120102563089834e+00 1.966555927757243527e+00 -5.421517016570440856e-02
4.239999999999954028e+00 3.539854485295002573e-01 -7.748995457584767488e-01 1.036386070222271583e+00 1.669906026708805058e+00 1.979186413121713395e+00 -5.324673117325253585e-02
4.239999999999954028e+00 3.539854485295002573e-01 -7.748995457584767488e-01 1.036386070222271583e+00 1.669906026708805058e+00 1.979186413121713395e+00 -5.324673117325253585e-02
4.249999999999953815e+00 3.559032883416486936e-01 -7.733131078423602922e-01 1.035847635709747916e+00 1.685434423230224299e+00 1.991597538265552858e+00 -5.224115212016166437e-02
4.249999999999953815e+00 3.559032883416486936e-01 -7.733131078423602922e-01 1.035847635709747916e+00 1.685434423230224299e+00 1.991597538265552858e+00 -5.224115212016166437e-02
4.259999999999953602e+00 3.578241935718947664e-01 -7.716921781876704411e-01 1.035345202577879542e+00 1.700705801629481373e+00 2.003789096795622005e+00 -5.120030379006518945e-02
4.259999999999953602e+00 3.578241935718947664e-01 -7.716921781876704411e-01 1.035345202577879542e+00 1.700705801629481373e+00 2.003789096795622005e+00 -5.120030379006518945e-02
4.269999999999953388e+00 3.597488414363351761e-01 -7.700374080222696094e-01 1.034879674031243146e+00 1.715720833629721831e+00 2.015760990580382828e+00 -5.012602284774002326e-02
4.269999999999953388e+00 3.597488414363351761e-01 -7.700374080222696094e-01 1.034879674031243146e+00 1.715720833629721831e+00 2.015760990580382828e+00 -5.012602284774002326e-02
4.279999999999953175e+00 3.616778847099630934e-01 -7.683494516409923314e-01 1.034451916643646552e+00 1.730480352787654663e+00 2.027513232281739519e+00 -4.902011104809873149e-02
4.279999999999953175e+00 3.616778847099630934e-01 -7.683494516409923314e-01 1.034451916643646552e+00 1.730480352787654663e+00 2.027513232281739519e+00 -4.902011104809873149e-02
4.289999999999952962e+00 3.636119511874846832e-01 -7.666289638585200850e-01 1.034062754428107356e+00 1.744985353217018087e+00 2.039045947337796427e+00 -4.788433471112520101e-02
4.289999999999952962e+00 3.636119511874846832e-01 -7.666289638585200850e-01 1.034062754428107356e+00 1.744985353217018087e+00 2.039045947337796427e+00 -4.788433471112520101e-02
4.299999999999952749e+00 3.655516432282228112e-01 -7.648765976555746970e-01 1.033712963572649635e+00 1.759236987508057570e+00 2.050359375412309060e+00 -4.672042440082129627e-02
4.299999999999952749e+00 3.655516432282228112e-01 -7.648765976555746970e-01 1.033712963572649635e+00 1.759236987508057570e+00 2.050359375412309060e+00 -4.672042440082129627e-02
4.309999999999952536e+00 3.674975294757197308e-01 -7.630929261184402623e-01 1.033403213540449839e+00 1.773235725816422637e+00 2.061453582193510492e+00 -4.553505162581213822e-02
4.309999999999952536e+00 3.674975294757197308e-01 -7.630929261184402623e-01 1.033403213540449839e+00 1.773235725816422637e+00 2.061453582193510492e+00 -4.553505162581213822e-02
4.319999999999952323e+00 3.694501898169875731e-01 -7.612785869316819332e-01 1.033134133341217842e+00 1.786983355147811814e+00 2.072329047371194388e+00 -4.432422293813362280e-02
4.319999999999952323e+00 3.694501898169875731e-01 -7.612785869316819332e-01 1.033134133341217842e+00 1.786983355147811814e+00 2.072329047371194388e+00 -4.432422293813362280e-02
4.329999999999952109e+00 3.714101514946536176e-01 -7.594342169851677760e-01 1.032906311722722403e+00 1.800481613445607865e+00 2.082986365878649604e+00 -4.308896224965938493e-02
4.329999999999952109e+00 3.714101514946536176e-01 -7.594342169851677760e-01 1.032906311722722403e+00 1.800481613445607865e+00 2.082986365878649604e+00 -4.308896224965938493e-02
4.339999999999951896e+00 3.733779119567161020e-01 -7.575604450879708240e-01 1.032720280767808863e+00 1.813732345532894641e+00 2.093426247871718715e+00 -4.183087703940607111e-02
4.339999999999951896e+00 3.733779119567161020e-01 -7.575604450879708240e-01 1.032720280767808863e+00 1.813732345532894641e+00 2.093426247871718715e+00 -4.183087703940607111e-02
4.349999999999951683e+00 3.753539416556812003e-01 -7.556578897200249001e-01 1.032576511321579238e+00 1.826737519802819731e+00 2.103649517794924595e+00 -4.055160921710548871e-02
4.349999999999951683e+00 3.753539416556812003e-01 -7.556578897200249001e-01 1.032576511321579238e+00 1.826737519802819731e+00 2.103649517794924595e+00 -4.055160921710548871e-02
4.359999999999951470e+00 3.773386844575080112e-01 -7.537271575610053898e-01 1.032475410379636083e+00 1.839499226775581198e+00 2.113657113033796442e+00 -3.925276813530970826e-02
4.359999999999951470e+00 3.773386844575080112e-01 -7.537271575610053898e-01 1.032475410379636083e+00 1.839499226775581198e+00 2.113657113033796442e+00 -3.925276813530970826e-02
4.369999999999951257e+00 3.793325578199938652e-01 -7.517688422659425385e-01 1.032417319183650095e+00 1.852019674962326778e+00 2.123450082199490385e+00 -3.793592320619711133e-02
4.369999999999951257e+00 3.793325578199938652e-01 -7.517688422659425385e-01 1.032417319183650095e+00 1.852019674962326778e+00 2.123450082199490385e+00 -3.793592320619711133e-02
4.379999999999951044e+00 3.813359530008559317e-01 -7.497835234158146678e-01 1.032402511838921511e+00 1.864301186044795777e+00 2.133029583070836566e+00 -3.660260386396418236e-02
4.379999999999951044e+00 3.813359530008559317e-01 -7.497835234158146678e-01 1.032402511838921511e+00 1.864301186044795777e+00 2.133029583070836566e+00 -3.660260386396418236e-02
4.389999999999950830e+00 3.833492353238320272e-01 -7.477717656274889269e-01 1.032431194401287389e+00 1.876346189677810639e+00 2.142396880220595712e+00 -3.525430042863737096e-02
4.389999999999950830e+00 3.833492353238320272e-01 -7.477717656274889269e-01 1.032431194401287389e+00 1.876346189677810639e+00 2.142396880220595712e+00 -3.525430042863737096e-02
4.399999999999950617e+00 3.853727445027321230e-01 -7.457341178141722038e-01 1.032503504397894734e+00 1.888157218003783111e+00 2.151553342353356602e+00 -3.389246507241089335e-02
4.399999999999950617e+00 3.853727445027321230e-01 -7.457341178141722038e-01 1.032503504397894734e+00 1.888157218003783111e+00 2.151553342353356602e+00 -3.389246507241089335e-02
4.409999999999950404e+00 3.874067950197659371e-01 -7.436711125883350704e-01 1.032619510749324565e+00 1.899736899937332524e+00 2.160500439382423643e+00 -3.251851278323438649e-02
4.409999999999950404e+00 3.874067950197659371e-01 -7.436711125883350704e-01 1.032619510749324565e+00 1.899736899937332524e+00 2.160500439382423643e+00 -3.251851278323438649e-02
4.419999999999950191e+00 3.894516765539233760e-01 -7.415832657991544563e-01 1.032779214061765760e+00 1.911087955270634575e+00 2.169239739272707634e+00 -3.113382230621916311e-02
4.419999999999950191e+00 3.894516765539233760e-01 -7.415832657991544563e-01 1.032779214061765760e+00 1.911087955270634575e+00 2.169239739272707634e+00 -3.113382230621916311e-02
4.429999999999949978e+00 3.915076544550528115e-01 -7.394710761965382906e-01 1.032982547258937345e+00 1.922213188645769844e+00 2.177772904676086085e+00 -2.973973705495999709e-02
4.429999999999949978e+00 3.915076544550528115e-01 -7.394710761965382906e-01 1.032982547258937345e+00 1.922213188645769844e+00 2.177772904676086085e+00 -2.973973705495999709e-02
4.439999999999949765e+00 3.935749702592488686e-01 -7.373350252138193284e-01 1.033229376524440246e+00 1.933115483436550708e+00 2.186101689385050673e+00 -2.833756598730167997e-02
4.439999999999949765e+00 3.935749702592488686e-01 -7.373350252138193284e-01 1.033229376524440246e+00 1.933115483436550708e+00 2.186101689385050673e+00 -2.833756598730167997e-02
4.449999999999949551e+00 3.956538422411812195e-01 -7.351755768612540098e-01 1.033519502526200728e+00 1.943797795578757759e+00 2.194227934629661814e+00 -2.692858444134892115e-02
4.449999999999949551e+00 3.956538422411812195e-01 -7.351755768612540098e-01 1.033519502526200728e+00 1.943797795578757759e+00 2.194227934629661814e+00 -2.692858444134892115e-02
4.459999999999949338e+00 3.977444659990569398e-01 -7.329931777225339173e-01 1.033852661895670488e+00 1.954263147384351695e+00 2.202153565241947053e+00 -2.551403492858043270e-02
4.459999999999949338e+00 3.977444659990569398e-01 -7.329931777225339173e-01 1.033852661895670488e+00 1.954263147384351695e+00 2.202153565241947053e+00 -2.551403492858043270e-02
4.469999999999949125e+00 3.998470150680072943e-01 -7.307882570466101013e-01 1.034228528935458913e+00 1.964514621372042358e+00 2.209880585710889633e+00 -2.409512788189470400e-02
4.469999999999949125e+00 3.998470150680072943e-01 -7.307882570466101013e-01 1.034228528935458913e+00 1.964514621372042358e+00 2.209880585710889633e+00 -2.409512788189470400e-02
4.479999999999948912e+00 4.019615875188308762e-01 -7.285612843576384501e-01 1.034646852475595624e+00 1.974555017098572396e+00 2.217411485460637710e+00 -2.268100214320873872e-02
4.479999999999948912e+00 4.019615875188308762e-01 -7.285612843576384501e-01 1.034646852475595624e+00 1.974555017098572396e+00 2.217411485460637710e+00 -2.268100214320873872e-02
4.489999999999948699e+00 4.040883422180649998e-01 -7.263126453829945595e-01 1.035107166870355533e+00 1.984387819843826950e+00 2.224748390153214128e+00 -2.126605414334241037e-02
4.489999999999948699e+00 4.040883422180649998e-01 -7.263126453829945595e-01 1.035107166870355533e+00 1.984387819843826950e+00 2.224748390153214128e+00 -2.126605414334241037e-02
4.499999999999948486e+00 4.062273945908788098e-01 -7.240427153161398399e-01 1.035608965791439795e+00 1.994016281956117798e+00 2.231893499068563713e+00 -1.985059741700555616e-02
4.499999999999948486e+00 4.062273945908788098e-01 -7.240427153161398399e-01 1.035608965791439795e+00 1.994016281956117798e+00 2.231893499068563713e+00 -1.985059741700555616e-02
4.509999999999948272e+00 4.083788380163411724e-01 -7.217518539302861802e-01 1.036151690708066120e+00 2.003443661816711963e+00 2.238849075997362270e+00 -1.843560414839213318e-02
4.509999999999948272e+00 4.083788380163411724e-01 -7.217518539302861802e-01 1.036151690708066120e+00 2.003443661816711963e+00 2.238849075997362270e+00 -1.843560414839213318e-02
4.519999999999948059e+00 4.105427468679274106e-01 -7.194404054450126429e-01 1.036734731861622905e+00 2.012673246435388030e+00 2.245617444462370660e+00 -1.702209856828657344e-02
4.519999999999948059e+00 4.105427468679274106e-01 -7.194404054450126429e-01 1.036734731861622905e+00 2.012673246435388030e+00 2.245617444462370660e+00 -1.702209856828657344e-02
4.529999999999947846e+00 4.127191774773946165e-01 -7.171086989773620690e-01 1.037357430742717801e+00 2.021708348966913871e+00 2.252200983463659600e+00 -1.561108748364190869e-02
4.529999999999947846e+00 4.127191774773946165e-01 -7.171086989773620690e-01 1.037357430742717801e+00 2.021708348966913871e+00 2.252200983463659600e+00 -1.561108748364190869e-02
4.539999999999947633e+00 4.149081688675636537e-01 -7.147570490973178536e-01 1.038019082793212533e+00 2.030552303488583288e+00 2.258602123305497589e+00 -1.420355255996712425e-02
4.539999999999947633e+00 4.149081688675636537e-01 -7.147570490973178536e-01 1.038019082793212533e+00 2.030552303488583288e+00 2.258602123305497589e+00 -1.420355255996712425e-02
4.549999999999947420e+00 4.171097434602288878e-01 -7.123857564280414723e-01 1.038718940172844940e+00 2.039208459643323312e+00 2.264823341464454298e+00 -1.280044965468975747e-02
4.549999999999947420e+00 4.171097434602288878e-01 -7.123857564280414723e-01 1.038718940172844940e+00 2.039208459643323312e+00 2.264823341464454298e+00 -1.280044965468975747e-02
4.559999999999947207e+00 4.193239077801536041e-01 -7.099951082791794432e-01 1.039456214558701630e+00 2.047680177456407957e+00 2.270867158504992211e+00 -1.140270893340580502e-02
4.559999999999947207e+00 4.193239077801536041e-01 -7.099951082791794432e-01 1.039456214558701630e+00 2.047680177456407957e+00 2.270867158504992211e+00 -1.140270893340580502e-02
4.569999999999946994e+00 4.215506531554296110e-01 -7.075853793071861242e-01 1.040230079961330878e+00 2.055970822366590678e+00 2.276736134053307659e+00 -1.001123505552482980e-02
4.569999999999946994e+00 4.215506531554296110e-01 -7.075853793071861242e-01 1.040230079961330878e+00 2.055970822366590678e+00 2.276736134053307659e+00 -1.001123505552482980e-02
4.579999999999946780e+00 4.237899564123510099e-01 -7.051568321974741593e-01 1.041039675543904197e+00 2.064083760480403651e+00 2.282432862839725907e+00 -8.626907350500612540e-03
4.579999999999946780e+00 4.237899564123510099e-01 -7.051568321974741593e-01 1.041039675543904197e+00 2.064083760480403651e+00 2.282432862839725907e+00 -8.626907350500612540e-03
4.589999999999946567e+00 4.260417805629010957e-01 -7.027097183635415689e-01 1.041884108431994083e+00 2.072022354053511872e+00 2.287959970818945532e+00 -7.250579978160063416e-03
4.589999999999946567e+00 4.260417805629010957e-01 -7.027097183635415689e-01 1.041884108431994083e+00 2.072022354053511872e+00 2.287959970818945532e+00 -7.250579978160063416e-03
4.599999999999946354e+00 4.283060754831227723e-01 -7.002442786585068024e-01 1.042762456502515755e+00 2.079789957201357620e+00 2.293320111376392578e+00 -5.883082074892947294e-03
4.599999999999946354e+00 4.283060754831227723e-01 -7.002442786585068024e-01 1.042762456502515755e+00 2.079789957201357620e+00 2.293320111376392578e+00 -5.883082074892947294e-03
4.609999999999946141e+00 4.305827785808353236e-01 -6.977607440947631856e-01 1.043673771141334417e+00 2.087389911840119794e+00 2.298515961627948467e+00 -4.525217888408079522e-03
4.609999999999946141e+00 4.305827785808353236e-01 -6.977607440947631856e-01 1.043673771141334417e+00 2.087389911840119794e+00 2.298515961627948467e+00 -4.525217888408079522e-03
4.619999999999945928e+00 4.328718154513415683e-01 -6.952593365677480763e-01 1.044617079959970107e+00 2.094825543857929517e+00 2.303550218819363504e+00 -3.177766903844092723e-03
4.619999999999945928e+00 4.328718154513415683e-01 -6.952593365677480763e-01 1.044617079959970107e+00 2.094825543857929517e+00 2.303550218819363504e+00 -3.177766903844092723e-03
4.629999999999945715e+00 4.351731005199446223e-01 -6.927402695801017085e-01 1.045591389462744880e+00 2.102100159515287725e+00 2.308425596830769866e+00 -1.841483963977599229e-03
4.629999999999945715e+00 4.351731005199446223e-01 -6.927402695801017085e-01 1.045591389462744880e+00 2.102100159515287725e+00 2.308425596830769866e+00 -1.841483963977599229e-03
4.639999999999945501e+00 4.374865376702564701e-01 -6.902037489627728117e-01 1.046595687656602713e+00 2.109217042072717874e+00 2.313144822790852650e+00 -5.170993861856217066e-04
4.639999999999945501e+00 4.374865376702564701e-01 -6.902037489627728117e-01 1.046595687656602713e+00 2.109217042072717874e+00 2.313144822790852650e+00 -5.170993861856217066e-04
4.649999999999945288e+00 4.398120208574324841e-01 -6.876499735899062049e-01 1.047628946596689259e+00 2.116179448642861338e+00 2.317710633804446196e+00 7.946809212943280187e-04
4.649999999999945288e+00 4.398120208574324841e-01 -6.876499735899062049e-01 1.047628946596689259e+00 2.116179448642861338e+00 2.317710633804446196e+00 7.946809212943280187e-04
4.659999999999945075e+00 4.421494347056085239e-01 -6.850791360846183453e-01 1.048690124861604955e+00 2.122990607263460561e+00 2.322125773796573700e+00 2.093175341398379689e-03
4.659999999999945075e+00 4.421494347056085239e-01 -6.850791360846183453e-01 1.048690124861604955e+00 2.122990607263460561e+00 2.322125773796573700e+00 2.093175341398379689e-03
4.669999999999944862e+00 4.444986550889492571e-01 -6.824914235130342677e-01 1.049778169953039075e+00 2.129653714187008440e+00 2.326392990475252720e+00 3.377726426310013064e-03
4.669999999999944862e+00 4.444986550889492571e-01 -6.824914235130342677e-01 1.049778169953039075e+00 2.129653714187008440e+00 2.326392990475252720e+00 3.377726426310013064e-03
4.679999999999944649e+00 4.468595496958362445e-01 -6.798870180642179184e-01 1.050892020615243228e+00 2.136171931382235822e+00 2.330515032414749221e+00 4.647700769486421898e-03
4.679999999999944649e+00 4.468595496958362445e-01 -6.798870180642179184e-01 1.050892020615243228e+00 2.136171931382235822e+00 2.330515032414749221e+00 4.647700769486421898e-03
4.689999999999944436e+00 4.492319785758362993e-01 -6.772660977138794669e-01 1.052030609070526257e+00 2.142548384242073833e+00 2.334494646260369066e+00 5.902488869729078692e-03
4.689999999999944436e+00 4.492319785758362993e-01 -6.772660977138794669e-01 1.052030609070526257e+00 2.142548384242073833e+00 2.334494646260369066e+00 5.902488869729078692e-03
4.699999999999944222e+00 4.516157946691920499e-01 -6.746288368699820959e-01 1.053192863167627280e+00 2.148786159492268588e+00 2.338334574055328741e+00 7.141504985576480578e-03
4.699999999999944222e+00 4.516157946691920499e-01 -6.746288368699820959e-01 1.053192863167627280e+00 2.148786159492268588e+00 2.338334574055328741e+00 7.141504985576480578e-03
4.709999999999944009e+00 4.540108443186680054e-01 -6.719754069986039191e-01 1.054377708440466632e+00 2.154888303294423046e+00 2.342037550689753278e+00 8.364186978488246174e-03
4.709999999999944009e+00 4.540108443186680054e-01 -6.719754069986039191e-01 1.054377708440466632e+00 2.154888303294423046e+00 2.342037550689753278e+00 8.364186978488246174e-03
4.719999999999943796e+00 4.564169677636686906e-01 -6.693059772286300557e-01 1.055584070075367364e+00 2.160857819536902813e+00 2.345606301471394595e+00 9.569996143483075132e-03
4.719999999999943796e+00 4.564169677636686906e-01 -6.693059772286300557e-01 1.055584070075367364e+00 2.160857819536902813e+00 2.345606301471394595e+00 9.569996143483075132e-03
4.729999999999943583e+00 4.588339996166210244e-01 -6.666207149340586113e-01 1.056810874785404586e+00 2.166697668306766023e+00 2.349043539817257997e+00 1.075841702608675531e-02
4.729999999999943583e+00 4.588339996166210244e-01 -6.666207149340586113e-01 1.056810874785404586e+00 2.166697668306766023e+00 2.349043539817257997e+00 1.075841702608675531e-02
4.739999999999943370e+00 4.612617693216779502e-01 -6.639197862929038241e-01 1.058057052591052205e+00 2.172410764535651406e+00 2.352351965064950257e+00 1.192895722463743237e-02
4.739999999999943370e+00 4.612617693216779502e-01 -6.639197862929038241e-01 1.058057052591052205e+00 2.172410764535651406e+00 2.352351965064950257e+00 1.192895722463743237e-02
4.749999999999943157e+00 4.637001015958618910e-01 -6.612033568218631530e-01 1.059321538506776683e+00 2.177999976812383665e+00 2.355534260402244229e+00 1.308114717718287731e-02
4.749999999999943157e+00 4.637001015958618910e-01 -6.612033568218631530e-01 1.059321538506776683e+00 2.177999976812383665e+00 2.355534260402244229e+00 1.308114717718287731e-02
4.759999999999942943e+00 4.661488168528164500e-01 -6.584715918860918338e-01 1.060603274133663509e+00 2.183468126354938033e+00 2.358593090913054802e+00 1.421453993238622378e-02
4.759999999999942943e+00 4.661488168528164500e-01 -6.584715918860918338e-01 1.060603274133663509e+00 2.183468126354938033e+00 2.358593090913054802e+00 1.421453993238622378e-02
4.769999999999942730e+00 4.686077316093825718e-01 -6.557246571835889659e-01 1.061901209158563564e+00 2.188817986134317994e+00 2.361531101737766036e+00 1.532871090403158110e-02
4.769999999999942730e+00 4.686077316093825718e-01 -6.557246571835889659e-01 1.061901209158563564e+00 2.188817986134317994e+00 2.361531101737766036e+00 1.532871090403158110e-02
4.779999999999942517e+00 4.710766588752540729e-01 -6.529627192038519601e-01 1.063214302760606911e+00 2.194052280142873457e+00 2.364350916345628661e+00 1.642325760888778061e-02
4.779999999999942517e+00 4.710766588752540729e-01 -6.529627192038519601e-01 1.063214302760606911e+00 2.194052280142873457e+00 2.364350916345628661e+00 1.642325760888778061e-02
4.789999999999942304e+00 4.735554085260013646e-01 -6.501859456605937337e-01 1.064541524926258198e+00 2.199173682799576479e+00 2.367055134916751680e+00 1.749779938784641956e-02
4.789999999999942304e+00 4.735554085260013646e-01 -6.501859456605937337e-01 1.064541524926258198e+00 2.199173682799576479e+00 2.367055134916751680e+00 1.749779938784641956e-02
4.799999999999942091e+00 4.760437876597827800e-01 -6.473945058984460488e-01 1.065881857674377819e+00 2.204184818484818287e+00 2.369646332831040869e+00 1.855197711039853828e-02
4.799999999999942091e+00 4.760437876597827800e-01 -6.473945058984460488e-01 1.065881857674377819e+00 2.204184818484818287e+00 2.369646332831040869e+00 1.855197711039853828e-02
4.809999999999941878e+00 4.785416009380855651e-01 -6.445885712736904027e-01 1.067234296193013243e+00 2.209088261197351688e+00 2.372127059261306403e+00 1.958545286265213348e-02
4.809999999999941878e+00 4.785416009380855651e-01 -6.445885712736904027e-01 1.067234296193013243e+00 2.209088261197351688e+00 2.372127059261306403e+00 1.958545286265213348e-02
4.819999999999941664e+00 4.810486509108604092e-01 -6.417683155091628011e-01 1.068597849889868723e+00 2.213886534326106492e+00 2.374499835867639241e+00 2.059790961921978761e-02
4.819999999999941664e+00 4.810486509108604092e-01 -6.417683155091628011e-01 1.068597849889868723e+00 2.213886534326106492e+00 2.374499835867639241e+00 2.059790961921978761e-02
4.829999999999941451e+00 4.835647383264286558e-01 -6.389339150235758824e-01 1.069971543358597454e+00 2.218582110529722318e+00 2.376767155590064906e+00 2.158905089942197292e-02
4.829999999999941451e+00 4.835647383264286558e-01 -6.389339150235758824e-01 1.069971543358597454e+00 2.218582110529722318e+00 2.376767155590064906e+00 2.158905089942197292e-02
4.839999999999941238e+00 4.860896624265552690e-01 -6.360855492355890206e-01 1.071354417263232550e+00 2.223177411716791951e+00 2.378931481536412207e+00 2.255860040835643010e-02
4.839999999999941238e+00 4.860896624265552690e-01 -6.360855492355890206e-01 1.071354417263232550e+00 2.223177411716791951e+00 2.378931481536412207e+00 2.255860040835643010e-02
4.849999999999941025e+00 4.886232212270897879e-01 -6.332234008430335237e-01 1.072745529143208421e+00 2.227674809119978061e+00 2.380995245962275408e+00 2.350630166347811995e-02
4.849999999999941025e+00 4.886232212270897879e-01 -6.332234008430335237e-01 1.072745529143208421e+00 2.227674809119978061e+00 2.380995245962275408e+00 2.350630166347811995e-02
4.859999999999940812e+00 4.911652117845846655e-01 -6.303476560777691029e-01 1.074143954141546287e+00 2.232076623457341480e+00 2.382960849339915477e+00 2.443191760741696139e-02
4.859999999999940812e+00 4.911652117845846655e-01 -6.303476560777691029e-01 1.074143954141546287e+00 2.232076623457341480e+00 2.382960849339915477e+00 2.443191760741696139e-02
4.869999999999940599e+00 4.937154304493056034e-01 -6.274585049367070733e-01 1.075548785658868134e+00 2.236385125174420452e+00 2.384830659512921613e+00 2.533523020783259860e-02
4.869999999999940599e+00 4.937154304493056034e-01 -6.274585049367070733e-01 1.075548785658868134e+00 2.236385125174420452e+00 2.384830659512921613e+00 2.533523020783259860e-02
4.879999999999940385e+00 4.962736731050497174e-01 -6.245561413895882596e-01 1.076959135935977807e+00 2.240602534760816944e+00 2.386607010933445849e+00 2.621604004516697728e-02
4.879999999999940385e+00 4.962736731050497174e-01 -6.245561413895882596e-01 1.076959135935977807e+00 2.240602534760816944e+00 2.386607010933445849e+00 2.621604004516697728e-02
4.889999999999940172e+00 4.988397353961893099e-01 -6.216407635641496565e-01 1.078374136567799235e+00 2.244731023135256187e+00 2.388292203978826134e+00 2.707416588920661532e-02
4.889999999999940172e+00 4.988397353961893099e-01 -6.216407635641496565e-01 1.078374136567799235e+00 2.244731023135256187e+00 2.388292203978826134e+00 2.707416588920661532e-02
4.899999999999939959e+00 5.014134129423561959e-01 -6.187125739093491950e-01 1.079792938951498193e+00 2.248772712093324966e+00 2.389888504344429343e+00 2.790944426540793721e-02
4.899999999999939959e+00 5.014134129423561959e-01 -6.187125739093491950e-01 1.079792938951498193e+00 2.248772712093324966e+00 2.389888504344429343e+00 2.790944426540793721e-02
4.909999999999939746e+00 5.039945015411803064e-01 -6.157717793373520543e-01 1.081214714671633104e+00 2.252729674812321115e+00 2.391398142509572722e+00 2.872172901197106443e-02
4.909999999999939746e+00 5.039945015411803064e-01 -6.157717793373520543e-01 1.081214714671633104e+00 2.252729674812321115e+00 2.391398142509572722e+00 2.872172901197106443e-02
4.919999999999939533e+00 5.065827533008133710e-01 -6.128186275860667553e-01 1.082638765919387014e+00 2.256603247280635216e+00 2.392823683431505088e+00 2.950001756765667851e-02
4.919999999999939533e+00 5.065827533008133710e-01 -6.128186275860667553e-01 1.082638765919387014e+00 2.256603247280635216e+00 2.392823683431505088e+00 2.950001756765667851e-02
4.929999999999939320e+00 5.091779835354774963e-01 -6.098533282106037845e-01 1.084064280281535231e+00 2.260395977996560113e+00 2.394167258222495320e+00 3.025401931837157221e-02
4.929999999999939320e+00 5.091779835354774963e-01 -6.098533282106037845e-01 1.084064280281535231e+00 2.260395977996560113e+00 2.394167258222495320e+00 3.025401931837157221e-02
4.939999999999939106e+00 5.117799929504862622e-01 -6.068761000153060081e-01 1.085490484281388168e+00 2.264109863668910094e+00 2.395430970714396590e+00 3.098465545252957268e-02
4.939999999999939106e+00 5.117799929504862622e-01 -6.068761000153060081e-01 1.085490484281388168e+00 2.264109863668910094e+00 2.395430970714396590e+00 3.098465545252957268e-02
4.949999999999938893e+00 5.143885815145295970e-01 -6.038871672060894813e-01 1.086916627844572325e+00 2.267746801892619679e+00 2.396616889683436558e+00 3.169195123369893119e-02
4.949999999999938893e+00 5.143885815145295970e-01 -6.038871672060894813e-01 1.086916627844572325e+00 2.267746801892619679e+00 2.396616889683436558e+00 3.169195123369893119e-02
4.959999999999938680e+00 5.170035500028298259e-01 -6.008867590296133043e-01 1.088341982761371396e+00 2.271308638780153988e+00 2.397727047845455761e+00 3.237585274901701171e-02
4.959999999999938680e+00 5.170035500028298259e-01 -6.008867590296133043e-01 1.088341982761371396e+00 2.271308638780153988e+00 2.397727047845455761e+00 3.237585274901701171e-02
4.969999999999938467e+00 5.196247002802916182e-01 -5.978751097531087577e-01 1.089765842550560970e+00 2.274797174615694750e+00 2.398763441590086032e+00 3.303631096805257489e-02
4.969999999999938467e+00 5.196247002802916182e-01 -5.978751097531087577e-01 1.089765842550560970e+00 2.274797174615694750e+00 2.398763441590086032e+00 3.303631096805257489e-02
4.979999999999938254e+00 5.222518354485615744e-01 -5.948524586653914925e-01 1.091187522431190438e+00 2.278214165179067940e+00 2.399728030837471326e+00 3.367329000290306823e-02
4.979999999999938254e+00 5.222518354485615744e-01 -5.948524586653914925e-01 1.091187522431190438e+00 2.278214165179067940e+00 2.399728030837471326e+00 3.367329000290306823e-02
4.989999999999938041e+00 5.248847599712809231e-01 -5.918190500672246834e-01 1.092606359271453220e+00 2.281561322636326050e+00 2.400622738952453705e+00 3.428676753322146276e-02
4.989999999999938041e+00 5.248847599712809231e-01 -5.918190500672246834e-01 1.092606359271453220e+00 2.281561322636326050e+00 2.400622738952453705e+00 3.428676753322146276e-02
4.999999999999937828e+00 5.275232797894263692e-01 -5.887751332484369993e-01 1.094021711503246452e+00 2.284840316397541926e+00 2.401449452707249854e+00 3.487673442201622703e-02
4.999999999999937828e+00 5.275232797894263692e-01 -5.887751332484369993e-01 1.094021711503246452e+00 2.284840316397541926e+00 2.401449452707249854e+00 3.487673442201622703e-02
5.009999999999937614e+00 5.301672024282524376e-01 -5.857209624521653168e-01 1.095432959003241891e+00 2.288052773980691068e+00 2.402210022289388291e+00 3.544319424860407214e-02
5.009999999999937614e+00 5.301672024282524376e-01 -5.857209624521653168e-01 1.095432959003241891e+00 2.288052773980691068e+00 2.402210022289388291e+00 3.544319424860407214e-02
5.019999999999937401e+00 5.328163370962893941e-01 -5.826567968268850928e-01 1.096839502942489775e+00 2.291200281883256196e+00 2.402906261352333761e+00 3.598616283444123348e-02
5.019999999999937401e+00 5.328163370962893941e-01 -5.826567968268850928e-01 1.096839502942489775e+00 2.291200281883256196e+00 2.402906261352333761e+00 3.598616283444123348e-02
5.029999999999937188e+00 5.354704947767359169e-01 -5.795829003669146218e-01 1.098240765606647296e+00 2.294284386459515268e+00 2.403539947106363872e+00 3.650566777038172922e-02
5.029999999999937188e+00 5.354704947767359169e-01 -5.795829003669146218e-01 1.098240765606647296e+00 2.294284386459515268e+00 2.403539947106363872e+00 3.650566777038172922e-02
5.039999999999936975e+00 5.381294883115638195e-01 -5.764995418420701956e-01 1.099636190188869156e+00 2.297306594801245883e+00 2.404112820447332766e+00 3.700174794694879171e-02
5.039999999999936975e+00 5.381294883115638195e-01 -5.764995418420701956e-01 1.099636190188869156e+00 2.297306594801245883e+00 2.404112820447332766e+00 3.700174794694879171e-02
5.049999999999936762e+00 5.407931324786419136e-01 -5.734069947171381854e-01 1.101025240557336193e+00 2.300268375619703320e+00 2.404626586121048959e+00 3.747445308845142459e-02
5.049999999999936762e+00 5.407931324786419136e-01 -5.734069947171381854e-01 1.101025240557336193e+00 2.300268375619703320e+00 2.404626586121048959e+00 3.747445308845142459e-02
5.059999999999936549e+00 5.434612440621769958e-01 -5.703055370618143050e-01 1.102407400999324993e+00 2.303171160126901817e+00 2.405082912921059801e+00 3.792384329166242907e-02
5.059999999999936549e+00 5.434612440621769958e-01 -5.703055370618143050e-01 1.102407400999324993e+00 2.303171160126901817e+00 2.405082912921059801e+00 3.792384329166242907e-02
5.069999999999936335e+00 5.461336419167582834e-01 -5.671954514517474344e-01 1.103782175943655020e+00 2.306016342914368966e+00 2.405483433917717573e+00 3.834998856972324233e-02
5.069999999999936335e+00 5.461336419167582834e-01 -5.671954514517474344e-01 1.103782175943655020e+00 2.306016342914368966e+00 2.405483433917717573e+00 3.834998856972324233e-02
5.079999999999936122e+00 5.488101470252849667e-01 -5.640770248613076188e-01 1.105149089663277406e+00 2.308805282827710137e+00 2.405829746716475981e+00 3.875296840189622338e-02
5.079999999999936122e+00 5.488101470252849667e-01 -5.640770248613076188e-01 1.105149089663277406e+00 2.308805282827710137e+00 2.405829746716475981e+00 3.875296840189622338e-02
5.089999999999935909e+00 5.514905825510454385e-01 -5.609505485486806498e-01 1.106507685959697618e+00 2.311539303835452586e+00 2.406123413743439965e+00 3.913287128974074491e-02
5.089999999999935909e+00 5.514905825510454385e-01 -5.609505485486806498e-01 1.106507685959697618e+00 2.311539303835452586e+00 2.406123413743439965e+00 3.913287128974074491e-02
5.099999999999935696e+00 5.541747738842082160e-01 -5.578163179338757605e-01 1.107857527830856004e+00 2.314219695890785466e+00 2.406365962556271665e+00 3.948979432024479763e-02
5.099999999999935696e+00 5.541747738842082160e-01 -5.578163179338757605e-01 1.107857527830856004e+00 2.314219695890785466e+00 2.406365962556271665e+00 3.948979432024479763e-02
5.109999999999935483e+00 5.568625486829764659e-01 -5.546746324702126474e-01 1.109198197124015906e+00 2.316847715784935868e+00 2.406558886178621126e+00 3.982384273640011962e-02
5.109999999999935483e+00 5.568625486829764659e-01 -5.546746324702126474e-01 1.109198197124015906e+00 2.316847715784935868e+00 2.406558886178621126e+00 3.982384273640011962e-02
5.119999999999935270e+00 5.595537369096483804e-01 -5.515257955098363807e-01 1.110529294175143233e+00 2.319424587991048892e+00 2.406703643456326702e+00 4.013512951566485659e-02
5.119999999999935270e+00 5.595537369096483804e-01 -5.515257955098363807e-01 1.110529294175143233e+00 2.319424587991048892e+00 2.406703643456326702e+00 4.013512951566485659e-02
5.129999999999935056e+00 5.622481708618183305e-01 -5.483701141637902232e-01 1.111850437436189498e+00 2.321951505497557466e+00 2.406801659433701612e+00 4.042377495671511251e-02
5.129999999999935056e+00 5.622481708618183305e-01 -5.483701141637902232e-01 1.111850437436189498e+00 2.321951505497557466e+00 2.406801659433701612e+00 4.042377495671511251e-02
5.139999999999934843e+00 5.649456851989443917e-01 -5.452078991571566169e-01 1.113161263091623887e+00 2.324429630630137744e+00 2.406854325748291057e+00 4.068990627484467965e-02
5.139999999999934843e+00 5.649456851989443917e-01 -5.452078991571566169e-01 1.113161263091623887e+00 2.324429630630137744e+00 2.406854325748291057e+00 4.068990627484467965e-02
5.149999999999934630e+00 5.676461169645011795e-01 -5.420394646797580540e-01 1.114461424665495137e+00 2.326860095861448041e+00 2.406863001042552686e+00 4.093365720633125593e-02
5.149999999999934630e+00 5.676461169645011795e-01 -5.420394646797580540e-01 1.114461424665495137e+00 2.326860095861448041e+00 2.406863001042552686e+00 4.093365720633125593e-02
5.159999999999934417e+00 5.703493056039287135e-01 -5.388651282328899006e-01 1.115750592620235793e+00 2.329244004607950558e+00 2.406829011390978490e+00 4.115516762204780160e-02
5.159999999999934417e+00 5.703493056039287135e-01 -5.388651282328899006e-01 1.115750592620235793e+00 2.329244004607950558e+00 2.406829011390978490e+00 4.115516762204780160e-02
5.169999999999934204e+00 5.730550929785799275e-01 -5.356852104725392527e-01 1.117028453948364586e+00 2.331582432013204809e+00 2.406753650741244588e+00 4.135458315055937778e-02
5.169999999999934204e+00 5.730550929785799275e-01 -5.356852104725392527e-01 1.117028453948364586e+00 2.331582432013204809e+00 2.406753650741244588e+00 4.135458315055937778e-02
5.179999999999933991e+00 5.757633233758634450e-01 -5.325000350495235901e-01 1.118294711758175186e+00 2.333876425717106518e+00 2.406638181368036200e+00 4.153205481090876949e-02
5.179999999999933991e+00 5.757633233758634450e-01 -5.325000350495235901e-01 1.118294711758175186e+00 2.333876425717106518e+00 2.406638181368036200e+00 4.153205481090876949e-02
5.189999999999933777e+00 5.784738435157700254e-01 -5.293099284469660049e-01 1.119549084854445598e+00 2.336127006610627888e+00 2.406483834338255967e+00 4.168773865525897404e-02
5.189999999999933777e+00 5.784738435157700254e-01 -5.293099284469660049e-01 1.119549084854445598e+00 2.336127006610627888e+00 2.406483834338255967e+00 4.168773865525897404e-02
5.199999999999933564e+00 5.811865025539653118e-01 -5.261152198155040205e-01 1.120791307315142316e+00 2.338335169575686212e+00 2.406291809986385921e+00 4.182179542152676677e-02
5.199999999999933564e+00 5.811865025539653118e-01 -5.261152198155040205e-01 1.120791307315142316e+00 2.338335169575686212e+00 2.406291809986385921e+00 4.182179542152676677e-02
5.209999999999933351e+00 5.839011520816244083e-01 -5.229162408066122536e-01 1.122021128065040063e+00 2.340501884209838845e+00 2.406063278398831162e+00 4.193439019610948476e-02
5.209999999999933351e+00 5.839011520816244083e-01 -5.229162408066122536e-01 1.122021128065040063e+00 2.340501884209838845e+00 2.406063278398831162e+00 4.193439019610948476e-02
5.219999999999933138e+00 5.866176461221767058e-01 -5.197133254044001838e-01 1.123238310447123967e+00 2.342628095535562505e+00 2.405799379906130575e+00 4.202569208677671420e-02
5.219999999999933138e+00 5.866176461221767058e-01 -5.197133254044001838e-01 1.123238310447123967e+00 2.342628095535562505e+00 2.405799379906130575e+00 4.202569208677671420e-02
5.229999999999932925e+00 5.893358411251254925e-01 -5.165068097562297567e-01 1.124442631792590630e+00 2.344714724693939711e+00 2.405501225581971436e+00 4.209587390576993021e-02
5.229999999999932925e+00 5.893358411251254925e-01 -5.165068097562297567e-01 1.124442631792590630e+00 2.344714724693939711e+00 2.405501225581971436e+00 4.209587390576993021e-02
5.239999999999932712e+00 5.920555959570980020e-01 -5.132970320024811128e-01 1.125633882990215051e+00 2.346762669622620923e+00 2.405169897748003827e+00 4.214511186312602103e-02
5.239999999999932712e+00 5.920555959570980020e-01 -5.132970320024811128e-01 1.125633882990215051e+00 2.346762669622620923e+00 2.405169897748003827e+00 4.214511186312602103e-02
5.249999999999932498e+00 5.947767718902781109e-01 -5.100843321057766389e-01 1.126811868055803245e+00 2.348772805717984635e+00 2.404806450483496505e+00 4.217358527021539821e-02
5.249999999999932498e+00 5.947767718902781109e-01 -5.100843321057766389e-01 1.126811868055803245e+00 2.348772805717984635e+00 2.404806450483496505e+00 4.217358527021539821e-02
5.259999999999932285e+00 5.974992325883674571e-01 -5.068690516799591039e-01 1.127976403702407371e+00 2.350745986481464822e+00 2.404411910138930519e+00 4.218147625346187896e-02
5.259999999999932285e+00 5.974992325883674571e-01 -5.068690516799591039e-01 1.127976403702407371e+00 2.350745986481464822e+00 2.404411910138930519e+00 4.218147625346187896e-02
5.269999999999932072e+00 6.002228440902148687e-01 -5.036515338191028812e-01 1.129127318911933076e+00 2.352683044150047920e+00 2.403987275852672134e+00 4.216896947818946778e-02
5.269999999999932072e+00 6.002228440902148687e-01 -5.036515338191028812e-01 1.129127318911933076e+00 2.352683044150047920e+00 2.403987275852672134e+00 4.216896947818946778e-02
5.279999999999931859e+00 6.029474747912496602e-01 -5.004321229268230420e-01 1.130264454508733696e+00 2.354584790310989995e+00 2.403533520069915053e+00 4.213625188252106274e-02
5.279999999999931859e+00 6.029474747912496602e-01 -5.004321229268230420e-01 1.130264454508733696e+00 2.354584790310989995e+00 2.403533520069915053e+00 4.213625188252106274e-02
5.289999999999931646e+00 6.056729954228494694e-01 -4.972111645461308460e-01 1.131387662735739985e+00 2.356452016500826474e+00 2.403051589063124105e+00 4.208351242123532787e-02
5.289999999999931646e+00 6.056729954228494694e-01 -4.972111645461308460e-01 1.131387662735739985e+00 2.356452016500826474e+00 2.403051589063124105e+00 4.208351242123532787e-02
5.299999999999931433e+00 6.083992790297672038e-01 -4.939890051900723278e-01 1.132496806833642511e+00 2.358285494788787240e+00 2.402542403453260533e+00 4.201094181947102185e-02
5.299999999999931433e+00 6.083992790297672038e-01 -4.939890051900723278e-01 1.132496806833642511e+00 2.358285494788787240e+00 2.402542403453260533e+00 4.201094181947102185e-02
5.309999999999931219e+00 6.111262009457383293e-01 -4.907659921733703579e-01 1.133591760623605227e+00 2.360085978344749869e+00 2.402006858731107197e+00 4.191873233615232841e-02
5.309999999999931219e+00 6.111262009457383293e-01 -4.907659921733703579e-01 1.133591760623605227e+00 2.360085978344749869e+00 2.402006858731107197e+00 4.191873233615232841e-02
5.319999999999931006e+00 6.138536387673848571e-01 -4.875424734452786790e-01 1.134672408093954532e+00 2.361854201991890445e+00 2.401445825778051990e+00 4.180707753699487023e-02
5.319999999999931006e+00 6.138536387673848571e-01 -4.875424734452786790e-01 1.134672408093954532e+00 2.361854201991890445e+00 2.401445825778051990e+00 4.180707753699487023e-02
5.329999999999930793e+00 6.165814723265270469e-01 -4.843187974238433169e-01 1.135738642991259040e+00 2.363590882744215360e+00 2.400860151385731722e+00 4.167617207693919551e-02
5.329999999999930793e+00 6.165814723265270469e-01 -4.843187974238433169e-01 1.135738642991259040e+00 2.363590882744215360e+00 2.400860151385731722e+00 4.167617207693919551e-02
5.339999999999930580e+00 6.193095836610117422e-01 -4.810953128317542737e-01 1.136790368416179309e+00 2.365296720329171709e+00 2.400250658773968038e+00 4.152621149184725774e-02
5.339999999999930580e+00 6.193095836610117422e-01 -4.810953128317542737e-01 1.136790368416179309e+00 2.365296720329171709e+00 2.400250658773968038e+00 4.152621149184725774e-02
5.349999999999930367e+00 6.220378569841600314e-01 -4.778723685339583693e-01 1.137827496424445473e+00 2.366972397695554342e+00 2.399618148106470450e+00 4.135739199928745863e-02
5.349999999999930367e+00 6.220378569841600314e-01 -4.778723685339583693e-01 1.137827496424445473e+00 2.366972397695554342e+00 2.399618148106470450e+00 4.135739199928745863e-02
5.359999999999930154e+00 6.247661786529337125e-01 -4.746503133771925453e-01 1.138849947633283399e+00 2.368618581506936938e+00 2.398963397003809561e+00 4.116991030822482467e-02
5.359999999999930154e+00 6.247661786529337125e-01 -4.746503133771925453e-01 1.138849947633283399e+00 2.368618581506936938e+00 2.398963397003809561e+00 4.116991030822482467e-02
5.369999999999929940e+00 6.274944371349180372e-01 -4.714294960315863481e-01 1.139857650833593805e+00 2.370235922620876678e+00 2.398287161053203498e+00 4.096396343742542134e-02
5.369999999999929940e+00 6.274944371349180372e-01 -4.714294960315863481e-01 1.139857650833593805e+00 2.370235922620876678e+00 2.398287161053203498e+00 4.096396343742542134e-02
5.379999999999929727e+00 6.302225229742106638e-01 -4.682102648344709239e-01 1.140850542608156104e+00 2.371825056554139444e+00 2.397590174314685907e+00 4.073974854237743387e-02
5.379999999999929727e+00 6.302225229742106638e-01 -4.682102648344709239e-01 1.140850542608156104e+00 2.371825056554139444e+00 2.397590174314685907e+00 4.073974854237743387e-02
5.389999999999929514e+00 6.329503287563079672e-01 -4.649929676365223141e-01 1.141828566956109903e+00 2.373386603934213301e+00 2.396873149823257165e+00 4.049746275052595879e-02
5.389999999999929514e+00 6.329503287563079672e-01 -4.649929676365223141e-01 1.141828566956109903e+00 2.373386603934213301e+00 2.396873149823257165e+00 4.049746275052595879e-02
5.399999999999929301e+00 6.356777490720723067e-01 -4.617779516503565662e-01 1.142791674923942624e+00 2.374921170937375869e+00 2.396136780086649321e+00 4.023730300461390158e-02
5.399999999999929301e+00 6.356777490720723067e-01 -4.617779516503565662e-01 1.142791674923942624e+00 2.374921170937375869e+00 2.396136780086649321e+00 4.023730300461390158e-02
5.409999999999929088e+00 6.384046804808630737e-01 -4.585655633016850197e-01 1.143739824243190872e+00 2.376429349713595318e+00 2.395381737578363701e+00 3.995946591391788538e-02
5.409999999999929088e+00 6.384046804808630737e-01 -4.585655633016850197e-01 1.143739824243190872e+00 2.376429349713595318e+00 2.395381737578363701e+00 3.995946591391788538e-02
5.419999999999928875e+00 6.411310214729104562e-01 -4.553561480831290753e-01 1.144672978975045829e+00 2.377911718798540353e+00 2.394608675225666339e+00 3.966414761316529314e-02
5.419999999999928875e+00 6.411310214729104562e-01 -4.553561480831290753e-01 1.144672978975045829e+00 2.377911718798540353e+00 2.394608675225666339e+00 3.966414761316529314e-02
5.429999999999928662e+00 6.438566724310080813e-01 -4.521500504107848206e-01 1.145591109162028332e+00 2.379368843512987830e+00 2.393818226892251211e+00 3.935154362891656737e-02
5.429999999999928662e+00 6.438566724310080813e-01 -4.521500504107848206e-01 1.145591109162028332e+00 2.379368843512987830e+00 2.393818226892251211e+00 3.935154362891656737e-02
5.439999999999928448e+00 6.465815355915965901e-01 -4.489476134836203336e-01 1.146494190486887943e+00 2.380801276349911344e+00 2.393011007855305294e+00 3.902184875319582996e-02
5.439999999999928448e+00 6.465815355915965901e-01 -4.489476134836203336e-01 1.146494190486887943e+00 2.380801276349911344e+00 2.393011007855305294e+00 3.902184875319582996e-02
5.449999999999928235e+00 6.493055150053090863e-01 -4.457491791457797725e-01 1.147382203938858813e+00 2.382209557349535878e+00 2.392187615276734736e+00 3.867525692415216959e-02
5.449999999999928235e+00 6.493055150053090863e-01 -4.457491791457797725e-01 1.147382203938858813e+00 2.382209557349535878e+00 2.392187615276734736e+00 3.867525692415216959e-02
5.459999999999928022e+00 6.520285164970459624e-01 -4.425550877518609760e-01 1.148255135487391554e+00 2.383594214462648964e+00 2.391348628668331422e+00 3.831196111353423611e-02
5.459999999999928022e+00 6.520285164970459624e-01 -4.425550877518609760e-01 1.148255135487391554e+00 2.383594214462648964e+00 2.391348628668331422e+00 3.831196111353423611e-02
5.469999999999927809e+00 6.547504476256427175e-01 -4.393656780352269142e-01 1.149112975763463274e+00 2.384955763902456116e+00 2.390494610350681004e+00 3.793215322076139845e-02
5.469999999999927809e+00 6.547504476256427175e-01 -4.393656780352269142e-01 1.149112975763463274e+00 2.384955763902456116e+00 2.390494610350681004e+00 3.793215322076139845e-02
5.479999999999927596e+00 6.574712640151815224e-01 -4.361812392718023568e-01 1.149955562927281516e+00 2.386295305971044556e+00 2.389625511236216582e+00 3.754392413009155494e-02
5.479999999999927596e+00 6.574712640151815224e-01 -4.361812392718023568e-01 1.149955562927281516e+00 2.386295305971044556e+00 2.389625511236216582e+00 3.754392413009155494e-02
5.489999999999927383e+00 6.601908710353577847e-01 -4.330021111682421098e-01 1.150782918098435470e+00 2.387612887201254086e+00 2.388741897550095139e+00 3.713990607363558405e-02
5.489999999999927383e+00 6.601908710353577847e-01 -4.330021111682421098e-01 1.150782918098435470e+00 2.387612887201254086e+00 2.388741897550095139e+00 3.713990607363558405e-02
5.499999999999927169e+00 6.629091776457479712e-01 -4.298286301575228729e-01 1.151595055842897120e+00 2.388908931407789815e+00 2.387844319243947133e+00 3.671950293494485873e-02
5.499999999999927169e+00 6.629091776457479712e-01 -4.298286301575228729e-01 1.151595055842897120e+00 2.388908931407789815e+00 2.387844319243947133e+00 3.671950293494485873e-02
5.509999999999926956e+00 6.656260947070764544e-01 -4.266611302405615702e-01 1.152391992436198720e+00 2.390183893125026326e+00 2.386933309462601738e+00 3.628281482503258049e-02
5.509999999999926956e+00 6.656260947070764544e-01 -4.266611302405615702e-01 1.152391992436198720e+00 2.390183893125026326e+00 2.386933309462601738e+00 3.628281482503258049e-02
5.519999999999926743e+00 6.683415347757482028e-01 -4.234999429830881290e-01 1.153173746521079623e+00 2.391438222097914235e+00 2.386009384919956844e+00 3.583001215452415872e-02
5.519999999999926743e+00 6.683415347757482028e-01 -4.234999429830881290e-01 1.153173746521079623e+00 2.391438222097914235e+00 2.386009384919956844e+00 3.583001215452415872e-02
5.529999999999926530e+00 6.710554120399230271e-01 -4.203453974292017392e-01 1.153940338988039604e+00 2.392672359787309855e+00 2.385073046371074756e+00 3.536127106580102403e-02
5.529999999999926530e+00 6.710554120399230271e-01 -4.203453974292017392e-01 1.153940338988039604e+00 2.392672359787309855e+00 2.385073046371074756e+00 3.536127106580102403e-02
5.539999999999926317e+00 6.737676422693560374e-01 -4.171978200082290811e-01 1.154691792778599124e+00 2.393886739171141365e+00 2.384124779086454371e+00 3.487676671953626739e-02
5.539999999999926317e+00 6.737676422693560374e-01 -4.171978200082290811e-01 1.154691792778599124e+00 2.393886739171141365e+00 2.384124779086454371e+00 3.487676671953626739e-02
5.549999999999926104e+00 6.764781427669197544e-01 -4.140575344426994930e-01 1.155428132683374187e+00 2.395081784884162346e+00 2.383165053317776838e+00 3.437667255038599073e-02
5.549999999999926104e+00 6.764781427669197544e-01 -4.140575344426994930e-01 1.155428132683374187e+00 2.395081784884162346e+00 2.383165053317776838e+00 3.437667255038599073e-02
5.559999999999925890e+00 6.791868323206922131e-01 -4.109248616583265901e-01 1.156149385142716479e+00 2.396257913391326433e+00 2.382194324753951431e+00 3.386116014279355602e-02
5.559999999999925890e+00 6.791868323206922131e-01 -4.109248616583265901e-01 1.156149385142716479e+00 2.396257913391326433e+00 2.382194324753951431e+00 3.386116014279355602e-02
5.569999999999925677e+00 6.818936311565239050e-01 -4.078001196961772989e-01 1.156855578051039668e+00 2.397415533163032908e+00 2.381213034967382125e+00 3.333039917506691596e-02
5.569999999999925677e+00 6.818936311565239050e-01 -4.078001196961772989e-01 1.156855578051039668e+00 2.397415533163032908e+00 2.381213034967382125e+00 3.333039917506691596e-02
5.579999999999925464e+00 6.845984608910949953e-01 -4.046836236271279530e-01 1.157546740565235543e+00 2.398555044848680762e+00 2.380221611850508179e+00 3.278455737462167285e-02
5.579999999999925464e+00 6.845984608910949953e-01 -4.046836236271279530e-01 1.157546740565235543e+00 2.398555044848680762e+00 2.380221611850508179e+00 3.278455737462167285e-02
5.589999999999925251e+00 6.873012444854820213e-01 -4.015756854686879929e-01 1.158222902917479313e+00 2.399676841447921039e+00 2.379220470042681779e+00 3.222380047832854033e-02
5.589999999999925251e+00 6.873012444854820213e-01 -4.015756854686879929e-01 1.158222902917479313e+00 2.399676841447921039e+00 2.379220470042681779e+00 3.222380047832854033e-02
5.599999999999925038e+00 6.900019061992531677e-01 -3.984766141042608290e-01 1.158884096232682293e+00 2.400781308479327691e+00 2.378210011347466679e+00 3.164829219717649883e-02
5.599999999999925038e+00 6.900019061992531677e-01 -3.984766141042608290e-01 1.158884096232682293e+00 2.400781308479327691e+00 2.378210011347466679e+00 3.164829219717649883e-02
5.609999999999924825e+00 6.927003715451124366e-01 -3.953867152049013178e-01 1.159530352350818916e+00 2.401868824146274228e+00 2.377190625140434221e+00 3.105819418501112872e-02
5.609999999999924825e+00 6.927003715451124366e-01 -3.953867152049013178e-01 1.159530352350818916e+00 2.401868824146274228e+00 2.377190625140434221e+00 3.105819418501112872e-02
5.619999999999924611e+00 6.953965672441105861e-01 -3.923062911536200903e-01 1.160161703654327692e+00 2.402939759499841621e+00 2.376162688767553544e+00 3.045366601116812622e-02
5.619999999999924611e+00 6.953965672441105861e-01 -3.923062911536200903e-01 1.160161703654327692e+00 2.402939759499841621e+00 2.376162688767553544e+00 3.045366601116812622e-02
5.629999999999924398e+00 6.980904211814418225e-01 -3.892356409722769195e-01 1.160778182900757294e+00 2.403994478598606932e+00 2.375126567934262134e+00 2.983486513683223859e-02
5.629999999999924398e+00 6.980904211814418225e-01 -3.892356409722769195e-01 1.160778182900757294e+00 2.403994478598606932e+00 2.375126567934262134e+00 2.983486513683223859e-02
5.639999999999924185e+00 7.007818623628446764e-01 -3.861750602510969910e-01 1.161379823060806782e+00 2.405033338665191867e+00 2.374082617085319757e+00 2.920194689495708359e-02
5.639999999999924185e+00 7.007818623628446764e-01 -3.861750602510969910e-01 1.161379823060806782e+00 2.405033338665191867e+00 2.374082617085319757e+00 2.920194689495708359e-02
5.649999999999923972e+00 7.034708789991340749e-01 -3.831247803768131344e-01 1.161966453943466870e+00 2.406056942544697819e+00 2.373030402737886568e+00 2.855531956922817763e-02
5.649999999999923972e+00 7.034708789991340749e-01 -3.831247803768131344e-01 1.161966453943466870e+00 2.406056942544697819e+00 2.373030402737886568e+00 2.855531956922817763e-02
5.659999999999923759e+00 7.061573968298319182e-01 -3.800850954813107530e-01 1.162538128794192493e+00 2.407065548115501219e+00 2.371970318045446113e+00 2.789406366640366508e-02
5.659999999999923759e+00 7.061573968298319182e-01 -3.800850954813107530e-01 1.162538128794192493e+00 2.407065548115501219e+00 2.371970318045446113e+00 2.789406366640366508e-02
5.669999999999923546e+00 7.088413428021199669e-01 -3.770562956082531558e-01 1.163094898014072065e+00 2.408059462895802305e+00 2.370902743863452677e+00 2.721821239086200800e-02
5.669999999999923546e+00 7.088413428021199669e-01 -3.770562956082531558e-01 1.163094898014072065e+00 2.408059462895802305e+00 2.370902743863452677e+00 2.721821239086200800e-02
5.679999999999923332e+00 7.115226450706187977e-01 -3.740386667671691256e-01 1.163636810224788709e+00 2.409038995917077930e+00 2.369828048775979745e+00 2.652789569211438589e-02
5.679999999999923332e+00 7.115226450706187977e-01 -3.740386667671691256e-01 1.163636810224788709e+00 2.409038995917077930e+00 2.369828048775979745e+00 2.652789569211438589e-02
5.689999999999923119e+00 7.142012329511202573e-01 -3.710324909125046200e-01 1.164163912354783115e+00 2.410004452698832900e+00 2.368746589497190858e+00 2.582325158036601412e-02
5.689999999999923119e+00 7.142012329511202573e-01 -3.710324909125046200e-01 1.164163912354783115e+00 2.410004452698832900e+00 2.368746589497190858e+00 2.582325158036601412e-02
5.699999999999922906e+00 7.168770368693793138e-01 -3.680380459154421469e-01 1.164676249621739101e+00 2.410956134694730579e+00 2.367658711301015906e+00 2.510441693596147592e-02
5.699999999999922906e+00 7.168770368693793138e-01 -3.680380459154421469e-01 1.164676249621739101e+00 2.410956134694730579e+00 2.367658711301015906e+00 2.510441693596147592e-02
5.709999999999922693e+00 7.195499341620429368e-01 -3.650556610316914585e-01 1.165174052427514928e+00 2.411894371926891711e+00 2.366565460395095410e+00 2.437648459294332326e-02
5.709999999999922693e+00 7.195499341620429368e-01 -3.650556610316914585e-01 1.165174052427514928e+00 2.411894371926891711e+00 2.366565460395095410e+00 2.437648459294332326e-02
5.719999999999922480e+00 7.222198632938460205e-01 -3.620856006652894421e-01 1.165657347698122015e+00 2.412819285005546988e+00 2.365467098242247879e+00 2.363602067878169469e-02
5.719999999999922480e+00 7.222198632938460205e-01 -3.620856006652894421e-01 1.165657347698122015e+00 2.412819285005546988e+00 2.365467098242247879e+00 2.363602067878169469e-02
5.729999999999922267e+00 7.248867628530096807e-01 -3.591281251629271365e-01 1.166126158016703718e+00 2.413731166423481955e+00 2.364363880674567042e+00 2.288278889576495292e-02
5.729999999999922267e+00 7.248867628530096807e-01 -3.591281251629271365e-01 1.166126158016703718e+00 2.413731166423481955e+00 2.364363880674567042e+00 2.288278889576495292e-02
5.739999999999922053e+00 7.275505720162860346e-01 -3.561834909913457747e-01 1.166580505000635704e+00 2.414630320830897237e+00 2.363256056376535241e+00 2.211688387574751655e-02
5.739999999999922053e+00 7.275505720162860346e-01 -3.561834909913457747e-01 1.166580505000635704e+00 2.414630320830897237e+00 2.363256056376535241e+00 2.211688387574751655e-02
5.749999999999921840e+00 7.302112305740208198e-01 -3.532519507085415400e-01 1.167020409524867963e+00 2.415517048601195871e+00 2.362143866953910543e+00 2.133843278775646168e-02
5.749999999999921840e+00 7.302112305740208198e-01 -3.532519507085415400e-01 1.167020409524867963e+00 2.415517048601195871e+00 2.362143866953910543e+00 2.133843278775646168e-02
5.759999999999921627e+00 7.328686789051258588e-01 -3.503337529173257137e-01 1.167445891627059806e+00 2.416391644286613793e+00 2.361027547166697271e+00 2.054756427303026239e-02
5.759999999999921627e+00 7.328686789051258588e-01 -3.503337529173257137e-01 1.167445891627059806e+00 2.416391644286613793e+00 2.361027547166697271e+00 2.054756427303026239e-02
5.769999999999921414e+00 7.355228579468460204e-01 -3.474291422201632451e-01 1.167856970387841198e+00 2.417254396614623158e+00 2.359907325173830728e+00 1.974440522065183320e-02
5.769999999999921414e+00 7.355228579468460204e-01 -3.474291422201632451e-01 1.167856970387841198e+00 2.417254396614623158e+00 2.359907325173830728e+00 1.974440522065183320e-02
5.779999999999921201e+00 7.381737091644604565e-01 -3.445383591771115639e-01 1.168253663816312571e+00 2.418105588637044168e+00 2.358783422773313099e+00 1.892908044536328188e-02
5.779999999999921201e+00 7.381737091644604565e-01 -3.445383591771115639e-01 1.168253663816312571e+00 2.418105588637044168e+00 2.358783422773313099e+00 1.892908044536328188e-02
5.789999999999920988e+00 7.408211745215199651e-01 -3.416616402669585550e-01 1.168635988743637499e+00 2.418945497887840190e+00 2.357656055636125458e+00 1.810171266934504711e-02
5.789999999999920988e+00 7.408211745215199651e-01 -3.416616402669585550e-01 1.168635988743637499e+00 2.418945497887840190e+00 2.357656055636125458e+00 1.810171266934504711e-02
5.799999999999920774e+00 7.434651610513045572e-01 -3.387992515821896533e-01 1.169004075199066239e+00 2.419774792240481531e+00 2.356525860962886298e+00 1.727290857228731130e-02
5.799999999999920774e+00 7.434651610513045572e-01 -3.387992515821896533e-01 1.169004075199066239e+00 2.419774792240481531e+00 2.356525860962886298e+00 1.727290857228731130e-02
5.809999999999920561e+00 7.461056181500062001e-01 -3.359514179341300255e-01 1.169357933713511821e+00 2.420593278196990994e+00 2.355392994665263640e+00 1.643409825596829632e-02
5.809999999999920561e+00 7.461056181500062001e-01 -3.359514179341300255e-01 1.169357933713511821e+00 2.420593278196990994e+00 2.355392994665263640e+00 1.643409825596829632e-02
5.819999999999920348e+00 7.487424928552705028e-01 -3.331183597434489441e-01 1.169697565199277811e+00 2.421401185289767444e+00 2.354257615016546179e+00 1.558449446708684918e-02
5.819999999999920348e+00 7.487424928552705028e-01 -3.331183597434489441e-01 1.169697565199277811e+00 2.421401185289767444e+00 2.354257615016546179e+00 1.558449446708684918e-02
5.829999999999920135e+00 7.513757321284951773e-01 -3.303002934138253854e-01 1.170022968999664847e+00 2.422198781479700358e+00 2.353119877312491059e+00 1.472412314481486711e-02
5.829999999999920135e+00 7.513757321284951773e-01 -3.303002934138253854e-01 1.170022968999664847e+00 2.422198781479700358e+00 2.353119877312491059e+00 1.472412314481486711e-02
5.839999999999919922e+00 7.540052830904243608e-01 -3.274974313315083818e-01 1.170334143601009069e+00 2.422986333160693118e+00 2.351979933415182966e+00 1.385309362791402321e-02
5.839999999999919922e+00 7.540052830904243608e-01 -3.274974313315083818e-01 1.170334143601009069e+00 2.422986333160693118e+00 2.351979933415182966e+00 1.385309362791402321e-02
5.849999999999919709e+00 7.566310930316172412e-01 -3.247099818309216457e-01 1.170631086591832570e+00 2.423764101190787557e+00 2.350837931817557624e+00 1.297152221382959908e-02
5.849999999999919709e+00 7.566310930316172412e-01 -3.247099818309216457e-01 1.170631086591832570e+00 2.423764101190787557e+00 2.350837931817557624e+00 1.297152221382959908e-02
5.859999999999919496e+00 7.592530851505101541e-01 -3.219381700066372143e-01 1.170913865547106303e+00 2.424532859476991931e+00 2.349694274400831340e+00 1.209149692909903227e-02
5.859999999999919496e+00 7.592530851505101541e-01 -3.219381700066372143e-01 1.170913865547106303e+00 2.424532859476991931e+00 2.349694274400831340e+00 1.209149692909903227e-02
5.869999999999919282e+00 7.618712139249905757e-01 -3.191821936343672284e-01 1.171182477375948938e+00 2.425292315602763704e+00 2.348549065220601584e+00 1.120298835734704138e-02
5.869999999999919282e+00 7.618712139249905757e-01 -3.191821936343672284e-01 1.171182477375948938e+00 2.425292315602763704e+00 2.348549065220601584e+00 1.120298835734704138e-02
5.879999999999919069e+00 7.644854299142517240e-01 -3.164422460883978272e-01 1.171436908095504714e+00 2.426042668527745860e+00 2.347402414519241809e+00 1.030504813722429337e-02
5.879999999999919069e+00 7.644854299142517240e-01 -3.164422460883978272e-01 1.171436908095504714e+00 2.426042668527745860e+00 2.347402414519241809e+00 1.030504813722429337e-02
5.889999999999918856e+00 7.670956832362345601e-01 -3.137185166986219409e-01 1.171677141994735605e+00 2.426784163192122534e+00 2.346254431574729349e+00 9.397681288384175657e-03
5.889999999999918856e+00 7.670956832362345601e-01 -3.137185166986219409e-01 1.171677141994735605e+00 2.426784163192122534e+00 2.346254431574729349e+00 9.397681288384175657e-03
5.899999999999918643e+00 7.697019239384309541e-01 -3.110111907571756484e-01 1.171903162481107152e+00 2.427517043972445610e+00 2.345105223992881349e+00 8.480991444846290236e-03
5.899999999999918643e+00 7.697019239384309541e-01 -3.110111907571756484e-01 1.171903162481107152e+00 2.427517043972445610e+00 2.345105223992881349e+00 8.480991444846290236e-03
5.909999999999918430e+00 7.723040851306383070e-01 -3.083204619615713127e-01 1.172114994599814386e+00 2.428242106935877054e+00 2.343955042772102093e+00 7.567213976251319953e-03
5.909999999999918430e+00 7.723040851306383070e-01 -3.083204619615713127e-01 1.172114994599814386e+00 2.428242106935877054e+00 2.343955042772102093e+00 7.567213976251319953e-03
5.919999999999918217e+00 7.749021238250269894e-01 -3.056465057725238355e-01 1.172312623956284439e+00 2.428959031188825168e+00 2.342803961533082902e+00 6.646093714216634238e-03
5.919999999999918217e+00 7.749021238250269894e-01 -3.056465057725238355e-01 1.172312623956284439e+00 2.428959031188825168e+00 2.342803961533082902e+00 6.646093714216634238e-03
5.929999999999918003e+00 7.774959921604149837e-01 -3.029894933027762471e-01 1.172496025208266346e+00 2.429667995347925213e+00 2.341652062064852657e+00 5.716653489767343360e-03
5.929999999999918003e+00 7.774959921604149837e-01 -3.029894933027762471e-01 1.172496025208266346e+00 2.429667995347925213e+00 2.341652062064852657e+00 5.716653489767343360e-03
5.939999999999917790e+00 7.800856416168261420e-01 -3.003495916210078276e-01 1.172665171240829807e+00 2.430369225388065768e+00 2.340499426304003983e+00 4.778893866469855270e-03
5.939999999999917790e+00 7.800856416168261420e-01 -3.003495916210078276e-01 1.172665171240829807e+00 2.430369225388065768e+00 2.340499426304003983e+00 4.778893866469855270e-03
5.949999999999917577e+00 7.826710234695752888e-01 -2.977269637622069198e-01 1.172820034038672965e+00 2.431062947205923308e+00 2.339346135501829682e+00 3.832917027523941381e-03
5.949999999999917577e+00 7.826710234695752888e-01 -2.977269637622069198e-01 1.172820034038672965e+00 2.431062947205923308e+00 2.339346135501829682e+00 3.832917027523941381e-03
5.959999999999917364e+00 7.852520888342940930e-01 -2.951217687120064048e-01 1.172960584697805286e+00 2.431749381832224888e+00 2.338192270163607311e+00 2.878834264690514552e-03
5.959999999999917364e+00 7.852520888342940930e-01 -2.951217687120064048e-01 1.172960584697805286e+00 2.431749381832224888e+00 2.338192270163607311e+00 2.878834264690514552e-03
5.969999999999917151e+00 7.878287772275287537e-01 -2.925341671679509425e-01 1.173086813049630139e+00 2.432429348700877014e+00 2.337037963972970367e+00 1.929351612175591191e-03
5.969999999999917151e+00 7.878287772275287537e-01 -2.925341671679509425e-01 1.173086813049630139e+00 2.432429348700877014e+00 2.337037963972970367e+00 1.929351612175591191e-03
5.979999999999916938e+00 7.904010471443622121e-01 -2.899643087690267906e-01 1.173198694469961278e+00 2.433102479488537639e+00 2.335883270204782480e+00 9.737309790743445097e-04
5.979999999999916938e+00 7.904010471443622121e-01 -2.899643087690267906e-01 1.173198694469961278e+00 2.433102479488537639e+00 2.335883270204782480e+00 9.737309790743445097e-04
5.989999999999916724e+00 7.929688510200432194e-01 -2.874123388629234443e-01 1.173296193031407197e+00 2.433768925477050704e+00 2.334728252246542013e+00 1.093740522521073448e-05
5.989999999999916724e+00 7.929688510200432194e-01 -2.874123388629234443e-01 1.173296193031407197e+00 2.433768925477050704e+00 2.334728252246542013e+00 1.093740522521073448e-05
5.999999999999916511e+00 7.955321404305797373e-01 -2.848783987618238589e-01 1.173379270896008686e+00 2.434428888301677585e+00 2.333572974382899901e+00 -9.590372803352837814e-04
5.999999999999916511e+00 7.955321404305797373e-01 -2.848783987618238589e-01 1.173379270896008686e+00 2.434428888301677585e+00 2.333572974382899901e+00 -9.590372803352837814e-04
6.009999999999916298e+00 7.980908666561784548e-01 -2.823626257612204538e-01 1.173447889251255871e+00 2.435082570476670316e+00 2.332417500818198874e+00 -1.936093953284347569e-03
6.009999999999916298e+00 7.980908666561784548e-01 -2.823626257612204538e-01 1.173447889251255871e+00 2.435082570476670316e+00 2.332417500818198874e+00 -1.936093953284347569e-03
6.019999999999916085e+00 8.006449729952358485e-01 -2.798651545781660199e-01 1.173502013189785531e+00 2.435730773719340991e+00 2.331261890544430671e+00 -2.907818075643673998e-03
6.019999999999916085e+00 8.006449729952358485e-01 -2.798651545781660199e-01 1.173502013189785531e+00 2.435730773719340991e+00 2.331261890544430671e+00 -2.907818075643673998e-03
6.029999999999915872e+00 8.031944182055266168e-01 -2.773861135855509863e-01 1.173541609249111328e+00 2.436373125700202369e+00 2.330106185477270664e+00 -3.884734706754090078e-03
6.029999999999915872e+00 8.031944182055266168e-01 -2.773861135855509863e-01 1.173541609249111328e+00 2.436373125700202369e+00 2.330106185477270664e+00 -3.884734706754090078e-03
6.039999999999915659e+00 8.057391543696386105e-01 -2.749256269702424205e-01 1.173566633074254018e+00 2.437009760572451444e+00 2.328950438448599503e+00 -4.867860423561513883e-03
6.039999999999915659e+00 8.057391543696386105e-01 -2.749256269702424205e-01 1.173566633074254018e+00 2.437009760572451444e+00 2.328950438448599503e+00 -4.867860423561513883e-03
6.049999999999915445e+00 8.082791326090527084e-01 -2.724838149395859555e-01 1.173577038461471433e+00 2.437640862118236385e+00 2.327794703545210897e+00 -5.857202202071397530e-03
6.049999999999915445e+00 8.082791326090527084e-01 -2.724838149395859555e-01 1.173577038461471433e+00 2.437640862118236385e+00 2.327794703545210897e+00 -5.857202202071397530e-03
6.059999999999915232e+00 8.108143037054694746e-01 -2.700607937449632234e-01 1.173572778287631069e+00 2.438266615395384918e+00 2.326639035075865447e+00 -6.852661158229918226e-03
6.059999999999915232e+00 8.108143037054694746e-01 -2.700607937449632234e-01 1.173572778287631069e+00 2.438266615395384918e+00 2.326639035075865447e+00 -6.852661158229918226e-03
6.069999999999915019e+00 8.133446181693050336e-01 -2.676566756895178978e-01 1.173553804588661098e+00 2.438887201754499134e+00 2.325483487468722910e+00 -7.854128692788181140e-03
6.069999999999915019e+00 8.133446181693050336e-01 -2.676566756895178978e-01 1.173553804588661098e+00 2.438887201754499134e+00 2.325483487468722910e+00 -7.854128692788181140e-03
6.079999999999914806e+00 8.158700214535092865e-01 -2.652715666749493328e-01 1.173520059942569693e+00 2.439503422353724638e+00 2.324328055332935072e+00 -8.849013487517732104e-03
6.079999999999914806e+00 8.158700214535092865e-01 -2.652715666749493328e-01 1.173520059942569693e+00 2.439503422353724638e+00 2.324328055332935072e+00 -8.849013487517732104e-03
6.089999999999914593e+00 8.183904721799074578e-01 -2.629055704976958618e-01 1.173471502976540348e+00 2.440114877008215277e+00 2.323172773887483444e+00 -9.848029288706258016e-03
6.089999999999914593e+00 8.183904721799074578e-01 -2.629055704976958618e-01 1.173471502976540348e+00 2.440114877008215277e+00 2.323172773887483444e+00 -9.848029288706258016e-03
6.099999999999914380e+00 8.209059213723439719e-01 -2.605587869100312592e-01 1.173408081537572922e+00 2.440721677582160520e+00 2.322017690388518574e+00 -1.085221900091994963e-02
6.099999999999914380e+00 8.209059213723439719e-01 -2.605587869100312592e-01 1.173408081537572922e+00 2.440721677582160520e+00 2.322017690388518574e+00 -1.085221900091994963e-02
6.109999999999914166e+00 8.234163189853090925e-01 -2.582313117857621965e-01 1.173329741712653140e+00 2.441323986965478365e+00 2.320862853587867924e+00 -1.186159475644783801e-02
6.109999999999914166e+00 8.234163189853090925e-01 -2.582313117857621965e-01 1.173329741712653140e+00 2.441323986965478365e+00 2.320862853587867924e+00 -1.186159475644783801e-02
6.119999999999913953e+00 8.259216146160183181e-01 -2.559232371507226822e-01 1.173236428791009978e+00 2.441921970055051183e+00 2.319708312604521261e+00 -1.287606015807722312e-02
6.119999999999913953e+00 8.259216146160183181e-01 -2.559232371507226822e-01 1.173236428791009978e+00 2.441921970055051183e+00 2.319708312604521261e+00 -1.287606015807722312e-02
6.129999999999913740e+00 8.284217548188822500e-01 -2.536346462681615677e-01 1.173128070226829855e+00 2.442516402110954665e+00 2.318554022416516425e+00 -1.388337291440691623e-02
6.129999999999913740e+00 8.284217548188822500e-01 -2.536346462681615677e-01 1.173128070226829855e+00 2.442516402110954665e+00 2.318554022416516425e+00 -1.388337291440691623e-02
6.139999999999913527e+00 8.309166975279080880e-01 -2.513656230619404908e-01 1.173004618593424420e+00 2.443106885529063188e+00 2.317400015391381629e+00 -1.489396135941033553e-02
6.139999999999913527e+00 8.309166975279080880e-01 -2.513656230619404908e-01 1.173004618593424420e+00 2.443106885529063188e+00 2.317400015391381629e+00 -1.489396135941033553e-02
6.149999999999913314e+00 8.334063926682558909e-01 -2.491162475711768687e-01 1.172866016283973467e+00 2.443693518261595976e+00 2.316246336242789194e+00 -1.590884205418336556e-02
6.149999999999913314e+00 8.334063926682558909e-01 -2.491162475711768687e-01 1.172866016283973467e+00 2.443693518261595976e+00 2.316246336242789194e+00 -1.590884205418336556e-02
6.159999999999913101e+00 8.358907890610819402e-01 -2.468865960820144090e-01 1.172712204152742244e+00 2.444276448106275534e+00 2.315093031233504739e+00 -1.692802525797834287e-02
6.159999999999913101e+00 8.358907890610819402e-01 -2.468865960820144090e-01 1.172712204152742244e+00 2.444276448106275534e+00 2.315093031233504739e+00 -1.692802525797834287e-02
6.169999999999912887e+00 8.383698351787435277e-01 -2.446767411622081390e-01 1.172543122460833365e+00 2.444855825143444239e+00 2.313940147021140259e+00 -1.795141499943096047e-02
6.169999999999912887e+00 8.383698351787435277e-01 -2.446767411622081390e-01 1.172543122460833365e+00 2.444855825143444239e+00 2.313940147021140259e+00 -1.795141499943096047e-02
6.179999999999912674e+00 8.408434792315575557e-01 -2.424867516876260676e-01 1.172358711005792697e+00 2.445431796743682273e+00 2.312787730547250398e+00 -1.897890550888840094e-02
6.179999999999912674e+00 8.408434792315575557e-01 -2.424867516876260676e-01 1.172358711005792697e+00 2.445431796743682273e+00 2.312787730547250398e+00 -1.897890550888840094e-02
6.189999999999912461e+00 8.433116682131722719e-01 -2.403166853196704034e-01 1.172158882950012249e+00 2.446005134224402244e+00 2.311635696514834137e+00 -1.999810937762050086e-02
6.189999999999912461e+00 8.433116682131722719e-01 -2.403166853196704034e-01 1.172158882950012249e+00 2.446005134224402244e+00 2.311635696514834137e+00 -1.999810937762050086e-02
6.199999999999912248e+00 8.457743594185720415e-01 -2.381666033197787080e-01 1.171943586580304286e+00 2.446575418434263405e+00 2.310484076568173339e+00 -2.101960134695687529e-02
6.199999999999912248e+00 8.457743594185720415e-01 -2.381666033197787080e-01 1.171943586580304286e+00 2.446575418434263405e+00 2.310484076568173339e+00 -2.101960134695687529e-02
6.209999999999912035e+00 8.482315013589638575e-01 -2.360365632744931830e-01 1.171712760327658920e+00 2.447142729059691213e+00 2.309332915500172945e+00 -2.204442023751526994e-02
6.209999999999912035e+00 8.482315013589638575e-01 -2.360365632744931830e-01 1.171712760327658920e+00 2.447142729059691213e+00 2.309332915500172945e+00 -2.204442023751526994e-02
6.219999999999911822e+00 8.506830413894782561e-01 -2.339266191995129363e-01 1.171466341365797081e+00 2.447707196630145798e+00 2.308182259708136286e+00 -2.307258163392145525e-02
6.219999999999911822e+00 8.506830413894782561e-01 -2.339266191995129363e-01 1.171466341365797081e+00 2.447707196630145798e+00 2.308182259708136286e+00 -2.307258163392145525e-02
6.229999999999911608e+00 8.531289265457393522e-01 -2.318368215792390996e-01 1.171204266576948427e+00 2.448268954509600359e+00 2.307032155963026465e+00 -2.410399274124399790e-02
6.229999999999911608e+00 8.531289265457393522e-01 -2.318368215792390996e-01 1.171204266576948427e+00 2.448268954509600359e+00 2.307032155963026465e+00 -2.410399274124399790e-02
6.239999999999911395e+00 8.555691039154474931e-01 -2.297672082467974997e-01 1.170926440918667488e+00 2.448828750611316885e+00 2.305882495704945967e+00 -2.512654376215957622e-02
6.239999999999911395e+00 8.555691039154474931e-01 -2.297672082467974997e-01 1.170926440918667488e+00 2.448828750611316885e+00 2.305882495704945967e+00 -2.512654376215957622e-02
6.249999999999911182e+00 8.580035299317145814e-01 -2.277178225244892995e-01 1.170632810482471253e+00 2.449386168018174992e+00 2.304733311700628562e+00 -2.615057853518554590e-02
6.249999999999911182e+00 8.580035299317145814e-01 -2.277178225244892995e-01 1.170632810482471253e+00 2.449386168018174992e+00 2.304733311700628562e+00 -2.615057853518554590e-02
6.259999999999910969e+00 8.604321519367987836e-01 -2.256887042586491199e-01 1.170323312141242633e+00 2.449941274793191237e+00 2.303584650001808232e+00 -2.717711584647050302e-02
6.259999999999910969e+00 8.604321519367987836e-01 -2.256887042586491199e-01 1.170323312141242633e+00 2.449941274793191237e+00 2.303584650001808232e+00 -2.717711584647050302e-02
6.269999999999910756e+00 8.628549161240413046e-01 -2.236798899036599175e-01 1.169997881838935383e+00 2.450494188828807207e+00 2.302436558206383488e+00 -2.820617093037963014e-02
6.269999999999910756e+00 8.628549161240413046e-01 -2.236798899036599175e-01 1.169997881838935383e+00 2.450494188828807207e+00 2.302436558206383488e+00 -2.820617093037963014e-02
6.279999999999910543e+00 8.652717684110763363e-01 -2.216914125646091693e-01 1.169656455539129780e+00 2.451045031055588019e+00 2.301289084211583624e+00 -2.923765251192263215e-02
6.279999999999910543e+00 8.652717684110763363e-01 -2.216914125646091693e-01 1.169656455539129780e+00 2.451045031055588019e+00 2.301289084211583624e+00 -2.923765251192263215e-02
6.289999999999910330e+00 8.676826558397600087e-01 -2.197232915092696970e-01 1.169298932835045823e+00 2.451594529085342700e+00 2.300142100466507689e+00 -3.025966604227514969e-02
6.289999999999910330e+00 8.676826558397600087e-01 -2.197232915092696970e-01 1.169298932835045823e+00 2.451594529085342700e+00 2.300142100466507689e+00 -3.025966604227514969e-02
6.299999999999910116e+00 8.700875340891539578e-01 -2.177755531538280165e-01 1.168925259676437900e+00 2.452142266408662064e+00 2.298995641815274382e+00 -3.128237662021014082e-02
6.299999999999910116e+00 8.700875340891539578e-01 -2.177755531538280165e-01 1.168925259676437900e+00 2.452142266408662064e+00 2.298995641815274382e+00 -3.128237662021014082e-02
6.309999999999909903e+00 8.724863494630521465e-01 -2.158482206489360511e-01 1.168535373402314725e+00 2.452688300133149202e+00 2.297849756512176267e+00 -3.230678905353141089e-02
6.309999999999909903e+00 8.724863494630521465e-01 -2.158482206489360511e-01 1.168535373402314725e+00 2.452688300133149202e+00 2.297849756512176267e+00 -3.230678905353141089e-02
6.319999999999909690e+00 8.748790471365253119e-01 -2.139413139493656080e-01 1.168129210774929927e+00 2.453232736405805525e+00 2.296704494285410458e+00 -3.333291950439701279e-02
6.319999999999909690e+00 8.748790471365253119e-01 -2.139413139493656080e-01 1.168129210774929927e+00 2.453232736405805525e+00 2.296704494285410458e+00 -3.333291950439701279e-02
6.329999999999909477e+00 8.772655720647789535e-01 -2.120548498594010678e-01 1.167706708913416547e+00 2.453775684606619656e+00 2.295559905074076923e+00 -3.436067901908582134e-02
6.329999999999909477e+00 8.772655720647789535e-01 -2.120548498594010678e-01 1.167706708913416547e+00 2.453775684606619656e+00 2.295559905074076923e+00 -3.436067901908582134e-02
6.339999999999909264e+00 8.796458712604687813e-01 -2.101888303259109581e-01 1.167267764665947283e+00 2.454317855346787258e+00 2.294415845168763735e+00 -3.537832657930525121e-02
6.339999999999909264e+00 8.796458712604687813e-01 -2.101888303259109581e-01 1.167267764665947283e+00 2.454317855346787258e+00 2.294415845168763735e+00 -3.537832657930525121e-02
6.349999999999909051e+00 8.820198998436575843e-01 -2.083432659575122636e-01 1.166812325962878649e+00 2.454858830577226758e+00 2.293272352182297524e+00 -3.639590247855675753e-02
6.349999999999909051e+00 8.820198998436575843e-01 -2.083432659575122636e-01 1.166812325962878649e+00 2.454858830577226758e+00 2.293272352182297524e+00 -3.639590247855675753e-02
6.359999999999908837e+00 8.843876032856239355e-01 -2.065181643162823932e-01 1.166340332691506942e+00 2.455398657028792453e+00 2.292129477272630833e+00 -3.741440396233432913e-02
6.359999999999908837e+00 8.843876032856239355e-01 -2.065181643162823932e-01 1.166340332691506942e+00 2.455398657028792453e+00 2.292129477272630833e+00 -3.741440396233432913e-02
6.369999999999908624e+00 8.867489259591979645e-01 -2.047135299778860551e-01 1.165851724526238087e+00 2.455937429915199033e+00 2.290987272996238833e+00 -3.843384954953799060e-02
6.369999999999908624e+00 8.867489259591979645e-01 -2.047135299778860551e-01 1.165851724526238087e+00 2.455937429915199033e+00 2.290987272996238833e+00 -3.843384954953799060e-02
6.379999999999908411e+00 8.891038120832054359e-01 -2.029293645793122103e-01 1.165346441849729464e+00 2.456475247874017498e+00 2.289845792027358939e+00 -3.945415352930999736e-02
6.379999999999908411e+00 8.891038120832054359e-01 -2.029293645793122103e-01 1.165346441849729464e+00 2.456475247874017498e+00 2.289845792027358939e+00 -3.945415352930999736e-02
6.389999999999908198e+00 8.914522087769007896e-01 -2.011656539828468593e-01 1.164824381203328763e+00 2.457012807882160477e+00 2.288704876320123205e+00 -4.046366792099993781e-02
6.389999999999908198e+00 8.914522087769007896e-01 -2.011656539828468593e-01 1.164824381203328763e+00 2.457012807882160477e+00 2.288704876320123205e+00 -4.046366792099993781e-02
6.399999999999907985e+00 8.937940708655758293e-01 -1.994223941402699096e-01 1.164285494647093078e+00 2.457549688381504449e+00 2.287564566795801557e+00 -4.147236185676969611e-02
6.399999999999907985e+00 8.937940708655758293e-01 -1.994223941402699096e-01 1.164285494647093078e+00 2.457549688381504449e+00 2.287564566795801557e+00 -4.147236185676969611e-02
6.409999999999907772e+00 8.961293432542715154e-01 -1.976995781812008468e-01 1.163729726715609925e+00 2.458085926220312079e+00 2.286424918077764268e+00 -4.248123155793499806e-02
6.409999999999907772e+00 8.961293432542715154e-01 -1.976995781812008468e-01 1.163729726715609925e+00 2.458085926220312079e+00 2.286424918077764268e+00 -4.248123155793499806e-02
6.419999999999907558e+00 8.984579697874829352e-01 -1.959971964678942913e-01 1.163157022093858073e+00 2.458621606407533022e+00 2.285285986115060286e+00 -4.349029944094938427e-02
6.419999999999907558e+00 8.984579697874829352e-01 -1.959971964678942913e-01 1.163157022093858073e+00 2.458621606407533022e+00 2.285285986115060286e+00 -4.349029944094938427e-02
6.429999999999907345e+00 9.007798942297944311e-01 -1.943152366449448498e-01 1.162567326528366030e+00 2.459156817567778042e+00 2.284147826881326449e+00 -4.449948406153841907e-02
6.429999999999907345e+00 9.007798942297944311e-01 -1.943152366449448498e-01 1.162567326528366030e+00 2.459156817567778042e+00 2.284147826881326449e+00 -4.449948406153841907e-02
6.439999999999907132e+00 9.030950640348993641e-01 -1.926536697198759640e-01 1.161960538521254360e+00 2.459692246364798329e+00 2.283010269099596368e+00 -4.549717217390437246e-02
6.439999999999907132e+00 9.030950640348993641e-01 -1.926536697198759640e-01 1.161960538521254360e+00 2.459692246364798329e+00 2.283010269099596368e+00 -4.549717217390437246e-02
6.449999999999906919e+00 9.054034340517498336e-01 -1.910124781758877621e-01 1.161336616391432708e+00 2.460227465796301249e+00 2.281873357460037610e+00 -4.649331406503980774e-02
6.449999999999906919e+00 9.054034340517498336e-01 -1.910124781758877621e-01 1.161336616391432708e+00 2.460227465796301249e+00 2.281873357460037610e+00 -4.649331406503980774e-02
6.459999999999906706e+00 9.077049489329914733e-01 -1.893916419005257090e-01 1.160695511390817281e+00 2.460762503248405952e+00 2.280737150540063762e+00 -4.748891146116806378e-02
6.459999999999906706e+00 9.077049489329914733e-01 -1.893916419005257090e-01 1.160695511390817281e+00 2.460762503248405952e+00 2.280737150540063762e+00 -4.748891146116806378e-02
6.469999999999906493e+00 9.099995523141251041e-01 -1.877911382388908756e-01 1.160037175272654153e+00 2.461297434176042742e+00 2.279601708174525232e+00 -4.848399229884494538e-02
6.469999999999906493e+00 9.099995523141251041e-01 -1.877911382388908756e-01 1.160037175272654153e+00 2.461297434176042742e+00 2.279601708174525232e+00 -4.848399229884494538e-02
6.479999999999906279e+00 9.122871878314037231e-01 -1.862109420449697961e-01 1.159361561195276114e+00 2.461832337847098540e+00 2.278467090131111039e+00 -4.947848050658604224e-02
6.479999999999906279e+00 9.122871878314037231e-01 -1.862109420449697961e-01 1.159361561195276114e+00 2.461832337847098540e+00 2.278467090131111039e+00 -4.947848050658604224e-02
6.489999999999906066e+00 9.145678035716803267e-01 -1.846510106911928573e-01 1.158668571711064299e+00 2.462367893829958909e+00 2.277333112493176159e+00 -5.046074190582591074e-02
6.489999999999906066e+00 9.145678035716803267e-01 -1.846510106911928573e-01 1.158668571711064299e+00 2.462367893829958909e+00 2.277333112493176159e+00 -5.046074190582591074e-02
6.499999999999905853e+00 9.168413547670974939e-01 -1.831113144029825890e-01 1.157958173460008844e+00 2.462903667811651598e+00 2.276199824146009743e+00 -5.144075839590439569e-02
6.499999999999905853e+00 9.168413547670974939e-01 -1.831113144029825890e-01 1.157958173460008844e+00 2.462903667811651598e+00 2.276199824146009743e+00 -5.144075839590439569e-02
6.509999999999905640e+00 9.191077861679979311e-01 -1.815918210354827700e-01 1.157230326406291754e+00 2.463439678075816985e+00 2.275067288077194938e+00 -5.241954364802495908e-02
6.509999999999905640e+00 9.191077861679979311e-01 -1.815918210354827700e-01 1.157230326406291754e+00 2.463439678075816985e+00 2.275067288077194938e+00 -5.241954364802495908e-02
6.519999999999905427e+00 9.213670415545771597e-01 -1.800924961286390902e-01 1.156484991343123880e+00 2.463975991106361452e+00 2.273935568467703394e+00 -5.339713279543387148e-02
6.519999999999905427e+00 9.213670415545771597e-01 -1.800924961286390902e-01 1.156484991343123880e+00 2.463975991106361452e+00 2.273935568467703394e+00 -5.339713279543387148e-02
6.529999999999905214e+00 9.236190647934133802e-01 -1.786133029598543920e-01 1.155722130791757118e+00 2.464512677406851093e+00 2.272804729340291097e+00 -5.437345630572142097e-02
6.529999999999905214e+00 9.236190647934133802e-01 -1.786133029598543920e-01 1.155722130791757118e+00 2.464512677406851093e+00 2.272804729340291097e+00 -5.437345630572142097e-02
6.539999999999905000e+00 9.258638049569002382e-01 -1.771541864691853208e-01 1.154941653249079714e+00 2.465050412536184510e+00 2.271674574356586707e+00 -5.533680620270429312e-02
6.539999999999905000e+00 9.258638049569002382e-01 -1.771541864691853208e-01 1.154941653249079714e+00 2.465050412536184510e+00 2.271674574356586707e+00 -5.533680620270429312e-02
6.549999999999904787e+00 9.281012180490970653e-01 -1.757151058428306212e-01 1.154143535626711126e+00 2.465588753093983954e+00 2.270545157015194437e+00 -5.629724433943220085e-02
6.549999999999904787e+00 9.281012180490970653e-01 -1.757151058428306212e-01 1.154143535626711126e+00 2.465588753093983954e+00 2.270545157015194437e+00 -5.629724433943220085e-02
6.559999999999904574e+00 9.303312492939900258e-01 -1.742960181177365397e-01 1.153327748477024350e+00 2.466127708573011112e+00 2.269416545160426679e+00 -5.725580262933208792e-02
6.559999999999904574e+00 9.303312492939900258e-01 -1.742960181177365397e-01 1.153327748477024350e+00 2.466127708573011112e+00 2.269416545160426679e+00 -5.725580262933208792e-02
6.569999999999904361e+00 9.325538429942877849e-01 -1.728968782418485173e-01 1.152494263476017133e+00 2.466667337012399486e+00 2.268288807768024551e+00 -5.821252510476807723e-02
6.569999999999904361e+00 9.325538429942877849e-01 -1.728968782418485173e-01 1.152494263476017133e+00 2.466667337012399486e+00 2.268288807768024551e+00 -5.821252510476807723e-02
6.579999999999904148e+00 9.347689489982943245e-01 -1.715176225990797110e-01 1.151642997039490579e+00 2.467208294199843444e+00 2.267161747730720212e+00 -5.915595889564317228e-02
6.579999999999904148e+00 9.347689489982943245e-01 -1.715176225990797110e-01 1.151642997039490579e+00 2.467208294199843444e+00 2.267161747730720212e+00 -5.915595889564317228e-02
6.589999999999903935e+00 9.369765237350990983e-01 -1.701582024474306287e-01 1.150773935467001019e+00 2.467750142950752679e+00 2.266035423958960848e+00 -6.009596370637600160e-02
6.589999999999903935e+00 9.369765237350990983e-01 -1.701582024474306287e-01 1.150773935467001019e+00 2.467750142950752679e+00 2.266035423958960848e+00 -6.009596370637600160e-02
6.599999999999903721e+00 9.391765129424122227e-01 -1.688185670628779556e-01 1.149887059116662558e+00 2.468292887381070777e+00 2.264909909403660215e+00 -6.103355657414958474e-02
6.599999999999903721e+00 9.391765129424122227e-01 -1.688185670628779556e-01 1.149887059116662558e+00 2.468292887381070777e+00 2.264909909403660215e+00 -6.103355657414958474e-02
6.609999999999903508e+00 9.413688615180509922e-01 -1.674986638062347377e-01 1.148982349685100601e+00 2.468836579156507671e+00 2.263785277978727084e+00 -6.196878512391155308e-02
6.609999999999903508e+00 9.413688615180509922e-01 -1.674986638062347377e-01 1.148982349685100601e+00 2.468836579156507671e+00 2.263785277978727084e+00 -6.196878512391155308e-02
6.619999999999903295e+00 9.435535203638804047e-01 -1.661984212166435215e-01 1.148059732349444140e+00 2.469381858320490064e+00 2.262661331165900069e+00 -6.289038131742423487e-02
6.619999999999903295e+00 9.435535203638804047e-01 -1.661984212166435215e-01 1.148059732349444140e+00 2.469381858320490064e+00 2.262661331165900069e+00 -6.289038131742423487e-02
6.629999999999903082e+00 9.457304466542266752e-01 -1.649177833659604686e-01 1.147119203783805608e+00 2.469928291746187554e+00 2.261538133083400126e+00 -6.380805416344156877e-02
6.629999999999903082e+00 9.457304466542266752e-01 -1.649177833659604686e-01 1.147119203783805608e+00 2.469928291746187554e+00 2.261538133083400126e+00 -6.380805416344156877e-02
6.639999999999902869e+00 9.478995869344961633e-01 -1.636566925074826873e-01 1.146160755071288229e+00 2.470475878340411491e+00 2.260415761646501487e+00 -6.472281216716860297e-02
6.639999999999902869e+00 9.478995869344961633e-01 -1.636566925074826873e-01 1.146160755071288229e+00 2.470475878340411491e+00 2.260415761646501487e+00 -6.472281216716860297e-02
6.649999999999902656e+00 9.500608869876139284e-01 -1.624150891508982786e-01 1.145184378823602467e+00 2.471024663795802656e+00 2.259294295587273016e+00 -6.563470802770376977e-02
6.649999999999902656e+00 9.500608869876139284e-01 -1.624150891508982786e-01 1.145184378823602467e+00 2.471024663795802656e+00 2.259294295587273016e+00 -6.563470802770376977e-02
6.659999999999902442e+00 9.522142929338651696e-01 -1.611929121178763968e-01 1.144190070038326068e+00 2.471574698165546646e+00 2.258173813107033467e+00 -6.654369195656316405e-02
6.659999999999902442e+00 9.522142929338651696e-01 -1.611929121178763968e-01 1.144190070038326068e+00 2.471574698165546646e+00 2.258173813107033467e+00 -6.654369195656316405e-02
6.669999999999902229e+00 9.543597578015764471e-01 -1.599900804450182512e-01 1.143177763463086416e+00 2.472126626868563104e+00 2.257054101675384228e+00 -6.743826687785504925e-02
6.669999999999902229e+00 9.543597578015764471e-01 -1.599900804450182512e-01 1.143177763463086416e+00 2.472126626868563104e+00 2.257054101675384228e+00 -6.743826687785504925e-02
6.679999999999902016e+00 9.564972407172940283e-01 -1.588065302018058234e-01 1.142147470071258386e+00 2.472680003023732365e+00 2.255935229916141260e+00 -6.832835269355778951e-02
6.679999999999902016e+00 9.564972407172940283e-01 -1.588065302018058234e-01 1.142147470071258386e+00 2.472680003023732365e+00 2.255935229916141260e+00 -6.832835269355778951e-02
6.689999999999901803e+00 9.586266898295481287e-01 -1.576421958404289336e-01 1.141099195347069051e+00 2.473234817680167286e+00 2.254817280618650610e+00 -6.921499341221072632e-02
6.689999999999901803e+00 9.586266898295481287e-01 -1.576421958404289336e-01 1.141099195347069051e+00 2.473234817680167286e+00 2.254817280618650610e+00 -6.921499341221072632e-02
6.699999999999901590e+00 9.607480525655525128e-01 -1.564970102833747045e-01 1.140032946493310329e+00 2.473791109579738468e+00 2.253700337374013429e+00 -7.009825540561902268e-02
6.699999999999901590e+00 9.607480525655525128e-01 -1.564970102833747045e-01 1.140032946493310329e+00 2.473791109579738468e+00 2.253700337374013429e+00 -7.009825540561902268e-02
6.709999999999901377e+00 9.628612836234108352e-01 -1.553708863128499262e-01 1.138948668765832561e+00 2.474349513041774973e+00 2.252584185633198732e+00 -7.096674539313059527e-02
6.709999999999901377e+00 9.628612836234108352e-01 -1.553708863128499262e-01 1.138948668765832561e+00 2.474349513041774973e+00 2.252584185633198732e+00 -7.096674539313059527e-02
6.719999999999901164e+00 9.649663434880805246e-01 -1.542637544808284633e-01 1.137846385547539807e+00 2.474909581522146240e+00 2.251468899810545654e+00 -7.183031946891624275e-02
6.719999999999901164e+00 9.649663434880805246e-01 -1.542637544808284633e-01 1.137846385547539807e+00 2.474909581522146240e+00 2.251468899810545654e+00 -7.183031946891624275e-02
6.729999999999900950e+00 9.670631816869625919e-01 -1.531755438661092650e-01 1.136726114923300113e+00 2.475471300948250963e+00 2.250354568298509772e+00 -7.269002418716119518e-02
6.729999999999900950e+00 9.670631816869625919e-01 -1.531755438661092650e-01 1.136726114923300113e+00 2.475471300948250963e+00 2.250354568298509772e+00 -7.269002418716119518e-02
6.739999999999900737e+00 9.691517470977346616e-01 -1.521061821740048448e-01 1.135587876800761453e+00 2.476034704590730495e+00 2.249241280140183985e+00 -7.354593376153163720e-02
6.739999999999900737e+00 9.691517470977346616e-01 -1.521061821740048448e-01 1.135587876800761453e+00 2.476034704590730495e+00 2.249241280140183985e+00 -7.354593376153163720e-02
6.749999999999900524e+00 9.712319963759057373e-01 -1.510555765598642630e-01 1.134431627341640381e+00 2.476600418911922841e+00 2.248128817974684779e+00 -7.438670309787316637e-02
6.749999999999900524e+00 9.712319963759057373e-01 -1.510555765598642630e-01 1.134431627341640381e+00 2.476600418911922841e+00 2.248128817974684779e+00 -7.438670309787316637e-02
6.759999999999900311e+00 9.733038916626635118e-01 -1.500236527334217473e-01 1.133257402929659374e+00 2.477167996208789802e+00 2.247017261899192153e+00 -7.522216316371557743e-02
6.759999999999900311e+00 9.733038916626635118e-01 -1.500236527334217473e-01 1.133257402929659374e+00 2.477167996208789802e+00 2.247017261899192153e+00 -7.522216316371557743e-02
6.769999999999900098e+00 9.753673841397807465e-01 -1.490103350668329774e-01 1.132065234775829543e+00 2.477737417463850900e+00 2.245906705841694606e+00 -7.605336800550524523e-02
6.769999999999900098e+00 9.753673841397807465e-01 -1.490103350668329774e-01 1.132065234775829543e+00 2.477737417463850900e+00 2.245906705841694606e+00 -7.605336800550524523e-02
6.779999999999899885e+00 9.774224317979631760e-01 -1.480155275905843115e-01 1.130855090035763011e+00 2.478309281396762653e+00 2.244796941164572068e+00 -7.686942229187763986e-02
6.779999999999899885e+00 9.774224317979631760e-01 -1.480155275905843115e-01 1.130855090035763011e+00 2.478309281396762653e+00 2.244796941164572068e+00 -7.686942229187763986e-02
6.789999999999899671e+00 9.794689976310302360e-01 -1.470391528974937523e-01 1.129627015291349901e+00 2.478883151643949567e+00 2.243688054511742802e+00 -7.767987912325133304e-02
6.789999999999899671e+00 9.794689976310302360e-01 -1.470391528974937523e-01 1.129627015291349901e+00 2.478883151643949567e+00 2.243688054511742802e+00 -7.767987912325133304e-02
6.799999999999899458e+00 9.815070340026137430e-01 -1.460811323311007603e-01 1.128381052186355982e+00 2.479459006594010528e+00 2.242580145722411711e+00 -7.848576879674667994e-02
6.799999999999899458e+00 9.815070340026137430e-01 -1.460811323311007603e-01 1.128381052186355982e+00 2.479459006594010528e+00 2.242580145722411711e+00 -7.848576879674667994e-02
6.809999999999899245e+00 9.835364927851451000e-01 -1.451413861090314894e-01 1.127117244275671171e+00 2.480036870487293488e+00 2.241473314890105595e+00 -7.928717752951565390e-02
6.809999999999899245e+00 9.835364927851451000e-01 -1.451413861090314894e-01 1.127117244275671171e+00 2.480036870487293488e+00 2.241473314890105595e+00 -7.928717752951565390e-02
6.819999999999899032e+00 9.855573343600747549e-01 -1.442198135967230344e-01 1.125835569671457481e+00 2.480617344568749605e+00 2.240367348422163563e+00 -8.007307050797096704e-02
6.819999999999899032e+00 9.855573343600747549e-01 -1.442198135967230344e-01 1.125835569671457481e+00 2.480617344568749605e+00 2.240367348422163563e+00 -8.007307050797096704e-02
6.829999999999898819e+00 9.875695239246899959e-01 -1.433163336056967330e-01 1.124536088478418794e+00 2.481199989274977202e+00 2.239262337784588386e+00 -8.085303636963692142e-02
6.829999999999898819e+00 9.875695239246899959e-01 -1.433163336056967330e-01 1.124536088478418794e+00 2.481199989274977202e+00 2.239262337784588386e+00 -8.085303636963692142e-02
6.839999999999898606e+00 9.895730160075431048e-01 -1.424308638198169830e-01 1.123218855889759560e+00 2.481784778611316078e+00 2.238158387581224762e+00 -8.162812078495168544e-02
6.839999999999898606e+00 9.895730160075431048e-01 -1.424308638198169830e-01 1.123218855889759560e+00 2.481784778611316078e+00 2.238158387581224762e+00 -8.162812078495168544e-02
6.849999999999898392e+00 9.915677646992065997e-01 -1.415633209342901933e-01 1.121883929030843108e+00 2.482371732498504180e+00 2.237055602576843327e+00 -8.239842112714444722e-02
6.849999999999898392e+00 9.915677646992065997e-01 -1.415633209342901933e-01 1.121883929030843108e+00 2.482371732498504180e+00 2.237055602576843327e+00 -8.239842112714444722e-02
6.859999999999898179e+00 9.935537331714577869e-01 -1.407136002062854552e-01 1.120531297189505615e+00 2.482961451223506089e+00 2.235953763473220057e+00 -8.315283946990620345e-02
6.859999999999898179e+00 9.935537331714577869e-01 -1.407136002062854552e-01 1.120531297189505615e+00 2.482961451223506089e+00 2.235953763473220057e+00 -8.315283946990620345e-02
6.869999999999897966e+00 9.955308890704824831e-01 -1.398816172726616569e-01 1.119161034312598169e+00 2.483553490194187585e+00 2.234852966731340818e+00 -8.390104185313712604e-02
6.869999999999897966e+00 9.955308890704824831e-01 -1.398816172726616569e-01 1.119161034312598169e+00 2.483553490194187585e+00 2.234852966731340818e+00 -8.390104185313712604e-02
6.879999999999897753e+00 9.974991893045309643e-01 -1.390672867497721454e-01 1.117773209379822497e+00 2.484147818969577592e+00 2.233753321921899015e+00 -8.464409449625065474e-02
6.879999999999897753e+00 9.974991893045309643e-01 -1.390672867497721454e-01 1.117773209379822497e+00 2.484147818969577592e+00 2.233753321921899015e+00 -8.464409449625065474e-02
6.889999999999897540e+00 9.994585989426539863e-01 -1.382705018495410942e-01 1.116367822660608855e+00 2.484745016935945294e+00 2.232654616214227783e+00 -8.537123087252890263e-02
6.889999999999897540e+00 9.994585989426539863e-01 -1.382705018495410942e-01 1.116367822660608855e+00 2.484745016935945294e+00 2.232654616214227783e+00 -8.537123087252890263e-02
6.899999999999897327e+00 1.001409087049719870e+00 -1.374911763085079619e-01 1.114944958843918421e+00 2.485344646097858767e+00 2.231556952499569757e+00 -8.609194600113974361e-02
6.899999999999897327e+00 1.001409087049719870e+00 -1.374911763085079619e-01 1.114944958843918421e+00 2.485344646097858767e+00 2.231556952499569757e+00 -8.609194600113974361e-02
6.909999999999897113e+00 1.003350612198748548e+00 -1.367292229062717079e-01 1.113504697713058711e+00 2.485946673394995976e+00 2.230460446261018692e+00 -8.680729535336498270e-02
6.909999999999897113e+00 1.003350612198748548e+00 -1.367292229062717079e-01 1.113504697713058711e+00 2.485946673394995976e+00 2.230460446261018692e+00 -8.680729535336498270e-02
6.919999999999896900e+00 1.005283132646246802e+00 -1.359845536347366046e-01 1.112047120887681206e+00 2.486551111140320458e+00 2.229365212804006013e+00 -8.751739414844048048e-02
6.919999999999896900e+00 1.005283132646246802e+00 -1.359845536347366046e-01 1.112047120887681206e+00 2.486551111140320458e+00 2.229365212804006013e+00 -8.751739414844048048e-02
6.929999999999896687e+00 1.007206616593474546e+00 -1.352570583860344677e-01 1.110572239243767134e+00 2.487158546714101970e+00 2.228271031802635971e+00 -8.821124659240023314e-02
6.929999999999896687e+00 1.007206616593474546e+00 -1.352570583860344677e-01 1.110572239243767134e+00 2.487158546714101970e+00 2.228271031802635971e+00 -8.821124659240023314e-02
6.939999999999896474e+00 1.009121035973862046e+00 -1.345466486128412686e-01 1.109080151210349197e+00 2.487768535827686645e+00 2.227178010648952711e+00 -8.889846703693017604e-02
6.939999999999896474e+00 1.009121035973862046e+00 -1.345466486128412686e-01 1.109080151210349197e+00 2.487768535827686645e+00 2.227178010648952711e+00 -8.889846703693017604e-02
6.949999999999896261e+00 1.011026352138468365e+00 -1.338532348966315622e-01 1.107570950158835332e+00 2.488381041426173113e+00 2.226086269338569679e+00 -8.958013699775320415e-02
6.949999999999896261e+00 1.011026352138468365e+00 -1.338532348966315622e-01 1.107570950158835332e+00 2.488381041426173113e+00 2.226086269338569679e+00 -8.958013699775320415e-02
6.959999999999896048e+00 1.012922535504864996e+00 -1.331767056337655741e-01 1.106044657465202974e+00 2.488996633724232854e+00 2.224995592492425622e+00 -9.024552888422407437e-02
6.959999999999896048e+00 1.012922535504864996e+00 -1.331767056337655741e-01 1.106044657465202974e+00 2.488996633724232854e+00 2.224995592492425622e+00 -9.024552888422407437e-02
6.969999999999895834e+00 1.014809559726416177e+00 -1.325169710173245974e-01 1.104501382182527358e+00 2.489614872581731309e+00 2.223906093811631290e+00 -9.090414347933674366e-02
6.969999999999895834e+00 1.014809559726416177e+00 -1.325169710173245974e-01 1.104501382182527358e+00 2.489614872581731309e+00 2.223906093811631290e+00 -9.090414347933674366e-02
6.979999999999895621e+00 1.016687388073653553e+00 -1.318739404144783356e-01 1.102941228267088958e+00 2.490235718361244910e+00 2.222817899142488063e+00 -9.155705848273977543e-02
6.979999999999895621e+00 1.016687388073653553e+00 -1.318739404144783356e-01 1.102941228267088958e+00 2.490235718361244910e+00 2.222817899142488063e+00 -9.155705848273977543e-02
6.989999999999895408e+00 1.018555993195648268e+00 -1.312475008837303836e-01 1.101364227020666275e+00 2.490859731274480016e+00 2.221730797044676464e+00 -9.219367573211703637e-02
6.989999999999895408e+00 1.018555993195648268e+00 -1.312475008837303836e-01 1.101364227020666275e+00 2.490859731274480016e+00 2.221730797044676464e+00 -9.219367573211703637e-02
6.999999999999895195e+00 1.020415350603569582e+00 -1.306375615674419122e-01 1.099770497829525295e+00 2.491486474932076423e+00 2.220644907084302400e+00 -9.282339758053118062e-02
6.999999999999895195e+00 1.020415350603569582e+00 -1.306375615674419122e-01 1.099770497829525295e+00 2.491486474932076423e+00 2.220644907084302400e+00 -9.282339758053118062e-02
7.009999999999894982e+00 1.022265425613891221e+00 -1.300440308219975860e-01 1.098160154920248655e+00 2.492115907365967775e+00 2.219560360544606148e+00 -9.344729980559161875e-02
7.009999999999894982e+00 1.022265425613891221e+00 -1.300440308219975860e-01 1.098160154920248655e+00 2.492115907365967775e+00 2.219560360544606148e+00 -9.344729980559161875e-02
7.019999999999894769e+00 1.024106183381653157e+00 -1.294668164366656327e-01 1.096533314012243299e+00 2.492748031382777452e+00 2.218477288005188175e+00 -9.406552559383275780e-02
7.019999999999894769e+00 1.024106183381653157e+00 -1.294668164366656327e-01 1.096533314012243299e+00 2.492748031382777452e+00 2.218477288005188175e+00 -9.406552559383275780e-02
7.029999999999894555e+00 1.025937600291898733e+00 -1.289058030207804739e-01 1.094890015545662010e+00 2.493383419665446077e+00 2.217395467656858798e+00 -9.466717953988754153e-02
7.029999999999894555e+00 1.025937600291898733e+00 -1.289058030207804739e-01 1.094890015545662010e+00 2.493383419665446077e+00 2.217395467656858798e+00 -9.466717953988754153e-02
7.039999999999894342e+00 1.027759655223684954e+00 -1.283608984502015160e-01 1.093230391728443385e+00 2.494021627528812068e+00 2.216315022749418162e+00 -9.526184682323321495e-02
7.039999999999894342e+00 1.027759655223684954e+00 -1.283608984502015160e-01 1.093230391728443385e+00 2.494021627528812068e+00 2.216315022749418162e+00 -9.526184682323321495e-02
7.049999999999894129e+00 1.029572316731546477e+00 -1.278320098658383419e-01 1.091554569318385903e+00 2.494662609568691458e+00 2.215236088320692076e+00 -9.585063706220223190e-02
7.049999999999894129e+00 1.029572316731546477e+00 -1.278320098658383419e-01 1.091554569318385903e+00 2.494662609568691458e+00 2.215236088320692076e+00 -9.585063706220223190e-02
7.059999999999893916e+00 1.031375563795842609e+00 -1.273190209679286866e-01 1.089862597991836823e+00 2.495306925874515080e+00 2.214158445309335033e+00 -9.642284654319260850e-02
7.059999999999893916e+00 1.031375563795842609e+00 -1.273190209679286866e-01 1.089862597991836823e+00 2.495306925874515080e+00 2.214158445309335033e+00 -9.642284654319260850e-02
7.069999999999893703e+00 1.033169377346818019e+00 -1.268218390915092642e-01 1.088154619837894410e+00 2.495954133008753573e+00 2.213082223050088615e+00 -9.698801657734031079e-02
7.069999999999893703e+00 1.033169377346818019e+00 -1.268218390915092642e-01 1.088154619837894410e+00 2.495954133008753573e+00 2.213082223050088615e+00 -9.698801657734031079e-02
7.079999999999893490e+00 1.034953728133413797e+00 -1.263403708532447878e-01 1.086430771325438638e+00 2.496604183051054804e+00 2.212007562271917305e+00 -9.754726114051751051e-02
7.079999999999893490e+00 1.034953728133413797e+00 -1.263403708532447878e-01 1.086430771325438638e+00 2.496604183051054804e+00 2.212007562271917305e+00 -9.754726114051751051e-02
7.089999999999893276e+00 1.036728597705458332e+00 -1.258744991393948853e-01 1.084691110641398115e+00 2.497257630115563565e+00 2.210934245846107427e+00 -9.808993735328611074e-02
7.089999999999893276e+00 1.036728597705458332e+00 -1.258744991393948853e-01 1.084691110641398115e+00 2.497257630115563565e+00 2.210934245846107427e+00 -9.808993735328611074e-02
7.099999999999893063e+00 1.038493969130817041e+00 -1.254241308869732119e-01 1.082935789294702689e+00 2.497914031912637167e+00 2.209862408855088223e+00 -9.862555076462892201e-02
7.099999999999893063e+00 1.038493969130817041e+00 -1.254241308869732119e-01 1.082935789294702689e+00 2.497914031912637167e+00 2.209862408855088223e+00 -9.862555076462892201e-02
7.109999999999892850e+00 1.040249815435516423e+00 -1.249891723248394565e-01 1.081164952985813388e+00 2.498573338244221453e+00 2.208792197395011314e+00 -9.915522065325235723e-02
7.109999999999892850e+00 1.040249815435516423e+00 -1.249891723248394565e-01 1.081164952985813388e+00 2.498573338244221453e+00 2.208792197395011314e+00 -9.915522065325235723e-02
7.119999999999892637e+00 1.041996120842383799e+00 -1.245695056112873372e-01 1.079378667773375655e+00 2.499236098583657029e+00 2.207723395375996045e+00 -9.966834467968900546e-02
7.119999999999892637e+00 1.041996120842383799e+00 -1.245695056112873372e-01 1.079378667773375655e+00 2.499236098583657029e+00 2.207723395375996045e+00 -9.966834467968900546e-02
7.129999999999892424e+00 1.043732870640140531e+00 -1.241650374144504937e-01 1.077577094116646261e+00 2.499901871155635558e+00 2.206656143340760767e+00 -1.001744108987671217e-01
7.129999999999892424e+00 1.043732870640140531e+00 -1.241650374144504937e-01 1.077577094116646261e+00 2.499901871155635558e+00 2.206656143340760767e+00 -1.001744108987671217e-01
7.139999999999892211e+00 1.045460040199343021e+00 -1.237756736971632049e-01 1.075760386449944761e+00 2.500570603611278919e+00 2.205590592489991675e+00 -1.006745459274780846e-01
7.139999999999892211e+00 1.045460040199343021e+00 -1.237756736971632049e-01 1.075760386449944761e+00 2.500570603611278919e+00 2.205590592489991675e+00 -1.006745459274780846e-01
7.149999999999891998e+00 1.047177616503186304e+00 -1.234012959618630140e-01 1.073928618049100336e+00 2.501242841953143170e+00 2.204526526970671529e+00 -1.011581698015989184e-01
7.149999999999891998e+00 1.047177616503186304e+00 -1.234012959618630140e-01 1.073928618049100336e+00 2.501242841953143170e+00 2.204526526970671529e+00 -1.011581698015989184e-01
7.159999999999891784e+00 1.048885587126054730e+00 -1.230418107213636647e-01 1.072081957830850696e+00 2.501918144330502969e+00 2.203464092557623655e+00 -1.016347694843201949e-01
7.159999999999891784e+00 1.048885587126054730e+00 -1.230418107213636647e-01 1.072081957830850696e+00 2.501918144330502969e+00 2.203464092557623655e+00 -1.016347694843201949e-01
7.169999999999891571e+00 1.050583941439192870e+00 -1.226971000314606985e-01 1.070220487723058111e+00 2.502596995471575436e+00 2.202403085528430005e+00 -1.020949872257810725e-01
7.169999999999891571e+00 1.050583941439192870e+00 -1.226971000314606985e-01 1.070220487723058111e+00 2.502596995471575436e+00 2.202403085528430005e+00 -1.020949872257810725e-01
7.179999999999891358e+00 1.052272668007515177e+00 -1.223670706084852705e-01 1.068344382911531332e+00 2.503278957764331736e+00 2.201343659247388285e+00 -1.025481848474528723e-01
7.179999999999891358e+00 1.052272668007515177e+00 -1.223670706084852705e-01 1.068344382911531332e+00 2.503278957764331736e+00 2.201343659247388285e+00 -1.025481848474528723e-01
7.189999999999891145e+00 1.053951745827881759e+00 -1.220516284351478020e-01 1.066453812152372338e+00 2.503963974825546668e+00 2.200285976793628251e+00 -1.029954893975496139e-01
7.189999999999891145e+00 1.053951745827881759e+00 -1.220516284351478020e-01 1.066453812152372338e+00 2.503963974825546668e+00 2.200285976793628251e+00 -1.029954893975496139e-01
7.199999999999890932e+00 1.055621165987541854e+00 -1.217506548532153871e-01 1.064548862159325981e+00 2.504652574489123040e+00 2.199229833764836606e+00 -1.034265814145087642e-01
7.199999999999890932e+00 1.055621165987541854e+00 -1.217506548532153871e-01 1.064548862159325981e+00 2.504652574489123040e+00 2.199229833764836606e+00 -1.034265814145087642e-01
7.209999999999890719e+00 1.057280919370489070e+00 -1.214640564835084285e-01 1.062629715242382922e+00 2.505344323337666879e+00 2.198175387602910646e+00 -1.038507456133592882e-01
7.209999999999890719e+00 1.057280919370489070e+00 -1.214640564835084285e-01 1.062629715242382922e+00 2.505344323337666879e+00 2.198175387602910646e+00 -1.038507456133592882e-01
7.219999999999890505e+00 1.058930987495459108e+00 -1.211917392063288634e-01 1.060696547106146470e+00 2.506039164082633608e+00 2.197122805056964001e+00 -1.042691093782488337e-01
7.219999999999890505e+00 1.058930987495459108e+00 -1.211917392063288634e-01 1.060696547106146470e+00 2.506039164082633608e+00 2.197122805056964001e+00 -1.042691093782488337e-01
7.229999999999890292e+00 1.060571364452562282e+00 -1.209335837412149339e-01 1.058749449502559559e+00 2.506737624568642353e+00 2.196071879066763710e+00 -1.046713262307031045e-01
7.229999999999890292e+00 1.060571364452562282e+00 -1.209335837412149339e-01 1.058749449502559559e+00 2.506737624568642353e+00 2.196071879066763710e+00 -1.046713262307031045e-01
7.239999999999890079e+00 1.062202043592773038e+00 -1.206894967070245434e-01 1.056788611490933283e+00 2.507439270030832557e+00 2.195022771013353413e+00 -1.050667227050514352e-01
7.239999999999890079e+00 1.062202043592773038e+00 -1.206894967070245434e-01 1.056788611490933283e+00 2.507439270030832557e+00 2.195022771013353413e+00 -1.050667227050514352e-01
7.249999999999889866e+00 1.063823008972652362e+00 -1.204593839612224104e-01 1.054814215230934771e+00 2.508144041609120745e+00 2.193975651329846954e+00 -1.054564397591346570e-01
7.249999999999889866e+00 1.063823008972652362e+00 -1.204593839612224104e-01 1.054814215230934771e+00 2.508144041609120745e+00 2.193975651329846954e+00 -1.054564397591346570e-01
7.259999999999889653e+00 1.065434257708943289e+00 -1.202431256338840487e-01 1.052826356865719015e+00 2.508852467670849240e+00 2.192930309900232189e+00 -1.058300937750891874e-01
7.259999999999889653e+00 1.065434257708943289e+00 -1.202431256338840487e-01 1.052826356865719015e+00 2.508852467670849240e+00 2.192930309900232189e+00 -1.058300937750891874e-01
7.269999999999889440e+00 1.067035785613547061e+00 -1.200406284092911113e-01 1.050825231687100958e+00 2.509564111592408775e+00 2.191886912089954897e+00 -1.061970632501587769e-01
7.269999999999889440e+00 1.067035785613547061e+00 -1.200406284092911113e-01 1.050825231687100958e+00 2.509564111592408775e+00 2.191886912089954897e+00 -1.061970632501587769e-01
7.279999999999889226e+00 1.068627592262647363e+00 -1.198517729997711639e-01 1.048810942600154839e+00 2.510279445680814625e+00 2.190845257500720233e+00 -1.065481040150964426e-01
7.279999999999889226e+00 1.068627592262647363e+00 -1.198517729997711639e-01 1.048810942600154839e+00 2.510279445680814625e+00 2.190845257500720233e+00 -1.065481040150964426e-01
7.289999999999889013e+00 1.070209674556665158e+00 -1.196764664566452030e-01 1.046783689847279319e+00 2.510998034657816458e+00 2.189805518733466183e+00 -1.068925342366141423e-01
7.289999999999889013e+00 1.070209674556665158e+00 -1.196764664566452030e-01 1.046783689847279319e+00 2.510998034657816458e+00 2.189805518733466183e+00 -1.068925342366141423e-01
7.299999999999888800e+00 1.071782020342382902e+00 -1.195146149957764248e-01 1.044743666200444787e+00 2.511719815874282613e+00 2.188767876656024125e+00 -1.072315075268317069e-01
7.299999999999888800e+00 1.071782020342382902e+00 -1.195146149957764248e-01 1.044743666200444787e+00 2.511719815874282613e+00 2.188767876656024125e+00 -1.072315075268317069e-01
7.309999999999888587e+00 1.073344631133655858e+00 -1.193660985919328260e-01 1.042690976479138332e+00 2.512445306738441797e+00 2.187732127430741080e+00 -1.075547804159723841e-01
7.309999999999888587e+00 1.073344631133655858e+00 -1.193660985919328260e-01 1.042690976479138332e+00 2.512445306738441797e+00 2.187732127430741080e+00 -1.075547804159723841e-01
7.319999999999888374e+00 1.074897506222935117e+00 -1.192308243298864368e-01 1.040625825732203191e+00 2.513174074624297205e+00 2.186698446839753007e+00 -1.078716357949731919e-01
7.319999999999888374e+00 1.074897506222935117e+00 -1.192308243298864368e-01 1.040625825732203191e+00 2.513174074624297205e+00 2.186698446839753007e+00 -1.078716357949731919e-01
7.329999999999888161e+00 1.076440636018887398e+00 -1.191086984271677723e-01 1.038548411293060969e+00 2.513906056223898844e+00 2.185667018571753939e+00 -1.081832311993825568e-01
7.329999999999888161e+00 1.076440636018887398e+00 -1.191086984271677723e-01 1.038548411293060969e+00 2.513906056223898844e+00 2.185667018571753939e+00 -1.081832311993825568e-01
7.339999999999887947e+00 1.077974025153375148e+00 -1.189996001794450808e-01 1.036458840144543370e+00 2.514641771634603895e+00 2.184637633748929719e+00 -1.084792544849724899e-01
7.339999999999887947e+00 1.077974025153375148e+00 -1.189996001794450808e-01 1.036458840144543370e+00 2.514641771634603895e+00 2.184637633748929719e+00 -1.084792544849724899e-01
7.349999999999887734e+00 1.079497675396436707e+00 -1.189034367506942025e-01 1.034357321737214175e+00 2.515380785564138133e+00 2.183610471374006323e+00 -1.087690662241597855e-01
7.349999999999887734e+00 1.079497675396436707e+00 -1.189034367506942025e-01 1.034357321737214175e+00 2.515380785564138133e+00 2.183610471374006323e+00 -1.087690662241597855e-01
7.359999999999887521e+00 1.081011593822856609e+00 -1.188200879637716645e-01 1.032243968389964017e+00 2.516123564816241664e+00 2.182585330896524844e+00 -1.090434517619755794e-01
7.359999999999887521e+00 1.081011593822856609e+00 -1.188200879637716645e-01 1.032243968389964017e+00 2.516123564816241664e+00 2.182585330896524844e+00 -1.090434517619755794e-01
7.369999999999887308e+00 1.082515783284648370e+00 -1.187494613819920497e-01 1.030118993441629716e+00 2.516869673771035210e+00 2.181562398430405114e+00 -1.093117477338315519e-01
7.369999999999887308e+00 1.082515783284648370e+00 -1.187494613819920497e-01 1.030118993441629716e+00 2.516869673771035210e+00 2.181562398430405114e+00 -1.093117477338315519e-01
7.379999999999887095e+00 1.084010237941595678e+00 -1.186914635972114718e-01 1.027982601857308387e+00 2.517619045427506030e+00 2.180541867272110856e+00 -1.095751297627970411e-01
7.379999999999887095e+00 1.084010237941595678e+00 -1.186914635972114718e-01 1.027982601857308387e+00 2.517619045427506030e+00 2.180541867272110856e+00 -1.095751297627970411e-01
7.389999999999886882e+00 1.085494966876976886e+00 -1.186459735510245195e-01 1.025834905653850271e+00 2.518372192743905558e+00 2.179523531768889910e+00 -1.098233621339865657e-01
7.389999999999886882e+00 1.085494966876976886e+00 -1.186459735510245195e-01 1.025834905653850271e+00 2.518372192743905558e+00 2.179523531768889910e+00 -1.098233621339865657e-01
7.399999999999886668e+00 1.086969975290404067e+00 -1.186128988003028045e-01 1.023676121133236361e+00 2.519128682095492788e+00 2.178507580643224806e+00 -1.100657645055897055e-01
7.399999999999886668e+00 1.086969975290404067e+00 -1.186128988003028045e-01 1.023676121133236361e+00 2.519128682095492788e+00 2.178507580643224806e+00 -1.100657645055897055e-01
7.409999999999886455e+00 1.088435274686632592e+00 -1.185921187276217786e-01 1.021506364650643262e+00 2.519888975048271362e+00 2.177493815549676359e+00 -1.102931707057121791e-01
7.409999999999886455e+00 1.088435274686632592e+00 -1.185921187276217786e-01 1.021506364650643262e+00 2.519888975048271362e+00 2.177493815549676359e+00 -1.102931707057121791e-01
7.419999999999886242e+00 1.089890871336686384e+00 -1.185835412594649502e-01 1.019325855633839817e+00 2.520652636848027761e+00 2.176482432057345484e+00 -1.105148961696760523e-01
7.419999999999886242e+00 1.089890871336686384e+00 -1.185835412594649502e-01 1.019325855633839817e+00 2.520652636848027761e+00 2.176482432057345484e+00 -1.105148961696760523e-01
7.429999999999886029e+00 1.091336778075784109e+00 -1.185870460555575601e-01 1.017134713250800404e+00 2.521420120515144525e+00 2.175473239451299001e+00 -1.107218982819182934e-01
7.429999999999886029e+00 1.091336778075784109e+00 -1.185870460555575601e-01 1.017134713250800404e+00 2.521420120515144525e+00 2.175473239451299001e+00 -1.107218982819182934e-01
7.439999999999885816e+00 1.092773002157957807e+00 -1.186025413378424126e-01 1.014933159448740740e+00 2.522190994797937069e+00 2.174466439697031461e+00 -1.109233919969879606e-01
7.439999999999885816e+00 1.092773002157957807e+00 -1.186025413378424126e-01 1.014933159448740740e+00 2.522190994797937069e+00 2.174466439697031461e+00 -1.109233919969879606e-01
7.449999999999885603e+00 1.094199542651992818e+00 -1.186299341925067530e-01 1.012721406993946083e+00 2.522965188464476594e+00 2.173462240561788938e+00 -1.111205534335368283e-01
7.449999999999885603e+00 1.094199542651992818e+00 -1.186299341925067530e-01 1.012721406993946083e+00 2.522965188464476594e+00 2.173462240561788938e+00 -1.111205534335368283e-01
7.459999999999885389e+00 1.095616414501465519e+00 -1.186691031134579771e-01 1.010499572422450365e+00 2.523743201974090411e+00 2.172460443914400408e+00 -1.113033042057928607e-01
7.459999999999885389e+00 1.095616414501465519e+00 -1.186691031134579771e-01 1.010499572422450365e+00 2.523743201974090411e+00 2.172460443914400408e+00 -1.113033042057928607e-01
7.469999999999885176e+00 1.097023627302873061e+00 -1.187199561294352973e-01 1.008267878668677620e+00 2.524524606088577983e+00 2.171461252934683284e+00 -1.114808554716233274e-01
7.469999999999885176e+00 1.097023627302873061e+00 -1.187199561294352973e-01 1.008267878668677620e+00 2.524524606088577983e+00 2.171461252934683284e+00 -1.114808554716233274e-01
7.479999999999884963e+00 1.098421198379345265e+00 -1.187823720115591952e-01 1.006026445165824068e+00 2.525309852556681722e+00 2.170464475214583633e+00 -1.116441592984043774e-01
7.479999999999884963e+00 1.098421198379345265e+00 -1.187823720115591952e-01 1.006026445165824068e+00 2.525309852556681722e+00 2.170464475214583633e+00 -1.116441592984043774e-01
7.489999999999884750e+00 1.099809138376397266e+00 -1.188562590742133079e-01 1.003775496863757555e+00 2.526098510087881888e+00 2.169470320200572289e+00 -1.118024467722653487e-01
7.489999999999884750e+00 1.099809138376397266e+00 -1.188562590742133079e-01 1.003775496863757555e+00 2.526098510087881888e+00 2.169470320200572289e+00 -1.118024467722653487e-01
7.499999999999884537e+00 1.101187465942896848e+00 -1.189414961998749160e-01 1.001515154628070503e+00 2.526891023386057089e+00 2.168478601639186820e+00 -1.119467697239393406e-01
7.499999999999884537e+00 1.101187465942896848e+00 -1.189414961998749160e-01 1.001515154628070503e+00 2.526891023386057089e+00 2.168478601639186820e+00 -1.119467697239393406e-01
7.509999999999884324e+00 1.102556192672513591e+00 -1.190379919142987020e-01 9.992456448599094099e-01 2.527686963704087741e+00 2.167489534883524360e+00 -1.120862812892617771e-01
7.509999999999884324e+00 1.102556192672513591e+00 -1.190379919142987020e-01 9.992456448599094099e-01 2.527686963704087741e+00 2.167489534883524360e+00 -1.120862812892617771e-01
7.519999999999884110e+00 1.103915322423275613e+00 -1.191456534309707077e-01 9.969671839647106237e-01 2.528486256231626594e+00 2.166503339834302544e+00 -1.122221618274469312e-01
7.519999999999884110e+00 1.103915322423275613e+00 -1.191456534309707077e-01 9.969671839647106237e-01 2.528486256231626594e+00 2.166503339834302544e+00 -1.122221618274469312e-01
7.529999999999883897e+00 1.105264875979627526e+00 -1.192643582010582404e-01 9.946798881484147925e-01 2.529289393318659318e+00 2.165519821173333082e+00 -1.123444266893854765e-01
7.529999999999883897e+00 1.105264875979627526e+00 -1.192643582010582404e-01 9.946798881484147925e-01 2.529289393318659318e+00 2.165519821173333082e+00 -1.123444266893854765e-01
7.539999999999883684e+00 1.106604867193627939e+00 -1.193940143750957250e-01 9.923839830605047929e-01 2.530095948214293511e+00 2.164539194475246564e+00 -1.124622306254875748e-01
7.539999999999883684e+00 1.106604867193627939e+00 -1.193940143750957250e-01 9.923839830605047929e-01 2.530095948214293511e+00 2.164539194475246564e+00 -1.124622306254875748e-01
7.549999999999883471e+00 1.107935319135224139e+00 -1.195344995412580130e-01 9.900795865933657014e-01 2.530906366319390699e+00 2.163561269088644323e+00 -1.125665938627493229e-01
7.549999999999883471e+00 1.107935319135224139e+00 -1.195344995412580130e-01 9.900795865933657014e-01 2.530906366319390699e+00 2.163561269088644323e+00 -1.125665938627493229e-01
7.559999999999883258e+00 1.109256246628587794e+00 -1.196857220611065864e-01 9.877669254684646738e-01 2.531720218002286860e+00 2.162586266561996595e+00 -1.126667081414565175e-01
7.559999999999883258e+00 1.109256246628587794e+00 -1.196857220611065864e-01 9.877669254684646738e-01 2.531720218002286860e+00 2.162586266561996595e+00 -1.126667081414565175e-01
7.569999999999883045e+00 1.110567674013938966e+00 -1.198475594896657587e-01 9.854461178398553622e-01 2.532537942550567855e+00 2.161614001407789587e+00 -1.127536766268971424e-01
7.569999999999883045e+00 1.110567674013938966e+00 -1.198475594896657587e-01 9.854461178398553622e-01 2.532537942550567855e+00 2.161614001407789587e+00 -1.127536766268971424e-01
7.579999999999882832e+00 1.111869616979772157e+00 -1.200199203243268731e-01 9.831173909683573742e-01 2.533359112057869122e+00 2.160644700839531307e+00 -1.128366282998428116e-01
7.579999999999882832e+00 1.111869616979772157e+00 -1.200199203243268731e-01 9.831173909683573742e-01 2.533359112057869122e+00 2.160644700839531307e+00 -1.128366282998428116e-01
7.589999999999882618e+00 1.113162101136049964e+00 -1.202026820020173775e-01 9.807808627720792094e-01 2.534184160787330331e+00 2.159678183887372427e+00 -1.129067315378957659e-01
7.589999999999882618e+00 1.113162101136049964e+00 -1.202026820020173775e-01 9.807808627720792094e-01 2.534184160787330331e+00 2.159678183887372427e+00 -1.129067315378957659e-01
7.599999999999882405e+00 1.114445143038015340e+00 -1.203957530976238199e-01 9.784367606616291013e-01 2.535012662571449749e+00 2.158714683033017945e+00 -1.129730562762111812e-01
7.599999999999882405e+00 1.114445143038015340e+00 -1.203957530976238199e-01 9.784367606616291013e-01 2.535012662571449749e+00 2.158714683033017945e+00 -1.129730562762111812e-01
7.609999999999882192e+00 1.115718752109382317e+00 -1.205990406226645356e-01 9.760853010010305253e-01 2.535844537642637064e+00 2.157754433602088628e+00 -1.130367822927776100e-01
7.609999999999882192e+00 1.115718752109382317e+00 -1.205990406226645356e-01 9.760853010010305253e-01 2.535844537642637064e+00 2.157754433602088628e+00 -1.130367822927776100e-01
7.619999999999881979e+00 1.116982956086715939e+00 -1.208124202205026337e-01 9.737265946165731823e-01 2.536680267741600936e+00 2.156797243690995902e+00 -1.130880496875433655e-01
7.619999999999881979e+00 1.116982956086715939e+00 -1.208124202205026337e-01 9.737265946165731823e-01 2.536680267741600936e+00 2.156797243690995902e+00 -1.130880496875433655e-01
7.629999999999881766e+00 1.118237773638317778e+00 -1.210357998224441400e-01 9.713608660512258464e-01 2.537519429069783783e+00 2.155843344637344838e+00 -1.131359272597661086e-01
7.629999999999881766e+00 1.118237773638317778e+00 -1.210357998224441400e-01 9.713608660512258464e-01 2.537519429069783783e+00 2.155843344637344838e+00 -1.131359272597661086e-01
7.639999999999881553e+00 1.119483234630932911e+00 -1.212690550334341033e-01 9.689882264325572203e-01 2.538362458267342969e+00 2.154892548065440394e+00 -1.131715343105132721e-01
7.639999999999881553e+00 1.119483234630932911e+00 -1.212690550334341033e-01 9.689882264325572203e-01 2.538362458267342969e+00 2.154892548065440394e+00 -1.131715343105132721e-01
7.649999999999881339e+00 1.120719358579942204e+00 -1.215120938928635347e-01 9.666089002844914235e-01 2.539208927911316582e+00 2.153945090868483625e+00 -1.132039905013629555e-01
7.649999999999881339e+00 1.120719358579942204e+00 -1.215120938928635347e-01 9.666089002844914235e-01 2.539208927911316582e+00 2.153945090868483625e+00 -1.132039905013629555e-01
7.659999999999881126e+00 1.121946176523990646e+00 -1.217647917976041744e-01 9.642229976758136534e-01 2.540059269336806480e+00 2.153000788760077278e+00 -1.132244835794479210e-01
7.659999999999881126e+00 1.121946176523990646e+00 -1.217647917976041744e-01 9.642229976758136534e-01 2.540059269336806480e+00 2.153000788760077278e+00 -1.132244835794479210e-01
7.669999999999880913e+00 1.123163708713431852e+00 -1.220270568249075538e-01 9.618307426337759924e-01 2.540913056096521849e+00 2.152059883931245032e+00 -1.132420823353729455e-01
7.669999999999880913e+00 1.123163708713431852e+00 -1.220270568249075538e-01 9.618307426337759924e-01 2.540913056096521849e+00 2.152059883931245032e+00 -1.132420823353729455e-01
7.679999999999880700e+00 1.124371987346789892e+00 -1.222987640905103951e-01 9.594322437474815946e-01 2.541770715145762249e+00 2.151122195680279070e+00 -1.132480276536211306e-01
7.679999999999880700e+00 1.124371987346789892e+00 -1.222987640905103951e-01 9.594322437474815946e-01 2.541770715145762249e+00 2.151122195680279070e+00 -1.132480276536211306e-01
7.689999999999880487e+00 1.125571033401528975e+00 -1.225798216581554662e-01 9.570277242145828200e-01 2.542631821105355794e+00 2.150187971148322053e+00 -1.132513386469016919e-01
7.689999999999880487e+00 1.125571033401528975e+00 -1.225798216581554662e-01 9.570277242145828200e-01 2.542631821105355794e+00 2.150187971148322053e+00 -1.132513386469016919e-01
7.699999999999880274e+00 1.126760880231460593e+00 -1.228701043001821785e-01 9.546172907795371643e-01 2.543496796882596112e+00 2.149257032757067698e+00 -1.132433065353528473e-01
7.699999999999880274e+00 1.126760880231460593e+00 -1.228701043001821785e-01 9.546172907795371643e-01 2.543496796882596112e+00 2.149257032757067698e+00 -1.132433065353528473e-01
7.709999999999880060e+00 1.127941549530381504e+00 -1.231695200233812321e-01 9.522011655155055987e-01 2.544365218179309274e+00 2.148329632282825585e+00 -1.132329027741669908e-01
7.709999999999880060e+00 1.127941549530381504e+00 -1.231695200233812321e-01 9.522011655155055987e-01 2.544365218179309274e+00 2.148329632282825585e+00 -1.132329027741669908e-01
7.719999999999879847e+00 1.129113056618348265e+00 -1.234779749541425747e-01 9.497795582279596749e-01 2.545236998690234564e+00 2.147406022189636499e+00 -1.132212967839111573e-01
7.719999999999879847e+00 1.129113056618348265e+00 -1.234779749541425747e-01 9.497795582279596749e-01 2.545236998690234564e+00 2.147406022189636499e+00 -1.132212967839111573e-01
7.729999999999879634e+00 1.130275436891649443e+00 -1.237953416972444182e-01 9.473525661528630071e-01 2.546112607761720437e+00 2.146486012353007844e+00 -1.131987754577826327e-01
7.729999999999879634e+00 1.130275436891649443e+00 -1.237953416972444182e-01 9.473525661528630071e-01 2.546112607761720437e+00 2.146486012353007844e+00 -1.131987754577826327e-01
7.739999999999879421e+00 1.131428713929669261e+00 -1.241215273240516698e-01 9.449204063385089336e-01 2.546991624375969376e+00 2.145569851772875847e+00 -1.131742904861369747e-01
7.739999999999879421e+00 1.131428713929669261e+00 -1.241215273240516698e-01 9.449204063385089336e-01 2.546991624375969376e+00 2.145569851772875847e+00 -1.131742904861369747e-01
7.749999999999879208e+00 1.132572925016094967e+00 -1.244564042597365305e-01 9.424831750737746594e-01 2.547874474248631671e+00 2.144657352995273492e+00 -1.131390888951981644e-01
7.749999999999879208e+00 1.132572925016094967e+00 -1.244564042597365305e-01 9.424831750737746594e-01 2.547874474248631671e+00 2.144657352995273492e+00 -1.131390888951981644e-01
7.759999999999878995e+00 1.133708094389892951e+00 -1.247998796037199654e-01 9.400410883905058190e-01 2.548760732231184711e+00 2.143748770113209190e+00 -1.131021776643423987e-01
7.759999999999878995e+00 1.133708094389892951e+00 -1.247998796037199654e-01 9.400410883905058190e-01 2.548760732231184711e+00 2.143748770113209190e+00 -1.131021776643423987e-01
7.769999999999878781e+00 1.134834260343489554e+00 -1.251518254372694927e-01 9.375942403498541688e-01 2.549650819035239380e+00 2.142843918936034431e+00 -1.130548658970030873e-01
7.769999999999878781e+00 1.134834260343489554e+00 -1.251518254372694927e-01 9.375942403498541688e-01 2.549650819035239380e+00 2.142843918936034431e+00 -1.130548658970030873e-01
7.779999999999878568e+00 1.135951447666194936e+00 -1.255121488285675657e-01 9.351428455594905653e-01 2.550544309975090851e+00 2.141943058411807765e+00 -1.130061122045297323e-01
7.779999999999878568e+00 1.135951447666194936e+00 -1.255121488285675657e-01 9.351428455594905653e-01 2.550544309975090851e+00 2.141943058411807765e+00 -1.130061122045297323e-01
7.789999999999878355e+00 1.137059695638576340e+00 -1.258807214619951653e-01 9.326869955300390869e-01 2.551441621528029557e+00 2.141046007241686588e+00 -1.129472750182314578e-01
7.789999999999878355e+00 1.137059695638576340e+00 -1.258807214619951653e-01 9.326869955300390869e-01 2.551441621528029557e+00 2.141046007241686588e+00 -1.129472750182314578e-01
7.799999999999878142e+00 1.138159029586963689e+00 -1.262574503365664069e-01 9.302269031844719871e-01 2.552342329657560693e+00 2.140153028901681243e+00 -1.128872631438867652e-01
7.799999999999878142e+00 1.138159029586963689e+00 -1.262574503365664069e-01 9.302269031844719871e-01 2.552342329657560693e+00 2.140153028901681243e+00 -1.128872631438867652e-01
7.809999999999877929e+00 1.139249489767068857e+00 -1.266422066987488992e-01 9.277626572164990870e-01 2.553246846802568637e+00 2.139263944646075721e+00 -1.128174839492568221e-01
7.809999999999877929e+00 1.139249489767068857e+00 -1.266422066987488992e-01 9.277626572164990870e-01 2.553246846802568637e+00 2.139263944646075721e+00 -1.128174839492568221e-01
7.819999999999877716e+00 1.140331102027508869e+00 -1.270348974492262195e-01 9.252944686418552722e-01 2.554154749682807868e+00 2.138379022173475974e+00 -1.127467959268382142e-01
7.819999999999877716e+00 1.140331102027508869e+00 -1.270348974492262195e-01 9.252944686418552722e-01 2.554154749682807868e+00 2.138379022173475974e+00 -1.127467959268382142e-01
7.829999999999877502e+00 1.141403886627117670e+00 -1.274354273072506039e-01 9.228225351276464483e-01 2.555065944881763862e+00 2.137498527651757296e+00 -1.126763438682499563e-01
7.829999999999877502e+00 1.141403886627117670e+00 -1.274354273072506039e-01 9.228225351276464483e-01 2.555065944881763862e+00 2.137498527651757296e+00 -1.126763438682499563e-01
7.839999999999877289e+00 1.142467885705847230e+00 -1.278436651486366260e-01 9.203469342782740759e-01 2.555980889213250062e+00 2.136622269095050264e+00 -1.125965715972288006e-01
7.839999999999877289e+00 1.142467885705847230e+00 -1.278436651486366260e-01 9.203469342782740759e-01 2.555980889213250062e+00 2.136622269095050264e+00 -1.125965715972288006e-01
7.849999999999877076e+00 1.143523126737853612e+00 -1.282595167655967983e-01 9.178678705694458539e-01 2.556899164009870606e+00 2.135750509886244153e+00 -1.125162830456001017e-01
7.849999999999877076e+00 1.143523126737853612e+00 -1.282595167655967983e-01 9.178678705694458539e-01 2.556899164009870606e+00 2.135750509886244153e+00 -1.125162830456001017e-01
7.859999999999876863e+00 1.144569653454838631e+00 -1.286828508527451120e-01 9.153854200286727361e-01 2.557821183135278176e+00 2.134883060539785049e+00 -1.124268743059220477e-01
7.859999999999876863e+00 1.144569653454838631e+00 -1.286828508527451120e-01 9.153854200286727361e-01 2.557821183135278176e+00 2.134883060539785049e+00 -1.124268743059220477e-01
7.869999999999876650e+00 1.145607493780728126e+00 -1.291135732493499666e-01 9.128997855851641585e-01 2.558746523677828399e+00 2.134020189144234081e+00 -1.123371956987128523e-01
7.869999999999876650e+00 1.145607493780728126e+00 -1.291135732493499666e-01 9.128997855851641585e-01 2.558746523677828399e+00 2.134020189144234081e+00 -1.123371956987128523e-01
7.879999999999876437e+00 1.146636692251075118e+00 -1.295515523104819600e-01 9.104110404733335438e-01 2.559675594058985926e+00 2.133161709274427942e+00 -1.122387109975038350e-01
7.879999999999876437e+00 1.146636692251075118e+00 -1.295515523104819600e-01 9.104110404733335438e-01 2.559675594058985926e+00 2.133161709274427942e+00 -1.122387109975038350e-01
7.889999999999876223e+00 1.147657277142327681e+00 -1.299966938744371581e-01 9.079193857234704179e-01 2.560607971717834719e+00 2.132307893447608738e+00 -1.121402121001575797e-01
7.889999999999876223e+00 1.147657277142327681e+00 -1.299966938744371581e-01 9.079193857234704179e-01 2.560607971717834719e+00 2.132307893447608738e+00 -1.121402121001575797e-01
7.899999999999876010e+00 1.148669293770943955e+00 -1.304488659251882565e-01 9.054248915405511688e-01 2.561544060305777304e+00 2.131458558004679649e+00 -1.120332198641909999e-01
7.899999999999876010e+00 1.148669293770943955e+00 -1.304488659251882565e-01 9.054248915405511688e-01 2.561544060305777304e+00 2.131458558004679649e+00 -1.120332198641909999e-01
7.909999999999875797e+00 1.149672770754954776e+00 -1.309079742761456722e-01 9.029277568548346178e-01 2.562483437902811190e+00 2.130613979531447821e+00 -1.119264642155993611e-01
7.909999999999875797e+00 1.149672770754954776e+00 -1.309079742761456722e-01 9.029277568548346178e-01 2.562483437902811190e+00 2.130613979531447821e+00 -1.119264642155993611e-01
7.919999999999875584e+00 1.150667731791084947e+00 -1.313739223454078453e-01 9.004281665274264101e-01 2.563426005113543571e+00 2.129774431245588850e+00 -1.118210555544184859e-01
7.919999999999875584e+00 1.150667731791084947e+00 -1.313739223454078453e-01 9.004281665274264101e-01 2.563426005113543571e+00 2.129774431245588850e+00 -1.118210555544184859e-01
7.929999999999875371e+00 1.151654223897227158e+00 -1.318465757687300177e-01 8.979261791388646330e-01 2.564372207382605851e+00 2.128939716478678523e+00 -1.117075990038577521e-01
7.929999999999875371e+00 1.151654223897227158e+00 -1.318465757687300177e-01 8.979261791388646330e-01 2.564372207382605851e+00 2.128939716478678523e+00 -1.117075990038577521e-01
7.939999999999875158e+00 1.152632277093286639e+00 -1.323258392452547616e-01 8.954219864075551039e-01 2.565321628703354673e+00 2.128110106348667596e+00 -1.115947308349808376e-01
7.939999999999875158e+00 1.152632277093286639e+00 -1.323258392452547616e-01 8.954219864075551039e-01 2.565321628703354673e+00 2.128110106348667596e+00 -1.115947308349808376e-01
7.949999999999874944e+00 1.153601939709850033e+00 -1.328115783656500515e-01 8.929156453447859576e-01 2.566274671668438145e+00 2.127285407101205728e+00 -1.114740068121985173e-01
7.949999999999874944e+00 1.153601939709850033e+00 -1.328115783656500515e-01 8.929156453447859576e-01 2.566274671668438145e+00 2.127285407101205728e+00 -1.114740068121985173e-01
7.959999999999874731e+00 1.154563242038746829e+00 -1.333036979911416675e-01 8.904073460770360882e-01 2.567230916175561983e+00 2.126465894302346449e+00 -1.113540932008135198e-01
7.959999999999874731e+00 1.154563242038746829e+00 -1.333036979911416675e-01 8.904073460770360882e-01 2.567230916175561983e+00 2.126465894302346449e+00 -1.113540932008135198e-01
7.969999999999874518e+00 1.155516209796926042e+00 -1.338021005118129325e-01 8.878972644249464308e-01 2.568190260953311377e+00 2.125651839320529479e+00 -1.112360780038583741e-01
7.969999999999874518e+00 1.155516209796926042e+00 -1.338021005118129325e-01 8.878972644249464308e-01 2.568190260953311377e+00 2.125651839320529479e+00 -1.112360780038583741e-01
7.979999999999874305e+00 1.156460892842839261e+00 -1.343066493755659951e-01 8.853854462126141689e-01 2.569153147540499837e+00 2.124843036535891905e+00 -1.111106442222990209e-01
7.979999999999874305e+00 1.156460892842839261e+00 -1.343066493755659951e-01 8.853854462126141689e-01 2.569153147540499837e+00 2.124843036535891905e+00 -1.111106442222990209e-01
7.989999999999874092e+00 1.157397322691652075e+00 -1.348172484798440540e-01 8.828720745681443161e-01 2.570119162005219060e+00 2.124039756047264138e+00 -1.109863388554650776e-01
7.989999999999874092e+00 1.157397322691652075e+00 -1.348172484798440540e-01 8.828720745681443161e-01 2.570119162005219060e+00 2.124039756047264138e+00 -1.109863388554650776e-01
7.999999999999873879e+00 1.158325526526698290e+00 -1.353337992545102786e-01 8.803573183967381421e-01 2.571088203983276088e+00 2.123242263384635731e+00 -1.108642254043236547e-01
7.999999999999873879e+00 1.158325526526698290e+00 -1.353337992545102786e-01 8.803573183967381421e-01 2.571088203983276088e+00 2.123242263384635731e+00 -1.108642254043236547e-01
8.009999999999873666e+00 1.159245556212942230e+00 -1.358561634096377424e-01 8.778412141181520800e-01 2.572060715574011169e+00 2.122450341852508249e+00 -1.107350103408474007e-01
8.009999999999873666e+00 1.159245556212942230e+00 -1.358561634096377424e-01 8.778412141181520800e-01 2.572060715574011169e+00 2.122450341852508249e+00 -1.107350103408474007e-01
8.019999999999873452e+00 1.160157444399894322e+00 -1.363842441083795709e-01 8.753239385678371898e-01 2.573036284503662507e+00 2.121664256644968827e+00 -1.106072044423616479e-01
8.019999999999873452e+00 1.160157444399894322e+00 -1.363842441083795709e-01 8.753239385678371898e-01 2.573036284503662507e+00 2.121664256644968827e+00 -1.106072044423616479e-01
8.029999999999873239e+00 1.161061219596109861e+00 -1.369179420284151183e-01 8.728056543148440261e-01 2.574014810007453580e+00 2.120884268033568887e+00 -1.104818554736220065e-01
8.029999999999873239e+00 1.161061219596109861e+00 -1.369179420284151183e-01 8.728056543148440261e-01 2.574014810007453580e+00 2.120884268033568887e+00 -1.104818554736220065e-01
8.039999999999873026e+00 1.161956935483893671e+00 -1.374571173920937361e-01 8.702863890794615420e-01 2.574996732952740786e+00 2.120110149691485812e+00 -1.103497145025517517e-01
8.039999999999873026e+00 1.161956935483893671e+00 -1.374571173920937361e-01 8.702863890794615420e-01 2.574996732952740786e+00 2.120110149691485812e+00 -1.103497145025517517e-01
8.049999999999872813e+00 1.162844625700104162e+00 -1.380016728154750405e-01 8.677663138788291874e-01 2.575981642713621067e+00 2.119342162375414063e+00 -1.102192368156077601e-01
8.049999999999872813e+00 1.162844625700104162e+00 -1.380016728154750405e-01 8.677663138788291874e-01 2.575981642713621067e+00 2.119342162375414063e+00 -1.102192368156077601e-01
8.059999999999872600e+00 1.163724319946619179e+00 -1.385515084073014325e-01 8.652455854087184317e-01 2.576969437553585429e+00 2.118580561514014526e+00 -1.100914513740741535e-01
8.059999999999872600e+00 1.163724319946619179e+00 -1.385515084073014325e-01 8.652455854087184317e-01 2.576969437553585429e+00 2.118580561514014526e+00 -1.100914513740741535e-01
8.069999999999872387e+00 1.164596073545698385e+00 -1.391064831376993827e-01 8.627242233205375532e-01 2.577960555572585744e+00 2.117825112476709570e+00 -1.099571739175513735e-01
8.069999999999872387e+00 1.164596073545698385e+00 -1.391064831376993827e-01 8.627242233205375532e-01 2.577960555572585744e+00 2.117825112476709570e+00 -1.099571739175513735e-01
8.079999999999872173e+00 1.165459920992652609e+00 -1.396664992450642739e-01 8.602023932055699040e-01 2.578954587995958114e+00 2.117076071886237365e+00 -1.098247846379326875e-01
8.079999999999872173e+00 1.165459920992652609e+00 -1.396664992450642739e-01 8.602023932055699040e-01 2.578954587995958114e+00 2.117076071886237365e+00 -1.098247846379326875e-01
8.089999999999871960e+00 1.166315893066695253e+00 -1.402314564377864226e-01 8.576802462792459947e-01 2.579951431731920763e+00 2.116333690590314287e+00 -1.096952906820150980e-01
8.089999999999871960e+00 1.166315893066695253e+00 -1.402314564377864226e-01 8.576802462792459947e-01 2.579951431731920763e+00 2.116333690590314287e+00 -1.096952906820150980e-01
8.099999999999871747e+00 1.167164021099718729e+00 -1.408012531093766062e-01 8.551579272320362080e-01 2.580951022841016851e+00 2.115598209105403527e+00 -1.095688362061619375e-01
8.099999999999871747e+00 1.167164021099718729e+00 -1.408012531093766062e-01 8.551579272320362080e-01 2.580951022841016851e+00 2.115598209105403527e+00 -1.095688362061619375e-01
8.109999999999871534e+00 1.168004337426111094e+00 -1.413757865607023489e-01 8.526355754314407509e-01 2.581953305123227960e+00 2.114869857418130827e+00 -1.094454602171054947e-01
8.109999999999871534e+00 1.168004337426111094e+00 -1.413757865607023489e-01 8.526355754314407509e-01 2.581953305123227960e+00 2.114869857418130827e+00 -1.094454602171054947e-01
8.119999999999871321e+00 1.168836901385633009e+00 -1.419549117915593350e-01 8.501131899857085061e-01 2.582958727980606106e+00 2.114148366463940665e+00 -1.093159104525623648e-01
8.119999999999871321e+00 1.168836901385633009e+00 -1.419549117915593350e-01 8.501131899857085061e-01 2.582958727980606106e+00 2.114148366463940665e+00 -1.093159104525623648e-01
8.129999999999871108e+00 1.169661750027957803e+00 -1.425385290858764420e-01 8.475909223990448771e-01 2.583966890217364032e+00 2.113433969713063298e+00 -1.091884841042817800e-01
8.129999999999871108e+00 1.169661750027957803e+00 -1.425385290858764420e-01 8.475909223990448771e-01 2.583966890217364032e+00 2.113433969713063298e+00 -1.091884841042817800e-01
8.139999999999870894e+00 1.170478916960530746e+00 -1.431265362849318545e-01 8.450689101558033212e-01 2.584977692006652283e+00 2.112726894841824965e+00 -1.090641544290739534e-01
8.139999999999870894e+00 1.170478916960530746e+00 -1.431265362849318545e-01 8.450689101558033212e-01 2.584977692006652283e+00 2.112726894841824965e+00 -1.090641544290739534e-01
8.149999999999870681e+00 1.171288436293119295e+00 -1.437188300501560656e-01 8.425472846308226238e-01 2.585991071650695083e+00 2.112027359548372729e+00 -1.089430383253984641e-01
8.149999999999870681e+00 1.171288436293119295e+00 -1.437188300501560656e-01 8.425472846308226238e-01 2.585991071650695083e+00 2.112027359548372729e+00 -1.089430383253984641e-01
8.159999999999870468e+00 1.172090343051684469e+00 -1.443153060878559768e-01 8.400261722805044684e-01 2.587006974633329293e+00 2.111335571381738330e+00 -1.088251482938252662e-01
8.159999999999870468e+00 1.172090343051684469e+00 -1.443153060878559768e-01 8.400261722805044684e-01 2.587006974633329293e+00 2.111335571381738330e+00 -1.088251482938252662e-01
8.169999999999870255e+00 1.172884673189463767e+00 -1.449158592469422802e-01 8.375056950290069580e-01 2.588025349689050181e+00 2.110651728016951445e+00 -1.087104798101487801e-01
8.169999999999870255e+00 1.172884673189463767e+00 -1.449158592469422802e-01 8.375056950290069580e-01 2.588025349689050181e+00 2.110651728016951445e+00 -1.087104798101487801e-01
8.179999999999870042e+00 1.173671463553451755e+00 -1.455203835971836945e-01 8.349859705417129740e-01 2.589046148041643569e+00 2.109976017568566231e+00 -1.085990214601172954e-01
8.179999999999870042e+00 1.173671463553451755e+00 -1.455203835971836945e-01 8.349859705417129740e-01 2.589046148041643569e+00 2.109976017568566231e+00 -1.085990214601172954e-01
8.189999999999869829e+00 1.174450751847188723e+00 -1.461287725010721739e-01 8.324671124685607548e-01 2.590069323040524285e+00 2.109308618896678755e+00 -1.084907561072769311e-01
8.189999999999869829e+00 1.174450751847188723e+00 -1.461287725010721739e-01 8.324671124685607548e-01 2.590069323040524285e+00 2.109308618896678755e+00 -1.084907561072769311e-01
8.199999999999869615e+00 1.175222576594446622e+00 -1.467409186812518029e-01 8.299492306685458676e-01 2.591094829870306704e+00 2.108649701900856321e+00 -1.083856610261175191e-01
8.199999999999869615e+00 1.175222576594446622e+00 -1.467409186812518029e-01 8.299492306685458676e-01 2.591094829870306704e+00 2.108649701900856321e+00 -1.083856610261175191e-01
8.209999999999869402e+00 1.175986977104256814e+00 -1.473567142841184785e-01 8.274324314182367468e-01 2.592122625293444393e+00 2.107999427802090597e+00 -1.082837079215256126e-01
8.209999999999869402e+00 1.175986977104256814e+00 -1.473567142841184785e-01 8.274324314182367468e-01 2.592122625293444393e+00 2.107999427802090597e+00 -1.082837079215256126e-01
8.219999999999869189e+00 1.176743993437253666e+00 -1.479760509400041002e-01 8.249168176060166502e-01 2.593152667419001300e+00 2.107357949413375398e+00 -1.081848629412244939e-01
8.219999999999869189e+00 1.176743993437253666e+00 -1.479760509400041002e-01 8.249168176060166502e-01 2.593152667419001300e+00 2.107357949413375398e+00 -1.081848629412244939e-01
8.229999999999868976e+00 1.177493666373260250e+00 -1.485988198203030131e-01 8.224024889135009841e-01 2.594184915494670118e+00 2.106725411399545056e+00 -1.080890866933412048e-01
8.229999999999868976e+00 1.177493666373260250e+00 -1.485988198203030131e-01 8.224024889135009841e-01 2.594184915494670118e+00 2.106725411399545056e+00 -1.080890866933412048e-01
8.239999999999868763e+00 1.178236037380044898e+00 -1.492249116918625274e-01 8.198895419854312916e-01 2.595219329719819612e+00 2.106101950526961808e+00 -1.079963342702735807e-01
8.239999999999868763e+00 1.178236037380044898e+00 -1.492249116918625274e-01 8.198895419854312916e-01 2.595219329719819612e+00 2.106101950526961808e+00 -1.079963342702735807e-01
8.249999999999868550e+00 1.178971148583178197e+00 -1.498542169689268122e-01 8.173780705892175202e-01 2.596255871077592925e+00 2.105487695903622392e+00 -1.079065552787592530e-01
8.249999999999868550e+00 1.178971148583178197e+00 -1.498542169689268122e-01 8.173780705892175202e-01 2.596255871077592925e+00 2.105487695903622392e+00 -1.079065552787592530e-01
8.259999999999868336e+00 1.179699042736927161e+00 -1.504866257628953152e-01 8.148681657651891674e-01 2.597294501184280957e+00 2.104882769210204785e+00 -1.078196938759054674e-01
8.259999999999868336e+00 1.179699042736927161e+00 -1.504866257628953152e-01 8.148681657651891674e-01 2.597294501184280957e+00 2.104882769210204785e+00 -1.078196938759054674e-01
8.269999999999868123e+00 1.180419734731162018e+00 -1.511220738109010087e-01 8.123600661718168858e-01 2.598334677396733294e+00 2.104287795870271705e+00 -1.077446394438408839e-01
8.269999999999868123e+00 1.180419734731162018e+00 -1.511220738109010087e-01 8.123600661718168858e-01 2.598334677396733294e+00 2.104287795870271705e+00 -1.077446394438408839e-01
8.279999999999867910e+00 1.181133267317341140e+00 -1.517604447995099526e-01 8.098538329555717841e-01 2.599376702980910281e+00 2.103702853779191084e+00 -1.076732753614468574e-01
8.279999999999867910e+00 1.181133267317341140e+00 -1.517604447995099526e-01 8.098538329555717841e-01 2.599376702980910281e+00 2.103702853779191084e+00 -1.076732753614468574e-01
8.289999999999867697e+00 1.181839687046881249e+00 -1.524016241163412555e-01 8.073495351360565619e-01 2.600420594583970235e+00 2.103128011865554647e+00 -1.076046016382287140e-01
8.289999999999867697e+00 1.181839687046881249e+00 -1.524016241163412555e-01 8.073495351360565619e-01 2.600420594583970235e+00 2.103128011865554647e+00 -1.076046016382287140e-01
8.299999999999867484e+00 1.182539012267634693e+00 -1.530455444691951605e-01 8.048473954766437455e-01 2.601465827908870487e+00 2.102563849310108424e+00 -1.075473232572220772e-01
8.299999999999867484e+00 1.182539012267634693e+00 -1.530455444691951605e-01 8.048473954766437455e-01 2.601465827908870487e+00 2.102563849310108424e+00 -1.075473232572220772e-01
8.309999999999867271e+00 1.183231289835415367e+00 -1.536920856811103686e-01 8.023474566434407595e-01 2.602512718889482546e+00 2.102010393779965458e+00 -1.074933387333885382e-01
8.309999999999867271e+00 1.183231289835415367e+00 -1.536920856811103686e-01 8.023474566434407595e-01 2.602512718889482546e+00 2.102010393779965458e+00 -1.074933387333885382e-01
8.319999999999867057e+00 1.183916540660646444e+00 -1.543411774362214994e-01 7.998499269227141717e-01 2.603560788386440894e+00 2.101468185663955879e+00 -1.074504953694297577e-01
8.319999999999867057e+00 1.183916540660646444e+00 -1.543411774362214994e-01 7.998499269227141717e-01 2.603560788386440894e+00 2.101468185663955879e+00 -1.074504953694297577e-01
8.329999999999866844e+00 1.184594814866740453e+00 -1.549926961350204524e-01 7.973548336510231094e-01 2.604610368173331914e+00 2.100937210783232256e+00 -1.074106086958093176e-01
8.329999999999866844e+00 1.184594814866740453e+00 -1.549926961350204524e-01 7.973548336510231094e-01 2.604610368173331914e+00 2.100937210783232256e+00 -1.074106086958093176e-01
8.339999999999866631e+00 1.185266136068356291e+00 -1.556465691221076697e-01 7.948623734379436367e-01 2.605660990476073913e+00 2.100417972014666734e+00 -1.073814548352789167e-01
8.339999999999866631e+00 1.185266136068356291e+00 -1.556465691221076697e-01 7.948623734379436367e-01 2.605660990476073913e+00 2.100417972014666734e+00 -1.073814548352789167e-01
8.349999999999866418e+00 1.185930527508768595e+00 -1.563027188916847887e-01 7.923727207336996869e-01 2.606712483940279768e+00 2.099910941453616342e+00 -1.073636949322971518e-01
8.349999999999866418e+00 1.185930527508768595e+00 -1.563027188916847887e-01 7.923727207336996869e-01 2.606712483940279768e+00 2.099910941453616342e+00 -1.073636949322971518e-01
8.359999999999866205e+00 1.186588044772797002e+00 -1.569610152989081020e-01 7.898858746361888672e-01 2.607765236730578806e+00 2.099416030044065629e+00 -1.073483395906093402e-01
8.359999999999866205e+00 1.186588044772797002e+00 -1.569610152989081020e-01 7.898858746361888672e-01 2.607765236730578806e+00 2.099416030044065629e+00 -1.073483395906093402e-01
8.369999999999865992e+00 1.187238716261703964e+00 -1.576213811078655547e-01 7.874020104933798780e-01 2.608818805410503039e+00 2.098933673005726863e+00 -1.073429877923497006e-01
8.369999999999865992e+00 1.187238716261703964e+00 -1.576213811078655547e-01 7.874020104933798780e-01 2.608818805410503039e+00 2.098933673005726863e+00 -1.073429877923497006e-01
8.379999999999865778e+00 1.187882570079421107e+00 -1.582837345491288350e-01 7.849212827169851359e-01 2.609873036271745494e+00 2.098464275674308155e+00 -1.073482380591533336e-01
8.379999999999865778e+00 1.187882570079421107e+00 -1.582837345491288350e-01 7.849212827169851359e-01 2.609873036271745494e+00 2.098464275674308155e+00 -1.073482380591533336e-01
8.389999999999865565e+00 1.188519636389404166e+00 -1.589479909586469231e-01 7.824438335336776351e-01 2.610927818613565154e+00 2.098008211616786856e+00 -1.073638747814553152e-01
8.389999999999865565e+00 1.188519636389404166e+00 -1.589479909586469231e-01 7.824438335336776351e-01 2.610927818613565154e+00 2.098008211616786856e+00 -1.073638747814553152e-01
8.399999999999865352e+00 1.189149947592891499e+00 -1.596140631653591158e-01 7.799697946953403349e-01 2.611983055594004899e+00 2.097565823202271140e+00 -1.073895768059706102e-01
8.399999999999865352e+00 1.189149947592891499e+00 -1.596140631653591158e-01 7.799697946953403349e-01 2.611983055594004899e+00 2.097565823202271140e+00 -1.073895768059706102e-01
8.409999999999865139e+00 1.189773538265277653e+00 -1.602818617214850916e-01 7.774992883282669798e-01 2.613038660054615825e+00 2.097137422445473298e+00 -1.074249989984755183e-01
8.409999999999865139e+00 1.189773538265277653e+00 -1.602818617214850916e-01 7.774992883282669798e-01 2.613038660054615825e+00 2.097137422445473298e+00 -1.074249989984755183e-01
8.419999999999864926e+00 1.190390413929981239e+00 -1.609513469311446288e-01 7.750325978376422231e-01 2.614094032284278946e+00 2.096723829446919041e+00 -1.074784809248779671e-01
8.419999999999864926e+00 1.190390413929981239e+00 -1.609513469311446288e-01 7.750325978376422231e-01 2.614094032284278946e+00 2.096723829446919041e+00 -1.074784809248779671e-01
8.429999999999864713e+00 1.191000613320114976e+00 -1.616224184287714805e-01 7.725698003640724121e-01 2.615149432016424136e+00 2.096325266069051452e+00 -1.075418393790126825e-01
8.429999999999864713e+00 1.191000613320114976e+00 -1.616224184287714805e-01 7.725698003640724121e-01 2.615149432016424136e+00 2.096325266069051452e+00 -1.075418393790126825e-01
8.439999999999864500e+00 1.191604179297050203e+00 -1.622949762327701717e-01 7.701109760379009073e-01 2.616204849904354646e+00 2.095941925358827618e+00 -1.076138029606523577e-01
8.439999999999864500e+00 1.191604179297050203e+00 -1.622949762327701717e-01 7.701109760379009073e-01 2.616204849904354646e+00 2.095941925358827618e+00 -1.076138029606523577e-01
8.449999999999864286e+00 1.192201125093179881e+00 -1.629689724247120608e-01 7.676563746607313332e-01 2.617259725519629043e+00 2.095574516000660914e+00 -1.077025016460751994e-01
8.449999999999864286e+00 1.192201125093179881e+00 -1.629689724247120608e-01 7.676563746607313332e-01 2.617259725519629043e+00 2.095574516000660914e+00 -1.077025016460751994e-01
8.459999999999864073e+00 1.192791465702359721e+00 -1.636443514146218303e-01 7.652062141945060736e-01 2.618313824948477198e+00 2.095223691613295358e+00 -1.078083888950302355e-01
8.459999999999864073e+00 1.192791465702359721e+00 -1.636443514146218303e-01 7.652062141945060736e-01 2.618313824948477198e+00 2.095223691613295358e+00 -1.078083888950302355e-01
8.469999999999863860e+00 1.193375252004293952e+00 -1.643209978134488602e-01 7.627605128401786505e-01 2.619367501610653459e+00 2.094889502261173320e+00 -1.079223850805136192e-01
8.469999999999863860e+00 1.193375252004293952e+00 -1.643209978134488602e-01 7.627605128401786505e-01 2.619367501610653459e+00 2.094889502261173320e+00 -1.079223850805136192e-01
8.479999999999863647e+00 1.193952506361545485e+00 -1.649988525422972085e-01 7.603194764797794880e-01 2.620420275931563570e+00 2.094572520995955145e+00 -1.080516477818409538e-01
8.479999999999863647e+00 1.193952506361545485e+00 -1.649988525422972085e-01 7.603194764797794880e-01 2.620420275931563570e+00 2.094572520995955145e+00 -1.080516477818409538e-01
8.489999999999863434e+00 1.194523253017461206e+00 -1.656778497414930773e-01 7.578832827323662702e-01 2.621471959844094091e+00 2.094273267881090916e+00 -1.081964507012881660e-01
8.489999999999863434e+00 1.194523253017461206e+00 -1.656778497414930773e-01 7.578832827323662702e-01 2.621471959844094091e+00 2.094273267881090916e+00 -1.081964507012881660e-01
8.499999999999863221e+00 1.195087519761211636e+00 -1.663579186593301118e-01 7.554520903902542939e-01 2.622522415122779726e+00 2.093992209355461931e+00 -1.083562717177325163e-01
8.499999999999863221e+00 1.195087519761211636e+00 -1.663579186593301118e-01 7.554520903902542939e-01 2.622522415122779726e+00 2.093992209355461931e+00 -1.083562717177325163e-01
8.509999999999863007e+00 1.195645305316204832e+00 -1.670390401161363503e-01 7.530262260740193669e-01 2.623570987592791948e+00 2.093730311889840046e+00 -1.085390387692441450e-01
8.509999999999863007e+00 1.195645305316204832e+00 -1.670390401161363503e-01 7.530262260740193669e-01 2.623570987592791948e+00 2.093730311889840046e+00 -1.085390387692441450e-01
8.519999999999862794e+00 1.196196645327830765e+00 -1.677211273167774352e-01 7.506057865742871149e-01 2.624617903749002057e+00 2.093487904828770674e+00 -1.087364080364819074e-01
8.519999999999862794e+00 1.196196645327830765e+00 -1.677211273167774352e-01 7.506057865742871149e-01 2.624617903749002057e+00 2.093487904828770674e+00 -1.087364080364819074e-01
8.529999999999862581e+00 1.196741547414059026e+00 -1.684041489513478929e-01 7.481910534163181969e-01 2.625662592428436692e+00 2.093265823202215437e+00 -1.089553695166529390e-01
8.529999999999862581e+00 1.196741547414059026e+00 -1.684041489513478929e-01 7.481910534163181969e-01 2.625662592428436692e+00 2.093265823202215437e+00 -1.089553695166529390e-01
8.539999999999862368e+00 1.197280023213257438e+00 -1.690880636262640513e-01 7.457822688277226941e-01 2.626704787806485086e+00 2.093064822764718613e+00 -1.091959857095732844e-01
8.539999999999862368e+00 1.197280023213257438e+00 -1.690880636262640513e-01 7.457822688277226941e-01 2.626704787806485086e+00 2.093064822764718613e+00 -1.091959857095732844e-01
8.549999999999862155e+00 1.197812089739826558e+00 -1.697728220104626762e-01 7.433796460541860496e-01 2.627744286043418143e+00 2.092885579996893064e+00 -1.094575136737181154e-01
8.549999999999862155e+00 1.197812089739826558e+00 -1.697728220104626762e-01 7.433796460541860496e-01 2.627744286043418143e+00 2.092885579996893064e+00 -1.094575136737181154e-01
8.559999999999861942e+00 1.198337769344297588e+00 -1.704583675666622722e-01 7.409833722439371773e-01 2.628780915928424555e+00 2.092728693816396479e+00 -1.097390900853442708e-01
8.559999999999861942e+00 1.198337769344297588e+00 -1.704583675666622722e-01 7.409833722439371773e-01 2.628780915928424555e+00 2.092728693816396479e+00 -1.097390900853442708e-01
8.569999999999861728e+00 1.198857089521360608e+00 -1.711446370981364040e-01 7.385936103936497910e-01 2.629814533579530877e+00 2.092594687561339040e+00 -1.100398095966241552e-01
8.569999999999861728e+00 1.198857089521360608e+00 -1.711446370981364040e-01 7.385936103936497910e-01 2.629814533579530877e+00 2.092594687561339040e+00 -1.100398095966241552e-01
8.579999999999861515e+00 1.199370082700172091e+00 -1.718315612518717117e-01 7.362105010937236571e-01 2.630845019984549005e+00 2.092484011084031703e+00 -1.103587356851161716e-01
8.579999999999861515e+00 1.199370082700172091e+00 -1.718315612518717117e-01 7.362105010937236571e-01 2.630845019984549005e+00 2.092484011084031703e+00 -1.103587356851161716e-01
8.589999999999861302e+00 1.199876752138075986e+00 -1.725191248433035895e-01 7.338343627480239384e-01 2.631871721783435980e+00 2.092397606673924493e+00 -1.107033619511103989e-01
8.589999999999861302e+00 1.199876752138075986e+00 -1.725191248433035895e-01 7.338343627480239384e-01 2.631871721783435980e+00 2.092397606673924493e+00 -1.107033619511103989e-01
8.599999999999861089e+00 1.200377106919905623e+00 -1.732072994041355118e-01 7.314654636265732757e-01 2.632894329816896750e+00 2.092336312817813848e+00 -1.110735465479043144e-01
8.599999999999861089e+00 1.200377106919905623e+00 -1.732072994041355118e-01 7.314654636265732757e-01 2.632894329816896750e+00 2.092336312817813848e+00 -1.110735465479043144e-01
8.609999999999860876e+00 1.200871163060547309e+00 -1.738960457269000670e-01 7.291040338147773969e-01 2.633912610481822902e+00 2.092300865036432977e+00 -1.114682681903899492e-01
8.609999999999860876e+00 1.200871163060547309e+00 -1.738960457269000670e-01 7.291040338147773969e-01 2.633912610481822902e+00 2.092300865036432977e+00 -1.114682681903899492e-01
8.619999999999860663e+00 1.201358908860632013e+00 -1.745853774703497452e-01 7.267504762840938382e-01 2.634925806977944873e+00 2.092292468266568228e+00 -1.118948015780159705e-01
8.619999999999860663e+00 1.201358908860632013e+00 -1.745853774703497452e-01 7.267504762840938382e-01 2.634925806977944873e+00 2.092292468266568228e+00 -1.118948015780159705e-01
8.629999999999860449e+00 1.201840374899045605e+00 -1.752752358399359278e-01 7.244049388916310450e-01 2.635934114183144050e+00 2.092311626426257565e+00 -1.123440932388090896e-01
8.629999999999860449e+00 1.201840374899045605e+00 -1.752752358399359278e-01 7.244049388916310450e-01 2.635934114183144050e+00 2.092311626426257565e+00 -1.123440932388090896e-01
8.639999999999860236e+00 1.202315703630646215e+00 -1.759653380203513029e-01 7.220668610947840182e-01 2.636939095370184116e+00 2.092357043927501437e+00 -1.127901569554641825e-01
8.639999999999860236e+00 1.202315703630646215e+00 -1.759653380203513029e-01 7.220668610947840182e-01 2.636939095370184116e+00 2.092357043927501437e+00 -1.127901569554641825e-01
8.649999999999860023e+00 1.202785032429284584e+00 -1.766554917058030805e-01 7.197359193160042246e-01 2.637941532472604766e+00 2.092427500240707783e+00 -1.132274884911552565e-01
8.649999999999860023e+00 1.202785032429284584e+00 -1.766554917058030805e-01 7.197359193160042246e-01 2.637941532472604766e+00 2.092427500240707783e+00 -1.132274884911552565e-01
8.659999999999859810e+00 1.203248529727144023e+00 -1.773454160584868045e-01 7.174115468309997246e-01 2.638942384566071109e+00 2.092521273622124145e+00 -1.136487398454909120e-01
8.659999999999859810e+00 1.203248529727144023e+00 -1.773454160584868045e-01 7.174115468309997246e-01 2.638942384566071109e+00 2.092521273622124145e+00 -1.136487398454909120e-01
8.669999999999859597e+00 1.203706327666578257e+00 -1.780348417547004680e-01 7.150932959410187806e-01 2.639941541406534142e+00 2.092637253208745829e+00 -1.140632111581319913e-01
8.669999999999859597e+00 1.203706327666578257e+00 -1.780348417547004680e-01 7.150932959410187806e-01 2.639941541406534142e+00 2.092637253208745829e+00 -1.140632111581319913e-01
8.679999999999859384e+00 1.204158580715910087e+00 -1.787235271598808239e-01 7.127807225624063214e-01 2.640939899853279815e+00 2.092773884439721677e+00 -1.144615796179743461e-01
8.679999999999859384e+00 1.204158580715910087e+00 -1.787235271598808239e-01 7.127807225624063214e-01 2.640939899853279815e+00 2.092773884439721677e+00 -1.144615796179743461e-01
8.689999999999859170e+00 1.204605436500574500e+00 -1.794112519752089629e-01 7.104734566556375475e-01 2.641937949157687093e+00 2.092929710376458363e+00 -1.148428804856127111e-01
8.689999999999859170e+00 1.204605436500574500e+00 -1.794112519752089629e-01 7.104734566556375475e-01 2.641937949157687093e+00 2.092929710376458363e+00 -1.148428804856127111e-01
8.699999999999858957e+00 1.205047035371252351e+00 -1.800978132998744541e-01 7.081711851244929523e-01 2.642936072938963932e+00 2.093103366940338717e+00 -1.152070471355722409e-01
8.699999999999858957e+00 1.205047035371252351e+00 -1.800978132998744541e-01 7.081711851244929523e-01 2.642936072938963932e+00 2.093103366940338717e+00 -1.152070471355722409e-01
8.709999999999858744e+00 1.205483475665252158e+00 -1.807831900493466204e-01 7.058740775877482276e-01 2.643934390416675662e+00 2.093294093789900945e+00 -1.155572495646739750e-01
8.709999999999858744e+00 1.205483475665252158e+00 -1.807831900493466204e-01 7.058740775877482276e-01 2.643934390416675662e+00 2.093294093789900945e+00 -1.155572495646739750e-01
8.719999999999858531e+00 1.205914887848333672e+00 -1.814671914193469182e-01 7.035818645825703266e-01 2.644933299855986686e+00 2.093500650075088121e+00 -1.158906680535602141e-01
8.719999999999858531e+00 1.205914887848333672e+00 -1.814671914193469182e-01 7.035818645825703266e-01 2.644933299855986686e+00 2.093500650075088121e+00 -1.158906680535602141e-01
8.729999999999858318e+00 1.206341396317674786e+00 -1.821496410302162194e-01 7.012943234467592379e-01 2.645933046797596777e+00 2.093721874730194887e+00 -1.162070355843671382e-01
8.729999999999858318e+00 1.206341396317674786e+00 -1.821496410302162194e-01 7.012943234467592379e-01 2.645933046797596777e+00 2.093721874730194887e+00 -1.162070355843671382e-01
8.739999999999858105e+00 1.206763119592127786e+00 -1.828303749743613038e-01 6.990112704708733027e-01 2.646933819944430777e+00 2.093956681894578509e+00 -1.165063573900920746e-01
8.739999999999858105e+00 1.206763119592127786e+00 -1.828303749743613038e-01 6.990112704708733027e-01 2.646933819944430777e+00 2.093956681894578509e+00 -1.165063573900920746e-01
8.749999999999857891e+00 1.207180170666845687e+00 -1.835092405835573315e-01 6.967325564418324069e-01 2.647935766380625555e+00 2.094204056350984722e+00 -1.167886655651887845e-01
8.749999999999857891e+00 1.207180170666845687e+00 -1.835092405835573315e-01 6.967325564418324069e-01 2.647935766380625555e+00 2.094204056350984722e+00 -1.167886655651887845e-01
8.759999999999857678e+00 1.207592657360517796e+00 -1.841860953805098122e-01 6.944580629354276669e-01 2.648938997563057729e+00 2.094463049213481476e+00 -1.170539928441094307e-01
8.759999999999857678e+00 1.207592657360517796e+00 -1.841860953805098122e-01 6.944580629354276669e-01 2.648938997563057729e+00 2.094463049213481476e+00 -1.170539928441094307e-01
8.769999999999857465e+00 1.208000682640066437e+00 -1.848608061459009744e-01 6.921876990330759760e-01 2.649943593838315348e+00 2.094732773873460463e+00 -1.173023699703665268e-01
8.769999999999857465e+00 1.208000682640066437e+00 -1.848608061459009744e-01 6.921876990330759760e-01 2.649943593838315348e+00 2.094732773873460463e+00 -1.173023699703665268e-01
8.779999999999857252e+00 1.208404326561389963e+00 -1.855331521590980748e-01 6.899212269235408534e-01 2.650948885949269140e+00 2.095012765173250191e+00 -1.175437770891167716e-01
8.779999999999857252e+00 1.208404326561389963e+00 -1.855331521590980748e-01 6.899212269235408534e-01 2.650948885949269140e+00 2.095012765173250191e+00 -1.175437770891167716e-01
8.789999999999857039e+00 1.208803684760992203e+00 -1.862030222416858061e-01 6.876586028031385078e-01 2.651955311441846597e+00 2.095302219923966813e+00 -1.177688794428632252e-01
8.789999999999857039e+00 1.208803684760992203e+00 -1.862030222416858061e-01 6.876586028031385078e-01 2.651955311441846597e+00 2.095302219923966813e+00 -1.177688794428632252e-01
8.799999999999856826e+00 1.209198849013499277e+00 -1.868703150523435552e-01 6.853998161586278837e-01 2.652962954516929983e+00 2.095600387898967298e+00 -1.179766973613401021e-01
8.799999999999856826e+00 1.209198849013499277e+00 -1.868703150523435552e-01 6.853998161586278837e-01 2.652962954516929983e+00 2.095600387898967298e+00 -1.179766973613401021e-01
8.809999999999856612e+00 1.209589907213773463e+00 -1.875349361505841972e-01 6.831448764540724028e-01 2.653971843245586104e+00 2.095906569141801512e+00 -1.181671477512072493e-01
8.809999999999856612e+00 1.209589907213773463e+00 -1.875349361505841972e-01 6.831448764540724028e-01 2.653971843245586104e+00 2.095906569141801512e+00 -1.181671477512072493e-01
8.819999999999856399e+00 1.209976943592677934e+00 -1.881967971560241926e-01 6.808938098808242634e-01 2.654981983888790698e+00 2.096220110927910607e+00 -1.183402428589711980e-01
8.819999999999856399e+00 1.209976943592677934e+00 -1.881967971560241926e-01 6.808938098808242634e-01 2.654981983888790698e+00 2.096220110927910607e+00 -1.183402428589711980e-01
8.829999999999856186e+00 1.210360038937760452e+00 -1.888558151905898597e-01 6.786466573925572510e-01 2.655993366680175605e+00 2.096540404860666840e+00 -1.184960043439066829e-01
8.829999999999856186e+00 1.210360038937760452e+00 -1.888558151905898597e-01 6.786466573925572510e-01 2.655993366680175605e+00 2.096540404860666840e+00 -1.184960043439066829e-01
8.839999999999855973e+00 1.210739241663434829e+00 -1.895121178320139654e-01 6.764039899512215293e-01 2.657005968547962116e+00 2.096867278206925089e+00 -1.186340282064192592e-01
8.839999999999855973e+00 1.210739241663434829e+00 -1.895121178320139654e-01 6.764039899512215293e-01 2.657005968547962116e+00 2.096867278206925089e+00 -1.186340282064192592e-01
8.849999999999855760e+00 1.211114629914882723e+00 -1.901656012214464342e-01 6.741657943441132783e-01 2.658019737083381351e+00 2.097200163180639620e+00 -1.187550788012763231e-01
8.849999999999855760e+00 1.211114629914882723e+00 -1.901656012214464342e-01 6.741657943441132783e-01 2.658019737083381351e+00 2.097200163180639620e+00 -1.187550788012763231e-01
8.859999999999855547e+00 1.211486278724722476e+00 -1.908161671242266377e-01 6.719320716269820970e-01 2.659034631861776798e+00 2.097538531315073396e+00 -1.188592640117036997e-01
8.859999999999855547e+00 1.211486278724722476e+00 -1.908161671242266377e-01 6.719320716269820970e-01 2.659034631861776798e+00 2.097538531315073396e+00 -1.188592640117036997e-01
8.869999999999855333e+00 1.211854260192120281e+00 -1.914637226759997313e-01 6.697028364910603271e-01 2.660050603239507261e+00 2.097881891012522093e+00 -1.189466204058967219e-01
8.869999999999855333e+00 1.211854260192120281e+00 -1.914637226759997313e-01 6.697028364910603271e-01 2.660050603239507261e+00 2.097881891012522093e+00 -1.189466204058967219e-01
8.879999999999855120e+00 1.212218631460977969e+00 -1.921080509357525057e-01 6.674778510885097660e-01 2.661066965363524606e+00 2.098230051615547431e+00 -1.190259274830463981e-01
8.879999999999855120e+00 1.212218631460977969e+00 -1.921080509357525057e-01 6.674778510885097660e-01 2.661066965363524606e+00 2.098230051615547431e+00 -1.190259274830463981e-01
8.889999999999854907e+00 1.212579459787215264e+00 -1.927491000719623870e-01 6.652572173771672537e-01 2.662084047099343209e+00 2.098582571793016882e+00 -1.190883270288656676e-01
8.889999999999854907e+00 1.212579459787215264e+00 -1.927491000719623870e-01 6.652572173771672537e-01 2.662084047099343209e+00 2.098582571793016882e+00 -1.190883270288656676e-01
8.899999999999854694e+00 1.212936782799021396e+00 -1.933870509777288749e-01 6.630416232069167304e-01 2.663101928739015190e+00 2.098939387852650107e+00 -1.191310297433705867e-01
8.899999999999854694e+00 1.212936782799021396e+00 -1.933870509777288749e-01 6.630416232069167304e-01 2.663101928739015190e+00 2.098939387852650107e+00 -1.191310297433705867e-01
8.909999999999854481e+00 1.213290667542753498e+00 -1.940217904867816145e-01 6.608310264228473008e-01 2.664120434384654512e+00 2.099300073231052721e+00 -1.191571176197125798e-01
8.909999999999854481e+00 1.213290667542753498e+00 -1.940217904867816145e-01 6.608310264228473008e-01 2.664120434384654512e+00 2.099300073231052721e+00 -1.191571176197125798e-01
8.919999999999854268e+00 1.213641166811392447e+00 -1.946531118201013100e-01 6.586251961883395900e-01 2.665138972870537248e+00 2.099664476205318486e+00 -1.191740916221472879e-01
8.919999999999854268e+00 1.213641166811392447e+00 -1.946531118201013100e-01 6.586251961883395900e-01 2.665138972870537248e+00 2.099664476205318486e+00 -1.191740916221472879e-01
8.929999999999854055e+00 1.213988320078634997e+00 -1.952811268512131271e-01 6.564246543184725224e-01 2.666157731990973723e+00 2.100032520836660588e+00 -1.191740981748565242e-01
8.929999999999854055e+00 1.213988320078634997e+00 -1.952811268512131271e-01 6.564246543184725224e-01 2.666157731990973723e+00 2.100032520836660588e+00 -1.191740981748565242e-01
8.939999999999853841e+00 1.214332194152079492e+00 -1.959056536611676058e-01 6.542291885121986894e-01 2.667176503737891391e+00 2.100403797143312712e+00 -1.191597934940507031e-01
8.939999999999853841e+00 1.214332194152079492e+00 -1.959056536611676058e-01 6.542291885121986894e-01 2.667176503737891391e+00 2.100403797143312712e+00 -1.191597934940507031e-01
8.949999999999853628e+00 1.214672858049682391e+00 -1.965267570995001267e-01 6.520391208167670705e-01 2.668196007980339512e+00 2.100777745528549012e+00 -1.191202146072998930e-01
8.949999999999853628e+00 1.214672858049682391e+00 -1.965267570995001267e-01 6.520391208167670705e-01 2.668196007980339512e+00 2.100777745528549012e+00 -1.191202146072998930e-01
8.959999999999853415e+00 1.215010391411398105e+00 -1.971441385097863486e-01 6.498539418563231695e-01 2.669215779540879740e+00 2.101153763629485915e+00 -1.190653688793974346e-01
8.959999999999853415e+00 1.215010391411398105e+00 -1.971441385097863486e-01 6.498539418563231695e-01 2.669215779540879740e+00 2.101153763629485915e+00 -1.190653688793974346e-01
8.969999999999853202e+00 1.215344847609985068e+00 -1.977577187478172516e-01 6.476736908355106292e-01 2.670235732840530396e+00 2.101531589720955218e+00 -1.189945488954070180e-01
8.969999999999853202e+00 1.215344847609985068e+00 -1.977577187478172516e-01 6.476736908355106292e-01 2.670235732840530396e+00 2.101531589720955218e+00 -1.189945488954070180e-01
8.979999999999852989e+00 1.215676281614809229e+00 -1.983676664504032683e-01 6.454989678328841851e-01 2.671256428096770108e+00 2.101910818552611637e+00 -1.188976332355191484e-01
8.979999999999852989e+00 1.215676281614809229e+00 -1.983676664504032683e-01 6.454989678328841851e-01 2.671256428096770108e+00 2.101910818552611637e+00 -1.188976332355191484e-01
8.989999999999852776e+00 1.216004739092284792e+00 -1.989739635954404229e-01 6.433299620749782788e-01 2.672277473374233381e+00 2.102291260426768282e+00 -1.187821468404571396e-01
8.989999999999852776e+00 1.216004739092284792e+00 -1.989739635954404229e-01 6.433299620749782788e-01 2.672277473374233381e+00 2.102291260426768282e+00 -1.187821468404571396e-01
8.999999999999852562e+00 1.216330288023214967e+00 -1.995763352336765439e-01 6.411662185004273207e-01 2.673298580724641216e+00 2.102672469916579079e+00 -1.186526548915026597e-01
8.999999999999852562e+00 1.216330288023214967e+00 -1.995763352336765439e-01 6.411662185004273207e-01 2.673298580724641216e+00 2.102672469916579079e+00 -1.186526548915026597e-01
9.009999999999852349e+00 1.216652971830595620e+00 -2.001747437583044076e-01 6.390078747341116916e-01 2.674319701613678379e+00 2.103054304103260108e+00 -1.185069537525853117e-01
9.009999999999852349e+00 1.216652971830595620e+00 -2.001747437583044076e-01 6.390078747341116916e-01 2.674319701613678379e+00 2.103054304103260108e+00 -1.185069537525853117e-01
9.019999999999852136e+00 1.216972832530955007e+00 -2.007691538143044629e-01 6.368550724095592974e-01 2.675340711524941462e+00 2.103436632982401022e+00 -1.183448307062913984e-01
9.019999999999852136e+00 1.216972832530955007e+00 -2.007691538143044629e-01 6.368550724095592974e-01 2.675340711524941462e+00 2.103436632982401022e+00 -1.183448307062913984e-01
9.029999999999851923e+00 1.217289911014281190e+00 -2.013595316761905007e-01 6.347079543646902966e-01 2.676361480938693749e+00 2.103819338491569102e+00 -1.181662858790505227e-01
9.029999999999851923e+00 1.217289911014281190e+00 -2.013595316761905007e-01 6.347079543646902966e-01 2.676361480938693749e+00 2.103819338491569102e+00 -1.181662858790505227e-01
9.039999999999851710e+00 1.217604247118376781e+00 -2.019458451939426524e-01 6.325666644123643101e-01 2.677381882724015671e+00 2.104202313723831264e+00 -1.179713425681412076e-01
9.039999999999851710e+00 1.217604247118376781e+00 -2.019458451939426524e-01 6.325666644123643101e-01 2.677381882724015671e+00 2.104202313723831264e+00 -1.179713425681412076e-01
9.049999999999851497e+00 1.217915879677463176e+00 -2.025280637982469767e-01 6.304313473805697177e-01 2.678401792749932397e+00 2.104585462203258484e+00 -1.177600270603791355e-01
9.049999999999851497e+00 1.217915879677463176e+00 -2.025280637982469767e-01 6.304313473805697177e-01 2.678401792749932397e+00 2.104585462203258484e+00 -1.177600270603791355e-01
9.059999999999851283e+00 1.218224848140677219e+00 -2.031063846713130616e-01 6.283026724899282156e-01 2.679421619658543641e+00 2.104968576354104837e+00 -1.175240594032130326e-01
9.059999999999851283e+00 1.218224848140677219e+00 -2.031063846713130616e-01 6.283026724899282156e-01 2.679421619658543641e+00 2.104968576354104837e+00 -1.175240594032130326e-01
9.069999999999851070e+00 1.218531187000929883e+00 -2.036807931407187688e-01 6.261808218053980246e-01 2.680440972420485402e+00 2.105351596715866691e+00 -1.172704648939622424e-01
9.069999999999851070e+00 1.218531187000929883e+00 -2.036807931407187688e-01 6.261808218053980246e-01 2.680440972420485402e+00 2.105351596715866691e+00 -1.172704648939622424e-01
9.079999999999850857e+00 1.218834931044699754e+00 -2.042512731065932730e-01 6.240659664286265507e-01 2.681459713952713653e+00 2.105734470120582014e+00 -1.170000201883099056e-01
9.079999999999850857e+00 1.218834931044699754e+00 -2.042512731065932730e-01 6.240659664286265507e-01 2.681459713952713653e+00 2.105734470120582014e+00 -1.170000201883099056e-01
9.089999999999850644e+00 1.219136114435653839e+00 -2.048178091614031304e-01 6.219582759396381499e-01 2.682477736251289713e+00 2.106117149940788913e+00 -1.167128375488163256e-01
9.089999999999850644e+00 1.219136114435653839e+00 -2.048178091614031304e-01 6.219582759396381499e-01 2.682477736251289713e+00 2.106117149940788913e+00 -1.167128375488163256e-01
9.099999999999850431e+00 1.219434770637084275e+00 -2.053803868442401204e-01 6.198579195162193800e-01 2.683494936229013028e+00 2.106499595715865869e+00 -1.164089595565351715e-01
9.099999999999850431e+00 1.219434770637084275e+00 -2.053803868442401204e-01 6.198579195162193800e-01 2.683494936229013028e+00 2.106499595715865869e+00 -1.164089595565351715e-01
9.109999999999850218e+00 1.219730932425765024e+00 -2.059389926921634251e-01 6.177650661527477327e-01 2.684511212959229898e+00 2.106881772732801750e+00 -1.160884224458241659e-01
9.109999999999850218e+00 1.219730932425765024e+00 -2.059389926921634251e-01 6.177650661527477327e-01 2.684511212959229898e+00 2.106881772732801750e+00 -1.160884224458241659e-01
9.119999999999850004e+00 1.220024631914538027e+00 -2.064936142670781294e-01 6.156798847730317048e-01 2.685526467214466528e+00 2.107263651624701861e+00 -1.157512628656803544e-01
9.119999999999850004e+00 1.220024631914538027e+00 -2.064936142670781294e-01 6.156798847730317048e-01 2.685526467214466528e+00 2.107263651624701861e+00 -1.157512628656803544e-01
9.129999999999849791e+00 1.220315900574569845e+00 -2.070442401774975349e-01 6.136025443228994014e-01 2.686540601262498829e+00 2.107645207992776548e+00 -1.153975186183571894e-01
9.129999999999849791e+00 1.220315900574569845e+00 -2.070442401774975349e-01 6.136025443228994014e-01 2.686540601262498829e+00 2.107645207992776548e+00 -1.153975186183571894e-01
9.139999999999849578e+00 1.220604769256352196e+00 -2.075908600974618878e-01 6.115332138524188776e-01 2.687553518701825350e+00 2.108026422051200832e+00 -1.150272287555433037e-01
9.139999999999849578e+00 1.220604769256352196e+00 -2.075908600974618878e-01 6.115332138524188776e-01 2.687553518701825350e+00 2.108026422051200832e+00 -1.150272287555433037e-01
9.149999999999849365e+00 1.220891268209415070e+00 -2.081334647830390405e-01 6.094720625894644028e-01 2.688565124312389365e+00 2.108407278293582543e+00 -1.146404336046477346e-01
9.149999999999849365e+00 1.220891268209415070e+00 -2.081334647830390405e-01 6.094720625894644028e-01 2.688565124312389365e+00 2.108407278293582543e+00 -1.146404336046477346e-01
9.159999999999849152e+00 1.221175444515002928e+00 -2.086717581437993740e-01 6.074185453752612984e-01 2.689575096195328197e+00 2.108787591679423201e+00 -1.142426945652239012e-01
9.159999999999849152e+00 1.221175444515002928e+00 -2.086717581437993740e-01 6.074185453752612984e-01 2.689575096195328197e+00 2.108787591679423201e+00 -1.142426945652239012e-01
9.169999999999848939e+00 1.221457327006892024e+00 -2.092057381963693674e-01 6.053728486530080000e-01 2.690583490299942593e+00 2.109167368393213504e+00 -1.138294634738419714e-01
9.169999999999848939e+00 1.221457327006892024e+00 -2.092057381963693674e-01 6.053728486530080000e-01 2.690583490299942593e+00 2.109167368393213504e+00 -1.138294634738419714e-01
9.179999999999848725e+00 1.221736943108210349e+00 -2.097354050309881146e-01 6.033351637148059998e-01 2.691590201826864703e+00 2.109546617917591682e+00 -1.134002891262404084e-01
9.179999999999848725e+00 1.221736943108210349e+00 -2.097354050309881146e-01 6.033351637148059998e-01 2.691590201826864703e+00 2.109546617917591682e+00 -1.134002891262404084e-01
9.189999999999848512e+00 1.222014319693098150e+00 -2.102607594570928551e-01 6.013056807294524519e-01 2.692595113020594955e+00 2.109925352102038243e+00 -1.129551564211286885e-01
9.189999999999848512e+00 1.222014319693098150e+00 -2.102607594570928551e-01 6.013056807294524519e-01 2.692595113020594955e+00 2.109925352102038243e+00 -1.129551564211286885e-01
9.199999999999848299e+00 1.222289483186072889e+00 -2.107818029397268422e-01 5.992845884040349791e-01 2.693598108416360937e+00 2.110303584900038665e+00 -1.124940977192772085e-01
9.199999999999848299e+00 1.222289483186072889e+00 -2.107818029397268422e-01 5.992845884040349791e-01 2.693598108416360937e+00 2.110303584900038665e+00 -1.124940977192772085e-01
9.209999999999848086e+00 1.222562459578182548e+00 -2.112985376639341661e-01 5.972720742117866299e-01 2.694599076049925657e+00 2.110681332189196624e+00 -1.120171516137208889e-01
9.209999999999848086e+00 1.222562459578182548e+00 -2.112985376639341661e-01 5.972720742117866299e-01 2.694599076049925657e+00 2.110681332189196624e+00 -1.120171516137208889e-01
9.219999999999847873e+00 1.222833274433945183e+00 -2.118109666039172112e-01 5.952683246495270586e-01 2.695597907217680778e+00 2.111058611609438529e+00 -1.115243585709166513e-01
9.219999999999847873e+00 1.222833274433945183e+00 -2.118109666039172112e-01 5.952683246495270586e-01 2.695597907217680778e+00 2.111058611609438529e+00 -1.115243585709166513e-01
9.229999999999847660e+00 1.223101952897121869e+00 -2.123190935846929195e-01 5.932735254706189565e-01 2.696594496119862239e+00 2.111435442411710994e+00 -1.110157604824242583e-01
9.229999999999847660e+00 1.223101952897121869e+00 -2.123190935846929195e-01 5.932735254706189565e-01 2.696594496119862239e+00 2.111435442411710994e+00 -1.110157604824242583e-01
9.239999999999847446e+00 1.223368519696184098e+00 -2.128229233357425143e-01 5.912878618904755523e-01 2.697588739524676260e+00 2.111811845315877623e+00 -1.104914006299756168e-01
9.239999999999847446e+00 1.223368519696184098e+00 -2.128229233357425143e-01 5.912878618904755523e-01 2.697588739524676260e+00 2.111811845315877623e+00 -1.104914006299756168e-01
9.249999999999847233e+00 1.223632999149564249e+00 -2.133224615373224553e-01 5.893115187668119814e-01 2.698580536464607604e+00 2.112187842377239999e+00 -1.099513236930903110e-01
9.249999999999847233e+00 1.223632999149564249e+00 -2.133224615373224553e-01 5.893115187668119814e-01 2.698580536464607604e+00 2.112187842377239999e+00 -1.099513236930903110e-01
9.259999999999847020e+00 1.223895415170693113e+00 -2.138177148601564104e-01 5.873446807571239825e-01 2.699569787963104428e+00 2.112563456861204170e+00 -1.093955757600025003e-01
9.259999999999847020e+00 1.223895415170693113e+00 -2.138177148601564104e-01 5.873446807571239825e-01 2.699569787963104428e+00 2.112563456861204170e+00 -1.093955757600025003e-01
9.269999999999846807e+00 1.224155791272822258e+00 -2.143086909991668010e-01 5.853875324556780946e-01 2.700556396788751368e+00 2.112938713125652512e+00 -1.088242043378200852e-01
9.269999999999846807e+00 1.224155791272822258e+00 -2.143086909991668010e-01 5.853875324556780946e-01 2.700556396788751368e+00 2.112938713125652512e+00 -1.088242043378200852e-01
9.279999999999846594e+00 1.224414150573629012e+00 -2.147953987018387523e-01 5.834402585120673779e-01 2.701540267234213477e+00 2.113313636510601334e+00 -1.082372583615565376e-01
9.279999999999846594e+00 1.224414150573629012e+00 -2.147953987018387523e-01 5.834402585120673779e-01 2.701540267234213477e+00 2.113313636510601334e+00 -1.082372583615565376e-01
9.289999999999846381e+00 1.224670515799604731e+00 -2.152778477917483835e-01 5.815030437331761837e-01 2.702521304917493872e+00 2.113688253234747627e+00 -1.076347882020642355e-01
9.289999999999846381e+00 1.224670515799604731e+00 -2.152778477917483835e-01 5.815030437331761837e-01 2.702521304917493872e+00 2.113688253234747627e+00 -1.076347882020642355e-01
9.299999999999846167e+00 1.224924909290226793e+00 -2.157560491877329734e-01 5.795760731702055413e-01 2.703499416603311722e+00 2.114062590298530164e+00 -1.070168456729334444e-01
9.299999999999846167e+00 1.224924909290226793e+00 -2.157560491877329734e-01 5.795760731702055413e-01 2.703499416603311722e+00 2.114062590298530164e+00 -1.070168456729334444e-01
9.309999999999845954e+00 1.225177353001917879e+00 -2.162300149191309639e-01 5.776595321922416426e-01 2.704474510042623070e+00 2.114436675393350562e+00 -1.063834840364199369e-01
9.309999999999845954e+00 1.225177353001917879e+00 -2.162300149191309639e-01 5.776595321922416426e-01 2.704474510042623070e+00 2.114436675393350562e+00 -1.063834840364199369e-01
9.319999999999845741e+00 1.225427868511795415e+00 -2.166997581374760229e-01 5.757536065476952514e-01 2.705446493828520538e+00 2.114810536816620345e+00 -1.057347580084594535e-01
9.319999999999845741e+00 1.225427868511795415e+00 -2.166997581374760229e-01 5.757536065476952514e-01 2.705446493828520538e+00 2.114810536816620345e+00 -1.057347580084594535e-01
9.329999999999845528e+00 1.225676477021214739e+00 -2.171652931249891116e-01 5.738584824148008634e-01 2.706415277266930097e+00 2.115184203392312501e+00 -1.050707237628228236e-01
9.329999999999845528e+00 1.225676477021214739e+00 -2.171652931249891116e-01 5.738584824148008634e-01 2.706415277266930097e+00 2.115184203392312501e+00 -1.050707237628228236e-01
9.339999999999845315e+00 1.225923193501710085e+00 -2.176269189632702994e-01 5.719750435156849555e-01 2.707381086546554183e+00 2.115557695099302915e+00 -1.043845447808311871e-01
9.339999999999845315e+00 1.225923193501710085e+00 -2.176269189632702994e-01 5.719750435156849555e-01 2.707381086546554183e+00 2.115557695099302915e+00 -1.043845447808311871e-01
9.349999999999845102e+00 1.226168036691220653e+00 -2.180846439812487436e-01 5.701034552754535856e-01 2.708343612649299015e+00 2.115931046193259668e+00 -1.036823169422285557e-01
9.349999999999845102e+00 1.226168036691220653e+00 -2.180846439812487436e-01 5.701034552754535856e-01 2.708343612649299015e+00 2.115931046193259668e+00 -1.036823169422285557e-01
9.359999999999844889e+00 1.226411026768287282e+00 -2.185384760000255999e-01 5.682438762517090236e-01 2.709302764739778269e+00 2.116304289131291760e+00 -1.029647423421883867e-01
9.359999999999844889e+00 1.226411026768287282e+00 -2.185384760000255999e-01 5.682438762517090236e-01 2.709302764739778269e+00 2.116304289131291760e+00 -1.029647423421883867e-01
9.369999999999844675e+00 1.226652183731604229e+00 -2.189884243761123228e-01 5.663964668044653150e-01 2.710258472318904044e+00 2.116677456087697973e+00 -1.022319551710653973e-01
9.369999999999844675e+00 1.226652183731604229e+00 -2.189884243761123228e-01 5.663964668044653150e-01 2.710258472318904044e+00 2.116677456087697973e+00 -1.022319551710653973e-01
9.379999999999844462e+00 1.226891527230617562e+00 -2.194345001483163637e-01 5.645613897905954470e-01 2.711210664582154983e+00 2.117050579084485129e+00 -1.014840310433898635e-01
9.379999999999844462e+00 1.226891527230617562e+00 -2.194345001483163637e-01 5.645613897905954470e-01 2.711210664582154983e+00 2.117050579084485129e+00 -1.014840310433898635e-01
9.389999999999844249e+00 1.227129076551203291e+00 -2.198767159894163825e-01 5.627388104341216613e-01 2.712159268467971618e+00 2.117423689975860945e+00 -1.007210407290888843e-01
9.389999999999844249e+00 1.227129076551203291e+00 -2.198767159894163825e-01 5.627388104341216613e-01 2.712159268467971618e+00 2.117423689975860945e+00 -1.007210407290888843e-01
9.399999999999844036e+00 1.227364850617532310e+00 -2.203150861424577056e-01 5.609288961275035179e-01 2.713104208655962246e+00 2.117796820419846071e+00 -9.994305581341922373e-02
9.399999999999844036e+00 1.227364850617532310e+00 -2.203150861424577056e-01 5.609288961275035179e-01 2.713104208655962246e+00 2.117796820419846071e+00 -9.994305581341922373e-02
9.409999999999843823e+00 1.227598867995283838e+00 -2.207496263601383124e-01 5.591318162418190685e-01 2.714045407749933858e+00 2.118170001851130024e+00 -9.915014928644355630e-02
9.409999999999843823e+00 1.227598867995283838e+00 -2.207496263601383124e-01 5.591318162418190685e-01 2.714045407749933858e+00 2.118170001851130024e+00 -9.915014928644355630e-02
9.419999999999843610e+00 1.227831146894656555e+00 -2.211803538487024656e-01 5.573477419522422371e-01 2.714982786461821451e+00 2.118543265456517055e+00 -9.834239559787091856e-02
9.419999999999843610e+00 1.227831146894656555e+00 -2.211803538487024656e-01 5.573477419522422371e-01 2.714982786461821451e+00 2.118543265456517055e+00 -9.834239559787091856e-02
9.429999999999843396e+00 1.228061705173044471e+00 -2.216072872160085028e-01 5.555768460778462980e-01 2.715916263779222906e+00 2.118916642152938401e+00 -9.751987065553588407e-02
9.429999999999843396e+00 1.228061705173044471e+00 -2.216072872160085028e-01 5.555768460778462980e-01 2.715916263779222906e+00 2.118916642152938401e+00 -9.751987065553588407e-02
9.439999999999843183e+00 1.228290560337394588e+00 -2.220304464233024411e-01 5.538193029341607065e-01 2.716845757116606030e+00 2.119290162567881275e+00 -9.668265181791420304e-02
9.439999999999843183e+00 1.228290560337394588e+00 -2.220304464233024411e-01 5.538193029341607065e-01 2.716845757116606030e+00 2.119290162567881275e+00 -9.668265181791420304e-02
9.449999999999842970e+00 1.228517729546275472e+00 -2.224498527402608283e-01 5.520752881970006909e-01 2.717771182451879319e+00 2.119663857022070719e+00 -9.583081788596907458e-02
9.449999999999842970e+00 1.228517729546275472e+00 -2.224498527402608283e-01 5.520752881970006909e-01 2.717771182451879319e+00 2.119663857022070719e+00 -9.583081788596907458e-02
9.459999999999842757e+00 1.228743229611684029e+00 -2.228655287029106258e-01 5.503449787762405565e-01 2.718692454450005958e+00 2.120037755514263544e+00 -9.496444909487145036e-02
9.459999999999842757e+00 1.228743229611684029e+00 -2.228655287029106258e-01 5.503449787762405565e-01 2.718692454450005958e+00 2.120037755514263544e+00 -9.496444909487145036e-02
9.469999999999842544e+00 1.228967077000616914e+00 -2.232774980740755977e-01 5.486285526983426530e-01 2.719609486575170543e+00 2.120411887708011367e+00 -9.408362710563962505e-02
9.469999999999842544e+00 1.228967077000616914e+00 -2.232774980740755977e-01 5.486285526983426530e-01 2.719609486575170543e+00 2.120411887708011367e+00 -9.408362710563962505e-02
9.479999999999842331e+00 1.229189287836429223e+00 -2.236857858060361248e-01 5.469261889965839618e-01 2.720522191192852546e+00 2.120786282920267052e+00 -9.318843499669265951e-02
9.479999999999842331e+00 1.229189287836429223e+00 -2.236857858060361248e-01 5.469261889965839618e-01 2.720522191192852546e+00 2.120786282920267052e+00 -9.318843499669265951e-02
9.489999999999842117e+00 1.229409877900000891e+00 -2.240904180051226102e-01 5.452380676080346156e-01 2.721430479663003776e+00 2.121160970111713340e+00 -9.227895725530858850e-02
9.489999999999842117e+00 1.229409877900000891e+00 -2.240904180051226102e-01 5.452380676080346156e-01 2.721430479663003776e+00 2.121160970111713340e+00 -9.227895725530858850e-02
9.499999999999841904e+00 1.229628862630730124e+00 -2.244914218979932874e-01 5.435643692764462465e-01 2.722334262425397000e+00 2.121535977878705292e+00 -9.135527976897951652e-02
9.499999999999841904e+00 1.229628862630730124e+00 -2.244914218979932874e-01 5.435643692764462465e-01 2.722334262425397000e+00 2.121535977878705292e+00 -9.135527976897951652e-02
9.509999999999841691e+00 1.229846257127372056e+00 -2.248888257993738871e-01 5.419052754603010946e-01 2.723233449078098278e+00 2.121911334446719533e+00 -9.041748981665702345e-02
9.509999999999841691e+00 1.229846257127372056e+00 -2.248888257993738871e-01 5.419052754603010946e-01 2.723233449078098278e+00 2.121911334446719533e+00 -9.041748981665702345e-02
9.519999999999841478e+00 1.230062076148735972e+00 -2.252826590810607099e-01 5.402609682453530793e-01 2.724127948449904579e+00 2.122287067665215687e+00 -8.946567605988269001e-02
9.519999999999841478e+00 1.230062076148735972e+00 -2.252826590810607099e-01 5.402609682453530793e-01 2.724127948449904579e+00 2.122287067665215687e+00 -8.946567605988269001e-02
9.529999999999841265e+00 1.230276334114257519e+00 -2.256729521420106910e-01 5.386316302610670848e-01 2.725017668667493620e+00 2.122663205003818998e+00 -8.849992853379959334e-02
9.529999999999841265e+00 1.230276334114257519e+00 -2.256729521420106910e-01 5.386316302610670848e-01 2.725017668667493620e+00 2.122663205003818998e+00 -8.849992853379959334e-02
9.539999999999841052e+00 1.230489045104457224e+00 -2.260597363793613312e-01 5.370174446004282176e-01 2.725902517217955623e+00 2.123039773549737053e+00 -8.752033863804162261e-02
9.539999999999841052e+00 1.230489045104457224e+00 -2.260597363793613312e-01 5.370174446004282176e-01 2.725902517217955623e+00 2.123039773549737053e+00 -8.752033863804162261e-02
9.549999999999840838e+00 1.230700222861297322e+00 -2.264430441602408306e-01 5.354185947426522985e-01 2.726782401007290080e+00 2.123416800006337368e+00 -8.652699912749831079e-02
9.549999999999840838e+00 1.230700222861297322e+00 -2.264430441602408306e-01 5.354185947426522985e-01 2.726782401007290080e+00 2.123416800006337368e+00 -8.652699912749831079e-02
9.559999999999840625e+00 1.230909880788449096e+00 -2.268229087942442712e-01 5.338352644783809220e-01 2.727657226415395098e+00 2.123794310692803666e+00 -8.552000410295367006e-02
9.559999999999840625e+00 1.230909880788449096e+00 -2.268229087942442712e-01 5.338352644783809220e-01 2.727657226415395098e+00 2.123794310692803666e+00 -8.552000410295367006e-02
9.569999999999840412e+00 1.231118031951477176e+00 -2.271993645064660783e-01 5.322676378369929351e-01 2.728526899348006740e+00 2.124172331544808223e+00 -8.449944900159810091e-02
9.569999999999840412e+00 1.231118031951477176e+00 -2.271993645064660783e-01 5.322676378369929351e-01 2.728526899348006740e+00 2.124172331544808223e+00 -8.449944900159810091e-02
9.579999999999840199e+00 1.231324689077953893e+00 -2.275724464109914469e-01 5.307158990157062606e-01 2.729391325285999592e+00 2.124550888116131020e+00 -8.346543058741297261e-02
9.579999999999840199e+00 1.231324689077953893e+00 -2.275724464109914469e-01 5.307158990157062606e-01 2.729391325285999592e+00 2.124550888116131020e+00 -8.346543058741297261e-02
9.589999999999839986e+00 1.231529864557507237e+00 -2.279421904847607483e-01 5.291802323101814087e-01 2.730250409332407369e+00 2.124930005581164849e+00 -8.241804694142815246e-02
9.589999999999839986e+00 1.231529864557507237e+00 -2.279421904847607483e-01 5.291802323101814087e-01 2.730250409332407369e+00 2.124930005581164849e+00 -8.241804694142815246e-02
9.599999999999839773e+00 1.231733570441814196e+00 -2.283086335417309765e-01 5.276608220463737675e-01 2.731104056257482426e+00 2.125309708738249981e+00 -8.135739745185287253e-02
9.599999999999839773e+00 1.231733570441814196e+00 -2.283086335417309765e-01 5.276608220463737675e-01 2.731104056257482426e+00 2.125309708738249981e+00 -8.135739745185287253e-02
9.609999999999839559e+00 1.231935818444543029e+00 -2.286718132072680931e-01 5.261578525134110729e-01 2.731952170542070846e+00 2.125690022013783764e+00 -8.028358280408103009e-02
9.609999999999839559e+00 1.231935818444543029e+00 -2.286718132072680931e-01 5.261578525134110729e-01 2.731952170542070846e+00 2.125690022013783764e+00 -8.028358280408103009e-02
9.619999999999839346e+00 1.232136619941252009e+00 -2.290317678927113465e-01 5.246715078973003266e-01 2.732794656419553991e+00 2.126070969467052763e+00 -7.919670497057203218e-02
9.619999999999839346e+00 1.232136619941252009e+00 -2.290317678927113465e-01 5.246715078973003266e-01 2.732794656419553991e+00 2.126070969467052763e+00 -7.919670497057203218e-02
9.629999999999839133e+00 1.232335985969249981e+00 -2.293885367700592148e-01 5.232019722152940755e-01 2.733631417916565720e+00 2.126452574795740347e+00 -7.809686720060872445e-02
9.629999999999839133e+00 1.232335985969249981e+00 -2.293885367700592148e-01 5.232019722152940755e-01 2.733631417916565720e+00 2.126452574795740347e+00 -7.809686720060872445e-02
9.639999999999838920e+00 1.232533927227424719e+00 -2.297421597467324828e-01 5.217494292507666165e-01 2.734462358892676193e+00 2.126834861342064453e+00 -7.698417400993419479e-02
9.639999999999838920e+00 1.232533927227424719e+00 -2.297421597467324828e-01 5.217494292507666165e-01 2.734462358892676193e+00 2.126834861342064453e+00 -7.698417400993419479e-02
9.649999999999838707e+00 1.232730454076042870e+00 -2.300926774403763142e-01 5.203140624884730059e-01 2.735287383079206158e+00 2.127217852099500206e+00 -7.585873117026940837e-02
9.649999999999838707e+00 1.232730454076042870e+00 -2.300926774403763142e-01 5.203140624884730059e-01 2.735287383079206158e+00 2.127217852099500206e+00 -7.585873117026940837e-02
9.659999999999838494e+00 1.232925576536526568e+00 -2.304401311536688757e-01 5.188960550500788527e-01 2.736106394117312046e+00 2.127601569720052321e+00 -7.472064569871370021e-02
9.659999999999838494e+00 1.232925576536526568e+00 -2.304401311536688757e-01 5.188960550500788527e-01 2.736106394117312046e+00 2.127601569720052321e+00 -7.472064569871370021e-02
9.669999999999838280e+00 1.233119304291209861e+00 -2.307845628491085044e-01 5.174955896298680802e-01 2.736919295595464430e+00 2.127986036522031554e+00 -7.357002584703060954e-02
9.669999999999838280e+00 1.233119304291209861e+00 -2.307845628491085044e-01 5.174955896298680802e-01 2.736919295595464430e+00 2.127986036522031554e+00 -7.357002584703060954e-02
9.679999999999838067e+00 1.233311646683080465e+00 -2.311260151237564675e-01 5.161128484305480546e-01 2.737725991086428223e+00 2.128371274498304100e+00 -7.240698109082122080e-02
9.679999999999838067e+00 1.233311646683080465e+00 -2.311260151237564675e-01 5.161128484305480546e-01 2.737725991086428223e+00 2.128371274498304100e+00 -7.240698109082122080e-02
9.689999999999837854e+00 1.233502612715508651e+00 -2.314645311839158559e-01 5.147480130990865765e-01 2.738526384183828544e+00 2.128757305324977533e+00 -7.123162211858775905e-02
9.689999999999837854e+00 1.233502612715508651e+00 -2.314645311839158559e-01 5.147480130990865765e-01 2.738526384183828544e+00 2.128757305324977533e+00 -7.123162211858775905e-02
9.699999999999837641e+00 1.233692211051966581e+00 -2.318001548197313189e-01 5.134012646625265575e-01 2.739320378538385281e+00 2.129144150370490429e+00 -7.004406082068996564e-02
9.699999999999837641e+00 1.233692211051966581e+00 -2.318001548197313189e-01 5.134012646625265575e-01 2.739320378538385281e+00 2.129144150370490429e+00 -7.004406082068996564e-02
9.709999999999837428e+00 1.233880450015742758e+00 -2.321329303796973165e-01 5.120727834637337494e-01 2.740107877893873223e+00 2.129531830705074569e+00 -6.884441027819705738e-02
9.709999999999837428e+00 1.233880450015742758e+00 -2.321329303796973165e-01 5.120727834637337494e-01 2.740107877893873223e+00 2.129531830705074569e+00 -6.884441027819705738e-02
9.719999999999837215e+00 1.234067345630114776e+00 -2.324625720696814890e-01 5.107619129984419803e-01 2.740888600392824781e+00 2.129920346617405258e+00 -6.763936894591732196e-02
9.719999999999837215e+00 1.234067345630114776e+00 -2.324625720696814890e-01 5.107619129984419803e-01 2.740888600392824781e+00 2.129920346617405258e+00 -6.763936894591732196e-02
9.729999999999837001e+00 1.234252907391197196e+00 -2.327891449246357602e-01 5.094688867263759136e-01 2.741662642362932445e+00 2.130309719263598467e+00 -6.642322893117291738e-02
9.729999999999837001e+00 1.234252907391197196e+00 -2.327891449246357602e-01 5.094688867263759136e-01 2.741662642362932445e+00 2.130309719263598467e+00 -6.642322893117291738e-02
9.739999999999836788e+00 1.234437141948663941e+00 -2.331127152384889212e-01 5.081939417121889013e-01 2.742429888259328763e+00 2.130699972118327956e+00 -6.519549322170492545e-02
9.739999999999836788e+00 1.234437141948663941e+00 -2.331127152384889212e-01 5.081939417121889013e-01 2.742429888259328763e+00 2.130699972118327956e+00 -6.519549322170492545e-02
9.749999999999836575e+00 1.234620055420449170e+00 -2.334333483189955094e-01 5.069373095733094026e-01 2.743190206584075419e+00 2.131091128507280885e+00 -6.395620934974452498e-02
9.749999999999836575e+00 1.234620055420449170e+00 -2.334333483189955094e-01 5.069373095733094026e-01 2.743190206584075419e+00 2.131091128507280885e+00 -6.395620934974452498e-02
9.759999999999836362e+00 1.234801653627456863e+00 -2.337511083993674965e-01 5.056992160396990288e-01 2.743943469656240364e+00 2.131483211373895070e+00 -6.270548274207300710e-02
9.759999999999836362e+00 1.234801653627456863e+00 -2.337511083993674965e-01 5.056992160396990288e-01 2.743943469656240364e+00 2.131483211373895070e+00 -6.270548274207300710e-02
9.769999999999836149e+00 1.234981942110913167e+00 -2.340660587558532624e-01 5.044798813486429667e-01 2.744689555079198762e+00 2.131876243279335448e+00 -6.144342597861349176e-02
9.769999999999836149e+00 1.234981942110913167e+00 -2.340660587558532624e-01 5.044798813486429667e-01 2.744689555079198762e+00 2.131876243279335448e+00 -6.144342597861349176e-02
9.779999999999835936e+00 1.235160926127758074e+00 -2.343782618293185349e-01 5.032795206688502887e-01 2.745428345370191536e+00 2.132270246425286953e+00 -6.017015349772362326e-02
9.779999999999835936e+00 1.235160926127758074e+00 -2.343782618293185349e-01 5.032795206688502887e-01 2.745428345370191536e+00 2.132270246425286953e+00 -6.017015349772362326e-02
9.789999999999835723e+00 1.235338610644481694e+00 -2.346877793316955452e-01 5.020983444762646686e-01 2.746159727461834343e+00 2.132665242677625361e+00 -5.888578103741658881e-02
9.789999999999835723e+00 1.235338610644481694e+00 -2.346877793316955452e-01 5.020983444762646686e-01 2.746159727461834343e+00 2.132665242677625361e+00 -5.888578103741658881e-02
9.799999999999835509e+00 1.235515000331457891e+00 -2.349946723370739676e-01 5.009365588793556201e-01 2.746883592246637917e+00 2.133061253588844686e+00 -5.759042556929617335e-02
9.799999999999835509e+00 1.235515000331457891e+00 -2.349946723370739676e-01 5.009365588793556201e-01 2.746883592246637917e+00 2.133061253588844686e+00 -5.759042556929617335e-02
9.809999999999835296e+00 1.235690099557918531e+00 -2.352990013589864038e-01 4.997943658988794891e-01 2.747599834175924460e+00 2.133458300419165621e+00 -5.628420528315388610e-02
9.809999999999835296e+00 1.235690099557918531e+00 -2.352990013589864038e-01 4.997943658988794891e-01 2.747599834175924460e+00 2.133458300419165621e+00 -5.628420528315388610e-02
9.819999999999835083e+00 1.235863912387515695e+00 -2.356008264154521026e-01 4.986719637072666300e-01 2.748308350908607256e+00 2.133856404156464937e+00 -5.496723957625431617e-02
9.819999999999835083e+00 1.235863912387515695e+00 -2.356008264154521026e-01 4.986719637072666300e-01 2.748308350908607256e+00 2.133856404156464937e+00 -5.496723957625431617e-02
9.829999999999834870e+00 1.236036442574406369e+00 -2.359002070831873743e-01 4.975695468322912096e-01 2.749009043004289943e+00 2.134255585535154154e+00 -5.363964904258623767e-02
9.829999999999834870e+00 1.236036442574406369e+00 -2.359002070831873743e-01 4.975695468322912096e-01 2.749009043004289943e+00 2.134255585535154154e+00 -5.363964904258623767e-02
9.839999999999834657e+00 1.236207693559804532e+00 -2.361972025422364452e-01 4.964873063291650457e-01 2.749701813655609062e+00 2.134655865054134960e+00 -5.230155546164574204e-02
9.839999999999834657e+00 1.236207693559804532e+00 -2.361972025422364452e-01 4.964873063291650457e-01 2.749701813655609062e+00 2.134655865054134960e+00 -5.230155546164574204e-02
9.849999999999834444e+00 1.236377668468945812e+00 -2.364918716121370834e-01 4.954254299247355942e-01 2.750386568455299940e+00 2.135057262993930394e+00 -5.095308178675840571e-02
9.849999999999834444e+00 1.236377668468945812e+00 -2.364918716121370834e-01 4.954254299247355942e-01 2.750386568455299940e+00 2.135057262993930394e+00 -5.095308178675840571e-02
9.859999999999834230e+00 1.236546370108419390e+00 -2.367842727806115655e-01 4.943841021370550259e-01 2.751063215193978895e+00 2.135459799433089501e+00 -4.959435213298808015e-02
9.859999999999834230e+00 1.236546370108419390e+00 -2.367842727806115655e-01 4.943841021370550259e-01 2.751063215193978895e+00 2.135459799433089501e+00 -4.959435213298808015e-02
9.869999999999834017e+00 1.236713800963828325e+00 -2.370744642256633894e-01 4.933635043732231829e-01 2.751731663685083706e+00 2.135863494263944062e+00 -4.822549176467935683e-02
9.869999999999834017e+00 1.236713800963828325e+00 -2.370744642256633894e-01 4.933635043732231829e-01 2.751731663685083706e+00 2.135863494263944062e+00 -4.822549176467935683e-02
9.879999999999833804e+00 1.236879963197741183e+00 -2.373625038318625258e-01 4.923638150080825726e-01 2.752391825613822451e+00 2.136268367207788899e+00 -4.684662708267675613e-02
9.879999999999833804e+00 1.236879963197741183e+00 -2.373625038318625258e-01 4.923638150080825726e-01 2.752391825613822451e+00 2.136268367207788899e+00 -4.684662708267675613e-02
9.889999999999833591e+00 1.237044858647903478e+00 -2.376484492015153716e-01 4.913852094460560704e-01 2.753043614407330253e+00 2.136674437829546136e+00 -4.545788561125959498e-02
9.889999999999833591e+00 1.237044858647903478e+00 -2.376484492015153716e-01 4.913852094460560704e-01 2.753043614407330253e+00 2.136674437829546136e+00 -4.545788561125959498e-02
9.899999999999833378e+00 1.237208488825680686e+00 -2.379323576613384394e-01 4.904278601681628658e-01 2.753686945123555940e+00 2.137081725551966294e+00 -4.405939598482792180e-02
9.899999999999833378e+00 1.237208488825680686e+00 -2.379323576613384394e-01 4.904278601681628658e-01 2.753686945123555940e+00 2.137081725551966294e+00 -4.405939598482792180e-02
9.909999999999833165e+00 1.237370854914710439e+00 -2.382142862651867865e-01 4.894919367660219289e-01 2.754321734356675933e+00 2.137490249669410147e+00 -4.265128793437161780e-02
9.909999999999833165e+00 1.237370854914710439e+00 -2.382142862651867865e-01 4.894919367660219289e-01 2.754321734356675933e+00 2.137490249669410147e+00 -4.265128793437161780e-02
9.919999999999832951e+00 1.237531957769739455e+00 -2.384942917933273732e-01 4.885776059644520997e-01 2.754947900157083573e+00 2.137900029361255783e+00 -4.123369227375217605e-02
9.919999999999832951e+00 1.237531957769739455e+00 -2.384942917933273732e-01 4.885776059644520997e-01 2.754947900157083573e+00 2.137900029361255783e+00 -4.123369227375217605e-02
9.929999999999832738e+00 1.237691797915628555e+00 -2.387724307486940589e-01 4.876850316340996527e-01 2.755565361964219306e+00 2.138311083704957483e+00 -3.980674088582400461e-02
9.929999999999832738e+00 1.237691797915628555e+00 -2.387724307486940589e-01 4.876850316340996527e-01 2.755565361964219306e+00 2.138311083704957483e+00 -3.980674088582400461e-02
9.939999999999832525e+00 1.237850375546506454e+00 -2.390487593505130626e-01 4.868143747953660450e-01 2.756174040550708249e+00 2.138723431688788867e+00 -3.837056670841997030e-02
9.939999999999832525e+00 1.237850375546506454e+00 -2.390487593505130626e-01 4.868143747953660450e-01 2.756174040550708249e+00 2.138723431688788867e+00 -3.837056670841997030e-02
9.949999999999832312e+00 1.238007690525060545e+00 -2.393233335256457206e-01 4.859657936147699919e-01 2.756773857976433817e+00 2.139137092224293379e+00 -3.692530372022407442e-02
9.949999999999832312e+00 1.238007690525060545e+00 -2.393233335256457206e-01 4.859657936147699919e-01 2.756773857976433817e+00 2.139137092224293379e+00 -3.692530372022407442e-02
9.959999999999832099e+00 1.238163742381949595e+00 -2.395962088979575189e-01 4.851394433947527896e-01 2.757364737551338596e+00 2.139552084158461209e+00 -3.547108692655237538e-02
9.959999999999832099e+00 1.238163742381949595e+00 -2.395962088979575189e-01 4.851394433947527896e-01 2.757364737551338596e+00 2.139552084158461209e+00 -3.547108692655237538e-02
9.969999999999831886e+00 1.238318530315326793e+00 -2.398674407759894822e-01 4.843354765578269383e-01 2.757946603805875085e+00 2.139968426285650427e+00 -3.400805234506183022e-02
9.969999999999831886e+00 1.238318530315326793e+00 -2.398674407759894822e-01 4.843354765578269383e-01 2.757946603805875085e+00 2.139968426285650427e+00 -3.400805234506183022e-02
9.979999999999831672e+00 1.238472053190464495e+00 -2.401370841391783917e-01 4.835540426258697622e-01 2.758519382468149317e+00 2.140386137359264751e+00 -3.253633699140536656e-02
9.979999999999831672e+00 1.238472053190464495e+00 -2.401370841391783917e-01 4.835540426258697622e-01 2.758519382468149317e+00 2.140386137359264751e+00 -3.253633699140536656e-02
9.989999999999831459e+00 1.238624309539471113e+00 -2.404051936228459585e-01 4.827952881952782827e-01 2.759083000446905576e+00 2.140805236103197284e+00 -3.105607886485047681e-02
9.989999999999831459e+00 1.238624309539471113e+00 -2.404051936228459585e-01 4.827952881952782827e-01 2.759083000446905576e+00 2.140805236103197284e+00 -3.105607886485047681e-02
9.999999999999831246e+00 1.238775297561092170e+00 -2.406718235021543528e-01 4.820593569086245589e-01 2.759637385819597721e+00 2.141225741223053092e+00 -2.956741693387749531e-02
9.999999999999831246e+00 1.238775297561092170e+00 -2.406718235021543528e-01 4.820593569086245589e-01 2.759637385819597721e+00 2.141225741223053092e+00 -2.956741693387749531e-02
1.000999999999983103e+01 1.238925015120588391e+00 -2.409370276752044182e-01 4.813463894233828144e-01 2.760182467824872532e+00 2.141647671417150178e+00 -2.807049112177289335e-02
